analysis_label,phase,phase3_config_fingerprint,run_fingerprint,target,target_label,target_definition,gp_configuration,gp_configuration_label,kernel_family,matern_nu,learned_nugget,fold_index,heldout_simulation_id,heldout_numeric_simulation_id,observed_target_um,predicted_mean_um,residual_um,absolute_error_um,squared_error_um2,latent_predictive_std_um,latent_predictive_variance_um2,total_predictive_std_um,total_predictive_variance_um2,evaluation_predictive_std_um,evaluation_variance_definition,latent_nlpd,total_nlpd,evaluation_nlpd,latent_interval_lower_um,latent_interval_upper_um,total_interval_lower_um,total_interval_upper_um,latent_interval_contains_observed,total_interval_contains_observed,optimized_kernel,optimized_signal_variance_normalized,optimized_length_scale,optimized_noise_variance_normalized,optimized_noise_std_normalized,optimized_noise_variance_um2,optimized_noise_std_um,noise_std_fraction_training_target_std,noise_std_fraction_dataset_target_median,dataset_target_median_um_reporting_only,dataset_target_median_used_for_fitting,numerical_alpha_normalized,numerical_alpha_interpretation,training_size,population_size,heldout_excluded_from_training,heldout_target_used_for_scaling,heldout_target_used_for_fitting,heldout_target_used_for_tuning,x_scaler_fit_on_training_only,y_scaler_fit_on_training_only,normalize_y,feature_columns,training_y_mean_um,training_y_std_um,x_training_mean,x_training_scale,outer_training_simulation_ids_sha256,heldout_P,heldout_VX,heldout_LS,heldout_ST,fold_random_seed,optimizer,n_restarts_optimizer,log_marginal_likelihood,runtime_seconds,warning_count,convergence_warning_count,warnings,convergence_status,failed_fold,constant_bound_hit,constant_bound_side,length_scale_bound_hit,length_scale_bound_side,noise_bound_hit,noise_bound_side,any_hyperparameter_bound_hit
week7_phase3_new_data_replication,Phase 3B,F7F71204D643D1027D0FF4736F24213619BF6A09C2361C3C11F169797AC98A9C,3247A2983F95B67C45CAA91EED90A036B3991A23F748BBF512B53F6518CB0876,kinetic_energy,T0 melt kinetic energy,T0,matern52_no_nugget,"Matérn 5/2, no nugget",Matern,2.5,False,0,P-102p928146519_VX-0p633805217924_LS-5p29394366699e-05_ST-318p223787128_M-TI64_XI-0p0002_XF-0p0014_XL-0p0012_TE-0p0021_DT-7p61136145079e-06_H-6c9c68731f,1,0.7339642,1.0310335873875434,-0.2970693873875434,0.2970693873875434,0.08825022092281033,0.5713325293323851,0.3264208590733407,,,0.5713325293323851,latent predictive variance; numerical jitter excluded,0.4943332443663441,,0.4943332443663441,-0.08877817010393141,2.150845344879018,,,True,,"0.9**2 * Matern(length_scale=1.01, nu=2.5)",0.8104028856334005,1.0113358143394895,,,,,,,3.34997725,False,1e-06,numerical jitter only; separate from WhiteKernel nugget,163,164,True,False,False,False,True,True,False,"[""P"",""VX"",""LS"",""ST""]",3.4569468242331287,1.691764361580751,"[278.8536036994908,0.6318311439092702,59.68360619424722,349.82255643849703]","[100.55191361866878,0.22369796013998375,15.365595415297832,30.2745930192761]",ABCE619B2752B5C89F9775F8949628AC1707A623F3B2B0568BD34F2A6D600EAA,102.928146519,0.633805217924,52.939436669900005,318.223787128,818731169,fmin_l_bfgs_b,1,-111.43408908099323,4.9411375999916345,0,0,,completed_without_convergence_warning,False,False,,False,,False,,False
week7_phase3_new_data_replication,Phase 3B,F7F71204D643D1027D0FF4736F24213619BF6A09C2361C3C11F169797AC98A9C,3247A2983F95B67C45CAA91EED90A036B3991A23F748BBF512B53F6518CB0876,kinetic_energy,T0 melt kinetic energy,T0,matern52_no_nugget,"Matérn 5/2, no nugget",Matern,2.5,False,1,P-109p741517589_VX-0p915030812968_LS-7p99759662409e-05_ST-303p804431165_M-TI64_XI-0p0002_XF-0p0014_XL-0p0012_TE-0p0021_DT-5p27208541466e-06_H-0e4c2fc094,2,0.8855108,1.7694862338004937,-0.8839754338004937,0.8839754338004937,0.781412567562771,1.1498863529198045,1.322238624631209,,,1.1498863529198045,latent predictive variance; numerical jitter excluded,1.354090128957383,,1.354090128957383,-0.484291017922323,4.0232634855233105,,,True,,"0.897**2 * Matern(length_scale=1.01, nu=2.5)",0.8050593817951717,1.0134059802596576,,,,,,,3.34997725,False,1e-06,numerical jitter only; separate from WhiteKernel nugget,163,164,True,False,False,False,True,True,False,"[""P"",""VX"",""LS"",""ST""]",3.4560170904907976,1.6932182937747282,"[278.8118038769755,0.6301058335102273,59.51773791467053,349.91101874501845]","[100.62359610559422,0.222588830470799,15.291396114388638,30.160851900819917]",2F871AA394D2A91F84AAF9C9F7D88B47626EBEC88F4EC8C6E38103DD0316F466,109.741517589,0.915030812968,79.97596624090001,303.804431165,2030402229,fmin_l_bfgs_b,1,-110.38166223080911,2.813849499973003,0,0,,completed_without_convergence_warning,False,False,,False,,False,,False
week7_phase3_new_data_replication,Phase 3B,F7F71204D643D1027D0FF4736F24213619BF6A09C2361C3C11F169797AC98A9C,3247A2983F95B67C45CAA91EED90A036B3991A23F748BBF512B53F6518CB0876,kinetic_energy,T0 melt kinetic energy,T0,matern52_no_nugget,"Matérn 5/2, no nugget",Matern,2.5,False,2,P-111p098510779_VX-0p492021331775_LS-4p80108469254e-05_ST-345p911753718_M-TI64_XI-0p0002_XF-0p0014_XL-0p0012_TE-0p0021_DT-9p80469807196e-06_H-0602c4a780,3,0.9327958,1.5004212475128624,-0.5676254475128625,0.5676254475128625,0.3221986486641774,0.8990657856581427,0.8083192869410933,,,0.8990657856581427,latent predictive variance; numerical jitter excluded,1.0118410589540152,,1.0118410589540152,-0.26174769237709716,3.262590187402822,,,True,,"0.9**2 * Matern(length_scale=1.01, nu=2.5)",0.8092317579950022,1.0119792209517713,,,,,,,3.34997725,False,1e-06,numerical jitter only; separate from WhiteKernel nugget,163,164,True,False,False,False,True,True,False,"[""P"",""VX"",""LS"",""ST""]",3.455726998466258,1.6936545562677296,"[278.8034787653804,0.6327009837015954,59.713842941146,349.6526916127915]","[100.63752672237159,0.22342812208785306,15.347434319494127,30.373573311148494]",0954D0D9A40FF6ADAE76962C730E6757B9322D3483048452A83B5DF57C7B0F34,111.098510779,0.492021331775,48.0108469254,345.911753718,901118477,fmin_l_bfgs_b,1,-110.6712573962053,3.165380999969784,0,0,,completed_without_convergence_warning,False,False,,False,,False,,False
week7_phase3_new_data_replication,Phase 3B,F7F71204D643D1027D0FF4736F24213619BF6A09C2361C3C11F169797AC98A9C,3247A2983F95B67C45CAA91EED90A036B3991A23F748BBF512B53F6518CB0876,kinetic_energy,T0 melt kinetic energy,T0,matern52_no_nugget,"Matérn 5/2, no nugget",Matern,2.5,False,3,P-113p729503671_VX-0p646987288946_LS-8p28088886776e-05_ST-328p878079062_M-TI64_XI-0p0002_XF-0p0014_XL-0p0012_TE-0p0021_DT-7p45628343159e-06_H-0e4c2fc094,4,0.90792385,1.2109711243150065,-0.30304727431500655,0.30304727431500655,0.09183765046975483,0.8306191844934425,0.6899282296485515,,,0.8306191844934425,latent predictive variance; numerical jitter excluded,0.7999106271995199,,0.7999106271995199,-0.41704247729214083,2.838984725922154,,,True,,"0.9**2 * Matern(length_scale=1.01, nu=2.5)",0.8098870753458578,1.0117336909668286,,,,,,,3.34997725,False,1e-06,numerical jitter only; separate from WhiteKernel nugget,163,164,True,False,False,False,True,True,False,"[""P"",""VX"",""LS"",""ST""]",3.4558795871165646,1.6934261118138818,"[278.7873377046933,0.6317502723079084,59.50035802242083,349.7571926843007]","[100.66420878036979,0.22369484902949263,15.266503645953938,30.331190776551512]",12CE6DA62E6BE7799359E018BA5CBDD1645EBA7872C349A958C44FD314635E1E,113.729503671,0.646987288946,82.8088886776,328.878079062,1179290881,fmin_l_bfgs_b,1,-111.02451652319935,4.612246399978176,0,0,,completed_without_convergence_warning,False,False,,False,,False,,False
week7_phase3_new_data_replication,Phase 3B,F7F71204D643D1027D0FF4736F24213619BF6A09C2361C3C11F169797AC98A9C,3247A2983F95B67C45CAA91EED90A036B3991A23F748BBF512B53F6518CB0876,kinetic_energy,T0 melt kinetic energy,T0,matern52_no_nugget,"Matérn 5/2, no nugget",Matern,2.5,False,4,P-115p973342836_VX-0p629021136955_LS-5p81694798744e-05_ST-308p264473639_M-TI64_XI-0p0002_XF-0p0014_XL-0p0012_TE-0p0021_DT-7p66925039494e-06_H-27614c4053,5,0.9256427,0.8348778137810315,0.0907648862189685,0.0907648862189685,0.008238264570342298,0.6378181774733467,0.40681202751542156,,,0.6378181774733467,latent predictive variance; numerical jitter excluded,0.4793619032114328,,0.4793619032114328,-0.4152458140667279,2.085001441628791,,,True,,"0.902**2 * Matern(length_scale=1.01, nu=2.5)",0.8133587295604846,1.0134828596218792,,,,,,,3.34997725,False,1e-06,numerical jitter only; separate from WhiteKernel nugget,163,164,True,False,False,False,True,True,False,"[""P"",""VX"",""LS"",""ST""]",3.4557708825153375,1.6935890904409374,"[278.7735718202454,0.6318604940992641,59.65152003961839,349.8836565212516]","[100.6866236676386,0.22369790337543521,15.374181926292225,30.200618529174243]",0D79ED1E2F24E3F014E8B59C1F110BEEFC02F647CC7B3B167FCF8F3B2120C900,115.973342836,0.629021136955,58.1694798744,308.264473639,279004366,fmin_l_bfgs_b,1,-111.28362969170882,4.835987300029956,0,0,,completed_without_convergence_warning,False,False,,False,,False,,False
week7_phase3_new_data_replication,Phase 3B,F7F71204D643D1027D0FF4736F24213619BF6A09C2361C3C11F169797AC98A9C,3247A2983F95B67C45CAA91EED90A036B3991A23F748BBF512B53F6518CB0876,kinetic_energy,T0 melt kinetic energy,T0,matern52_no_nugget,"Matérn 5/2, no nugget",Matern,2.5,False,5,P-117p204089079_VX-0p299188895548_LS-6p61946140465e-05_ST-399p004242061_M-TI64_XI-0p0002_XF-0p0014_XL-0p0012_TE-0p0021_DT-1p61239961603e-05_H-0e4c2fc094,6,1.295771,2.098232886484378,-0.8024618864843778,0.8024618864843778,0.6439450792600664,1.1050357507353623,1.2211040104032658,,,1.1050357507353623,latent predictive variance; numerical jitter excluded,1.2824895340033395,,1.2824895340033395,-0.06763718495693238,4.264102957925688,,,True,,"0.898**2 * Matern(length_scale=1.02, nu=2.5)",0.8059895532549243,1.0161441912082072,,,,,,,3.34997725,False,1e-06,numerical jitter only; separate from WhiteKernel nugget,163,164,True,False,False,False,True,True,False,"[""P"",""VX"",""LS"",""ST""]",3.4535001567484667,1.696728866293093,"[278.76602122979756,0.6338840047827426,59.60228608764232,349.32697082541114]","[100.69878505435994,0.22216603560356696,15.36599720938783,30.12625992423521]",4821636F9E4A14B3F13E43818856D6258B028BCF5AFEBB64FF277AA2D54FD137,117.204089079,0.299188895548,66.1946140465,399.004242061,3426199749,fmin_l_bfgs_b,1,-110.00036866721143,2.7824672000133432,0,0,,completed_without_convergence_warning,False,False,,False,,False,,False
week7_phase3_new_data_replication,Phase 3B,F7F71204D643D1027D0FF4736F24213619BF6A09C2361C3C11F169797AC98A9C,3247A2983F95B67C45CAA91EED90A036B3991A23F748BBF512B53F6518CB0876,kinetic_energy,T0 melt kinetic energy,T0,matern52_no_nugget,"Matérn 5/2, no nugget",Matern,2.5,False,6,P-118p239150472_VX-0p728951155133_LS-5p59862781201e-05_ST-395p421202378_M-TI64_XI-0p0002_XF-0p0014_XL-0p0012_TE-0p0021_DT-6p61789280262e-06_H-44aa3a8888,7,0.9721797,1.1912344160630846,-0.21905471606308458,0.21905471606308458,0.047984968629478604,0.9211161475320081,0.8484549572442082,,,0.9211161475320081,latent predictive variance; numerical jitter excluded,0.8650472454808694,,0.8650472454808694,-0.6141532330996513,2.9966220652258206,,,True,,"0.902**2 * Matern(length_scale=1.01, nu=2.5)",0.8130750532406843,1.014156100335548,,,,,,,3.34997725,False,1e-06,numerical jitter only; separate from WhiteKernel nugget,163,164,True,False,False,False,True,True,False,"[""P"",""VX"",""LS"",""ST""]",3.4554853794478526,1.6940116168452872,"[278.75967115990187,0.6312474265030801,59.66491391541164,349.3489526639571]","[100.70893980929347,0.2235678726972534,15.371933790187422,30.161171852780413]",ABF454F590E6D15D6712E4CE960DB40CAA5D290CA7DD63E3614AA23774C98CB4,118.239150472,0.728951155133,55.9862781201,395.421202378,1372529870,fmin_l_bfgs_b,1,-110.85395541302405,3.8033546999795362,0,0,,completed_without_convergence_warning,False,False,,False,,False,,False
week7_phase3_new_data_replication,Phase 3B,F7F71204D643D1027D0FF4736F24213619BF6A09C2361C3C11F169797AC98A9C,3247A2983F95B67C45CAA91EED90A036B3991A23F748BBF512B53F6518CB0876,kinetic_energy,T0 melt kinetic energy,T0,matern52_no_nugget,"Matérn 5/2, no nugget",Matern,2.5,False,7,P-119p523515535_VX-0p859779155666_LS-6p70931710444e-05_ST-392p874711106_M-TI64_XI-0p0002_XF-0p0014_XL-0p0012_TE-0p0021_DT-5p61088341259e-06_H-2934a8b202,8,1.009012,1.3661486624550205,-0.3571366624550205,0.3571366624550205,0.12754659566951126,0.9013615435202259,0.8124526321371641,,,0.9013615435202259,latent predictive variance; numerical jitter excluded,0.8935844893919568,,0.8935844893919568,-0.4005199628446221,3.132817287754663,,,True,,"0.9**2 * Matern(length_scale=1.01, nu=2.5)",0.8107908408504002,1.0144213351370899,,,,,,,3.34997725,False,1e-06,numerical jitter only; separate from WhiteKernel nugget,163,164,True,False,False,False,True,True,False,"[""P"",""VX"",""LS"",""ST""]",3.4552594144171778,1.694340362684798,"[278.751791619638,0.630444800732939,59.5967734680233,349.36457530979766]","[100.72144772108055,0.22298005406020086,15.363469805161918,30.18436352509899]",FA812E66FFF7E6B3009E0DEFC168D3645D7857EA81B75C8E16EBD6111DB26686,119.523515535,0.859779155666,67.0931710444,392.874711106,4162456778,fmin_l_bfgs_b,1,-110.71083978752006,4.34314589999849,0,0,,completed_without_convergence_warning,False,False,,False,,False,,False
week7_phase3_new_data_replication,Phase 3B,F7F71204D643D1027D0FF4736F24213619BF6A09C2361C3C11F169797AC98A9C,3247A2983F95B67C45CAA91EED90A036B3991A23F748BBF512B53F6518CB0876,kinetic_energy,T0 melt kinetic energy,T0,matern52_no_nugget,"Matérn 5/2, no nugget",Matern,2.5,False,8,P-120p079917874_VX-0p610410046914_LS-8p29242579558e-05_ST-398p6729924_M-TI64_XI-0p0002_XF-0p0014_XL-0p0012_TE-0p0021_DT-7p90308191584e-06_H-a88ac79600,9,1.0267275,1.7147915105324705,-0.6880640105324705,0.6880640105324705,0.4734320825900276,1.106667271659608,1.2247124501625206,,,1.106667271659608,latent predictive variance; numerical jitter excluded,1.2135745290654152,,1.2135745290654152,-0.45427634192036104,3.883859362985302,,,True,,"0.899**2 * Matern(length_scale=1.01, nu=2.5)",0.8080860843359964,1.0131709419797037,,,,,,,3.34997725,False,1e-06,numerical jitter only; separate from WhiteKernel nugget,163,164,True,False,False,False,True,True,False,"[""P"",""VX"",""LS"",""ST""]",3.4551507303680986,1.6944966991901926,"[278.7483781083559,0.6319746725657733,59.49965023543802,349.3290030319203]","[100.72683443415846,0.22369167522559522,15.265420284581628,30.129599543852706]",72E3C4CE0B7E38CAD9CC150A32FC73796A8A72E79A3B2CB3BB66CDE18A7B699F,120.079917874,0.610410046914,82.9242579558,398.6729924,1292094162,fmin_l_bfgs_b,1,-110.57641468252328,1.8710009999922477,0,0,,completed_without_convergence_warning,False,False,,False,,False,,False
week7_phase3_new_data_replication,Phase 3B,F7F71204D643D1027D0FF4736F24213619BF6A09C2361C3C11F169797AC98A9C,3247A2983F95B67C45CAA91EED90A036B3991A23F748BBF512B53F6518CB0876,kinetic_energy,T0 melt kinetic energy,T0,matern52_no_nugget,"Matérn 5/2, no nugget",Matern,2.5,False,9,P-120p906267006_VX-0p64748664338_LS-6p03748750968e-05_ST-359p518818343_M-TI64_XI-0p0002_XF-0p0014_XL-0p0012_TE-0p0021_DT-7p45053299916e-06_H-c5f6eebf67,10,1.0083125000000002,1.1023078194298135,-0.09399531942981332,0.09399531942981332,0.00883512007471264,0.6506901238638266,0.42339763729392205,,,0.6506901238638266,latent predictive variance; numerical jitter excluded,0.4996503792343755,,0.4996503792343755,-0.17304482334328664,2.377660462202914,,,True,,"0.9**2 * Matern(length_scale=1.01, nu=2.5)",0.8093407256088683,1.0103787326304794,,,,,,,3.34997725,False,1e-06,numerical jitter only; separate from WhiteKernel nugget,163,164,True,False,False,False,True,True,False,"[""P"",""VX"",""LS"",""ST""]",3.455263705828221,1.6943341659472781,"[278.74330848177914,0.6317472087837733,59.63799000757913,349.56921268871173]","[100.73479905092135,0.22369463691653743,15.374509809251899,30.365040141306924]",77D90478454CB0DBA3B2542F2253331C6799109B46B89BDC38BD843F508A5D9D,120.906267006,0.64748664338,60.3748750968,359.518818343,1290958958,fmin_l_bfgs_b,1,-111.12939657328705,3.762007299985271,0,0,,completed_without_convergence_warning,False,False,,False,,False,,False
week7_phase3_new_data_replication,Phase 3B,F7F71204D643D1027D0FF4736F24213619BF6A09C2361C3C11F169797AC98A9C,3247A2983F95B67C45CAA91EED90A036B3991A23F748BBF512B53F6518CB0876,kinetic_energy,T0 melt kinetic energy,T0,matern52_no_nugget,"Matérn 5/2, no nugget",Matern,2.5,False,10,P-122p181848607_VX-0p882188233955_LS-4p98408399334e-05_ST-370p38962934_M-TI64_XI-0p0002_XF-0p0014_XL-0p0012_TE-0p0021_DT-5p46835745177e-06_H-2afbe2208b,11,1.0085894999999998,1.5863002919929494,-0.5777107919929496,0.5777107919929496,0.3337497591851211,0.9475377429296198,0.8978277742761582,,,0.9475377429296198,latent predictive variance; numerical jitter excluded,1.0509151586320933,,1.0509151586320933,-0.2708736841491053,3.443474268135004,,,True,,"0.899**2 * Matern(length_scale=1.01, nu=2.5)",0.8086094224718252,1.0131386497137629,,,,,,,3.34997725,False,1e-06,numerical jitter only; separate from WhiteKernel nugget,163,164,True,False,False,False,True,True,False,"[""P"",""VX"",""LS"",""ST""]",3.4552620064417177,1.6943366200535082,"[278.73548282778535,0.630307321725031,59.702615990176675,349.50252059670555]","[100.7470101416236,0.22283165733613877,15.355319821804724,30.331157211511236]",ACA97CE0F9DE12B11E4F1762CB6906FE6227AD471CF99F43A44B8E98EB747813,122.181848607,0.882188233955,49.840839933400005,370.38962934,3288815660,fmin_l_bfgs_b,1,-110.48608247222855,1.8609802999999374,0,0,,completed_without_convergence_warning,False,False,,False,,False,,False
week7_phase3_new_data_replication,Phase 3B,F7F71204D643D1027D0FF4736F24213619BF6A09C2361C3C11F169797AC98A9C,3247A2983F95B67C45CAA91EED90A036B3991A23F748BBF512B53F6518CB0876,kinetic_energy,T0 melt kinetic energy,T0,matern52_no_nugget,"Matérn 5/2, no nugget",Matern,2.5,False,11,P-124p08408212_VX-0p537482635976_LS-5p36452858207e-05_ST-384p350705088_M-TI64_XI-0p0002_XF-0p0014_XL-0p0012_TE-0p0021_DT-8p97539805031e-06_H-1d842653b1,12,1.122537,1.3571065155155364,-0.2345695155155365,0.2345695155155365,0.05502285760919352,0.681624216777487,0.46461157289752253,,,0.681624216777487,latent predictive variance; numerical jitter excluded,0.5948755843504443,,0.5948755843504443,0.021123050631661977,2.693089980399411,,,True,,"0.899**2 * Matern(length_scale=1.01, nu=2.5)",0.8085211796913159,1.0116934840262723,,,,,,,3.34997725,False,1e-06,numerical jitter only; separate from WhiteKernel nugget,163,164,True,False,False,False,True,True,False,"[""P"",""VX"",""LS"",""ST""]",3.45456294202454,1.69532215230619,"[278.72381268353377,0.6324220799948408,59.67927583135888,349.41686982524544]","[100.76503224796566,0.22357513452740202,15.36739589307354,30.252239435646082]",26AF099793374393A79073BABA4C99F03E9C921C380B37999481EA6445844A4B,124.08408212,0.537482635976,53.6452858207,384.350705088,196296052,fmin_l_bfgs_b,1,-110.96682035687007,3.911831400007941,0,0,,completed_without_convergence_warning,False,False,,False,,False,,False
week7_phase3_new_data_replication,Phase 3B,F7F71204D643D1027D0FF4736F24213619BF6A09C2361C3C11F169797AC98A9C,3247A2983F95B67C45CAA91EED90A036B3991A23F748BBF512B53F6518CB0876,kinetic_energy,T0 melt kinetic energy,T0,matern52_no_nugget,"Matérn 5/2, no nugget",Matern,2.5,False,12,P-126p384227376_VX-0p205870034079_LS-4p55514058242e-05_ST-348p956388187_M-TI64_XI-0p0002_XF-0p0014_XL-0p0012_TE-0p0021_DT-2p34328450209e-05_H-1d842653b1,13,1.1872195,2.1653190464764616,-0.9780995464764615,0.9780995464764615,0.9566787228174596,1.2342166113053623,1.5232906436220919,,,1.2342166113053623,latent predictive variance; numerical jitter excluded,1.4433921126944238,,1.4433921126944238,-0.2537455116820486,4.584383604634972,,,True,,"0.896**2 * Matern(length_scale=1.02, nu=2.5)",0.8036933093237668,1.0151166080529133,,,,,,,3.34997725,False,1e-06,numerical jitter only; separate from WhiteKernel nugget,163,164,True,False,False,False,True,True,False,"[""P"",""VX"",""LS"",""ST""]",3.454166116871166,1.6958603091325475,"[278.7097013629448,0.6344565131353133,59.72893153685888,349.63401287371784]","[100.78652394216513,0.22118038405596782,15.334707022372086,30.3749319154011]",F37C2741B9BE85E85BC847F7F1AF30FCC0C2E226B302FDEA62BFC72C2290247D,126.384227376,0.205870034079,45.5514058242,348.956388187,267917451,fmin_l_bfgs_b,1,-109.72184640795632,2.2950099000008777,0,0,,completed_without_convergence_warning,False,False,,False,,False,,False
week7_phase3_new_data_replication,Phase 3B,F7F71204D643D1027D0FF4736F24213619BF6A09C2361C3C11F169797AC98A9C,3247A2983F95B67C45CAA91EED90A036B3991A23F748BBF512B53F6518CB0876,kinetic_energy,T0 melt kinetic energy,T0,matern52_no_nugget,"Matérn 5/2, no nugget",Matern,2.5,False,13,P-129p716882801_VX-0p574107735504_LS-5p55330779174e-05_ST-369p509713723_M-TI64_XI-0p0002_XF-0p0014_XL-0p0012_TE-0p0021_DT-8p40281414912e-06_H-0e4c2fc094,14,1.181835,1.0607973846957388,0.12103761530426116,0.12103761530426116,0.014650104318542315,0.4816720379751604,0.23200795216714434,,,0.4816720379751604,latent predictive variance; numerical jitter excluded,0.22001913603621004,,0.22001913603621004,0.11672019026442448,2.004874579127053,,,True,,"0.898**2 * Matern(length_scale=1.01, nu=2.5)",0.8071260616673729,1.0101466354402642,,,,,,,3.34997725,False,1e-06,numerical jitter only; separate from WhiteKernel nugget,163,164,True,False,False,False,True,True,False,"[""P"",""VX"",""LS"",""ST""]",3.4541991506134972,1.695816097832806,"[278.68925562414114,0.6321973861327058,59.66769428475336,349.50791885202466]","[100.81708022662932,0.22365201871935186,15.37122717037041,30.334795640169304]",87876D4213CA8E253FFF846BD00A59A05EC60AE157558205757446AE5846CFF0,129.716882801,0.574107735504,55.5330779174,369.509713723,2408922027,fmin_l_bfgs_b,1,-111.26897034457005,2.2843574000289664,0,0,,completed_without_convergence_warning,False,False,,False,,False,,False
week7_phase3_new_data_replication,Phase 3B,F7F71204D643D1027D0FF4736F24213619BF6A09C2361C3C11F169797AC98A9C,3247A2983F95B67C45CAA91EED90A036B3991A23F748BBF512B53F6518CB0876,kinetic_energy,T0 melt kinetic energy,T0,matern52_no_nugget,"Matérn 5/2, no nugget",Matern,2.5,False,14,P-131p192514944_VX-0p432823544687_LS-6p72236683266e-05_ST-324p578264519_M-TI64_XI-0p0002_XF-0p0014_XL-0p0012_TE-0p0021_DT-1p11456982002e-05_H-dfd65b549a,15,1.291556,1.5052024900314998,-0.21364649003149982,0.21364649003149982,0.04564482270277975,0.9238092443417414,0.8534235199312592,,,0.9238092443417414,latent predictive variance; numerical jitter excluded,0.8664310460234915,,0.8664310460234915,-0.30546362887831324,3.3158686089413125,,,True,,"0.9**2 * Matern(length_scale=1.01, nu=2.5)",0.8108677812976802,1.0140804999993134,,,,,,,3.34997725,False,1e-06,numerical jitter only; separate from WhiteKernel nugget,163,164,True,False,False,False,True,True,False,"[""P"",""VX"",""LS"",""ST""]",3.453526015644172,1.6966959489142026,"[278.68020266620863,0.6330641603094973,59.59597287119999,349.7835719146259]","[100.83038979335248,0.22315087154965613,15.363075738708226,30.311144194291494]",E2399A89B03304E510AFC4752AD306B9254D03D7E4963D3B29795E8153F7FE5B,131.192514944,0.432823544687,67.22366832659999,324.578264519,78926605,fmin_l_bfgs_b,1,-110.48273508548141,1.624927899974864,0,0,,completed_without_convergence_warning,False,False,,False,,False,,False
week7_phase3_new_data_replication,Phase 3B,F7F71204D643D1027D0FF4736F24213619BF6A09C2361C3C11F169797AC98A9C,3247A2983F95B67C45CAA91EED90A036B3991A23F748BBF512B53F6518CB0876,kinetic_energy,T0 melt kinetic energy,T0,matern52_no_nugget,"Matérn 5/2, no nugget",Matern,2.5,False,15,P-132p334528879_VX-0p441351904611_LS-8p05471929698e-05_ST-380p80221881_M-TI64_XI-0p0002_XF-0p0014_XL-0p0012_TE-0p0021_DT-1p09303269174e-05_H-2934a8b202,16,1.246712,1.541052818642222,-0.29434081864222206,0.29434081864222206,0.08663651751897346,0.7260607835522551,0.5271642614125146,,,0.7260607835522551,latent predictive variance; numerical jitter excluded,0.6809892115201762,,0.6809892115201762,0.11797368287980214,2.964131954404642,,,True,,"0.899**2 * Matern(length_scale=1.01, nu=2.5)",0.8086755848029198,1.013606343826673,,,,,,,3.34997725,False,1e-06,numerical jitter only; separate from WhiteKernel nugget,163,164,True,False,False,False,True,True,False,"[""P"",""VX"",""LS"",""ST""]",3.4538011322085893,1.6963416939164626,"[278.6731964457485,0.6330118390829697,59.514233456211024,349.43863967971174]","[100.84059756914154,0.22319681044053674,15.286640931968005,30.276084223929704]",B0F69417CA8D8CA82D2BC12A1C73F16F065F55218FFF18A679D7B4A63586F24B,132.334528879,0.441351904611,80.5471929698,380.80221881,3022090798,fmin_l_bfgs_b,1,-110.78504285076244,2.1271567000076175,0,0,,completed_without_convergence_warning,False,False,,False,,False,,False
week7_phase3_new_data_replication,Phase 3B,F7F71204D643D1027D0FF4736F24213619BF6A09C2361C3C11F169797AC98A9C,3247A2983F95B67C45CAA91EED90A036B3991A23F748BBF512B53F6518CB0876,kinetic_energy,T0 melt kinetic energy,T0,matern52_no_nugget,"Matérn 5/2, no nugget",Matern,2.5,False,16,P-132p644034819_VX-0p797235702485_LS-4p6520297442e-05_ST-303p62522115_M-TI64_XI-0p0002_XF-0p0014_XL-0p0012_TE-0p0021_DT-6p0510594144e-06_H-0e4c2fc094,17,1.040481,1.2630689798730943,-0.2225879798730943,0.2225879798730943,0.049545408783985036,0.5185906296917874,0.2689362412041245,,,0.5185906296917874,latent predictive variance; numerical jitter excluded,0.3544117295076104,,0.3544117295076104,0.24663134567719114,2.2795066140689975,,,True,,"0.899**2 * Matern(length_scale=1.01, nu=2.5)",0.8086490668608113,1.0127310620587187,,,,,,,3.34997725,False,1e-06,numerical jitter only; separate from WhiteKernel nugget,163,164,True,False,False,False,True,True,False,"[""P"",""VX"",""LS"",""ST""]",3.455066353067485,1.6946172734743312,"[278.6712976363006,0.6308285028996936,59.72298741650428,349.91211819296325]","[100.84335012925939,0.22332028882444518,15.340012736610337,30.159167852518934]",5D3B772600D7D410253A0C03F93B30D1D2D19989E7B54788CF36D774FA24B2AA,132.644034819,0.797235702485,46.520297442,303.62522115,1689270556,fmin_l_bfgs_b,1,-111.29142643707586,1.89427109999815,0,0,,completed_without_convergence_warning,False,False,,False,,False,,False
week7_phase3_new_data_replication,Phase 3B,F7F71204D643D1027D0FF4736F24213619BF6A09C2361C3C11F169797AC98A9C,3247A2983F95B67C45CAA91EED90A036B3991A23F748BBF512B53F6518CB0876,kinetic_energy,T0 melt kinetic energy,T0,matern52_no_nugget,"Matérn 5/2, no nugget",Matern,2.5,False,17,P-140p236446589_VX-0p550532928497_LS-7p91865165046e-05_ST-370p758962256_M-TI64_XI-0p0002_XF-0p0014_XL-0p0012_TE-0p0021_DT-8p76263771576e-06_H-a88ac79600,18,1.308378,1.252625507450202,0.05575249254979808,0.05575249254979808,0.0031083404255152908,0.4158622098287825,0.17294137756367833,,,0.4158622098287825,latent predictive variance; numerical jitter excluded,0.05052392130268198,,0.05052392130268198,0.4375355761857882,2.0677154387146155,,,True,,"0.899**2 * Matern(length_scale=1.01, nu=2.5)",0.8078026589309177,1.0114814098950222,,,,,,,3.34997725,False,1e-06,numerical jitter only; separate from WhiteKernel nugget,163,164,True,False,False,False,True,True,False,"[""P"",""VX"",""LS"",""ST""]",3.453422813190184,1.6968269321181708,"[278.62471842298777,0.6323420168505401,59.52258116458649,349.5002547505952]","[100.90901405300924,0.22360677946385749,15.29774874917693,30.329582948922866]",53B5818E8E9D3B81767DDFB08DDC871C327425963529ECF90872E683B23D8423,140.236446589,0.550532928497,79.18651650460001,370.758962256,1577076244,fmin_l_bfgs_b,1,-111.39272204225159,1.843125399958808,0,0,,completed_without_convergence_warning,False,False,,False,,False,,False
week7_phase3_new_data_replication,Phase 3B,F7F71204D643D1027D0FF4736F24213619BF6A09C2361C3C11F169797AC98A9C,3247A2983F95B67C45CAA91EED90A036B3991A23F748BBF512B53F6518CB0876,kinetic_energy,T0 melt kinetic energy,T0,matern52_no_nugget,"Matérn 5/2, no nugget",Matern,2.5,False,18,P-143p707582907_VX-0p952433280409_LS-8p80948922839e-05_ST-329p530804101_M-TI64_XI-0p0002_XF-0p0014_XL-0p0012_TE-0p0021_DT-5p06504833697e-06_H-1605f46060,19,1.290888,1.6358167796240308,-0.3449287796240308,0.3449287796240308,0.1189758630129232,0.8338474659833187,0.6953015965268019,,,0.8338474659833187,latent predictive variance; numerical jitter excluded,0.8227907637767663,,0.8227907637767663,0.0014757462967260881,3.270157812951336,,,True,,"0.9**2 * Matern(length_scale=1.02, nu=2.5)",0.8092625327369056,1.0161337708846752,,,,,,,3.34997725,False,1e-06,numerical jitter only; separate from WhiteKernel nugget,163,164,True,False,False,False,True,True,False,"[""P"",""VX"",""LS"",""ST""]",3.4535301138036814,1.696690726122927,"[278.6034231081534,0.6298763705197917,59.46792855244354,349.75318823620864]","[100.93784616463456,0.222275488615801,15.211242323227816,30.333903849287832]",2CE257B10A66091A1E98E413C5DF4E5EC4EA1F2D1918D66C0753648F70980A70,143.707582907,0.952433280409,88.09489228390001,329.530804101,1811670016,fmin_l_bfgs_b,1,-110.52030181741097,2.6799394999979995,0,0,,completed_without_convergence_warning,False,False,,False,,False,,False
week7_phase3_new_data_replication,Phase 3B,F7F71204D643D1027D0FF4736F24213619BF6A09C2361C3C11F169797AC98A9C,3247A2983F95B67C45CAA91EED90A036B3991A23F748BBF512B53F6518CB0876,kinetic_energy,T0 melt kinetic energy,T0,matern52_no_nugget,"Matérn 5/2, no nugget",Matern,2.5,False,19,P-144p087720513_VX-0p415546267467_LS-5p02923295381e-05_ST-327p07537462_M-TI64_XI-0p0002_XF-0p0014_XL-0p0012_TE-0p0021_DT-1p16091058462e-05_H-0602c4a780,20,1.4369525,1.170735857647362,0.266216642352638,0.266216642352638,0.07087130066551237,0.8117872170258564,0.6589984857265849,,,0.8117872170258564,latent predictive variance; numerical jitter excluded,0.7641934873998374,,0.7641934873998374,-0.42036708772331655,2.7618388030180405,,,True,,"0.901**2 * Matern(length_scale=1.02, nu=2.5)",0.8117373642270775,1.0153029801755855,,,,,,,3.34997725,False,1e-06,numerical jitter only; separate from WhiteKernel nugget,163,164,True,False,False,False,True,True,False,"[""P"",""VX"",""LS"",""ST""]",3.452634012576687,1.6977937510310024,"[278.60109097560127,0.6331701558752642,59.69984611530121,349.76825222075473]","[100.94095841800528,0.22305160768049284,15.357057672596135,30.323245998709634]",9A9F8E1BF6A883C0353A0D12321E7706CF2232716DE2D0FDE1F8BF5852EC57F8,144.087720513,0.415546267467,50.2923295381,327.07537462,377668763,fmin_l_bfgs_b,1,-110.45905537203716,1.2229358000331558,0,0,,completed_without_convergence_warning,False,False,,False,,False,,False
week7_phase3_new_data_replication,Phase 3B,F7F71204D643D1027D0FF4736F24213619BF6A09C2361C3C11F169797AC98A9C,3247A2983F95B67C45CAA91EED90A036B3991A23F748BBF512B53F6518CB0876,kinetic_energy,T0 melt kinetic energy,T0,matern52_no_nugget,"Matérn 5/2, no nugget",Matern,2.5,False,20,P-148p299467422_VX-0p674162518859_LS-5p7557139752e-05_ST-331p520012414_M-TI64_XI-0p0002_XF-0p0014_XL-0p0012_TE-0p0021_DT-7p15572353559e-06_H-e73b90164d,21,1.307584,1.4404319282726168,-0.1328479282726167,0.1328479282726167,0.017648572046326316,0.560210239470588,0.3138355124076936,,,0.560210239470588,latent predictive variance; numerical jitter excluded,0.36761294611426965,,0.36761294611426965,0.3424198589102643,2.5384439976349693,,,True,,"0.899**2 * Matern(length_scale=1.01, nu=2.5)",0.8090078263012592,1.0113494637193692,,,,,,,3.34997725,False,1e-06,numerical jitter only; separate from WhiteKernel nugget,163,164,True,False,False,False,True,True,False,"[""P"",""VX"",""LS"",""ST""]",3.4534276843558285,1.696820773073259,"[278.57525203750924,0.631583553105988,59.65527672748587,349.7409845042271]","[100.97484318844457,0.22367330293954402,15.373744511169111,30.34163599995371]",532B7A6D230D04D52D22C012693E9FF1F08D9B6D49BA8221C9CB1933353A197F,148.299467422,0.674162518859,57.557139752000005,331.520012414,1409953021,fmin_l_bfgs_b,1,-111.0117854479757,3.718387100030668,0,0,,completed_without_convergence_warning,False,False,,False,,False,,False
week7_phase3_new_data_replication,Phase 3B,F7F71204D643D1027D0FF4736F24213619BF6A09C2361C3C11F169797AC98A9C,3247A2983F95B67C45CAA91EED90A036B3991A23F748BBF512B53F6518CB0876,kinetic_energy,T0 melt kinetic energy,T0,matern52_no_nugget,"Matérn 5/2, no nugget",Matern,2.5,False,21,P-150p071418192_VX-0p423845414489_LS-8p67749479825e-05_ST-322p128190627_M-TI64_XI-0p0002_XF-0p0014_XL-0p0012_TE-0p0021_DT-1p1381792602e-05_H-2afbe2208b,22,1.5058575,1.8729837798710238,-0.36712627987102375,0.36712627987102375,0.13478170537193726,0.9514206223763265,0.9052012006829565,,,0.9514206223763265,latent predictive variance; numerical jitter excluded,0.9435879929243036,,0.9435879929243036,0.008199360013423806,3.737768199728624,,,True,,"0.899**2 * Matern(length_scale=1.01, nu=2.5)",0.8084728478100328,1.014747887552091,,,,,,,3.34997725,False,1e-06,numerical jitter only; separate from WhiteKernel nugget,163,164,True,False,False,False,True,True,False,"[""P"",""VX"",""LS"",""ST""]",3.4522112825153375,1.6982869287794937,"[278.5643811738896,0.6331192408628593,59.47602637024354,349.7986030427976]","[100.98877163672762,0.2231003253948686,15.226121326384279,30.298030969775404]",07220B181044F3D7302C7F8952B6CCCB502E35AD2A76AAFD602B931BAED21583,150.071418192,0.423845414489,86.7749479825,322.128190627,181226119,fmin_l_bfgs_b,1,-110.35584948409189,2.455024799972307,0,0,,completed_without_convergence_warning,False,False,,False,,False,,False
week7_phase3_new_data_replication,Phase 3B,F7F71204D643D1027D0FF4736F24213619BF6A09C2361C3C11F169797AC98A9C,3247A2983F95B67C45CAA91EED90A036B3991A23F748BBF512B53F6518CB0876,kinetic_energy,T0 melt kinetic energy,T0,matern52_no_nugget,"Matérn 5/2, no nugget",Matern,2.5,False,22,P-155p252053768_VX-0p916931554055_LS-7p35634948929e-05_ST-366p816583574_M-TI64_XI-0p0002_XF-0p0014_XL-0p0012_TE-0p0021_DT-5p26115671522e-06_H-1d842653b1,23,1.4952935,1.6885611287721407,-0.19326762877214065,0.19326762877214065,0.03735237633120597,0.7177991171026734,0.5152355725133775,,,0.7177991171026734,latent predictive variance; numerical jitter excluded,0.6236208653880098,,0.6236208653880098,0.28167485925090086,3.0954473982933806,,,True,,"0.899**2 * Matern(length_scale=1.01, nu=2.5)",0.80822941284121,1.0142008055339067,,,,,,,3.34997725,False,1e-06,numerical jitter only; separate from WhiteKernel nugget,163,164,True,False,False,False,True,True,False,"[""P"",""VX"",""LS"",""ST""]",3.4522760923312887,1.6982124478260183,"[278.53259813354606,0.6300941725219634,59.55707822968893,349.5244411228774]","[101.02838276561982,0.2225738532177059,15.335665786591141,30.344950272894437]",ED3A59FB289A98838B4425C1398C2B079C8AB69F865B0CC091DEAADBBD835E4A,155.252053768,0.916931554055,73.5634948929,366.816583574,1320148934,fmin_l_bfgs_b,1,-110.49910651825802,2.049736600019969,0,0,,completed_without_convergence_warning,False,False,,False,,False,,False
week7_phase3_new_data_replication,Phase 3B,F7F71204D643D1027D0FF4736F24213619BF6A09C2361C3C11F169797AC98A9C,3247A2983F95B67C45CAA91EED90A036B3991A23F748BBF512B53F6518CB0876,kinetic_energy,T0 melt kinetic energy,T0,matern52_no_nugget,"Matérn 5/2, no nugget",Matern,2.5,False,23,P-155p610380822_VX-0p863747905944_LS-4p82199969556e-05_ST-303p817651114_M-TI64_XI-0p0002_XF-0p0014_XL-0p0012_TE-0p0021_DT-5p58510251639e-06_H-44aa3a8888,24,1.398149,1.3755529299815685,0.022596070018431558,0.022596070018431558,0.0005105823802778615,0.4315707919148472,0.18625334843400834,,,0.4315707919148472,latent predictive variance; numerical jitter excluded,0.07998547765891739,,0.07998547765891739,0.529674177828468,2.221431682134669,,,True,,"0.9**2 * Matern(length_scale=1.01, nu=2.5)",0.8097085010833741,1.0147398908184608,,,,,,,3.34997725,False,1e-06,numerical jitter only; separate from WhiteKernel nugget,163,164,True,False,False,False,True,True,False,"[""P"",""VX"",""LS"",""ST""]",3.452872070858896,1.6975083586000084,"[278.53039980806136,0.6304204525717243,59.712559812126365,349.9109376410369]","[101.0310613287287,0.2229547926024323,15.348403926333901,30.160975865513468]",2B638AC0983C4F1CCF024C4E30B44E83F215ADA29E4C70461DB00239E9A0F2B4,155.610380822,0.863747905944,48.2199969556,303.817651114,1640389674,fmin_l_bfgs_b,1,-111.21708418209207,1.7586696000071242,0,0,,completed_without_convergence_warning,False,False,,False,,False,,False
week7_phase3_new_data_replication,Phase 3B,F7F71204D643D1027D0FF4736F24213619BF6A09C2361C3C11F169797AC98A9C,3247A2983F95B67C45CAA91EED90A036B3991A23F748BBF512B53F6518CB0876,kinetic_energy,T0 melt kinetic energy,T0,matern52_no_nugget,"Matérn 5/2, no nugget",Matern,2.5,False,24,P-157p183722649_VX-0p714259673467_LS-7p38607203139e-05_ST-347p368293375_M-TI64_XI-0p0002_XF-0p0014_XL-0p0012_TE-0p0021_DT-6p75401507634e-06_H-add9572a86,25,1.4898205,1.349156459440065,0.1406640405599351,0.1406640405599351,0.019786372306647065,0.6811576971060332,0.4639758083267945,,,0.6811576971060332,latent predictive variance; numerical jitter excluded,0.5562997341189123,,0.5562997341189123,0.014087373112239732,2.68422554576789,,,True,,"0.898**2 * Matern(length_scale=1.01, nu=2.5)",0.8072069420400086,1.0110977129815863,,,,,,,3.34997725,False,1e-06,numerical jitter only; separate from WhiteKernel nugget,163,164,True,False,False,False,True,True,False,"[""P"",""VX"",""LS"",""ST""]",3.4523096690184047,1.698173699912422,"[278.5207474042147,0.6313375582924421,59.55525476084844,349.64375578667494]","[101.04272868859945,0.22360427954957043,15.333982499109132,30.374458302901438]",DBEDC7ED3E3684939E4C643C8E2D85BC26A8B8399B8BBB23D5AAEC9A21AF9574,157.183722649,0.714259673467,73.8607203139,347.368293375,1946143370,fmin_l_bfgs_b,1,-110.70142440081197,1.5658870000042953,0,0,,completed_without_convergence_warning,False,False,,False,,False,,False
week7_phase3_new_data_replication,Phase 3B,F7F71204D643D1027D0FF4736F24213619BF6A09C2361C3C11F169797AC98A9C,3247A2983F95B67C45CAA91EED90A036B3991A23F748BBF512B53F6518CB0876,kinetic_energy,T0 melt kinetic energy,T0,matern52_no_nugget,"Matérn 5/2, no nugget",Matern,2.5,False,25,P-160p605564338_VX-0p585171267024_LS-4p89218084001e-05_ST-323p833105745_M-TI64_XI-0p0002_XF-0p0014_XL-0p0012_TE-0p0021_DT-8p24394647322e-06_H-0602c4a780,26,1.5180755,1.0565206574046861,0.46155484259531376,0.46155484259531376,0.21303287272318486,0.6113923278209508,0.37380057851832094,,,0.6113923278209508,latent predictive variance; numerical jitter excluded,0.711877362542414,,0.711877362542414,-0.14180830512437725,2.2548496199337498,,,True,,"0.9**2 * Matern(length_scale=1.01, nu=2.5)",0.810425135143166,1.0147652279139627,,,,,,,3.34997725,False,1e-06,numerical jitter only; separate from WhiteKernel nugget,163,164,True,False,False,False,True,True,False,"[""P"",""VX"",""LS"",""ST""]",3.4521363254601227,1.6983725612819207,"[278.4997545104172,0.6321295117062028,59.70825422044232,349.7881434408467]","[101.0675772754346,0.2236679582391964,15.35152850371551,30.307285947575004]",D7C471D0F5900EE64A9BB57B1E6061B20A596F6DB08C95C8983E2F4550C253A8,160.605564338,0.585171267024,48.921808400100005,323.833105745,2400230722,fmin_l_bfgs_b,1,-110.54117627897871,2.1891250999760814,0,0,,completed_without_convergence_warning,False,False,,False,,False,,False
week7_phase3_new_data_replication,Phase 3B,F7F71204D643D1027D0FF4736F24213619BF6A09C2361C3C11F169797AC98A9C,3247A2983F95B67C45CAA91EED90A036B3991A23F748BBF512B53F6518CB0876,kinetic_energy,T0 melt kinetic energy,T0,matern52_no_nugget,"Matérn 5/2, no nugget",Matern,2.5,False,26,P-162p142815649_VX-0p926926325143_LS-6p49234891537e-05_ST-377p454931887_M-TI64_XI-0p0002_XF-0p0014_XL-0p0012_TE-0p0021_DT-5p20442722594e-06_H-eed8ed7ef3,27,1.6036155,1.47263055826905,0.1309849417309501,0.1309849417309501,0.017157054960260393,0.6735205464885696,0.4536299265422615,,,0.6735205464885696,latent predictive variance; numerical jitter excluded,0.5426126066076029,,0.5426126066076029,0.15253028715145356,2.792730829386646,,,True,,"0.899**2 * Matern(length_scale=1.02, nu=2.5)",0.8088834014473831,1.015016473780435,,,,,,,3.34997725,False,1e-06,numerical jitter only; separate from WhiteKernel nugget,163,164,True,False,False,False,True,True,False,"[""P"",""VX"",""LS"",""ST""]",3.451611540184049,1.6989567753982662,"[278.49032352077916,0.6300328549079266,59.61008439986808,349.4591751823068]","[101.07850566442404,0.22249343170778504,15.369018018724697,30.296208504193523]",5E6FFC4A874D7ACB77543D91B8FB46E83E17DA858F5A2A6CEF1445F3A52B59C3,162.142815649,0.926926325143,64.92348915369999,377.454931887,2732590852,fmin_l_bfgs_b,1,-110.48327698897995,2.719582599995192,0,0,,completed_without_convergence_warning,False,False,,False,,False,,False
week7_phase3_new_data_replication,Phase 3B,F7F71204D643D1027D0FF4736F24213619BF6A09C2361C3C11F169797AC98A9C,3247A2983F95B67C45CAA91EED90A036B3991A23F748BBF512B53F6518CB0876,kinetic_energy,T0 melt kinetic energy,T0,matern52_no_nugget,"Matérn 5/2, no nugget",Matern,2.5,False,27,P-163p562272254_VX-0p729793018519_LS-5p10150522361e-05_ST-318p261957537_M-TI64_XI-0p0002_XF-0p0014_XL-0p0012_TE-0p0021_DT-6p6102586358e-06_H-eed8ed7ef3,28,1.488383,1.3932123832369845,0.09517061676301553,0.09517061676301553,0.009057446295052772,0.43894022445004605,0.1926685206402568,,,0.43894022445004605,latent predictive variance; numerical jitter excluded,0.11905175232336017,,0.11905175232336017,0.5328895433148942,2.2535352231590746,,,True,,"0.898**2 * Matern(length_scale=1.01, nu=2.5)",0.8056074251024874,1.010562446563797,,,,,,,3.34997725,False,1e-06,numerical jitter only; separate from WhiteKernel nugget,163,164,True,False,False,False,True,True,False,"[""P"",""VX"",""LS"",""ST""]",3.45231848803681,1.698163504455012,"[278.4816151980491,0.631242261697031,59.69541223371838,349.8223222642087]","[101.088467461559,0.2235656057760712,15.359668611733177,30.274837286566335]",82589B6C9F73A601DE42C8BB722A68AD9BDBB3E0AC734109AB303B3C87170E93,163.562272254,0.729793018519,51.0150522361,318.261957537,3962652333,fmin_l_bfgs_b,1,-111.1456976582159,2.0934528000070713,0,0,,completed_without_convergence_warning,False,False,,False,,False,,False
week7_phase3_new_data_replication,Phase 3B,F7F71204D643D1027D0FF4736F24213619BF6A09C2361C3C11F169797AC98A9C,3247A2983F95B67C45CAA91EED90A036B3991A23F748BBF512B53F6518CB0876,kinetic_energy,T0 melt kinetic energy,T0,matern52_no_nugget,"Matérn 5/2, no nugget",Matern,2.5,False,28,P-164p187091551_VX-0p507792014735_LS-6p92164167976e-05_ST-301p020288893_M-TI64_XI-0p0002_XF-0p0014_XL-0p0012_TE-0p0021_DT-9p50018996564e-06_H-c15424829d,29,1.699828,1.8634087223590847,-0.16358072235908483,0.16358072235908483,0.026758652727519996,0.4082488865113951,0.16666715333779397,,,0.4082488865113951,latent predictive variance; numerical jitter excluded,0.10333598237719362,,0.10333598237719362,1.0632409047967504,2.663576539921419,,,True,,"0.899**2 * Matern(length_scale=1.01, nu=2.5)",0.8073542459466609,1.0138244045216345,,,,,,,3.34997725,False,1e-06,numerical jitter only; separate from WhiteKernel nugget,163,164,True,False,False,False,True,True,False,"[""P"",""VX"",""LS"",""ST""]",3.4510212794478528,1.6995818852909648,"[278.4777819508282,0.6326042310453991,59.583747420457655,349.9280993724541]","[101.09281315924481,0.2234855986034783,15.356206576274962,30.133935717873342]",CC0CFF8152885B3D7E36887EF777E386A8F2B9AB439B4DDE078DFD9347BCFCB6,164.187091551,0.507792014735,69.21641679759999,301.020288893,1824539975,fmin_l_bfgs_b,1,-111.0665750585706,3.960634500021115,0,0,,completed_without_convergence_warning,False,False,,False,,False,,False
week7_phase3_new_data_replication,Phase 3B,F7F71204D643D1027D0FF4736F24213619BF6A09C2361C3C11F169797AC98A9C,3247A2983F95B67C45CAA91EED90A036B3991A23F748BBF512B53F6518CB0876,kinetic_energy,T0 melt kinetic energy,T0,matern52_no_nugget,"Matérn 5/2, no nugget",Matern,2.5,False,29,P-164p607131174_VX-0p867199563125_LS-5p32762751968e-05_ST-314p058214573_M-TI64_XI-0p0002_XF-0p0014_XL-0p0012_TE-0p0021_DT-5p56287250149e-06_H-0e4c2fc094,30,1.5768185,1.6987292675181471,-0.12191076751814722,0.12191076751814722,0.01486223523686374,0.5454970419972343,0.29756702282773234,,,0.5454970419972343,latent predictive variance; numerical jitter excluded,0.3378535574745918,,0.3378535574745918,0.629555065203568,2.767903469832726,,,True,,"0.899**2 * Matern(length_scale=1.01, nu=2.5)",0.8082475141627594,1.013943230282964,,,,,,,3.34997725,False,1e-06,numerical jitter only; separate from WhiteKernel nugget,163,164,True,False,False,False,True,True,False,"[""P"",""VX"",""LS"",""ST""]",3.4517759389570553,1.6987766409059624,"[278.47520502062576,0.6303992767607979,59.681539700217165,349.8481120983436]","[101.09572108482396,0.22293246557705698,15.36647961289569,30.246137284546393]",71D25F9EF63C14EFFAFAD941D2ED8CB57747DB1013D3EE0324A4E5BE55F51D5D,164.607131174,0.867199563125,53.2762751968,314.058214573,1241471791,fmin_l_bfgs_b,1,-110.78428323634557,4.16296919999877,0,0,,completed_without_convergence_warning,False,False,,False,,False,,False
week7_phase3_new_data_replication,Phase 3B,F7F71204D643D1027D0FF4736F24213619BF6A09C2361C3C11F169797AC98A9C,3247A2983F95B67C45CAA91EED90A036B3991A23F748BBF512B53F6518CB0876,kinetic_energy,T0 melt kinetic energy,T0,matern52_no_nugget,"Matérn 5/2, no nugget",Matern,2.5,False,30,P-166p111836501_VX-0p454755470987_LS-7p13150844087e-05_ST-303p391516497_M-TI64_XI-0p0002_XF-0p0014_XL-0p0012_TE-0p0021_DT-1p06081639712e-05_H-0e4c2fc094,31,1.8287785,1.716672153050119,0.11210634694988109,0.11210634694988109,0.012567833026447112,0.3976836010003101,0.15815224650457382,,,0.3976836010003101,latent predictive variance; numerical jitter excluded,0.03657330802294129,,0.03657330802294129,0.9372122950895112,2.496132011010727,,,True,,"0.898**2 * Matern(length_scale=1.01, nu=2.5)",0.8072736177579174,1.0143412814887107,,,,,,,3.34997725,False,1e-06,numerical jitter only; separate from WhiteKernel nugget,163,164,True,False,False,False,True,True,False,"[""P"",""VX"",""LS"",""ST""]",3.45023017208589,1.7003666395985417,"[278.46597369960125,0.6329296086144053,59.57087215903986,349.9135519638406]","[101.10604903522619,0.22326492742898227,15.347242341019706,30.15696169729016]",99A8A2EA5C78D108DA6FCEDB1F5A443F3A061D67E6983861ECEB7A16E258B720,166.111836501,0.454755470987,71.3150844087,303.391516497,2892066554,fmin_l_bfgs_b,1,-111.02629367930109,2.5764173999777995,0,0,,completed_without_convergence_warning,False,False,,False,,False,,False
week7_phase3_new_data_replication,Phase 3B,F7F71204D643D1027D0FF4736F24213619BF6A09C2361C3C11F169797AC98A9C,3247A2983F95B67C45CAA91EED90A036B3991A23F748BBF512B53F6518CB0876,kinetic_energy,T0 melt kinetic energy,T0,matern52_no_nugget,"Matérn 5/2, no nugget",Matern,2.5,False,31,P-167p350234557_VX-0p509305540745_LS-7p79284260895e-05_ST-367p465417979_M-TI64_XI-0p0002_XF-0p0014_XL-0p0012_TE-0p0021_DT-9p47195782704e-06_H-0c5439e4b5,32,1.770577,1.7772309616395627,-0.006653961639562667,0.006653961639562667,4.427520550077149e-05,0.37912934173142576,0.1437390577617042,,,0.37912934173142576,latent predictive variance; numerical jitter excluded,-0.05078531541739011,,-0.05078531541739011,1.0341374518459683,2.520324471433157,,,True,,"0.897**2 * Matern(length_scale=1.01, nu=2.5)",0.8043994058233971,1.0108288929588682,,,,,,,3.34997725,False,1e-06,numerical jitter only; separate from WhiteKernel nugget,163,164,True,False,False,False,True,True,False,"[""P"",""VX"",""LS"",""ST""]",3.450587236503068,1.700019962967321,"[278.45837616551535,0.6325949456097549,59.5302995106914,349.5204605437056]","[101.11444463474892,0.22349075263820575,15.307347678820792,30.34263902495224]",C3F88B06DE9AB6DA39A6B857795D528D902F18FF65DE9F44F3773000ABC06223,167.350234557,0.509305540745,77.92842608950001,367.465417979,2809729514,fmin_l_bfgs_b,1,-111.14568925744963,2.496979799994733,0,0,,completed_without_convergence_warning,False,False,,False,,False,,False
week7_phase3_new_data_replication,Phase 3B,F7F71204D643D1027D0FF4736F24213619BF6A09C2361C3C11F169797AC98A9C,3247A2983F95B67C45CAA91EED90A036B3991A23F748BBF512B53F6518CB0876,kinetic_energy,T0 melt kinetic energy,T0,matern52_no_nugget,"Matérn 5/2, no nugget",Matern,2.5,False,32,P-168p279672268_VX-0p662944494492_LS-8p51138696034e-05_ST-361p222757169_M-TI64_XI-0p0002_XF-0p0014_XL-0p0012_TE-0p0021_DT-7p27680920966e-06_H-1d842653b1,33,1.622211,1.6698036972986707,-0.04759269729867066,0.04759269729867066,0.0022650648361628935,0.4053466987090038,0.1643059461542879,,,0.4053466987090038,latent predictive variance; numerical jitter excluded,0.02281882805880872,,0.02281882805880872,0.8753241678290233,2.464283226768318,,,True,,"0.897**2 * Matern(length_scale=1.01, nu=2.5)",0.8054645513396862,1.0109298806469589,,,,,,,3.34997725,False,1e-06,numerical jitter only; separate from WhiteKernel nugget,163,164,True,False,False,False,True,True,False,"[""P"",""VX"",""LS"",""ST""]",3.4514974573619637,1.6990802333723392,"[278.45267409366875,0.6316523753413684,59.48621703514599,349.55875907628234]","[101.12068371392607,0.22368466738039527,15.243822605491141,30.36131951260362]",C8D469B2930EFBD9810DD24E494BA1E9C94AB02D6F78B828DCBE38CEEC8B472F,168.279672268,0.662944494492,85.1138696034,361.222757169,2756942229,fmin_l_bfgs_b,1,-111.23533109680044,2.2888533999794163,0,0,,completed_without_convergence_warning,False,False,,False,,False,,False
week7_phase3_new_data_replication,Phase 3B,F7F71204D643D1027D0FF4736F24213619BF6A09C2361C3C11F169797AC98A9C,3247A2983F95B67C45CAA91EED90A036B3991A23F748BBF512B53F6518CB0876,kinetic_energy,T0 melt kinetic energy,T0,matern52_no_nugget,"Matérn 5/2, no nugget",Matern,2.5,False,33,P-172p471893954_VX-0p300060565388_LS-5p45268436948e-05_ST-394p546009672_M-TI64_XI-0p0002_XF-0p0014_XL-0p0012_TE-0p0021_DT-1p60771562794e-05_H-0e4c2fc094,34,1.977853,1.7827456814184994,0.19510731858150065,0.19510731858150065,0.03806686576406319,0.8247149477316591,0.6801547450120332,,,0.8247149477316591,latent predictive variance; numerical jitter excluded,0.7542050372181885,,0.7542050372181885,0.16630438386444757,3.3991869789725513,,,True,,"0.899**2 * Matern(length_scale=1.02, nu=2.5)",0.8089125363765625,1.0176881385799998,,,,,,,3.34997725,False,1e-06,numerical jitter only; separate from WhiteKernel nugget,163,164,True,False,False,False,True,True,False,"[""P"",""VX"",""LS"",""ST""]",3.449315604601227,1.7011982212223076,"[278.4269549422209,0.6338786571150126,59.67386750084293,349.3543219443621]","[101.14816511015668,0.22217408121173204,15.36936326438664,30.16929414494038]",38A5161A9B8D102D58AB83D24320EADCB93B38368A975390EF7A7B9DE0DE7D89,172.471893954,0.300060565388,54.5268436948,394.546009672,2060229162,fmin_l_bfgs_b,1,-110.05289458008286,1.4831259000347927,0,0,,completed_without_convergence_warning,False,False,,False,,False,,False
week7_phase3_new_data_replication,Phase 3B,F7F71204D643D1027D0FF4736F24213619BF6A09C2361C3C11F169797AC98A9C,3247A2983F95B67C45CAA91EED90A036B3991A23F748BBF512B53F6518CB0876,kinetic_energy,T0 melt kinetic energy,T0,matern52_no_nugget,"Matérn 5/2, no nugget",Matern,2.5,False,34,P-173p043282634_VX-0p866796851528_LS-6p96390683614e-05_ST-349p021338305_M-TI64_XI-0p0002_XF-0p0014_XL-0p0012_TE-0p0021_DT-5p56545699781e-06_H-27614c4053,35,1.713517,1.6899075722502972,0.02360942774970276,0.02360942774970276,0.0005574050786684348,0.6308915519800856,0.39802415035984107,,,0.6308915519800856,latent predictive variance; numerical jitter excluded,0.4590174502313635,,0.4590174502313635,0.4533601303693293,2.926455014131265,,,True,,"0.898**2 * Matern(length_scale=1.01, nu=2.5)",0.8067465081966613,1.0125488392927167,,,,,,,3.34997725,False,1e-06,numerical jitter only; separate from WhiteKernel nugget,163,164,True,False,False,False,True,True,False,"[""P"",""VX"",""LS"",""ST""]",3.450937297852761,1.699668074696372,"[278.4234494901964,0.6304017473840923,59.58115446607851,349.6336144067363]","[101.15182712464376,0.2229350876282608,15.354544071026856,30.37494037604233]",C88BC1B47D6F54AEC90E168020154EC2B0C76EFF245CB2D3AB6AE41C6CAED8E6,173.043282634,0.866796851528,69.63906836139999,349.021338305,2813851312,fmin_l_bfgs_b,1,-110.53914014892158,1.862046799971722,0,0,,completed_without_convergence_warning,False,False,,False,,False,,False
week7_phase3_new_data_replication,Phase 3B,F7F71204D643D1027D0FF4736F24213619BF6A09C2361C3C11F169797AC98A9C,3247A2983F95B67C45CAA91EED90A036B3991A23F748BBF512B53F6518CB0876,kinetic_energy,T0 melt kinetic energy,T0,matern52_no_nugget,"Matérn 5/2, no nugget",Matern,2.5,False,35,P-173p906668607_VX-0p677544388934_LS-8p62016404031e-05_ST-334p396108383_M-TI64_XI-0p0002_XF-0p0014_XL-0p0012_TE-0p0021_DT-7p12000672104e-06_H-89021150a8,36,1.706112,1.6578616260275962,0.04825037397240384,0.04825037397240384,0.0023280985884768257,0.44553551284742626,0.19850189320821912,,,0.44553551284742626,latent predictive variance; numerical jitter excluded,0.11632438479352268,,0.11632438479352268,0.7846120208466407,2.531111231208552,,,True,,"0.897**2 * Matern(length_scale=1.01, nu=2.5)",0.8044472051063868,1.0107248990571804,,,,,,,3.34997725,False,1e-06,numerical jitter only; separate from WhiteKernel nugget,163,164,True,False,False,False,True,True,False,"[""P"",""VX"",""LS"",""ST""]",3.450982727300614,1.6996215359848605,"[278.4181526437362,0.6315628054368163,59.47954359465703,349.7233397436811]","[101.15732249571386,0.22366919551629705,15.232359459079397,30.351389180238957]",DB2C0C72A9F3FFAD530C0B682F1F233F9D15C85E9353622F523716745C797F8C,173.906668607,0.677544388934,86.2016404031,334.396108383,2902965322,fmin_l_bfgs_b,1,-111.09888921904549,3.594169399992097,0,0,,completed_without_convergence_warning,False,False,,False,,False,,False
week7_phase3_new_data_replication,Phase 3B,F7F71204D643D1027D0FF4736F24213619BF6A09C2361C3C11F169797AC98A9C,3247A2983F95B67C45CAA91EED90A036B3991A23F748BBF512B53F6518CB0876,kinetic_energy,T0 melt kinetic energy,T0,matern52_no_nugget,"Matérn 5/2, no nugget",Matern,2.5,False,36,P-177p821134596_VX-0p63969291749_LS-8p76195222961e-05_ST-320p228793407_M-TI64_XI-0p0002_XF-0p0014_XL-0p0012_TE-0p0021_DT-7p5413068851e-06_H-0e4c2fc094,37,1.7709355,1.7369487581023988,0.0339867418976012,0.0339867418976012,0.001155098624814161,0.6372459470843902,0.40608239707548144,,,0.6372459470843902,latent predictive variance; numerical jitter excluded,0.4697611840592049,,0.4697611840592049,0.48794670181699407,2.9859508143878033,,,True,,"0.899**2 * Matern(length_scale=1.01, nu=2.5)",0.8080277855650396,1.013480122899265,,,,,,,3.34997725,False,1e-06,numerical jitter only; separate from WhiteKernel nugget,163,164,True,False,False,False,True,True,False,"[""P"",""VX"",""LS"",""ST""]",3.4505850371165643,1.7000221362316943,"[278.3941375149694,0.6317950230530371,59.47084493273679,349.81025578647865]","[101.1816634814045,0.22369716311754292,15.2166840138311,30.287019318896757]",6E264F34063D5B83D069C7316724CF7C9B22597CC9F8CC612463A37EA92B825E,177.821134596,0.63969291749,87.6195222961,320.228793407,1074961239,fmin_l_bfgs_b,1,-110.74448394135322,2.5271098000230268,0,0,,completed_without_convergence_warning,False,False,,False,,False,,False
week7_phase3_new_data_replication,Phase 3B,F7F71204D643D1027D0FF4736F24213619BF6A09C2361C3C11F169797AC98A9C,3247A2983F95B67C45CAA91EED90A036B3991A23F748BBF512B53F6518CB0876,kinetic_energy,T0 melt kinetic energy,T0,matern52_no_nugget,"Matérn 5/2, no nugget",Matern,2.5,False,37,P-185p872045369_VX-0p416268682161_LS-7p15564692144e-05_ST-371p982346013_M-TI64_XI-0p0002_XF-0p0014_XL-0p0012_TE-0p0021_DT-1p15889587897e-05_H-bc28d74e69,38,2.2223395000000004,2.0612857084997493,0.161053791500251,0.161053791500251,0.025938323756606325,0.6619768172054308,0.4382133065174323,,,0.6619768172054308,latent predictive variance; numerical jitter excluded,0.5360093357798212,,0.5360093357798212,0.7638111467771052,3.3587602702223935,,,True,,"0.897**2 * Matern(length_scale=1.01, nu=2.5)",0.8051565095498044,1.01326478198885,,,,,,,3.34997725,False,1e-06,numerical jitter only; separate from WhiteKernel nugget,163,164,True,False,False,False,True,True,False,"[""P"",""VX"",""LS"",""ST""]",3.4478156874233132,1.7023867283058465,"[278.3447454243375,0.6331657238832764,59.56939127066133,349.4927493287731]","[101.22877039518752,0.22305592456183115,15.346097356726661,30.324169442519743]",920B720FDAF4565C1FA212B08AA43091C83B44DF3203DF77F87EBA4737347B77,185.872045369,0.416268682161,71.55646921440001,371.982346013,3696273571,fmin_l_bfgs_b,1,-110.23802867457223,2.6121216000174172,0,0,,completed_without_convergence_warning,False,False,,False,,False,,False
week7_phase3_new_data_replication,Phase 3B,F7F71204D643D1027D0FF4736F24213619BF6A09C2361C3C11F169797AC98A9C,3247A2983F95B67C45CAA91EED90A036B3991A23F748BBF512B53F6518CB0876,kinetic_energy,T0 melt kinetic energy,T0,matern52_no_nugget,"Matérn 5/2, no nugget",Matern,2.5,False,38,P-187p255870651_VX-0p828194463092_LS-4p64611349328e-05_ST-375p783913497_M-TI64_XI-0p0002_XF-0p0014_XL-0p0012_TE-0p0021_DT-5p82486459159e-06_H-bc28d74e69,39,1.735725,1.6999616423713029,0.03576335762869709,0.03576335762869709,0.0012790177488780864,0.807117242219331,0.6514382426877382,,,0.807117242219331,latent predictive variance; numerical jitter excluded,0.7056338811458217,,0.7056338811458217,0.11801184762141403,3.2819114371211917,,,True,,"0.9**2 * Matern(length_scale=1.01, nu=2.5)",0.8094901586730265,1.0141404854236515,,,,,,,3.34997725,False,1e-06,numerical jitter only; separate from WhiteKernel nugget,163,164,True,False,False,False,True,True,False,"[""P"",""VX"",""LS"",""ST""]",3.450801052453988,1.6998064451237034,"[278.336255698681,0.6306385718530249,59.72335037668342,349.46942682887124]","[101.23646710083037,0.22316546217962263,15.33969964023271,30.30539587514826]",1EB5578FDDD718B340A153357000FE4564801680777963D9897A70CA0C4ACA95,187.255870651,0.828194463092,46.4611349328,375.783913497,901304678,fmin_l_bfgs_b,1,-110.34157750037738,2.6978617000277154,0,0,,completed_without_convergence_warning,False,False,,False,,False,,False
week7_phase3_new_data_replication,Phase 3B,F7F71204D643D1027D0FF4736F24213619BF6A09C2361C3C11F169797AC98A9C,3247A2983F95B67C45CAA91EED90A036B3991A23F748BBF512B53F6518CB0876,kinetic_energy,T0 melt kinetic energy,T0,matern52_no_nugget,"Matérn 5/2, no nugget",Matern,2.5,False,39,P-198p376734591_VX-0p636800402216_LS-8p40585875992e-05_ST-361p411435367_M-TI64_XI-0p0002_XF-0p0014_XL-0p0012_TE-0p0021_DT-7p5755614887e-06_H-1605f46060,40,2.0943430000000003,2.097636872825998,-0.003293872825997912,0.003293872825997912,1.0849598193847473e-05,0.3378293360757779,0.11412866031340091,,,0.3378293360757779,latent predictive variance; numerical jitter excluded,-0.16622836835158372,,-0.16622836835158372,1.4354913741174735,2.7597823715345227,,,True,,"0.896**2 * Matern(length_scale=1.01, nu=2.5)",0.8026871008743568,1.0102619231535925,,,,,,,3.34997725,False,1e-06,numerical jitter only; separate from WhiteKernel nugget,163,164,True,False,False,False,True,True,False,"[""P"",""VX"",""LS"",""ST""]",3.4486009420245396,1.7017916513535942,"[278.2680295395399,0.6318127685455157,59.49269115787114,349.5576015413252]","[101.29406207722917,0.22369767420981093,15.254477599183188,30.360871196885086]",A2B16CE6156D23DB712B106A235C6766C9461F93472B9A7030EE230C2BBAE8FC,198.376734591,0.636800402216,84.0585875992,361.411435367,3043334891,fmin_l_bfgs_b,1,-111.14624246807469,3.194533899950329,0,0,,completed_without_convergence_warning,False,False,,False,,False,,False
week7_phase3_new_data_replication,Phase 3B,F7F71204D643D1027D0FF4736F24213619BF6A09C2361C3C11F169797AC98A9C,3247A2983F95B67C45CAA91EED90A036B3991A23F748BBF512B53F6518CB0876,kinetic_energy,T0 melt kinetic energy,T0,matern52_no_nugget,"Matérn 5/2, no nugget",Matern,2.5,False,40,P-199p601335125_VX-0p449852506485_LS-5p7030843283e-05_ST-364p706449651_M-TI64_XI-0p0002_XF-0p0014_XL-0p0012_TE-0p0021_DT-1p07237828699e-05_H-1d842653b1,41,2.23917,2.17314400280414,0.06602599719585989,0.06602599719585989,0.004359432305707698,0.6858573992947504,0.4704003721673587,,,0.6858573992947504,latent predictive variance; numerical jitter excluded,0.5464867342505626,,0.5464867342505626,0.8288635001864295,3.517424505421851,,,True,,"0.897**2 * Matern(length_scale=1.01, nu=2.5)",0.8040462103387437,1.0115581757438221,,,,,,,3.34997725,False,1e-06,numerical jitter only; separate from WhiteKernel nugget,163,164,True,False,False,False,True,True,False,"[""P"",""VX"",""LS"",""ST""]",3.4477124328220863,1.7024605417847123,"[278.26051665282824,0.6329596881512274,59.65850554017913,349.5373867297669]","[101.29994167754198,0.22324058915242517,15.373248244081479,30.351873699466207]",906D5061DBD8D406DE654BCFB3783E0262C0284A5364F1DCD5F43622FC8D02F8,199.601335125,0.449852506485,57.030843283,364.706449651,3137175525,fmin_l_bfgs_b,1,-110.20873631224035,4.402032100013457,0,0,,completed_without_convergence_warning,False,False,,False,,False,,False
week7_phase3_new_data_replication,Phase 3B,F7F71204D643D1027D0FF4736F24213619BF6A09C2361C3C11F169797AC98A9C,3247A2983F95B67C45CAA91EED90A036B3991A23F748BBF512B53F6518CB0876,kinetic_energy,T0 melt kinetic energy,T0,matern52_no_nugget,"Matérn 5/2, no nugget",Matern,2.5,False,41,P-203p030488295_VX-0p654564663741_LS-6p39602473907e-05_ST-333p568221635_M-TI64_XI-0p0002_XF-0p0014_XL-0p0012_TE-0p0021_DT-7p36996796534e-06_H-0e4c2fc094,42,2.1386125,2.1414506755074445,-0.0028381755074446957,0.0028381755074446957,8.055240211058957e-06,0.424509261360349,0.1802081129807091,,,0.424509261360349,latent predictive variance; numerical jitter excluded,0.06213942666600196,,0.06213942666600196,1.3094125232411606,2.9734888277737284,,,True,,"0.896**2 * Matern(length_scale=1.01, nu=2.5)",0.8022789373663808,1.009271380565084,,,,,,,3.34997725,False,1e-06,numerical jitter only; separate from WhiteKernel nugget,163,164,True,False,False,False,True,True,False,"[""P"",""VX"",""LS"",""ST""]",3.4483293500000003,1.7020042123696058,"[278.239478903319,0.6317037853459758,59.61599385853679,349.7284188034848]","[101.31591791982267,0.2236908903530302,15.370874613774,30.34875448247857]",06ABE836707339007DF560EEC2EBC55E75B288399053169967A5A7BAB17BC2CA,203.030488295,0.654564663741,63.9602473907,333.568221635,737388648,fmin_l_bfgs_b,1,-110.80107337501389,2.0560716000036336,0,0,,completed_without_convergence_warning,False,False,,False,,False,,False
week7_phase3_new_data_replication,Phase 3B,F7F71204D643D1027D0FF4736F24213619BF6A09C2361C3C11F169797AC98A9C,3247A2983F95B67C45CAA91EED90A036B3991A23F748BBF512B53F6518CB0876,kinetic_energy,T0 melt kinetic energy,T0,matern52_no_nugget,"Matérn 5/2, no nugget",Matern,2.5,False,42,P-203p317554156_VX-0p724937635215_LS-5p40301996917e-05_ST-325p306920736_M-TI64_XI-0p0002_XF-0p0014_XL-0p0012_TE-0p0021_DT-6p65453187788e-06_H-dfd65b549a,43,2.107818,1.773913599085693,0.33390440091430706,0.33390440091430706,0.1114921489499423,0.45951146335153437,0.21115078495146852,,,0.45951146335153437,latent predictive variance; numerical jitter excluded,0.4053578807301717,,0.4053578807301717,0.8732711309166855,2.6745560672547004,,,True,,"0.898**2 * Matern(length_scale=1.01, nu=2.5)",0.8072544092529779,1.0141728159882335,,,,,,,3.34997725,False,1e-06,numerical jitter only; separate from WhiteKernel nugget,163,164,True,False,False,False,True,True,False,"[""P"",""VX"",""LS"",""ST""]",3.4485182733128834,1.7018571072038988,"[278.2377177630675,0.631272049324663,59.67691439656747,349.779101631086]","[101.31722273351487,0.22357841075305812,15.368293326096978,30.31480718766555]",287E03C8417F28BF3B55640486321154F4D09E20A2F63C441F5F194E582104E4,203.317554156,0.724937635215,54.0301996917,325.306920736,2392767481,fmin_l_bfgs_b,1,-110.46805826935343,1.6036441000178456,0,0,,completed_without_convergence_warning,False,False,,False,,False,,False
week7_phase3_new_data_replication,Phase 3B,F7F71204D643D1027D0FF4736F24213619BF6A09C2361C3C11F169797AC98A9C,3247A2983F95B67C45CAA91EED90A036B3991A23F748BBF512B53F6518CB0876,kinetic_energy,T0 melt kinetic energy,T0,matern52_no_nugget,"Matérn 5/2, no nugget",Matern,2.5,False,43,P-204p071587815_VX-0p957219619336_LS-8p8582220221e-05_ST-334p090301355_M-TI64_XI-0p0002_XF-0p0014_XL-0p0012_TE-0p0021_DT-5p03972182096e-06_H-676863bc48,44,2.2370345,2.2207487133409147,0.01628578665908531,0.01628578665908531,0.00026522684710524107,0.6398940378980915,0.4094643797375242,,,0.6398940378980915,latent predictive variance; numerical jitter excluded,0.4728097215604497,,0.4728097215604497,0.9665563990606554,3.474941027621174,,,True,,"0.898**2 * Matern(length_scale=1.02, nu=2.5)",0.806367707233858,1.0163300257119563,,,,,,,3.34997725,False,1e-06,numerical jitter only; separate from WhiteKernel nugget,163,164,True,False,False,False,True,True,False,"[""P"",""VX"",""LS"",""ST""]",3.4477255340490798,1.7024512331949764,"[278.2330917896994,0.6298470064772949,59.46493881049813,349.7252158604172]","[101.3206260850009,0.22223255450376098,15.20556650125706,30.350432230369947]",11CF0B4B965CBC2ABD562EE7DE6E242ADBCEC6058DA94FBDA01AA65F2C0E3A23,204.071587815,0.957219619336,88.582220221,334.090301355,3400751063,fmin_l_bfgs_b,1,-110.2860712697997,1.339346900000237,0,0,,completed_without_convergence_warning,False,False,,False,,False,,False
week7_phase3_new_data_replication,Phase 3B,F7F71204D643D1027D0FF4736F24213619BF6A09C2361C3C11F169797AC98A9C,3247A2983F95B67C45CAA91EED90A036B3991A23F748BBF512B53F6518CB0876,kinetic_energy,T0 melt kinetic energy,T0,matern52_no_nugget,"Matérn 5/2, no nugget",Matern,2.5,False,44,P-207p432942583_VX-0p674802143379_LS-5p74396795379e-05_ST-382p34582068_M-TI64_XI-0p0002_XF-0p0014_XL-0p0012_TE-0p0021_DT-7p14894084192e-06_H-676863bc48,45,2.1700615,2.109679845739939,0.06038165426006126,0.06038165426006126,0.0036459441711815736,0.4995879146011632,0.24958808441553912,,,0.4995879146011632,latent predictive variance; numerical jitter excluded,0.23227076477236008,,0.23227076477236008,1.1304875331216588,3.088872158358219,,,True,,"0.897**2 * Matern(length_scale=1.01, nu=2.5)",0.8037641126252403,1.010783466315118,,,,,,,3.34997725,False,1e-06,numerical jitter only; separate from WhiteKernel nugget,163,164,True,False,False,False,True,True,False,"[""P"",""VX"",""LS"",""ST""]",3.4481364113496937,1.7021508816710673,"[278.21246998130675,0.6315796290291783,59.655997342296295,349.42916972958903]","[101.33537495087178,0.22367255029682723,15.37364339493697,30.266029560577405]",3721948A5CBEECD564B9594E4E327B2EC16BC379BB540625A71266A2E339AFFD,207.432942583,0.674802143379,57.4396795379,382.34582068,808859915,fmin_l_bfgs_b,1,-110.63968082311155,2.970333000004757,0,0,,completed_without_convergence_warning,False,False,,False,,False,,False
week7_phase3_new_data_replication,Phase 3B,F7F71204D643D1027D0FF4736F24213619BF6A09C2361C3C11F169797AC98A9C,3247A2983F95B67C45CAA91EED90A036B3991A23F748BBF512B53F6518CB0876,kinetic_energy,T0 melt kinetic energy,T0,matern52_no_nugget,"Matérn 5/2, no nugget",Matern,2.5,False,45,P-208p096600196_VX-0p256636148953_LS-4p52492384214e-05_ST-395p602757306_M-TI64_XI-0p0002_XF-0p0014_XL-0p0012_TE-0p0021_DT-1p87975101041e-05_H-1980b1708d,46,2.233477,2.4443850671610354,-0.21090806716103527,0.21090806716103527,0.044482212793603766,0.9589072309301887,0.9195030775302022,,,0.9589072309301887,latent predictive variance; numerical jitter excluded,0.9011657696993287,,0.9011657696993287,0.5649268945378656,4.323843239784205,,,True,,"0.899**2 * Matern(length_scale=1.02, nu=2.5)",0.8086191144129384,1.019020558955299,,,,,,,3.34997725,False,1e-06,numerical jitter only; separate from WhiteKernel nugget,163,164,True,False,False,False,True,True,False,"[""P"",""VX"",""LS"",""ST""]",3.447747359202454,1.7024356893148012,"[278.2083984622086,0.634145064577804,59.73078532460611,349.34783883004303]","[101.33820532334771,0.22174719736455228,15.332974650221178,30.159467011235943]",F7688222421427940FC1780E13FE7B1E894FAE26142F08A2048B040C01FC7149,208.096600196,0.256636148953,45.2492384214,395.602757306,2719864679,fmin_l_bfgs_b,1,-109.75019305024314,4.7972104999935254,0,0,,completed_without_convergence_warning,False,False,,False,,False,,False
week7_phase3_new_data_replication,Phase 3B,F7F71204D643D1027D0FF4736F24213619BF6A09C2361C3C11F169797AC98A9C,3247A2983F95B67C45CAA91EED90A036B3991A23F748BBF512B53F6518CB0876,kinetic_energy,T0 melt kinetic energy,T0,matern52_no_nugget,"Matérn 5/2, no nugget",Matern,2.5,False,46,P-209p47686991_VX-0p866693950214_LS-6p90699464413e-05_ST-369p570871734_M-TI64_XI-0p0002_XF-0p0014_XL-0p0012_TE-0p0021_DT-5p56611777644e-06_H-b021dd2b47,47,2.276022,2.2785474987324026,-0.002525498732402376,0.002525498732402376,6.3781438473660075e-06,0.6264912096720874,0.39249123579639533,,,0.6264912096720874,latent predictive variance; numerical jitter excluded,0.4513261228150452,,0.4513261228150452,1.0506247277751113,3.506470269689694,,,True,,"0.897**2 * Matern(length_scale=1.01, nu=2.5)",0.8047870935075213,1.012845896218438,,,,,,,3.34997725,False,1e-06,numerical jitter only; separate from WhiteKernel nugget,163,164,True,False,False,False,True,True,False,"[""P"",""VX"",""LS"",""ST""]",3.4474863469325157,1.7026185662924862,"[278.19993054985275,0.6304023786804973,59.5846460116006,349.50754364950313]","[101.34400574071526,0.2229357568924719,15.356765924229286,30.334547862061143]",221BBDD8231487956109330663F093BAAA876BE1C8276E395F7E3715E20D942A,209.47686991,0.866693950214,69.0699464413,369.570871734,1798368729,fmin_l_bfgs_b,1,-110.26398803335556,2.965026099991519,0,0,,completed_without_convergence_warning,False,False,,False,,False,,False
week7_phase3_new_data_replication,Phase 3B,F7F71204D643D1027D0FF4736F24213619BF6A09C2361C3C11F169797AC98A9C,3247A2983F95B67C45CAA91EED90A036B3991A23F748BBF512B53F6518CB0876,kinetic_energy,T0 melt kinetic energy,T0,matern52_no_nugget,"Matérn 5/2, no nugget",Matern,2.5,False,47,P-210p211145159_VX-0p921242046338_LS-8p23126060485e-05_ST-311p238003519_M-TI64_XI-0p0002_XF-0p0014_XL-0p0012_TE-0p0021_DT-5p23653975868e-06_H-0e4c2fc094,48,2.2900805,2.1664617627331517,0.12361873726684847,0.12361873726684847,0.01528159220345011,0.9282256818394581,0.8616029164263269,,,0.9282256818394581,latent predictive variance; numerical jitter excluded,0.8533262668125122,,0.8533262668125122,0.3471394263278138,3.9857840991384896,,,True,,"0.899**2 * Matern(length_scale=1.02, nu=2.5)",0.808925927218524,1.0176064277119357,,,,,,,3.34997725,False,1e-06,numerical jitter only; separate from WhiteKernel nugget,163,164,True,False,False,False,True,True,False,"[""P"",""VX"",""LS"",""ST""]",3.447400098466258,1.7026775491347201,"[278.1954257937239,0.630067727784031,59.503402701126966,349.8654140066504]","[101.3470440259981,0.22253951282468057,15.271101704023119,30.224845064879172]",80F4C90927A09A7CCF3974BAD6E7C73C41F0CB57BE0070B2EFFDEA4F2FF80C97,210.211145159,0.921242046338,82.31260604849999,311.238003519,1799620926,fmin_l_bfgs_b,1,-109.91229523244291,3.343075899989344,0,0,,completed_without_convergence_warning,False,False,,False,,False,,False
week7_phase3_new_data_replication,Phase 3B,F7F71204D643D1027D0FF4736F24213619BF6A09C2361C3C11F169797AC98A9C,3247A2983F95B67C45CAA91EED90A036B3991A23F748BBF512B53F6518CB0876,kinetic_energy,T0 melt kinetic energy,T0,matern52_no_nugget,"Matérn 5/2, no nugget",Matern,2.5,False,48,P-210p302841339_VX-0p779412575788_LS-5p86430912284e-05_ST-304p177226769_M-TI64_XI-0p0002_XF-0p0014_XL-0p0012_TE-0p0021_DT-6p18943131388e-06_H-c15424829d,49,2.239338,2.138644371809847,0.10069362819015293,0.10069362819015293,0.01013920675809676,0.38393218427055936,0.14740392211876274,,,0.38393218427055936,latent predictive variance; numerical jitter excluded,-0.003958217355196358,,-0.003958217355196358,1.3861372906395508,2.8911514529801434,,,True,,"0.897**2 * Matern(length_scale=1.01, nu=2.5)",0.8043449467802606,1.0126611505393939,,,,,,,3.34997725,False,1e-06,numerical jitter only; separate from WhiteKernel nugget,163,164,True,False,False,False,True,True,False,"[""P"",""VX"",""LS"",""ST""]",3.4477114021472395,1.7024612733886941,"[278.19486324047244,0.630937847235258,59.64861444848955,349.9087316554234]","[101.34742113375844,0.22339736335921048,15.37441698877831,30.16433372923899]",2461776D2BEC125DB9E7CFC94CE2B99D77282931D46DDC7A1673A238DC5CE4AF,210.302841339,0.779412575788,58.6430912284,304.177226769,1912567594,fmin_l_bfgs_b,1,-110.84315094459805,3.0682011999888346,0,0,,completed_without_convergence_warning,False,False,,False,,False,,False
week7_phase3_new_data_replication,Phase 3B,F7F71204D643D1027D0FF4736F24213619BF6A09C2361C3C11F169797AC98A9C,3247A2983F95B67C45CAA91EED90A036B3991A23F748BBF512B53F6518CB0876,kinetic_energy,T0 melt kinetic energy,T0,matern52_no_nugget,"Matérn 5/2, no nugget",Matern,2.5,False,49,P-210p331349445_VX-0p877062157481_LS-5p88084341536e-05_ST-346p930868597_M-TI64_XI-0p0002_XF-0p0014_XL-0p0012_TE-0p0021_DT-5p50031780743e-06_H-0e4c2fc094,50,2.3106660000000003,2.372720151468205,-0.06205415146820448,0.06205415146820448,0.003850717714438864,0.757102665570998,0.5732044462147105,,,0.757102665570998,latent predictive variance; numerical jitter excluded,0.6440410592436271,,0.6440410592436271,0.8887989269490486,3.856641375987361,,,True,,"0.897**2 * Matern(length_scale=1.01, nu=2.5)",0.8052125262650028,1.0129460226217157,,,,,,,3.34997725,False,1e-06,numerical jitter only; separate from WhiteKernel nugget,163,164,True,False,False,False,True,True,False,"[""P"",""VX"",""LS"",""ST""]",3.447273807055215,1.7027626198787342,"[278.1946883441166,0.6303387700469574,59.64760007471532,349.64643937426996]","[101.34753827094802,0.22286683867210955,15.374477843137356,30.37423782286472]",9893D742B8CCEF4423AA163F9DFAB03758D323ADBA2F6960B03401C4C366737B,210.331349445,0.877062157481,58.8084341536,346.930868597,686611100,fmin_l_bfgs_b,1,-110.0188474355841,3.1822103000013158,0,0,,completed_without_convergence_warning,False,False,,False,,False,,False
week7_phase3_new_data_replication,Phase 3B,F7F71204D643D1027D0FF4736F24213619BF6A09C2361C3C11F169797AC98A9C,3247A2983F95B67C45CAA91EED90A036B3991A23F748BBF512B53F6518CB0876,kinetic_energy,T0 melt kinetic energy,T0,matern52_no_nugget,"Matérn 5/2, no nugget",Matern,2.5,False,50,P-211p964201781_VX-0p31026524833_LS-8p22948660567e-05_ST-308p041416816_M-TI64_XI-0p0002_XF-0p0014_XL-0p0012_TE-0p0021_DT-1p5548375556e-05_H-22f5435fc5,51,2.471139,2.7751222009776217,-0.30398320097762177,0.30398320097762177,0.09240578647660119,0.9416136726114513,0.8866363084488255,,,0.9416136726114513,latent predictive variance; numerical jitter excluded,0.9108886410708125,,0.9108886410708125,0.9295594026591771,4.620684999296066,,,True,,"0.899**2 * Matern(length_scale=1.02, nu=2.5)",0.8083562812494686,1.018646501673171,,,,,,,3.34997725,False,1e-06,numerical jitter only; separate from WhiteKernel nugget,163,164,True,False,False,False,True,True,False,"[""P"",""VX"",""LS"",""ST""]",3.4462893101226997,1.7033729946916696,"[278.18467084512275,0.6338160516981906,59.503511535432494,349.8850249680185]","[101.35416468005963,0.2222666803998309,15.271264196511847,30.19872754203655]",A98E0B06CCFA3072A1AE32540F560C086D3959175895698D768AB6F638C63847,211.964201781,0.31026524833,82.2948660567,308.041416816,4185950802,fmin_l_bfgs_b,1,-109.75925886058393,2.6658371000085026,0,0,,completed_without_convergence_warning,False,False,,False,,False,,False
week7_phase3_new_data_replication,Phase 3B,F7F71204D643D1027D0FF4736F24213619BF6A09C2361C3C11F169797AC98A9C,3247A2983F95B67C45CAA91EED90A036B3991A23F748BBF512B53F6518CB0876,kinetic_energy,T0 melt kinetic energy,T0,matern52_no_nugget,"Matérn 5/2, no nugget",Matern,2.5,False,51,P-212p474685749_VX-0p445530901525_LS-8p01654967217e-05_ST-390p176194232_M-TI64_XI-0p0002_XF-0p0014_XL-0p0012_TE-0p0021_DT-1p08278024858e-05_H-4e23685f04,52,2.609911,2.4347522801659203,0.1751587198340796,0.1751587198340796,0.03068057713391359,0.6647909043799981,0.4419469465463758,,,0.6647909043799981,latent predictive variance; numerical jitter excluded,0.5453665174913797,,0.5453665174913797,1.131762107581124,3.737742452750717,,,True,,"0.897**2 * Matern(length_scale=1.01, nu=2.5)",0.804539832008555,1.0142925195671204,,,,,,,3.34997725,False,1e-06,numerical jitter only; separate from WhiteKernel nugget,163,164,True,False,False,False,True,True,False,"[""P"",""VX"",""LS"",""ST""]",3.445437948159509,1.7038254314307502,"[278.181539041638,0.6329862010650924,59.51657515098464,349.381130628043]","[101.35620291052994,0.2232185833526771,15.289833132706496,30.207474254249362]",BAED5767C1E1A48B7987FF0A9FAF7DD088EFB8C2935D7BDC479BDA920D776FD0,212.474685749,0.445530901525,80.1654967217,390.176194232,2214711084,fmin_l_bfgs_b,1,-110.19395988105506,3.7228032000130042,0,0,,completed_without_convergence_warning,False,False,,False,,False,,False
week7_phase3_new_data_replication,Phase 3B,F7F71204D643D1027D0FF4736F24213619BF6A09C2361C3C11F169797AC98A9C,3247A2983F95B67C45CAA91EED90A036B3991A23F748BBF512B53F6518CB0876,kinetic_energy,T0 melt kinetic energy,T0,matern52_no_nugget,"Matérn 5/2, no nugget",Matern,2.5,False,52,P-212p944274192_VX-0p351323873231_LS-4p80439392259e-05_ST-351p894554175_M-TI64_XI-0p0002_XF-0p0014_XL-0p0012_TE-0p0021_DT-1p37312632889e-05_H-7c2e16b959,53,2.2680105,2.18570824808187,0.08230225191812979,0.08230225191812979,0.006773660670795299,0.8347429068238681,0.696795720492761,,,0.8347429068238681,latent predictive variance; numerical jitter excluded,0.7431676141981474,,0.7431676141981474,0.5496121507070888,3.8218043454566515,,,True,,"0.898**2 * Matern(length_scale=1.01, nu=2.5)",0.8067151058313231,1.0144784408159986,,,,,,,3.34997725,False,1e-06,numerical jitter only; separate from WhiteKernel nugget,163,164,True,False,False,False,True,True,False,"[""P"",""VX"",""LS"",""ST""]",3.447535497239264,1.702584632385848,"[278.1786581309448,0.6335641582938899,59.71363992089753,349.61598731550924]","[101.35806380575278,0.22260968531382566,15.347588909072323,30.37445688385109]",A54383B976726EB5036C164B081B2B59F0378C77C1107B1B625AD41CFA579660,212.944274192,0.351323873231,48.0439392259,351.894554175,1541338283,fmin_l_bfgs_b,1,-109.92324092250396,4.349635699996725,0,0,,completed_without_convergence_warning,False,False,,False,,False,,False
week7_phase3_new_data_replication,Phase 3B,F7F71204D643D1027D0FF4736F24213619BF6A09C2361C3C11F169797AC98A9C,3247A2983F95B67C45CAA91EED90A036B3991A23F748BBF512B53F6518CB0876,kinetic_energy,T0 melt kinetic energy,T0,matern52_no_nugget,"Matérn 5/2, no nugget",Matern,2.5,False,53,P-213p315910834_VX-0p426447159191_LS-8p60684535809e-05_ST-346p722503996_M-TI64_XI-0p0002_XF-0p0014_XL-0p0012_TE-0p0021_DT-1p13123525366e-05_H-6aeda8a35c,54,2.56185,2.697020805142833,-0.13517080514283286,0.13517080514283286,0.01827114656296169,0.8761400672642959,0.767621417465885,,,0.8761400672642959,latent predictive variance; numerical jitter excluded,0.7986103708463962,,0.7986103708463962,0.979786273304813,4.414255336980853,,,True,,"0.897**2 * Matern(length_scale=1.01, nu=2.5)",0.804918183006768,1.0138885852992836,,,,,,,3.34997725,False,1e-06,numerical jitter only; separate from WhiteKernel nugget,163,164,True,False,False,False,True,True,False,"[""P"",""VX"",""LS"",""ST""]",3.445732800920246,1.703676650094973,"[278.17637815154603,0.6331032792389206,59.48036069172575,349.6477176847056]","[101.3595269919498,0.22311520366995582,15.233789229549556,30.374119125437993]",7C837F843AA5EEA0A8D53E9FB6CA80DEBCC0B64E8E33E27D3A862116AEFBEC9C,213.315910834,0.426447159191,86.0684535809,346.722503996,583411460,fmin_l_bfgs_b,1,-109.9290230905716,3.0156018000561744,0,0,,completed_without_convergence_warning,False,False,,False,,False,,False
week7_phase3_new_data_replication,Phase 3B,F7F71204D643D1027D0FF4736F24213619BF6A09C2361C3C11F169797AC98A9C,3247A2983F95B67C45CAA91EED90A036B3991A23F748BBF512B53F6518CB0876,kinetic_energy,T0 melt kinetic energy,T0,matern52_no_nugget,"Matérn 5/2, no nugget",Matern,2.5,False,54,P-217p682945702_VX-0p631899079757_LS-7p17459883069e-05_ST-324p134516573_M-TI64_XI-0p0002_XF-0p0014_XL-0p0012_TE-0p0021_DT-7p63432129838e-06_H-7c2e16b959,55,2.382778,2.384702657512591,-0.001924657512590855,0.001924657512590855,3.704306540772417e-06,0.5537152144731187,0.30660053873901183,,,0.5537152144731187,latent predictive variance; numerical jitter excluded,0.3278397964343696,,0.3278397964343696,1.2994208371452785,3.4699844778799034,,,True,,"0.896**2 * Matern(length_scale=1.01, nu=2.5)",0.8030402209215673,1.0106171837402056,,,,,,,3.34997725,False,1e-06,numerical jitter only; separate from WhiteKernel nugget,163,164,True,False,False,False,True,True,False,"[""P"",""VX"",""LS"",""ST""]",3.4468314021472395,1.7030484793381642,"[278.14958652658896,0.6318428380084543,59.568228576842316,349.78629429466264]","[101.37608903932967,0.22369801320866417,15.345181907515205,30.308860256596216]",CA73553BCF0E19ECF17737C65FBE1E54FE8020A8E9055D67591FAD3DEF8BB6D3,217.682945702,0.631899079757,71.74598830689999,324.134516573,708972360,fmin_l_bfgs_b,1,-110.46782588515092,1.9356810000026599,0,0,,completed_without_convergence_warning,False,False,,False,,False,,False
week7_phase3_new_data_replication,Phase 3B,F7F71204D643D1027D0FF4736F24213619BF6A09C2361C3C11F169797AC98A9C,3247A2983F95B67C45CAA91EED90A036B3991A23F748BBF512B53F6518CB0876,kinetic_energy,T0 melt kinetic energy,T0,matern52_no_nugget,"Matérn 5/2, no nugget",Matern,2.5,False,55,P-222p079289377_VX-0p741891960581_LS-8p7279944479e-05_ST-335p366959171_M-TI64_XI-0p0002_XF-0p0014_XL-0p0012_TE-0p0021_DT-6p50245704137e-06_H-0f2c16c7e5,56,2.50483,2.5004774302957298,0.004352569704270337,0.004352569704270337,1.894486303053197e-05,0.33007353969094777,0.10894854160411167,,,0.33007353969094777,latent predictive variance; numerical jitter excluded,-0.18941432450811246,,-0.18941432450811246,1.853533292501472,3.1474215680899875,,,True,,"0.895**2 * Matern(length_scale=1.01, nu=2.5)",0.8008703770722527,1.010570233856428,,,,,,,3.34997725,False,1e-06,numerical jitter only; separate from WhiteKernel nugget,163,164,True,False,False,False,True,True,False,"[""P"",""VX"",""LS"",""ST""]",3.4460826168711662,1.7034892622488398,"[278.12261509300004,0.6311680350586139,59.4729282322282,349.7173836038774]","[101.39158677984628,0.22353086214177553,15.220513948116945,30.35430100393152]",3BFB2BD9F7A5D67E4798E19944B23D22F6CB54D9A425086B7D7E66F4F7D6C4CC,222.079289377,0.741891960581,87.27994447900001,335.366959171,546790748,fmin_l_bfgs_b,1,-111.00926811248661,2.8931236999924295,0,0,,completed_without_convergence_warning,False,False,,False,,False,,False
week7_phase3_new_data_replication,Phase 3B,F7F71204D643D1027D0FF4736F24213619BF6A09C2361C3C11F169797AC98A9C,3247A2983F95B67C45CAA91EED90A036B3991A23F748BBF512B53F6518CB0876,kinetic_energy,T0 melt kinetic energy,T0,matern52_no_nugget,"Matérn 5/2, no nugget",Matern,2.5,False,56,P-225p007853492_VX-0p825221323097_LS-8p70957490335e-05_ST-338p940755161_M-TI64_XI-0p0002_XF-0p0014_XL-0p0012_TE-0p0021_DT-5p84585064393e-06_H-c2c7cd9590,57,2.553097,2.5547105574174176,-0.0016135574174174216,0.0016135574174174216,2.6035675393027796e-06,0.4177735503737037,0.17453473939184952,,,0.4177735503737037,latent predictive variance; numerical jitter excluded,0.046130253026768854,,0.046130253026768854,1.7358743986849583,3.373546716149877,,,True,,"0.896**2 * Matern(length_scale=1.01, nu=2.5)",0.8019276116231288,1.0119367254187936,,,,,,,3.34997725,False,1e-06,numerical jitter only; separate from WhiteKernel nugget,163,164,True,False,False,False,True,True,False,"[""P"",""VX"",""LS"",""ST""]",3.445786500306749,1.7036486513469187,"[278.10464844198776,0.6306568119756936,59.474058265636174,349.69545847510443]","[101.40125616674845,0.22318148631569906,15.222571436374007,30.36336645689991]",07235A5DFFF1DA19CDE13F994749A6333292A182C20E429411937D3DF60BB5D9,225.007853492,0.825221323097,87.0957490335,338.940755161,3153602170,fmin_l_bfgs_b,1,-110.70465083718584,1.905797200044617,0,0,,completed_without_convergence_warning,False,False,,False,,False,,False
week7_phase3_new_data_replication,Phase 3B,F7F71204D643D1027D0FF4736F24213619BF6A09C2361C3C11F169797AC98A9C,3247A2983F95B67C45CAA91EED90A036B3991A23F748BBF512B53F6518CB0876,kinetic_energy,T0 melt kinetic energy,T0,matern52_no_nugget,"Matérn 5/2, no nugget",Matern,2.5,False,57,P-227p095146149_VX-0p485569900572_LS-4p61845747353e-05_ST-309p475761642_M-TI64_XI-0p0002_XF-0p0014_XL-0p0012_TE-0p0021_DT-9p93496630935e-06_H-c5f6eebf67,58,2.781811,4.189090858092188,-1.407279858092188,1.407279858092188,1.9804365989919686,0.7770155069406115,0.6037530980261755,,,0.7770155069406115,latent predictive variance; numerical jitter excluded,2.3067482714231273,,2.3067482714231273,2.6661404644885893,5.712041251695786,,,True,,"0.9**2 * Matern(length_scale=1.03, nu=2.5)",0.8100526707982982,1.0262024938489267,,,,,,,3.34997725,False,1e-06,numerical jitter only; separate from WhiteKernel nugget,163,164,True,False,False,False,True,True,False,"[""P"",""VX"",""LS"",""ST""]",3.444383346932516,1.7042890007698062,"[278.09184296556447,0.6327405630341292,59.72504706501164,349.8762253065093]","[101.40782868669055,0.22340262490935828,15.33821727727982,30.210707789644406]",C0B6AE587BCA6F870B54B13A7B902A71A1BF6219ECCBD2A05BF4836BCBE7F412,227.095146149,0.485569900572,46.1845747353,309.475761642,2967934305,fmin_l_bfgs_b,1,-108.3850111212039,2.1543798000202514,0,0,,completed_without_convergence_warning,False,False,,False,,False,,False
week7_phase3_new_data_replication,Phase 3B,F7F71204D643D1027D0FF4736F24213619BF6A09C2361C3C11F169797AC98A9C,3247A2983F95B67C45CAA91EED90A036B3991A23F748BBF512B53F6518CB0876,kinetic_energy,T0 melt kinetic energy,T0,matern52_no_nugget,"Matérn 5/2, no nugget",Matern,2.5,False,58,P-230p324353521_VX-0p227660683076_LS-8p68191306555e-05_ST-386p564919231_M-TI64_XI-0p0002_XF-0p0014_XL-0p0012_TE-0p0021_DT-2p11899592755e-05_H-0602c4a780,59,3.041865,3.081012673109632,-0.03914767310963185,0.03914767310963185,0.0015325403098985929,1.1648491315883938,1.3568734993622351,,,1.1648491315883938,latent predictive variance; numerical jitter excluded,1.0720948432528103,,1.0720948432528103,0.7979083751963802,5.3641169710228835,,,True,,"0.901**2 * Matern(length_scale=1.02, nu=2.5)",0.8109734058284719,1.0224502443708954,,,,,,,3.34997725,False,1e-06,numerical jitter only; separate from WhiteKernel nugget,163,164,True,False,False,False,True,True,False,"[""P"",""VX"",""LS"",""ST""]",3.442787923619632,1.7047867090321667,"[278.07203187739265,0.6343228281721414,59.47575531089998,349.40328568939884]","[101.41747360525306,0.2214326590020193,15.225634940475578,30.23604862129797]",2CCEFEBD55928361CAB258444CA1DE8FD1633CFC71D8F9A58C5A249CCA1993DF,230.324353521,0.227660683076,86.8191306555,386.564919231,1501052464,fmin_l_bfgs_b,1,-109.37087765813213,1.5997601000126451,0,0,,completed_without_convergence_warning,False,False,,False,,False,,False
week7_phase3_new_data_replication,Phase 3B,F7F71204D643D1027D0FF4736F24213619BF6A09C2361C3C11F169797AC98A9C,3247A2983F95B67C45CAA91EED90A036B3991A23F748BBF512B53F6518CB0876,kinetic_energy,T0 melt kinetic energy,T0,matern52_no_nugget,"Matérn 5/2, no nugget",Matern,2.5,False,59,P-231p081894821_VX-0p850370876493_LS-5p5190986405e-05_ST-302p777484886_M-TI64_XI-0p0002_XF-0p0014_XL-0p0012_TE-0p0021_DT-5p67296074733e-06_H-179e4a5e71,60,2.533465,2.4944241943605254,0.03904080563947465,0.03904080563947465,0.0015241845049792358,0.5322441136007189,0.2832837964626149,,,0.5322441136007189,latent predictive variance; numerical jitter excluded,0.29097570617870266,,0.29097570617870266,1.4512257317031165,3.537622657017934,,,True,,"0.897**2 * Matern(length_scale=1.01, nu=2.5)",0.8045398685001391,1.0139359079090027,,,,,,,3.34997725,False,1e-06,numerical jitter only; separate from WhiteKernel nugget,163,164,True,False,False,False,True,True,False,"[""P"",""VX"",""LS"",""ST""]",3.44590694202454,1.703584842062297,"[278.06738438475463,0.6305025202370678,59.66979300568833,349.9173190289387]","[101.41964417297412,0.2230381856688071,15.370639139347098,30.151111230795298]",3D3FBDC0BB4D7DFAFB974F275D1202FBCB75140C6D7E146195DBC5D81A2E2525,231.081894821,0.850370876493,55.190986405,302.777484886,4036011477,fmin_l_bfgs_b,1,-110.39459615885279,1.73379319999367,0,0,,completed_without_convergence_warning,False,False,,False,,False,,False
week7_phase3_new_data_replication,Phase 3B,F7F71204D643D1027D0FF4736F24213619BF6A09C2361C3C11F169797AC98A9C,3247A2983F95B67C45CAA91EED90A036B3991A23F748BBF512B53F6518CB0876,kinetic_energy,T0 melt kinetic energy,T0,matern52_no_nugget,"Matérn 5/2, no nugget",Matern,2.5,False,60,P-233p106311211_VX-0p310101846937_LS-6p6327379673e-05_ST-336p786172861_M-TI64_XI-0p0002_XF-0p0014_XL-0p0012_TE-0p0021_DT-1p55565684328e-05_H-add9572a86,61,2.794187,2.525518638621539,0.26866836137846084,0.26866836137846084,0.07218268840578723,0.7103735279814907,0.5046305492568697,,,0.7103735279814907,latent predictive variance; numerical jitter excluded,0.6484945132360125,,0.6484945132360125,1.1331865237778174,3.917850753465261,,,True,,"0.898**2 * Matern(length_scale=1.02, nu=2.5)",0.806270326457945,1.0161197117216119,,,,,,,3.34997725,False,1e-06,numerical jitter only; separate from WhiteKernel nugget,163,164,True,False,False,False,True,True,False,"[""P"",""VX"",""LS"",""ST""]",3.444307420552147,1.704318240867977,"[278.05496465230067,0.6338170541607243,59.6014715745963,349.70867677142337]","[101.42527309123793,0.22226522075222566,15.365644222156646,30.358212237463736]",286C91393211E361873BE30372B5356CDF6BE5C1E154275A6A050626E638AE0D,233.106311211,0.310101846937,66.32737967300001,336.786172861,1388732481,fmin_l_bfgs_b,1,-109.79102436909994,1.8349673999473453,0,0,,completed_without_convergence_warning,False,False,,False,,False,,False
week7_phase3_new_data_replication,Phase 3B,F7F71204D643D1027D0FF4736F24213619BF6A09C2361C3C11F169797AC98A9C,3247A2983F95B67C45CAA91EED90A036B3991A23F748BBF512B53F6518CB0876,kinetic_energy,T0 melt kinetic energy,T0,matern52_no_nugget,"Matérn 5/2, no nugget",Matern,2.5,False,61,P-233p11801175_VX-0p947725383123_LS-6p63357513021e-05_ST-310p062780041_M-TI64_XI-0p0002_XF-0p0014_XL-0p0012_TE-0p0021_DT-5p09020934642e-06_H-1d842653b1,62,2.841927,2.9490663409391438,-0.10713934093914368,0.10713934093914368,0.011478838376874068,0.8908577096626957,0.7936274588654639,,,0.8908577096626957,latent predictive variance; numerical jitter excluded,0.8105998524000578,,0.8105998524000578,1.2029852300002601,4.695147451878027,,,True,,"0.898**2 * Matern(length_scale=1.02, nu=2.5)",0.8063125655418487,1.0166364355160797,,,,,,,3.34997725,False,1e-06,numerical jitter only; separate from WhiteKernel nugget,163,164,True,False,False,False,True,True,False,"[""P"",""VX"",""LS"",""ST""]",3.4440145371165642,1.7044258320983112,"[278.0548928698528,0.6299052533252273,59.601420214908565,349.8726239666381]","[101.42530489890524,0.22231709049201728,15.365621726705838,30.215488242457443]",16CA85AD82DD52D1422F20DBF238E6A0BC0F9C6453127A0E3B783A79062EB8E5,233.11801175,0.947725383123,66.3357513021,310.062780041,4229048300,fmin_l_bfgs_b,1,-109.67620606322572,3.408609299978707,0,0,,completed_without_convergence_warning,False,False,,False,,False,,False
week7_phase3_new_data_replication,Phase 3B,F7F71204D643D1027D0FF4736F24213619BF6A09C2361C3C11F169797AC98A9C,3247A2983F95B67C45CAA91EED90A036B3991A23F748BBF512B53F6518CB0876,kinetic_energy,T0 melt kinetic energy,T0,matern52_no_nugget,"Matérn 5/2, no nugget",Matern,2.5,False,62,P-233p918914285_VX-0p55009860706_LS-6p76633993968e-05_ST-363p156889773_M-TI64_XI-0p0002_XF-0p0014_XL-0p0012_TE-0p0021_DT-8p76955611431e-06_H-9f078c62f6,63,2.837739,2.9274807742647404,-0.08974177426474039,0.08974177426474039,0.008053586048183622,0.601699620318241,0.36204243309111533,,,0.601699620318241,latent predictive variance; numerical jitter excluded,0.4220640393143646,,0.4220640393143646,1.748149518440988,4.106812030088493,,,True,,"0.895**2 * Matern(length_scale=1.01, nu=2.5)",0.8017610908466348,1.0103341847472787,,,,,,,3.34997725,False,1e-06,numerical jitter only; separate from WhiteKernel nugget,163,164,True,False,False,False,True,True,False,"[""P"",""VX"",""LS"",""ST""]",3.444040230368098,1.704416724186743,"[278.0499793573681,0.6323446813992334,59.59327513457299,349.54689323208595]","[101.42746230829937,0.22360580200260644,15.361697418256522,30.356380305692973]",B30A0734D040D7E3BC0CB81DC9E16C521C59B4D009E269537E1A260D00476024,233.918914285,0.55009860706,67.66339939679999,363.156889773,95519285,fmin_l_bfgs_b,1,-110.1961913991777,4.448093899991363,0,0,,completed_without_convergence_warning,False,False,,False,,False,,False
week7_phase3_new_data_replication,Phase 3B,F7F71204D643D1027D0FF4736F24213619BF6A09C2361C3C11F169797AC98A9C,3247A2983F95B67C45CAA91EED90A036B3991A23F748BBF512B53F6518CB0876,kinetic_energy,T0 melt kinetic energy,T0,matern52_no_nugget,"Matérn 5/2, no nugget",Matern,2.5,False,63,P-236p369825033_VX-0p606859942193_LS-6p45901770765e-05_ST-328p218563755_M-TI64_XI-0p0002_XF-0p0014_XL-0p0012_TE-0p0021_DT-7p94931460723e-06_H-0e4c2fc094,64,2.803819,2.7924646077678914,0.011354392232108435,0.011354392232108435,0.00012892222296056436,0.4392817847720867,0.19296848643254988,,,0.4392817847720867,latent predictive variance; numerical jitter excluded,0.0966583900744157,,0.0966583900744157,1.9314723096146014,3.6534569059211814,,,True,,"0.895**2 * Matern(length_scale=1.01, nu=2.5)",0.8011601960353972,1.009793412717874,,,,,,,3.34997725,False,1e-06,numerical jitter only; separate from WhiteKernel nugget,163,164,True,False,False,False,True,True,False,"[""P"",""VX"",""LS"",""ST""]",3.444248328527607,1.7043406136546642,"[278.03494309511046,0.6319964523493378,59.612129259237406,349.7612387904786]","[101.43382159916784,0.2236894016814455,15.369702646215982,30.328361163478604]",39A7157FE98C48F0E9F82049FA9A5BBF099A6EE57A431D806B83D36F40CA4AF8,236.369825033,0.606859942193,64.5901770765,328.218563755,443016876,fmin_l_bfgs_b,1,-110.5434013557078,1.7922618000302464,0,0,,completed_without_convergence_warning,False,False,,False,,False,,False
week7_phase3_new_data_replication,Phase 3B,F7F71204D643D1027D0FF4736F24213619BF6A09C2361C3C11F169797AC98A9C,3247A2983F95B67C45CAA91EED90A036B3991A23F748BBF512B53F6518CB0876,kinetic_energy,T0 melt kinetic energy,T0,matern52_no_nugget,"Matérn 5/2, no nugget",Matern,2.5,False,64,P-238p364831187_VX-0p683428278389_LS-5p30391716287e-05_ST-377p396343519_M-TI64_XI-0p0002_XF-0p0014_XL-0p0012_TE-0p0021_DT-7p05870792234e-06_H-1d842653b1,65,2.667717,2.6260435427601756,0.04167345723982452,0.04167345723982452,0.0017366770383194826,0.5686019459839637,0.3233081729767504,,,0.5686019459839637,latent predictive variance; numerical jitter excluded,0.35704966789175374,,0.35704966789175374,1.5115837286316067,3.7405033568887447,,,True,,"0.896**2 * Matern(length_scale=1.01, nu=2.5)",0.8035309225618262,1.0113108192216629,,,,,,,3.34997725,False,1e-06,numerical jitter only; separate from WhiteKernel nugget,163,164,True,False,False,False,True,True,False,"[""P"",""VX"",""LS"",""ST""]",3.4450833101226994,1.7039932787686938,"[278.0227037935522,0.6315267079554973,59.682994323334334,349.45953462014734]","[101.43872781545629,0.2236612968029718,15.365861973532184,30.296540297700016]",0CA2D55518DD985A1BE81FA4E7077A300FBAAD6733E80CFED257350B638389FF,238.364831187,0.683428278389,53.0391716287,377.396343519,1903467388,fmin_l_bfgs_b,1,-110.32580709677404,3.3756785000441596,0,0,,completed_without_convergence_warning,False,False,,False,,False,,False
week7_phase3_new_data_replication,Phase 3B,F7F71204D643D1027D0FF4736F24213619BF6A09C2361C3C11F169797AC98A9C,3247A2983F95B67C45CAA91EED90A036B3991A23F748BBF512B53F6518CB0876,kinetic_energy,T0 melt kinetic energy,T0,matern52_no_nugget,"Matérn 5/2, no nugget",Matern,2.5,False,65,P-240p986949999_VX-0p621810109213_LS-6p5255993688e-05_ST-389p31118835_M-TI64_XI-0p0002_XF-0p0014_XL-0p0012_TE-0p0021_DT-7p75818940789e-06_H-377b770359,66,2.8882735,2.95260813693152,-0.06433463693152008,0.06433463693152008,0.004138945509110508,0.49554659561189013,0.24556642842253418,,,0.49554659561189013,latent predictive variance; numerical jitter excluded,0.2252719850817987,,0.2252719850817987,1.9813368095322152,3.923879464330825,,,True,,"0.895**2 * Matern(length_scale=1.01, nu=2.5)",0.8014595204111497,1.0108164943005822,,,,,,,3.34997725,False,1e-06,numerical jitter only; separate from WhiteKernel nugget,163,164,True,False,False,False,True,True,False,"[""P"",""VX"",""LS"",""ST""]",3.4437302027607366,1.704522380821035,"[278.00661717507364,0.6319047335332642,59.60804449474968,349.38643741259517]","[101.44480757114471,0.2236966244326145,15.368290560041585,30.214563764615203]",17014FC46D22669071AC720E6FE8ABA94B85A52EAAE49FAEAD7E75B5698273DC,240.986949999,0.621810109213,65.255993688,389.31118835,962437367,fmin_l_bfgs_b,1,-110.43955157996226,2.7666142000234686,0,0,,completed_without_convergence_warning,False,False,,False,,False,,False
week7_phase3_new_data_replication,Phase 3B,F7F71204D643D1027D0FF4736F24213619BF6A09C2361C3C11F169797AC98A9C,3247A2983F95B67C45CAA91EED90A036B3991A23F748BBF512B53F6518CB0876,kinetic_energy,T0 melt kinetic energy,T0,matern52_no_nugget,"Matérn 5/2, no nugget",Matern,2.5,False,66,P-241p526098173_VX-0p390351171714_LS-7p60309896784e-05_ST-322p459160533_M-TI64_XI-0p0002_XF-0p0014_XL-0p0012_TE-0p0021_DT-1p23584119956e-05_H-0e4c2fc094,67,2.994688,2.866157947904747,0.12853005209525303,0.12853005209525303,0.01651997429160846,0.625422954190562,0.3911538716284499,,,0.625422954190562,latent predictive variance; numerical jitter excluded,0.47072837836616566,,0.47072837836616566,1.6403289576912454,4.091986938118248,,,True,,"0.896**2 * Matern(length_scale=1.01, nu=2.5)",0.8030378330355601,1.013470336580476,,,,,,,3.34997725,False,1e-06,numerical jitter only; separate from WhiteKernel nugget,163,164,True,False,False,False,True,True,False,"[""P"",""VX"",""LS"",""ST""]",3.4430773530674847,1.704714611690012,"[278.00330951756445,0.6333247270148531,59.54194022486992,349.7965725525768]","[101.44600576488321,0.22289195727321934,15.320607187869173,30.299874149822084]",A823A64544DD1839CEB5E8FF966345B5D7805447E58FCAFB9B8939075C601F07,241.526098173,0.390351171714,76.0309896784,322.459160533,768783390,fmin_l_bfgs_b,1,-110.07451403791016,3.715284700039774,0,0,,completed_without_convergence_warning,False,False,,False,,False,,False
week7_phase3_new_data_replication,Phase 3B,F7F71204D643D1027D0FF4736F24213619BF6A09C2361C3C11F169797AC98A9C,3247A2983F95B67C45CAA91EED90A036B3991A23F748BBF512B53F6518CB0876,kinetic_energy,T0 melt kinetic energy,T0,matern52_no_nugget,"Matérn 5/2, no nugget",Matern,2.5,False,67,P-242p307622127_VX-0p748861384084_LS-6p09484851001e-05_ST-306p16946129_M-TI64_XI-0p0002_XF-0p0014_XL-0p0012_TE-0p0021_DT-6p44194066558e-06_H-1d842653b1,68,2.7689895,2.923800776389296,-0.15481127638929593,0.15481127638929593,0.023966531297282975,0.4332700558572141,0.18772294130251344,,,0.4332700558572141,latent predictive variance; numerical jitter excluded,0.14637932259230207,,0.14637932259230207,2.0745914669091565,3.7730100858694353,,,True,,"0.896**2 * Matern(length_scale=1.01, nu=2.5)",0.803126682645932,1.0125408525900719,,,,,,,3.34997725,False,1e-06,numerical jitter only; separate from WhiteKernel nugget,163,164,True,False,False,False,True,True,False,"[""P"",""VX"",""LS"",""ST""]",3.444462006441718,1.7042581225253077,"[277.99851489207975,0.6311252778592089,59.63447092780427,349.8965093577485]","[101.44771118502312,0.22350901104589047,15.37427509174567,30.18245216003286]",85C641D4D7C0B4841F58ED60EE4A12C33F825F9CD119AFE2DFF27793821C2DC3,242.307622127,0.748861384084,60.9484851001,306.16946129,3175965775,fmin_l_bfgs_b,1,-110.52320216003005,1.7753882999531925,0,0,,completed_without_convergence_warning,False,False,,False,,False,,False
week7_phase3_new_data_replication,Phase 3B,F7F71204D643D1027D0FF4736F24213619BF6A09C2361C3C11F169797AC98A9C,3247A2983F95B67C45CAA91EED90A036B3991A23F748BBF512B53F6518CB0876,kinetic_energy,T0 melt kinetic energy,T0,matern52_no_nugget,"Matérn 5/2, no nugget",Matern,2.5,False,68,P-243p042265843_VX-0p642372627708_LS-5p19118052277e-05_ST-314p809567363_M-TI64_XI-0p0002_XF-0p0014_XL-0p0012_TE-0p0021_DT-7p50984770355e-06_H-ac0fcec187,69,2.5539880000000004,3.780649152857958,-1.2266611528579578,1.2266611528579578,1.5046975839308143,0.5590458478190989,0.31253225996377515,,,0.5590458478190989,latent predictive variance; numerical jitter excluded,2.744682369096479,,2.744682369096479,2.684919291132524,4.876379014583392,,,False,,"0.901**2 * Matern(length_scale=1.03, nu=2.5)",0.8110361303294705,1.029578295215587,,,,,,,3.34997725,False,1e-06,numerical jitter only; separate from WhiteKernel nugget,163,164,True,False,False,False,True,True,False,"[""P"",""VX"",""LS"",""ST""]",3.4457810340490798,1.7036515141535,"[277.99400787541725,0.6317785831130495,59.689910681622685,349.8435025720246]","[101.44928039277552,0.22369648361221206,15.362615889468769,30.251533596772074]",51D16DD1DD49E54515CF9AF12E59FD4802BFC968992980107B01C230D7A59683,243.042265843,0.642372627708,51.9118052277,314.809567363,2975932815,fmin_l_bfgs_b,1,-108.03525366719586,1.3567410000250675,0,0,,completed_without_convergence_warning,False,False,,False,,False,,False
week7_phase3_new_data_replication,Phase 3B,F7F71204D643D1027D0FF4736F24213619BF6A09C2361C3C11F169797AC98A9C,3247A2983F95B67C45CAA91EED90A036B3991A23F748BBF512B53F6518CB0876,kinetic_energy,T0 melt kinetic energy,T0,matern52_no_nugget,"Matérn 5/2, no nugget",Matern,2.5,False,69,P-250p363893775_VX-0p962117015407_LS-8p16921850603e-05_ST-395p976068127_M-TI64_XI-0p0002_XF-0p0014_XL-0p0012_TE-0p0021_DT-5p01406848207e-06_H-0f2c16c7e5,70,3.207531,3.307562352236534,-0.10003135223653414,0.10003135223653414,0.010006271430269564,1.1144564969394037,1.2420132835704472,,,1.1144564969394037,latent predictive variance; numerical jitter excluded,1.03133361912726,,1.03133361912726,1.123227618235303,5.491897086237765,,,True,,"0.9**2 * Matern(length_scale=1.02, nu=2.5)",0.8105176287851451,1.0207002207543243,,,,,,,3.34997725,False,1e-06,numerical jitter only; separate from WhiteKernel nugget,163,164,True,False,False,False,True,True,False,"[""P"",""VX"",""LS"",""ST""]",3.4417715677914114,1.7049760336758677,"[277.9490899126442,0.629816961102626,59.50720896485825,349.34554857960745]","[101.46312396172634,0.2221879568492034,15.276707988567102,30.155940036532385]",A8991C0CC2DC4489922586E2524B70713B60B7D6F46F112647FAB1D38FC5DF52,250.363893775,0.962117015407,81.6921850603,395.976068127,434262375,fmin_l_bfgs_b,1,-109.47911082201276,2.2976603000424802,0,0,,completed_without_convergence_warning,False,False,,False,,False,,False
week7_phase3_new_data_replication,Phase 3B,F7F71204D643D1027D0FF4736F24213619BF6A09C2361C3C11F169797AC98A9C,3247A2983F95B67C45CAA91EED90A036B3991A23F748BBF512B53F6518CB0876,kinetic_energy,T0 melt kinetic energy,T0,matern52_no_nugget,"Matérn 5/2, no nugget",Matern,2.5,False,70,P-250p760727959_VX-0p576945875618_LS-7p55521762294e-05_ST-375p926323236_M-TI64_XI-0p0002_XF-0p0014_XL-0p0012_TE-0p0021_DT-8p36147861851e-06_H-a88ac79600,71,3.308473,3.3693015110819835,-0.06082851108198328,0.06082851108198328,0.0037001077604509633,0.5114441730000205,0.26157514209567495,,,0.5114441730000205,latent predictive variance; numerical jitter excluded,0.25549443344048817,,0.25549443344048817,2.366870932001943,4.371732090162023,,,True,,"0.895**2 * Matern(length_scale=1.01, nu=2.5)",0.8012819074881875,1.0108090134344396,,,,,,,3.34997725,False,1e-06,numerical jitter only; separate from WhiteKernel nugget,163,164,True,False,False,False,True,True,False,"[""P"",""VX"",""LS"",""ST""]",3.441152291717792,1.7050426681168491,"[277.94665534709816,0.6321799742301659,59.54487773069201,349.4685531494909]","[101.46378106478635,0.22365642995299406,15.323722224586781,30.304635175445867]",C716E03E180A7FC59577F48054D5C30B2804C9CA3D9DF89BA05FEFBAB21F792E,250.760727959,0.576945875618,75.55217622939999,375.926323236,913137973,fmin_l_bfgs_b,1,-110.35845229898152,1.6298555000103079,0,0,,completed_without_convergence_warning,False,False,,False,,False,,False
week7_phase3_new_data_replication,Phase 3B,F7F71204D643D1027D0FF4736F24213619BF6A09C2361C3C11F169797AC98A9C,3247A2983F95B67C45CAA91EED90A036B3991A23F748BBF512B53F6518CB0876,kinetic_energy,T0 melt kinetic energy,T0,matern52_no_nugget,"Matérn 5/2, no nugget",Matern,2.5,False,71,P-251p6022239_VX-0p703685008905_LS-6p09329521029e-05_ST-391p344263507_M-TI64_XI-0p0002_XF-0p0014_XL-0p0012_TE-0p0021_DT-6p85551140349e-06_H-0e4c2fc094,72,3.0173975,3.079054433021564,-0.061656933021564164,0.061656933021564164,0.0038015773896256494,0.5764036846670152,0.33224120769771187,,,0.5764036846670152,latent predictive variance; numerical jitter excluded,0.37371262147863094,,0.37371262147863094,1.9493032110742143,4.208805654968914,,,True,,"0.897**2 * Matern(length_scale=1.01, nu=2.5)",0.8042217202982113,1.0127429632831835,,,,,,,3.34997725,False,1e-06,numerical jitter only; separate from WhiteKernel nugget,163,164,True,False,False,False,True,True,False,"[""P"",""VX"",""LS"",""ST""]",3.4429380309815953,1.7047503233740111,"[277.9414927953129,0.6314024335351537,59.634566222265626,349.37396455887125]","[101.46514275632065,0.22362679350840653,15.374283187970983,30.197655513434512]",6D8BB9F1190CE9735D17822D5B736010CD7379F1F5B4FC4C3ACC482145F3FA67,251.6022239,0.703685008905,60.9329521029,391.344263507,3737040676,fmin_l_bfgs_b,1,-110.25870857014968,1.8033923000330105,0,0,,completed_without_convergence_warning,False,False,,False,,False,,False
week7_phase3_new_data_replication,Phase 3B,F7F71204D643D1027D0FF4736F24213619BF6A09C2361C3C11F169797AC98A9C,3247A2983F95B67C45CAA91EED90A036B3991A23F748BBF512B53F6518CB0876,kinetic_energy,T0 melt kinetic energy,T0,matern52_no_nugget,"Matérn 5/2, no nugget",Matern,2.5,False,72,P-252p710023356_VX-0p579349155213_LS-8p35702038612e-05_ST-362p250166341_M-TI64_XI-0p0002_XF-0p0014_XL-0p0012_TE-0p0021_DT-8p32679319476e-06_H-1d842653b1,73,3.268847,3.27558075764255,-0.006733757642550131,0.006733757642550131,4.53434919886023e-05,0.5516259927635738,0.3042912358923984,,,0.5516259927635738,latent predictive variance; numerical jitter excluded,0.32412802825140874,,0.32412802825140874,2.194393811825946,4.3567677034591545,,,True,,"0.895**2 * Matern(length_scale=1.01, nu=2.5)",0.8016719823865385,1.0111366027397575,,,,,,,3.34997725,False,1e-06,numerical jitter only; separate from WhiteKernel nugget,163,164,True,False,False,False,True,True,False,"[""P"",""VX"",""LS"",""ST""]",3.4413953960122705,1.705020908357825,"[277.93469647963195,0.6321652301835708,59.49568737712268,349.55245595252774]","[101.46686966388705,0.22365999140685053,15.259253722433195,30.358790616277435]",04A6B49242574286DFDBF91CEFC3F5307158A9899743A7F4AC1BA83CABA607B9,252.710023356,0.579349155213,83.5702038612,362.250166341,4078616565,fmin_l_bfgs_b,1,-110.32736716293297,2.6883542999858037,0,0,,completed_without_convergence_warning,False,False,,False,,False,,False
week7_phase3_new_data_replication,Phase 3B,F7F71204D643D1027D0FF4736F24213619BF6A09C2361C3C11F169797AC98A9C,3247A2983F95B67C45CAA91EED90A036B3991A23F748BBF512B53F6518CB0876,kinetic_energy,T0 melt kinetic energy,T0,matern52_no_nugget,"Matérn 5/2, no nugget",Matern,2.5,False,73,P-255p411547814_VX-0p885409904065_LS-6p83114026847e-05_ST-348p701073765_M-TI64_XI-0p0002_XF-0p0014_XL-0p0012_TE-0p0021_DT-5p44846017745e-06_H-89021150a8,74,3.2265575,3.2641614416066074,-0.03760394160660718,0.03760394160660718,0.0014140564243531229,0.49353634027621596,0.24357811917324082,,,0.49353634027621596,latent predictive variance; numerical jitter excluded,0.2156824236197994,,0.2156824236197994,2.296830214665224,4.2314926685479906,,,True,,"0.895**2 * Matern(length_scale=1.01, nu=2.5)",0.8008940773415023,1.0115689654799238,,,,,,,3.34997725,False,1e-06,numerical jitter only; separate from WhiteKernel nugget,163,164,True,False,False,False,True,True,False,"[""P"",""VX"",""LS"",""ST""]",3.441654840797546,1.7049914150142789,"[277.9181227099509,0.6302875568777303,59.589299654279124,349.6355792198651]","[101.47076784029727,0.22280917097185896,15.359524419765638,30.374890348961202]",D4DFF5E03A7A9D46F1B2FAE89906757FCE05632078FA2AC46122E8E8263203D5,255.411547814,0.885409904065,68.3114026847,348.701073765,619737627,fmin_l_bfgs_b,1,-110.23198336313027,2.482275199959986,0,0,,completed_without_convergence_warning,False,False,,False,,False,,False
week7_phase3_new_data_replication,Phase 3B,F7F71204D643D1027D0FF4736F24213619BF6A09C2361C3C11F169797AC98A9C,3247A2983F95B67C45CAA91EED90A036B3991A23F748BBF512B53F6518CB0876,kinetic_energy,T0 melt kinetic energy,T0,matern52_no_nugget,"Matérn 5/2, no nugget",Matern,2.5,False,74,P-255p66284442_VX-0p61175678634_LS-8p38548151022e-05_ST-392p782565278_M-TI64_XI-0p0002_XF-0p0014_XL-0p0012_TE-0p0021_DT-7p88568383831e-06_H-1d842653b1,75,3.210667,3.231391191338469,-0.020724191338469033,0.020724191338469033,0.0004294921066334749,0.8770018788885581,0.769132295574061,,,0.8770018788885581,latent predictive variance; numerical jitter excluded,0.7879715946087376,,0.7879715946087376,1.5124675087168953,4.950314873960043,,,True,,"0.898**2 * Matern(length_scale=1.01, nu=2.5)",0.8063252197484292,1.0149439159239615,,,,,,,3.34997725,False,1e-06,numerical jitter only; separate from WhiteKernel nugget,163,164,True,False,False,False,True,True,False,"[""P"",""VX"",""LS"",""ST""]",3.441752328527608,1.7049786590854348,"[277.9165810129816,0.6319664103607058,59.49394129588954,349.3651406216258]","[101.4711078728131,0.223692446704511,15.25648229571896,30.1851775312561]",A0C4EC0BE72B55221AA51385885B27F40876739AEB5781997F6806A4774D10C9,255.66284442,0.61175678634,83.85481510219999,392.782565278,3984474214,fmin_l_bfgs_b,1,-109.93524056468254,2.360844399954658,0,0,,completed_without_convergence_warning,False,False,,False,,False,,False
week7_phase3_new_data_replication,Phase 3B,F7F71204D643D1027D0FF4736F24213619BF6A09C2361C3C11F169797AC98A9C,3247A2983F95B67C45CAA91EED90A036B3991A23F748BBF512B53F6518CB0876,kinetic_energy,T0 melt kinetic energy,T0,matern52_no_nugget,"Matérn 5/2, no nugget",Matern,2.5,False,75,P-256p84590034_VX-0p686841697171_LS-8p87652204691e-05_ST-323p817390946_M-TI64_XI-0p0002_XF-0p0014_XL-0p0012_TE-0p0021_DT-7p0236280396e-06_H-27614c4053,76,3.0670715,3.1654415394310154,-0.09837003943101541,0.09837003943101541,0.009676664657659527,0.7234080885365859,0.5233192625601569,,,0.7234080885365859,latent predictive variance; numerical jitter excluded,0.6044022245479858,,0.6044022245479858,1.747561685899307,4.5833213929627235,,,True,,"0.897**2 * Matern(length_scale=1.01, nu=2.5)",0.8051483252600401,1.0139220237258135,,,,,,,3.34997725,False,1e-06,numerical jitter only; separate from WhiteKernel nugget,163,164,True,False,False,False,True,True,False,"[""P"",""VX"",""LS"",""ST""]",3.4426332825153376,1.7048219261099236,"[277.9093230012025,0.6315057667359758,59.463816109589544,349.7882398506565]","[101.4726570529627,0.2236562764680223,15.20340968048149,30.30720335734107]",11228F59CC0B33E528A159538C3CB3454CF09A29B136CC6243373D6E5E363087,256.84590034,0.686841697171,88.7652204691,323.817390946,949121284,fmin_l_bfgs_b,1,-110.12998374762843,2.2700722999870777,0,0,,completed_without_convergence_warning,False,False,,False,,False,,False
week7_phase3_new_data_replication,Phase 3B,F7F71204D643D1027D0FF4736F24213619BF6A09C2361C3C11F169797AC98A9C,3247A2983F95B67C45CAA91EED90A036B3991A23F748BBF512B53F6518CB0876,kinetic_energy,T0 melt kinetic energy,T0,matern52_no_nugget,"Matérn 5/2, no nugget",Matern,2.5,False,76,P-258p098094226_VX-0p965907163653_LS-4p72561688305e-05_ST-378p378118453_M-TI64_XI-0p0002_XF-0p0014_XL-0p0012_TE-0p0021_DT-4p99439364832e-06_H-985b11a49e,77,2.807073,2.791310065563777,0.01576293443622312,0.01576293443622312,0.00024847010204066865,0.985815131305063,0.9718314731100187,,,0.985815131305063,latent predictive variance; numerical jitter excluded,0.9047799336435406,,0.9047799336435406,0.8591124082058532,4.723507722921701,,,True,,"0.899**2 * Matern(length_scale=1.02, nu=2.5)",0.80784805917275,1.0173883273110564,,,,,,,3.34997725,False,1e-06,numerical jitter only; separate from WhiteKernel nugget,163,164,True,False,False,False,True,True,False,"[""P"",""VX"",""LS"",""ST""]",3.4442283653374233,1.7043480959061672,"[277.90164083012274,0.629793708659399,59.71847286810857,349.45351146104304]","[101.47420399509222,0.22215297864680172,15.3437888611943,30.29088755146266]",DFCAC44967DD0894B4DE0EEBD578C71EC134F92C5EDB177143180602706C9B1D,258.098094226,0.965907163653,47.2561688305,378.378118453,1446806087,fmin_l_bfgs_b,1,-109.5554552358554,1.9705612999969162,0,0,,completed_without_convergence_warning,False,False,,False,,False,,False
week7_phase3_new_data_replication,Phase 3B,F7F71204D643D1027D0FF4736F24213619BF6A09C2361C3C11F169797AC98A9C,3247A2983F95B67C45CAA91EED90A036B3991A23F748BBF512B53F6518CB0876,kinetic_energy,T0 melt kinetic energy,T0,matern52_no_nugget,"Matérn 5/2, no nugget",Matern,2.5,False,77,P-260p125654688_VX-0p378472963537_LS-6p21275317791e-05_ST-359p026868384_M-TI64_XI-0p0002_XF-0p0014_XL-0p0012_TE-0p0021_DT-1p27462753427e-05_H-0602c4a780,78,3.1769355,3.585486219172366,-0.4085507191723661,0.4085507191723661,0.16691369013625754,0.6648762473400011,0.44206042427692227,,,0.6648762473400011,latent predictive variance; numerical jitter excluded,0.699574765990538,,0.699574765990538,2.282328774385964,4.888643663958768,,,True,,"0.896**2 * Matern(length_scale=1.01, nu=2.5)",0.8023912107975636,1.0134673164306678,,,,,,,3.34997725,False,1e-06,numerical jitter only; separate from WhiteKernel nugget,163,164,True,False,False,False,True,True,False,"[""P"",""VX"",""LS"",""ST""]",3.4419592702453987,1.70494855120841,"[277.8892018088835,0.6333975994576567,59.62723751259569,349.5722307866197]","[101.47650651414017,0.22281055082653684,15.373377771979715,30.36600445710868]",3EB785A5BBE0B87A4600BA32145E406A7C6E5D823CB18A9841B3EBD6C65ACA98,260.125654688,0.378472963537,62.1275317791,359.026868384,1850354884,fmin_l_bfgs_b,1,-109.7415728061099,1.9589151999680325,0,0,,completed_without_convergence_warning,False,False,,False,,False,,False
week7_phase3_new_data_replication,Phase 3B,F7F71204D643D1027D0FF4736F24213619BF6A09C2361C3C11F169797AC98A9C,3247A2983F95B67C45CAA91EED90A036B3991A23F748BBF512B53F6518CB0876,kinetic_energy,T0 melt kinetic energy,T0,matern52_no_nugget,"Matérn 5/2, no nugget",Matern,2.5,False,78,P-261p886347681_VX-0p412060740992_LS-8p23359668267e-05_ST-378p690023731_M-TI64_XI-0p0002_XF-0p0014_XL-0p0012_TE-0p0021_DT-1p17073045867e-05_H-0e4c2fc094,79,3.364428,3.642841110815208,-0.2784131108152077,0.2784131108152077,0.07751386027380112,0.6355325668153895,0.40390164348295754,,,0.6355325668153895,latent predictive variance; numerical jitter excluded,0.5616029461200277,,0.5616029461200277,2.3971972798570444,4.888484941773371,,,True,,"0.897**2 * Matern(length_scale=1.01, nu=2.5)",0.8043604165730809,1.0149898348563517,,,,,,,3.34997725,False,1e-06,numerical jitter only; separate from WhiteKernel nugget,163,164,True,False,False,False,True,True,False,"[""P"",""VX"",""LS"",""ST""]",3.440809009509203,1.7050637134080815,"[277.8784000113804,0.6331915394732702,59.5032593834693,349.4515979317301]","[101.47830307737806,0.22303057533666704,15.270887530293438,30.28905036456547]",9C569BC0A94A29CE26B4DB92D63AF8E95E1AA139AE36FB88FE361FE5378F872E,261.886347681,0.412060740992,82.3359668267,378.690023731,264989208,fmin_l_bfgs_b,1,-110.01253385487108,2.785057200002484,0,0,,completed_without_convergence_warning,False,False,,False,,False,,False
week7_phase3_new_data_replication,Phase 3B,F7F71204D643D1027D0FF4736F24213619BF6A09C2361C3C11F169797AC98A9C,3247A2983F95B67C45CAA91EED90A036B3991A23F748BBF512B53F6518CB0876,kinetic_energy,T0 melt kinetic energy,T0,matern52_no_nugget,"Matérn 5/2, no nugget",Matern,2.5,False,79,P-263p723264659_VX-0p501861307944_LS-7p03164616445e-05_ST-399p080626763_M-TI64_XI-0p0002_XF-0p0014_XL-0p0012_TE-0p0021_DT-9p61245771821e-06_H-1d842653b1,80,3.7113045,3.5857898065712797,0.12551469342872013,0.12551469342872013,0.015753938266505597,0.7928172783219233,0.628559236805782,,,0.7928172783219233,latent predictive variance; numerical jitter excluded,0.699307815918957,,0.699307815918957,2.0318679410603098,5.1397116720822495,,,True,,"0.897**2 * Matern(length_scale=1.01, nu=2.5)",0.8048902545974287,1.0142312574518049,,,,,,,3.34997725,False,1e-06,numerical jitter only; separate from WhiteKernel nugget,163,164,True,False,False,False,True,True,False,"[""P"",""VX"",""LS"",""ST""]",3.4386809328220864,1.7049412446090224,"[277.86713058206755,0.6326406157496384,59.576998679065625,349.32650220760746]","[101.47997639960671,0.22346479177074857,15.351729354064519,30.125486580307182]",B0056E59883A8F8D5C4CE8A8E796A97DA739CF859335FF9E96BE13FD426F155D,263.723264659,0.501861307944,70.3164616445,399.080626763,1058469438,fmin_l_bfgs_b,1,-109.93737547247419,1.6678430999745615,0,0,,completed_without_convergence_warning,False,False,,False,,False,,False
week7_phase3_new_data_replication,Phase 3B,F7F71204D643D1027D0FF4736F24213619BF6A09C2361C3C11F169797AC98A9C,3247A2983F95B67C45CAA91EED90A036B3991A23F748BBF512B53F6518CB0876,kinetic_energy,T0 melt kinetic energy,T0,matern52_no_nugget,"Matérn 5/2, no nugget",Matern,2.5,False,80,P-264p370573209_VX-0p395776293281_LS-4p78236029631e-05_ST-378p311267492_M-TI64_XI-0p0002_XF-0p0014_XL-0p0012_TE-0p0021_DT-1p21890085003e-05_H-985b11a49e,81,3.36911,3.7730093331965,-0.40389933319649973,0.40389933319649973,0.1631346713565771,0.7512837214525626,0.5644272301196117,,,0.7512837214525626,latent predictive variance; numerical jitter excluded,0.7774800928076226,,0.7774800928076226,2.300493239149477,5.245525427243523,,,True,,"0.897**2 * Matern(length_scale=1.02, nu=2.5)",0.8054665451126709,1.0155370014182297,,,,,,,3.34997725,False,1e-06,numerical jitter only; separate from WhiteKernel nugget,163,164,True,False,False,False,True,True,False,"[""P"",""VX"",""LS"",""ST""]",3.4407802855828225,1.7050649604620516,"[277.8631593639693,0.6332914440604543,59.71499167711103,349.4539215896381]","[101.48051714710265,0.2229278284575082,15.346551289226984,30.29127872319883]",9E0E6E83BE3EBC666B16DEE26C3F6BF2D2B1FE05A24DFDCAE5CBB99E9AA442A1,264.370573209,0.395776293281,47.8236029631,378.311267492,3438436052,fmin_l_bfgs_b,1,-109.71732512860761,2.507774600002449,0,0,,completed_without_convergence_warning,False,False,,False,,False,,False
week7_phase3_new_data_replication,Phase 3B,F7F71204D643D1027D0FF4736F24213619BF6A09C2361C3C11F169797AC98A9C,3247A2983F95B67C45CAA91EED90A036B3991A23F748BBF512B53F6518CB0876,kinetic_energy,T0 melt kinetic energy,T0,matern52_no_nugget,"Matérn 5/2, no nugget",Matern,2.5,False,81,P-265p432977562_VX-0p293015283246_LS-7p41925746724e-05_ST-326p902943993_M-TI64_XI-0p0002_XF-0p0014_XL-0p0012_TE-0p0021_DT-1p64637166689e-05_H-1d842653b1,82,3.3065235,3.437897456937751,-0.13137395693775122,0.13137395693775122,0.017259116561482112,0.6206449671110208,0.3852001752002401,,,0.6206449671110208,latent predictive variance; numerical jitter excluded,0.4643452501757637,,0.4643452501757637,2.2214333214001503,4.654361592475352,,,True,,"0.896**2 * Matern(length_scale=1.02, nu=2.5)",0.8033534997518604,1.0151955265357,,,,,,,3.34997725,False,1e-06,numerical jitter only; separate from WhiteKernel nugget,163,164,True,False,False,False,True,True,False,"[""P"",""VX"",""LS"",""ST""]",3.4411642518404917,1.7050417305504584,"[277.85664154585277,0.6339218797048408,59.553218844538634,349.76931007736204]","[101.48134940888434,0.22210843976272687,15.332060854596518,30.32245129852305]",4B9BB26F8BA15596543A2FC5948057BEF650FDD2AE66A15C0B3F6CFF094D7834,265.432977562,0.293015283246,74.1925746724,326.902943993,4009096208,fmin_l_bfgs_b,1,-109.92283192126303,3.8146450000349432,0,0,,completed_without_convergence_warning,False,False,,False,,False,,False
week7_phase3_new_data_replication,Phase 3B,F7F71204D643D1027D0FF4736F24213619BF6A09C2361C3C11F169797AC98A9C,3247A2983F95B67C45CAA91EED90A036B3991A23F748BBF512B53F6518CB0876,kinetic_energy,T0 melt kinetic energy,T0,matern52_no_nugget,"Matérn 5/2, no nugget",Matern,2.5,False,82,P-267p46239641_VX-0p483361678819_LS-7p67845272617e-05_ST-366p829607628_M-TI64_XI-0p0002_XF-0p0014_XL-0p0012_TE-0p0021_DT-9p98035387249e-06_H-1d842653b1,83,3.78857,3.5517803118366134,0.23678968816338664,0.23678968816338664,0.05606935642051389,0.4989644440213535,0.2489655163975384,,,0.4989644440213535,latent predictive variance; numerical jitter excluded,0.3363227565221619,,0.3363227565221619,2.5738100015547607,4.529750622118466,,,True,,"0.896**2 * Matern(length_scale=1.01, nu=2.5)",0.8021198425864521,1.0121422162873612,,,,,,,3.34997725,False,1e-06,numerical jitter only; separate from WhiteKernel nugget,163,164,True,False,False,False,True,True,False,"[""P"",""VX"",""LS"",""ST""]",3.438206911349694,1.70485463852995,"[277.84419112347246,0.6327541104068469,59.53731729491102,349.5243612207056]","[101.48274836365746,0.22339363277770924,15.315516453603953,30.344904723164465]",3743A03D1218172A65974053487E2BCCD01DD3F6451879DD2A3EED9EC885797C,267.46239641,0.483361678819,76.7845272617,366.829607628,2641097177,fmin_l_bfgs_b,1,-110.25059426139306,3.805680299992673,0,0,,completed_without_convergence_warning,False,False,,False,,False,,False
week7_phase3_new_data_replication,Phase 3B,F7F71204D643D1027D0FF4736F24213619BF6A09C2361C3C11F169797AC98A9C,3247A2983F95B67C45CAA91EED90A036B3991A23F748BBF512B53F6518CB0876,kinetic_energy,T0 melt kinetic energy,T0,matern52_no_nugget,"Matérn 5/2, no nugget",Matern,2.5,False,83,P-267p660345133_VX-0p739236683111_LS-7p20061497304e-05_ST-322p433694738_M-TI64_XI-0p0002_XF-0p0014_XL-0p0012_TE-0p0021_DT-6p52581333317e-06_H-0e4c2fc094,84,3.360009,3.3405628705078736,0.019446129492126207,0.019446129492126207,0.00037815195222454066,0.5741896891904787,0.32969379917265856,,,0.5741896891904787,latent predictive variance; numerical jitter excluded,0.36471655455589214,,0.36471655455589214,2.215151079694535,4.465974661321212,,,True,,"0.895**2 * Matern(length_scale=1.01, nu=2.5)",0.8013210486014753,1.0108837820846757,,,,,,,3.34997725,False,1e-06,numerical jitter only; separate from WhiteKernel nugget,163,164,True,False,False,False,True,True,False,"[""P"",""VX"",""LS"",""ST""]",3.4408361199386506,1.7050624636068483,"[277.84297671412884,0.631184325104442,59.56663249448955,349.79672878444796]","[101.4828714073112,0.2235388337750966,15.34390160856729,30.29973312658074]",98A8C00BFEEBB220157BC4F9AC41B5235F048C1392239289822CB53166DED0CD,267.660345133,0.739236683111,72.0061497304,322.433694738,752503065,fmin_l_bfgs_b,1,-110.21478381435827,3.5679279000032693,0,0,,completed_without_convergence_warning,False,False,,False,,False,,False
week7_phase3_new_data_replication,Phase 3B,F7F71204D643D1027D0FF4736F24213619BF6A09C2361C3C11F169797AC98A9C,3247A2983F95B67C45CAA91EED90A036B3991A23F748BBF512B53F6518CB0876,kinetic_energy,T0 melt kinetic energy,T0,matern52_no_nugget,"Matérn 5/2, no nugget",Matern,2.5,False,84,P-270p660461155_VX-0p506275452772_LS-4p55363433165e-05_ST-392p157982605_M-TI64_XI-0p0002_XF-0p0014_XL-0p0012_TE-0p0021_DT-9p52864804446e-06_H-b5aba20bdc,85,3.8264715,3.7766711047780066,0.0498003952219932,0.0498003952219932,0.002480079364266723,0.8285587483443232,0.6865095994579115,,,0.8285587483443232,latent predictive variance; numerical jitter excluded,0.7326772940642554,,0.7326772940642554,2.1526959580231333,5.40064625153288,,,True,,"0.897**2 * Matern(length_scale=1.01, nu=2.5)",0.8054096749591635,1.0140734504588167,,,,,,,3.34997725,False,1e-06,numerical jitter only; separate from WhiteKernel nugget,163,164,True,False,False,False,True,True,False,"[""P"",""VX"",""LS"",""ST""]",3.4379743868098167,1.7048042513404928,"[277.824571094362,0.6326135351065219,59.72902394488157,349.3689724171657]","[101.48444445628834,0.22348037064902468,15.334621541704777,30.19064868508116]",17C7C4111A2A3B56BD6AB9898667F25D43A472AF149DAA919BF72F88FAF4890D,270.660461155,0.506275452772,45.5363433165,392.157982605,2471667531,fmin_l_bfgs_b,1,-109.91000550759341,4.187961300020106,0,0,,completed_without_convergence_warning,False,False,,False,,False,,False
week7_phase3_new_data_replication,Phase 3B,F7F71204D643D1027D0FF4736F24213619BF6A09C2361C3C11F169797AC98A9C,3247A2983F95B67C45CAA91EED90A036B3991A23F748BBF512B53F6518CB0876,kinetic_energy,T0 melt kinetic energy,T0,matern52_no_nugget,"Matérn 5/2, no nugget",Matern,2.5,False,85,P-273p06384474_VX-0p951903552318_LS-4p77154604482e-05_ST-314p535783501_M-TI64_XI-0p0002_XF-0p0014_XL-0p0012_TE-0p0021_DT-5p06786700319e-06_H-b5afaa2141,86,2.929168,2.8442691184128868,0.08489888158711345,0.08489888158711345,0.007207820094742711,0.8819229147296387,0.7777880275252216,,,0.8819229147296387,latent predictive variance; numerical jitter excluded,0.7979214457145937,,0.7979214457145937,1.115700205542795,4.572838031282979,,,True,,"0.898**2 * Matern(length_scale=1.02, nu=2.5)",0.8063886080768742,1.0166421960677854,,,,,,,3.34997725,False,1e-06,numerical jitter only; separate from WhiteKernel nugget,163,164,True,False,False,False,True,True,False,"[""P"",""VX"",""LS"",""ST""]",3.44347931625767,1.7046011079068306,"[277.80982640979147,0.6298796203853806,59.71565512812268,349.8451822276197]","[101.48530966177056,0.22228020073882024,15.34603484870609,30.249580697626335]",1C72AFADD27441FACDB2A7C3E7BC55E1CDAC0EF686899A9581259CDAB16DAD2F,273.06384474,0.951903552318,47.7154604482,314.535783501,2216570583,fmin_l_bfgs_b,1,-109.66755022706741,2.6516545999911614,0,0,,completed_without_convergence_warning,False,False,,False,,False,,False
week7_phase3_new_data_replication,Phase 3B,F7F71204D643D1027D0FF4736F24213619BF6A09C2361C3C11F169797AC98A9C,3247A2983F95B67C45CAA91EED90A036B3991A23F748BBF512B53F6518CB0876,kinetic_energy,T0 melt kinetic energy,T0,matern52_no_nugget,"Matérn 5/2, no nugget",Matern,2.5,False,86,P-273p444240295_VX-0p704920639812_LS-6p35261824567e-05_ST-347p093922324_M-TI64_XI-0p0002_XF-0p0014_XL-0p0012_TE-0p0021_DT-6p84349461565e-06_H-1d842653b1,87,3.372267,3.347770428062988,0.024496571937012046,0.024496571937012046,0.0006000820366652061,0.5091154608546878,0.2591985524812812,,,0.5091154608546878,latent predictive variance; numerical jitter excluded,0.24501565578506979,,0.24501565578506979,2.3499041247877996,4.345636731338176,,,True,,"0.894**2 * Matern(length_scale=1.01, nu=2.5)",0.8000187669662806,1.0092335728940895,,,,,,,3.34997725,False,1e-06,numerical jitter only; separate from WhiteKernel nugget,163,164,True,False,False,False,True,True,False,"[""P"",""VX"",""LS"",""ST""]",3.440760917484663,1.7050657565353604,"[277.80749269473006,0.631394852977442,59.61865683359201,349.6454390446565]","[101.48541439784444,0.22362432217034656,15.371589399746982,30.374324554523795]",4474D6B2379227D1D2A1F647B9848AC9A5EDAB21CC5B90EB92FF436D10DB813B,273.444240295,0.704920639812,63.526182456700006,347.093922324,1013634064,fmin_l_bfgs_b,1,-110.29632308979164,2.6053302999935113,0,0,,completed_without_convergence_warning,False,False,,False,,False,,False
week7_phase3_new_data_replication,Phase 3B,F7F71204D643D1027D0FF4736F24213619BF6A09C2361C3C11F169797AC98A9C,3247A2983F95B67C45CAA91EED90A036B3991A23F748BBF512B53F6518CB0876,kinetic_energy,T0 melt kinetic energy,T0,matern52_no_nugget,"Matérn 5/2, no nugget",Matern,2.5,False,87,P-277p972333632_VX-0p331196372511_LS-4p5620211888e-05_ST-324p411035281_M-TI64_XI-0p0002_XF-0p0014_XL-0p0012_TE-0p0021_DT-1p4565741063e-05_H-0e4c2fc094,88,3.376393,3.8990986229443436,-0.5227056229443434,0.5227056229443434,0.2732211682576341,0.8715114676267077,0.759532238204858,,,0.8715114676267077,latent predictive variance; numerical jitter excluded,0.9612737466054757,,0.9612737466054757,2.1909361463959964,5.607261099492691,,,True,,"0.897**2 * Matern(length_scale=1.02, nu=2.5)",0.8045246575479666,1.016159361442749,,,,,,,3.34997725,False,1e-06,numerical jitter only; separate from WhiteKernel nugget,163,164,True,False,False,False,True,True,False,"[""P"",""VX"",""LS"",""ST""]",3.440735604601228,1.7050667425602144,"[277.7797129810062,0.6336876398933992,59.72850941376808,349.78459786087126]","[101.48598521203921,0.22244745089153314,15.335096333610657,30.310288206570767]",016B029ED738F9E05F4B776E1C252AF090DF1632C7EC832A2302664D9FA8CC4E,277.972333632,0.331196372511,45.620211888,324.411035281,2200386174,fmin_l_bfgs_b,1,-109.47011836555109,1.7797700999653898,0,0,,completed_without_convergence_warning,False,False,,False,,False,,False
week7_phase3_new_data_replication,Phase 3B,F7F71204D643D1027D0FF4736F24213619BF6A09C2361C3C11F169797AC98A9C,3247A2983F95B67C45CAA91EED90A036B3991A23F748BBF512B53F6518CB0876,kinetic_energy,T0 melt kinetic energy,T0,matern52_no_nugget,"Matérn 5/2, no nugget",Matern,2.5,False,88,P-279p19481345_VX-0p961152667742_LS-7p84955743249e-05_ST-372p579911887_M-TI64_XI-0p0002_XF-0p0014_XL-0p0012_TE-0p0021_DT-5p01909921797e-06_H-6ea4fcc339,89,3.848077,3.830447768721931,0.017629231278069035,0.017629231278069035,0.0003107897954556476,0.46276628191832164,0.21415263168050755,,,0.46276628191832164,latent predictive variance; numerical jitter excluded,0.1491310170274065,,0.1491310170274065,2.9234258561620203,4.7374696812818415,,,True,,"0.897**2 * Matern(length_scale=1.02, nu=2.5)",0.804523159866496,1.015648100725023,,,,,,,3.34997725,False,1e-06,numerical jitter only; separate from WhiteKernel nugget,163,164,True,False,False,False,True,True,False,"[""P"",""VX"",""LS"",""ST""]",3.4378418377300624,1.7047732002118454,"[277.77221310482213,0.6298228773459696,59.526820073664396,349.4890832804664]","[101.48592552911343,0.22219679197611017,15.30310024967349,30.321414088688044]",F7D2BFDC6E030D597838F6153F54DDE6529914BFBE4B92B5E43987303CA6A040,279.19481345,0.961152667742,78.4955743249,372.579911887,2056711958,fmin_l_bfgs_b,1,-110.30098938335674,4.045722200011369,0,0,,completed_without_convergence_warning,False,False,,False,,False,,False
week7_phase3_new_data_replication,Phase 3B,F7F71204D643D1027D0FF4736F24213619BF6A09C2361C3C11F169797AC98A9C,3247A2983F95B67C45CAA91EED90A036B3991A23F748BBF512B53F6518CB0876,kinetic_energy,T0 melt kinetic energy,T0,matern52_no_nugget,"Matérn 5/2, no nugget",Matern,2.5,False,89,P-282p804328276_VX-0p543976889672_LS-5p22197252327e-05_ST-303p777238342_M-TI64_XI-0p0002_XF-0p0014_XL-0p0012_TE-0p0021_DT-8p8682454983e-06_H-cfd320609e,90,6.422592999999999,3.58662355289815,2.8359694471018493,2.8359694471018493,8.04272270489517,0.6122803323961508,0.3748872054391409,,,0.6122803323961508,latent predictive variance; numerical jitter excluded,11.155230247447921,,11.155230247447921,2.3865541014016944,4.786693004394605,,,False,,"0.902**2 * Matern(length_scale=1.07, nu=2.5)",0.814369451907486,1.0679582409223523,,,,,,,3.34997725,False,1e-06,numerical jitter only; separate from WhiteKernel nugget,163,164,True,False,False,False,True,True,False,"[""P"",""VX"",""LS"",""ST""]",3.4220472610429455,1.6888989974694026,"[277.7500688420859,0.632382237947626,59.688021601837406,349.91118557215344]","[101.48521890017336,0.2235914703445038,15.363553255573414,30.160596797129898]",9E6A90E6A0CA67906ADED7AE1DB7D732D39D9450BCD7EC83B93D3F01C98D67E7,282.804328276,0.543976889672,52.2197252327,303.777238342,2878569671,fmin_l_bfgs_b,1,-101.84769204139535,2.5722698000026867,0,0,,completed_without_convergence_warning,False,False,,False,,False,,False
week7_phase3_new_data_replication,Phase 3B,F7F71204D643D1027D0FF4736F24213619BF6A09C2361C3C11F169797AC98A9C,3247A2983F95B67C45CAA91EED90A036B3991A23F748BBF512B53F6518CB0876,kinetic_energy,T0 melt kinetic energy,T0,matern52_no_nugget,"Matérn 5/2, no nugget",Matern,2.5,False,90,P-287p102038097_VX-0p362628106341_LS-6p67475186474e-05_ST-334p763632341_M-TI64_XI-0p0002_XF-0p0014_XL-0p0012_TE-0p0021_DT-1p33032175903e-05_H-c5f6eebf67,91,3.5736395,3.821024659931223,-0.2473851599312229,0.2473851599312229,0.06119941735419673,0.6049365716201544,0.3659482556835461,,,0.6049365716201544,latent predictive variance; numerical jitter excluded,0.4999244495522758,,0.4999244495522758,2.6353489795557206,5.006700340306725,,,True,,"0.896**2 * Matern(length_scale=1.01, nu=2.5)",0.8030678127772936,1.0136864390672071,,,,,,,3.34997725,False,1e-06,numerical jitter only; separate from WhiteKernel nugget,163,164,True,False,False,False,True,True,False,"[""P"",""VX"",""LS"",""ST""]",3.439525503374234,1.7050419836877337,"[277.7237025241657,0.6334948071705157,59.59889403487605,349.7210849954725]","[101.48334405619345,0.22269582525574708,15.364480472919789,30.352514055797045]",E4BC8FCFD33E5D970A223B837C1B69248DE3C11EB90381B3F7AD54F175312598,287.102038097,0.362628106341,66.7475186474,334.763632341,1194409335,fmin_l_bfgs_b,1,-109.92943951398684,3.195880000013858,0,0,,completed_without_convergence_warning,False,False,,False,,False,,False
week7_phase3_new_data_replication,Phase 3B,F7F71204D643D1027D0FF4736F24213619BF6A09C2361C3C11F169797AC98A9C,3247A2983F95B67C45CAA91EED90A036B3991A23F748BBF512B53F6518CB0876,kinetic_energy,T0 melt kinetic energy,T0,matern52_no_nugget,"Matérn 5/2, no nugget",Matern,2.5,False,91,P-292p980726174_VX-0p558994342483_LS-6p4603431573e-05_ST-342p453415035_M-TI64_XI-0p0002_XF-0p0014_XL-0p0012_TE-0p0021_DT-8p62999897564e-06_H-0e4c2fc094,92,3.8776105,4.082930930983278,-0.20532043098327835,0.20532043098327835,0.042156479379159166,0.5866446678425684,0.3441519663081174,,,0.5866446678425684,latent predictive variance; numerical jitter excluded,0.44684945089058054,,0.44684945089058054,2.933107382011844,5.232754479954712,,,True,,"0.895**2 * Matern(length_scale=1.01, nu=2.5)",0.8019025770981023,1.0105783039932725,,,,,,,3.34997725,False,1e-06,numerical jitter only; separate from WhiteKernel nugget,163,164,True,False,False,False,True,True,False,"[""P"",""VX"",""LS"",""ST""]",3.4376606506134975,1.7047280198288897,"[277.6876369531411,0.6322901063352887,59.61204794330796,349.6739084145277]","[101.47896004495003,0.22362478260468857,15.36967627373831,30.36974463464616]",ADDFE740008A846DC292405AAE0F4F86CA2648A887731BEB93466D503BD6871E,292.980726174,0.558994342483,64.603431573,342.453415035,3418498476,fmin_l_bfgs_b,1,-110.13015316037367,3.7185856999712996,0,0,,completed_without_convergence_warning,False,False,,False,,False,,False
week7_phase3_new_data_replication,Phase 3B,F7F71204D643D1027D0FF4736F24213619BF6A09C2361C3C11F169797AC98A9C,3247A2983F95B67C45CAA91EED90A036B3991A23F748BBF512B53F6518CB0876,kinetic_energy,T0 melt kinetic energy,T0,matern52_no_nugget,"Matérn 5/2, no nugget",Matern,2.5,False,92,P-293p577290228_VX-0p952339824621_LS-7p01980103413e-05_ST-347p682708595_M-TI64_XI-0p0002_XF-0p0014_XL-0p0012_TE-0p0021_DT-5p06554538443e-06_H-1d842653b1,93,4.087968500000001,4.090075707644284,-0.0021072076442836263,0.0021072076442836263,4.440324056127349e-06,0.5597624682539664,0.3133340208657727,,,0.5597624682539664,latent predictive variance; numerical jitter excluded,0.3387028697445497,,0.3387028697445497,2.99294126986651,5.187210145422059,,,True,,"0.897**2 * Matern(length_scale=1.01, nu=2.5)",0.8039312512970707,1.0141499029717596,,,,,,,3.34997725,False,1e-06,numerical jitter only; separate from WhiteKernel nugget,163,164,True,False,False,False,True,True,False,"[""P"",""VX"",""LS"",""ST""]",3.4363701107361972,1.7043147992843788,"[277.68397705096936,0.6298769438681844,59.577725374177284,349.6418268589449]","[101.47839766483652,0.22227632051222473,15.35223489218605,30.37459276097028]",EC2EB28E4018F547784174E640763613CF9D4C4B79B4E5827D7E1230343FE84A,293.577290228,0.952339824621,70.19801034129999,347.682708595,1358567159,fmin_l_bfgs_b,1,-110.10729678304048,3.6490710000507534,0,0,,completed_without_convergence_warning,False,False,,False,,False,,False
week7_phase3_new_data_replication,Phase 3B,F7F71204D643D1027D0FF4736F24213619BF6A09C2361C3C11F169797AC98A9C,3247A2983F95B67C45CAA91EED90A036B3991A23F748BBF512B53F6518CB0876,kinetic_energy,T0 melt kinetic energy,T0,matern52_no_nugget,"Matérn 5/2, no nugget",Matern,2.5,False,93,P-293p648784497_VX-0p426690912013_LS-5p33940457289e-05_ST-351p677261216_M-TI64_XI-0p0002_XF-0p0014_XL-0p0012_TE-0p0021_DT-1p13058902058e-05_H-5799d46da7,94,4.523251,3.6111249015754,0.9121260984246002,0.9121260984246002,0.8319740194272836,0.7114345965345443,0.5061391851462699,,,0.7114345965345443,latent predictive variance; numerical jitter excluded,1.4003493842104313,,1.4003493842104313,2.216713092367693,5.005536710783106,,,True,,"0.897**2 * Matern(length_scale=1.02, nu=2.5)",0.8051500384022588,1.0170118818606724,,,,,,,3.34997725,False,1e-06,numerical jitter only; separate from WhiteKernel nugget,163,164,True,False,False,False,True,True,False,"[""P"",""VX"",""LS"",""ST""]",3.433699665950921,1.7029501727475018,"[277.68353843582213,0.6331017838228347,59.68081718161532,349.6173204011473]","[101.4783288144619,0.2231165879438596,15.366777994284044,30.374552088733754]",F1884A5A61AC598F6389DFBAE6FD637D7DBDA523BD6E9076416062E2344F38D2,293.648784497,0.426690912013,53.3940457289,351.677261216,2749362133,fmin_l_bfgs_b,1,-109.27878456728338,2.804054200008977,0,0,,completed_without_convergence_warning,False,False,,False,,False,,False
week7_phase3_new_data_replication,Phase 3B,F7F71204D643D1027D0FF4736F24213619BF6A09C2361C3C11F169797AC98A9C,3247A2983F95B67C45CAA91EED90A036B3991A23F748BBF512B53F6518CB0876,kinetic_energy,T0 melt kinetic energy,T0,matern52_no_nugget,"Matérn 5/2, no nugget",Matern,2.5,False,94,P-307p26373251_VX-0p980958450675_LS-7p64412572662e-05_ST-372p845922747_M-TI64_XI-0p0002_XF-0p0014_XL-0p0012_TE-0p0021_DT-4p91776241868e-06_H-0e4c2fc094,95,4.273444,4.21296774087211,0.06047625912788934,0.06047625912788934,0.003657377918103619,0.4942730521006685,0.24430585003291017,,,0.4942730521006685,latent predictive variance; numerical jitter excluded,0.22175660000288455,,0.22175660000288455,3.2441925587547997,5.181742922989421,,,True,,"0.897**2 * Matern(length_scale=1.02, nu=2.5)",0.8051390815117968,1.0158603620706448,,,,,,,3.34997725,False,1e-06,numerical jitter only; separate from WhiteKernel nugget,163,164,True,False,False,False,True,True,False,"[""P"",""VX"",""LS"",""ST""]",3.4352322242331295,1.7038173905031113,"[277.6000111473988,0.629701369475215,59.539423245803654,349.4874513120001]","[101.4595483680742,0.22201007789535618,15.317864095567655,30.32016405867129]",0AB6B03DCB1AEAECE8D65839199615ACB59B4524CD508F18D907ACC428B2B0F4,307.26373251,0.980958450675,76.4412572662,372.845922747,1763676176,fmin_l_bfgs_b,1,-110.28470992835624,2.0168506000190973,0,0,,completed_without_convergence_warning,False,False,,False,,False,,False
week7_phase3_new_data_replication,Phase 3B,F7F71204D643D1027D0FF4736F24213619BF6A09C2361C3C11F169797AC98A9C,3247A2983F95B67C45CAA91EED90A036B3991A23F748BBF512B53F6518CB0876,kinetic_energy,T0 melt kinetic energy,T0,matern52_no_nugget,"Matérn 5/2, no nugget",Matern,2.5,False,95,P-307p533441342_VX-0p76958695679_LS-6p29715413405e-05_ST-358p843506265_M-TI64_XI-0p0002_XF-0p0014_XL-0p0012_TE-0p0021_DT-6p26845421489e-06_H-0602c4a780,96,4.056573,4.0736441841462065,-0.017071184146206342,0.017071184146206342,0.00029142532815368673,0.4377879194224544,0.1916582623922414,,,0.4377879194224544,latent predictive variance; numerical jitter excluded,0.09367811842663516,,0.09367811842663516,3.215579862078196,4.931708506214217,,,True,,"0.895**2 * Matern(length_scale=1.01, nu=2.5)",0.8008203383354995,1.0098230574511944,,,,,,,3.34997725,False,1e-06,numerical jitter only; separate from WhiteKernel nugget,163,164,True,False,False,False,True,True,False,"[""P"",""VX"",""LS"",""ST""]",3.436562721165645,1.7043866521864703,"[277.5983564919878,0.6309981271064113,59.62205953982636,349.57335570759517]","[101.45906238264966,0.22343608954273808,15.372392596431354,30.366351288821324]",990734E682DDE856FB0F94EEA4EBBB69DD163D8FB737B34B83124C6A94E60ECA,307.533441342,0.76958695679,62.9715413405,358.843506265,3219206999,fmin_l_bfgs_b,1,-110.49174622152987,5.128079099988099,0,0,,completed_without_convergence_warning,False,False,,False,,False,,False
week7_phase3_new_data_replication,Phase 3B,F7F71204D643D1027D0FF4736F24213619BF6A09C2361C3C11F169797AC98A9C,3247A2983F95B67C45CAA91EED90A036B3991A23F748BBF512B53F6518CB0876,kinetic_energy,T0 melt kinetic energy,T0,matern52_no_nugget,"Matérn 5/2, no nugget",Matern,2.5,False,96,P-308p624203673_VX-0p258745269308_LS-8p46230110859e-05_ST-352p536460601_M-TI64_XI-0p0002_XF-0p0014_XL-0p0012_TE-0p0021_DT-1p86442852305e-05_H-19ea1511f8,97,4.6239565,4.19456146676442,0.42939503323558004,0.42939503323558004,0.18438009456738488,0.9499979986596181,0.9024961974572797,,,0.9499979986596181,latent predictive variance; numerical jitter excluded,0.9697931994136004,,0.9697931994136004,2.3325653893915685,6.056557544137272,,,True,,"0.898**2 * Matern(length_scale=1.02, nu=2.5)",0.8070127675504105,1.0175256734281888,,,,,,,3.34997725,False,1e-06,numerical jitter only; separate from WhiteKernel nugget,163,164,True,False,False,False,True,True,False,"[""P"",""VX"",""LS"",""ST""]",3.4330818407975463,1.702536456679183,"[277.5916646985461,0.634132125189123,59.48922843709384,349.61204923927613]","[101.45705178459073,0.22176916275726313,15.248835716623454,30.374119596525826]",290B8AA0E19CD178DCEA48336DDEFB2E2C2B6DC927B64D4EDBC5A1012B782CF7,308.624203673,0.258745269308,84.6230110859,352.536460601,2134523870,fmin_l_bfgs_b,1,-109.66601031751411,3.0716876999940723,0,0,,completed_without_convergence_warning,False,False,,False,,False,,False
week7_phase3_new_data_replication,Phase 3B,F7F71204D643D1027D0FF4736F24213619BF6A09C2361C3C11F169797AC98A9C,3247A2983F95B67C45CAA91EED90A036B3991A23F748BBF512B53F6518CB0876,kinetic_energy,T0 melt kinetic energy,T0,matern52_no_nugget,"Matérn 5/2, no nugget",Matern,2.5,False,97,P-310p791038761_VX-0p793031296086_LS-6p97064070297e-05_ST-311p244290057_M-TI64_XI-0p0002_XF-0p0014_XL-0p0012_TE-0p0021_DT-6p08314025792e-06_H-9f078c62f6,98,4.200818,4.415748930497005,-0.21493093049700462,0.21493093049700462,0.04619530488430823,0.582998586106155,0.3398873514017758,,,0.582998586106155,latent predictive variance; numerical jitter excluded,0.4473248026573608,,0.4473248026573608,3.2730717017289406,5.5584261592650686,,,True,,"0.897**2 * Matern(length_scale=1.01, nu=2.5)",0.8039611763875504,1.0131545146033714,,,,,,,3.34997725,False,1e-06,numerical jitter only; separate from WhiteKernel nugget,163,164,True,False,False,False,True,True,False,"[""P"",""VX"",""LS"",""ST""]",3.4356777825153384,1.7040270206017039,"[277.5783712317485,0.630854296803982,59.58074134541409,349.8653754389326]","[101.45284281527832,0.22333926405809143,15.354272544646975,30.224894350421472]",AB7097B66F97B78EFC934A06EBF82CA824065D7A80E3BDA245534833A5A78A74,310.791038761,0.793031296086,69.7064070297,311.244290057,777989585,fmin_l_bfgs_b,1,-110.22406034036698,1.8308891000342555,0,0,,completed_without_convergence_warning,False,False,,False,,False,,False
week7_phase3_new_data_replication,Phase 3B,F7F71204D643D1027D0FF4736F24213619BF6A09C2361C3C11F169797AC98A9C,3247A2983F95B67C45CAA91EED90A036B3991A23F748BBF512B53F6518CB0876,kinetic_energy,T0 melt kinetic energy,T0,matern52_no_nugget,"Matérn 5/2, no nugget",Matern,2.5,False,98,P-311p847977036_VX-0p831533579891_LS-6p59632228328e-05_ST-369p023839283_M-TI64_XI-0p0002_XF-0p0014_XL-0p0012_TE-0p0021_DT-5p80147419139e-06_H-0602c4a780,99,4.321232500000001,4.339883806095043,-0.018651306095041953,0.018651306095041953,0.0003478712190509491,0.5502844625827639,0.30281298976000126,,,0.5502844625827639,latent predictive variance; numerical jitter excluded,0.32219300287341485,,0.32219300287341485,3.2613262594328254,5.4184413527572595,,,True,,"0.896**2 * Matern(length_scale=1.01, nu=2.5)",0.8030804731386784,1.0116293408049726,,,,,,,3.34997725,False,1e-06,numerical jitter only; separate from WhiteKernel nugget,163,164,True,False,False,False,True,True,False,"[""P"",""VX"",""LS"",""ST""]",3.4349390432515343,1.7036690136420267,"[277.5718869478528,0.63061808647389,59.603705665640476,349.5108996768099]","[101.45068604517867,0.22314717267412437,15.366595471778737,30.33673702016662]",6FB4331B2E5506637D5D918DCF5A8C2012F14361FFE6DC57EEBCD9A4E13D124B,311.847977036,0.831533579891,65.9632228328,369.023839283,2148470172,fmin_l_bfgs_b,1,-110.30819731614605,2.6951210999977775,0,0,,completed_without_convergence_warning,False,False,,False,,False,,False
week7_phase3_new_data_replication,Phase 3B,F7F71204D643D1027D0FF4736F24213619BF6A09C2361C3C11F169797AC98A9C,3247A2983F95B67C45CAA91EED90A036B3991A23F748BBF512B53F6518CB0876,kinetic_energy,T0 melt kinetic energy,T0,matern52_no_nugget,"Matérn 5/2, no nugget",Matern,2.5,False,99,P-319p96920879_VX-0p866402209965_LS-6p35942162539e-05_ST-320p061265262_M-TI64_XI-0p0002_XF-0p0014_XL-0p0012_TE-0p0021_DT-5p56799203364e-06_H-560be51b32,100,4.421108,4.441328611671713,-0.02022061167171252,0.02022061167171252,0.0004088731363781965,0.6482282065874813,0.4201998078156223,,,0.6482282065874813,latent predictive variance; numerical jitter excluded,0.4859125815161038,,0.4859125815161038,3.1708013267602495,5.711855896583176,,,True,,"0.897**2 * Matern(length_scale=1.01, nu=2.5)",0.8047357129438792,1.013197311913947,,,,,,,3.34997725,False,1e-06,numerical jitter only; separate from WhiteKernel nugget,163,164,True,False,False,False,True,True,False,"[""P"",""VX"",""LS"",""ST""]",3.4343263101226995,1.7033321498899918,"[277.52206344015957,0.6304041684979758,59.61823944833311,349.8112835665093]","[101.43184449829508,0.2229376527494259,15.37148236887749,30.28601260503251]",485096C8FE602615EC4083C557A882B6C2B6A88566F0E0C44CA1B92B2699A4C3,319.96920879,0.866402209965,63.5942162539,320.061265262,1504995777,fmin_l_bfgs_b,1,-110.16296222977213,4.727520200016443,0,0,,completed_without_convergence_warning,False,False,,False,,False,,False
week7_phase3_new_data_replication,Phase 3B,F7F71204D643D1027D0FF4736F24213619BF6A09C2361C3C11F169797AC98A9C,3247A2983F95B67C45CAA91EED90A036B3991A23F748BBF512B53F6518CB0876,kinetic_energy,T0 melt kinetic energy,T0,matern52_no_nugget,"Matérn 5/2, no nugget",Matern,2.5,False,100,P-323p763442528_VX-0p850556183123_LS-6p97450047543e-05_ST-350p102665969_M-TI64_XI-0p0002_XF-0p0014_XL-0p0012_TE-0p0021_DT-5p67172480635e-06_H-fe613e406c,101,4.561991,4.438954958152567,0.123036041847433,0.123036041847433,0.015137867593483284,0.6107411202928275,0.37300471601653795,,,0.6107411202928275,latent predictive variance; numerical jitter excluded,0.44614821638720464,,0.44614821638720464,3.2419023623786254,5.636007553926508,,,True,,"0.897**2 * Matern(length_scale=1.01, nu=2.5)",0.8046437184292174,1.0123353225845875,,,,,,,3.34997725,False,1e-06,numerical jitter only; separate from WhiteKernel nugget,163,164,True,False,False,False,True,True,False,"[""P"",""VX"",""LS"",""ST""]",3.4334619972392644,1.7027953848201336,"[277.49878593256443,0.630501383386577,59.58050454955765,349.6269804946872]","[101.42166478954464,0.2230370644973105,15.35411608488391,30.374955291791544]",43A5B4C3705D431FA1655500D3273B913FF1F641D8AE0F6A220EAE04D170E52B,323.763442528,0.850556183123,69.7450047543,350.102665969,563681400,fmin_l_bfgs_b,1,-110.25183584063413,2.009506800037343,0,0,,completed_without_convergence_warning,False,False,,False,,False,,False
week7_phase3_new_data_replication,Phase 3B,F7F71204D643D1027D0FF4736F24213619BF6A09C2361C3C11F169797AC98A9C,3247A2983F95B67C45CAA91EED90A036B3991A23F748BBF512B53F6518CB0876,kinetic_energy,T0 melt kinetic energy,T0,matern52_no_nugget,"Matérn 5/2, no nugget",Matern,2.5,False,101,P-324p489523844_VX-0p639524903021_LS-7p4699050731e-05_ST-392p096101418_M-TI64_XI-0p0002_XF-0p0014_XL-0p0012_TE-0p0021_DT-7p54328811939e-06_H-eed8ed7ef3,102,4.65747,4.23121018222365,0.4262598177763497,0.4262598177763497,0.18169743225072685,0.9725178981836404,0.9457910622875256,,,0.9725178981836404,latent predictive variance; numerical jitter excluded,0.9871275327951503,,0.9871275327951503,2.325075101783715,6.137345262663586,,,True,,"0.897**2 * Matern(length_scale=1.01, nu=2.5)",0.8041154905735658,1.012215057544514,,,,,,,3.34997725,False,1e-06,numerical jitter only; separate from WhiteKernel nugget,163,164,True,False,False,False,True,True,False,"[""P"",""VX"",""LS"",""ST""]",3.4328762365030676,1.7023906001975055,"[277.4943314459632,0.6317960538166507,59.550111629455195,349.3693520563498]","[101.4196167609353,0.22369719912040775,15.32904209041571,30.191186348985557]",DFE351E9A41BD28938A2AFFD750CE57C85FDB89ACFBF6CF969B4F3E536699444,324.489523844,0.639524903021,74.699050731,392.096101418,295799052,fmin_l_bfgs_b,1,-109.92656212610761,1.7905363999889232,0,0,,completed_without_convergence_warning,False,False,,False,,False,,False
week7_phase3_new_data_replication,Phase 3B,F7F71204D643D1027D0FF4736F24213619BF6A09C2361C3C11F169797AC98A9C,3247A2983F95B67C45CAA91EED90A036B3991A23F748BBF512B53F6518CB0876,kinetic_energy,T0 melt kinetic energy,T0,matern52_no_nugget,"Matérn 5/2, no nugget",Matern,2.5,False,102,P-326p931045044_VX-0p255856443683_LS-6p48737236991e-05_ST-399p817710522_M-TI64_XI-0p0002_XF-0p0014_XL-0p0012_TE-0p0021_DT-1p88547942494e-05_H-9cf0389d20,103,4.2471275,3.5398552873677076,0.7072722126322928,0.7072722126322928,0.5002339827617792,1.2419210644457754,1.542367930314128,,,1.2419210644457754,latent predictive variance; numerical jitter excluded,1.297762243692125,,1.297762243692125,1.1056900010539876,5.974020573681427,,,True,,"0.901**2 * Matern(length_scale=1.02, nu=2.5)",0.8126512963035405,1.0228604190313177,,,,,,,3.34997725,False,1e-06,numerical jitter only; separate from WhiteKernel nugget,163,164,True,False,False,False,True,True,False,"[""P"",""VX"",""LS"",""ST""]",3.435393675153375,1.7038955617690905,"[277.47935278829453,0.6341498480457182,59.610389709405496,349.32198022135594]","[101.4124943932775,0.22173904523760943,15.369123073197692,30.11796163811373]",A990CA5FA461DB1AD46A927A32E15E4B1FED32257A8D2EABC1F94B6B704FE8BD,326.931045044,0.255856443683,64.8737236991,399.817710522,3416099732,fmin_l_bfgs_b,1,-109.19466748774236,2.6254437000025064,0,0,,completed_without_convergence_warning,False,False,,False,,False,,False
week7_phase3_new_data_replication,Phase 3B,F7F71204D643D1027D0FF4736F24213619BF6A09C2361C3C11F169797AC98A9C,3247A2983F95B67C45CAA91EED90A036B3991A23F748BBF512B53F6518CB0876,kinetic_energy,T0 melt kinetic energy,T0,matern52_no_nugget,"Matérn 5/2, no nugget",Matern,2.5,False,103,P-328p176471421_VX-0p746856862244_LS-5p78341655667e-05_ST-308p284457774_M-TI64_XI-0p0002_XF-0p0014_XL-0p0012_TE-0p0021_DT-6p45923047225e-06_H-354781c6a2,104,4.1574395,3.7725257815074325,0.3849137184925673,0.3849137184925673,0.14815857068377533,0.5120106765092871,0.26215493285949787,,,0.5120106765092871,latent predictive variance; numerical jitter excluded,0.5321069937533622,,0.5321069937533622,2.76898485554923,4.776066707465635,,,True,,"0.897**2 * Matern(length_scale=1.01, nu=2.5)",0.8048723642412609,1.0147498062378546,,,,,,,3.34997725,False,1e-06,numerical jitter only; separate from WhiteKernel nugget,163,164,True,False,False,False,True,True,False,"[""P"",""VX"",""LS"",""ST""]",3.4359439082822094,1.704143104036601,"[277.47171213567486,0.6311375755392089,59.65357718261041,349.88353391919634]","[101.4087213133698,0.22351543342335115,15.373961049265581,30.200787444606313]",FB1801A2CBD8BFF30865EA3206AD469CB14E1B1F2DDC392582F3B8EE4F834B3D,328.176471421,0.746856862244,57.8341655667,308.284457774,2203508332,fmin_l_bfgs_b,1,-110.1461701376989,4.04268910002429,0,0,,completed_without_convergence_warning,False,False,,False,,False,,False
week7_phase3_new_data_replication,Phase 3B,F7F71204D643D1027D0FF4736F24213619BF6A09C2361C3C11F169797AC98A9C,3247A2983F95B67C45CAA91EED90A036B3991A23F748BBF512B53F6518CB0876,kinetic_energy,T0 melt kinetic energy,T0,matern52_no_nugget,"Matérn 5/2, no nugget",Matern,2.5,False,104,P-335p17845091_VX-0p53366627312_LS-7p35439468085e-05_ST-327p916348879_M-TI64_XI-0p0002_XF-0p0014_XL-0p0012_TE-0p0021_DT-9p03958306155e-06_H-1d842653b1,105,5.039591000000001,4.721599305624972,0.3179916943750287,0.3179916943750287,0.10111871769150167,0.61452100380292,0.3776360641149484,,,0.61452100380292,latent predictive variance; numerical jitter excluded,0.565910182990947,,0.565910182990947,3.5171381381712488,5.926060473078695,,,True,,"0.898**2 * Matern(length_scale=1.01, nu=2.5)",0.8072661120814127,1.012645600615474,,,,,,,3.34997725,False,1e-06,numerical jitter only; separate from WhiteKernel nugget,163,164,True,False,False,False,True,True,False,"[""P"",""VX"",""LS"",""ST""]",3.430531935889571,1.7004384204018168,"[277.4287552062945,0.632445493263896,59.557198156587106,349.7630928694725]","[101.38574795329349,0.2235649909796721,15.335775241294717,30.327034860863424]",A7007F03D2861FF66A62F792D2CEB3CDBD54060BB4CE06D4607676FF9EE92785,335.17845091,0.53366627312,73.5439468085,327.916348879,3480568512,fmin_l_bfgs_b,1,-110.46474986542265,4.302438099985011,0,0,,completed_without_convergence_warning,False,False,,False,,False,,False
week7_phase3_new_data_replication,Phase 3B,F7F71204D643D1027D0FF4736F24213619BF6A09C2361C3C11F169797AC98A9C,3247A2983F95B67C45CAA91EED90A036B3991A23F748BBF512B53F6518CB0876,kinetic_energy,T0 melt kinetic energy,T0,matern52_no_nugget,"Matérn 5/2, no nugget",Matern,2.5,False,105,P-336p384535968_VX-0p857000372961_LS-5p14827567032e-05_ST-367p720955238_M-TI64_XI-0p0002_XF-0p0014_XL-0p0012_TE-0p0021_DT-5p62907643359e-06_H-1d842653b1,106,4.093987,3.730213434179575,0.3637735658204253,0.3637735658204253,0.1323312071897073,0.5435745479773918,0.2954732892088258,,,0.5435745479773918,latent predictive variance; numerical jitter excluded,0.5332810277627082,,0.5332810277627082,2.664807320143887,4.795619548215263,,,True,,"0.895**2 * Matern(length_scale=1.01, nu=2.5)",0.80163034462518,1.0129147020301759,,,,,,,3.34997725,False,1e-06,numerical jitter only; separate from WhiteKernel nugget,163,164,True,False,False,False,True,True,False,"[""P"",""VX"",""LS"",""ST""]",3.436333187423313,1.7043006170071817,"[277.4213559114602,0.6304618484795954,59.6925428811595,349.51889283046023]","[101.38148891720833,0.22299748006209827,15.361246161897487,30.34170520647719]",2EBD0BFF5F09F0B298B8067E50DBDE5AEA7D9AF6E3E898F30E4034FB229931C7,336.384535968,0.857000372961,51.4827567032,367.720955238,1015862894,fmin_l_bfgs_b,1,-110.021884724061,3.99319079995621,0,0,,completed_without_convergence_warning,False,False,,False,,False,,False
week7_phase3_new_data_replication,Phase 3B,F7F71204D643D1027D0FF4736F24213619BF6A09C2361C3C11F169797AC98A9C,3247A2983F95B67C45CAA91EED90A036B3991A23F748BBF512B53F6518CB0876,kinetic_energy,T0 melt kinetic energy,T0,matern52_no_nugget,"Matérn 5/2, no nugget",Matern,2.5,False,106,P-339p704237738_VX-0p701398887747_LS-5p24684299583e-05_ST-300p218383071_M-TI64_XI-0p0002_XF-0p0014_XL-0p0012_TE-0p0021_DT-6p87785607775e-06_H-1d842653b1,107,3.921858,4.603643879582659,-0.6817858795826592,0.6817858795826592,0.4648319855983003,0.5576769688048625,0.3110036015353796,,,0.5576769688048625,latent predictive variance; numerical jitter excluded,1.0822727906208,,1.0822727906208,3.510597020725129,5.696690738440189,,,True,,"0.899**2 * Matern(length_scale=1.02, nu=2.5)",0.8083356842481422,1.0201999636068633,,,,,,,3.34997725,False,1e-06,numerical jitter only; separate from WhiteKernel nugget,163,164,True,False,False,False,True,True,False,"[""P"",""VX"",""LS"",""ST""]",3.4373891935582828,1.7046544170662954,"[277.40098964293253,0.6314164588183316,59.686495805974836,349.9330190400737]","[101.3693077338053,0.22363125470699094,15.364282509363958,30.125884089808235]",3F5F41ECC585003731E5F2F3CFC28610C45574DAB0A3A24013E26F35B56B4886,339.704237738,0.701398887747,52.4684299583,300.218383071,3959566542,fmin_l_bfgs_b,1,-109.60277840830416,2.834984999964945,0,0,,completed_without_convergence_warning,False,False,,False,,False,,False
week7_phase3_new_data_replication,Phase 3B,F7F71204D643D1027D0FF4736F24213619BF6A09C2361C3C11F169797AC98A9C,3247A2983F95B67C45CAA91EED90A036B3991A23F748BBF512B53F6518CB0876,kinetic_energy,T0 melt kinetic energy,T0,matern52_no_nugget,"Matérn 5/2, no nugget",Matern,2.5,False,107,P-340p203296502_VX-0p374609743194_LS-5p54750053524e-05_ST-307p813155606_M-TI64_XI-0p0002_XF-0p0014_XL-0p0012_TE-0p0021_DT-1p28777232591e-05_H-22f5435fc5,108,4.629030500000001,6.210650360158472,-1.5816198601584714,1.5816198601584714,2.5015213820477027,0.5648507351943532,0.3190563530496014,,,0.5648507351943532,latent predictive variance; numerical jitter excluded,4.2679321521464715,,4.2679321521464715,5.10354291917754,7.317757801139404,,,False,,"0.924**2 * Matern(length_scale=1.06, nu=2.5)",0.8537707310351811,1.06358647445792,,,,,,,3.34997725,False,1e-06,numerical jitter only; separate from WhiteKernel nugget,163,164,True,False,False,False,True,True,False,"[""P"",""VX"",""LS"",""ST""]",3.4330507119631903,1.7025146361558798,"[277.397927932724,0.6334213001959574,59.66805055815826,349.88642534353994]","[101.36741835571277,0.22278322565346062,15.37113066104084,30.196781782443672]",CB05280168C3BA59301A31754D64A573A1B34EDED650EBC48D2BCAA321B3C696,340.203296502,0.374609743194,55.4750053524,307.813155606,2357967704,fmin_l_bfgs_b,1,-106.7305139129738,2.143244799983222,0,0,,completed_without_convergence_warning,False,False,,False,,False,,False
week7_phase3_new_data_replication,Phase 3B,F7F71204D643D1027D0FF4736F24213619BF6A09C2361C3C11F169797AC98A9C,3247A2983F95B67C45CAA91EED90A036B3991A23F748BBF512B53F6518CB0876,kinetic_energy,T0 melt kinetic energy,T0,matern52_no_nugget,"Matérn 5/2, no nugget",Matern,2.5,False,108,P-341p923576441_VX-0p300981342968_LS-7p54559898543e-05_ST-360p882535069_M-TI64_XI-0p0002_XF-0p0014_XL-0p0012_TE-0p0021_DT-1p60279722173e-05_H-1d842653b1,109,4.534538,4.754386635238429,-0.2198486352384288,0.2198486352384288,0.048333422416199714,0.9197745276547977,0.8459851817226063,,,0.9197745276547977,latent predictive variance; numerical jitter excluded,0.8638781684442038,,0.8638781684442038,2.951628561035026,6.5571447094418325,,,True,,"0.9**2 * Matern(length_scale=1.02, nu=2.5)",0.8095079056951152,1.0175993931762324,,,,,,,3.34997725,False,1e-06,numerical jitter only; separate from WhiteKernel nugget,163,164,True,False,False,False,True,True,False,"[""P"",""VX"",""LS"",""ST""]",3.4336304205521473,1.7029056379200187,"[277.3873740680675,0.633873008172804,59.54546783115274,349.5608463284295]","[101.36078905768854,0.22218255684721083,15.324336773149122,30.36210960178169]",63CF2EC5F0282E0F5A329BBDB1A1E8ABF6D2B48BCA2E72F993B711639DDF9544,341.923576441,0.300981342968,75.4559898543,360.882535069,1164840256,fmin_l_bfgs_b,1,-109.74011783858649,3.431242000020575,0,0,,completed_without_convergence_warning,False,False,,False,,False,,False
week7_phase3_new_data_replication,Phase 3B,F7F71204D643D1027D0FF4736F24213619BF6A09C2361C3C11F169797AC98A9C,3247A2983F95B67C45CAA91EED90A036B3991A23F748BBF512B53F6518CB0876,kinetic_energy,T0 melt kinetic energy,T0,matern52_no_nugget,"Matérn 5/2, no nugget",Matern,2.5,False,109,P-342p674555398_VX-0p462731136977_LS-5p8783513777e-05_ST-328p309527448_M-TI64_XI-0p0002_XF-0p0014_XL-0p0012_TE-0p0021_DT-1p04253209208e-05_H-add9572a86,110,4.875843,4.816825477970034,0.0590175220299658,0.0590175220299658,0.003483067906557498,0.6838099533364054,0.4675960522819369,,,0.6838099533364054,latent predictive variance; numerical jitter excluded,0.5425877283349697,,0.5425877283349697,3.4765579694306794,6.157092986509388,,,True,,"0.898**2 * Matern(length_scale=1.01, nu=2.5)",0.8057465892367794,1.011788878508674,,,,,,,3.34997725,False,1e-06,numerical jitter only; separate from WhiteKernel nugget,163,164,True,False,False,False,True,True,False,"[""P"",""VX"",""LS"",""ST""]",3.4315365248466265,1.7013401185186998,"[277.38276683520246,0.6328806781482089,59.647752960461325,349.7606807310123]","[101.35783842708264,0.22330309326084027,15.374469373697467,30.328756716609444]",19DCED066893F6E55A6151CFC888164CB79A04E63546EC1FA1386FC144F240FF,342.674555398,0.462731136977,58.783513777,328.309527448,755466003,fmin_l_bfgs_b,1,-110.33530405625928,2.6673915999708697,0,0,,completed_without_convergence_warning,False,False,,False,,False,,False
week7_phase3_new_data_replication,Phase 3B,F7F71204D643D1027D0FF4736F24213619BF6A09C2361C3C11F169797AC98A9C,3247A2983F95B67C45CAA91EED90A036B3991A23F748BBF512B53F6518CB0876,kinetic_energy,T0 melt kinetic energy,T0,matern52_no_nugget,"Matérn 5/2, no nugget",Matern,2.5,False,110,P-347p783460623_VX-0p850325890926_LS-5p3362114496e-05_ST-354p131736173_M-TI64_XI-0p0002_XF-0p0014_XL-0p0012_TE-0p0021_DT-5p67326086915e-06_H-d1ce08951f,111,4.276374499999999,4.720800691595276,-0.4444261915952765,0.4444261915952765,0.19751463977588143,0.5685715901757393,0.32327365315496887,,,0.5685715901757393,latent predictive variance; numerical jitter excluded,0.6598018845887774,,0.6598018845887774,3.6064003748508267,5.835201008339725,,,True,,"0.899**2 * Matern(length_scale=1.02, nu=2.5)",0.8082960241223675,1.0168475922527396,,,,,,,3.34997725,False,1e-06,numerical jitter only; separate from WhiteKernel nugget,163,164,True,False,False,False,True,True,False,"[""P"",""VX"",""LS"",""ST""]",3.435214245705522,1.70380853018889,"[277.351423858362,0.6305027962221414,59.68101307874967,349.60226227257675]","[101.33685125311844,0.22303845770339864,15.36669764493906,30.372918699677385]",DD9C1448416E52C565C083E7C3DB69FA98F59117E134004F5C4C8E6A2402978A,347.783460623,0.850325890926,53.362114496,354.131736173,2572070729,fmin_l_bfgs_b,1,-109.93576528996013,2.8469266000320204,0,0,,completed_without_convergence_warning,False,False,,False,,False,,False
week7_phase3_new_data_replication,Phase 3B,F7F71204D643D1027D0FF4736F24213619BF6A09C2361C3C11F169797AC98A9C,3247A2983F95B67C45CAA91EED90A036B3991A23F748BBF512B53F6518CB0876,kinetic_energy,T0 melt kinetic energy,T0,matern52_no_nugget,"Matérn 5/2, no nugget",Matern,2.5,False,111,P-348p497115387_VX-0p94790268949_LS-7p31988762132e-05_ST-305p038657876_M-TI64_XI-0p0002_XF-0p0014_XL-0p0012_TE-0p0021_DT-5p08925721649e-06_H-1d842653b1,112,5.2926585,5.122311208112034,0.17034729188796582,0.17034729188796582,0.029018199853563825,0.5207901996943542,0.2712224320976854,,,0.5207901996943542,latent predictive variance; numerical jitter excluded,0.320025733332624,,0.320025733332624,4.1015624167111,6.143059999512968,,,True,,"0.9**2 * Matern(length_scale=1.02, nu=2.5)",0.8105247097010548,1.0169509099477712,,,,,,,3.34997725,False,1e-06,numerical jitter only; separate from WhiteKernel nugget,163,164,True,False,False,False,True,True,False,"[""P"",""VX"",""LS"",""ST""]",3.4289793745398782,1.6988523133244673,"[277.3470456082761,0.6299041655561047,59.55931515410428,349.9034468020062]","[101.33379268549322,0.2223155349968522,15.337681933088033,30.172269014143495]",20B54927E4D31FFD725A919DB78FA436DB0E63B50BBA1E74FEB41319FD896533,348.497115387,0.94790268949,73.19887621320001,305.038657876,311979957,fmin_l_bfgs_b,1,-110.74906952216213,3.0770992999896407,0,0,,completed_without_convergence_warning,False,False,,False,,False,,False
week7_phase3_new_data_replication,Phase 3B,F7F71204D643D1027D0FF4736F24213619BF6A09C2361C3C11F169797AC98A9C,3247A2983F95B67C45CAA91EED90A036B3991A23F748BBF512B53F6518CB0876,kinetic_energy,T0 melt kinetic energy,T0,matern52_no_nugget,"Matérn 5/2, no nugget",Matern,2.5,False,112,P-352p513614722_VX-0p929202686833_LS-7p33895545023e-05_ST-314p010655484_M-TI64_XI-0p0002_XF-0p0014_XL-0p0012_TE-0p0021_DT-5p19167741481e-06_H-1553ff852f,113,5.377543999999999,5.305551068360318,0.07199293163968168,0.07199293163968168,0.0051829822060758795,0.47083418026975793,0.2216848253102949,,,0.47083418026975793,latent predictive variance; numerical jitter excluded,0.1773792070555107,,0.1773792070555107,4.382716075031592,6.228386061689044,,,True,,"0.9**2 * Matern(length_scale=1.02, nu=2.5)",0.8103458184622214,1.0155028781875453,,,,,,,3.34997725,False,1e-06,numerical jitter only; separate from WhiteKernel nugget,163,164,True,False,False,False,True,True,False,"[""P"",""VX"",""LS"",""ST""]",3.4284586046012278,1.698267826151776,"[277.3224045080614,0.6300188894987857,59.55814534864968,349.84840387189575]","[101.31599839058323,0.2224747237107746,15.336634291453157,30.24579179957018]",C81EB61551BD6C81DEBD953C3FC076B90C314972E0F5CC7266E3F1CC443CAF10,352.513614722,0.929202686833,73.3895545023,314.010655484,1463626715,fmin_l_bfgs_b,1,-110.9462645460772,2.798463699989952,0,0,,completed_without_convergence_warning,False,False,,False,,False,,False
week7_phase3_new_data_replication,Phase 3B,F7F71204D643D1027D0FF4736F24213619BF6A09C2361C3C11F169797AC98A9C,3247A2983F95B67C45CAA91EED90A036B3991A23F748BBF512B53F6518CB0876,kinetic_energy,T0 melt kinetic energy,T0,matern52_no_nugget,"Matérn 5/2, no nugget",Matern,2.5,False,113,P-353p971838789_VX-0p831374608218_LS-4p0859447809e-05_ST-397p346534493_M-TI64_XI-0p0002_XF-0p0014_XL-0p0012_TE-0p0021_DT-5p80258352291e-06_H-eac21b41c2,114,3.3399455,3.749845616230598,-0.4099001162305984,0.4099001162305984,0.1680181052858581,0.4512928400971892,0.20366522752298716,,,0.4512928400971892,latent predictive variance; numerical jitter excluded,0.5357856840970154,,0.5357856840970154,2.865311649640107,4.634379582821089,,,True,,"0.893**2 * Matern(length_scale=1.01, nu=2.5)",0.797325421858432,1.0134333295811897,,,,,,,3.34997725,False,1e-06,numerical jitter only; separate from WhiteKernel nugget,163,164,True,False,False,False,True,True,False,"[""P"",""VX"",""LS"",""ST""]",3.440959208895706,1.7050559000229535,"[277.3134583481412,0.6306190617602273,59.757716555357035,349.33714081049084]","[101.3092940413605,0.22314805044349542,15.303631990695665,30.142743885507308]",075F08052E6021D631E00E1A74C1781C52B2D4AE8553DC5BFB58861ED7043ADC,353.971838789,0.831374608218,40.859447809,397.346534493,2998728072,fmin_l_bfgs_b,1,-110.09134554008281,4.544010799960233,0,0,,completed_without_convergence_warning,False,False,,False,,False,,False
week7_phase3_new_data_replication,Phase 3B,F7F71204D643D1027D0FF4736F24213619BF6A09C2361C3C11F169797AC98A9C,3247A2983F95B67C45CAA91EED90A036B3991A23F748BBF512B53F6518CB0876,kinetic_energy,T0 melt kinetic energy,T0,matern52_no_nugget,"Matérn 5/2, no nugget",Matern,2.5,False,114,P-354p619445985_VX-0p364015239092_LS-5p30095356481e-05_ST-318p142674345_M-TI64_XI-0p0002_XF-0p0014_XL-0p0012_TE-0p0021_DT-1p32525237544e-05_H-1553ff852f,115,5.135254,4.546871400069563,0.5883825999304371,0.5883825999304371,0.3461940839009008,0.46760709804971967,0.21865639814648014,,,0.46760709804971967,latent predictive variance; numerical jitter excluded,0.9504511645954947,,0.9504511645954947,3.630361487892112,5.463381312247013,,,True,,"0.906**2 * Matern(length_scale=1.03, nu=2.5)",0.8216690026724286,1.0266861285363151,,,,,,,3.34997725,False,1e-06,numerical jitter only; separate from WhiteKernel nugget,163,164,True,False,False,False,True,True,False,"[""P"",""VX"",""LS"",""ST""]",3.4299450463190193,1.699866363440377,"[277.30948529785894,0.6334862971536384,59.683176139166235,349.82305406293256]","[101.30627490534668,0.22270614915126571,15.365783184204915,30.27407295412994]",71D1E0C395D32D0F0D9EE5938BC148F0ADF692AE1811E2685C67E5EAB05D6557,354.619445985,0.364015239092,53.0095356481,318.142674345,312825139,fmin_l_bfgs_b,1,-110.0259674590849,2.8678947999724187,0,0,,completed_without_convergence_warning,False,False,,False,,False,,False
week7_phase3_new_data_replication,Phase 3B,F7F71204D643D1027D0FF4736F24213619BF6A09C2361C3C11F169797AC98A9C,3247A2983F95B67C45CAA91EED90A036B3991A23F748BBF512B53F6518CB0876,kinetic_energy,T0 melt kinetic energy,T0,matern52_no_nugget,"Matérn 5/2, no nugget",Matern,2.5,False,115,P-355p313197397_VX-0p977425276438_LS-4p00293473664e-05_ST-317p253821106_M-TI64_XI-0p0002_XF-0p0014_XL-0p0012_TE-0p0021_DT-4p9355390323e-06_H-4dbd940f3b,116,3.511389,4.118070640368148,-0.6066816403681483,0.6066816403681483,0.36806261275978724,0.7328698085832714,0.5370981563328809,,,0.7328698085832714,latent predictive variance; numerical jitter excluded,0.9507913148537894,,0.9507913148537894,2.681645815544936,5.55449546519136,,,True,,"0.9**2 * Matern(length_scale=1.02, nu=2.5)",0.8099315719828081,1.0221614825962873,,,,,,,3.34997725,False,1e-06,numerical jitter only; separate from WhiteKernel nugget,163,164,True,False,False,False,True,True,False,"[""P"",""VX"",""LS"",""ST""]",3.4399074082822088,1.705065008761264,"[277.305229154227,0.6297230453907795,59.76280919610919,349.8285071502884]","[101.30301219501591,0.22204419665944292,15.297202835197885,30.26828546094618]",431A59120386CD5ED7A53836232A771F2F8B26446041C7DC9E35392B77C22888,355.313197397,0.977425276438,40.0293473664,317.253821106,2904321198,fmin_l_bfgs_b,1,-109.48561934603526,2.431452199991327,0,0,,completed_without_convergence_warning,False,False,,False,,False,,False
week7_phase3_new_data_replication,Phase 3B,F7F71204D643D1027D0FF4736F24213619BF6A09C2361C3C11F169797AC98A9C,3247A2983F95B67C45CAA91EED90A036B3991A23F748BBF512B53F6518CB0876,kinetic_energy,T0 melt kinetic energy,T0,matern52_no_nugget,"Matérn 5/2, no nugget",Matern,2.5,False,116,P-358p08766286_VX-0p398145183006_LS-4p39068251559e-05_ST-301p093308231_M-TI64_XI-0p0002_XF-0p0014_XL-0p0012_TE-0p0021_DT-1p21164861687e-05_H-3d091b92d3,117,7.2599555,5.686267907790343,1.573687592209657,1.573687592209657,2.4764926378746273,0.7102869579687394,0.5045075626604858,,,0.7102869579687394,latent predictive variance; numerical jitter excluded,3.031218527586242,,3.031218527586242,4.294105470171614,7.078430345409073,,,False,,"0.897**2 * Matern(length_scale=1.02, nu=2.5)",0.8052043380037406,1.0152048004107244,,,,,,,3.34997725,False,1e-06,numerical jitter only; separate from WhiteKernel nugget,163,164,True,False,False,False,True,True,False,"[""P"",""VX"",""LS"",""ST""]",3.4169100677914117,1.6784585110369532,"[277.2882078937178,0.6332769109946568,59.73902098881163,349.9276514010553]","[101.28966964731548,0.22294323427493457,15.32483141239531,30.134662227046977]",241EA156ED803F5046C5DE91959048F4DE5F69783DE6EE8F362B5343DC09144F,358.08766286,0.398145183006,43.9068251559,301.093308231,3991083326,fmin_l_bfgs_b,1,-110.14605874781375,1.846595700015314,0,0,,completed_without_convergence_warning,False,False,,False,,False,,False
week7_phase3_new_data_replication,Phase 3B,F7F71204D643D1027D0FF4736F24213619BF6A09C2361C3C11F169797AC98A9C,3247A2983F95B67C45CAA91EED90A036B3991A23F748BBF512B53F6518CB0876,kinetic_energy,T0 melt kinetic energy,T0,matern52_no_nugget,"Matérn 5/2, no nugget",Matern,2.5,False,117,P-360p567405001_VX-0p20359066256_LS-4p0817768449e-05_ST-337p353350673_M-TI64_XI-0p0002_XF-0p0014_XL-0p0012_TE-0p0021_DT-2p36951957538e-05_H-a3855470b8,118,3.171646,3.146660601594072,0.02498539840592784,0.02498539840592784,0.0006242701335029414,0.6843076727521463,0.46827699098745856,,,0.6843076727521463,latent predictive variance; numerical jitter excluded,0.5402574454337005,,0.5402574454337005,1.8054175629998654,4.487903640188279,,,True,,"0.897**2 * Matern(length_scale=1.02, nu=2.5)",0.8054888678347469,1.0187688674946946,,,,,,,3.34997725,False,1e-06,numerical jitter only; separate from WhiteKernel nugget,163,164,True,False,False,False,True,True,False,"[""P"",""VX"",""LS"",""ST""]",3.4419917211656452,1.7049434562574173,"[277.2729947517485,0.6344704970096628,59.75797225695212,349.70519715294483]","[101.27734590714,0.2211532130044906,15.303315874308277,30.359660659360877]",A31E1C2F06116911FE7410A5B26388368BA3553602749B8E4797944474BB83E6,360.567405001,0.20359066256,40.817768449,337.353350673,1955772769,fmin_l_bfgs_b,1,-109.75079615944664,3.3331102000083774,0,0,,completed_without_convergence_warning,False,False,,False,,False,,False
week7_phase3_new_data_replication,Phase 3B,F7F71204D643D1027D0FF4736F24213619BF6A09C2361C3C11F169797AC98A9C,3247A2983F95B67C45CAA91EED90A036B3991A23F748BBF512B53F6518CB0876,kinetic_energy,T0 melt kinetic energy,T0,matern52_no_nugget,"Matérn 5/2, no nugget",Matern,2.5,False,118,P-363p673556898_VX-0p448546579177_LS-4p04529881073e-05_ST-391p93586396_M-TI64_XI-0p0002_XF-0p0014_XL-0p0012_TE-0p0021_DT-1p07550047798e-05_H-f55fc58583,119,6.751311,4.9951737742737965,1.7561372257262038,1.7561372257262038,3.0840179555813276,0.46827674887025533,0.2192831135324962,,,0.46827674887025533,latent predictive variance; numerical jitter excluded,7.192288885132281,,7.192288885132281,4.077351346488096,5.912996202059497,,,False,,"0.913**2 * Matern(length_scale=1.06, nu=2.5)",0.8332310259029981,1.0592520022798748,,,,,,,3.34997725,False,1e-06,numerical jitter only; separate from WhiteKernel nugget,163,164,True,False,False,False,True,True,False,"[""P"",""VX"",""LS"",""ST""]",3.42003058619632,1.6851144142513512,"[277.2539386051411,0.6329676999752027,59.760210173158875,349.3703351082394]","[101.26137811912922,0.2232339939907373,15.300519017818523,30.192574913286794]",6828440E4DEF90D636271E11E2E90DDC73262A7B5E8BEAD3A8C188BE3DCEF7E0,363.673556898,0.448546579177,40.4529881073,391.93586396,64565741,fmin_l_bfgs_b,1,-105.76372373616074,2.1436783999670297,0,0,,completed_without_convergence_warning,False,False,,False,,False,,False
week7_phase3_new_data_replication,Phase 3B,F7F71204D643D1027D0FF4736F24213619BF6A09C2361C3C11F169797AC98A9C,3247A2983F95B67C45CAA91EED90A036B3991A23F748BBF512B53F6518CB0876,kinetic_energy,T0 melt kinetic energy,T0,matern52_no_nugget,"Matérn 5/2, no nugget",Matern,2.5,False,119,P-364p483174853_VX-0p95103094401_LS-4p26115279421e-05_ST-393p929813999_M-TI64_XI-0p0002_XF-0p0014_XL-0p0012_TE-0p0021_DT-5p07251697056e-06_H-1ef68d8f61,120,3.817205,3.6068288323866793,0.21037616761332067,0.21037616761332067,0.04425813189966799,0.41498397343741,0.172211698209901,,,0.41498397343741,latent predictive variance; numerical jitter excluded,0.16792235838329833,,0.16792235838329833,2.7934602444493555,4.420197420324003,,,True,,"0.894**2 * Matern(length_scale=1.01, nu=2.5)",0.799067745407291,1.0143097042668983,,,,,,,3.34997725,False,1e-06,numerical jitter only; separate from WhiteKernel nugget,163,164,True,False,False,False,True,True,False,"[""P"",""VX"",""LS"",""ST""]",3.438031236503068,1.7048170509595675,"[277.2489716238221,0.6298849738105832,59.74696759748526,349.3581022859142]","[101.25711907464968,0.22228794569758786,15.316281432521993,30.1749174897414]",181CDDCEE351002D90763AE05A390ACF689B39B638CCE3CB24656CE8BA23490B,364.483174853,0.95103094401,42.6115279421,393.929813999,289115753,fmin_l_bfgs_b,1,-110.34714739877157,4.250089899986051,0,0,,completed_without_convergence_warning,False,False,,False,,False,,False
week7_phase3_new_data_replication,Phase 3B,F7F71204D643D1027D0FF4736F24213619BF6A09C2361C3C11F169797AC98A9C,3247A2983F95B67C45CAA91EED90A036B3991A23F748BBF512B53F6518CB0876,kinetic_energy,T0 melt kinetic energy,T0,matern52_no_nugget,"Matérn 5/2, no nugget",Matern,2.5,False,120,P-367p938083726_VX-0p695829187084_LS-4p35800266683e-05_ST-364p389584597_M-TI64_XI-0p0002_XF-0p0014_XL-0p0012_TE-0p0021_DT-6p93290924348e-06_H-c87ffcf9e3,121,4.451026,5.128878022977998,-0.6778520229779987,0.6778520229779987,0.4594833650553653,0.18110289090234466,0.03279825709318655,,,0.18110289090234466,latent predictive variance; numerical jitter excluded,6.214940382389956,,6.214940382389956,4.773916356809403,5.483839689146594,,,False,,"0.92**2 * Matern(length_scale=1.07, nu=2.5)",0.847111271266315,1.074302335792251,,,,,,,3.34997725,False,1e-06,numerical jitter only; separate from WhiteKernel nugget,163,164,True,False,False,False,True,True,False,"[""P"",""VX"",""LS"",""ST""]",3.43414276411043,1.7032241919787932,"[277.2277758638651,0.6314506287610494,59.74102588750857,349.53933068715344]","[101.23849314443108,0.2236415193765705,15.322738485769026,30.352835013241176]",27CD49DADE239DCB18B5DBA5E3B53087D0944ECB473489B583F0884F55A0328A,367.938083726,0.695829187084,43.5800266683,364.389584597,1871162692,fmin_l_bfgs_b,1,-105.12640366776702,1.9896492999978364,0,0,,completed_without_convergence_warning,False,False,,False,,False,,False
week7_phase3_new_data_replication,Phase 3B,F7F71204D643D1027D0FF4736F24213619BF6A09C2361C3C11F169797AC98A9C,3247A2983F95B67C45CAA91EED90A036B3991A23F748BBF512B53F6518CB0876,kinetic_energy,T0 melt kinetic energy,T0,matern52_no_nugget,"Matérn 5/2, no nugget",Matern,2.5,False,121,P-369p066732517_VX-0p471239257303_LS-5p48020687799e-05_ST-388p757421411_M-TI64_XI-0p0002_XF-0p0014_XL-0p0012_TE-0p0021_DT-1p02370940626e-05_H-1553ff852f,122,5.4233285,5.437833302254397,-0.014504802254396765,0.014504802254396765,0.00021038928843915346,0.9472746309608582,0.8973292264620301,,,0.9472746309608582,latent predictive variance; numerical jitter excluded,0.864889537204638,,0.864889537204638,3.581175025571115,7.294491578937679,,,True,,"0.901**2 * Matern(length_scale=1.01, nu=2.5)",0.8122071861573502,1.0146110498386218,,,,,,,3.34997725,False,1e-06,numerical jitter only; separate from WhiteKernel nugget,163,164,True,False,False,False,True,True,False,"[""P"",""VX"",""LS"",""ST""]",3.4281777180981603,1.697941614613166,"[277.2208516381534,0.6328284810909942,59.67217900338832,349.38983475577925]","[101.2322499695582,0.22334186183327676,15.36991350196835,30.219021274168778]",270C972C5586FBF13DC07568382AD2B175AF2079D9BB9BED6ADE2B825BCE1987,369.066732517,0.471239257303,54.8020687799,388.757421411,471894190,fmin_l_bfgs_b,1,-110.39618772590524,1.7494660999509506,0,0,,completed_without_convergence_warning,False,False,,False,,False,,False
week7_phase3_new_data_replication,Phase 3B,F7F71204D643D1027D0FF4736F24213619BF6A09C2361C3C11F169797AC98A9C,3247A2983F95B67C45CAA91EED90A036B3991A23F748BBF512B53F6518CB0876,kinetic_energy,T0 melt kinetic energy,T0,matern52_no_nugget,"Matérn 5/2, no nugget",Matern,2.5,False,122,P-370p938359136_VX-0p662619902131_LS-4p40125404953e-05_ST-395p513826563_M-TI64_XI-0p0002_XF-0p0014_XL-0p0012_TE-0p0021_DT-7p28037384253e-06_H-3273b99318,123,4.54018,3.587933424657645,0.9522465753423552,0.9522465753423552,0.9067735402512438,0.4549305481721123,0.2069618036601786,,,0.4549305481721123,latent predictive variance; numerical jitter excluded,2.3220065033571546,,2.3220065033571546,2.696269550240305,4.479597299074985,,,False,,"0.906**2 * Matern(length_scale=1.04, nu=2.5)",0.8216317236060301,1.035469684135955,,,,,,,3.34997725,False,1e-06,numerical jitter only; separate from WhiteKernel nugget,163,164,True,False,False,False,True,True,False,"[""P"",""VX"",""LS"",""ST""]",3.433595807055215,1.7028832028797787,"[277.20936926625774,0.6316543667055464,59.73837242844722,349.3483844174234]","[101.2217249122869,0.22368494450619866,15.325499179613246,30.160302945830527]",E1D819354A7A6610CA52B4994568843FE94AA510AB7435B3545653A71EBB6E45,370.938359136,0.662619902131,44.0125404953,395.513826563,2934006771,fmin_l_bfgs_b,1,-108.62220513257523,1.938087499991525,0,0,,completed_without_convergence_warning,False,False,,False,,False,,False
week7_phase3_new_data_replication,Phase 3B,F7F71204D643D1027D0FF4736F24213619BF6A09C2361C3C11F169797AC98A9C,3247A2983F95B67C45CAA91EED90A036B3991A23F748BBF512B53F6518CB0876,kinetic_energy,T0 melt kinetic energy,T0,matern52_no_nugget,"Matérn 5/2, no nugget",Matern,2.5,False,123,P-372p630059968_VX-0p727703112845_LS-4p39975555357e-05_ST-362p949632289_M-TI64_XI-0p0002_XF-0p0014_XL-0p0012_TE-0p0021_DT-6p62924277478e-06_H-54d2aec398,124,4.925371999999999,4.697396896498969,0.22797510350103067,0.22797510350103067,0.051972647816305645,0.1312004591318374,0.017213560476404936,,,0.1312004591318374,latent predictive variance; numerical jitter excluded,0.39755221366732973,,0.39755221366732973,4.440243996600567,4.95454979639737,,,True,,"0.901**2 * Matern(length_scale=1.02, nu=2.5)",0.8124886623446947,1.024304396188473,,,,,,,3.34997725,False,1e-06,numerical jitter only; separate from WhiteKernel nugget,163,164,True,False,False,False,True,True,False,"[""P"",""VX"",""LS"",""ST""]",3.431232665950921,1.7010776954573676,"[277.19899073354605,0.6312550832042334,59.7384643607147,349.54816475039274]","[101.21202690568713,0.22357119730494535,15.325404800379602,30.356946006390903]",7B3C51FA6EFD930EE92260A34327157C8E1671E022285CC0DBDF9A386E41D852,372.630059968,0.727703112845,43.9975555357,362.949632289,3877523213,fmin_l_bfgs_b,1,-110.59808501576786,2.4006330999545753,0,0,,completed_without_convergence_warning,False,False,,False,,False,,False
week7_phase3_new_data_replication,Phase 3B,F7F71204D643D1027D0FF4736F24213619BF6A09C2361C3C11F169797AC98A9C,3247A2983F95B67C45CAA91EED90A036B3991A23F748BBF512B53F6518CB0876,kinetic_energy,T0 melt kinetic energy,T0,matern52_no_nugget,"Matérn 5/2, no nugget",Matern,2.5,False,124,P-373p935133861_VX-0p314504521571_LS-4p29297292387e-05_ST-349p298273812_M-TI64_XI-0p0002_XF-0p0014_XL-0p0012_TE-0p0021_DT-1p53387956997e-05_H-c87ffcf9e3,125,4.225647,4.617984526100907,-0.39233752610090633,0.39233752610090633,0.15392873438697935,0.24035651783056325,0.05777125566363387,,,0.24035651783056325,latent predictive variance; numerical jitter excluded,0.8255325376404705,,0.8255325376404705,4.146885751153003,5.08908330104881,,,True,,"0.903**2 * Matern(length_scale=1.03, nu=2.5)",0.8147646546057059,1.0288857716380442,,,,,,,3.34997725,False,1e-06,numerical jitter only; separate from WhiteKernel nugget,163,164,True,False,False,False,True,True,False,"[""P"",""VX"",""LS"",""ST""]",3.4355254573619636,1.7039575057654965,"[277.1909841452454,0.6337900438868961,59.74501544229139,349.63191541589583]","[101.20442540965199,0.22230428691730678,15.318444895159534,30.374966830494554]",FA494F2B5899AC3F5F5F68CA26C90E8FB4F40D73B38D8D31DAA9460359CADB47,373.935133861,0.314504521571,42.9297292387,349.298273812,4046494344,fmin_l_bfgs_b,1,-109.7213181437832,1.9267155000125058,0,0,,completed_without_convergence_warning,False,False,,False,,False,,False
week7_phase3_new_data_replication,Phase 3B,F7F71204D643D1027D0FF4736F24213619BF6A09C2361C3C11F169797AC98A9C,3247A2983F95B67C45CAA91EED90A036B3991A23F748BBF512B53F6518CB0876,kinetic_energy,T0 melt kinetic energy,T0,matern52_no_nugget,"Matérn 5/2, no nugget",Matern,2.5,False,125,P-374p135097027_VX-0p852003077267_LS-4p24872306812e-05_ST-324p485874926_M-TI64_XI-0p0002_XF-0p0014_XL-0p0012_TE-0p0021_DT-5p66209293338e-06_H-c87ffcf9e3,126,3.697026,3.9205701621807068,-0.2235441621807066,0.2235441621807066,0.04997199244507406,0.33061908965696185,0.10930898244559818,,,0.33061908965696185,latent predictive variance; numerical jitter excluded,0.04073154364829293,,0.04073154364829293,3.2725567464530614,4.568583577908352,,,True,,"0.895**2 * Matern(length_scale=1.01, nu=2.5)",0.8010539621825694,1.0138618229374579,,,,,,,3.34997725,False,1e-06,numerical jitter only; separate from WhiteKernel nugget,163,164,True,False,False,False,True,True,False,"[""P"",""VX"",""LS"",""ST""]",3.4387685309815956,1.704954882620256,"[277.1897573773559,0.6304925067353868,59.74773015736808,349.7841387219448]","[101.20325148161851,0.22302827739506018,15.315425164092066,30.310671991451176]",6BDE936A4F1E1A706C9309EEDB07915E19FA6A3D8A86E1FBEDFA3FD263F8CDD5,374.135097027,0.852003077267,42.4872306812,324.485874926,2757112205,fmin_l_bfgs_b,1,-110.51711357833264,2.113024799968116,0,0,,completed_without_convergence_warning,False,False,,False,,False,,False
week7_phase3_new_data_replication,Phase 3B,F7F71204D643D1027D0FF4736F24213619BF6A09C2361C3C11F169797AC98A9C,3247A2983F95B67C45CAA91EED90A036B3991A23F748BBF512B53F6518CB0876,kinetic_energy,T0 melt kinetic energy,T0,matern52_no_nugget,"Matérn 5/2, no nugget",Matern,2.5,False,126,P-375p190327887_VX-0p471971299611_LS-7p58652830639e-05_ST-330p289975384_M-TI64_XI-0p0002_XF-0p0014_XL-0p0012_TE-0p0021_DT-1p02212160082e-05_H-1553ff852f,127,5.422914,5.487143707771063,-0.06422970777106318,0.06422970777106318,0.004125455360356174,0.7360499846078944,0.5417695798412816,,,0.7360499846078944,latent predictive variance; numerical jitter excluded,0.6162886737757062,,0.6162886737757062,4.04448573793959,6.929801677602535,,,True,,"0.901**2 * Matern(length_scale=1.01, nu=2.5)",0.8117294031869456,1.0140482381834703,,,,,,,3.34997725,False,1e-06,numerical jitter only; separate from WhiteKernel nugget,163,164,True,False,False,False,True,True,False,"[""P"",""VX"",""LS"",""ST""]",3.4281802610429453,1.69794460236228,"[277.1832835683988,0.6328239900338899,59.542956829866846,349.7485307436749]","[101.19701589455184,0.22334510371217908,15.321695755152849,30.336950018373116]",7CDE5004A8C21D324723B756FC0223760295D59106EE6174CE046611B2C8523F,375.190327887,0.471971299611,75.86528306390001,330.289975384,2432479864,fmin_l_bfgs_b,1,-110.64606098272196,3.866210699954536,0,0,,completed_without_convergence_warning,False,False,,False,,False,,False
week7_phase3_new_data_replication,Phase 3B,F7F71204D643D1027D0FF4736F24213619BF6A09C2361C3C11F169797AC98A9C,3247A2983F95B67C45CAA91EED90A036B3991A23F748BBF512B53F6518CB0876,kinetic_energy,T0 melt kinetic energy,T0,matern52_no_nugget,"Matérn 5/2, no nugget",Matern,2.5,False,127,P-377p008330657_VX-0p791215989527_LS-4p31405408456e-05_ST-371p11107289_M-TI64_XI-0p0002_XF-0p0014_XL-0p0012_TE-0p0021_DT-6p09709695819e-06_H-3d091b92d3,128,3.7203355,4.650695507147881,-0.9303600071478808,0.9303600071478808,0.8655697429002048,0.25838396299374317,0.06676227233235203,,,0.25838396299374317,latent predictive variance; numerical jitter excluded,6.048106610808613,,6.048106610808613,4.144262939680145,5.157128074615617,,,False,,"0.915**2 * Matern(length_scale=1.07, nu=2.5)",0.8381319550177615,1.0686526993310113,,,,,,,3.34997725,False,1e-06,numerical jitter only; separate from WhiteKernel nugget,163,164,True,False,False,False,True,True,False,"[""P"",""VX"",""LS"",""ST""]",3.438625527914111,1.704932237588999,"[277.1721301771718,0.6308654336540371,59.74372211954967,349.49809456265655]","[101.18611269759961,0.22334730535878494,15.319855576017067,30.328056168454758]",4CE8BA45BC25B050E56CAC0A80A1C5B8BCBA67E9490407A2D7B853F657AD5549,377.008330657,0.791215989527,43.1405408456,371.11107289,1825992581,fmin_l_bfgs_b,1,-105.00329399521323,2.414840399986133,0,0,,completed_without_convergence_warning,False,False,,False,,False,,False
week7_phase3_new_data_replication,Phase 3B,F7F71204D643D1027D0FF4736F24213619BF6A09C2361C3C11F169797AC98A9C,3247A2983F95B67C45CAA91EED90A036B3991A23F748BBF512B53F6518CB0876,kinetic_energy,T0 melt kinetic energy,T0,matern52_no_nugget,"Matérn 5/2, no nugget",Matern,2.5,False,128,P-377p125910628_VX-0p77115452106_LS-4p31707402483e-05_ST-313p190582012_M-TI64_XI-0p0002_XF-0p0014_XL-0p0012_TE-0p0021_DT-6p25571201526e-06_H-8b3ff695c9,129,3.81043,3.480155767857526,0.3302742321424743,0.3302742321424743,0.10908106841730102,0.5434826660918414,0.2953734083422959,,,0.5434826660918414,latent predictive variance; numerical jitter excluded,0.49383050637228354,,0.49383050637228354,2.4149297423175167,4.545381793397535,,,True,,"0.899**2 * Matern(length_scale=1.02, nu=2.5)",0.8083555414048085,1.0174862807159986,,,,,,,3.34997725,False,1e-06,numerical jitter only; separate from WhiteKernel nugget,163,164,True,False,False,False,True,True,False,"[""P"",""VX"",""LS"",""ST""]",3.4380728009202457,1.7048262123128348,"[277.1714088276565,0.6309885101476997,59.743536847140476,349.85343499749087]","[101.18540054733718,0.22343009048997356,15.320056183427312,30.23976127471443]",9EADF2599E5596CD215D0B8A95E7830AD1033FCFF616A5F52D7246234A76B0B4,377.125910628,0.77115452106,43.17074024830001,313.190582012,415270337,fmin_l_bfgs_b,1,-110.15442899887192,2.4115513000288047,0,0,,completed_without_convergence_warning,False,False,,False,,False,,False
week7_phase3_new_data_replication,Phase 3B,F7F71204D643D1027D0FF4736F24213619BF6A09C2361C3C11F169797AC98A9C,3247A2983F95B67C45CAA91EED90A036B3991A23F748BBF512B53F6518CB0876,kinetic_energy,T0 melt kinetic energy,T0,matern52_no_nugget,"Matérn 5/2, no nugget",Matern,2.5,False,129,P-378p283018896_VX-0p735158781064_LS-4p42419225112e-05_ST-367p022862863_M-TI64_XI-0p0002_XF-0p0014_XL-0p0012_TE-0p0021_DT-6p56201180925e-06_H-36d24309a8,130,4.857099,4.577923110453613,0.27917588954638717,0.27917588954638717,0.07793917730401657,0.1361958016555304,0.01854929638859258,,,0.1361958016555304,latent predictive variance; numerical jitter excluded,1.0261429598312657,,1.0261429598312657,4.310979339208773,4.844866881698453,,,False,,"0.902**2 * Matern(length_scale=1.03, nu=2.5)",0.8134324873615452,1.028598969911057,,,,,,,3.34997725,False,1e-06,numerical jitter only; separate from WhiteKernel nugget,163,164,True,False,False,False,True,True,False,"[""P"",""VX"",""LS"",""ST""]",3.431651518711657,1.7014370993311394,"[277.1643100039264,0.6312093429084114,59.736965176815936,349.52317560576694]","[101.17834699502419,0.22355069676676878,15.326932528429673,30.3442247785083]",16BCCAC442AB9A23B33595FEF2BD647D9083939D94207F019EFF0AFB3A33B7F5,378.283018896,0.735158781064,44.2419225112,367.022862863,226928451,fmin_l_bfgs_b,1,-109.95630706795315,4.128233700001147,0,0,,completed_without_convergence_warning,False,False,,False,,False,,False
week7_phase3_new_data_replication,Phase 3B,F7F71204D643D1027D0FF4736F24213619BF6A09C2361C3C11F169797AC98A9C,3247A2983F95B67C45CAA91EED90A036B3991A23F748BBF512B53F6518CB0876,kinetic_energy,T0 melt kinetic energy,T0,matern52_no_nugget,"Matérn 5/2, no nugget",Matern,2.5,False,130,P-378p699667122_VX-0p273966982762_LS-4p19552514454e-05_ST-349p537322979_M-TI64_XI-0p0002_XF-0p0014_XL-0p0012_TE-0p0021_DT-1p76084014007e-05_H-c87ffcf9e3,131,3.9051535,3.6835709182276704,0.2215825817723296,0.2215825817723296,0.04909884054489113,0.22122995264869014,0.04894269194894168,,,0.22122995264869014,latent predictive variance; numerical jitter excluded,-0.08801885678093357,,-0.08801885678093357,3.2499602110362376,4.117181625419103,,,True,,"0.899**2 * Matern(length_scale=1.02, nu=2.5)",0.8079167087393018,1.0214155177808502,,,,,,,3.34997725,False,1e-06,numerical jitter only; separate from WhiteKernel nugget,163,164,True,False,False,False,True,True,False,"[""P"",""VX"",""LS"",""ST""]",3.4374916751533746,1.7046830372504627,"[277.16175387984055,0.6340387404440064,59.75099383366133,349.630448856589]","[101.17578704992869,0.22192395581646626,15.3116895126371,30.374977133052568]",8A01FA9303EC8B8B0DCE3FFE33E4C6168EEDE456A66D1B13F25DB3CC318595A2,378.699667122,0.273966982762,41.9552514454,349.537322979,2875609506,fmin_l_bfgs_b,1,-110.50434282107605,3.0579966999939643,0,0,,completed_without_convergence_warning,False,False,,False,,False,,False
week7_phase3_new_data_replication,Phase 3B,F7F71204D643D1027D0FF4736F24213619BF6A09C2361C3C11F169797AC98A9C,3247A2983F95B67C45CAA91EED90A036B3991A23F748BBF512B53F6518CB0876,kinetic_energy,T0 melt kinetic energy,T0,matern52_no_nugget,"Matérn 5/2, no nugget",Matern,2.5,False,131,P-378p895448518_VX-0p547210222693_LS-4p25171421559e-05_ST-392p752580943_M-TI64_XI-0p0002_XF-0p0014_XL-0p0012_TE-0p0021_DT-8p81584517788e-06_H-dc75daed1b,132,5.008538000000001,5.87494855349336,-0.8664105534933597,0.8664105534933597,0.7506672472046699,0.3203171560108812,0.10260308043489919,,,0.3203171560108812,latent predictive variance; numerical jitter excluded,3.4386074937941933,,3.4386074937941933,5.247126927712033,6.5027701792746875,,,False,,"0.901**2 * Matern(length_scale=1.04, nu=2.5)",0.8120824440847576,1.0370920177683076,,,,,,,3.34997725,False,1e-06,numerical jitter only; separate from WhiteKernel nugget,163,164,True,False,False,False,True,True,False,"[""P"",""VX"",""LS"",""ST""]",3.4307224450920253,1.700616932327976,"[277.1605527669816,0.6323624015487243,59.747546651388326,349.36532457460135]","[101.1745804616346,0.22359916897689427,15.315631793825226,30.185442030435908]",25E6C02AACB07BAAB583538AD4435E27C598654284767B88C8DEFFCBCD456128,378.895448518,0.547210222693,42.5171421559,392.752580943,231651313,fmin_l_bfgs_b,1,-107.76202962599086,2.7763337999931537,0,0,,completed_without_convergence_warning,False,False,,False,,False,,False
week7_phase3_new_data_replication,Phase 3B,F7F71204D643D1027D0FF4736F24213619BF6A09C2361C3C11F169797AC98A9C,3247A2983F95B67C45CAA91EED90A036B3991A23F748BBF512B53F6518CB0876,kinetic_energy,T0 melt kinetic energy,T0,matern52_no_nugget,"Matérn 5/2, no nugget",Matern,2.5,False,132,P-379p421209359_VX-0p229921993373_LS-5p57538994548e-05_ST-334p989783011_M-TI64_XI-0p0002_XF-0p0014_XL-0p0012_TE-0p0021_DT-2p09815534923e-05_H-1553ff852f,133,4.604340499999999,3.840308909936837,0.7640315900631625,0.7640315900631625,0.5837442706144443,0.9358512116470497,0.8758174903412509,,,0.9358512116470497,latent predictive variance; numerical jitter excluded,1.1858965573957085,,1.1858965573957085,2.0060405351086192,5.674577284765054,,,True,,"0.898**2 * Matern(length_scale=1.02, nu=2.5)",0.8072531462573338,1.0195436908868858,,,,,,,3.34997725,False,1e-06,numerical jitter only; separate from WhiteKernel nugget,163,164,True,False,False,False,True,True,False,"[""P"",""VX"",""LS"",""ST""]",3.433202184355829,1.7026199339159076,"[277.15732724034973,0.6343089551028347,59.66633955139508,349.7196975680491]","[101.17132858718857,0.22145806423152606,15.371581777389123,30.35319255984043]",225DE41822EF96268B1E283B00C49C39718B3E32955F834B90C78E6D4957A8D1,379.421209359,0.229921993373,55.7538994548,334.989783011,3898852138,fmin_l_bfgs_b,1,-109.32179438045378,3.909359699988272,0,0,,completed_without_convergence_warning,False,False,,False,,False,,False
week7_phase3_new_data_replication,Phase 3B,F7F71204D643D1027D0FF4736F24213619BF6A09C2361C3C11F169797AC98A9C,3247A2983F95B67C45CAA91EED90A036B3991A23F748BBF512B53F6518CB0876,kinetic_energy,T0 melt kinetic energy,T0,matern52_no_nugget,"Matérn 5/2, no nugget",Matern,2.5,False,133,P-383p924442814_VX-0p598551929363_LS-4p34843261877e-05_ST-301p171019532_M-TI64_XI-0p0002_XF-0p0014_XL-0p0012_TE-0p0021_DT-8p05965258211e-06_H-82800d7335,134,4.73173,5.903491384384836,-1.171761384384836,1.171761384384836,1.3730247419354673,0.7824353807999229,0.6122051251275203,,,0.7824353807999229,latent predictive variance; numerical jitter excluded,1.7949709792067459,,1.7949709792067459,4.369918038016987,7.4370647307526845,,,True,,"0.902**2 * Matern(length_scale=1.03, nu=2.5)",0.8142147745318759,1.0250212662023113,,,,,,,3.34997725,False,1e-06,numerical jitter only; separate from WhiteKernel nugget,163,164,True,False,False,False,True,True,False,"[""P"",""VX"",""LS"",""ST""]",3.432420653680982,1.7020528513355224,"[277.1297000412393,0.6320474217532028,59.74161300702146,349.9271746446075]","[101.14278038417402,0.22368272169835976,15.322117389413249,30.135434200248664]",4D79EE7E40E94DD2E70172BCD82A4B2BA856A3FBCF41E5A5275B4E9685525117,383.924442814,0.598551929363,43.4843261877,301.171019532,1468594806,fmin_l_bfgs_b,1,-109.20292940644528,1.9674260999890976,0,0,,completed_without_convergence_warning,False,False,,False,,False,,False
week7_phase3_new_data_replication,Phase 3B,F7F71204D643D1027D0FF4736F24213619BF6A09C2361C3C11F169797AC98A9C,3247A2983F95B67C45CAA91EED90A036B3991A23F748BBF512B53F6518CB0876,kinetic_energy,T0 melt kinetic energy,T0,matern52_no_nugget,"Matérn 5/2, no nugget",Matern,2.5,False,134,P-385p522203_VX-0p931994182449_LS-4p05647861864e-05_ST-365p262393292_M-TI64_XI-0p0002_XF-0p0014_XL-0p0012_TE-0p0021_DT-5p17612737704e-06_H-3a5de7627d,135,3.705658,3.251309885417424,0.4543481145825763,0.4543481145825763,0.20643220922474187,0.6082078647566378,0.3699168067518286,,,0.6082078647566378,latent predictive variance; numerical jitter excluded,0.7007251433501176,,0.7007251433501176,2.0592224704944138,4.443397300340434,,,True,,"0.9**2 * Matern(length_scale=1.02, nu=2.5)",0.8102684583554209,1.0208720648772194,,,,,,,3.34997725,False,1e-06,numerical jitter only; separate from WhiteKernel nugget,163,164,True,False,False,False,True,True,False,"[""P"",""VX"",""LS"",""ST""]",3.438715573926381,1.7049467260682394,"[277.1198978315092,0.6300017637588101,59.759524295373,349.5339760325829]","[101.13235198117387,0.22245158372695487,15.301381958954666,30.35013764581146]",038B8EE3007A106457EAE75444E43AA5412AD3D2DB8032162833F50D9FDD8FD6,385.522203,0.931994182449,40.5647861864,365.262393292,3369571294,fmin_l_bfgs_b,1,-109.78298274241921,2.124044199998025,0,0,,completed_without_convergence_warning,False,False,,False,,False,,False
week7_phase3_new_data_replication,Phase 3B,F7F71204D643D1027D0FF4736F24213619BF6A09C2361C3C11F169797AC98A9C,3247A2983F95B67C45CAA91EED90A036B3991A23F748BBF512B53F6518CB0876,kinetic_energy,T0 melt kinetic energy,T0,matern52_no_nugget,"Matérn 5/2, no nugget",Matern,2.5,False,135,P-385p792960663_VX-0p466570238049_LS-4p25767555058e-05_ST-363p826454642_M-TI64_XI-0p0002_XF-0p0014_XL-0p0012_TE-0p0021_DT-1p03395377793e-05_H-3d091b92d3,136,7.048515999999999,6.095941814360903,0.9525741856390963,0.9525741856390963,0.9073975791459876,0.34884466293041827,0.12169259885503714,,,0.34884466293041827,latent predictive variance; numerical jitter excluded,3.5940464915478203,,3.5940464915478203,5.412206275017283,6.779677353704523,,,False,,"0.915**2 * Matern(length_scale=1.04, nu=2.5)",0.836726973560376,1.0403428376235366,,,,,,,3.34997725,False,1e-06,numerical jitter only; separate from WhiteKernel nugget,163,164,True,False,False,False,True,True,False,"[""P"",""VX"",""LS"",""ST""]",3.4182072426380374,1.6813438733189063,"[277.1182367415522,0.632857125380896,59.747180925315334,349.54278547215347]","[101.13056922993717,0.2233208352769075,15.316042521632772,30.354492991672362]",C3935C7E450B4F54A14D0ED380449F4949C274DB3E0F52BF691589C62BB3C36C,385.792960663,0.466570238049,42.5767555058,363.826454642,3208853925,fmin_l_bfgs_b,1,-109.39289847570475,1.6995845999917947,0,0,,completed_without_convergence_warning,False,False,,False,,False,,False
week7_phase3_new_data_replication,Phase 3B,F7F71204D643D1027D0FF4736F24213619BF6A09C2361C3C11F169797AC98A9C,3247A2983F95B67C45CAA91EED90A036B3991A23F748BBF512B53F6518CB0876,kinetic_energy,T0 melt kinetic energy,T0,matern52_no_nugget,"Matérn 5/2, no nugget",Matern,2.5,False,136,P-387p363679816_VX-0p298546823055_LS-4p09005526538e-05_ST-395p436254411_M-TI64_XI-0p0002_XF-0p0014_XL-0p0012_TE-0p0021_DT-1p61586733821e-05_H-c87ffcf9e3,137,4.168108,8.046952666364643,-3.8788446663646425,3.8788446663646425,15.045435945785435,0.7823845185786533,0.6121255349115511,,,0.7823845185786533,latent predictive variance; numerical jitter excluded,12.963031564982652,,12.963031564982652,6.5134790099504825,9.580426322778804,,,False,,"0.912**2 * Matern(length_scale=1.1, nu=2.5)",0.8318205207747229,1.0979027374560586,,,,,,,3.34997725,False,1e-06,numerical jitter only; separate from WhiteKernel nugget,163,164,True,False,False,False,True,True,False,"[""P"",""VX"",""LS"",""ST""]",3.4358784573619636,1.7041151872416591,"[277.1086004277301,0.6338879438777917,59.75746437839508,349.3488603201964]","[101.12013823408972,0.22216009551539367,15.303943057047531,30.161030770927848]",F18CFE040A996A1BF3D761C4C31F7B37B91FD7BBDB594E11EEF34899FB02C930,387.363679816,0.298546823055,40.9005526538,395.436254411,2860421360,fmin_l_bfgs_b,1,-98.90242661411403,1.9980197999975644,0,0,,completed_without_convergence_warning,False,False,,False,,False,,False
week7_phase3_new_data_replication,Phase 3B,F7F71204D643D1027D0FF4736F24213619BF6A09C2361C3C11F169797AC98A9C,3247A2983F95B67C45CAA91EED90A036B3991A23F748BBF512B53F6518CB0876,kinetic_energy,T0 melt kinetic energy,T0,matern52_no_nugget,"Matérn 5/2, no nugget",Matern,2.5,False,137,P-389p770210211_VX-0p908238681403_LS-4p3221586392e-05_ST-323p581279452_M-TI64_XI-0p0002_XF-0p0014_XL-0p0012_TE-0p0021_DT-5p31151194261e-06_H-8b3ff695c9,138,4.384764,3.9707191714907446,0.41404482850925506,0.41404482850925506,0.17143312001525843,0.32501129088934994,0.10563233920556164,,,0.32501129088934994,latent predictive variance; numerical jitter excluded,0.606504521771812,,0.606504521771812,3.3336970413476186,4.607741301633871,,,True,,"0.898**2 * Matern(length_scale=1.02, nu=2.5)",0.8067648301463316,1.0208569311899085,,,,,,,3.34997725,False,1e-06,numerical jitter only; separate from WhiteKernel nugget,163,164,True,False,False,False,True,True,False,"[""P"",""VX"",""LS"",""ST""]",3.4345492794478534,1.7034589233765869,"[277.0938364375767,0.630147503029031,59.743224907608585,349.78968838742946]","[101.1038624321646,0.2226415236714249,15.320393106117333,30.305956374439912]",779B9A816C0C90C9DCC90DF6001DF270D3B00E4087F7E282E548E150F88A10B8,389.770210211,0.908238681403,43.221586392,323.581279452,519568801,fmin_l_bfgs_b,1,-110.048318629245,1.853507499967236,0,0,,completed_without_convergence_warning,False,False,,False,,False,,False
week7_phase3_new_data_replication,Phase 3B,F7F71204D643D1027D0FF4736F24213619BF6A09C2361C3C11F169797AC98A9C,3247A2983F95B67C45CAA91EED90A036B3991A23F748BBF512B53F6518CB0876,kinetic_energy,T0 melt kinetic energy,T0,matern52_no_nugget,"Matérn 5/2, no nugget",Matern,2.5,False,138,P-391p91054261_VX-0p798138981731_LS-4p10405950637e-05_ST-398p591592241_M-TI64_XI-0p0002_XF-0p0014_XL-0p0012_TE-0p0021_DT-6p04421123819e-06_H-eac21b41c2,139,4.4737125,4.479811134652857,-0.006098634652856205,0.006098634652856205,3.719334462901853e-05,0.24828258813272985,0.061644243569886764,,,0.24828258813272985,latent predictive variance; numerical jitter excluded,-0.47394750268218094,,-0.47394750268218094,3.993177261912706,4.966445007393007,,,True,,"0.895**2 * Matern(length_scale=1.01, nu=2.5)",0.8018895086416564,1.01286555887312,,,,,,,3.34997725,False,1e-06,numerical jitter only; separate from WhiteKernel nugget,163,164,True,False,False,False,True,True,False,"[""P"",""VX"",""LS"",""ST""]",3.434003583128835,1.7031401614744606,"[277.0807055639632,0.6308229613092273,59.756605222506124,349.32950241939886]","[101.0890876573802,0.223316148191794,15.304997683451463,30.130416713251456]",E7D415FE86C8D96D0C49369C016364E7F3964966DE6289D467C7D0EE1E3C82ED,391.91054261,0.798138981731,41.0405950637,398.591592241,2278887574,fmin_l_bfgs_b,1,-111.32933819725268,2.1801228999975137,0,0,,completed_without_convergence_warning,False,False,,False,,False,,False
week7_phase3_new_data_replication,Phase 3B,F7F71204D643D1027D0FF4736F24213619BF6A09C2361C3C11F169797AC98A9C,3247A2983F95B67C45CAA91EED90A036B3991A23F748BBF512B53F6518CB0876,kinetic_energy,T0 melt kinetic energy,T0,matern52_no_nugget,"Matérn 5/2, no nugget",Matern,2.5,False,139,P-394p301389958_VX-0p965504599187_LS-4p1845661123e-05_ST-386p588977515_M-TI64_XI-0p0002_XF-0p0014_XL-0p0012_TE-0p0021_DT-4p99647604691e-06_H-aae9cbe76f,140,4.014051,4.156000455024017,-0.141949455024017,0.141949455024017,0.02014964778161543,0.2793505161886224,0.07803671089484977,,,0.2793505161886224,latent predictive variance; numerical jitter excluded,-0.22724577615058214,,-0.22724577615058214,3.6084734432943173,4.703527466753717,,,True,,"0.894**2 * Matern(length_scale=1.01, nu=2.5)",0.7985681951252739,1.0141650611303106,,,,,,,3.34997725,False,1e-06,numerical jitter only; separate from WhiteKernel nugget,163,164,True,False,False,False,True,True,False,"[""P"",""VX"",""LS"",""ST""]",3.4368235923312893,1.704478273531885,"[277.06603778882214,0.6297961783800494,59.7516661669276,349.40313809256446]","[101.07225021432946,0.22215671300684656,15.310905664229619,30.23586715769605]",F60EC63A68016999A5D00A733704EC0FC5E89C82A96F0A259E1A009C6972C8D7,394.301389958,0.965504599187,41.845661123,386.588977515,3704119596,fmin_l_bfgs_b,1,-110.7526559145819,1.303521899972111,0,0,,completed_without_convergence_warning,False,False,,False,,False,,False
week7_phase3_new_data_replication,Phase 3B,F7F71204D643D1027D0FF4736F24213619BF6A09C2361C3C11F169797AC98A9C,3247A2983F95B67C45CAA91EED90A036B3991A23F748BBF512B53F6518CB0876,kinetic_energy,T0 melt kinetic energy,T0,matern52_no_nugget,"Matérn 5/2, no nugget",Matern,2.5,False,140,P-399p256835613_VX-0p656366203199_LS-4p10009761764e-05_ST-341p515144691_M-TI64_XI-0p0002_XF-0p0014_XL-0p0012_TE-0p0021_DT-7p34973948918e-06_H-3c3f1974a9,141,5.245838,4.326760728350591,0.9190772716494093,0.9190772716494093,0.8447030312625221,0.40712256319803447,0.16574878146493757,,,0.40712256319803447,latent predictive variance; numerical jitter excluded,2.568440039996091,,2.568440039996091,3.528800504482443,5.1247209522187385,,,False,,"0.898**2 * Matern(length_scale=1.03, nu=2.5)",0.8057579823873288,1.0254187646811586,,,,,,,3.34997725,False,1e-06,numerical jitter only; separate from WhiteKernel nugget,163,164,True,False,False,False,True,True,False,"[""P"",""VX"",""LS"",""ST""]",3.4292666168711663,1.6991634136314573,"[277.03563628173623,0.631692732956663,59.75684828316441,349.6796646743068]","[101.03623074591019,0.22368971603273252,15.30470013264174,30.368286567404454]",33482855D37E7E98ACEEE80A6B800F1BCCE1C6AE31C4E0DD5238660A8698D43E,399.256835613,0.656366203199,41.0009761764,341.515144691,2927019845,fmin_l_bfgs_b,1,-108.67440419614566,2.1849720999598503,0,0,,completed_without_convergence_warning,False,False,,False,,False,,False
week7_phase3_new_data_replication,Phase 3B,F7F71204D643D1027D0FF4736F24213619BF6A09C2361C3C11F169797AC98A9C,3247A2983F95B67C45CAA91EED90A036B3991A23F748BBF512B53F6518CB0876,kinetic_energy,T0 melt kinetic energy,T0,matern52_no_nugget,"Matérn 5/2, no nugget",Matern,2.5,False,141,P-400p342090514_VX-0p84724542505_LS-4p08786684736e-05_ST-395p5494372_M-TI64_XI-0p0002_XF-0p0014_XL-0p0012_TE-0p0021_DT-5p69388805225e-06_H-39de960155,142,4.3963225,4.227034514537941,0.16928798546205925,0.16928798546205925,0.028658422021802386,0.25948702308947796,0.06733351515183927,,,0.25948702308947796,latent predictive variance; numerical jitter excluded,-0.21730056191002758,,-0.21730056191002758,3.718439949282564,4.735629079793318,,,True,,"0.898**2 * Matern(length_scale=1.02, nu=2.5)",0.8062304791361599,1.017382456510919,,,,,,,3.34997725,False,1e-06,numerical jitter only; separate from WhiteKernel nugget,163,164,True,False,False,False,True,True,False,"[""P"",""VX"",""LS"",""ST""]",3.4344783684049087,1.7034191256246782,"[277.0289782762086,0.6305216947857979,59.75759863716931,349.34816594725777]","[101.02814040918086,0.22305695174701776,15.30377753123315,30.159968408688645]",E5983EABC7ABE607B5C1387ABE0EFEB77964C44E7D648006B600533638E368A1,400.342090514,0.84724542505,40.8786684736,395.5494372,3054716555,fmin_l_bfgs_b,1,-111.00231835367953,1.7682485000113957,0,0,,completed_without_convergence_warning,False,False,,False,,False,,False
week7_phase3_new_data_replication,Phase 3B,F7F71204D643D1027D0FF4736F24213619BF6A09C2361C3C11F169797AC98A9C,3247A2983F95B67C45CAA91EED90A036B3991A23F748BBF512B53F6518CB0876,kinetic_energy,T0 melt kinetic energy,T0,matern52_no_nugget,"Matérn 5/2, no nugget",Matern,2.5,False,142,P-404p674556304_VX-0p544519129004_LS-4p43635630435e-05_ST-368p185027338_M-TI64_XI-0p0002_XF-0p0014_XL-0p0012_TE-0p0021_DT-8p85941438245e-06_H-4d45e0bf17,143,5.860298,6.021717580678653,-0.16141958067865314,0.16141958067865314,0.02605628102647221,0.31022986058328184,0.09624256639752249,,,0.31022986058328184,latent predictive variance; numerical jitter excluded,-0.11613547852251518,,-0.11613547852251518,5.413667053935421,6.629768107421886,,,True,,"0.9**2 * Matern(length_scale=1.01, nu=2.5)",0.8108063266275328,1.0121549897245588,,,,,,,3.34997725,False,1e-06,numerical jitter only; separate from WhiteKernel nugget,163,164,True,False,False,False,True,True,False,"[""P"",""VX"",""LS"",""ST""]",3.4254969236196326,1.69444089190309,"[277.0023987314847,0.6323789113259574,59.73621891588159,349.51604576236207]","[100.99511909163331,0.22359278158791257,15.327683976667444,30.339975287789787]",1F5C2BB96DF414925C2C4EBDC58194BCFE002CE09FF67C5CF2637459E41123F5,404.674556304,0.544519129004,44.3635630435,368.185027338,1116468530,fmin_l_bfgs_b,1,-111.75721832318976,2.345878000021912,0,0,,completed_without_convergence_warning,False,False,,False,,False,,False
week7_phase3_new_data_replication,Phase 3B,F7F71204D643D1027D0FF4736F24213619BF6A09C2361C3C11F169797AC98A9C,3247A2983F95B67C45CAA91EED90A036B3991A23F748BBF512B53F6518CB0876,kinetic_energy,T0 melt kinetic energy,T0,matern52_no_nugget,"Matérn 5/2, no nugget",Matern,2.5,False,143,P-406p350963493_VX-0p484226878203_LS-4p36170368492e-05_ST-370p554621114_M-TI64_XI-0p0002_XF-0p0014_XL-0p0012_TE-0p0021_DT-9p96252133074e-06_H-778de5c076,144,6.897737,7.200847062039909,-0.30311006203990853,0.30311006203990853,0.0918757097098372,0.2287921561053486,0.0523458506953342,,,0.2287921561053486,latent predictive variance; numerical jitter excluded,0.32158073021662414,,0.32158073021662414,6.752414436073425,7.649279688006392,,,True,,"0.902**2 * Matern(length_scale=1.01, nu=2.5)",0.8140922184591154,1.0126326602137186,,,,,,,3.34997725,False,1e-06,numerical jitter only; separate from WhiteKernel nugget,163,164,True,False,False,False,True,True,False,"[""P"",""VX"",""LS"",""ST""]",3.419132267177915,1.6832982919783728,"[276.9921140248037,0.632748802435166,59.74079883118404,349.50150837723316]","[100.98203103432742,0.22339717206488105,15.322977685896573,30.330457383306165]",99FAC210C48D2A75A34BEFC6602B76612B061391A5A6CE2B7C7D503E6069F23C,406.350963493,0.484226878203,43.6170368492,370.554621114,515376045,fmin_l_bfgs_b,1,-112.37869618560703,2.8491164000006393,0,0,,completed_without_convergence_warning,False,False,,False,,False,,False
week7_phase3_new_data_replication,Phase 3B,F7F71204D643D1027D0FF4736F24213619BF6A09C2361C3C11F169797AC98A9C,3247A2983F95B67C45CAA91EED90A036B3991A23F748BBF512B53F6518CB0876,kinetic_energy,T0 melt kinetic energy,T0,matern52_no_nugget,"Matérn 5/2, no nugget",Matern,2.5,False,144,P-408p574656479_VX-0p243547442248_LS-8p65536608509e-05_ST-318p028622224_M-TI64_XI-0p0002_XF-0p0014_XL-0p0012_TE-0p0021_DT-1p98077243534e-05_H-1553ff852f,145,6.7720065,4.171428221297843,2.600578278702157,2.600578278702157,6.763007383657474,1.3304594695382477,1.7701224000839955,,,1.3304594695382477,latent predictive variance; numerical jitter excluded,3.1147848410661654,,3.1147848410661654,1.5637276610028774,6.779128781592808,,,True,,"0.882**2 * Matern(length_scale=1, nu=2.5)",0.7783150973074622,1.0026795595769058,,,,,,,3.34997725,False,1e-06,numerical jitter only; separate from WhiteKernel nugget,163,164,True,False,False,False,True,True,False,"[""P"",""VX"",""LS"",""ST""]",3.4199036199386508,1.6848626130792643,"[276.978471736546,0.6342253633919451,59.47738396000797,349.8237537691964]","[100.9644024793832,0.22160806629498472,15.228545231199874,30.27333940977033]",4FBD7542869AD9442AB4BC53EB60538055DBBB32EF755AA27BA058350C762BEE,408.574656479,0.243547442248,86.5536608509,318.028622224,1481538360,fmin_l_bfgs_b,1,-109.32937645884752,2.6829402999719605,0,0,,completed_without_convergence_warning,False,False,,False,,False,,False
week7_phase3_new_data_replication,Phase 3B,F7F71204D643D1027D0FF4736F24213619BF6A09C2361C3C11F169797AC98A9C,3247A2983F95B67C45CAA91EED90A036B3991A23F748BBF512B53F6518CB0876,kinetic_energy,T0 melt kinetic energy,T0,matern52_no_nugget,"Matérn 5/2, no nugget",Matern,2.5,False,145,P-409p380479822_VX-0p571506017722_LS-4p19025576691e-05_ST-383p379922389_M-TI64_XI-0p0002_XF-0p0014_XL-0p0012_TE-0p0021_DT-8p44106702891e-06_H-86665dad6a,146,5.142541,5.230652035122709,-0.08811103512270968,0.08811103512270968,0.0077635545103953785,0.4153795431662079,0.17254016488096757,,,0.4153795431662079,latent predictive variance; numerical jitter excluded,0.06287373650501693,,0.06287373650501693,4.416508130516942,6.044795939728477,,,True,,"0.897**2 * Matern(length_scale=1.01, nu=2.5)",0.803823315017769,1.0109972464785828,,,,,,,3.34997725,False,1e-06,numerical jitter only; separate from WhiteKernel nugget,163,164,True,False,False,False,True,True,False,"[""P"",""VX"",""LS"",""ST""]",3.4299003407975466,1.6998214177778213,"[276.9735280350552,0.6322133475914912,59.751317108362564,349.42282554732526]","[100.95793884246669,0.2236477795645047,15.311313227993285,30.25901991335954]",B315062D39F11838A0477D1847C600AFE006B21C3319213BFF4163156119A2D7,409.380479822,0.571506017722,41.9025576691,383.379922389,159668877,fmin_l_bfgs_b,1,-111.11445502450447,2.753354299988132,0,0,,completed_without_convergence_warning,False,False,,False,,False,,False
week7_phase3_new_data_replication,Phase 3B,F7F71204D643D1027D0FF4736F24213619BF6A09C2361C3C11F169797AC98A9C,3247A2983F95B67C45CAA91EED90A036B3991A23F748BBF512B53F6518CB0876,kinetic_energy,T0 melt kinetic energy,T0,matern52_no_nugget,"Matérn 5/2, no nugget",Matern,2.5,False,146,P-413p007329362_VX-0p214914258115_LS-4p25156575745e-05_ST-342p625619244_M-TI64_XI-0p0002_XF-0p0014_XL-0p0012_TE-0p0021_DT-2p24467219873e-05_H-c87ffcf9e3,147,3.576689,3.784381019244116,-0.20769201924411584,0.20769201924411584,0.043135974857698184,0.3499033155454909,0.1224323302297274,,,0.3499033155454909,latent predictive variance; numerical jitter excluded,0.04500264602852114,,0.04500264602852114,3.0985705207749534,4.470191517713278,,,True,,"0.893**2 * Matern(length_scale=1.02, nu=2.5)",0.7972292407021574,1.0152335674274833,,,,,,,3.34997725,False,1e-06,numerical jitter only; separate from WhiteKernel nugget,163,164,True,False,False,False,True,True,False,"[""P"",""VX"",""LS"",""ST""]",3.439506794785277,1.7050404952870404,"[276.9512774243804,0.6344010270982825,59.74755575924968,349.67285194698786]","[100.92835057377467,0.22128673370717655,15.315621546844111,30.369992798206162]",3BACF4017ABF62D82E9CA80BCAB936DD435CF63E328BB522DCF24ABF7BCE9BB5,413.007329362,0.214914258115,42.5156575745,342.625619244,1877831708,fmin_l_bfgs_b,1,-110.2658998592552,2.291559200035408,0,0,,completed_without_convergence_warning,False,False,,False,,False,,False
week7_phase3_new_data_replication,Phase 3B,F7F71204D643D1027D0FF4736F24213619BF6A09C2361C3C11F169797AC98A9C,3247A2983F95B67C45CAA91EED90A036B3991A23F748BBF512B53F6518CB0876,kinetic_energy,T0 melt kinetic energy,T0,matern52_no_nugget,"Matérn 5/2, no nugget",Matern,2.5,False,147,P-413p458184039_VX-0p35207482727_LS-4p49853708666e-05_ST-303p358380963_M-TI64_XI-0p0002_XF-0p0014_XL-0p0012_TE-0p0021_DT-1p37019753455e-05_H-ff013f97fe,148,6.204869500000001,6.252395517280345,-0.04752601728034378,0.04752601728034378,0.0022587223185315357,0.8471315321810927,0.7176318328154857,,,0.8471315321810927,latent predictive variance; numerical jitter excluded,0.754612962014588,,0.754612962014588,4.592017714205403,7.912773320355287,,,True,,"0.906**2 * Matern(length_scale=1.02, nu=2.5)",0.8199712891325082,1.0182892348034946,,,,,,,3.34997725,False,1e-06,numerical jitter only; separate from WhiteKernel nugget,163,164,True,False,False,False,True,True,False,"[""P"",""VX"",""LS"",""ST""]",3.4233829880368107,1.6911839167311478,"[276.9485114447669,0.6335595512138961,59.73240414396073,349.9137552493253]","[100.9246156212912,0.22261551860041456,15.331431630249716,30.156647982252153]",E726B963E498C39721C5E58C4085731BC12B9CFBD2E5454D0A13121568BFBF4A,413.458184039,0.35207482727,44.9853708666,303.358380963,10838349,fmin_l_bfgs_b,1,-111.13394060348855,4.289766800007783,0,0,,completed_without_convergence_warning,False,False,,False,,False,,False
week7_phase3_new_data_replication,Phase 3B,F7F71204D643D1027D0FF4736F24213619BF6A09C2361C3C11F169797AC98A9C,3247A2983F95B67C45CAA91EED90A036B3991A23F748BBF512B53F6518CB0876,kinetic_energy,T0 melt kinetic energy,T0,matern52_no_nugget,"Matérn 5/2, no nugget",Matern,2.5,False,148,P-420p548248194_VX-0p890019823061_LS-4p2728397196e-05_ST-342p58191385_M-TI64_XI-0p0002_XF-0p0014_XL-0p0012_TE-0p0021_DT-5p42023950256e-06_H-39de960155,149,4.227087,4.935241070477655,-0.7081540704776552,0.7081540704776552,0.5014821875340719,0.5464519837404292,0.29860977053385035,,,0.5464519837404292,latent predictive variance; numerical jitter excluded,1.1543245709843095,,1.1543245709843095,3.864195182346414,6.0062869586088965,,,True,,"0.895**2 * Matern(length_scale=1.02, nu=2.5)",0.8018242731981886,1.0182316254741723,,,,,,,3.34997725,False,1e-06,numerical jitter only; separate from WhiteKernel nugget,163,164,True,False,False,False,True,True,False,"[""P"",""VX"",""LS"",""ST""]",3.435516623006136,1.7039534055323649,"[276.9050141186626,0.6302592751660985,59.746250608197535,349.6731200782394]","[100.8642262448134,0.2227764909042338,15.317080807565397,30.36993038526379]",E0B2714D0344C6B7ABDF605420D7D79F4C7F3AB21247F13B15361B47D6E71A1E,420.548248194,0.890019823061,42.728397196,342.58191385,941626268,fmin_l_bfgs_b,1,-109.46709575143517,1.9428468000260182,0,0,,completed_without_convergence_warning,False,False,,False,,False,,False
week7_phase3_new_data_replication,Phase 3B,F7F71204D643D1027D0FF4736F24213619BF6A09C2361C3C11F169797AC98A9C,3247A2983F95B67C45CAA91EED90A036B3991A23F748BBF512B53F6518CB0876,kinetic_energy,T0 melt kinetic energy,T0,matern52_no_nugget,"Matérn 5/2, no nugget",Matern,2.5,False,149,P-422p617573631_VX-0p52186874631_LS-4p33544604908e-05_ST-334p849986924_M-TI64_XI-0p0002_XF-0p0014_XL-0p0012_TE-0p0021_DT-9p24393468113e-06_H-eac21b41c2,150,5.687016,6.700749444896919,-1.0137334448969195,1.0137334448969195,1.0276554973025758,0.5320555010811404,0.2830830562307034,,,0.5320555010811404,latent predictive variance; numerical jitter excluded,2.1030441101180437,,2.1030441101180437,5.657920662777884,7.743578227015955,,,True,,"0.897**2 * Matern(length_scale=1.02, nu=2.5)",0.8049529794003975,1.0196977792385653,,,,,,,3.34997725,False,1e-06,numerical jitter only; separate from WhiteKernel nugget,163,164,True,False,False,False,True,True,False,"[""P"",""VX"",""LS"",""ST""]",3.4265600033742336,1.6959131371890188,"[276.8923188705828,0.632517870728988,59.74240972908833,349.72055521275473]","[100.84601395797787,0.22353108799234836,15.321268619635081,30.352774368702438]",D94C1C1D9480CE537A11A072D3358A496004523BEE6BB56CAFE0DF705C96D8C4,422.617573631,0.52186874631,43.3544604908,334.849986924,111221684,fmin_l_bfgs_b,1,-109.41097004052733,3.4790968999732286,0,0,,completed_without_convergence_warning,False,False,,False,,False,,False
week7_phase3_new_data_replication,Phase 3B,F7F71204D643D1027D0FF4736F24213619BF6A09C2361C3C11F169797AC98A9C,3247A2983F95B67C45CAA91EED90A036B3991A23F748BBF512B53F6518CB0876,kinetic_energy,T0 melt kinetic energy,T0,matern52_no_nugget,"Matérn 5/2, no nugget",Matern,2.5,False,150,P-423p354289604_VX-0p98992750487_LS-4p35270321082e-05_ST-379p923005206_M-TI64_XI-0p0002_XF-0p0014_XL-0p0012_TE-0p0021_DT-4p87320594618e-06_H-4d45e0bf17,151,4.550764,4.423067450844003,0.12769654915599737,0.12769654915599737,0.016306408666350053,0.2652320850822438,0.0703480589570746,,,0.2652320850822438,latent predictive variance; numerical jitter excluded,-0.2923134392900779,,-0.2923134392900779,3.903212564082805,4.9429223376052,,,True,,"0.895**2 * Matern(length_scale=1.02, nu=2.5)",0.8016403835777236,1.0156498233762998,,,,,,,3.34997725,False,1e-06,numerical jitter only; separate from WhiteKernel nugget,163,164,True,False,False,False,True,True,False,"[""P"",""VX"",""LS"",""ST""]",3.4335308745398776,1.7028408042438843,"[276.88779914068715,0.6296463446028532,59.74135100750919,349.44403362820253]","[100.83946600139502,0.22192188352252407,15.322395009913459,30.281592617752853]",98FC42B7C03561A1B7E8055C2E353B3DD17A8ABEBCA510C6594B1316A09F7930,423.354289604,0.98992750487,43.5270321082,379.923005206,216792053,fmin_l_bfgs_b,1,-110.932392488927,1.845512800035067,0,0,,completed_without_convergence_warning,False,False,,False,,False,,False
week7_phase3_new_data_replication,Phase 3B,F7F71204D643D1027D0FF4736F24213619BF6A09C2361C3C11F169797AC98A9C,3247A2983F95B67C45CAA91EED90A036B3991A23F748BBF512B53F6518CB0876,kinetic_energy,T0 melt kinetic energy,T0,matern52_no_nugget,"Matérn 5/2, no nugget",Matern,2.5,False,151,P-426p513929333_VX-0p671876042338_LS-4p21074124626e-05_ST-335p829973615_M-TI64_XI-0p0002_XF-0p0014_XL-0p0012_TE-0p0021_DT-7p18007533983e-06_H-ff013f97fe,152,4.962095,6.136204407978969,-1.1741094079789693,1.1741094079789693,1.3785329019047259,0.2173803166860484,0.047254202082526696,,,0.2173803166860484,latent predictive variance; numerical jitter excluded,13.979184233234498,,13.979184233234498,5.7101389872743145,6.562269828683624,,,False,,"0.871**2 * Matern(length_scale=1.06, nu=2.5)",0.7589850746484882,1.0613970353418507,,,,,,,3.34997725,False,1e-06,numerical jitter only; separate from WhiteKernel nugget,163,164,True,False,False,False,True,True,False,"[""P"",""VX"",""LS"",""ST""]",3.431007371472394,1.7008773497967415,"[276.8684148478712,0.6315975805693071,59.75006033048834,349.71454302446637]","[100.81100129269753,0.2236759010877352,15.312769755375774,30.355622101671027]",D791D57C7EB443E137F94589FEE2CBC809BF2843DFB2DA4E7BD727B48F30C9F2,426.513929333,0.671876042338,42.1074124626,335.829973615,2838432108,fmin_l_bfgs_b,1,-98.35468223520454,1.733316499972716,0,0,,completed_without_convergence_warning,False,False,,False,,False,,False
week7_phase3_new_data_replication,Phase 3B,F7F71204D643D1027D0FF4736F24213619BF6A09C2361C3C11F169797AC98A9C,3247A2983F95B67C45CAA91EED90A036B3991A23F748BBF512B53F6518CB0876,kinetic_energy,T0 melt kinetic energy,T0,matern52_no_nugget,"Matérn 5/2, no nugget",Matern,2.5,False,152,P-429p223744451_VX-0p993777087019_LS-4p49939505126e-05_ST-337p477091824_M-TI64_XI-0p0002_XF-0p0014_XL-0p0012_TE-0p0021_DT-4p8543286679e-06_H-c87ffcf9e3,153,4.6995745,4.34246082301429,0.35711367698571017,0.35711367698571017,0.12753017829025415,0.5270847740656299,0.2778183590518161,,,0.5270847740656299,latent predictive variance; numerical jitter excluded,0.5080654410683034,,0.5080654410683034,3.309374665845655,5.375546980182924,,,True,,"0.897**2 * Matern(length_scale=1.02, nu=2.5)",0.8042049159260946,1.0171218611405544,,,,,,,3.34997725,False,1e-06,numerical jitter only; separate from WhiteKernel nugget,163,164,True,False,False,False,True,True,False,"[""P"",""VX"",""LS"",""ST""]",3.4326179266871173,1.7022015637790635,"[276.8517902152454,0.6296227275344544,59.73235150809569,349.7044380047792]","[100.78609552995003,0.22188333272908148,15.331482244856831,30.359967961125488]",2C8BDB1C5CD7B1B4D3C8FD46CEF790F1B1995769EEC3D05A007B4B8EA9973565,429.223744451,0.993777087019,44.9939505126,337.477091824,4223069431,fmin_l_bfgs_b,1,-110.15567309357597,2.7718060999759473,0,0,,completed_without_convergence_warning,False,False,,False,,False,,False
week7_phase3_new_data_replication,Phase 3B,F7F71204D643D1027D0FF4736F24213619BF6A09C2361C3C11F169797AC98A9C,3247A2983F95B67C45CAA91EED90A036B3991A23F748BBF512B53F6518CB0876,kinetic_energy,T0 melt kinetic energy,T0,matern52_no_nugget,"Matérn 5/2, no nugget",Matern,2.5,False,153,P-433p517899565_VX-0p4209966739_LS-4p21798941345e-05_ST-396p810205947_M-TI64_XI-0p0002_XF-0p0014_XL-0p0012_TE-0p0021_DT-1p1458809302e-05_H-204261a8b1,154,8.504610000000001,7.529217146343128,0.9753928536568734,0.9753928536568734,0.951391218964899,0.5283409681681162,0.2791441786448223,,,0.5283409681681162,latent predictive variance; numerical jitter excluded,1.9850466493170278,,1.9850466493170278,6.49366884873362,8.564765443952636,,,True,,"0.907**2 * Matern(length_scale=1.01, nu=2.5)",0.8223283974352089,1.0101063123776586,,,,,,,3.34997725,False,1e-06,numerical jitter only; separate from WhiteKernel nugget,163,164,True,False,False,False,True,True,False,"[""P"",""VX"",""LS"",""ST""]",3.4092741506134976,1.6580018800054201,"[276.8254457053436,0.6331367177989881,59.74961565765459,349.3404311696688]","[100.74569420979161,0.2230838187049919,15.313281018946624,30.147954652107494]",F289117F12EE74799A78C7E315C5090545FAD42B2B87E82FC1949875D5BC1C41,433.517899565,0.4209966739,42.1798941345,396.810205947,3115691558,fmin_l_bfgs_b,1,-113.24609106191448,4.236574600043241,0,0,,completed_without_convergence_warning,False,False,,False,,False,,False
week7_phase3_new_data_replication,Phase 3B,F7F71204D643D1027D0FF4736F24213619BF6A09C2361C3C11F169797AC98A9C,3247A2983F95B67C45CAA91EED90A036B3991A23F748BBF512B53F6518CB0876,kinetic_energy,T0 melt kinetic energy,T0,matern52_no_nugget,"Matérn 5/2, no nugget",Matern,2.5,False,154,P-435p358668153_VX-0p616312825798_LS-4p12302442682e-05_ST-330p720611029_M-TI64_XI-0p0002_XF-0p0014_XL-0p0012_TE-0p0021_DT-7p82738960003e-06_H-4dbd940f3b,155,6.109829,5.160384258573912,0.9494447414260883,0.9494447414260883,0.9014453170216515,0.31658466505839106,0.10022585015013365,,,0.31658466505839106,latent predictive variance; numerical jitter excluded,4.265843910051715,,4.265843910051715,4.5398783150594655,5.780890202088359,,,False,,"0.892**2 * Matern(length_scale=1.03, nu=2.5)",0.7947976436907372,1.0267136677713504,,,,,,,3.34997725,False,1e-06,numerical jitter only; separate from WhiteKernel nugget,163,164,True,False,False,False,True,True,False,"[""P"",""VX"",""LS"",""ST""]",3.423966058588958,1.6921261450242613,"[276.8141526465215,0.6319384591983869,59.75544173045398,349.7458888072025]","[100.72802446278241,0.2236946855643813,15.306413163753758,30.33862568178777]",4D49C8692656625378F910D52BE849524D7715424F400F2295FC39F5D6D56E4D,435.358668153,0.616312825798,41.2302442682,330.720611029,2735234820,fmin_l_bfgs_b,1,-107.75717770949336,2.4330726000480354,0,0,,completed_without_convergence_warning,False,False,,False,,False,,False
week7_phase3_new_data_replication,Phase 3B,F7F71204D643D1027D0FF4736F24213619BF6A09C2361C3C11F169797AC98A9C,3247A2983F95B67C45CAA91EED90A036B3991A23F748BBF512B53F6518CB0876,kinetic_energy,T0 melt kinetic energy,T0,matern52_no_nugget,"Matérn 5/2, no nugget",Matern,2.5,False,155,P-438p134561959_VX-0p25154969533_LS-4p05773405909e-05_ST-340p985774893_M-TI64_XI-0p0002_XF-0p0014_XL-0p0012_TE-0p0021_DT-1p91776046347e-05_H-dfeedce527,156,4.328587,4.320420083130809,0.008166916869190466,0.008166916869190466,6.66985311482678e-05,0.4748825426406899,0.22551342930488666,,,0.4748825426406899,latent predictive variance; numerical jitter excluded,0.17439863053370325,,0.17439863053370325,3.389650299555057,5.251189866706562,,,True,,"0.896**2 * Matern(length_scale=1.02, nu=2.5)",0.803356221107158,1.0168667074634306,,,,,,,3.34997725,False,1e-06,numerical jitter only; separate from WhiteKernel nugget,163,164,True,False,False,False,True,True,False,"[""P"",""VX"",""LS"",""ST""]",3.4348939236196325,1.7036454430740076,"[276.7971226231718,0.634176269814755,59.75944727448649,349.68291234177923]","[100.70097971228869,0.2216937061148782,15.301478545305041,30.367384938180386]",AAD2F6423AECF42425B8307DF6312123CE63DBE2C6313D498EADFB87A9F3ECFD,438.134561959,0.25154969533,40.5773405909,340.985774893,4041862621,fmin_l_bfgs_b,1,-110.35449814139768,2.3747620999929495,0,0,,completed_without_convergence_warning,False,False,,False,,False,,False
week7_phase3_new_data_replication,Phase 3B,F7F71204D643D1027D0FF4736F24213619BF6A09C2361C3C11F169797AC98A9C,3247A2983F95B67C45CAA91EED90A036B3991A23F748BBF512B53F6518CB0876,kinetic_energy,T0 melt kinetic energy,T0,matern52_no_nugget,"Matérn 5/2, no nugget",Matern,2.5,False,156,P-440p884222701_VX-0p405879510898_LS-4p4918885946e-05_ST-386p365641032_M-TI64_XI-0p0002_XF-0p0014_XL-0p0012_TE-0p0021_DT-1p18855977537e-05_H-410a3c6302,157,8.876052,8.352686526262403,0.5233654737375968,0.5233654737375968,0.2739114191005791,0.4802093744090109,0.23060104327029363,,,0.4802093744090109,latent predictive variance; numerical jitter excluded,0.7793130483601034,,0.7793130483601034,7.411476152420741,9.293896900104064,,,True,,"0.921**2 * Matern(length_scale=1.01, nu=2.5)",0.8488622921470764,1.0143476857803124,,,,,,,3.34997725,False,1e-06,numerical jitter only; separate from WhiteKernel nugget,163,164,True,False,False,False,True,True,False,"[""P"",""VX"",""LS"",""ST""]",3.4069953653374236,1.6507259772773293,"[276.78025353886505,0.6332294611302887,59.732812026909194,349.4045082550369]","[100.67371760523163,0.22299244471926094,15.331038399983182,30.23754712566137]",E345C686CCBDFBD534557197343952A9378AAEE9699268D743EF9C91D961B269,440.884222701,0.405879510898,44.918885946,386.365641032,667029163,fmin_l_bfgs_b,1,-115.10199449601433,2.9604159999871626,0,0,,completed_without_convergence_warning,False,False,,False,,False,,False
week7_phase3_new_data_replication,Phase 3B,F7F71204D643D1027D0FF4736F24213619BF6A09C2361C3C11F169797AC98A9C,3247A2983F95B67C45CAA91EED90A036B3991A23F748BBF512B53F6518CB0876,kinetic_energy,T0 melt kinetic energy,T0,matern52_no_nugget,"Matérn 5/2, no nugget",Matern,2.5,False,157,P-441p843471056_VX-0p982124766198_LS-4p09875344609e-05_ST-327p495507906_M-TI64_XI-0p0002_XF-0p0014_XL-0p0012_TE-0p0021_DT-4p91192236368e-06_H-f55fc58583,158,4.308182,4.8950102973863165,-0.5868282973863161,0.5868282973863161,0.3443674506133227,0.6193181671550456,0.38355499216828504,,,0.6193181671550456,latent predictive variance; numerical jitter excluded,0.8887177512902996,,0.8887177512902996,3.681146689762427,6.108873905010206,,,True,,"0.899**2 * Matern(length_scale=1.02, nu=2.5)",0.8086198804458975,1.02235674391018,,,,,,,3.34997725,False,1e-06,numerical jitter only; separate from WhiteKernel nugget,163,164,True,False,False,False,True,True,False,"[""P"",""VX"",""LS"",""ST""]",3.4350191076687127,1.7037103562199578,"[276.7743685796319,0.6296942141652581,59.75693074767667,349.76567471593256]","[100.66409611351351,0.22199873779815368,15.304599035816928,30.325156889322848]",1FFD42C898A01EF40B48FB30820F8F8CDCF55975AC4521E6007A78B5E76BB892,441.843471056,0.982124766198,40.9875344609,327.495507906,2614867828,fmin_l_bfgs_b,1,-109.68977934802676,2.1117733000428416,0,0,,completed_without_convergence_warning,False,False,,False,,False,,False
week7_phase3_new_data_replication,Phase 3B,F7F71204D643D1027D0FF4736F24213619BF6A09C2361C3C11F169797AC98A9C,3247A2983F95B67C45CAA91EED90A036B3991A23F748BBF512B53F6518CB0876,kinetic_energy,T0 melt kinetic energy,T0,matern52_no_nugget,"Matérn 5/2, no nugget",Matern,2.5,False,158,P-445p244311553_VX-0p680564934933_LS-4p06442633709e-05_ST-341p721757622_M-TI64_XI-0p0002_XF-0p0014_XL-0p0012_TE-0p0021_DT-7p0884060512e-06_H-c87ffcf9e3,159,6.897984,5.068789271043167,1.8291947289568329,1.8291947289568329,3.345953356443461,0.4209546370003768,0.17720280641211897,,,0.4209546370003768,latent predictive variance; numerical jitter excluded,9.494736451179163,,9.494736451179163,4.243718182522429,5.893860359563906,,,False,,"0.861**2 * Matern(length_scale=1.02, nu=2.5)",0.7409246468186503,1.0150483907325012,,,,,,,3.34997725,False,1e-06,numerical jitter only; separate from WhiteKernel nugget,163,164,True,False,False,False,True,True,False,"[""P"",""VX"",""LS"",""ST""]",3.419130751840491,1.683295160356869,"[276.75350452750314,0.6315442744797672,59.75903670528404,349.67839711031297]","[100.6295226810241,0.2236652600213213,15.301992327534215,30.3686230119392]",F6BBB84AB163F16F2C58FCC5D75614AECBFA35ACF2B38001D6AA434A8BA50FF8,445.244311553,0.680564934933,40.6442633709,341.721757622,2502005623,fmin_l_bfgs_b,1,-103.72467999792124,1.7775774000328965,0,0,,completed_without_convergence_warning,False,False,,False,,False,,False
week7_phase3_new_data_replication,Phase 3B,F7F71204D643D1027D0FF4736F24213619BF6A09C2361C3C11F169797AC98A9C,3247A2983F95B67C45CAA91EED90A036B3991A23F748BBF512B53F6518CB0876,kinetic_energy,T0 melt kinetic energy,T0,matern52_no_nugget,"Matérn 5/2, no nugget",Matern,2.5,False,159,P-446p579563616_VX-0p74347743801_LS-4p27116473193e-05_ST-393p115972114_M-TI64_XI-0p0002_XF-0p0014_XL-0p0012_TE-0p0021_DT-6p48859044859e-06_H-4a563c0a8f,160,5.234838,5.531519898870382,-0.2966818988703821,0.2966818988703821,0.08802014911733563,0.7199578380217798,0.5183392885289954,,,0.7199578380217798,latent predictive variance; numerical jitter excluded,0.6752818269750069,,0.6752818269750069,4.120402536347694,6.94263726139307,,,True,,"0.903**2 * Matern(length_scale=1.02, nu=2.5)",0.814770171842994,1.0190048573859756,,,,,,,3.34997725,False,1e-06,numerical jitter only; separate from WhiteKernel nugget,163,164,True,False,False,False,True,True,False,"[""P"",""VX"",""LS"",""ST""]",3.4293341015337435,1.699235340013829,"[276.74531279705525,0.6311583082032212,59.74635336817729,349.3630951809142]","[100.6157510896437,0.2235260092747596,15.316966580402504,30.182223922529797]",65BE7AB62276AC46701F147A3CECE0BC0C079DCAC0D561733E8C0C1D997045B5,446.579563616,0.74347743801,42.7116473193,393.115972114,1181411330,fmin_l_bfgs_b,1,-110.58726318807787,2.3224227000027895,0,0,,completed_without_convergence_warning,False,False,,False,,False,,False
week7_phase3_new_data_replication,Phase 3B,F7F71204D643D1027D0FF4736F24213619BF6A09C2361C3C11F169797AC98A9C,3247A2983F95B67C45CAA91EED90A036B3991A23F748BBF512B53F6518CB0876,kinetic_energy,T0 melt kinetic energy,T0,matern52_no_nugget,"Matérn 5/2, no nugget",Matern,2.5,False,160,P-446p862811862_VX-0p39827443832_LS-4p33402817419e-05_ST-361p067570798_M-TI64_XI-0p0002_XF-0p0014_XL-0p0012_TE-0p0021_DT-1p21125539047e-05_H-4b0ba6b8ba,161,8.392153,7.211043351030934,1.1811096489690662,1.1811096489690662,1.3950200028878308,0.6844638787548447,0.46849080132012677,,,0.6844638787548447,latent predictive variance; numerical jitter excluded,2.0286637310282245,,2.0286637310282245,5.869494148671438,8.55259255339043,,,True,,"0.897**2 * Matern(length_scale=0.999, nu=2.5)",0.804822434589227,0.9987969039601716,,,,,,,3.34997725,False,1e-06,numerical jitter only; separate from WhiteKernel nugget,163,164,True,False,False,False,True,True,False,"[""P"",""VX"",""LS"",""ST""]",3.4099640708588965,1.6600972629547108,"[276.7435750777546,0.6332761180172702,59.74249671527791,349.5597111399081]","[100.6128154043828,0.22294407037221078,15.32117553660862,30.36168281945702]",78A6CDDD3A5620B58EE8AE39B37F5DC86291DB435038616C2CDE8C66C03D6A57,446.862811862,0.39827443832,43.3402817419,361.067570798,773577884,fmin_l_bfgs_b,1,-112.92258889223412,2.9938749999855645,0,0,,completed_without_convergence_warning,False,False,,False,,False,,False
week7_phase3_new_data_replication,Phase 3B,F7F71204D643D1027D0FF4736F24213619BF6A09C2361C3C11F169797AC98A9C,3247A2983F95B67C45CAA91EED90A036B3991A23F748BBF512B53F6518CB0876,kinetic_energy,T0 melt kinetic energy,T0,matern52_no_nugget,"Matérn 5/2, no nugget",Matern,2.5,False,161,P-447p413798058_VX-0p91078629156_LS-5p3177056457e-05_ST-328p907838563_M-TI64_XI-0p0002_XF-0p0014_XL-0p0012_TE-0p0021_DT-5p29665482201e-06_H-1553ff852f,162,5.561748000000001,4.83788192196117,0.7238660780388306,0.7238660780388306,0.5239820989353184,0.9423726745245342,0.8880662576905237,,,0.9423726745245342,latent predictive variance; numerical jitter excluded,1.1545970244440038,,1.1545970244440038,2.9908314798930826,6.684932364029257,,,True,,"0.897**2 * Matern(length_scale=1.01, nu=2.5)",0.8039052830531155,1.0130720869773255,,,,,,,3.34997725,False,1e-06,numerical jitter only; separate from WhiteKernel nugget,163,164,True,False,False,False,True,True,False,"[""P"",""VX"",""LS"",""ST""]",3.427328518711657,1.6969086298622984,"[276.7401947943436,0.6301318735188653,59.682148404142325,349.7570101106749]","[100.60709044203894,0.2226219107427534,15.366223905335112,30.331316364574167]",E102ACE332847CFAC2B85BAFAEE31205F8F17A2F1AECC2734F123FC84DE26D92,447.413798058,0.91078629156,53.177056457,328.907838563,556277573,fmin_l_bfgs_b,1,-110.11292768140231,2.494172500038985,0,0,,completed_without_convergence_warning,False,False,,False,,False,,False
week7_phase3_new_data_replication,Phase 3B,F7F71204D643D1027D0FF4736F24213619BF6A09C2361C3C11F169797AC98A9C,3247A2983F95B67C45CAA91EED90A036B3991A23F748BBF512B53F6518CB0876,kinetic_energy,T0 melt kinetic energy,T0,matern52_no_nugget,"Matérn 5/2, no nugget",Matern,2.5,False,162,P-449p184068185_VX-0p980953819102_LS-4p30284180995e-05_ST-381p816740361_M-TI64_XI-0p0002_XF-0p0014_XL-0p0012_TE-0p0021_DT-4p91778563789e-06_H-c87ffcf9e3,163,4.646357500000001,4.77730682661225,-0.13094932661224945,0.13094932661224945,0.01714772614020158,0.3897898598626101,0.15193613485171323,,,0.3897898598626101,latent predictive variance; numerical jitter excluded,0.033221731379385236,,0.033221731379385236,4.013318701281534,5.541294951942966,,,True,,"0.898**2 * Matern(length_scale=1.02, nu=2.5)",0.8059926282579678,1.0181643732283585,,,,,,,3.34997725,False,1e-06,numerical jitter only; separate from WhiteKernel nugget,163,164,True,False,False,False,True,True,False,"[""P"",""VX"",""LS"",""ST""]",3.432944411349694,1.7024394163623096,"[276.7293342414172,0.6297013978897734,59.74440998915765,349.4324156211166]","[100.58856835518544,0.22201012285163785,15.319107533516405,30.26953097167981]",92FEABE4EA22866401B67F402AFF582952287A555A3D58AA75234614FCD511DD,449.184068185,0.980953819102,43.0284180995,381.816740361,2109628503,fmin_l_bfgs_b,1,-110.68114444021941,2.331865399959497,0,0,,completed_without_convergence_warning,False,False,,False,,False,,False
week7_phase3_new_data_replication,Phase 3B,F7F71204D643D1027D0FF4736F24213619BF6A09C2361C3C11F169797AC98A9C,3247A2983F95B67C45CAA91EED90A036B3991A23F748BBF512B53F6518CB0876,kinetic_energy,T0 melt kinetic energy,T0,matern52_no_nugget,"Matérn 5/2, no nugget",Matern,2.5,False,163,P-449p762375807_VX-0p721910835583_LS-4p02949716673e-05_ST-312p266645761_M-TI64_XI-0p0002_XF-0p0014_XL-0p0012_TE-0p0021_DT-6p68243273994e-06_H-c87ffcf9e3,164,5.9967915000000005,4.934278567219375,1.062512932780625,1.062512932780625,1.128933732326085,0.8108230837147921,0.6574340730847646,,,0.8108230837147921,latent predictive variance; numerical jitter excluded,1.567823968207315,,1.567823968207315,3.3450653231383827,6.523491811300368,,,True,,"0.891**2 * Matern(length_scale=1.01, nu=2.5)",0.7938102768430763,1.0073300377581427,,,,,,,3.34997725,False,1e-06,numerical jitter only; separate from WhiteKernel nugget,163,164,True,False,False,False,True,True,False,"[""P"",""VX"",""LS"",""ST""]",3.4246595401840496,1.6932032404191044,"[276.72578634189574,0.6312906186475586,59.76117959917116,349.8591033180491]","[100.58247518949224,0.2235860635581765,15.299290645092062,30.232801045361445]",F074E069E53F4D286D35766028BC487D310B66F03136CDC274F3217B4005284D,449.762375807,0.721910835583,40.2949716673,312.266645761,2879648202,fmin_l_bfgs_b,1,-110.28822978553869,2.283603799995035,0,0,,completed_without_convergence_warning,False,False,,False,,False,,False
