analysis_label,phase,phase3_config_fingerprint,run_fingerprint,target,target_label,target_definition,gp_configuration,gp_configuration_label,kernel_family,matern_nu,learned_nugget,fold_index,heldout_simulation_id,heldout_numeric_simulation_id,observed_target_um,predicted_mean_um,residual_um,absolute_error_um,squared_error_um2,latent_predictive_std_um,latent_predictive_variance_um2,total_predictive_std_um,total_predictive_variance_um2,evaluation_predictive_std_um,evaluation_variance_definition,latent_nlpd,total_nlpd,evaluation_nlpd,latent_interval_lower_um,latent_interval_upper_um,total_interval_lower_um,total_interval_upper_um,latent_interval_contains_observed,total_interval_contains_observed,optimized_kernel,optimized_signal_variance_normalized,optimized_length_scale,optimized_noise_variance_normalized,optimized_noise_std_normalized,optimized_noise_variance_um2,optimized_noise_std_um,noise_std_fraction_training_target_std,noise_std_fraction_dataset_target_median,dataset_target_median_um_reporting_only,dataset_target_median_used_for_fitting,numerical_alpha_normalized,numerical_alpha_interpretation,training_size,population_size,heldout_excluded_from_training,heldout_target_used_for_scaling,heldout_target_used_for_fitting,heldout_target_used_for_tuning,x_scaler_fit_on_training_only,y_scaler_fit_on_training_only,normalize_y,feature_columns,training_y_mean_um,training_y_std_um,x_training_mean,x_training_scale,outer_training_simulation_ids_sha256,heldout_P,heldout_VX,heldout_LS,heldout_ST,fold_random_seed,optimizer,n_restarts_optimizer,log_marginal_likelihood,runtime_seconds,warning_count,convergence_warning_count,warnings,convergence_status,failed_fold,constant_bound_hit,constant_bound_side,length_scale_bound_hit,length_scale_bound_side,noise_bound_hit,noise_bound_side,any_hyperparameter_bound_hit
week7_phase3_new_data_replication,Phase 3B,F7F71204D643D1027D0FF4736F24213619BF6A09C2361C3C11F169797AC98A9C,057420703C13861B9A1B6C9026185A13E0CD582407A149A1D31E053E42FB70D2,width,T0 melt-pool width,T0,matern32_learned_nugget,Matérn 3/2 + learned nugget,Matern,1.5,True,0,P-102p928146519_VX-0p633805217924_LS-5p29394366699e-05_ST-318p223787128_M-TI64_XI-0p0002_XF-0p0014_XL-0p0012_TE-0p0021_DT-7p61136145079e-06_H-6c9c68731f,1,125.25069,126.25480711690588,-1.0041171169058742,1.0041171169058742,1.008251184463365,2.2008800841353593,4.843873144743666,2.7914088742124123,7.791963503031807,2.7914088742124123,total predictive variance including learned WhiteKernel nugget,1.8118707474994238,2.010183120403412,2.010183120403412,121.94108215200058,130.56853208181118,120.78364572344955,131.7259685103622,True,True,"7.74**2 * Matern(length_scale=22.9, nu=1.5) + WhiteKernel(noise_level=0.00223)",59.93239237409664,22.892250791002617,0.0022291672072279806,0.04721405730529818,2.9480903582881433,1.717000395541056,0.04721405730529818,0.010302613215183864,166.656785,False,1e-08,numerical jitter only; separate from WhiteKernel nugget,163,164,True,False,False,False,True,True,False,"[""P"",""VX"",""LS"",""ST""]",171.70190392638037,36.366296258728454,"[278.8536036994908,0.6318311439092702,59.68360619424722,349.82255643849703]","[100.55191361866878,0.22369796013998375,15.365595415297832,30.2745930192761]",ABCE619B2752B5C89F9775F8949628AC1707A623F3B2B0568BD34F2A6D600EAA,102.928146519,0.633805217924,52.939436669900005,318.223787128,1497659392,fmin_l_bfgs_b,1,115.2538358450631,2.8327465999755077,0,0,,completed_without_convergence_warning,False,False,,False,,False,,False
week7_phase3_new_data_replication,Phase 3B,F7F71204D643D1027D0FF4736F24213619BF6A09C2361C3C11F169797AC98A9C,057420703C13861B9A1B6C9026185A13E0CD582407A149A1D31E053E42FB70D2,width,T0 melt-pool width,T0,matern32_learned_nugget,Matérn 3/2 + learned nugget,Matern,1.5,True,1,P-109p741517589_VX-0p915030812968_LS-7p99759662409e-05_ST-303p804431165_M-TI64_XI-0p0002_XF-0p0014_XL-0p0012_TE-0p0021_DT-5p27208541466e-06_H-0e4c2fc094,2,120.96344,116.1664849102408,4.796955089759209,4.796955089759209,23.010778133166777,5.398586870023019,29.144740193184937,5.61933032305109,31.576873279561465,5.61933032305109,total predictive variance including learned WhiteKernel nugget,2.9998430162023544,3.009512281910293,3.009512281910293,105.58525464499569,126.74771517548591,105.15259747706067,127.18037234342093,True,True,"7.43**2 * Matern(length_scale=21.5, nu=1.5) + WhiteKernel(noise_level=0.00184)",55.1354911946686,21.53227433764123,0.0018425941423960283,0.04292544865689849,2.432133086376527,1.5595297645048418,0.04292544865689849,0.009357733407042754,166.656785,False,1e-08,numerical jitter only; separate from WhiteKernel nugget,163,164,True,False,False,False,True,True,False,"[""P"",""VX"",""LS"",""ST""]",171.72820607361962,36.33112322180031,"[278.8118038769755,0.6301058335102273,59.51773791467053,349.91101874501845]","[100.62359610559422,0.222588830470799,15.291396114388638,30.160851900819917]",2F871AA394D2A91F84AAF9C9F7D88B47626EBEC88F4EC8C6E38103DD0316F466,109.741517589,0.915030812968,79.97596624090001,303.804431165,3266015279,fmin_l_bfgs_b,1,116.03644150198122,3.927514799986966,0,0,,completed_without_convergence_warning,False,False,,False,,False,,False
week7_phase3_new_data_replication,Phase 3B,F7F71204D643D1027D0FF4736F24213619BF6A09C2361C3C11F169797AC98A9C,057420703C13861B9A1B6C9026185A13E0CD582407A149A1D31E053E42FB70D2,width,T0 melt-pool width,T0,matern32_learned_nugget,Matérn 3/2 + learned nugget,Matern,1.5,True,2,P-111p098510779_VX-0p492021331775_LS-4p80108469254e-05_ST-345p911753718_M-TI64_XI-0p0002_XF-0p0014_XL-0p0012_TE-0p0021_DT-9p80469807196e-06_H-0602c4a780,3,136.11750999999998,138.66828945746232,-2.5507794574623404,2.5507794574623404,6.506475840611872,3.1797394256873868,10.110742815270752,3.5927186064944197,12.907626985451204,3.5927186064944197,total predictive variance including learned WhiteKernel nugget,2.397498310419767,2.4498876912874756,2.4498876912874756,132.43600018311506,144.9005787318096,131.62656098873325,145.7100179261914,True,True,"7.44**2 * Matern(length_scale=22.1, nu=1.5) + WhiteKernel(noise_level=0.00211)",55.40028274686977,22.10383285837158,0.0021061316036959233,0.04589260946705824,2.796884170180452,1.67238876167608,0.04589260946705824,0.01003492754091038,166.656785,False,1e-08,numerical jitter only; separate from WhiteKernel nugget,163,164,True,False,False,False,True,True,False,"[""P"",""VX"",""LS"",""ST""]",171.6352363190184,36.44135256410996,"[278.8034787653804,0.6327009837015954,59.713842941146,349.6526916127915]","[100.63752672237159,0.22342812208785306,15.347434319494127,30.373573311148494]",0954D0D9A40FF6ADAE76962C730E6757B9322D3483048452A83B5DF57C7B0F34,111.098510779,0.492021331775,48.0108469254,345.911753718,4292754588,fmin_l_bfgs_b,1,116.13663973559821,4.831464199989568,0,0,,completed_without_convergence_warning,False,False,,False,,False,,False
week7_phase3_new_data_replication,Phase 3B,F7F71204D643D1027D0FF4736F24213619BF6A09C2361C3C11F169797AC98A9C,057420703C13861B9A1B6C9026185A13E0CD582407A149A1D31E053E42FB70D2,width,T0 melt-pool width,T0,matern32_learned_nugget,Matérn 3/2 + learned nugget,Matern,1.5,True,3,P-113p729503671_VX-0p646987288946_LS-8p28088886776e-05_ST-328p878079062_M-TI64_XI-0p0002_XF-0p0014_XL-0p0012_TE-0p0021_DT-7p45628343159e-06_H-0e4c2fc094,4,155.367745,155.08540312235863,0.28234187764138596,0.28234187764138596,0.07971693587006336,3.024136477685335,9.145401435667063,3.4647158132176425,12.00425566636039,3.4647158132176425,total predictive variance including learned WhiteKernel nugget,2.0299224291051305,2.164889507560977,2.164889507560977,149.15809562609536,161.0127106186219,148.29456012845205,161.8762461162652,True,True,"7.59**2 * Matern(length_scale=22.5, nu=1.5) + WhiteKernel(noise_level=0.00214)",57.67712543300546,22.51607250362236,0.0021429501954966044,0.0462920100610959,2.8588542306933253,1.6908146647972169,0.0462920100610959,0.010145489514856637,166.656785,False,1e-08,numerical jitter only; separate from WhiteKernel nugget,163,164,True,False,False,False,True,True,False,"[""P"",""VX"",""LS"",""ST""]",171.5171367177914,36.52497834001355,"[278.7873377046933,0.6317502723079084,59.50035802242083,349.7571926843007]","[100.66420878036979,0.22369484902949263,15.266503645953938,30.331190776551512]",12CE6DA62E6BE7799359E018BA5CBDD1645EBA7872C349A958C44FD314635E1E,113.729503671,0.646987288946,82.8088886776,328.878079062,3470871174,fmin_l_bfgs_b,1,116.08728710962887,3.325970999954734,0,0,,completed_without_convergence_warning,False,False,,False,,False,,False
week7_phase3_new_data_replication,Phase 3B,F7F71204D643D1027D0FF4736F24213619BF6A09C2361C3C11F169797AC98A9C,057420703C13861B9A1B6C9026185A13E0CD582407A149A1D31E053E42FB70D2,width,T0 melt-pool width,T0,matern32_learned_nugget,Matérn 3/2 + learned nugget,Matern,1.5,True,4,P-115p973342836_VX-0p629021136955_LS-5p81694798744e-05_ST-308p264473639_M-TI64_XI-0p0002_XF-0p0014_XL-0p0012_TE-0p0021_DT-7p66925039494e-06_H-27614c4053,5,135.67203,136.68433193108604,-1.0123019310860286,1.0123019310860286,1.0247551996805027,2.429344612444662,5.9017152460139055,2.9646628194057874,8.789225632767073,2.9646628194057874,total predictive variance including learned WhiteKernel nugget,1.8933784685345068,2.0639979415856113,2.0639979415856113,131.9228164906945,141.44584737147758,130.8735928050507,142.49507105712138,True,True,"7.69**2 * Matern(length_scale=22.7, nu=1.5) + WhiteKernel(noise_level=0.00217)",59.14704110703508,22.715803565495502,0.0021746955978977378,0.04663363161815449,2.887510386753166,1.6992676030434894,0.04663363161815449,0.010196210151560822,166.656785,False,1e-08,numerical jitter only; separate from WhiteKernel nugget,163,164,True,False,False,False,True,True,False,"[""P"",""VX"",""LS"",""ST""]",171.6379693251534,36.4386719215315,"[278.7735718202454,0.6318604940992641,59.65152003961839,349.8836565212516]","[100.6866236676386,0.22369790337543521,15.374181926292225,30.200618529174243]",0D79ED1E2F24E3F014E8B59C1F110BEEFC02F647CC7B3B167FCF8F3B2120C900,115.973342836,0.629021136955,58.1694798744,308.264473639,2728890482,fmin_l_bfgs_b,1,115.57809487049062,3.7250944999977946,0,0,,completed_without_convergence_warning,False,False,,False,,False,,False
week7_phase3_new_data_replication,Phase 3B,F7F71204D643D1027D0FF4736F24213619BF6A09C2361C3C11F169797AC98A9C,057420703C13861B9A1B6C9026185A13E0CD582407A149A1D31E053E42FB70D2,width,T0 melt-pool width,T0,matern32_learned_nugget,Matérn 3/2 + learned nugget,Matern,1.5,True,5,P-117p204089079_VX-0p299188895548_LS-6p61946140465e-05_ST-399p004242061_M-TI64_XI-0p0002_XF-0p0014_XL-0p0012_TE-0p0021_DT-1p61239961603e-05_H-0e4c2fc094,6,194.974095,192.98631475021938,1.9877802497806272,1.9877802497806272,3.9512703214179328,4.815749707997902,23.19144525008188,5.097040211208987,25.979818914681356,5.097040211208987,total predictive variance including learned WhiteKernel nugget,2.5760183690852387,2.6236435472310564,2.6236435472310564,183.5474453225435,202.42518417789526,182.99611593624977,202.976513564189,True,True,"7.59**2 * Matern(length_scale=22.5, nu=1.5) + WhiteKernel(noise_level=0.00209)",57.620277506697704,22.464592651494858,0.002092997476848722,0.04574928935894766,2.7883736645994786,1.6698424071149582,0.04574928935894766,0.010019648507649767,166.656785,False,1e-08,numerical jitter only; separate from WhiteKernel nugget,163,164,True,False,False,False,True,True,False,"[""P"",""VX"",""LS"",""ST""]",171.2741529754601,36.49985454448092,"[278.76602122979756,0.6338840047827426,59.60228608764232,349.32697082541114]","[100.69878505435994,0.22216603560356696,15.36599720938783,30.12625992423521]",4821636F9E4A14B3F13E43818856D6258B028BCF5AFEBB64FF277AA2D54FD137,117.204089079,0.299188895548,66.1946140465,399.004242061,3849797432,fmin_l_bfgs_b,1,116.57458025721783,2.5014952000346966,0,0,,completed_without_convergence_warning,False,False,,False,,False,,False
week7_phase3_new_data_replication,Phase 3B,F7F71204D643D1027D0FF4736F24213619BF6A09C2361C3C11F169797AC98A9C,057420703C13861B9A1B6C9026185A13E0CD582407A149A1D31E053E42FB70D2,width,T0 melt-pool width,T0,matern32_learned_nugget,Matérn 3/2 + learned nugget,Matern,1.5,True,6,P-118p239150472_VX-0p728951155133_LS-5p59862781201e-05_ST-395p421202378_M-TI64_XI-0p0002_XF-0p0014_XL-0p0012_TE-0p0021_DT-6p61789280262e-06_H-44aa3a8888,7,127.48467,126.1894322814372,1.2952377185627881,1.2952377185627881,1.6776407475877364,3.378509804538596,11.414328499363421,3.7742299647353263,14.244811826706023,3.7742299647353263,total predictive variance including learned WhiteKernel nugget,2.209861627298545,2.306020939243709,2.306020939243709,119.56755306454156,132.81131149833286,118.79194155055596,133.58692301231844,True,True,"7.63**2 * Matern(length_scale=22.5, nu=1.5) + WhiteKernel(noise_level=0.00214)",58.15798343439985,22.477215343164435,0.0021382310908506846,0.04624101091942827,2.830483327342601,1.6824040321345526,0.04624101091942827,0.010095022726704782,166.656785,False,1e-08,numerical jitter only; separate from WhiteKernel nugget,163,164,True,False,False,False,True,True,False,"[""P"",""VX"",""LS"",""ST""]",171.68819852760734,36.38337481561604,"[278.75967115990187,0.6312474265030801,59.66491391541164,349.3489526639571]","[100.70893980929347,0.2235678726972534,15.371933790187422,30.161171852780413]",ABF454F590E6D15D6712E4CE960DB40CAA5D290CA7DD63E3614AA23774C98CB4,118.239150472,0.728951155133,55.9862781201,395.421202378,1952985059,fmin_l_bfgs_b,1,115.5580816937024,5.074616400001105,0,0,,completed_without_convergence_warning,False,False,,False,,False,,False
week7_phase3_new_data_replication,Phase 3B,F7F71204D643D1027D0FF4736F24213619BF6A09C2361C3C11F169797AC98A9C,057420703C13861B9A1B6C9026185A13E0CD582407A149A1D31E053E42FB70D2,width,T0 melt-pool width,T0,matern32_learned_nugget,Matérn 3/2 + learned nugget,Matern,1.5,True,7,P-119p523515535_VX-0p859779155666_LS-6p70931710444e-05_ST-392p874711106_M-TI64_XI-0p0002_XF-0p0014_XL-0p0012_TE-0p0021_DT-5p61088341259e-06_H-2934a8b202,8,127.62046,129.37380601162369,-1.753346011623691,1.753346011623691,3.0742222364767042,3.3300107027451995,11.088971280397578,3.733132409676176,13.936277588174653,3.733132409676176,total predictive variance including learned WhiteKernel nugget,2.260530256409425,2.346481875734545,2.346481875734545,122.84698503424309,135.90062698900428,122.05686648865839,136.69074553458898,True,True,"7.58**2 * Matern(length_scale=22.4, nu=1.5) + WhiteKernel(noise_level=0.00215)",57.45607947113977,22.44623684241414,0.0021508201898849917,0.04637693596913224,2.847306307777073,1.687396310229779,0.04637693596913224,0.010124978171334452,166.656785,False,1e-08,numerical jitter only; separate from WhiteKernel nugget,163,164,True,False,False,False,True,True,False,"[""P"",""VX"",""LS"",""ST""]",171.6873654601227,36.384385362432816,"[278.751791619638,0.630444800732939,59.5967734680233,349.36457530979766]","[100.72144772108055,0.22298005406020086,15.363469805161918,30.18436352509899]",FA812E66FFF7E6B3009E0DEFC168D3645D7857EA81B75C8E16EBD6111DB26686,119.523515535,0.859779155666,67.0931710444,392.874711106,2735805370,fmin_l_bfgs_b,1,115.70361844476005,3.1522164000198245,0,0,,completed_without_convergence_warning,False,False,,False,,False,,False
week7_phase3_new_data_replication,Phase 3B,F7F71204D643D1027D0FF4736F24213619BF6A09C2361C3C11F169797AC98A9C,057420703C13861B9A1B6C9026185A13E0CD582407A149A1D31E053E42FB70D2,width,T0 melt-pool width,T0,matern32_learned_nugget,Matérn 3/2 + learned nugget,Matern,1.5,True,8,P-120p079917874_VX-0p610410046914_LS-8p29242579558e-05_ST-398p6729924_M-TI64_XI-0p0002_XF-0p0014_XL-0p0012_TE-0p0021_DT-7p90308191584e-06_H-a88ac79600,9,165.552355,165.19018924704446,0.36216575295554776,0.36216575295554776,0.13116403261385884,4.77180523256224,22.770125177508376,5.0585912348531785,25.589345281333404,5.0585912348531785,total predictive variance including learned WhiteKernel nugget,2.4845434000916646,2.5425894298317813,2.5425894298317813,155.83745099122245,174.54292750286646,155.27535042673222,175.1050280673567,True,True,"7.57**2 * Matern(length_scale=22.4, nu=1.5) + WhiteKernel(noise_level=0.00211)",57.325887466168965,22.42343664773824,0.002111060788379016,0.045946281551165986,2.8192201038250277,1.6790533356105837,0.045946281551165986,0.01007491735551351,166.656785,False,1e-08,numerical jitter only; separate from WhiteKernel nugget,163,164,True,False,False,False,True,True,False,"[""P"",""VX"",""LS"",""ST""]",171.45465444785276,36.543835081426174,"[278.7483781083559,0.6319746725657733,59.49965023543802,349.3290030319203]","[100.72683443415846,0.22369167522559522,15.265420284581628,30.129599543852706]",72E3C4CE0B7E38CAD9CC150A32FC73796A8A72E79A3B2CB3BB66CDE18A7B699F,120.079917874,0.610410046914,82.9242579558,398.6729924,3044370402,fmin_l_bfgs_b,1,116.3827783045351,3.446576600021217,0,0,,completed_without_convergence_warning,False,False,,False,,False,,False
week7_phase3_new_data_replication,Phase 3B,F7F71204D643D1027D0FF4736F24213619BF6A09C2361C3C11F169797AC98A9C,057420703C13861B9A1B6C9026185A13E0CD582407A149A1D31E053E42FB70D2,width,T0 melt-pool width,T0,matern32_learned_nugget,Matérn 3/2 + learned nugget,Matern,1.5,True,9,P-120p906267006_VX-0p64748664338_LS-6p03748750968e-05_ST-359p518818343_M-TI64_XI-0p0002_XF-0p0014_XL-0p0012_TE-0p0021_DT-7p45053299916e-06_H-c5f6eebf67,10,137.9262,140.0354877602187,-2.109287760218706,2.109287760218706,4.449094855408445,2.396087071366947,5.741233253571833,2.937195425278317,8.627116966275873,2.937195425278317,total predictive variance including learned WhiteKernel nugget,2.1802441211686974,2.254248975253406,2.254248975253406,135.3391571003395,144.7318184200979,134.2785847266732,145.7923907937642,True,True,"7.74**2 * Matern(length_scale=22.8, nu=1.5) + WhiteKernel(noise_level=0.00217)",59.907937386349204,22.83685378651469,0.002171894616851245,0.04660359017126519,2.88588371270404,1.698788895862002,0.04660359017126519,0.010193337738166507,166.656785,False,1e-08,numerical jitter only; separate from WhiteKernel nugget,163,164,True,False,False,False,True,True,False,"[""P"",""VX"",""LS"",""ST""]",171.6241400613497,36.451888998660024,"[278.74330848177914,0.6317472087837733,59.63799000757913,349.56921268871173]","[100.73479905092135,0.22369463691653743,15.374509809251899,30.365040141306924]",77D90478454CB0DBA3B2542F2253331C6799109B46B89BDC38BD843F508A5D9D,120.906267006,0.64748664338,60.3748750968,359.518818343,3566641682,fmin_l_bfgs_b,1,115.96073021147325,2.3267001999774948,0,0,,completed_without_convergence_warning,False,False,,False,,False,,False
week7_phase3_new_data_replication,Phase 3B,F7F71204D643D1027D0FF4736F24213619BF6A09C2361C3C11F169797AC98A9C,057420703C13861B9A1B6C9026185A13E0CD582407A149A1D31E053E42FB70D2,width,T0 melt-pool width,T0,matern32_learned_nugget,Matérn 3/2 + learned nugget,Matern,1.5,True,10,P-122p181848607_VX-0p882188233955_LS-4p98408399334e-05_ST-370p38962934_M-TI64_XI-0p0002_XF-0p0014_XL-0p0012_TE-0p0021_DT-5p46835745177e-06_H-2afbe2208b,11,111.529485,110.38271568248314,1.1467693175168563,1.1467693175168563,1.3150798675980764,3.8143334919958485,14.549139988161244,4.16918226533115,17.38208076155178,4.16918226533115,total predictive variance including learned WhiteKernel nugget,2.3028988948180005,2.3844870591754854,2.3844870591754854,102.90662203817128,117.858809326795,102.21111844243408,118.55431292253219,True,True,"7.71**2 * Matern(length_scale=22.6, nu=1.5) + WhiteKernel(noise_level=0.00216)",59.50481611009857,22.623094274887908,0.002156746866595715,0.046440788824003786,2.8329407733905363,1.683134211342202,0.046440788824003786,0.010099404061720031,166.656785,False,1e-08,numerical jitter only; separate from WhiteKernel nugget,163,164,True,False,False,False,True,True,False,"[""P"",""VX"",""LS"",""ST""]",171.7860830981595,36.24258445998322,"[278.73548282778535,0.630307321725031,59.702615990176675,349.50252059670555]","[100.7470101416236,0.22283165733613877,15.355319821804724,30.331157211511236]",ACA97CE0F9DE12B11E4F1762CB6906FE6227AD471CF99F43A44B8E98EB747813,122.181848607,0.882188233955,49.840839933400005,370.38962934,3060239985,fmin_l_bfgs_b,1,115.23889995162503,4.3503059999784455,0,0,,completed_without_convergence_warning,False,False,,False,,False,,False
week7_phase3_new_data_replication,Phase 3B,F7F71204D643D1027D0FF4736F24213619BF6A09C2361C3C11F169797AC98A9C,057420703C13861B9A1B6C9026185A13E0CD582407A149A1D31E053E42FB70D2,width,T0 melt-pool width,T0,matern32_learned_nugget,Matérn 3/2 + learned nugget,Matern,1.5,True,11,P-124p08408212_VX-0p537482635976_LS-5p36452858207e-05_ST-384p350705088_M-TI64_XI-0p0002_XF-0p0014_XL-0p0012_TE-0p0021_DT-8p97539805031e-06_H-1d842653b1,12,143.95735000000002,144.34114768772298,-0.38379768772296075,0.38379768772296075,0.14730066510149128,2.6019380433359114,6.770081581358711,3.1058929807874627,9.64657120810483,3.1058929807874627,total predictive variance including learned WhiteKernel nugget,1.886073897269042,2.0598746732989146,2.0598746732989146,139.24134912278458,149.44094625266138,138.25359744537954,150.42869793006642,True,True,"7.64**2 * Matern(length_scale=22.6, nu=1.5) + WhiteKernel(noise_level=0.00216)",58.301363753730854,22.595699840042812,0.002161133978272083,0.04648799821751936,2.876489626746117,1.696021705859367,0.04648799821751936,0.010176733613692156,166.656785,False,1e-08,numerical jitter only; separate from WhiteKernel nugget,163,164,True,False,False,False,True,True,False,"[""P"",""VX"",""LS"",""ST""]",171.58713914110427,36.48300143885757,"[278.72381268353377,0.6324220799948408,59.67927583135888,349.41686982524544]","[100.76503224796566,0.22357513452740202,15.36739589307354,30.252239435646082]",26AF099793374393A79073BABA4C99F03E9C921C380B37999481EA6445844A4B,124.08408212,0.537482635976,53.6452858207,384.350705088,3736765313,fmin_l_bfgs_b,1,115.82509554126565,3.4623208999983035,0,0,,completed_without_convergence_warning,False,False,,False,,False,,False
week7_phase3_new_data_replication,Phase 3B,F7F71204D643D1027D0FF4736F24213619BF6A09C2361C3C11F169797AC98A9C,057420703C13861B9A1B6C9026185A13E0CD582407A149A1D31E053E42FB70D2,width,T0 melt-pool width,T0,matern32_learned_nugget,Matérn 3/2 + learned nugget,Matern,1.5,True,12,P-126p384227376_VX-0p205870034079_LS-4p55514058242e-05_ST-348p956388187_M-TI64_XI-0p0002_XF-0p0014_XL-0p0012_TE-0p0021_DT-2p34328450209e-05_H-1d842653b1,13,172.34558500000003,182.13360221265927,-9.788017212659241,9.788017212659241,95.80528095531358,6.143026805611794,37.73677833446504,6.3912669334796375,40.84829301499021,6.3912669334796375,total predictive variance including learned WhiteKernel nugget,4.0036448318446665,3.9465673108652006,3.9465673108652006,170.09326967366016,194.17393475165838,169.60671902303918,194.66048540227936,True,True,"8.09**2 * Matern(length_scale=24.3, nu=1.5) + WhiteKernel(noise_level=0.00233)",65.41371997792544,24.257637453021598,0.0023295726521607367,0.04826564670819958,3.1115146805251617,1.7639486048423185,0.04826564670819958,0.010584319173337697,166.656785,False,1e-08,numerical jitter only; separate from WhiteKernel nugget,163,164,True,False,False,False,True,True,False,"[""P"",""VX"",""LS"",""ST""]",171.41297819018405,36.54666880372808,"[278.7097013629448,0.6344565131353133,59.72893153685888,349.63401287371784]","[100.78652394216513,0.22118038405596782,15.334707022372086,30.3749319154011]",F37C2741B9BE85E85BC847F7F1AF30FCC0C2E226B302FDEA62BFC72C2290247D,126.384227376,0.205870034079,45.5514058242,348.956388187,98244101,fmin_l_bfgs_b,1,118.38428021531305,2.777316600026097,0,0,,completed_without_convergence_warning,False,False,,False,,False,,False
week7_phase3_new_data_replication,Phase 3B,F7F71204D643D1027D0FF4736F24213619BF6A09C2361C3C11F169797AC98A9C,057420703C13861B9A1B6C9026185A13E0CD582407A149A1D31E053E42FB70D2,width,T0 melt-pool width,T0,matern32_learned_nugget,Matérn 3/2 + learned nugget,Matern,1.5,True,13,P-129p716882801_VX-0p574107735504_LS-5p55330779174e-05_ST-369p509713723_M-TI64_XI-0p0002_XF-0p0014_XL-0p0012_TE-0p0021_DT-8p40281414912e-06_H-0e4c2fc094,14,144.07869999999997,143.5571043217957,0.5215956782042781,0.5215956782042781,0.27206205152138085,1.8135569408434995,3.2889887776816322,2.4921358283276,6.210740986834093,2.4921358283276,total predictive variance including learned WhiteKernel nugget,1.555588139472083,1.8539811820757675,1.8539811820757675,140.00253271774244,147.11167592584894,138.6725180982736,148.44169054531778,True,True,"7.69**2 * Matern(length_scale=22.8, nu=1.5) + WhiteKernel(noise_level=0.0022)",59.13407275771517,22.76875412995767,0.0021950724897492235,0.046851600717042995,2.9217522091524617,1.7093133735955095,0.046851600717042995,0.010256488348767254,166.656785,False,1e-08,numerical jitter only; separate from WhiteKernel nugget,163,164,True,False,False,False,True,True,False,"[""P"",""VX"",""LS"",""ST""]",171.58639466257668,36.48356400710382,"[278.68925562414114,0.6321973861327058,59.66769428475336,349.50791885202466]","[100.81708022662932,0.22365201871935186,15.37122717037041,30.334795640169304]",87876D4213CA8E253FFF846BD00A59A05EC60AE157558205757446AE5846CFF0,129.716882801,0.574107735504,55.5330779174,369.509713723,308614629,fmin_l_bfgs_b,1,115.67679210494933,2.1028155999956653,0,0,,completed_without_convergence_warning,False,False,,False,,False,,False
week7_phase3_new_data_replication,Phase 3B,F7F71204D643D1027D0FF4736F24213619BF6A09C2361C3C11F169797AC98A9C,057420703C13861B9A1B6C9026185A13E0CD582407A149A1D31E053E42FB70D2,width,T0 melt-pool width,T0,matern32_learned_nugget,Matérn 3/2 + learned nugget,Matern,1.5,True,14,P-131p192514944_VX-0p432823544687_LS-6p72236683266e-05_ST-324p578264519_M-TI64_XI-0p0002_XF-0p0014_XL-0p0012_TE-0p0021_DT-1p11456982002e-05_H-dfd65b549a,15,175.76846999999998,178.61420992979595,-2.8457399297959682,2.8457399297959682,8.098235748035162,3.128125729241516,9.785170577942765,3.5617800406720623,12.686277058129878,3.5617800406720623,total predictive variance including learned WhiteKernel nugget,2.4731740101073605,2.508372024952304,2.508372024952304,172.48308350048256,184.74533635910933,171.6331210500787,185.5952988095132,True,True,"7.72**2 * Matern(length_scale=22.9, nu=1.5) + WhiteKernel(noise_level=0.00217)",59.578508242809114,22.895331622255487,0.0021722225912684493,0.04660710880615155,2.901106480187112,1.703263479379251,0.04660710880615155,0.010220186831152724,166.656785,False,1e-08,numerical jitter only; separate from WhiteKernel nugget,163,164,True,False,False,False,True,True,False,"[""P"",""VX"",""LS"",""ST""]",171.39197889570553,36.54514349867679,"[278.68020266620863,0.6330641603094973,59.59597287119999,349.7835719146259]","[100.83038979335248,0.22315087154965613,15.363075738708226,30.311144194291494]",E2399A89B03304E510AFC4752AD306B9254D03D7E4963D3B29795E8153F7FE5B,131.192514944,0.432823544687,67.22366832659999,324.578264519,990036343,fmin_l_bfgs_b,1,116.65739693507422,3.395559399970807,0,0,,completed_without_convergence_warning,False,False,,False,,False,,False
week7_phase3_new_data_replication,Phase 3B,F7F71204D643D1027D0FF4736F24213619BF6A09C2361C3C11F169797AC98A9C,057420703C13861B9A1B6C9026185A13E0CD582407A149A1D31E053E42FB70D2,width,T0 melt-pool width,T0,matern32_learned_nugget,Matérn 3/2 + learned nugget,Matern,1.5,True,15,P-132p334528879_VX-0p441351904611_LS-8p05471929698e-05_ST-380p80221881_M-TI64_XI-0p0002_XF-0p0014_XL-0p0012_TE-0p0021_DT-1p09303269174e-05_H-2934a8b202,16,190.511185,192.0337757220986,-1.5225907220985846,1.5225907220985846,2.3182825070206894,2.5822214545433586,6.667867640304019,3.091167139366945,9.555314283502023,3.091167139366945,total predictive variance including learned WhiteKernel nugget,2.0414284620193794,2.1687958107900207,2.1687958107900207,186.97262167119362,197.09492977300357,185.97508812893938,198.09246331525782,True,True,"7.61**2 * Matern(length_scale=22.6, nu=1.5) + WhiteKernel(noise_level=0.00217)",57.937836225630804,22.624812518953828,0.0021654535850121987,0.04653443440090573,2.8874466431980035,1.699248846754943,0.04653443440090573,0.010196097607156784,166.656785,False,1e-08,numerical jitter only; separate from WhiteKernel nugget,163,164,True,False,False,False,True,True,False,"[""P"",""VX"",""LS"",""ST""]",171.30153279141103,36.51594499065985,"[278.6731964457485,0.6330118390829697,59.514233456211024,349.43863967971174]","[100.84059756914154,0.22319681044053674,15.286640931968005,30.276084223929704]",B0F69417CA8D8CA82D2BC12A1C73F16F065F55218FFF18A679D7B4A63586F24B,132.334528879,0.441351904611,80.5471929698,380.80221881,1041358624,fmin_l_bfgs_b,1,116.09250484128583,6.162934900028631,0,0,,completed_without_convergence_warning,False,False,,False,,False,,False
week7_phase3_new_data_replication,Phase 3B,F7F71204D643D1027D0FF4736F24213619BF6A09C2361C3C11F169797AC98A9C,057420703C13861B9A1B6C9026185A13E0CD582407A149A1D31E053E42FB70D2,width,T0 melt-pool width,T0,matern32_learned_nugget,Matérn 3/2 + learned nugget,Matern,1.5,True,16,P-132p644034819_VX-0p797235702485_LS-4p6520297442e-05_ST-303p62522115_M-TI64_XI-0p0002_XF-0p0014_XL-0p0012_TE-0p0021_DT-6p0510594144e-06_H-0e4c2fc094,17,114.61676,115.8112587057675,-1.1944987057675007,1.1944987057675007,1.4268271580802343,2.4821512653590085,6.1610749041233275,3.0049472263893113,9.029707833384816,3.0049472263893113,total predictive variance including learned WhiteKernel nugget,1.9438578500786243,2.0982059214250635,2.0982059214250635,110.94624222566384,120.67627518587116,109.92156214204445,121.70095526949055,True,True,"7.61**2 * Matern(length_scale=22.5, nu=1.5) + WhiteKernel(noise_level=0.00218)",57.94705839452839,22.47569122747402,0.0021802286597857306,0.046692918732777144,2.86863292926149,1.6937039083799417,0.046692918732777144,0.01016282600423344,166.656785,False,1e-08,numerical jitter only; separate from WhiteKernel nugget,163,164,True,False,False,False,True,True,False,"[""P"",""VX"",""LS"",""ST""]",171.7671427607362,36.273249870563525,"[278.6712976363006,0.6308285028996936,59.72298741650428,349.91211819296325]","[100.84335012925939,0.22332028882444518,15.340012736610337,30.159167852518934]",5D3B772600D7D410253A0C03F93B30D1D2D19989E7B54788CF36D774FA24B2AA,132.644034819,0.797235702485,46.520297442,303.62522115,2461516439,fmin_l_bfgs_b,1,114.86278544000206,2.850773499987554,0,0,,completed_without_convergence_warning,False,False,,False,,False,,False
week7_phase3_new_data_replication,Phase 3B,F7F71204D643D1027D0FF4736F24213619BF6A09C2361C3C11F169797AC98A9C,057420703C13861B9A1B6C9026185A13E0CD582407A149A1D31E053E42FB70D2,width,T0 melt-pool width,T0,matern32_learned_nugget,Matérn 3/2 + learned nugget,Matern,1.5,True,17,P-140p236446589_VX-0p550532928497_LS-7p91865165046e-05_ST-370p758962256_M-TI64_XI-0p0002_XF-0p0014_XL-0p0012_TE-0p0021_DT-8p76263771576e-06_H-a88ac79600,18,175.81744,176.6884557165139,-0.871015716513881,0.871015716513881,0.7586683784141894,1.7701566000597824,3.1334543887352084,2.4653668322560196,6.078033617588081,2.4653668322560196,total predictive variance including learned WhiteKernel nugget,1.6110659763303146,1.8836898223503347,1.8836898223503347,173.21894878039672,180.15796265263106,171.8563367252921,181.52057470773568,True,True,"7.75**2 * Matern(length_scale=23, nu=1.5) + WhiteKernel(noise_level=0.0022)",60.062741288842055,22.974124022293296,0.0022047774638344108,0.04695505791535573,2.9445792288528727,1.715977630638836,0.04695505791535573,0.010296476261910584,166.656785,False,1e-08,numerical jitter only; separate from WhiteKernel nugget,163,164,True,False,False,False,True,True,False,"[""P"",""VX"",""LS"",""ST""]",171.39167846625767,36.54510731798414,"[278.62471842298777,0.6323420168505401,59.52258116458649,349.5002547505952]","[100.90901405300924,0.22360677946385749,15.29774874917693,30.329582948922866]",53B5818E8E9D3B81767DDFB08DDC871C327425963529ECF90872E683B23D8423,140.236446589,0.550532928497,79.18651650460001,370.758962256,2154206471,fmin_l_bfgs_b,1,115.92298629575757,2.624161100015044,0,0,,completed_without_convergence_warning,False,False,,False,,False,,False
week7_phase3_new_data_replication,Phase 3B,F7F71204D643D1027D0FF4736F24213619BF6A09C2361C3C11F169797AC98A9C,057420703C13861B9A1B6C9026185A13E0CD582407A149A1D31E053E42FB70D2,width,T0 melt-pool width,T0,matern32_learned_nugget,Matérn 3/2 + learned nugget,Matern,1.5,True,18,P-143p707582907_VX-0p952433280409_LS-8p80948922839e-05_ST-329p530804101_M-TI64_XI-0p0002_XF-0p0014_XL-0p0012_TE-0p0021_DT-5p06504833697e-06_H-1605f46060,19,134.514885,154.07859523445907,-19.56371023445908,19.56371023445908,382.73875813787896,3.1518582611838726,9.934210498593025,3.3706448505345734,11.361246708435237,3.3706448505345734,total predictive variance including learned WhiteKernel nugget,21.330603385067672,18.978090096617795,18.978090096617795,147.90095304253867,160.25623742637947,147.47213132741132,160.68505914150683,False,False,"6.55**2 * Matern(length_scale=20, nu=1.5) + WhiteKernel(noise_level=0.00108)",42.84252869880644,19.96061073888186,0.0010751762799956792,0.03278988075604544,1.4270362098422098,1.1945862086271588,0.03278988075604544,0.007167942239058306,166.656785,False,1e-08,numerical jitter only; separate from WhiteKernel nugget,163,164,True,False,False,False,True,True,False,"[""P"",""VX"",""LS"",""ST""]",171.64506837423312,36.43155086518313,"[278.6034231081534,0.6298763705197917,59.46792855244354,349.75318823620864]","[100.93784616463456,0.222275488615801,15.211242323227816,30.333903849287832]",2CE257B10A66091A1E98E413C5DF4E5EC4EA1F2D1918D66C0753648F70980A70,143.707582907,0.952433280409,88.09489228390001,329.530804101,2573235064,fmin_l_bfgs_b,1,130.52846501441795,3.120497700001579,0,0,,completed_without_convergence_warning,False,False,,False,,False,,False
week7_phase3_new_data_replication,Phase 3B,F7F71204D643D1027D0FF4736F24213619BF6A09C2361C3C11F169797AC98A9C,057420703C13861B9A1B6C9026185A13E0CD582407A149A1D31E053E42FB70D2,width,T0 melt-pool width,T0,matern32_learned_nugget,Matérn 3/2 + learned nugget,Matern,1.5,True,19,P-144p087720513_VX-0p415546267467_LS-5p02923295381e-05_ST-327p07537462_M-TI64_XI-0p0002_XF-0p0014_XL-0p0012_TE-0p0021_DT-1p16091058462e-05_H-0602c4a780,20,165.54502,159.17482300150922,6.370196998490769,6.370196998490769,40.5794097995808,2.6309791936757176,6.92205151755453,3.147129543062953,9.90442436081963,3.147129543062953,total predictive variance including learned WhiteKernel nugget,4.817463926874175,4.113978948471118,4.113978948471118,154.0181037819048,164.33154222111364,153.00644909710584,165.3431969059126,False,False,"8.04**2 * Matern(length_scale=24, nu=1.5) + WhiteKernel(noise_level=0.00223)",64.69938748370008,23.971986738599224,0.002233232113780719,0.04725708532887655,2.982372843265103,1.7269547890043628,0.04725708532887655,0.010362343117349604,166.656785,False,1e-08,numerical jitter only; separate from WhiteKernel nugget,163,164,True,False,False,False,True,True,False,"[""P"",""VX"",""LS"",""ST""]",171.45469944785276,36.54382780880274,"[278.60109097560127,0.6331701558752642,59.69984611530121,349.76825222075473]","[100.94095841800528,0.22305160768049284,15.357057672596135,30.323245998709634]",9A9F8E1BF6A883C0353A0D12321E7706CF2232716DE2D0FDE1F8BF5852EC57F8,144.087720513,0.415546267467,50.2923295381,327.07537462,293835892,fmin_l_bfgs_b,1,118.24149484156393,5.519162200042047,0,0,,completed_without_convergence_warning,False,False,,False,,False,,False
week7_phase3_new_data_replication,Phase 3B,F7F71204D643D1027D0FF4736F24213619BF6A09C2361C3C11F169797AC98A9C,057420703C13861B9A1B6C9026185A13E0CD582407A149A1D31E053E42FB70D2,width,T0 melt-pool width,T0,matern32_learned_nugget,Matérn 3/2 + learned nugget,Matern,1.5,True,20,P-148p299467422_VX-0p674162518859_LS-5p7557139752e-05_ST-331p520012414_M-TI64_XI-0p0002_XF-0p0014_XL-0p0012_TE-0p0021_DT-7p15572353559e-06_H-e73b90164d,21,140.90828,140.8209070747489,0.08737292525108842,0.08737292525108842,0.007634028066932284,1.9282975558281914,3.718331463812977,2.57395704740949,6.6252548819089805,2.57395704740949,total predictive variance including learned WhiteKernel nugget,1.5766025908968253,1.8649590860375969,1.8649590860375969,137.04144386532565,144.60037028417216,135.7759512618263,145.8658628876715,True,True,"7.69**2 * Matern(length_scale=22.7, nu=1.5) + WhiteKernel(noise_level=0.00219)",59.07433270853011,22.715202168672093,0.0021857909336684637,0.046752443077003616,2.906923418096003,1.7049702103250963,0.046752443077003616,0.010230427824016263,166.656785,False,1e-08,numerical jitter only; separate from WhiteKernel nugget,163,164,True,False,False,False,True,True,False,"[""P"",""VX"",""LS"",""ST""]",171.60584509202454,36.468045263793485,"[278.57525203750924,0.631583553105988,59.65527672748587,349.7409845042271]","[100.97484318844457,0.22367330293954402,15.373744511169111,30.34163599995371]",532B7A6D230D04D52D22C012693E9FF1F08D9B6D49BA8221C9CB1933353A197F,148.299467422,0.674162518859,57.557139752000005,331.520012414,3362233279,fmin_l_bfgs_b,1,115.61886972739379,3.5383646999835037,0,0,,completed_without_convergence_warning,False,False,,False,,False,,False
week7_phase3_new_data_replication,Phase 3B,F7F71204D643D1027D0FF4736F24213619BF6A09C2361C3C11F169797AC98A9C,057420703C13861B9A1B6C9026185A13E0CD582407A149A1D31E053E42FB70D2,width,T0 melt-pool width,T0,matern32_learned_nugget,Matérn 3/2 + learned nugget,Matern,1.5,True,21,P-150p071418192_VX-0p423845414489_LS-8p67749479825e-05_ST-322p128190627_M-TI64_XI-0p0002_XF-0p0014_XL-0p0012_TE-0p0021_DT-1p1381792602e-05_H-2afbe2208b,22,204.82825,211.23712719495057,-6.408877194950577,6.408877194950577,41.07370689995758,3.4773472486961476,12.091943888014667,3.8496859680066913,14.820082052267615,3.8496859680066913,total predictive variance including learned WhiteKernel nugget,3.863599646591667,3.6526750335897784,3.6526750335897784,204.42152658750612,218.05272780239503,203.69174269765745,218.7825116922437,True,True,"7.43**2 * Matern(length_scale=22.2, nu=1.5) + WhiteKernel(noise_level=0.00205)",55.20231640213461,22.162060319197245,0.002053123605600171,0.045311407014130244,2.728138164252946,1.6517076509639792,0.045311407014130244,0.009910833519103221,166.656785,False,1e-08,numerical jitter only; separate from WhiteKernel nugget,163,164,True,False,False,False,True,True,False,"[""P"",""VX"",""LS"",""ST""]",171.21369803680983,36.45235846348577,"[278.5643811738896,0.6331192408628593,59.47602637024354,349.7986030427976]","[100.98877163672762,0.2231003253948686,15.226121326384279,30.298030969775404]",07220B181044F3D7302C7F8952B6CCCB502E35AD2A76AAFD602B931BAED21583,150.071418192,0.423845414489,86.7749479825,322.128190627,2133949293,fmin_l_bfgs_b,1,117.26471733167384,3.228040600020904,0,0,,completed_without_convergence_warning,False,False,,False,,False,,False
week7_phase3_new_data_replication,Phase 3B,F7F71204D643D1027D0FF4736F24213619BF6A09C2361C3C11F169797AC98A9C,057420703C13861B9A1B6C9026185A13E0CD582407A149A1D31E053E42FB70D2,width,T0 melt-pool width,T0,matern32_learned_nugget,Matérn 3/2 + learned nugget,Matern,1.5,True,22,P-155p252053768_VX-0p916931554055_LS-7p35634948929e-05_ST-366p816583574_M-TI64_XI-0p0002_XF-0p0014_XL-0p0012_TE-0p0021_DT-5p26115671522e-06_H-1d842653b1,23,143.11509,140.6055302762898,2.509559723710197,2.509559723710197,6.2978900068684,2.516321136495553,6.331872061974272,3.026722446424209,9.161048767688149,3.026722446424209,total predictive variance including learned WhiteKernel nugget,2.339053088654578,2.370150799656439,2.370150799656439,135.67354084875853,145.5375197038211,134.67315428129837,146.53790627128126,True,True,"7.65**2 * Matern(length_scale=22.6, nu=1.5) + WhiteKernel(noise_level=0.00213)",58.566844603340805,22.63936045258387,0.0021260504241875627,0.04610911432881316,2.8291767057138784,1.6820156674995268,0.04610911432881316,0.0100926924007296,166.656785,False,1e-08,numerical jitter only; separate from WhiteKernel nugget,163,164,True,False,False,False,True,True,False,"[""P"",""VX"",""LS"",""ST""]",171.5923063803681,36.47902788816854,"[278.53259813354606,0.6300941725219634,59.55707822968893,349.5244411228774]","[101.02838276561982,0.2225738532177059,15.335665786591141,30.344950272894437]",ED3A59FB289A98838B4425C1398C2B079C8AB69F865B0CC091DEAADBBD835E4A,155.252053768,0.916931554055,73.5634948929,366.816583574,4036003259,fmin_l_bfgs_b,1,116.31214560758266,2.9875142000382766,0,0,,completed_without_convergence_warning,False,False,,False,,False,,False
week7_phase3_new_data_replication,Phase 3B,F7F71204D643D1027D0FF4736F24213619BF6A09C2361C3C11F169797AC98A9C,057420703C13861B9A1B6C9026185A13E0CD582407A149A1D31E053E42FB70D2,width,T0 melt-pool width,T0,matern32_learned_nugget,Matérn 3/2 + learned nugget,Matern,1.5,True,23,P-155p610380822_VX-0p863747905944_LS-4p82199969556e-05_ST-303p817651114_M-TI64_XI-0p0002_XF-0p0014_XL-0p0012_TE-0p0021_DT-5p58510251639e-06_H-44aa3a8888,24,119.38641,117.60567265106346,1.7807373489365403,1.7807373489365403,3.171025505897538,1.9572774968199798,3.830935199557886,2.6101689563024073,6.812981980444798,2.6101689563024073,total predictive variance including learned WhiteKernel nugget,2.0043639488291576,2.111072838846287,2.111072838846287,113.7694087572963,121.44193654483061,112.48974149671074,122.72160380541618,True,True,"7.94**2 * Matern(length_scale=23.4, nu=1.5) + WhiteKernel(noise_level=0.00226)",63.09432577704508,23.384234315634657,0.0022609199064305887,0.047549131500276516,2.982046780886913,1.726860382569162,0.047549131500276516,0.010361776645152263,166.656785,False,1e-08,numerical jitter only; separate from WhiteKernel nugget,163,164,True,False,False,False,True,True,False,"[""P"",""VX"",""LS"",""ST""]",171.73788110429447,36.317390624876495,"[278.53039980806136,0.6304204525717243,59.712559812126365,349.9109376410369]","[101.0310613287287,0.2229547926024323,15.348403926333901,30.160975865513468]",2B638AC0983C4F1CCF024C4E30B44E83F215ADA29E4C70461DB00239E9A0F2B4,155.610380822,0.863747905944,48.2199969556,303.817651114,2487845159,fmin_l_bfgs_b,1,115.12333388803538,4.666719399974681,0,0,,completed_without_convergence_warning,False,False,,False,,False,,False
week7_phase3_new_data_replication,Phase 3B,F7F71204D643D1027D0FF4736F24213619BF6A09C2361C3C11F169797AC98A9C,057420703C13861B9A1B6C9026185A13E0CD582407A149A1D31E053E42FB70D2,width,T0 melt-pool width,T0,matern32_learned_nugget,Matérn 3/2 + learned nugget,Matern,1.5,True,24,P-157p183722649_VX-0p714259673467_LS-7p38607203139e-05_ST-347p368293375_M-TI64_XI-0p0002_XF-0p0014_XL-0p0012_TE-0p0021_DT-6p75401507634e-06_H-add9572a86,25,159.52357,157.80803697059181,1.715533029408192,1.715533029408192,2.943053574990449,2.2157017465723126,4.909334229763596,2.8001265347697815,7.8407086107218245,2.8001265347697815,total predictive variance including learned WhiteKernel nugget,2.0142483021071436,2.1362809205845568,2.1362809205845568,153.4652615473101,162.15081239387354,152.31978896244306,163.29628497874057,True,True,"7.69**2 * Matern(length_scale=22.8, nu=1.5) + WhiteKernel(noise_level=0.0022)",59.203574800087885,22.834793414138865,0.0021961299957385105,0.04686288505564409,2.9313743809582253,1.712125690759363,0.04686288505564409,0.010273363252263404,166.656785,False,1e-08,numerical jitter only; separate from WhiteKernel nugget,163,164,True,False,False,False,True,True,False,"[""P"",""VX"",""LS"",""ST""]",171.4916408588957,36.53479056456762,"[278.5207474042147,0.6313375582924421,59.55525476084844,349.64375578667494]","[101.04272868859945,0.22360427954957043,15.333982499109132,30.374458302901438]",DBEDC7ED3E3684939E4C643C8E2D85BC26A8B8399B8BBB23D5AAEC9A21AF9574,157.183722649,0.714259673467,73.8607203139,347.368293375,3656959382,fmin_l_bfgs_b,1,116.19149257729171,2.9196828000131063,0,0,,completed_without_convergence_warning,False,False,,False,,False,,False
week7_phase3_new_data_replication,Phase 3B,F7F71204D643D1027D0FF4736F24213619BF6A09C2361C3C11F169797AC98A9C,057420703C13861B9A1B6C9026185A13E0CD582407A149A1D31E053E42FB70D2,width,T0 melt-pool width,T0,matern32_learned_nugget,Matérn 3/2 + learned nugget,Matern,1.5,True,25,P-160p605564338_VX-0p585171267024_LS-4p89218084001e-05_ST-323p833105745_M-TI64_XI-0p0002_XF-0p0014_XL-0p0012_TE-0p0021_DT-8p24394647322e-06_H-0602c4a780,26,142.02675999999997,141.96877426621006,0.05798573378990568,0.05798573378990568,0.0033623453231538094,2.0553876931730857,4.2246185692473786,2.6696391534744714,7.126973209763893,2.6696391534744714,total predictive variance including learned WhiteKernel nugget,1.6398009684530246,1.9011177367023482,1.9011177367023482,137.9402143875908,145.99733414482932,136.7362815254001,147.20126700702002,True,True,"7.68**2 * Matern(length_scale=22.7, nu=1.5) + WhiteKernel(noise_level=0.00218)",59.005046080702925,22.702305117199682,0.0021816771204234966,0.04670842665326565,2.9023546405165153,1.7036298425762901,0.04670842665326565,0.010222385140672731,166.656785,False,1e-08,numerical jitter only; separate from WhiteKernel nugget,163,164,True,False,False,False,True,True,False,"[""P"",""VX"",""LS"",""ST""]",171.59898325153375,36.47371501555769,"[278.4997545104172,0.6321295117062028,59.70825422044232,349.7881434408467]","[101.0675772754346,0.2236679582391964,15.35152850371551,30.307285947575004]",D7C471D0F5900EE64A9BB57B1E6061B20A596F6DB08C95C8983E2F4550C253A8,160.605564338,0.585171267024,48.921808400100005,323.833105745,1385792480,fmin_l_bfgs_b,1,115.63363844891197,3.494035299983807,0,0,,completed_without_convergence_warning,False,False,,False,,False,,False
week7_phase3_new_data_replication,Phase 3B,F7F71204D643D1027D0FF4736F24213619BF6A09C2361C3C11F169797AC98A9C,057420703C13861B9A1B6C9026185A13E0CD582407A149A1D31E053E42FB70D2,width,T0 melt-pool width,T0,matern32_learned_nugget,Matérn 3/2 + learned nugget,Matern,1.5,True,26,P-162p142815649_VX-0p926926325143_LS-6p49234891537e-05_ST-377p454931887_M-TI64_XI-0p0002_XF-0p0014_XL-0p0012_TE-0p0021_DT-5p20442722594e-06_H-eed8ed7ef3,27,135.14069,135.78757409197084,-0.6468840919708327,0.6468840919708327,0.41845902844492877,2.333377162613404,5.444648983005781,2.8811163337538033,8.300831328622957,2.8811163337538033,total predictive variance including learned WhiteKernel nugget,1.8046836444757317,2.0023222187232728,2.0023222187232728,131.21415485324857,140.3609933306931,130.1405860778134,141.43456210612828,True,True,"7.66**2 * Matern(length_scale=22.6, nu=1.5) + WhiteKernel(noise_level=0.00215)",58.747585467166914,22.637197831328386,0.0021514840076656146,0.046384092183264884,2.856182345617177,1.6900243624330322,0.046384092183264884,0.010140747419512696,166.656785,False,1e-08,numerical jitter only; separate from WhiteKernel nugget,163,164,True,False,False,False,True,True,False,"[""P"",""VX"",""LS"",""ST""]",171.6412290797546,36.43543040048509,"[278.49032352077916,0.6300328549079266,59.61008439986808,349.4591751823068]","[101.07850566442404,0.22249343170778504,15.369018018724697,30.296208504193523]",5E6FFC4A874D7ACB77543D91B8FB46E83E17DA858F5A2A6CEF1445F3A52B59C3,162.142815649,0.926926325143,64.92348915369999,377.454931887,2484024729,fmin_l_bfgs_b,1,115.74525737674705,2.915701000019908,0,0,,completed_without_convergence_warning,False,False,,False,,False,,False
week7_phase3_new_data_replication,Phase 3B,F7F71204D643D1027D0FF4736F24213619BF6A09C2361C3C11F169797AC98A9C,057420703C13861B9A1B6C9026185A13E0CD582407A149A1D31E053E42FB70D2,width,T0 melt-pool width,T0,matern32_learned_nugget,Matérn 3/2 + learned nugget,Matern,1.5,True,27,P-163p562272254_VX-0p729793018519_LS-5p10150522361e-05_ST-318p261957537_M-TI64_XI-0p0002_XF-0p0014_XL-0p0012_TE-0p0021_DT-6p6102586358e-06_H-eed8ed7ef3,28,132.55077,132.37673289350508,0.17403710649492155,0.17403710649492155,0.030288914437124663,1.663767091681766,2.7681209353632017,2.3874755302269817,5.700039407432607,2.3874755302269817,total predictive variance including learned WhiteKernel nugget,1.43349392127998,1.7918319813556252,1.7918319813556252,129.1157493938088,135.63771639320134,127.6972808542602,137.05618493274997,True,True,"7.74**2 * Matern(length_scale=22.8, nu=1.5) + WhiteKernel(noise_level=0.00221)",59.87997682116171,22.84696748989284,0.0022105343257990567,0.047016319781529654,2.9319184720694063,1.7122845768356982,0.047016319781529654,0.0102743166252469,166.656785,False,1e-08,numerical jitter only; separate from WhiteKernel nugget,163,164,True,False,False,False,True,True,False,"[""P"",""VX"",""LS"",""ST""]",171.65711815950922,36.4189410143575,"[278.4816151980491,0.631242261697031,59.69541223371838,349.8223222642087]","[101.088467461559,0.2235656057760712,15.359668611733177,30.274837286566335]",82589B6C9F73A601DE42C8BB722A68AD9BDBB3E0AC734109AB303B3C87170E93,163.562272254,0.729793018519,51.0150522361,318.261957537,3892065608,fmin_l_bfgs_b,1,115.27240532901928,4.779908200027421,0,0,,completed_without_convergence_warning,False,False,,False,,False,,False
week7_phase3_new_data_replication,Phase 3B,F7F71204D643D1027D0FF4736F24213619BF6A09C2361C3C11F169797AC98A9C,057420703C13861B9A1B6C9026185A13E0CD582407A149A1D31E053E42FB70D2,width,T0 melt-pool width,T0,matern32_learned_nugget,Matérn 3/2 + learned nugget,Matern,1.5,True,28,P-164p187091551_VX-0p507792014735_LS-6p92164167976e-05_ST-301p020288893_M-TI64_XI-0p0002_XF-0p0014_XL-0p0012_TE-0p0021_DT-9p50018996564e-06_H-c15424829d,29,181.34408,179.80727821283298,1.5368017871670077,1.5368017871670077,2.3617597330397087,1.9670296036032897,3.869205461451715,2.6038927010178994,6.780257198414292,2.6038927010178994,total predictive variance including learned WhiteKernel nugget,1.900662698686015,2.050110516107621,2.050110516107621,175.95190018977053,183.66265623589544,174.7036485188379,184.91090790682807,True,True,"7.71**2 * Matern(length_scale=22.8, nu=1.5) + WhiteKernel(noise_level=0.00218)",59.37588308589777,22.838763422661668,0.002180471279550768,0.04669551669647492,2.9110517369625764,1.7061804526375797,0.04669551669647492,0.01023768970844829,166.656785,False,1e-08,numerical jitter only; separate from WhiteKernel nugget,163,164,True,False,False,False,True,True,False,"[""P"",""VX"",""LS"",""ST""]",171.35777269938652,36.53842110213507,"[278.4777819508282,0.6326042310453991,59.583747420457655,349.9280993724541]","[101.09281315924481,0.2234855986034783,15.356206576274962,30.133935717873342]",CC0CFF8152885B3D7E36887EF777E386A8F2B9AB439B4DDE078DFD9347BCFCB6,164.187091551,0.507792014735,69.21641679759999,301.020288893,181910920,fmin_l_bfgs_b,1,115.96120686398856,3.1884332000045106,0,0,,completed_without_convergence_warning,False,False,,False,,False,,False
week7_phase3_new_data_replication,Phase 3B,F7F71204D643D1027D0FF4736F24213619BF6A09C2361C3C11F169797AC98A9C,057420703C13861B9A1B6C9026185A13E0CD582407A149A1D31E053E42FB70D2,width,T0 melt-pool width,T0,matern32_learned_nugget,Matérn 3/2 + learned nugget,Matern,1.5,True,29,P-164p607131174_VX-0p867199563125_LS-5p32762751968e-05_ST-314p058214573_M-TI64_XI-0p0002_XF-0p0014_XL-0p0012_TE-0p0021_DT-5p56287250149e-06_H-0e4c2fc094,30,127.24034,125.69466953527115,1.5456704647288575,1.5456704647288575,2.3890971855351224,2.11119837129111,4.457158562942237,2.7142787347601653,7.367309049971244,2.7142787347601653,total predictive variance including learned WhiteKernel nugget,1.934201020660115,2.0796065704960394,2.0796065704960394,121.55672072754057,129.8326183430017,120.37468321514122,131.01465585540106,True,True,"7.68**2 * Matern(length_scale=22.7, nu=1.5) + WhiteKernel(noise_level=0.0022)",58.94604927057699,22.7283777041104,0.0021986347407918438,0.04688960162756604,2.910150487029006,1.70591631888232,0.04688960162756604,0.01023610481194822,166.656785,False,1e-08,numerical jitter only; separate from WhiteKernel nugget,163,164,True,False,False,False,True,True,False,"[""P"",""VX"",""LS"",""ST""]",171.68969748466256,36.38154856661066,"[278.47520502062576,0.6303992767607979,59.681539700217165,349.8481120983436]","[101.09572108482396,0.22293246557705698,15.36647961289569,30.246137284546393]",71D25F9EF63C14EFFAFAD941D2ED8CB57747DB1013D3EE0324A4E5BE55F51D5D,164.607131174,0.867199563125,53.2762751968,314.058214573,1790174845,fmin_l_bfgs_b,1,115.4708192974592,3.149285099992994,0,0,,completed_without_convergence_warning,False,False,,False,,False,,False
week7_phase3_new_data_replication,Phase 3B,F7F71204D643D1027D0FF4736F24213619BF6A09C2361C3C11F169797AC98A9C,057420703C13861B9A1B6C9026185A13E0CD582407A149A1D31E053E42FB70D2,width,T0 melt-pool width,T0,matern32_learned_nugget,Matérn 3/2 + learned nugget,Matern,1.5,True,30,P-166p111836501_VX-0p454755470987_LS-7p13150844087e-05_ST-303p391516497_M-TI64_XI-0p0002_XF-0p0014_XL-0p0012_TE-0p0021_DT-1p06081639712e-05_H-0e4c2fc094,31,191.60193,192.8932690431165,-1.2913390431164942,1.2913390431164942,1.6675565242770227,1.8584784043584508,3.4539419794667334,2.5198548846551034,6.349668639720185,2.5198548846551034,total predictive variance including learned WhiteKernel nugget,1.7800956593520871,1.9744503630844976,1.9744503630844976,189.25065137057393,196.53588671565907,187.9543534691925,197.8321846170405,True,True,"7.7**2 * Matern(length_scale=22.8, nu=1.5) + WhiteKernel(noise_level=0.00217)",59.338366067253936,22.80190938515769,0.0021720939759539253,0.04660572900356699,2.8957266602534517,1.7016834782806853,0.04660572900356699,0.010210706262458413,166.656785,False,1e-08,numerical jitter only; separate from WhiteKernel nugget,163,164,True,False,False,False,True,True,False,"[""P"",""VX"",""LS"",""ST""]",171.29484110429448,36.512324013866326,"[278.46597369960125,0.6329296086144053,59.57087215903986,349.9135519638406]","[101.10604903522619,0.22326492742898227,15.347242341019706,30.15696169729016]",99A8A2EA5C78D108DA6FCEDB1F5A443F3A061D67E6983861ECEB7A16E258B720,166.111836501,0.454755470987,71.3150844087,303.391516497,3337116808,fmin_l_bfgs_b,1,115.81433798488146,2.519924699969124,0,0,,completed_without_convergence_warning,False,False,,False,,False,,False
week7_phase3_new_data_replication,Phase 3B,F7F71204D643D1027D0FF4736F24213619BF6A09C2361C3C11F169797AC98A9C,057420703C13861B9A1B6C9026185A13E0CD582407A149A1D31E053E42FB70D2,width,T0 melt-pool width,T0,matern32_learned_nugget,Matérn 3/2 + learned nugget,Matern,1.5,True,31,P-167p350234557_VX-0p509305540745_LS-7p79284260895e-05_ST-367p465417979_M-TI64_XI-0p0002_XF-0p0014_XL-0p0012_TE-0p0021_DT-9p47195782704e-06_H-0c5439e4b5,32,190.8829,190.74717230487934,0.1357276951206643,0.1357276951206643,0.018422007222768,1.5665234255517284,2.4539956428023215,2.32645201923623,5.412378997808332,2.32645201923623,total predictive variance including learned WhiteKernel nugget,1.371550790442443,1.76498474181182,1.76498474181182,187.67678639079796,193.81755821896073,186.18732634717634,195.30701826258235,True,True,"7.75**2 * Matern(length_scale=23, nu=1.5) + WhiteKernel(noise_level=0.00222)",60.10832541911098,22.96994475983852,0.002218800099090674,0.047104140997269804,2.9583833550060104,1.7199951613321505,0.047104140997269804,0.010320582875351581,166.656785,False,1e-08,numerical jitter only; separate from WhiteKernel nugget,163,164,True,False,False,False,True,True,False,"[""P"",""VX"",""LS"",""ST""]",171.29925233128833,36.51473362887231,"[278.45837616551535,0.6325949456097549,59.5302995106914,349.5204605437056]","[101.11444463474892,0.22349075263820575,15.307347678820792,30.34263902495224]",C3F88B06DE9AB6DA39A6B857795D528D902F18FF65DE9F44F3773000ABC06223,167.350234557,0.509305540745,77.92842608950001,367.465417979,579246394,fmin_l_bfgs_b,1,115.6967154034032,4.4705520999850705,0,0,,completed_without_convergence_warning,False,False,,False,,False,,False
week7_phase3_new_data_replication,Phase 3B,F7F71204D643D1027D0FF4736F24213619BF6A09C2361C3C11F169797AC98A9C,057420703C13861B9A1B6C9026185A13E0CD582407A149A1D31E053E42FB70D2,width,T0 melt-pool width,T0,matern32_learned_nugget,Matérn 3/2 + learned nugget,Matern,1.5,True,32,P-168p279672268_VX-0p662944494492_LS-8p51138696034e-05_ST-361p222757169_M-TI64_XI-0p0002_XF-0p0014_XL-0p0012_TE-0p0021_DT-7p27680920966e-06_H-1d842653b1,33,178.92244000000002,176.81004833884342,2.1123916611566074,2.1123916611566074,4.462198530123971,1.9324282490985851,3.7342789379142234,2.5762194108825294,6.636906453007927,2.5762194108825294,total predictive variance including learned WhiteKernel nugget,2.1751804500590675,2.2014270563709046,2.2014270563709046,173.0224889706102,180.59760770707663,171.76065829351367,181.85943838417316,True,True,"7.72**2 * Matern(length_scale=22.9, nu=1.5) + WhiteKernel(noise_level=0.00217)",59.57333711923713,22.874118545164265,0.002173737074301043,0.04662335331463239,2.9026275150937044,1.703709926922334,0.04662335331463239,0.010222865675239888,166.656785,False,1e-08,numerical jitter only; separate from WhiteKernel nugget,163,164,True,False,False,False,True,True,False,"[""P"",""VX"",""LS"",""ST""]",171.37262938650306,36.54198606061305,"[278.45267409366875,0.6316523753413684,59.48621703514599,349.55875907628234]","[101.12068371392607,0.22368466738039527,15.243822605491141,30.36131951260362]",C8D469B2930EFBD9810DD24E494BA1E9C94AB02D6F78B828DCBE38CEEC8B472F,168.279672268,0.662944494492,85.1138696034,361.222757169,879537471,fmin_l_bfgs_b,1,116.19459810891428,4.287862899946049,0,0,,completed_without_convergence_warning,False,False,,False,,False,,False
week7_phase3_new_data_replication,Phase 3B,F7F71204D643D1027D0FF4736F24213619BF6A09C2361C3C11F169797AC98A9C,057420703C13861B9A1B6C9026185A13E0CD582407A149A1D31E053E42FB70D2,width,T0 melt-pool width,T0,matern32_learned_nugget,Matérn 3/2 + learned nugget,Matern,1.5,True,33,P-172p471893954_VX-0p300060565388_LS-5p45268436948e-05_ST-394p546009672_M-TI64_XI-0p0002_XF-0p0014_XL-0p0012_TE-0p0021_DT-1p60771562794e-05_H-0e4c2fc094,34,194.29508,194.17879527560245,0.1162847243975591,0.1162847243975591,0.013522137128216278,2.7689177403875918,7.666905453033127,3.2417383335426444,10.508867423159842,3.2417383335426444,total predictive variance including learned WhiteKernel nugget,1.9382769206587656,2.0956916097873846,2.0956916097873846,188.75171650444278,199.60587404676212,187.82498814185888,200.53260240934603,True,True,"7.61**2 * Matern(length_scale=22.6, nu=1.5) + WhiteKernel(noise_level=0.00213)",57.956975957699015,22.55365846399758,0.0021329101395129906,0.04618344010046232,2.8419619701267154,1.6858119616750606,0.04618344010046232,0.010115471516356568,166.656785,False,1e-08,numerical jitter only; separate from WhiteKernel nugget,163,164,True,False,False,False,True,True,False,"[""P"",""VX"",""LS"",""ST""]",171.27831871165642,36.502520340796025,"[278.4269549422209,0.6338786571150126,59.67386750084293,349.3543219443621]","[101.14816511015668,0.22217408121173204,15.36936326438664,30.16929414494038]",38A5161A9B8D102D58AB83D24320EADCB93B38368A975390EF7A7B9DE0DE7D89,172.471893954,0.300060565388,54.5268436948,394.546009672,3753420929,fmin_l_bfgs_b,1,116.0818892615437,5.112949500035029,0,0,,completed_without_convergence_warning,False,False,,False,,False,,False
week7_phase3_new_data_replication,Phase 3B,F7F71204D643D1027D0FF4736F24213619BF6A09C2361C3C11F169797AC98A9C,057420703C13861B9A1B6C9026185A13E0CD582407A149A1D31E053E42FB70D2,width,T0 melt-pool width,T0,matern32_learned_nugget,Matérn 3/2 + learned nugget,Matern,1.5,True,34,P-173p043282634_VX-0p866796851528_LS-6p96390683614e-05_ST-349p021338305_M-TI64_XI-0p0002_XF-0p0014_XL-0p0012_TE-0p0021_DT-5p56545699781e-06_H-27614c4053,35,147.52656,146.28957773292544,1.236982267074552,1.236982267074552,1.5301251290568985,2.112622876664113,4.463175419004552,2.711834268985194,7.354045102442463,2.711834268985194,total predictive variance including learned WhiteKernel nugget,1.838285425057928,2.0205966810683487,2.0205966810683487,142.1488368946638,150.4303185711871,140.97438256571445,151.60477290013642,True,True,"7.65**2 * Matern(length_scale=22.7, nu=1.5) + WhiteKernel(noise_level=0.00217)",58.472788122756555,22.66604832382362,0.002170093229465865,0.04658425946031411,2.890869683437911,1.700255770005769,0.04658425946031411,0.010202139504885858,166.656785,False,1e-08,numerical jitter only; separate from WhiteKernel nugget,163,164,True,False,False,False,True,True,False,"[""P"",""VX"",""LS"",""ST""]",171.56524214723927,36.4985037801072,"[278.4234494901964,0.6304017473840923,59.58115446607851,349.6336144067363]","[101.15182712464376,0.2229350876282608,15.354544071026856,30.37494037604233]",C88BC1B47D6F54AEC90E168020154EC2B0C76EFF245CB2D3AB6AE41C6CAED8E6,173.043282634,0.866796851528,69.63906836139999,349.021338305,2083622896,fmin_l_bfgs_b,1,116.02888548844274,2.0342079999973066,0,0,,completed_without_convergence_warning,False,False,,False,,False,,False
week7_phase3_new_data_replication,Phase 3B,F7F71204D643D1027D0FF4736F24213619BF6A09C2361C3C11F169797AC98A9C,057420703C13861B9A1B6C9026185A13E0CD582407A149A1D31E053E42FB70D2,width,T0 melt-pool width,T0,matern32_learned_nugget,Matérn 3/2 + learned nugget,Matern,1.5,True,35,P-173p906668607_VX-0p677544388934_LS-8p62016404031e-05_ST-334p396108383_M-TI64_XI-0p0002_XF-0p0014_XL-0p0012_TE-0p0021_DT-7p12000672104e-06_H-89021150a8,36,180.40607,178.25140341054237,2.1546665894576336,2.1546665894576336,4.64258811172499,1.7183493799087948,2.9527245914329394,2.4271135880066916,5.890880369086717,2.4271135880066916,total predictive variance including learned WhiteKernel nugget,2.2464559578497916,2.1996900123713314,2.1996900123713314,174.88343862592112,181.61936819516362,173.49426077804924,183.0085460430355,True,True,"7.72**2 * Matern(length_scale=23, nu=1.5) + WhiteKernel(noise_level=0.0022)",59.64559362707322,22.950801747267207,0.0022005925788061626,0.04691047408421879,2.9381557776537766,1.7141049494280614,0.04691047408421879,0.01028523950841882,166.656785,False,1e-08,numerical jitter only; separate from WhiteKernel nugget,163,164,True,False,False,False,True,True,False,"[""P"",""VX"",""LS"",""ST""]",171.36352736196318,36.539919557212606,"[278.4181526437362,0.6315628054368163,59.47954359465703,349.7233397436811]","[101.15732249571386,0.22366919551629705,15.232359459079397,30.351389180238957]",DB2C0C72A9F3FFAD530C0B682F1F233F9D15C85E9353622F523716745C797F8C,173.906668607,0.677544388934,86.2016404031,334.396108383,3085496878,fmin_l_bfgs_b,1,116.1656083880599,2.3498482000431977,0,0,,completed_without_convergence_warning,False,False,,False,,False,,False
week7_phase3_new_data_replication,Phase 3B,F7F71204D643D1027D0FF4736F24213619BF6A09C2361C3C11F169797AC98A9C,057420703C13861B9A1B6C9026185A13E0CD582407A149A1D31E053E42FB70D2,width,T0 melt-pool width,T0,matern32_learned_nugget,Matérn 3/2 + learned nugget,Matern,1.5,True,36,P-177p821134596_VX-0p63969291749_LS-8p76195222961e-05_ST-320p228793407_M-TI64_XI-0p0002_XF-0p0014_XL-0p0012_TE-0p0021_DT-7p5413068851e-06_H-0e4c2fc094,37,186.60878,185.70630405014091,0.9024759498590811,0.9024759498590811,0.8144628400740507,2.345816636288225,5.502855691086602,2.9047963887784527,8.43784206026034,2.9047963887784527,total predictive variance including learned WhiteKernel nugget,1.8455757726797737,2.033564339142742,2.033564339142742,181.108503443016,190.30410465726584,180.01290312813515,191.39970497214668,True,True,"7.7**2 * Matern(length_scale=22.8, nu=1.5) + WhiteKernel(noise_level=0.0022)",59.27674003136901,22.84167504944955,0.0021997438864794876,0.04690142733946897,2.9349863691737386,1.7131801916826317,0.04690142733946897,0.010279690632953416,166.656785,False,1e-08,numerical jitter only; separate from WhiteKernel nugget,163,164,True,False,False,False,True,True,False,"[""P"",""VX"",""LS"",""ST""]",171.32547392638037,36.52725063744358,"[278.3941375149694,0.6317950230530371,59.47084493273679,349.81025578647865]","[101.1816634814045,0.22369716311754292,15.2166840138311,30.287019318896757]",6E264F34063D5B83D069C7316724CF7C9B22597CC9F8CC612463A37EA92B825E,177.821134596,0.63969291749,87.6195222961,320.228793407,2191963493,fmin_l_bfgs_b,1,115.87321874002734,3.0547014999901876,0,0,,completed_without_convergence_warning,False,False,,False,,False,,False
week7_phase3_new_data_replication,Phase 3B,F7F71204D643D1027D0FF4736F24213619BF6A09C2361C3C11F169797AC98A9C,057420703C13861B9A1B6C9026185A13E0CD582407A149A1D31E053E42FB70D2,width,T0 melt-pool width,T0,matern32_learned_nugget,Matérn 3/2 + learned nugget,Matern,1.5,True,37,P-185p872045369_VX-0p416268682161_LS-7p15564692144e-05_ST-371p982346013_M-TI64_XI-0p0002_XF-0p0014_XL-0p0012_TE-0p0021_DT-1p15889587897e-05_H-bc28d74e69,38,205.96235,205.32558606140898,0.6367639385910024,0.6367639385910024,0.40546831348992596,2.2626158512790213,5.119430490459091,2.828334599553873,7.999476607033568,2.828334599553873,total predictive variance including learned WhiteKernel nugget,1.775061053362817,1.9839700185786566,1.9839700185786566,200.8908589929021,209.76031312991586,199.7820502462834,210.86912187653456,True,True,"7.66**2 * Matern(length_scale=22.6, nu=1.5) + WhiteKernel(noise_level=0.00217)",58.72446294591418,22.641932415931148,0.0021682216722106917,0.046564167255634364,2.8800461165744777,1.69706986201938,0.046564167255634364,0.010183022923545417,166.656785,False,1e-08,numerical jitter only; separate from WhiteKernel nugget,163,164,True,False,False,False,True,True,False,"[""P"",""VX"",""LS"",""ST""]",171.20674036809817,36.445832966421854,"[278.3447454243375,0.6331657238832764,59.56939127066133,349.4927493287731]","[101.22877039518752,0.22305592456183115,15.346097356726661,30.324169442519743]",920B720FDAF4565C1FA212B08AA43091C83B44DF3203DF77F87EBA4737347B77,185.872045369,0.416268682161,71.55646921440001,371.982346013,67896343,fmin_l_bfgs_b,1,115.6892905145506,2.850064199999906,0,0,,completed_without_convergence_warning,False,False,,False,,False,,False
week7_phase3_new_data_replication,Phase 3B,F7F71204D643D1027D0FF4736F24213619BF6A09C2361C3C11F169797AC98A9C,057420703C13861B9A1B6C9026185A13E0CD582407A149A1D31E053E42FB70D2,width,T0 melt-pool width,T0,matern32_learned_nugget,Matérn 3/2 + learned nugget,Matern,1.5,True,38,P-187p255870651_VX-0p828194463092_LS-4p64611349328e-05_ST-375p783913497_M-TI64_XI-0p0002_XF-0p0014_XL-0p0012_TE-0p0021_DT-5p82486459159e-06_H-bc28d74e69,39,123.747095,122.8402541139146,0.9068408860854049,0.9068408860854049,0.8223603926761623,2.8037719444236706,7.86113711633729,3.2731274751392863,10.713363468511679,3.2731274751392863,total predictive variance including learned WhiteKernel nugget,2.0022096018220523,2.1430645973993747,2.1430645973993747,117.3448611028442,128.335647124985,116.4249242626416,129.2555839651876,True,True,"7.62**2 * Matern(length_scale=22.5, nu=1.5) + WhiteKernel(noise_level=0.00216)",58.06844095224988,22.468751948047792,0.002158101870450315,0.04645537504369451,2.8522263521743887,1.6888535614950126,0.04645537504369451,0.010133722197359156,166.656785,False,1e-08,numerical jitter only; separate from WhiteKernel nugget,163,164,True,False,False,False,True,True,False,"[""P"",""VX"",""LS"",""ST""]",171.71112843558282,36.354319815662414,"[278.336255698681,0.6306385718530249,59.72335037668342,349.46942682887124]","[101.23646710083037,0.22316546217962263,15.33969964023271,30.30539587514826]",1EB5578FDDD718B340A153357000FE4564801680777963D9897A70CA0C4ACA95,187.255870651,0.828194463092,46.4611349328,375.783913497,312260244,fmin_l_bfgs_b,1,115.40159870165789,1.6445340000209399,0,0,,completed_without_convergence_warning,False,False,,False,,False,,False
week7_phase3_new_data_replication,Phase 3B,F7F71204D643D1027D0FF4736F24213619BF6A09C2361C3C11F169797AC98A9C,057420703C13861B9A1B6C9026185A13E0CD582407A149A1D31E053E42FB70D2,width,T0 melt-pool width,T0,matern32_learned_nugget,Matérn 3/2 + learned nugget,Matern,1.5,True,39,P-198p376734591_VX-0p636800402216_LS-8p40585875992e-05_ST-361p411435367_M-TI64_XI-0p0002_XF-0p0014_XL-0p0012_TE-0p0021_DT-7p5755614887e-06_H-1605f46060,40,188.0134,188.96937445982624,-0.9559744598262512,0.9559744598262512,0.9138871678400927,1.5508463499033942,2.405124401008681,2.3154727484817954,5.36141404896184,2.3154727484817954,total predictive variance including learned WhiteKernel nugget,1.5477268522095244,1.8437805950613577,1.8437805950613577,185.92971561401558,192.0090333056369,184.4310478728019,193.50770104685057,True,True,"7.76**2 * Matern(length_scale=23, nu=1.5) + WhiteKernel(noise_level=0.00222)",60.27443573072635,22.993221822968817,0.0022161682252218695,0.047076195951052266,2.9562896479531586,1.7193864161244148,0.047076195951052266,0.010316930187537307,166.656785,False,1e-08,numerical jitter only; separate from WhiteKernel nugget,163,164,True,False,False,False,True,True,False,"[""P"",""VX"",""LS"",""ST""]",171.31685662576686,36.52347819080701,"[278.2680295395399,0.6318127685455157,59.49269115787114,349.5576015413252]","[101.29406207722917,0.22369767420981093,15.254477599183188,30.360871196885086]",A2B16CE6156D23DB712B106A235C6766C9461F93472B9A7030EE230C2BBAE8FC,198.376734591,0.636800402216,84.0585875992,361.411435367,3866385874,fmin_l_bfgs_b,1,115.75152733035961,4.158818699943367,0,0,,completed_without_convergence_warning,False,False,,False,,False,,False
week7_phase3_new_data_replication,Phase 3B,F7F71204D643D1027D0FF4736F24213619BF6A09C2361C3C11F169797AC98A9C,057420703C13861B9A1B6C9026185A13E0CD582407A149A1D31E053E42FB70D2,width,T0 melt-pool width,T0,matern32_learned_nugget,Matérn 3/2 + learned nugget,Matern,1.5,True,40,P-199p601335125_VX-0p449852506485_LS-5p7030843283e-05_ST-364p706449651_M-TI64_XI-0p0002_XF-0p0014_XL-0p0012_TE-0p0021_DT-1p07237828699e-05_H-1d842653b1,41,183.432165,180.98376822819947,2.4483967718005317,2.4483967718005317,5.994646752163265,2.187470709863565,4.785028106511009,2.760071448942696,7.617994403268632,2.760071448942696,total predictive variance including learned WhiteKernel nugget,2.3280806728221153,2.3276481818254395,2.3276481818254395,176.69632563686687,185.27121081953206,175.57402818827177,186.39350826812716,True,True,"7.62**2 * Matern(length_scale=22.5, nu=1.5) + WhiteKernel(noise_level=0.00212)",58.0231311073337,22.545355955660767,0.0021224323138937327,0.04606986340216056,2.832966296757623,1.6831417934201571,0.04606986340216056,0.01009944955688517,166.656785,False,1e-08,numerical jitter only; separate from WhiteKernel nugget,163,164,True,False,False,False,True,True,False,"[""P"",""VX"",""LS"",""ST""]",171.34496236196318,36.534551420901806,"[278.26051665282824,0.6329596881512274,59.65850554017913,349.5373867297669]","[101.29994167754198,0.22324058915242517,15.373248244081479,30.351873699466207]",906D5061DBD8D406DE654BCFB3783E0262C0284A5364F1DCD5F43622FC8D02F8,199.601335125,0.449852506485,57.030843283,364.706449651,3269798634,fmin_l_bfgs_b,1,116.44469205592625,3.078839900030289,0,0,,completed_without_convergence_warning,False,False,,False,,False,,False
week7_phase3_new_data_replication,Phase 3B,F7F71204D643D1027D0FF4736F24213619BF6A09C2361C3C11F169797AC98A9C,057420703C13861B9A1B6C9026185A13E0CD582407A149A1D31E053E42FB70D2,width,T0 melt-pool width,T0,matern32_learned_nugget,Matérn 3/2 + learned nugget,Matern,1.5,True,41,P-203p030488295_VX-0p654564663741_LS-6p39602473907e-05_ST-333p568221635_M-TI64_XI-0p0002_XF-0p0014_XL-0p0012_TE-0p0021_DT-7p36996796534e-06_H-0e4c2fc094,42,164.33516500000002,163.89260715819555,0.4425578418044722,0.4425578418044722,0.19585744334263225,1.623094588336757,2.6344360426880664,2.361329017845584,5.575874730519591,2.361329017845584,total predictive variance including learned WhiteKernel nugget,1.440445656106671,1.795726071211974,1.795726071211974,160.7113417650555,167.0738725513356,159.2644022832182,168.5208120331729,True,True,"7.75**2 * Matern(length_scale=22.9, nu=1.5) + WhiteKernel(noise_level=0.0022)",59.99982383507547,22.90652510354845,0.002202739793157873,0.04693335480399705,2.941438687831524,1.7150622985278186,0.04693335480399705,0.010290983943604927,166.656785,False,1e-08,numerical jitter only; separate from WhiteKernel nugget,163,164,True,False,False,False,True,True,False,"[""P"",""VX"",""LS"",""ST""]",171.46212187116564,36.54250384806833,"[278.239478903319,0.6317037853459758,59.61599385853679,349.7284188034848]","[101.31591791982267,0.2236908903530302,15.370874613774,30.34875448247857]",06ABE836707339007DF560EEC2EBC55E75B288399053169967A5A7BAB17BC2CA,203.030488295,0.654564663741,63.9602473907,333.568221635,2872411745,fmin_l_bfgs_b,1,115.87094859956207,3.183474599965848,0,0,,completed_without_convergence_warning,False,False,,False,,False,,False
week7_phase3_new_data_replication,Phase 3B,F7F71204D643D1027D0FF4736F24213619BF6A09C2361C3C11F169797AC98A9C,057420703C13861B9A1B6C9026185A13E0CD582407A149A1D31E053E42FB70D2,width,T0 melt-pool width,T0,matern32_learned_nugget,Matérn 3/2 + learned nugget,Matern,1.5,True,42,P-203p317554156_VX-0p724937635215_LS-5p40301996917e-05_ST-325p306920736_M-TI64_XI-0p0002_XF-0p0014_XL-0p0012_TE-0p0021_DT-6p65453187788e-06_H-dfd65b549a,43,143.50918,144.81709655067698,-1.3079165506769925,1.3079165506769925,1.710645703534802,1.703574894352824,2.9021674206692354,2.403491682171878,5.776772266269403,2.403491682171878,total predictive variance including learned WhiteKernel nugget,1.74638610102648,1.9439234956831322,1.9439234956831322,141.47808975774544,148.15610334360852,140.1062528536201,149.52794024773385,True,True,"7.65**2 * Matern(length_scale=22.6, nu=1.5) + WhiteKernel(noise_level=0.00216)",58.509220842163664,22.60250978209631,0.0021599664996746256,0.04647543974697416,2.8746048456001674,1.6954659671017192,0.04647543974697416,0.010173398983436043,166.656785,False,1e-08,numerical jitter only; separate from WhiteKernel nugget,163,164,True,False,False,False,True,True,False,"[""P"",""VX"",""LS"",""ST""]",171.58988865030673,36.480902092208915,"[278.2377177630675,0.631272049324663,59.67691439656747,349.779101631086]","[101.31722273351487,0.22357841075305812,15.368293326096978,30.31480718766555]",287E03C8417F28BF3B55640486321154F4D09E20A2F63C441F5F194E582104E4,203.317554156,0.724937635215,54.0301996917,325.306920736,442998067,fmin_l_bfgs_b,1,115.73514627956374,3.3826646999805234,0,0,,completed_without_convergence_warning,False,False,,False,,False,,False
week7_phase3_new_data_replication,Phase 3B,F7F71204D643D1027D0FF4736F24213619BF6A09C2361C3C11F169797AC98A9C,057420703C13861B9A1B6C9026185A13E0CD582407A149A1D31E053E42FB70D2,width,T0 melt-pool width,T0,matern32_learned_nugget,Matérn 3/2 + learned nugget,Matern,1.5,True,43,P-204p071587815_VX-0p957219619336_LS-8p8582220221e-05_ST-334p090301355_M-TI64_XI-0p0002_XF-0p0014_XL-0p0012_TE-0p0021_DT-5p03972182096e-06_H-676863bc48,44,176.02859999999998,159.0139507251946,17.01464927480538,17.01464927480538,289.4982899446352,2.362959195430114,5.583576159267731,2.6917331024311153,7.245427094723437,2.6917331024311153,total predictive variance including learned WhiteKernel nugget,27.70294578797402,21.887124136805912,21.887124136805912,154.38255070215158,163.64535074823763,153.73815384442963,164.28974760595958,False,False,"7.93**2 * Matern(length_scale=23.7, nu=1.5) + WhiteKernel(noise_level=0.00124)",62.914561675444574,23.677056535892472,0.0012443352411352128,0.03527513630214932,1.6618509354557047,1.2891279748169708,0.03527513630214932,0.007735226470479259,166.656785,False,1e-08,numerical jitter only; separate from WhiteKernel nugget,163,164,True,False,False,False,True,True,False,"[""P"",""VX"",""LS"",""ST""]",171.39038300613495,36.54494666653986,"[278.2330917896994,0.6298470064772949,59.46493881049813,349.7252158604172]","[101.3206260850009,0.22223255450376098,15.20556650125706,30.350432230369947]",11CF0B4B965CBC2ABD562EE7DE6E242ADBCEC6058DA94FBDA01AA65F2C0E3A23,204.071587815,0.957219619336,88.582220221,334.090301355,4157830711,fmin_l_bfgs_b,1,133.6714321593344,4.543113899999298,0,0,,completed_without_convergence_warning,False,False,,False,,False,,False
week7_phase3_new_data_replication,Phase 3B,F7F71204D643D1027D0FF4736F24213619BF6A09C2361C3C11F169797AC98A9C,057420703C13861B9A1B6C9026185A13E0CD582407A149A1D31E053E42FB70D2,width,T0 melt-pool width,T0,matern32_learned_nugget,Matérn 3/2 + learned nugget,Matern,1.5,True,44,P-207p432942583_VX-0p674802143379_LS-5p74396795379e-05_ST-382p34582068_M-TI64_XI-0p0002_XF-0p0014_XL-0p0012_TE-0p0021_DT-7p14894084192e-06_H-676863bc48,45,155.742445,155.6346082107067,0.10783678929331586,0.10783678929331586,0.011628773125091002,1.7730661269425267,3.143763490510972,2.463813713180848,6.070378013257999,2.463813713180848,total predictive variance including learned WhiteKernel nugget,1.4934983549645875,1.8216068020063267,1.8216068020063267,152.15939860189934,159.10981781951403,150.80553333287222,160.46368308854116,True,True,"7.72**2 * Matern(length_scale=22.8, nu=1.5) + WhiteKernel(noise_level=0.00219)",59.58784717775352,22.822815593420138,0.002193621537479494,0.046836113603495044,2.9266145227470255,1.7107350825732852,0.046836113603495044,0.01026501910842265,166.656785,False,1e-08,numerical jitter only; separate from WhiteKernel nugget,163,164,True,False,False,False,True,True,False,"[""P"",""VX"",""LS"",""ST""]",171.51483794478528,36.52598285707517,"[278.21246998130675,0.6315796290291783,59.655997342296295,349.42916972958903]","[101.33537495087178,0.22367255029682723,15.37364339493697,30.266029560577405]",3721948A5CBEECD564B9594E4E327B2EC16BC379BB540625A71266A2E339AFFD,207.432942583,0.674802143379,57.4396795379,382.34582068,977643305,fmin_l_bfgs_b,1,115.7612939405171,2.824365200009197,0,0,,completed_without_convergence_warning,False,False,,False,,False,,False
week7_phase3_new_data_replication,Phase 3B,F7F71204D643D1027D0FF4736F24213619BF6A09C2361C3C11F169797AC98A9C,057420703C13861B9A1B6C9026185A13E0CD582407A149A1D31E053E42FB70D2,width,T0 melt-pool width,T0,matern32_learned_nugget,Matérn 3/2 + learned nugget,Matern,1.5,True,45,P-208p096600196_VX-0p256636148953_LS-4p52492384214e-05_ST-395p602757306_M-TI64_XI-0p0002_XF-0p0014_XL-0p0012_TE-0p0021_DT-1p87975101041e-05_H-1980b1708d,46,190.79683,190.3174063632808,0.47942363671918997,0.47942363671918997,0.22984702344505384,4.008638245554945,16.069180583725824,4.345904727522008,18.886887900698138,4.345904727522008,total predictive variance including learned WhiteKernel nugget,2.314541923853375,2.3942573234307236,2.3942573234307236,182.4604754019931,198.1743373245685,181.79943309733767,198.83537962922395,True,True,"7.6**2 * Matern(length_scale=22.5, nu=1.5) + WhiteKernel(noise_level=0.00211)",57.74030181444588,22.50958201888293,0.0021132597650497338,0.0459702051882492,2.817707316972315,1.6786027871334883,0.0459702051882492,0.010072213904363319,166.656785,False,1e-08,numerical jitter only; separate from WhiteKernel nugget,163,164,True,False,False,False,True,True,False,"[""P"",""VX"",""LS"",""ST""]",171.29978036809817,36.515016199287466,"[278.2083984622086,0.634145064577804,59.73078532460611,349.34783883004303]","[101.33820532334771,0.22174719736455228,15.332974650221178,30.159467011235943]",F7688222421427940FC1780E13FE7B1E894FAE26142F08A2048B040C01FC7149,208.096600196,0.256636148953,45.2492384214,395.602757306,2500373940,fmin_l_bfgs_b,1,116.45767039982215,1.9423715999582782,0,0,,completed_without_convergence_warning,False,False,,False,,False,,False
week7_phase3_new_data_replication,Phase 3B,F7F71204D643D1027D0FF4736F24213619BF6A09C2361C3C11F169797AC98A9C,057420703C13861B9A1B6C9026185A13E0CD582407A149A1D31E053E42FB70D2,width,T0 melt-pool width,T0,matern32_learned_nugget,Matérn 3/2 + learned nugget,Matern,1.5,True,46,P-209p47686991_VX-0p866693950214_LS-6p90699464413e-05_ST-369p570871734_M-TI64_XI-0p0002_XF-0p0014_XL-0p0012_TE-0p0021_DT-5p56611777644e-06_H-b021dd2b47,47,155.71984999999998,155.8951753056056,-0.175325305605611,0.175325305605611,0.030738962785700888,2.100632659018622,4.412657568135646,2.7011403826355966,7.296159366704777,2.7011403826355966,total predictive variance including learned WhiteKernel nugget,1.6646601429717185,1.914719097661736,1.914719097661736,151.7779352939291,160.0124153172821,150.60094015563982,161.18941045557136,True,True,"7.66**2 * Matern(length_scale=22.7, nu=1.5) + WhiteKernel(noise_level=0.00216)",58.639073895349725,22.66302160113416,0.002161313813634609,0.046489932390084296,2.883501798569131,1.6980876887160836,0.046489932390084296,0.010189130245828777,166.656785,False,1e-08,numerical jitter only; separate from WhiteKernel nugget,163,164,True,False,False,False,True,True,False,"[""P"",""VX"",""LS"",""ST""]",171.5149765644172,36.5259229561337,"[278.19993054985275,0.6304023786804973,59.5846460116006,349.50754364950313]","[101.34400574071526,0.2229357568924719,15.356765924229286,30.334547862061143]",221BBDD8231487956109330663F093BAAA876BE1C8276E395F7E3715E20D942A,209.47686991,0.866693950214,69.0699464413,369.570871734,1116819105,fmin_l_bfgs_b,1,116.00841926039718,2.419473799993284,0,0,,completed_without_convergence_warning,False,False,,False,,False,,False
week7_phase3_new_data_replication,Phase 3B,F7F71204D643D1027D0FF4736F24213619BF6A09C2361C3C11F169797AC98A9C,057420703C13861B9A1B6C9026185A13E0CD582407A149A1D31E053E42FB70D2,width,T0 melt-pool width,T0,matern32_learned_nugget,Matérn 3/2 + learned nugget,Matern,1.5,True,47,P-210p211145159_VX-0p921242046338_LS-8p23126060485e-05_ST-311p238003519_M-TI64_XI-0p0002_XF-0p0014_XL-0p0012_TE-0p0021_DT-5p23653975868e-06_H-0e4c2fc094,48,163.59037999999998,161.86795668727135,1.7224233127286368,1.7224233127286368,2.9667420682310914,3.175131065686542,10.081457284287755,3.6049254017469816,12.995487152160637,3.6049254017469816,total predictive variance including learned WhiteKernel nugget,2.221425997948201,2.3153846994640834,2.3153846994640834,155.64469979852572,168.09121357601697,154.80230289984726,168.93361047469543,True,True,"7.62**2 * Matern(length_scale=22.7, nu=1.5) + WhiteKernel(noise_level=0.00218)",58.026616345733935,22.6974752598582,0.0021823263282542914,0.04671537571564946,2.9140298678728773,1.7070529774652212,0.04671537571564946,0.010242925167824527,166.656785,False,1e-08,numerical jitter only; separate from WhiteKernel nugget,163,164,True,False,False,False,True,True,False,"[""P"",""VX"",""LS"",""ST""]",171.46669110429448,36.54156584024573,"[278.1954257937239,0.630067727784031,59.503402701126966,349.8654140066504]","[101.3470440259981,0.22253951282468057,15.271101704023119,30.224845064879172]",80F4C90927A09A7CCF3974BAD6E7C73C41F0CB57BE0070B2EFFDEA4F2FF80C97,210.211145159,0.921242046338,82.31260604849999,311.238003519,679745940,fmin_l_bfgs_b,1,116.38065302866661,2.8786219999892637,0,0,,completed_without_convergence_warning,False,False,,False,,False,,False
week7_phase3_new_data_replication,Phase 3B,F7F71204D643D1027D0FF4736F24213619BF6A09C2361C3C11F169797AC98A9C,057420703C13861B9A1B6C9026185A13E0CD582407A149A1D31E053E42FB70D2,width,T0 melt-pool width,T0,matern32_learned_nugget,Matérn 3/2 + learned nugget,Matern,1.5,True,48,P-210p302841339_VX-0p779412575788_LS-5p86430912284e-05_ST-304p177226769_M-TI64_XI-0p0002_XF-0p0014_XL-0p0012_TE-0p0021_DT-6p18943131388e-06_H-c15424829d,49,147.96634,148.08832031019463,-0.12198031019462974,0.12198031019462974,0.014879196075178092,1.633277863397264,2.667596579063532,2.367940199588863,5.607140788828945,2.367940199588863,total predictive variance including learned WhiteKernel nugget,1.4123163646260537,1.7822858041383045,1.7822858041383045,144.887095697936,151.28954492245327,143.44715751900046,152.7294831013888,True,True,"7.76**2 * Matern(length_scale=22.9, nu=1.5) + WhiteKernel(noise_level=0.00221)",60.2766374148199,22.943521557591204,0.002206418936677437,0.04697253385413051,2.939544209765414,1.7145099036650135,0.04697253385413051,0.010287669377907496,166.656785,False,1e-08,numerical jitter only; separate from WhiteKernel nugget,163,164,True,False,False,False,True,True,False,"[""P"",""VX"",""LS"",""ST""]",171.56254411042946,36.500264367029644,"[278.19486324047244,0.630937847235258,59.64861444848955,349.9087316554234]","[101.34742113375844,0.22339736335921048,15.37441698877831,30.16433372923899]",2461776D2BEC125DB9E7CFC94CE2B99D77282931D46DDC7A1673A238DC5CE4AF,210.302841339,0.779412575788,58.6430912284,304.177226769,2519980009,fmin_l_bfgs_b,1,115.56466162820456,3.4334603999741375,0,0,,completed_without_convergence_warning,False,False,,False,,False,,False
week7_phase3_new_data_replication,Phase 3B,F7F71204D643D1027D0FF4736F24213619BF6A09C2361C3C11F169797AC98A9C,057420703C13861B9A1B6C9026185A13E0CD582407A149A1D31E053E42FB70D2,width,T0 melt-pool width,T0,matern32_learned_nugget,Matérn 3/2 + learned nugget,Matern,1.5,True,49,P-210p331349445_VX-0p877062157481_LS-5p88084341536e-05_ST-346p930868597_M-TI64_XI-0p0002_XF-0p0014_XL-0p0012_TE-0p0021_DT-5p50031780743e-06_H-0e4c2fc094,50,143.06464499999998,142.0909339195188,0.9737110804811948,0.9737110804811948,0.9481132682518558,2.474126598111195,6.121302423481274,2.9941119556756184,8.964706403119676,2.9941119556756184,total predictive variance including learned WhiteKernel nugget,1.9022697304896936,2.0684665419793893,2.0684665419793893,137.24164578722085,146.94022205181673,136.2224744863946,147.959393352643,True,True,"7.6**2 * Matern(length_scale=22.5, nu=1.5) + WhiteKernel(noise_level=0.00214)",57.74065663428192,22.46271308432696,0.0021367701670268837,0.04622521137893134,2.8434039796383996,1.6862395973403066,0.04622521137893134,0.010118037482484176,166.656785,False,1e-08,numerical jitter only; separate from WhiteKernel nugget,163,164,True,False,False,False,True,True,False,"[""P"",""VX"",""LS"",""ST""]",171.5926158588957,36.47878607882074,"[278.1946883441166,0.6303387700469574,59.64760007471532,349.64643937426996]","[101.34753827094802,0.22286683867210955,15.374477843137356,30.37423782286472]",9893D742B8CCEF4423AA163F9DFAB03758D323ADBA2F6960B03401C4C366737B,210.331349445,0.877062157481,58.8084341536,346.930868597,3588344702,fmin_l_bfgs_b,1,116.00847715009226,4.443977999966592,0,0,,completed_without_convergence_warning,False,False,,False,,False,,False
week7_phase3_new_data_replication,Phase 3B,F7F71204D643D1027D0FF4736F24213619BF6A09C2361C3C11F169797AC98A9C,057420703C13861B9A1B6C9026185A13E0CD582407A149A1D31E053E42FB70D2,width,T0 melt-pool width,T0,matern32_learned_nugget,Matérn 3/2 + learned nugget,Matern,1.5,True,50,P-211p964201781_VX-0p31026524833_LS-8p22948660567e-05_ST-308p041416816_M-TI64_XI-0p0002_XF-0p0014_XL-0p0012_TE-0p0021_DT-1p5548375556e-05_H-22f5435fc5,51,250.4101,240.80890802624108,9.601191973758915,9.601191973758915,92.18288731697261,3.902772674942711,15.231634552279486,4.21688283930672,17.782100880439504,4.21688283930672,total predictive variance including learned WhiteKernel nugget,5.306659751591875,4.950048118799426,4.950048118799426,233.15947358335336,248.4583424691288,232.5438176611999,249.07399839128226,False,False,"7.38**2 * Matern(length_scale=21.8, nu=1.5) + WhiteKernel(noise_level=0.00197)",54.497750849352634,21.783416508106033,0.0019662085941676757,0.04434195072578197,2.5504663281600157,1.597017948602963,0.04434195072578197,0.009582675848468832,166.656785,False,1e-08,numerical jitter only; separate from WhiteKernel nugget,163,164,True,False,False,False,True,True,False,"[""P"",""VX"",""LS"",""ST""]",170.9340547852761,36.015960562474774,"[278.18467084512275,0.6338160516981906,59.503511535432494,349.8850249680185]","[101.35416468005963,0.2222666803998309,15.271264196511847,30.19872754203655]",A98E0B06CCFA3072A1AE32540F560C086D3959175895698D768AB6F638C63847,211.964201781,0.31026524833,82.2948660567,308.041416816,1773685109,fmin_l_bfgs_b,1,116.6294518703771,3.212720100011211,0,0,,completed_without_convergence_warning,False,False,,False,,False,,False
week7_phase3_new_data_replication,Phase 3B,F7F71204D643D1027D0FF4736F24213619BF6A09C2361C3C11F169797AC98A9C,057420703C13861B9A1B6C9026185A13E0CD582407A149A1D31E053E42FB70D2,width,T0 melt-pool width,T0,matern32_learned_nugget,Matérn 3/2 + learned nugget,Matern,1.5,True,51,P-212p474685749_VX-0p445530901525_LS-8p01654967217e-05_ST-390p176194232_M-TI64_XI-0p0002_XF-0p0014_XL-0p0012_TE-0p0021_DT-1p08278024858e-05_H-4e23685f04,52,218.6952,218.11352363372285,0.5816763662771507,0.5816763662771507,0.33834739508538997,2.2526080008939835,5.074242805691589,2.821978413956809,7.963562168838187,2.821978413956809,total predictive variance including learned WhiteKernel nugget,1.764366882716477,1.9776202078472511,1.9776202078472511,213.69841195197066,222.52863531547504,212.5824459423675,223.64460132507818,True,True,"7.7**2 * Matern(length_scale=22.7, nu=1.5) + WhiteKernel(noise_level=0.00219)",59.34293061352034,22.70335110547354,0.002185784939328147,0.046752378969718185,2.889319363146598,1.6997998009020352,0.046752378969718185,0.010199403528047388,166.656785,False,1e-08,numerical jitter only; separate from WhiteKernel nugget,163,164,True,False,False,False,True,True,False,"[""P"",""VX"",""LS"",""ST""]",171.12862472392638,36.3575039037694,"[278.181539041638,0.6329862010650924,59.51657515098464,349.381130628043]","[101.35620291052994,0.2232185833526771,15.289833132706496,30.207474254249362]",BAED5767C1E1A48B7987FF0A9FAF7DD088EFB8C2935D7BDC479BDA920D776FD0,212.474685749,0.445530901525,80.1654967217,390.176194232,1906356527,fmin_l_bfgs_b,1,115.12003187939408,4.396130200009793,0,0,,completed_without_convergence_warning,False,False,,False,,False,,False
week7_phase3_new_data_replication,Phase 3B,F7F71204D643D1027D0FF4736F24213619BF6A09C2361C3C11F169797AC98A9C,057420703C13861B9A1B6C9026185A13E0CD582407A149A1D31E053E42FB70D2,width,T0 melt-pool width,T0,matern32_learned_nugget,Matérn 3/2 + learned nugget,Matern,1.5,True,52,P-212p944274192_VX-0p351323873231_LS-4p80439392259e-05_ST-351p894554175_M-TI64_XI-0p0002_XF-0p0014_XL-0p0012_TE-0p0021_DT-1p37312632889e-05_H-7c2e16b959,53,182.997545,184.2157023243166,-1.2181573243165928,1.2181573243165928,1.4839072667861608,2.7485068149863587,7.554289712026458,3.2141538942144376,10.330785255693835,3.2141538942144376,total predictive variance including learned WhiteKernel nugget,2.028212521602667,2.158322356233109,2.158322356233109,178.82862896694334,189.60277568168985,177.9159606916563,190.5154439569769,True,True,"7.54**2 * Matern(length_scale=22.3, nu=1.5) + WhiteKernel(noise_level=0.00208)",56.84894081802717,22.280141877654255,0.002080026314125549,0.045607305490738534,2.7764955436673766,1.6662819520319414,0.045607305490738534,0.009998284510480274,166.656785,False,1e-08,numerical jitter only; separate from WhiteKernel nugget,163,164,True,False,False,False,True,True,False,"[""P"",""VX"",""LS"",""ST""]",171.34762874233127,36.535417606951434,"[278.1786581309448,0.6335641582938899,59.71363992089753,349.61598731550924]","[101.35806380575278,0.22260968531382566,15.347588909072323,30.37445688385109]",A54383B976726EB5036C164B081B2B59F0378C77C1107B1B625AD41CFA579660,212.944274192,0.351323873231,48.0439392259,351.894554175,851817,fmin_l_bfgs_b,1,116.3668081376072,2.95581980003044,0,0,,completed_without_convergence_warning,False,False,,False,,False,,False
week7_phase3_new_data_replication,Phase 3B,F7F71204D643D1027D0FF4736F24213619BF6A09C2361C3C11F169797AC98A9C,057420703C13861B9A1B6C9026185A13E0CD582407A149A1D31E053E42FB70D2,width,T0 melt-pool width,T0,matern32_learned_nugget,Matérn 3/2 + learned nugget,Matern,1.5,True,53,P-213p315910834_VX-0p426447159191_LS-8p60684535809e-05_ST-346p722503996_M-TI64_XI-0p0002_XF-0p0014_XL-0p0012_TE-0p0021_DT-1p13123525366e-05_H-6aeda8a35c,54,231.1905,226.14839917751033,5.042100822489658,5.042100822489658,25.422780704150888,2.88050561200859,8.297312580812982,3.3266528667458903,11.06661929582865,3.3266528667458903,total predictive variance including learned WhiteKernel nugget,3.508893220862067,3.269529713390166,3.269529713390166,220.50260817797349,231.79419017704717,219.6281595586884,232.66863879633226,True,True,"7.77**2 * Matern(length_scale=22.8, nu=1.5) + WhiteKernel(noise_level=0.00211)",60.39478972882669,22.774656803590986,0.002108162497869669,0.045914730728489186,2.7693067150156683,1.6641234073877058,0.045914730728489186,0.009985332474688658,166.656785,False,1e-08,numerical jitter only; separate from WhiteKernel nugget,163,164,True,False,False,False,True,True,False,"[""P"",""VX"",""LS"",""ST""]",171.05196644171778,36.243780176525135,"[278.17637815154603,0.6331032792389206,59.48036069172575,349.6477176847056]","[101.3595269919498,0.22311520366995582,15.233789229549556,30.374119125437993]",7C837F843AA5EEA0A8D53E9FB6CA80DEBCC0B64E8E33E27D3A862116AEFBEC9C,213.315910834,0.426447159191,86.0684535809,346.722503996,1483143347,fmin_l_bfgs_b,1,116.0041679559466,3.043707799981348,0,0,,completed_without_convergence_warning,False,False,,False,,False,,False
week7_phase3_new_data_replication,Phase 3B,F7F71204D643D1027D0FF4736F24213619BF6A09C2361C3C11F169797AC98A9C,057420703C13861B9A1B6C9026185A13E0CD582407A149A1D31E053E42FB70D2,width,T0 melt-pool width,T0,matern32_learned_nugget,Matérn 3/2 + learned nugget,Matern,1.5,True,54,P-217p682945702_VX-0p631899079757_LS-7p17459883069e-05_ST-324p134516573_M-TI64_XI-0p0002_XF-0p0014_XL-0p0012_TE-0p0021_DT-7p63432129838e-06_H-7c2e16b959,55,180.14202,180.07735511445887,0.06466488554113425,0.06466488554113425,0.004181547422047994,1.9306477611356405,3.7274007775780613,2.577383649026702,6.642906474270197,2.577383649026702,total predictive variance including learned WhiteKernel nugget,1.577355027360505,1.8660280658682205,1.8660280658682205,176.293285502633,183.86142472628472,175.02568316236653,185.1290270665512,True,True,"7.7**2 * Matern(length_scale=22.8, nu=1.5) + WhiteKernel(noise_level=0.00218)",59.21949156489965,22.761273206174785,0.002183581122746319,0.046728803994392144,2.9155056966921364,1.7074851966245963,0.046728803994392144,0.010245518636547537,166.656785,False,1e-08,numerical jitter only; separate from WhiteKernel nugget,163,164,True,False,False,False,True,True,False,"[""P"",""VX"",""LS"",""ST""]",171.3651473006135,36.540314552658124,"[278.14958652658896,0.6318428380084543,59.568228576842316,349.78629429466264]","[101.37608903932967,0.22369801320866417,15.345181907515205,30.308860256596216]",CA73553BCF0E19ECF17737C65FBE1E54FE8020A8E9055D67591FAD3DEF8BB6D3,217.682945702,0.631899079757,71.74598830689999,324.134516573,4163029399,fmin_l_bfgs_b,1,115.87802044128776,2.2467999999644235,0,0,,completed_without_convergence_warning,False,False,,False,,False,,False
week7_phase3_new_data_replication,Phase 3B,F7F71204D643D1027D0FF4736F24213619BF6A09C2361C3C11F169797AC98A9C,057420703C13861B9A1B6C9026185A13E0CD582407A149A1D31E053E42FB70D2,width,T0 melt-pool width,T0,matern32_learned_nugget,Matérn 3/2 + learned nugget,Matern,1.5,True,55,P-222p079289377_VX-0p741891960581_LS-8p7279944479e-05_ST-335p366959171_M-TI64_XI-0p0002_XF-0p0014_XL-0p0012_TE-0p0021_DT-6p50245704137e-06_H-0f2c16c7e5,56,187.36341,187.17419961271295,0.18921038728703365,0.18921038728703365,0.035800570657309266,1.5281705557575778,2.335305247484424,2.3018191942842985,5.298371603175617,2.3018191942842985,total predictive variance including learned WhiteKernel nugget,1.3506749110355303,1.7560167478741957,1.7560167478741957,184.1789853234281,190.1694139019978,182.66263399191573,191.68576523351018,True,True,"7.76**2 * Matern(length_scale=23, nu=1.5) + WhiteKernel(noise_level=0.00222)",60.20684640457522,22.993008540229642,0.0022210309830378106,0.04712781538579749,2.963066355691194,1.7213559642593375,0.04712781538579749,0.01032874817703544,166.656785,False,1e-08,numerical jitter only; separate from WhiteKernel nugget,163,164,True,False,False,False,True,True,False,"[""P"",""VX"",""LS"",""ST""]",171.32084429447852,36.52526539089457,"[278.12261509300004,0.6311680350586139,59.4729282322282,349.7173836038774]","[101.39158677984628,0.22353086214177553,15.220513948116945,30.35430100393152]",3BFB2BD9F7A5D67E4798E19944B23D22F6CB54D9A425086B7D7E66F4F7D6C4CC,222.079289377,0.741891960581,87.27994447900001,335.366959171,1405235346,fmin_l_bfgs_b,1,115.66033526178668,3.5177225999650545,0,0,,completed_without_convergence_warning,False,False,,False,,False,,False
week7_phase3_new_data_replication,Phase 3B,F7F71204D643D1027D0FF4736F24213619BF6A09C2361C3C11F169797AC98A9C,057420703C13861B9A1B6C9026185A13E0CD582407A149A1D31E053E42FB70D2,width,T0 melt-pool width,T0,matern32_learned_nugget,Matérn 3/2 + learned nugget,Matern,1.5,True,56,P-225p007853492_VX-0p825221323097_LS-8p70957490335e-05_ST-338p940755161_M-TI64_XI-0p0002_XF-0p0014_XL-0p0012_TE-0p0021_DT-5p84585064393e-06_H-c2c7cd9590,57,179.33855,184.38462136389305,-5.0460713638930486,5.0460713638930486,25.46283620950145,1.8652061249610696,3.4789938885922895,2.3582418594337544,5.5613046675855715,2.3582418594337544,total predictive variance including learned WhiteKernel nugget,5.20182159175549,4.066141113325618,4.066141113325618,180.72881735896934,188.04042536881676,179.7624673194029,189.0067754083832,False,False,"6.78**2 * Matern(length_scale=20, nu=1.5) + WhiteKernel(noise_level=0.00156)",46.00069089283049,19.950574379179535,0.0015594596301139168,0.039489994050568265,2.082310778993282,1.4430214062838023,0.039489994050568265,0.008658641808575644,166.656785,False,1e-08,numerical jitter only; separate from WhiteKernel nugget,163,164,True,False,False,False,True,True,False,"[""P"",""VX"",""LS"",""ST""]",171.37007656441716,36.54144400315596,"[278.10464844198776,0.6306568119756936,59.474058265636174,349.69545847510443]","[101.40125616674845,0.22318148631569906,15.222571436374007,30.36336645689991]",07235A5DFFF1DA19CDE13F994749A6333292A182C20E429411937D3DF60BB5D9,225.007853492,0.825221323097,87.0957490335,338.940755161,2310847915,fmin_l_bfgs_b,1,117.8390227853952,4.59682239999529,0,0,,completed_without_convergence_warning,False,False,,False,,False,,False
week7_phase3_new_data_replication,Phase 3B,F7F71204D643D1027D0FF4736F24213619BF6A09C2361C3C11F169797AC98A9C,057420703C13861B9A1B6C9026185A13E0CD582407A149A1D31E053E42FB70D2,width,T0 melt-pool width,T0,matern32_learned_nugget,Matérn 3/2 + learned nugget,Matern,1.5,True,57,P-227p095146149_VX-0p485569900572_LS-4p61845747353e-05_ST-309p475761642_M-TI64_XI-0p0002_XF-0p0014_XL-0p0012_TE-0p0021_DT-9p93496630935e-06_H-c5f6eebf67,58,159.19671,157.81757745364774,1.3791325463522526,1.3791325463522526,1.9020065804080482,2.7567142291893156,7.599473341414843,3.2278334149528103,10.41890855468592,3.2278334149528103,total predictive variance including learned WhiteKernel nugget,2.0581186908248275,2.1820263471886947,2.1820263471886947,152.4144175644367,163.2207373428588,151.49102396034024,164.14413094695524,True,True,"7.59**2 * Matern(length_scale=22.4, nu=1.5) + WhiteKernel(noise_level=0.00211)",57.53271425625187,22.413581853160174,0.002112344300654362,0.04596024696032825,2.8194352132710776,1.6791173911525894,0.04596024696032825,0.010075301711554014,166.656785,False,1e-08,numerical jitter only; separate from WhiteKernel nugget,163,164,True,False,False,False,True,True,False,"[""P"",""VX"",""LS"",""ST""]",171.4936461349693,36.53412464476011,"[278.09184296556447,0.6327405630341292,59.72504706501164,349.8762253065093]","[101.40782868669055,0.22340262490935828,15.33821727727982,30.210707789644406]",C0B6AE587BCA6F870B54B13A7B902A71A1BF6219ECCBD2A05BF4836BCBE7F412,227.095146149,0.485569900572,46.1845747353,309.475761642,2581836047,fmin_l_bfgs_b,1,116.12632598710812,2.1032975999987684,0,0,,completed_without_convergence_warning,False,False,,False,,False,,False
week7_phase3_new_data_replication,Phase 3B,F7F71204D643D1027D0FF4736F24213619BF6A09C2361C3C11F169797AC98A9C,057420703C13861B9A1B6C9026185A13E0CD582407A149A1D31E053E42FB70D2,width,T0 melt-pool width,T0,matern32_learned_nugget,Matérn 3/2 + learned nugget,Matern,1.5,True,58,P-230p324353521_VX-0p227660683076_LS-8p68191306555e-05_ST-386p564919231_M-TI64_XI-0p0002_XF-0p0014_XL-0p0012_TE-0p0021_DT-2p11899592755e-05_H-0602c4a780,59,270.3758,269.5147423238836,0.8610576761164452,0.8610576761164452,0.7414203215990531,5.607629578228422,31.445509486622267,5.850619675608126,34.22975058861293,5.850619675608126,total predictive variance including learned WhiteKernel nugget,2.654855598142923,2.6963161736092656,2.6963161736092656,258.5237883505559,280.5056962972113,258.04752775969166,280.9819568880755,True,True,"7.65**2 * Matern(length_scale=22.2, nu=1.5) + WhiteKernel(noise_level=0.00218)",58.55248114702561,22.246769767944595,0.0021833435616744456,0.046726262012646014,2.784241101990669,1.6686045373277243,0.046726262012646014,0.010012220848540455,166.656785,False,1e-08,numerical jitter only; separate from WhiteKernel nugget,163,164,True,False,False,False,True,True,False,"[""P"",""VX"",""LS"",""ST""]",170.81156582822086,35.71020803838605,"[278.07203187739265,0.6343228281721414,59.47575531089998,349.40328568939884]","[101.41747360525306,0.2214326590020193,15.225634940475578,30.23604862129797]",2CCEFEBD55928361CAB258444CA1DE8FD1633CFC71D8F9A58C5A249CCA1993DF,230.324353521,0.227660683076,86.8191306555,386.564919231,695945837,fmin_l_bfgs_b,1,113.14688536333787,2.9854348999797367,0,0,,completed_without_convergence_warning,False,False,,False,,False,,False
week7_phase3_new_data_replication,Phase 3B,F7F71204D643D1027D0FF4736F24213619BF6A09C2361C3C11F169797AC98A9C,057420703C13861B9A1B6C9026185A13E0CD582407A149A1D31E053E42FB70D2,width,T0 melt-pool width,T0,matern32_learned_nugget,Matérn 3/2 + learned nugget,Matern,1.5,True,59,P-231p081894821_VX-0p850370876493_LS-5p5190986405e-05_ST-302p777484886_M-TI64_XI-0p0002_XF-0p0014_XL-0p0012_TE-0p0021_DT-5p67296074733e-06_H-179e4a5e71,60,143.04066500000002,140.2266492375507,2.8140157624493156,2.8140157624493156,7.918684711313203,1.9506821718586227,3.805160935607073,2.579442929255491,6.653525825286148,2.579442929255491,total predictive variance including learned WhiteKernel nugget,2.6276367036833426,2.4615863098668123,2.4615863098668123,136.40331218070781,144.0499862943936,135.17094109620993,145.28235737889148,True,True,"7.69**2 * Matern(length_scale=22.7, nu=1.5) + WhiteKernel(noise_level=0.00214)",59.113295059117014,22.739580217920775,0.0021405117150565867,0.04626566453706881,2.848364889679075,1.6877099542513443,0.04626566453706881,0.010126860147046184,166.656785,False,1e-08,numerical jitter only; separate from WhiteKernel nugget,163,164,True,False,False,False,True,True,False,"[""P"",""VX"",""LS"",""ST""]",171.59276297546012,36.47867097854227,"[278.06738438475463,0.6305025202370678,59.66979300568833,349.9173190289387]","[101.41964417297412,0.2230381856688071,15.370639139347098,30.151111230795298]",3D3FBDC0BB4D7DFAFB974F275D1202FBCB75140C6D7E146195DBC5D81A2E2525,231.081894821,0.850370876493,55.190986405,302.777484886,3650008740,fmin_l_bfgs_b,1,116.19043579426253,2.554226499982178,0,0,,completed_without_convergence_warning,False,False,,False,,False,,False
week7_phase3_new_data_replication,Phase 3B,F7F71204D643D1027D0FF4736F24213619BF6A09C2361C3C11F169797AC98A9C,057420703C13861B9A1B6C9026185A13E0CD582407A149A1D31E053E42FB70D2,width,T0 melt-pool width,T0,matern32_learned_nugget,Matérn 3/2 + learned nugget,Matern,1.5,True,60,P-233p106311211_VX-0p310101846937_LS-6p6327379673e-05_ST-336p786172861_M-TI64_XI-0p0002_XF-0p0014_XL-0p0012_TE-0p0021_DT-1p55565684328e-05_H-add9572a86,61,230.9656,230.97372036014872,-0.008120360148723194,0.008120360148723194,6.594024894497177e-05,2.38951948636946,5.709803375739369,2.9285704588286556,8.576524932323883,2.9285704588286556,total predictive variance including learned WhiteKernel nugget,1.7900366015074225,1.9934567833908263,1.9934567833908263,226.29026216686458,235.65717855343286,225.23372226084456,236.71371845945288,True,True,"7.69**2 * Matern(length_scale=22.6, nu=1.5) + WhiteKernel(noise_level=0.00218)",59.1963889457267,22.614880401520992,0.002182045376261247,0.04671236855760203,2.8667215565845123,1.6931395561454796,0.04671236855760203,0.0101594396900521,166.656785,False,1e-08,numerical jitter only; separate from WhiteKernel nugget,163,164,True,False,False,False,True,True,False,"[""P"",""VX"",""LS"",""ST""]",171.053346196319,36.246065194866596,"[278.05496465230067,0.6338170541607243,59.6014715745963,349.70867677142337]","[101.42527309123793,0.22226522075222566,15.365644222156646,30.358212237463736]",286C91393211E361873BE30372B5356CDF6BE5C1E154275A6A050626E638AE0D,233.106311211,0.310101846937,66.32737967300001,336.786172861,2965296683,fmin_l_bfgs_b,1,114.95801241719502,4.294568100012839,0,0,,completed_without_convergence_warning,False,False,,False,,False,,False
week7_phase3_new_data_replication,Phase 3B,F7F71204D643D1027D0FF4736F24213619BF6A09C2361C3C11F169797AC98A9C,057420703C13861B9A1B6C9026185A13E0CD582407A149A1D31E053E42FB70D2,width,T0 melt-pool width,T0,matern32_learned_nugget,Matérn 3/2 + learned nugget,Matern,1.5,True,61,P-233p11801175_VX-0p947725383123_LS-6p63357513021e-05_ST-310p062780041_M-TI64_XI-0p0002_XF-0p0014_XL-0p0012_TE-0p0021_DT-5p09020934642e-06_H-1d842653b1,62,142.84454,151.11234008189348,-8.267800081893483,8.267800081893483,68.35651819415789,2.938075969156642,8.63229040053574,3.3802095492103144,11.425816596572597,3.3802095492103144,total predictive variance including learned WhiteKernel nugget,5.956043479613068,5.128194959376751,5.128194959376751,145.35371118234647,156.87096898144048,144.48712936544126,157.7375507983457,False,False,"8.07**2 * Matern(length_scale=23.8, nu=1.5) + WhiteKernel(noise_level=0.0021)",65.18082776824502,23.837893918952314,0.002099409876408071,0.045819317720892254,2.7935261960368543,1.6713845147173207,0.045819317720892254,0.010028901701885829,166.656785,False,1e-08,numerical jitter only; separate from WhiteKernel nugget,163,164,True,False,False,False,True,True,False,"[""P"",""VX"",""LS"",""ST""]",171.593966196319,36.47772594298625,"[278.0548928698528,0.6299052533252273,59.601420214908565,349.8726239666381]","[101.42530489890524,0.22231709049201728,15.365621726705838,30.215488242457443]",16CA85AD82DD52D1422F20DBF238E6A0BC0F9C6453127A0E3B783A79062EB8E5,233.11801175,0.947725383123,66.3357513021,310.062780041,4233866609,fmin_l_bfgs_b,1,118.96673417869201,2.590760599996429,0,0,,completed_without_convergence_warning,False,False,,False,,False,,False
week7_phase3_new_data_replication,Phase 3B,F7F71204D643D1027D0FF4736F24213619BF6A09C2361C3C11F169797AC98A9C,057420703C13861B9A1B6C9026185A13E0CD582407A149A1D31E053E42FB70D2,width,T0 melt-pool width,T0,matern32_learned_nugget,Matérn 3/2 + learned nugget,Matern,1.5,True,62,P-233p918914285_VX-0p55009860706_LS-6p76633993968e-05_ST-363p156889773_M-TI64_XI-0p0002_XF-0p0014_XL-0p0012_TE-0p0021_DT-8p76955611431e-06_H-9f078c62f6,63,188.91404,190.47141122307488,-1.557371223074881,1.557371223074881,2.425405126461751,1.9488480527088226,3.7980087325469696,2.5801883594875945,6.6573719704352845,2.5801883594875945,total predictive variance including learned WhiteKernel nugget,1.9054765611482267,2.0489602888874274,2.0489602888874274,186.65166903976558,194.29115340638418,185.4142420384792,195.52858040767057,True,True,"7.63**2 * Matern(length_scale=22.5, nu=1.5) + WhiteKernel(noise_level=0.00214)",58.15256756619027,22.543064365168664,0.0021438123836453366,0.04630132161877603,2.859363237888314,1.6909651793837488,0.04630132161877603,0.010146392655923061,166.656785,False,1e-08,numerical jitter only; separate from WhiteKernel nugget,163,164,True,False,False,False,True,True,False,"[""P"",""VX"",""LS"",""ST""]",171.31133122699387,36.52088364358981,"[278.0499793573681,0.6323446813992334,59.59327513457299,349.54689323208595]","[101.42746230829937,0.22360580200260644,15.361697418256522,30.356380305692973]",B30A0734D040D7E3BC0CB81DC9E16C521C59B4D009E269537E1A260D00476024,233.918914285,0.55009860706,67.66339939679999,363.156889773,179270929,fmin_l_bfgs_b,1,116.04040309282775,3.0223429999896325,0,0,,completed_without_convergence_warning,False,False,,False,,False,,False
week7_phase3_new_data_replication,Phase 3B,F7F71204D643D1027D0FF4736F24213619BF6A09C2361C3C11F169797AC98A9C,057420703C13861B9A1B6C9026185A13E0CD582407A149A1D31E053E42FB70D2,width,T0 melt-pool width,T0,matern32_learned_nugget,Matérn 3/2 + learned nugget,Matern,1.5,True,63,P-236p369825033_VX-0p606859942193_LS-6p45901770765e-05_ST-328p218563755_M-TI64_XI-0p0002_XF-0p0014_XL-0p0012_TE-0p0021_DT-7p94931460723e-06_H-0e4c2fc094,64,175.66239000000002,176.71044263145941,-1.0480526314593988,1.0480526314593988,1.0984143183089703,1.6388434298383212,2.6858077875242325,2.3677967810961738,5.606461596569401,2.3677967810961738,total predictive variance including learned WhiteKernel nugget,1.6174142088479717,1.8788581033304457,1.8788581033304457,173.49830950897632,179.9225757539425,172.0695609405109,181.35132432240792,True,True,"7.71**2 * Matern(length_scale=22.8, nu=1.5) + WhiteKernel(noise_level=0.00219)",59.44467365292995,22.80728395951967,0.0021868495688560302,0.04676376341630376,2.9206538090451706,1.7089920447577192,0.04676376341630376,0.010254560261424213,166.656785,False,1e-08,numerical jitter only; separate from WhiteKernel nugget,163,164,True,False,False,False,True,True,False,"[""P"",""VX"",""LS"",""ST""]",171.3926296932515,36.54522048501115,"[278.03494309511046,0.6319964523493378,59.612129259237406,349.7612387904786]","[101.43382159916784,0.2236894016814455,15.369702646215982,30.328361163478604]",39A7157FE98C48F0E9F82049FA9A5BBF099A6EE57A431D806B83D36F40CA4AF8,236.369825033,0.606859942193,64.5901770765,328.218563755,1075410294,fmin_l_bfgs_b,1,115.9471452046611,4.95065600000089,0,0,,completed_without_convergence_warning,False,False,,False,,False,,False
week7_phase3_new_data_replication,Phase 3B,F7F71204D643D1027D0FF4736F24213619BF6A09C2361C3C11F169797AC98A9C,057420703C13861B9A1B6C9026185A13E0CD582407A149A1D31E053E42FB70D2,width,T0 melt-pool width,T0,matern32_learned_nugget,Matérn 3/2 + learned nugget,Matern,1.5,True,64,P-238p364831187_VX-0p683428278389_LS-5p30391716287e-05_ST-377p396343519_M-TI64_XI-0p0002_XF-0p0014_XL-0p0012_TE-0p0021_DT-7p05870792234e-06_H-1d842653b1,65,151.25227,152.3534768707845,-1.1012068707844946,1.1012068707844946,1.2126565722629787,2.0306948738333346,4.123721670612983,2.6490014683868317,7.017208779515591,2.6490014683868317,total predictive variance including learned WhiteKernel nugget,1.7743508111151591,1.9795272043742398,1.9795272043742398,148.37331491807117,156.33363882349784,147.1614339927463,157.5455197488227,True,True,"7.68**2 * Matern(length_scale=22.7, nu=1.5) + WhiteKernel(noise_level=0.00217)",58.99248580002693,22.691472488348904,0.002170407240592123,0.046587629694932145,2.8934871089026073,1.7010253110705342,0.046587629694932145,0.01020675702504722,166.656785,False,1e-08,numerical jitter only; separate from WhiteKernel nugget,163,164,True,False,False,False,True,True,False,"[""P"",""VX"",""LS"",""ST""]",171.54238503067484,36.51238155298495,"[278.0227037935522,0.6315267079554973,59.682994323334334,349.45953462014734]","[101.43872781545629,0.2236612968029718,15.365861973532184,30.296540297700016]",0CA2D55518DD985A1BE81FA4E7077A300FBAAD6733E80CFED257350B638389FF,238.364831187,0.683428278389,53.0391716287,377.396343519,1676785833,fmin_l_bfgs_b,1,115.8777817535358,1.9040086000459269,0,0,,completed_without_convergence_warning,False,False,,False,,False,,False
week7_phase3_new_data_replication,Phase 3B,F7F71204D643D1027D0FF4736F24213619BF6A09C2361C3C11F169797AC98A9C,057420703C13861B9A1B6C9026185A13E0CD582407A149A1D31E053E42FB70D2,width,T0 melt-pool width,T0,matern32_learned_nugget,Matérn 3/2 + learned nugget,Matern,1.5,True,65,P-240p986949999_VX-0p621810109213_LS-6p5255993688e-05_ST-389p31118835_M-TI64_XI-0p0002_XF-0p0014_XL-0p0012_TE-0p0021_DT-7p75818940789e-06_H-377b770359,66,179.85728,179.29722781745352,0.5600521825464853,0.5600521825464853,0.3136584471750816,1.820209029963873,3.313160912762023,2.4980001343102436,6.240004671013995,2.4980001343102436,total predictive variance including learned WhiteKernel nugget,1.5652251062347038,1.8595618682571482,1.8595618682571482,175.72961811872432,182.86483751618272,174.40114755420544,184.1933080807016,True,True,"7.73**2 * Matern(length_scale=22.8, nu=1.5) + WhiteKernel(noise_level=0.00219)",59.71796549470082,22.84707535353562,0.0021920232945345725,0.04681904841551751,2.926843758251973,1.7108020803856807,0.04681904841551751,0.010265421119132237,166.656785,False,1e-08,numerical jitter only; separate from WhiteKernel nugget,163,164,True,False,False,False,True,True,False,"[""P"",""VX"",""LS"",""ST""]",171.36689417177914,36.540727295488125,"[278.00661717507364,0.6319047335332642,59.60804449474968,349.38643741259517]","[101.44480757114471,0.2236966244326145,15.368290560041585,30.214563764615203]",17014FC46D22669071AC720E6FE8ABA94B85A52EAAE49FAEAD7E75B5698273DC,240.986949999,0.621810109213,65.255993688,389.31118835,2879328912,fmin_l_bfgs_b,1,115.81230540405065,3.535894799977541,0,0,,completed_without_convergence_warning,False,False,,False,,False,,False
week7_phase3_new_data_replication,Phase 3B,F7F71204D643D1027D0FF4736F24213619BF6A09C2361C3C11F169797AC98A9C,057420703C13861B9A1B6C9026185A13E0CD582407A149A1D31E053E42FB70D2,width,T0 melt-pool width,T0,matern32_learned_nugget,Matérn 3/2 + learned nugget,Matern,1.5,True,66,P-241p526098173_VX-0p390351171714_LS-7p60309896784e-05_ST-322p459160533_M-TI64_XI-0p0002_XF-0p0014_XL-0p0012_TE-0p0021_DT-1p23584119956e-05_H-0e4c2fc094,67,231.7379,232.42410111151784,-0.6862011115178461,0.6862011115178461,0.4708719654483275,2.170149242790503,4.709547735984194,2.754865153950143,7.589282016448745,2.754865153950143,total predictive variance including learned WhiteKernel nugget,1.7437256823533234,1.963329196810197,1.963329196810197,228.17060859564845,236.67759362738724,227.02456540977556,237.82363681326012,True,True,"7.7**2 * Matern(length_scale=22.6, nu=1.5) + WhiteKernel(noise_level=0.00219)",59.34839957299444,22.63713966912441,0.0021929039759454073,0.04682845263240509,2.8797342804645503,1.6969779846729156,0.04682845263240509,0.010182471626780244,166.656785,False,1e-08,numerical jitter only; separate from WhiteKernel nugget,163,164,True,False,False,False,True,True,False,"[""P"",""VX"",""LS"",""ST""]",171.0486081595092,36.23818190179989,"[278.00330951756445,0.6333247270148531,59.54194022486992,349.7965725525768]","[101.44600576488321,0.22289195727321934,15.320607187869173,30.299874149822084]",A823A64544DD1839CEB5E8FF966345B5D7805447E58FCAFB9B8939075C601F07,241.526098173,0.390351171714,76.0309896784,322.459160533,1906908008,fmin_l_bfgs_b,1,114.71550506601764,4.558565100014675,0,0,,completed_without_convergence_warning,False,False,,False,,False,,False
week7_phase3_new_data_replication,Phase 3B,F7F71204D643D1027D0FF4736F24213619BF6A09C2361C3C11F169797AC98A9C,057420703C13861B9A1B6C9026185A13E0CD582407A149A1D31E053E42FB70D2,width,T0 melt-pool width,T0,matern32_learned_nugget,Matérn 3/2 + learned nugget,Matern,1.5,True,67,P-242p307622127_VX-0p748861384084_LS-6p09484851001e-05_ST-306p16946129_M-TI64_XI-0p0002_XF-0p0014_XL-0p0012_TE-0p0021_DT-6p44194066558e-06_H-1d842653b1,68,159.32144499999998,158.47257879661566,0.8488662033843184,0.8488662033843184,0.720573831248107,1.6859789297307446,2.842524951496027,2.404395052168643,5.7811155668930505,2.404395052168643,total predictive variance including learned WhiteKernel nugget,1.5680337972005651,1.8585582156570992,1.8585582156570992,155.16806009434342,161.7770974988879,153.75996449436514,163.1851930988662,True,True,"7.77**2 * Matern(length_scale=23, nu=1.5) + WhiteKernel(noise_level=0.0022)",60.371303173725785,22.96577675899985,0.002201585633762685,0.04692105746637308,2.938590615397025,1.7142317857854068,0.04692105746637308,0.010286000571686335,166.656785,False,1e-08,numerical jitter only; separate from WhiteKernel nugget,163,164,True,False,False,False,True,True,False,"[""P"",""VX"",""LS"",""ST""]",171.49288088957056,36.53438090166543,"[277.99851489207975,0.6311252778592089,59.63447092780427,349.8965093577485]","[101.44771118502312,0.22350901104589047,15.37427509174567,30.18245216003286]",85C641D4D7C0B4841F58ED60EE4A12C33F825F9CD119AFE2DFF27793821C2DC3,242.307622127,0.748861384084,60.9484851001,306.16946129,2012763148,fmin_l_bfgs_b,1,115.78844251933677,2.949754400004167,0,0,,completed_without_convergence_warning,False,False,,False,,False,,False
week7_phase3_new_data_replication,Phase 3B,F7F71204D643D1027D0FF4736F24213619BF6A09C2361C3C11F169797AC98A9C,057420703C13861B9A1B6C9026185A13E0CD582407A149A1D31E053E42FB70D2,width,T0 melt-pool width,T0,matern32_learned_nugget,Matérn 3/2 + learned nugget,Matern,1.5,True,68,P-243p042265843_VX-0p642372627708_LS-5p19118052277e-05_ST-314p809567363_M-TI64_XI-0p0002_XF-0p0014_XL-0p0012_TE-0p0021_DT-7p50984770355e-06_H-ac0fcec187,69,151.98837500000002,151.67350787993882,0.3148671200611943,0.3148671200611943,0.09914130329563056,1.978852308455397,3.915856458679254,2.606762181446918,6.795209070621896,2.606762181446918,total predictive variance including learned WhiteKernel nugget,1.614114522902233,1.8843423822737293,1.8843423822737293,147.79495735536625,155.5520584045114,146.56425400430285,156.7827617555748,True,True,"7.66**2 * Matern(length_scale=22.6, nu=1.5) + WhiteKernel(noise_level=0.00216)",58.62758545471998,22.610296001195113,0.0021595135061600003,0.04647056601936327,2.879352611942642,1.6968655255920082,0.04647056601936327,0.010181796832286235,166.656785,False,1e-08,numerical jitter only; separate from WhiteKernel nugget,163,164,True,False,False,False,True,True,False,"[""P"",""VX"",""LS"",""ST""]",171.53786904907977,36.51484522234916,"[277.99400787541725,0.6317785831130495,59.689910681622685,349.8435025720246]","[101.44928039277552,0.22369648361221206,15.362615889468769,30.251533596772074]",51D16DD1DD49E54515CF9AF12E59FD4802BFC968992980107B01C230D7A59683,243.042265843,0.642372627708,51.9118052277,314.809567363,89765718,fmin_l_bfgs_b,1,115.7490882461532,3.3715176000259817,0,0,,completed_without_convergence_warning,False,False,,False,,False,,False
week7_phase3_new_data_replication,Phase 3B,F7F71204D643D1027D0FF4736F24213619BF6A09C2361C3C11F169797AC98A9C,057420703C13861B9A1B6C9026185A13E0CD582407A149A1D31E053E42FB70D2,width,T0 melt-pool width,T0,matern32_learned_nugget,Matérn 3/2 + learned nugget,Matern,1.5,True,69,P-250p363893775_VX-0p962117015407_LS-8p16921850603e-05_ST-395p976068127_M-TI64_XI-0p0002_XF-0p0014_XL-0p0012_TE-0p0021_DT-5p01406848207e-06_H-0f2c16c7e5,70,166.76392,165.32000007186764,1.4439199281323738,1.4439199281323738,2.0849047588577996,5.105922955757994,26.07044923013645,5.371622844932283,28.85433198819839,5.371622844932283,total predictive variance including learned WhiteKernel nugget,2.589325739799398,2.6361967083436086,2.6361967083436086,155.31239107858198,175.3276090651533,154.79161929580036,175.84838084793492,True,True,"7.55**2 * Matern(length_scale=22.3, nu=1.5) + WhiteKernel(noise_level=0.00208)",56.95558999188489,22.348358236849656,0.0020844770104355608,0.04565607309477635,2.7838827580619436,1.6684971555450563,0.04565607309477635,0.010011576519642186,166.656785,False,1e-08,numerical jitter only; separate from WhiteKernel nugget,163,164,True,False,False,False,True,True,False,"[""P"",""VX"",""LS"",""ST""]",171.44722153374232,36.54491160642447,"[277.9490899126442,0.629816961102626,59.50720896485825,349.34554857960745]","[101.46312396172634,0.2221879568492034,15.276707988567102,30.155940036532385]",A8991C0CC2DC4489922586E2524B70713B60B7D6F46F112647FAB1D38FC5DF52,250.363893775,0.962117015407,81.6921850603,395.976068127,1931919750,fmin_l_bfgs_b,1,116.71398753586172,2.463684700021986,0,0,,completed_without_convergence_warning,False,False,,False,,False,,False
week7_phase3_new_data_replication,Phase 3B,F7F71204D643D1027D0FF4736F24213619BF6A09C2361C3C11F169797AC98A9C,057420703C13861B9A1B6C9026185A13E0CD582407A149A1D31E053E42FB70D2,width,T0 melt-pool width,T0,matern32_learned_nugget,Matérn 3/2 + learned nugget,Matern,1.5,True,70,P-250p760727959_VX-0p576945875618_LS-7p55521762294e-05_ST-375p926323236_M-TI64_XI-0p0002_XF-0p0014_XL-0p0012_TE-0p0021_DT-8p36147861851e-06_H-a88ac79600,71,199.92143,200.356450704556,-0.43502070455602393,0.43502070455602393,0.18924301339241945,1.7788481734023907,3.1643008240170216,2.470458432617151,6.103164867289189,2.470458432617151,total predictive variance including learned WhiteKernel nugget,1.5248074108974023,1.838845945497554,1.838845945497554,196.8699082846873,203.8429931244247,195.5143521766264,205.19854923248562,True,True,"7.75**2 * Matern(length_scale=22.9, nu=1.5) + WhiteKernel(noise_level=0.00221)",59.99023377481291,22.877824603908806,0.0022085934381187895,0.046995674674578186,2.9388640432721673,1.7143115362360972,0.046995674674578186,0.010286479102762586,166.656785,False,1e-08,numerical jitter only; separate from WhiteKernel nugget,163,164,True,False,False,False,True,True,False,"[""P"",""VX"",""LS"",""ST""]",171.24380122699387,36.478070548127185,"[277.94665534709816,0.6321799742301659,59.54487773069201,349.4685531494909]","[101.46378106478635,0.22365642995299406,15.323722224586781,30.304635175445867]",C716E03E180A7FC59577F48054D5C30B2804C9CA3D9DF89BA05FEFBAB21F792E,250.760727959,0.576945875618,75.55217622939999,375.926323236,1759288957,fmin_l_bfgs_b,1,115.55487746575929,4.657666500017513,0,0,,completed_without_convergence_warning,False,False,,False,,False,,False
week7_phase3_new_data_replication,Phase 3B,F7F71204D643D1027D0FF4736F24213619BF6A09C2361C3C11F169797AC98A9C,057420703C13861B9A1B6C9026185A13E0CD582407A149A1D31E053E42FB70D2,width,T0 melt-pool width,T0,matern32_learned_nugget,Matérn 3/2 + learned nugget,Matern,1.5,True,71,P-251p6022239_VX-0p703685008905_LS-6p09329521029e-05_ST-391p344263507_M-TI64_XI-0p0002_XF-0p0014_XL-0p0012_TE-0p0021_DT-6p85551140349e-06_H-0e4c2fc094,72,167.10562499999995,165.61449022451254,1.49113477548741,1.49113477548741,2.2234829186678886,2.1086313369705723,4.446326115254303,2.717291708380819,7.383674228435149,2.717291708380819,total predictive variance including learned WhiteKernel nugget,1.9150135838991047,2.069141734211818,2.069141734211818,161.48157280405022,169.74740764497486,160.28859847608612,170.94038197293895,True,True,"7.75**2 * Matern(length_scale=22.9, nu=1.5) + WhiteKernel(noise_level=0.0022)",60.02242770008298,22.92794514073899,0.0021993555152959167,0.046897286864976705,2.9373481131808457,1.713869339588303,0.046897286864976705,0.010283825765559456,166.656785,False,1e-08,numerical jitter only; separate from WhiteKernel nugget,163,164,True,False,False,False,True,True,False,"[""P"",""VX"",""LS"",""ST""]",171.44512518404906,36.545170395949604,"[277.9414927953129,0.6314024335351537,59.634566222265626,349.37396455887125]","[101.46514275632065,0.22362679350840653,15.374283187970983,30.197655513434512]",6D8BB9F1190CE9735D17822D5B736010CD7379F1F5B4FC4C3ACC482145F3FA67,251.6022239,0.703685008905,60.9329521029,391.344263507,3731761859,fmin_l_bfgs_b,1,116.04175161187365,3.9901215999852866,0,0,,completed_without_convergence_warning,False,False,,False,,False,,False
week7_phase3_new_data_replication,Phase 3B,F7F71204D643D1027D0FF4736F24213619BF6A09C2361C3C11F169797AC98A9C,057420703C13861B9A1B6C9026185A13E0CD582407A149A1D31E053E42FB70D2,width,T0 melt-pool width,T0,matern32_learned_nugget,Matérn 3/2 + learned nugget,Matern,1.5,True,72,P-252p710023356_VX-0p579349155213_LS-8p35702038612e-05_ST-362p250166341_M-TI64_XI-0p0002_XF-0p0014_XL-0p0012_TE-0p0021_DT-8p32679319476e-06_H-1d842653b1,73,207.4826,210.3664948377869,-2.8838948377868974,2.8838948377868974,8.316849435413916,2.0660309861020267,4.268484035533713,2.694358500867362,7.259567731196219,2.694358500867362,total predictive variance including learned WhiteKernel nugget,2.6187837319469054,2.482918556305496,2.482918556305496,206.3170741050269,214.41591557054687,205.08555217608685,215.64743749948693,True,True,"7.91**2 * Matern(length_scale=23.4, nu=1.5) + WhiteKernel(noise_level=0.00225)",62.61382502313857,23.385202849055684,0.0022529393020086653,0.04746513775402601,2.9910836956625064,1.7294749768824373,0.04746513775402601,0.010377465141202845,166.656785,False,1e-08,numerical jitter only; separate from WhiteKernel nugget,163,164,True,False,False,False,True,True,False,"[""P"",""VX"",""LS"",""ST""]",171.19741368098158,36.43674196933606,"[277.93469647963195,0.6321652301835708,59.49568737712268,349.55245595252774]","[101.46686966388705,0.22365999140685053,15.259253722433195,30.358790616277435]",04A6B49242574286DFDBF91CEFC3F5307158A9899743A7F4AC1BA83CABA607B9,252.710023356,0.579349155213,83.5702038612,362.250166341,228696432,fmin_l_bfgs_b,1,116.00074688645341,2.4974052000325173,0,0,,completed_without_convergence_warning,False,False,,False,,False,,False
week7_phase3_new_data_replication,Phase 3B,F7F71204D643D1027D0FF4736F24213619BF6A09C2361C3C11F169797AC98A9C,057420703C13861B9A1B6C9026185A13E0CD582407A149A1D31E053E42FB70D2,width,T0 melt-pool width,T0,matern32_learned_nugget,Matérn 3/2 + learned nugget,Matern,1.5,True,73,P-255p411547814_VX-0p885409904065_LS-6p83114026847e-05_ST-348p701073765_M-TI64_XI-0p0002_XF-0p0014_XL-0p0012_TE-0p0021_DT-5p44846017745e-06_H-89021150a8,74,159.13380999999998,162.27891243078946,-3.1451024307894784,3.1451024307894784,9.891669300157886,1.7522084315529691,3.070234387605316,2.41605820539599,5.837337251861292,2.41605820539599,total predictive variance including learned WhiteKernel nugget,3.090713556631914,2.648351714926818,2.648351714926818,158.84458390494564,165.71324095663329,157.54343834821333,167.0143865133656,True,True,"7.55**2 * Matern(length_scale=22.4, nu=1.5) + WhiteKernel(noise_level=0.00207)",56.97365449593424,22.377457985865213,0.0020731512485324334,0.045531870690017046,2.7671028642559747,1.6634611099319316,0.045531870690017046,0.009981358454334347,166.656785,False,1e-08,numerical jitter only; separate from WhiteKernel nugget,163,164,True,False,False,False,True,True,False,"[""P"",""VX"",""LS"",""ST""]",171.49403202453988,36.53399442462725,"[277.9181227099509,0.6302875568777303,59.589299654279124,349.6355792198651]","[101.47076784029727,0.22280917097185896,15.359524419765638,30.374890348961202]",D4DFF5E03A7A9D46F1B2FAE89906757FCE05632078FA2AC46122E8E8263203D5,255.411547814,0.885409904065,68.3114026847,348.701073765,434289516,fmin_l_bfgs_b,1,116.82800606002567,5.031666099966969,0,0,,completed_without_convergence_warning,False,False,,False,,False,,False
week7_phase3_new_data_replication,Phase 3B,F7F71204D643D1027D0FF4736F24213619BF6A09C2361C3C11F169797AC98A9C,057420703C13861B9A1B6C9026185A13E0CD582407A149A1D31E053E42FB70D2,width,T0 melt-pool width,T0,matern32_learned_nugget,Matérn 3/2 + learned nugget,Matern,1.5,True,74,P-255p66284442_VX-0p61175678634_LS-8p38548151022e-05_ST-392p782565278_M-TI64_XI-0p0002_XF-0p0014_XL-0p0012_TE-0p0021_DT-7p88568383831e-06_H-1d842653b1,75,206.59155,207.21576850843297,-0.6242185084329606,0.6242185084329606,0.3896487462702701,3.1113088625880523,9.680242838418959,3.541178330096874,12.539943965547687,3.541178330096874,total predictive variance including learned WhiteKernel nugget,2.0741080069336775,2.1989343698991357,2.1989343698991357,201.1176031377604,213.31393387910555,200.2750589814431,214.15647803542285,True,True,"7.66**2 * Matern(length_scale=22.6, nu=1.5) + WhiteKernel(noise_level=0.00215)",58.71759784408403,22.585656003953982,0.0021533440415155984,0.046404138193867996,2.859701127128726,1.6910650866033294,0.046404138193867996,0.010146992134783647,166.656785,False,1e-08,numerical jitter only; separate from WhiteKernel nugget,163,164,True,False,False,False,True,True,False,"[""P"",""VX"",""LS"",""ST""]",171.20288024539877,36.44211814770418,"[277.9165810129816,0.6319664103607058,59.49394129588954,349.3651406216258]","[101.4711078728131,0.223692446704511,15.25648229571896,30.1851775312561]",A0C4EC0BE72B55221AA51385885B27F40876739AEB5781997F6806A4774D10C9,255.66284442,0.61175678634,83.85481510219999,392.782565278,3733705758,fmin_l_bfgs_b,1,115.60120116643677,1.773268899996765,0,0,,completed_without_convergence_warning,False,False,,False,,False,,False
week7_phase3_new_data_replication,Phase 3B,F7F71204D643D1027D0FF4736F24213619BF6A09C2361C3C11F169797AC98A9C,057420703C13861B9A1B6C9026185A13E0CD582407A149A1D31E053E42FB70D2,width,T0 melt-pool width,T0,matern32_learned_nugget,Matérn 3/2 + learned nugget,Matern,1.5,True,75,P-256p84590034_VX-0p686841697171_LS-8p87652204691e-05_ST-323p817390946_M-TI64_XI-0p0002_XF-0p0014_XL-0p0012_TE-0p0021_DT-7p0236280396e-06_H-27614c4053,76,202.9532,205.91913526981145,-2.965935269811439,2.965935269811439,8.796772024711453,2.943473886727762,8.664038521848237,3.400516713216876,11.563513916867304,3.400516713216876,total predictive variance including learned WhiteKernel nugget,2.5061890361189514,2.523233525699813,2.523233525699813,200.14992645182502,211.68834408779787,199.25412251190636,212.58414802771654,True,True,"7.71**2 * Matern(length_scale=22.8, nu=1.5) + WhiteKernel(noise_level=0.00218)",59.413321623453896,22.81124629481275,0.002180833757810649,0.046699397831349486,2.899475395019066,1.7027846003000693,0.046699397831349486,0.01021731338631109,166.656785,False,1e-08,numerical jitter only; separate from WhiteKernel nugget,163,164,True,False,False,False,True,True,False,"[""P"",""VX"",""LS"",""ST""]",171.22520141104295,36.46266717291552,"[277.9093230012025,0.6315057667359758,59.463816109589544,349.7882398506565]","[101.4726570529627,0.2236562764680223,15.20340968048149,30.30720335734107]",11228F59CC0B33E528A159538C3CB3454CF09A29B136CC6243373D6E5E363087,256.84590034,0.686841697171,88.7652204691,323.817390946,2492169966,fmin_l_bfgs_b,1,116.0792513194622,3.1727832999895327,0,0,,completed_without_convergence_warning,False,False,,False,,False,,False
week7_phase3_new_data_replication,Phase 3B,F7F71204D643D1027D0FF4736F24213619BF6A09C2361C3C11F169797AC98A9C,057420703C13861B9A1B6C9026185A13E0CD582407A149A1D31E053E42FB70D2,width,T0 melt-pool width,T0,matern32_learned_nugget,Matérn 3/2 + learned nugget,Matern,1.5,True,76,P-258p098094226_VX-0p965907163653_LS-4p72561688305e-05_ST-378p378118453_M-TI64_XI-0p0002_XF-0p0014_XL-0p0012_TE-0p0021_DT-4p99439364832e-06_H-985b11a49e,77,126.67078,126.3666906752199,0.30408932478009376,0.30408932478009376,0.09247031744521335,3.5726817858709814,12.764055143094264,3.9471374603665916,15.579894131029226,3.9471374603665916,total predictive variance including learned WhiteKernel nugget,2.1958773413820922,2.2948967728249423,2.2948967728249423,119.36423437491277,133.36914697552703,118.63030125290138,134.10308009753842,True,True,"7.6**2 * Matern(length_scale=22.4, nu=1.5) + WhiteKernel(noise_level=0.00213)",57.729534574356094,22.40605933770544,0.0021278844844294627,0.046128998302905545,2.8158389879349617,1.6780461817050691,0.046128998302905545,0.010068874073774247,166.656785,False,1e-08,numerical jitter only; separate from WhiteKernel nugget,163,164,True,False,False,False,True,True,False,"[""P"",""VX"",""LS"",""ST""]",171.6931917177914,36.37725169504436,"[277.90164083012274,0.629793708659399,59.71847286810857,349.45351146104304]","[101.47420399509222,0.22215297864680172,15.3437888611943,30.29088755146266]",DFCAC44967DD0894B4DE0EEBD578C71EC134F92C5EDB177143180602706C9B1D,258.098094226,0.965907163653,47.2561688305,378.378118453,2335039546,fmin_l_bfgs_b,1,115.79136657893181,2.669718399993144,0,0,,completed_without_convergence_warning,False,False,,False,,False,,False
week7_phase3_new_data_replication,Phase 3B,F7F71204D643D1027D0FF4736F24213619BF6A09C2361C3C11F169797AC98A9C,057420703C13861B9A1B6C9026185A13E0CD582407A149A1D31E053E42FB70D2,width,T0 melt-pool width,T0,matern32_learned_nugget,Matérn 3/2 + learned nugget,Matern,1.5,True,77,P-260p125654688_VX-0p378472963537_LS-6p21275317791e-05_ST-359p026868384_M-TI64_XI-0p0002_XF-0p0014_XL-0p0012_TE-0p0021_DT-1p27462753427e-05_H-0602c4a780,78,215.3306,216.76423835001594,-1.43363835001594,1.43363835001594,2.0553189186364267,2.1715735780017056,4.71573180467513,2.742025287227794,7.518702675796666,2.742025287227794,total predictive variance including learned WhiteKernel nugget,1.9123121126203544,2.0643157591108183,2.0643157591108183,212.5079541371326,221.0205225628993,211.38986878704947,222.13860791298242,True,True,"7.55**2 * Matern(length_scale=22.3, nu=1.5) + WhiteKernel(noise_level=0.00212)",57.04317376957825,22.271995761595143,0.002117428231714995,0.046015521639062126,2.8029708711215346,1.6742075352600507,0.046015521639062126,0.010045840829463082,166.656785,False,1e-08,numerical jitter only; separate from WhiteKernel nugget,163,164,True,False,False,False,True,True,False,"[""P"",""VX"",""LS"",""ST""]",171.14926644171777,36.38353919775697,"[277.8892018088835,0.6333975994576567,59.62723751259569,349.5722307866197]","[101.47650651414017,0.22281055082653684,15.373377771979715,30.36600445710868]",3EB785A5BBE0B87A4600BA32145E406A7C6E5D823CB18A9841B3EBD6C65ACA98,260.125654688,0.378472963537,62.1275317791,359.026868384,4145488858,fmin_l_bfgs_b,1,115.5752644319949,2.975288899964653,0,0,,completed_without_convergence_warning,False,False,,False,,False,,False
week7_phase3_new_data_replication,Phase 3B,F7F71204D643D1027D0FF4736F24213619BF6A09C2361C3C11F169797AC98A9C,057420703C13861B9A1B6C9026185A13E0CD582407A149A1D31E053E42FB70D2,width,T0 melt-pool width,T0,matern32_learned_nugget,Matérn 3/2 + learned nugget,Matern,1.5,True,78,P-261p886347681_VX-0p412060740992_LS-8p23359668267e-05_ST-378p690023731_M-TI64_XI-0p0002_XF-0p0014_XL-0p0012_TE-0p0021_DT-1p17073045867e-05_H-0e4c2fc094,79,241.4794,240.7259454241492,0.7534545758508102,0.7534545758508102,0.5676937978705243,2.2194286843989173,4.9258636851327084,2.800721305078064,7.844039828718174,2.800721305078064,total predictive variance including learned WhiteKernel nugget,1.7738121293666465,1.985001841526393,1.985001841526393,236.3758652027273,245.07602564557106,235.23653166619619,246.2153591821022,True,True,"7.84**2 * Matern(length_scale=22.9, nu=1.5) + WhiteKernel(noise_level=0.00224)",61.51410737759211,22.937534312656926,0.0022355232914539305,0.047281320745659494,2.9181761435854634,1.7082670000867732,0.047281320745659494,0.010250209735455854,166.656785,False,1e-08,numerical jitter only; separate from WhiteKernel nugget,163,164,True,False,False,False,True,True,False,"[""P"",""VX"",""LS"",""ST""]",170.9888443558282,36.12984944468995,"[277.8784000113804,0.6331915394732702,59.5032593834693,349.4515979317301]","[101.47830307737806,0.22303057533666704,15.270887530293438,30.28905036456547]",9C569BC0A94A29CE26B4DB92D63AF8E95E1AA139AE36FB88FE361FE5378F872E,261.886347681,0.412060740992,82.3359668267,378.690023731,3186769815,fmin_l_bfgs_b,1,114.17789444091144,2.204680000024382,0,0,,completed_without_convergence_warning,False,False,,False,,False,,False
week7_phase3_new_data_replication,Phase 3B,F7F71204D643D1027D0FF4736F24213619BF6A09C2361C3C11F169797AC98A9C,057420703C13861B9A1B6C9026185A13E0CD582407A149A1D31E053E42FB70D2,width,T0 melt-pool width,T0,matern32_learned_nugget,Matérn 3/2 + learned nugget,Matern,1.5,True,79,P-263p723264659_VX-0p501861307944_LS-7p03164616445e-05_ST-399p080626763_M-TI64_XI-0p0002_XF-0p0014_XL-0p0012_TE-0p0021_DT-9p61245771821e-06_H-1d842653b1,80,207.03565,209.1381690735268,-2.1025190735267927,2.1025190735267927,4.420586454543963,2.740371158955829,7.509634088836914,3.2143614230676385,10.332119358105414,3.2143614230676385,total predictive variance including learned WhiteKernel nugget,2.221359590329615,2.3004917236631006,2.3004917236631006,203.76704160197338,214.50929654508022,202.83802068431422,215.43831746273938,True,True,"7.59**2 * Matern(length_scale=22.4, nu=1.5) + WhiteKernel(noise_level=0.00213)",57.66739898723258,22.410231414154385,0.002125631242334223,0.04610456856249956,2.8224852692685016,1.6800253775668097,0.04610456856249956,0.010080749953065574,166.656785,False,1e-08,numerical jitter only; separate from WhiteKernel nugget,163,164,True,False,False,False,True,True,False,"[""P"",""VX"",""LS"",""ST""]",171.20015570552147,36.43945556695449,"[277.86713058206755,0.6326406157496384,59.576998679065625,349.32650220760746]","[101.47997639960671,0.22346479177074857,15.351729354064519,30.125486580307182]",B0056E59883A8F8D5C4CE8A8E796A97DA739CF859335FF9E96BE13FD426F155D,263.723264659,0.501861307944,70.3164616445,399.080626763,2126481853,fmin_l_bfgs_b,1,115.75259652294878,3.265109800035134,0,0,,completed_without_convergence_warning,False,False,,False,,False,,False
week7_phase3_new_data_replication,Phase 3B,F7F71204D643D1027D0FF4736F24213619BF6A09C2361C3C11F169797AC98A9C,057420703C13861B9A1B6C9026185A13E0CD582407A149A1D31E053E42FB70D2,width,T0 melt-pool width,T0,matern32_learned_nugget,Matérn 3/2 + learned nugget,Matern,1.5,True,80,P-264p370573209_VX-0p395776293281_LS-4p78236029631e-05_ST-378p311267492_M-TI64_XI-0p0002_XF-0p0014_XL-0p0012_TE-0p0021_DT-1p21890085003e-05_H-985b11a49e,81,183.33465,180.17107635531556,3.1635736446844476,3.1635736446844476,10.008198205342039,2.4517365657340293,6.011012187757292,2.964336436708675,8.787290509998684,2.964336436708675,total predictive variance including learned WhiteKernel nugget,2.6482237060091824,2.5750618301612693,2.5750618301612693,175.36567268647687,184.97648002415426,174.36097693936657,185.98117577126456,True,True,"7.61**2 * Matern(length_scale=22.5, nu=1.5) + WhiteKernel(noise_level=0.00208)",57.909946503577764,22.479672306752075,0.0020799397595166564,0.0456063565691961,2.7762783222413914,1.6662167692834542,0.0456063565691961,0.009997893390799865,166.656785,False,1e-08,numerical jitter only; separate from WhiteKernel nugget,163,164,True,False,False,False,True,True,False,"[""P"",""VX"",""LS"",""ST""]",171.34556061349693,36.53474854443573,"[277.8631593639693,0.6332914440604543,59.71499167711103,349.4539215896381]","[101.48051714710265,0.2229278284575082,15.346551289226984,30.29127872319883]",9E0E6E83BE3EBC666B16DEE26C3F6BF2D2B1FE05A24DFDCAE5CBB99E9AA442A1,264.370573209,0.395776293281,47.8236029631,378.311267492,3105722151,fmin_l_bfgs_b,1,116.66317419567864,2.902976499986835,0,0,,completed_without_convergence_warning,False,False,,False,,False,,False
week7_phase3_new_data_replication,Phase 3B,F7F71204D643D1027D0FF4736F24213619BF6A09C2361C3C11F169797AC98A9C,057420703C13861B9A1B6C9026185A13E0CD582407A149A1D31E053E42FB70D2,width,T0 melt-pool width,T0,matern32_learned_nugget,Matérn 3/2 + learned nugget,Matern,1.5,True,81,P-265p432977562_VX-0p293015283246_LS-7p41925746724e-05_ST-326p902943993_M-TI64_XI-0p0002_XF-0p0014_XL-0p0012_TE-0p0021_DT-1p64637166689e-05_H-1d842653b1,82,252.3224,255.47519564339495,-3.152795643394967,3.152795643394967,9.940120369010284,2.2136330111599607,4.900171108097115,2.757508200046332,7.603851473322762,2.757508200046332,total predictive variance including learned WhiteKernel nugget,2.7278361742364594,2.5868900276126254,2.5868900276126254,251.13647494152144,259.81391634526847,250.07047957130413,260.8799117154858,True,True,"7.51**2 * Matern(length_scale=22, nu=1.5) + WhiteKernel(noise_level=0.00209)",56.35115648204173,21.975532249205543,0.002087361705720003,0.04568765375591094,2.703680365225647,1.644287190616544,0.04568765375591094,0.009866308117107526,166.656785,False,1e-08,numerical jitter only; separate from WhiteKernel nugget,163,164,True,False,False,False,True,True,False,"[""P"",""VX"",""LS"",""ST""]",170.92232288343558,35.98974898998421,"[277.85664154585277,0.6339218797048408,59.553218844538634,349.76931007736204]","[101.48134940888434,0.22210843976272687,15.332060854596518,30.32245129852305]",4B9BB26F8BA15596543A2FC5948057BEF650FDD2AE66A15C0B3F6CFF094D7834,265.432977562,0.293015283246,74.1925746724,326.902943993,1961857974,fmin_l_bfgs_b,1,114.3565202547849,2.402452699956484,0,0,,completed_without_convergence_warning,False,False,,False,,False,,False
week7_phase3_new_data_replication,Phase 3B,F7F71204D643D1027D0FF4736F24213619BF6A09C2361C3C11F169797AC98A9C,057420703C13861B9A1B6C9026185A13E0CD582407A149A1D31E053E42FB70D2,width,T0 melt-pool width,T0,matern32_learned_nugget,Matérn 3/2 + learned nugget,Matern,1.5,True,82,P-267p46239641_VX-0p483361678819_LS-7p67845272617e-05_ST-366p829607628_M-TI64_XI-0p0002_XF-0p0014_XL-0p0012_TE-0p0021_DT-9p98035387249e-06_H-1d842653b1,83,221.5587,220.96738831771117,0.5913116822888185,0.5913116822888185,0.3496495056112326,1.7908925589367992,3.207296157655197,2.4758530372384557,6.129848262002886,2.4758530372384557,total predictive variance including learned WhiteKernel nugget,1.5561611183498865,1.8540437728561163,1.8540437728561163,217.45723890219503,224.4775377332273,216.1147163647238,225.82006027069855,True,True,"7.75**2 * Matern(length_scale=22.8, nu=1.5) + WhiteKernel(noise_level=0.00221)",60.092712391644866,22.815525956803302,0.0022138093833303234,0.04705113583464615,2.9225521043476896,1.709547339019218,0.04705113583464615,0.0102578922245453,166.656785,False,1e-08,numerical jitter only; separate from WhiteKernel nugget,163,164,True,False,False,False,True,True,False,"[""P"",""VX"",""LS"",""ST""]",171.1110572392638,36.33381657410258,"[277.84419112347246,0.6327541104068469,59.53731729491102,349.5243612207056]","[101.48274836365746,0.22339363277770924,15.315516453603953,30.344904723164465]",3743A03D1218172A65974053487E2BCCD01DD3F6451879DD2A3EED9EC885797C,267.46239641,0.483361678819,76.7845272617,366.829607628,477793720,fmin_l_bfgs_b,1,114.99022739587227,2.6142730000428855,0,0,,completed_without_convergence_warning,False,False,,False,,False,,False
week7_phase3_new_data_replication,Phase 3B,F7F71204D643D1027D0FF4736F24213619BF6A09C2361C3C11F169797AC98A9C,057420703C13861B9A1B6C9026185A13E0CD582407A149A1D31E053E42FB70D2,width,T0 melt-pool width,T0,matern32_learned_nugget,Matérn 3/2 + learned nugget,Matern,1.5,True,83,P-267p660345133_VX-0p739236683111_LS-7p20061497304e-05_ST-322p433694738_M-TI64_XI-0p0002_XF-0p0014_XL-0p0012_TE-0p0021_DT-6p52581333317e-06_H-0e4c2fc094,84,179.34134,177.75815896501038,1.5831810349896216,1.5831810349896216,2.5064621895508092,1.98849855069233,3.954126486105497,2.595907515318073,6.7387358280848515,2.595907515318073,total predictive variance including learned WhiteKernel nugget,1.923260981310444,2.0588489189472057,2.0588489189472057,173.8607018056534,181.65561612436736,172.67018023498696,182.8461376950338,True,True,"7.55**2 * Matern(length_scale=22.3, nu=1.5) + WhiteKernel(noise_level=0.00209)",56.9392073986192,22.276964191373008,0.0020854172131999087,0.04566636851338093,2.7846093419793543,1.6687148773770055,0.04566636851338093,0.01001288292809084,166.656785,False,1e-08,numerical jitter only; separate from WhiteKernel nugget,163,164,True,False,False,False,True,True,False,"[""P"",""VX"",""LS"",""ST""]",171.37005944785275,36.541440269944985,"[277.84297671412884,0.631184325104442,59.56663249448955,349.79672878444796]","[101.4828714073112,0.2235388337750966,15.34390160856729,30.29973312658074]",98A8C00BFEEBB220157BC4F9AC41B5235F048C1392239289822CB53166DED0CD,267.660345133,0.739236683111,72.0061497304,322.433694738,4177787739,fmin_l_bfgs_b,1,116.08891646699911,2.304909900005441,0,0,,completed_without_convergence_warning,False,False,,False,,False,,False
week7_phase3_new_data_replication,Phase 3B,F7F71204D643D1027D0FF4736F24213619BF6A09C2361C3C11F169797AC98A9C,057420703C13861B9A1B6C9026185A13E0CD582407A149A1D31E053E42FB70D2,width,T0 melt-pool width,T0,matern32_learned_nugget,Matérn 3/2 + learned nugget,Matern,1.5,True,84,P-270p660461155_VX-0p506275452772_LS-4p55363433165e-05_ST-392p157982605_M-TI64_XI-0p0002_XF-0p0014_XL-0p0012_TE-0p0021_DT-9p52864804446e-06_H-b5aba20bdc,85,155.099615,158.49972515389302,-3.4001101538930243,3.4001101538930243,11.560749058606445,2.794176045425089,7.807419772827388,3.2839551025157223,10.784361115339049,3.2839551025157223,total predictive variance including learned WhiteKernel nugget,2.686845179502953,2.6439830632170223,2.6439830632170223,153.02314010485986,163.9763102029262,152.0631731529622,164.93627715482384,True,True,"7.88**2 * Matern(length_scale=23.3, nu=1.5) + WhiteKernel(noise_level=0.00223)",62.04824920496322,23.324993963387044,0.002231555971514194,0.04723934770415648,2.976941342511661,1.7253815063665372,0.04723934770415648,0.010352902861809898,166.656785,False,1e-08,numerical jitter only; separate from WhiteKernel nugget,163,164,True,False,False,False,True,True,False,"[""P"",""VX"",""LS"",""ST""]",171.51878168711653,36.524244940298466,"[277.824571094362,0.6326135351065219,59.72902394488157,349.3689724171657]","[101.48444445628834,0.22348037064902468,15.334621541704777,30.19064868508116]",17C7C4111A2A3B56BD6AB9898667F25D43A472AF149DAA919BF72F88FAF4890D,270.660461155,0.506275452772,45.5363433165,392.157982605,2568386901,fmin_l_bfgs_b,1,116.50293533347619,3.835800900007598,0,0,,completed_without_convergence_warning,False,False,,False,,False,,False
week7_phase3_new_data_replication,Phase 3B,F7F71204D643D1027D0FF4736F24213619BF6A09C2361C3C11F169797AC98A9C,057420703C13861B9A1B6C9026185A13E0CD582407A149A1D31E053E42FB70D2,width,T0 melt-pool width,T0,matern32_learned_nugget,Matérn 3/2 + learned nugget,Matern,1.5,True,85,P-273p06384474_VX-0p951903552318_LS-4p77154604482e-05_ST-314p535783501_M-TI64_XI-0p0002_XF-0p0014_XL-0p0012_TE-0p0021_DT-5p06786700319e-06_H-b5afaa2141,86,126.76973,130.2561165314118,-3.48638653141181,3.48638653141181,12.154891046409672,3.069213615667075,9.42007221859616,3.4968364497724487,12.227865156457183,3.4968364497724487,total predictive variance including learned WhiteKernel nugget,2.6855190328999123,2.6678132946293216,2.6678132946293216,124.24045784470434,136.27177521811927,123.4023170898578,137.1099159729658,True,True,"7.71**2 * Matern(length_scale=22.7, nu=1.5) + WhiteKernel(noise_level=0.00212)",59.48901386429513,22.69803148067945,0.0021217166675235716,0.0460620957786722,2.807792937861023,1.6756470206642635,0.0460620957786722,0.01005447825400126,166.656785,False,1e-08,numerical jitter only; separate from WhiteKernel nugget,163,164,True,False,False,False,True,True,False,"[""P"",""VX"",""LS"",""ST""]",171.69258466257665,36.378002180268275,"[277.80982640979147,0.6298796203853806,59.71565512812268,349.8451822276197]","[101.48530966177056,0.22228020073882024,15.34603484870609,30.249580697626335]",1C72AFADD27441FACDB2A7C3E7BC55E1CDAC0EF686899A9581259CDAB16DAD2F,273.06384474,0.951903552318,47.7154604482,314.535783501,2384126720,fmin_l_bfgs_b,1,116.1183749774016,2.7860779000329785,0,0,,completed_without_convergence_warning,False,False,,False,,False,,False
week7_phase3_new_data_replication,Phase 3B,F7F71204D643D1027D0FF4736F24213619BF6A09C2361C3C11F169797AC98A9C,057420703C13861B9A1B6C9026185A13E0CD582407A149A1D31E053E42FB70D2,width,T0 melt-pool width,T0,matern32_learned_nugget,Matérn 3/2 + learned nugget,Matern,1.5,True,86,P-273p444240295_VX-0p704920639812_LS-6p35261824567e-05_ST-347p093922324_M-TI64_XI-0p0002_XF-0p0014_XL-0p0012_TE-0p0021_DT-6p84349461565e-06_H-1d842653b1,87,170.988405,169.92792287979051,1.0604821202094854,1.0604821202094854,1.1246223272840055,1.8599457773967578,3.4593982948560296,2.5102838619543055,6.301525067588223,2.5102838619543055,total predictive variance including learned WhiteKernel nugget,1.7020318131841066,1.9285685113419884,1.9285685113419884,166.28242915609286,173.57341660348817,165.00776651036009,174.84807924922094,True,True,"7.61**2 * Matern(length_scale=22.5, nu=1.5) + WhiteKernel(noise_level=0.00213)",57.93995221206863,22.476238180288252,0.002127876889168175,0.04612891597651277,2.842126772732192,1.6858608402629776,0.04612891597651277,0.010115764805273169,166.656785,False,1e-08,numerical jitter only; separate from WhiteKernel nugget,163,164,True,False,False,False,True,True,False,"[""P"",""VX"",""LS"",""ST""]",171.42130444785275,36.54672572668646,"[277.80749269473006,0.631394852977442,59.61865683359201,349.6454390446565]","[101.48541439784444,0.22362432217034656,15.371589399746982,30.374324554523795]",4474D6B2379227D1D2A1F647B9848AC9A5EDAB21CC5B90EB92FF436D10DB813B,273.444240295,0.704920639812,63.526182456700006,347.093922324,1233963409,fmin_l_bfgs_b,1,116.05255649243927,2.8959147999994457,0,0,,completed_without_convergence_warning,False,False,,False,,False,,False
week7_phase3_new_data_replication,Phase 3B,F7F71204D643D1027D0FF4736F24213619BF6A09C2361C3C11F169797AC98A9C,057420703C13861B9A1B6C9026185A13E0CD582407A149A1D31E053E42FB70D2,width,T0 melt-pool width,T0,matern32_learned_nugget,Matérn 3/2 + learned nugget,Matern,1.5,True,87,P-277p972333632_VX-0p331196372511_LS-4p5620211888e-05_ST-324p411035281_M-TI64_XI-0p0002_XF-0p0014_XL-0p0012_TE-0p0021_DT-1p4565741063e-05_H-0e4c2fc094,88,191.74323,189.46294022437837,2.2802897756216396,2.2802897756216396,5.199721460804588,2.880185054976702,8.295465950911147,3.3383062876149308,11.144288869929381,3.3383062876149308,total predictive variance including learned WhiteKernel nugget,2.2902005184536556,2.357692971685787,2.357692971685787,183.81777751662403,195.1081029321327,182.9198599006531,196.00602054810363,True,True,"7.64**2 * Matern(length_scale=22.6, nu=1.5) + WhiteKernel(noise_level=0.00214)",58.37003604371962,22.622425097006868,0.002136967960170252,0.046227350780357855,2.848822919018232,1.6878456443105905,0.046227350780357855,0.010127674335674904,166.656785,False,1e-08,numerical jitter only; separate from WhiteKernel nugget,163,164,True,False,False,False,True,True,False,"[""P"",""VX"",""LS"",""ST""]",171.2939742331288,36.5118401945664,"[277.7797129810062,0.6336876398933992,59.72850941376808,349.78459786087126]","[101.48598521203921,0.22244745089153314,15.335096333610657,30.310288206570767]",016B029ED738F9E05F4B776E1C252AF090DF1632C7EC832A2302664D9FA8CC4E,277.972333632,0.331196372511,45.620211888,324.411035281,387307826,fmin_l_bfgs_b,1,116.422334918492,2.624547299987171,0,0,,completed_without_convergence_warning,False,False,,False,,False,,False
week7_phase3_new_data_replication,Phase 3B,F7F71204D643D1027D0FF4736F24213619BF6A09C2361C3C11F169797AC98A9C,057420703C13861B9A1B6C9026185A13E0CD582407A149A1D31E053E42FB70D2,width,T0 melt-pool width,T0,matern32_learned_nugget,Matérn 3/2 + learned nugget,Matern,1.5,True,88,P-279p19481345_VX-0p961152667742_LS-7p84955743249e-05_ST-372p579911887_M-TI64_XI-0p0002_XF-0p0014_XL-0p0012_TE-0p0021_DT-5p01909921797e-06_H-6ea4fcc339,89,169.48203999999998,170.86476711635893,-1.38272711635895,1.38272711635895,1.9119342783143374,1.9064639872206326,3.634604934569192,2.5705147531015786,6.60754609591287,2.5705147531015786,total predictive variance including learned WhiteKernel nugget,1.8272069140325982,2.0077227936406272,2.0077227936406272,167.1280977014065,174.60143653131138,165.82655820027983,175.90297603243803,True,True,"7.81**2 * Matern(length_scale=23.2, nu=1.5) + WhiteKernel(noise_level=0.00223)",60.972540328872476,23.189953993331187,0.002225853219169872,0.04717894889852753,2.9729411613436767,1.7242219002621664,0.04717894889852753,0.010345944812640938,166.656785,False,1e-08,numerical jitter only; separate from WhiteKernel nugget,163,164,True,False,False,False,True,True,False,"[""P"",""VX"",""LS"",""ST""]",171.43054595092025,36.54642463465268,"[277.77221310482213,0.6298228773459696,59.526820073664396,349.4890832804664]","[101.48592552911343,0.22219679197611017,15.30310024967349,30.321414088688044]",F7D2BFDC6E030D597838F6153F54DDE6529914BFBE4B92B5E43987303CA6A040,279.19481345,0.961152667742,78.4955743249,372.579911887,1378358640,fmin_l_bfgs_b,1,116.23987333988563,4.171176699979696,0,0,,completed_without_convergence_warning,False,False,,False,,False,,False
week7_phase3_new_data_replication,Phase 3B,F7F71204D643D1027D0FF4736F24213619BF6A09C2361C3C11F169797AC98A9C,057420703C13861B9A1B6C9026185A13E0CD582407A149A1D31E053E42FB70D2,width,T0 melt-pool width,T0,matern32_learned_nugget,Matérn 3/2 + learned nugget,Matern,1.5,True,89,P-282p804328276_VX-0p543976889672_LS-5p22197252327e-05_ST-303p777238342_M-TI64_XI-0p0002_XF-0p0014_XL-0p0012_TE-0p0021_DT-8p8682454983e-06_H-cfd320609e,90,162.78638,170.14595633128934,-7.3595763312893325,7.3595763312893325,54.16336377607415,2.196857780583483,4.826184108110186,2.7803220879537913,7.73019091276373,2.7803220879537913,total predictive variance including learned WhiteKernel nugget,7.317373301068722,5.444870520274861,5.444870520274861,165.84011508134571,174.45179758123297,164.69652503889992,175.59538762367876,False,False,"8.35**2 * Matern(length_scale=24.6, nu=1.5) + WhiteKernel(noise_level=0.00217)",69.74700762545459,24.643577475094773,0.0021749530832835423,0.046636392262733424,2.9040068046535428,1.7041146688687185,0.046636392262733424,0.010225294270909633,166.656785,False,1e-08,numerical jitter only; separate from WhiteKernel nugget,163,164,True,False,False,False,True,True,False,"[""P"",""VX"",""LS"",""ST""]",171.47162361963188,36.540448053278254,"[277.7500688420859,0.632382237947626,59.688021601837406,349.91118557215344]","[101.48521890017336,0.2235914703445038,15.363553255573414,30.160596797129898]",9E6A90E6A0CA67906ADED7AE1DB7D732D39D9450BCD7EC83B93D3F01C98D67E7,282.804328276,0.543976889672,52.2197252327,303.777238342,35562856,fmin_l_bfgs_b,1,119.29211217420229,2.9390555000281893,0,0,,completed_without_convergence_warning,False,False,,False,,False,,False
week7_phase3_new_data_replication,Phase 3B,F7F71204D643D1027D0FF4736F24213619BF6A09C2361C3C11F169797AC98A9C,057420703C13861B9A1B6C9026185A13E0CD582407A149A1D31E053E42FB70D2,width,T0 melt-pool width,T0,matern32_learned_nugget,Matérn 3/2 + learned nugget,Matern,1.5,True,90,P-287p102038097_VX-0p362628106341_LS-6p67475186474e-05_ST-334p763632341_M-TI64_XI-0p0002_XF-0p0014_XL-0p0012_TE-0p0021_DT-1p33032175903e-05_H-c5f6eebf67,91,235.04855,230.25134925030068,4.7972007496993285,4.7972007496993285,23.013135032915798,1.9536255312860933,3.8166527164928703,2.5349838547431083,6.426143143808228,2.5349838547431083,total predictive variance including learned WhiteKernel nugget,4.6034576290999425,3.6397126679308736,3.6397126679308736,226.42224320897992,234.08045529162143,225.28278089500418,235.21991760559717,False,True,"7.61**2 * Matern(length_scale=22.3, nu=1.5) + WhiteKernel(noise_level=0.00199)",57.97954968598529,22.26036452025363,0.0019909547663634866,0.04462011616259517,2.6094904273153587,1.6153917256552228,0.04462011616259517,0.0096929250474574,166.656785,False,1e-08,numerical jitter only; separate from WhiteKernel nugget,163,164,True,False,False,False,True,True,False,"[""P"",""VX"",""LS"",""ST""]",171.02829742331286,36.20321649922996,"[277.7237025241657,0.6334948071705157,59.59889403487605,349.7210849954725]","[101.48334405619345,0.22269582525574708,15.364480472919789,30.352514055797045]",E4BC8FCFD33E5D970A223B837C1B69248DE3C11EB90381B3F7AD54F175312598,287.102038097,0.362628106341,66.7475186474,334.763632341,490624752,fmin_l_bfgs_b,1,116.31664980086302,2.730049100005999,0,0,,completed_without_convergence_warning,False,False,,False,,False,,False
week7_phase3_new_data_replication,Phase 3B,F7F71204D643D1027D0FF4736F24213619BF6A09C2361C3C11F169797AC98A9C,057420703C13861B9A1B6C9026185A13E0CD582407A149A1D31E053E42FB70D2,width,T0 melt-pool width,T0,matern32_learned_nugget,Matérn 3/2 + learned nugget,Matern,1.5,True,91,P-292p980726174_VX-0p558994342483_LS-6p4603431573e-05_ST-342p453415035_M-TI64_XI-0p0002_XF-0p0014_XL-0p0012_TE-0p0021_DT-8p62999897564e-06_H-0e4c2fc094,92,191.286915,190.82645512656123,0.46045987343876504,0.46045987343876504,0.21202329504724352,1.9869809795646933,3.9480934131518683,2.6114550318937,6.819697383602926,2.6114550318937,total predictive variance including learned WhiteKernel nugget,1.6324062766847043,1.8943910022871426,1.8943910022871426,186.93197240661442,194.72093784650804,185.70800326404958,195.94490698907288,True,True,"7.62**2 * Matern(length_scale=22.5, nu=1.5) + WhiteKernel(noise_level=0.00215)",58.12477694733321,22.523767383712283,0.002153873644942543,0.04640984426759632,2.8716039704510554,1.6945807653962839,0.04640984426759632,0.010168087458283103,166.656785,False,1e-08,numerical jitter only; separate from WhiteKernel nugget,163,164,True,False,False,False,True,True,False,"[""P"",""VX"",""LS"",""ST""]",171.29677371165644,36.51339047003552,"[277.6876369531411,0.6322901063352887,59.61204794330796,349.6739084145277]","[101.47896004495003,0.22362478260468857,15.36967627373831,30.36974463464616]",ADDFE740008A846DC292405AAE0F4F86CA2648A887731BEB93466D503BD6871E,292.980726174,0.558994342483,64.603431573,342.453415035,3141423696,fmin_l_bfgs_b,1,115.86404990086336,2.74987699999474,0,0,,completed_without_convergence_warning,False,False,,False,,False,,False
week7_phase3_new_data_replication,Phase 3B,F7F71204D643D1027D0FF4736F24213619BF6A09C2361C3C11F169797AC98A9C,057420703C13861B9A1B6C9026185A13E0CD582407A149A1D31E053E42FB70D2,width,T0 melt-pool width,T0,matern32_learned_nugget,Matérn 3/2 + learned nugget,Matern,1.5,True,92,P-293p577290228_VX-0p952339824621_LS-7p01980103413e-05_ST-347p682708595_M-TI64_XI-0p0002_XF-0p0014_XL-0p0012_TE-0p0021_DT-5p06554538443e-06_H-1d842653b1,93,166.843345,164.34196418271048,2.5013808172895153,2.5013808172895153,6.256905993103964,2.1489521979112385,4.617995548907543,2.712195816914914,7.3560061492907565,2.712195816914914,total predictive variance including learned WhiteKernel nugget,2.361367155320775,2.341989434801632,2.341989434801632,160.13001787480445,168.55391049061652,159.02606038155724,169.65786798386372,True,True,"7.51**2 * Matern(length_scale=22.2, nu=1.5) + WhiteKernel(noise_level=0.00205)",56.46630927383026,22.231483068010995,0.0020501225478977755,0.045278278985599434,2.7380106003832143,1.6546935064788324,0.045278278985599434,0.009928749714443562,166.656785,False,1e-08,numerical jitter only; separate from WhiteKernel nugget,163,164,True,False,False,False,True,True,False,"[""P"",""VX"",""LS"",""ST""]",171.4467342638037,36.54497351820949,"[277.68397705096936,0.6298769438681844,59.577725374177284,349.6418268589449]","[101.47839766483652,0.22227632051222473,15.35223489218605,30.37459276097028]",EC2EB28E4018F547784174E640763613CF9D4C4B79B4E5827D7E1230343FE84A,293.577290228,0.952339824621,70.19801034129999,347.682708595,1701570661,fmin_l_bfgs_b,1,116.64226132437304,3.109760700026527,0,0,,completed_without_convergence_warning,False,False,,False,,False,,False
week7_phase3_new_data_replication,Phase 3B,F7F71204D643D1027D0FF4736F24213619BF6A09C2361C3C11F169797AC98A9C,057420703C13861B9A1B6C9026185A13E0CD582407A149A1D31E053E42FB70D2,width,T0 melt-pool width,T0,matern32_learned_nugget,Matérn 3/2 + learned nugget,Matern,1.5,True,93,P-293p648784497_VX-0p426690912013_LS-5p33940457289e-05_ST-351p677261216_M-TI64_XI-0p0002_XF-0p0014_XL-0p0012_TE-0p0021_DT-1p13058902058e-05_H-5799d46da7,94,191.09923,193.2647575455608,-2.165527545560792,2.165527545560792,4.689509550582549,2.279964926294778,5.198240065134352,2.8405756565717035,8.068870060707765,2.8405756565717035,total predictive variance including learned WhiteKernel nugget,2.194165635907712,2.2535379655728454,2.2535379655728454,188.79602629002304,197.73348880109856,187.69722925868027,198.83228583244133,True,True,"7.69**2 * Matern(length_scale=22.7, nu=1.5) + WhiteKernel(noise_level=0.00215)",59.106321359380885,22.72173970386918,0.0021530691138021483,0.04640117578038458,2.8706299955734123,1.6942933617214617,0.04640117578038458,0.010166362933987125,166.656785,False,1e-08,numerical jitter only; separate from WhiteKernel nugget,163,164,True,False,False,False,True,True,False,"[""P"",""VX"",""LS"",""ST""]",171.29792515337422,36.51401787188547,"[277.68353843582213,0.6331017838228347,59.68081718161532,349.6173204011473]","[101.4783288144619,0.2231165879438596,15.366777994284044,30.374552088733754]",F1884A5A61AC598F6389DFBAE6FD637D7DBDA523BD6E9076416062E2344F38D2,293.648784497,0.426690912013,53.3940457289,351.677261216,1020400088,fmin_l_bfgs_b,1,116.30461187442253,2.623175300017465,0,0,,completed_without_convergence_warning,False,False,,False,,False,,False
week7_phase3_new_data_replication,Phase 3B,F7F71204D643D1027D0FF4736F24213619BF6A09C2361C3C11F169797AC98A9C,057420703C13861B9A1B6C9026185A13E0CD582407A149A1D31E053E42FB70D2,width,T0 melt-pool width,T0,matern32_learned_nugget,Matérn 3/2 + learned nugget,Matern,1.5,True,94,P-307p26373251_VX-0p980958450675_LS-7p64412572662e-05_ST-372p845922747_M-TI64_XI-0p0002_XF-0p0014_XL-0p0012_TE-0p0021_DT-4p91776241868e-06_H-0e4c2fc094,95,170.28470000000002,172.84218389429407,-2.5574838942940517,2.5574838942940517,6.540723869573468,2.2990635806153623,5.285693347711931,2.860280297088575,8.181203377913107,2.860280297088575,total predictive variance including learned WhiteKernel nugget,2.3701600080698575,2.3695990999631817,2.3695990999631817,168.33601927628797,177.34834851230016,167.23603451200046,178.44833327658768,True,True,"7.81**2 * Matern(length_scale=23.1, nu=1.5) + WhiteKernel(noise_level=0.00217)",60.96826568501606,23.111210719851645,0.0021678555219096915,0.04656023541510171,2.895510030201173,1.7016198254020118,0.04656023541510171,0.010210324322541153,166.656785,False,1e-08,numerical jitter only; separate from WhiteKernel nugget,163,164,True,False,False,False,True,True,False,"[""P"",""VX"",""LS"",""ST""]",171.4256216564417,36.5466327700331,"[277.6000111473988,0.629701369475215,59.539423245803654,349.4874513120001]","[101.4595483680742,0.22201007789535618,15.317864095567655,30.32016405867129]",0AB6B03DCB1AEAECE8D65839199615ACB59B4524CD508F18D907ACC428B2B0F4,307.26373251,0.980958450675,76.4412572662,372.845922747,3264224199,fmin_l_bfgs_b,1,116.64846569701055,5.2584912000456825,0,0,,completed_without_convergence_warning,False,False,,False,,False,,False
week7_phase3_new_data_replication,Phase 3B,F7F71204D643D1027D0FF4736F24213619BF6A09C2361C3C11F169797AC98A9C,057420703C13861B9A1B6C9026185A13E0CD582407A149A1D31E053E42FB70D2,width,T0 melt-pool width,T0,matern32_learned_nugget,Matérn 3/2 + learned nugget,Matern,1.5,True,95,P-307p533441342_VX-0p76958695679_LS-6p29715413405e-05_ST-358p843506265_M-TI64_XI-0p0002_XF-0p0014_XL-0p0012_TE-0p0021_DT-6p26845421489e-06_H-0602c4a780,96,169.714115,171.27556451257553,-1.5614495125755354,1.5614495125755354,2.438124580322377,1.6815676485684659,2.8276697567120794,2.377926039953249,5.654532251487741,2.377926039953249,total predictive variance including learned WhiteKernel nugget,1.869784062471776,2.000757526675376,2.000757526675376,167.97969192138135,174.5714371037697,166.61482947426717,175.9362995508839,True,True,"7.57**2 * Matern(length_scale=22.4, nu=1.5) + WhiteKernel(noise_level=0.00212)",57.28715555312294,22.39413255650212,0.0021164752580795873,0.0460051655586586,2.82686249477566,1.6813275988859697,0.0460051655586586,0.010088563744260214,166.656785,False,1e-08,numerical jitter only; separate from WhiteKernel nugget,163,164,True,False,False,False,True,True,False,"[""P"",""VX"",""LS"",""ST""]",171.4291221779141,36.546495996024696,"[277.5983564919878,0.6309981271064113,59.62205953982636,349.57335570759517]","[101.45906238264966,0.22343608954273808,15.372392596431354,30.366351288821324]",990734E682DDE856FB0F94EEA4EBBB69DD163D8FB737B34B83124C6A94E60ECA,307.533441342,0.76958695679,62.9715413405,358.843506265,327146532,fmin_l_bfgs_b,1,116.14725924696305,3.845837200002279,0,0,,completed_without_convergence_warning,False,False,,False,,False,,False
week7_phase3_new_data_replication,Phase 3B,F7F71204D643D1027D0FF4736F24213619BF6A09C2361C3C11F169797AC98A9C,057420703C13861B9A1B6C9026185A13E0CD582407A149A1D31E053E42FB70D2,width,T0 melt-pool width,T0,matern32_learned_nugget,Matérn 3/2 + learned nugget,Matern,1.5,True,96,P-308p624203673_VX-0p258745269308_LS-8p46230110859e-05_ST-352p536460601_M-TI64_XI-0p0002_XF-0p0014_XL-0p0012_TE-0p0021_DT-1p86442852305e-05_H-19ea1511f8,97,281.37294999999995,285.41567827796666,-4.042728277966717,4.042728277966717,16.343651929471733,3.399279024230221,11.555097884571563,3.7900024648474937,14.364118683550078,3.7900024648474937,total predictive variance including learned WhiteKernel nugget,2.8497071472643656,2.820210691725121,2.820210691725121,278.75309139047545,292.0782651654579,277.9872734468656,292.84408310906775,True,True,"7.82**2 * Matern(length_scale=22.6, nu=1.5) + WhiteKernel(noise_level=0.00223)",61.076459448296646,22.57798671173327,0.002227546823621644,0.0471968942158448,2.809020798978512,1.6760133647971045,0.0471968942158448,0.010056676449129295,166.656785,False,1e-08,numerical jitter only; separate from WhiteKernel nugget,163,164,True,False,False,False,True,True,False,"[""P"",""VX"",""LS"",""ST""]",170.74409865030674,35.511094376935475,"[277.5916646985461,0.634132125189123,59.48922843709384,349.61204923927613]","[101.45705178459073,0.22176916275726313,15.248835716623454,30.374119596525826]",290B8AA0E19CD178DCEA48336DDEFB2E2C2B6DC927B64D4EDBC5A1012B782CF7,308.624203673,0.258745269308,84.6230110859,352.536460601,3312750098,fmin_l_bfgs_b,1,112.44106407426156,2.904289600031916,0,0,,completed_without_convergence_warning,False,False,,False,,False,,False
week7_phase3_new_data_replication,Phase 3B,F7F71204D643D1027D0FF4736F24213619BF6A09C2361C3C11F169797AC98A9C,057420703C13861B9A1B6C9026185A13E0CD582407A149A1D31E053E42FB70D2,width,T0 melt-pool width,T0,matern32_learned_nugget,Matérn 3/2 + learned nugget,Matern,1.5,True,97,P-310p791038761_VX-0p793031296086_LS-6p97064070297e-05_ST-311p244290057_M-TI64_XI-0p0002_XF-0p0014_XL-0p0012_TE-0p0021_DT-6p08314025792e-06_H-9f078c62f6,98,178.37669,179.3991774753889,-1.022487475388914,1.022487475388914,1.045480637327195,2.066347531908288,4.269792122623473,2.672480391491641,7.142151442907315,2.672480391491641,total predictive variance including learned WhiteKernel nugget,1.7671486850847657,1.9751364356787091,1.9751364356787091,175.34913631284866,183.44921863792916,174.16111590806528,184.63723904271254,True,True,"7.64**2 * Matern(length_scale=22.6, nu=1.5) + WhiteKernel(noise_level=0.00215)",58.30497507302636,22.5990771146643,0.002150991170926188,0.046378779316905136,2.8723593202838424,1.6948036229262204,0.046378779316905136,0.010169424682746762,166.656785,False,1e-08,numerical jitter only; separate from WhiteKernel nugget,163,164,True,False,False,False,True,True,False,"[""P"",""VX"",""LS"",""ST""]",171.37597754601225,36.54265265037844,"[277.5783712317485,0.630854296803982,59.58074134541409,349.8653754389326]","[101.45284281527832,0.22333926405809143,15.354272544646975,30.224894350421472]",AB7097B66F97B78EFC934A06EBF82CA824065D7A80E3BDA245534833A5A78A74,310.791038761,0.793031296086,69.7064070297,311.244290057,982684095,fmin_l_bfgs_b,1,115.98972643062294,2.424947699997574,0,0,,completed_without_convergence_warning,False,False,,False,,False,,False
week7_phase3_new_data_replication,Phase 3B,F7F71204D643D1027D0FF4736F24213619BF6A09C2361C3C11F169797AC98A9C,057420703C13861B9A1B6C9026185A13E0CD582407A149A1D31E053E42FB70D2,width,T0 melt-pool width,T0,matern32_learned_nugget,Matérn 3/2 + learned nugget,Matern,1.5,True,98,P-311p847977036_VX-0p831533579891_LS-6p59632228328e-05_ST-369p023839283_M-TI64_XI-0p0002_XF-0p0014_XL-0p0012_TE-0p0021_DT-5p80147419139e-06_H-0602c4a780,99,174.674455,170.13547167815804,4.538983321841954,4.538983321841954,20.60236959595942,2.0323557514565453,4.1304699004784995,2.6082076885400243,6.802747346559296,2.6082076885400243,total predictive variance including learned WhiteKernel nugget,4.122083974372752,3.391870129586529,3.391870129586529,166.1520544053032,174.11888895101288,165.02338460861958,175.2475587476965,False,True,"7.62**2 * Matern(length_scale=22.5, nu=1.5) + WhiteKernel(noise_level=0.002)",58.01938400729489,22.45423519931527,0.002000808400933011,0.04473039683406588,2.672277446080798,1.6347102024765117,0.04473039683406588,0.009808842781147563,166.656785,False,1e-08,numerical jitter only; separate from WhiteKernel nugget,163,164,True,False,False,False,True,True,False,"[""P"",""VX"",""LS"",""ST""]",171.39869064417178,36.5458461846586,"[277.5718869478528,0.63061808647389,59.603705665640476,349.5108996768099]","[101.45068604517867,0.22314717267412437,15.366595471778737,30.33673702016662]",6FB4331B2E5506637D5D918DCF5A8C2012F14361FFE6DC57EEBCD9A4E13D124B,311.847977036,0.831533579891,65.9632228328,369.023839283,1279690441,fmin_l_bfgs_b,1,117.53730916980047,2.8591629999573343,0,0,,completed_without_convergence_warning,False,False,,False,,False,,False
week7_phase3_new_data_replication,Phase 3B,F7F71204D643D1027D0FF4736F24213619BF6A09C2361C3C11F169797AC98A9C,057420703C13861B9A1B6C9026185A13E0CD582407A149A1D31E053E42FB70D2,width,T0 melt-pool width,T0,matern32_learned_nugget,Matérn 3/2 + learned nugget,Matern,1.5,True,99,P-319p96920879_VX-0p866402209965_LS-6p35942162539e-05_ST-320p061265262_M-TI64_XI-0p0002_XF-0p0014_XL-0p0012_TE-0p0021_DT-5p56799203364e-06_H-560be51b32,100,166.56366000000003,165.37523358742075,1.1884264125792754,1.1884264125792754,1.4123573381160461,2.1660754648964184,4.691882919626235,2.7515391285045894,7.570967575691795,2.7515391285045894,total predictive variance including learned WhiteKernel nugget,1.842366240286544,2.024373531366801,2.024373531366801,161.12972567622379,169.62074149861772,159.98221689555174,170.76825027928976,True,True,"7.69**2 * Matern(length_scale=22.7, nu=1.5) + WhiteKernel(noise_level=0.00216)",59.09197995606644,22.733311730055213,0.0021557799384879024,0.046430377324418785,2.8790846560655603,1.696786567622917,0.046430377324418785,0.010181323056381515,166.656785,False,1e-08,numerical jitter only; separate from WhiteKernel nugget,163,164,True,False,False,False,True,True,False,"[""P"",""VX"",""LS"",""ST""]",171.44845012269937,36.544750773122374,"[277.52206344015957,0.6304041684979758,59.61823944833311,349.8112835665093]","[101.43184449829508,0.2229376527494259,15.37148236887749,30.28601260503251]",485096C8FE602615EC4083C557A882B6C2B6A88566F0E0C44CA1B92B2699A4C3,319.96920879,0.866402209965,63.5942162539,320.061265262,3322993681,fmin_l_bfgs_b,1,116.17190266205066,3.028418799978681,0,0,,completed_without_convergence_warning,False,False,,False,,False,,False
week7_phase3_new_data_replication,Phase 3B,F7F71204D643D1027D0FF4736F24213619BF6A09C2361C3C11F169797AC98A9C,057420703C13861B9A1B6C9026185A13E0CD582407A149A1D31E053E42FB70D2,width,T0 melt-pool width,T0,matern32_learned_nugget,Matérn 3/2 + learned nugget,Matern,1.5,True,100,P-323p763442528_VX-0p850556183123_LS-6p97450047543e-05_ST-350p102665969_M-TI64_XI-0p0002_XF-0p0014_XL-0p0012_TE-0p0021_DT-5p67172480635e-06_H-fe613e406c,101,174.93137000000002,176.89886716137775,-1.967497161377736,1.967497161377736,3.8710450800294485,2.0834374763842325,4.340711718002299,2.685036780737307,7.209422513912161,2.685036780737307,total predictive variance including learned WhiteKernel nugget,2.0988575079328937,2.17510419107333,2.17510419107333,172.81532970766466,180.98240461509084,171.63619507113262,182.16153925162288,True,True,"7.66**2 * Matern(length_scale=22.7, nu=1.5) + WhiteKernel(noise_level=0.00215)",58.68668937717778,22.682955870181253,0.002147900771788353,0.04634545038931387,2.868710795909863,1.693726895313959,0.04634545038931387,0.0101629639340154,166.656785,False,1e-08,numerical jitter only; separate from WhiteKernel nugget,163,164,True,False,False,False,True,True,False,"[""P"",""VX"",""LS"",""ST""]",171.39711447852758,36.54569933156785,"[277.49878593256443,0.630501383386577,59.58050454955765,349.6269804946872]","[101.42166478954464,0.2230370644973105,15.35411608488391,30.374955291791544]",43A5B4C3705D431FA1655500D3273B913FF1F641D8AE0F6A220EAE04D170E52B,323.763442528,0.850556183123,69.7450047543,350.102665969,4018037476,fmin_l_bfgs_b,1,116.3715276607642,2.6533140999963507,0,0,,completed_without_convergence_warning,False,False,,False,,False,,False
week7_phase3_new_data_replication,Phase 3B,F7F71204D643D1027D0FF4736F24213619BF6A09C2361C3C11F169797AC98A9C,057420703C13861B9A1B6C9026185A13E0CD582407A149A1D31E053E42FB70D2,width,T0 melt-pool width,T0,matern32_learned_nugget,Matérn 3/2 + learned nugget,Matern,1.5,True,101,P-324p489523844_VX-0p639524903021_LS-7p4699050731e-05_ST-392p096101418_M-TI64_XI-0p0002_XF-0p0014_XL-0p0012_TE-0p0021_DT-7p54328811939e-06_H-eed8ed7ef3,102,206.6124,204.01681865061184,2.595581349388169,2.595581349388169,6.737042541291709,3.5039372661768176,12.27757636530267,3.8887453556578255,15.122340441150309,3.8887453556578255,total predictive variance including learned WhiteKernel nugget,2.4471895019809535,2.4997764265372853,2.4997764265372853,197.14910160890528,210.8845356923184,196.3948777535225,211.63875954770117,True,True,"7.65**2 * Matern(length_scale=22.6, nu=1.5) + WhiteKernel(noise_level=0.00214)",58.5142257841948,22.553993112655338,0.002142111106381421,0.046282946172228716,2.8447640758476376,1.6866428418155508,0.046282946172228716,0.010120457092794336,166.656785,False,1e-08,numerical jitter only; separate from WhiteKernel nugget,163,164,True,False,False,False,True,True,False,"[""P"",""VX"",""LS"",""ST""]",171.20275233128834,36.44199389423467,"[277.4943314459632,0.6317960538166507,59.550111629455195,349.3693520563498]","[101.4196167609353,0.22369719912040775,15.32904209041571,30.191186348985557]",DFE351E9A41BD28938A2AFFD750CE57C85FDB89ACFBF6CF969B4F3E536699444,324.489523844,0.639524903021,74.699050731,392.096101418,3765862925,fmin_l_bfgs_b,1,115.9661319959956,2.301001699990593,0,0,,completed_without_convergence_warning,False,False,,False,,False,,False
week7_phase3_new_data_replication,Phase 3B,F7F71204D643D1027D0FF4736F24213619BF6A09C2361C3C11F169797AC98A9C,057420703C13861B9A1B6C9026185A13E0CD582407A149A1D31E053E42FB70D2,width,T0 melt-pool width,T0,matern32_learned_nugget,Matérn 3/2 + learned nugget,Matern,1.5,True,102,P-326p931045044_VX-0p255856443683_LS-6p48737236991e-05_ST-399p817710522_M-TI64_XI-0p0002_XF-0p0014_XL-0p0012_TE-0p0021_DT-1p88547942494e-05_H-9cf0389d20,103,254.3809,253.51201117712856,0.8688888228714404,0.8688888228714404,0.7549677865109173,5.2283557336606705,27.33570367770241,5.487319775501607,30.110678318611008,5.487319775501607,total predictive variance including learned WhiteKernel nugget,2.58684455938766,2.6339150139821643,2.6339150139821643,243.26443393915363,263.75958841510345,242.7568644171454,264.26715793711173,True,True,"7.61**2 * Matern(length_scale=22.2, nu=1.5) + WhiteKernel(noise_level=0.00215)",57.83978474632033,22.210399913140133,0.002145853519991691,0.04632335825468282,2.774974640908596,1.6658255133442383,0.04632335825468282,0.00999554571597093,166.656785,False,1e-08,numerical jitter only; separate from WhiteKernel nugget,163,164,True,False,False,False,True,True,False,"[""P"",""VX"",""LS"",""ST""]",170.90969404907975,35.9608106170895,"[277.47935278829453,0.6341498480457182,59.610389709405496,349.32198022135594]","[101.4124943932775,0.22173904523760943,15.369123073197692,30.11796163811373]",A990CA5FA461DB1AD46A927A32E15E4B1FED32257A8D2EABC1F94B6B704FE8BD,326.931045044,0.255856443683,64.8737236991,399.817710522,3326943375,fmin_l_bfgs_b,1,114.19671067555541,3.977357199997641,0,0,,completed_without_convergence_warning,False,False,,False,,False,,False
week7_phase3_new_data_replication,Phase 3B,F7F71204D643D1027D0FF4736F24213619BF6A09C2361C3C11F169797AC98A9C,057420703C13861B9A1B6C9026185A13E0CD582407A149A1D31E053E42FB70D2,width,T0 melt-pool width,T0,matern32_learned_nugget,Matérn 3/2 + learned nugget,Matern,1.5,True,103,P-328p176471421_VX-0p746856862244_LS-5p78341655667e-05_ST-308p284457774_M-TI64_XI-0p0002_XF-0p0014_XL-0p0012_TE-0p0021_DT-6p45923047225e-06_H-354781c6a2,104,166.606595,164.47438166763067,2.132213332369332,2.132213332369332,4.546333694733533,1.909742494540646,3.6471163954543293,2.572853437140419,6.619574809005267,2.572853437140419,total predictive variance including learned WhiteKernel nugget,2.1891847915466003,2.2073548369013998,2.2073548369013998,160.731286378331,168.21747695693034,159.43158893083546,169.51717440442587,True,True,"7.87**2 * Matern(length_scale=23.3, nu=1.5) + WhiteKernel(noise_level=0.00223)",61.929432496289294,23.2749058838966,0.002225691387642942,0.04717723378540694,2.972458413550939,1.7240819045367128,0.04717723378540694,0.010345104788483186,166.656785,False,1e-08,numerical jitter only; separate from WhiteKernel nugget,163,164,True,False,False,False,True,True,False,"[""P"",""VX"",""LS"",""ST""]",171.4481867177914,36.54478582570081,"[277.47171213567486,0.6311375755392089,59.65357718261041,349.88353391919634]","[101.4087213133698,0.22351543342335115,15.373961049265581,30.200787444606313]",FB1801A2CBD8BFF30865EA3206AD469CB14E1B1F2DDC392582F3B8EE4F834B3D,328.176471421,0.746856862244,57.8341655667,308.284457774,3684577539,fmin_l_bfgs_b,1,116.19513322190247,4.104060399986338,0,0,,completed_without_convergence_warning,False,False,,False,,False,,False
week7_phase3_new_data_replication,Phase 3B,F7F71204D643D1027D0FF4736F24213619BF6A09C2361C3C11F169797AC98A9C,057420703C13861B9A1B6C9026185A13E0CD582407A149A1D31E053E42FB70D2,width,T0 melt-pool width,T0,matern32_learned_nugget,Matérn 3/2 + learned nugget,Matern,1.5,True,104,P-335p17845091_VX-0p53366627312_LS-7p35439468085e-05_ST-327p916348879_M-TI64_XI-0p0002_XF-0p0014_XL-0p0012_TE-0p0021_DT-9p03958306155e-06_H-1d842653b1,105,215.1714,218.61665964273482,-3.4452596427348112,3.4452596427348112,11.869814005857199,2.1131176372478713,4.465266148848026,2.705724737884817,7.32094635720186,2.705724737884817,total predictive variance including learned WhiteKernel nugget,2.996230212641029,2.724983173007348,2.724983173007348,214.474949073729,222.75837021174064,213.31343915648057,223.91988012898906,True,True,"7.79**2 * Matern(length_scale=22.9, nu=1.5) + WhiteKernel(noise_level=0.00216)",60.639707846404356,22.916130267747114,0.0021571056916282415,0.04644465191632123,2.855680208353836,1.6898757967240776,0.04644465191632123,0.01013985597240507,166.656785,False,1e-08,numerical jitter only; separate from WhiteKernel nugget,163,164,True,False,False,False,True,True,False,"[""P"",""VX"",""LS"",""ST""]",171.15024312883435,36.38472304128162,"[277.4287552062945,0.632445493263896,59.557198156587106,349.7630928694725]","[101.38574795329349,0.2235649909796721,15.335775241294717,30.327034860863424]",A7007F03D2861FF66A62F792D2CEB3CDBD54060BB4CE06D4607676FF9EE92785,335.17845091,0.53366627312,73.5439468085,327.916348879,103595380,fmin_l_bfgs_b,1,116.07067399339618,2.7864222999778576,0,0,,completed_without_convergence_warning,False,False,,False,,False,,False
week7_phase3_new_data_replication,Phase 3B,F7F71204D643D1027D0FF4736F24213619BF6A09C2361C3C11F169797AC98A9C,057420703C13861B9A1B6C9026185A13E0CD582407A149A1D31E053E42FB70D2,width,T0 melt-pool width,T0,matern32_learned_nugget,Matérn 3/2 + learned nugget,Matern,1.5,True,105,P-336p384535968_VX-0p857000372961_LS-5p14827567032e-05_ST-367p720955238_M-TI64_XI-0p0002_XF-0p0014_XL-0p0012_TE-0p0021_DT-5p62907643359e-06_H-1d842653b1,106,150.49113,148.510125841728,1.9810041582719862,1.9810041582719862,3.9243774750909006,1.9876254596060494,3.950654967674159,2.612659480573483,6.825989561430502,2.612659480573483,total predictive variance including learned WhiteKernel nugget,2.102553509656743,2.1667656963479365,2.1667656963479365,144.61437994090016,152.40587174255586,143.389313259804,153.63093842365203,True,True,"7.64**2 * Matern(length_scale=22.6, nu=1.5) + WhiteKernel(noise_level=0.00216)",58.393231682928,22.64667889799614,0.002157103416069359,0.046444627418780735,2.8753345937563433,1.6956811592266818,0.046444627418780735,0.010174690212742804,166.656785,False,1e-08,numerical jitter only; separate from WhiteKernel nugget,163,164,True,False,False,False,True,True,False,"[""P"",""VX"",""LS"",""ST""]",171.547054601227,36.50973758357683,"[277.4213559114602,0.6304618484795954,59.6925428811595,349.51889283046023]","[101.38148891720833,0.22299748006209827,15.361246161897487,30.34170520647719]",2EBD0BFF5F09F0B298B8067E50DBDE5AEA7D9AF6E3E898F30E4034FB229931C7,336.384535968,0.857000372961,51.4827567032,367.720955238,782192827,fmin_l_bfgs_b,1,116.188223609691,2.182463600009214,0,0,,completed_without_convergence_warning,False,False,,False,,False,,False
week7_phase3_new_data_replication,Phase 3B,F7F71204D643D1027D0FF4736F24213619BF6A09C2361C3C11F169797AC98A9C,057420703C13861B9A1B6C9026185A13E0CD582407A149A1D31E053E42FB70D2,width,T0 melt-pool width,T0,matern32_learned_nugget,Matérn 3/2 + learned nugget,Matern,1.5,True,106,P-339p704237738_VX-0p701398887747_LS-5p24684299583e-05_ST-300p218383071_M-TI64_XI-0p0002_XF-0p0014_XL-0p0012_TE-0p0021_DT-6p87785607775e-06_H-1d842653b1,107,158.66603,157.21046402301673,1.45556597698328,1.45556597698328,2.1186723133512904,2.2082977412465548,4.876578913994636,2.786485927782447,7.764503825729605,2.786485927782447,total predictive variance including learned WhiteKernel nugget,1.928389867350893,2.0801530179455323,2.0801530179455323,152.88220045017349,161.53872759585997,151.74895160456313,162.67197644147032,True,True,"7.67**2 * Matern(length_scale=22.7, nu=1.5) + WhiteKernel(noise_level=0.00216)",58.88843745289844,22.702690904429033,0.002163789974682179,0.04651655592025466,2.88792491173497,1.6993895703266424,0.04651655592025466,0.010196941998650953,166.656785,False,1e-08,numerical jitter only; separate from WhiteKernel nugget,163,164,True,False,False,False,True,True,False,"[""P"",""VX"",""LS"",""ST""]",171.49690184049078,36.53300500664708,"[277.40098964293253,0.6314164588183316,59.686495805974836,349.9330190400737]","[101.3693077338053,0.22363125470699094,15.364282509363958,30.125884089808235]",3F5F41ECC585003731E5F2F3CFC28610C45574DAB0A3A24013E26F35B56B4886,339.704237738,0.701398887747,52.4684299583,300.218383071,970431991,fmin_l_bfgs_b,1,115.93748449871825,2.6911777000059374,0,0,,completed_without_convergence_warning,False,False,,False,,False,,False
week7_phase3_new_data_replication,Phase 3B,F7F71204D643D1027D0FF4736F24213619BF6A09C2361C3C11F169797AC98A9C,057420703C13861B9A1B6C9026185A13E0CD582407A149A1D31E053E42FB70D2,width,T0 melt-pool width,T0,matern32_learned_nugget,Matérn 3/2 + learned nugget,Matern,1.5,True,107,P-340p203296502_VX-0p374609743194_LS-5p54750053524e-05_ST-307p813155606_M-TI64_XI-0p0002_XF-0p0014_XL-0p0012_TE-0p0021_DT-1p28777232591e-05_H-22f5435fc5,108,215.03725000000003,211.56409536964202,3.4731546303580103,3.4731546303580103,12.062803086377286,2.285206217768895,5.222167457729618,2.876156795167104,8.272277910385908,2.876156795167104,total predictive variance including learned WhiteKernel nugget,2.9003561454987516,2.7045036104596285,2.7045036104596285,207.08509118281498,216.04309955646906,205.92682805111448,217.20136268816955,True,True,"8.07**2 * Matern(length_scale=23.9, nu=1.5) + WhiteKernel(noise_level=0.0023)",65.17426924197319,23.854038067038875,0.0023038472771614174,0.04799840911073426,3.050110452656287,1.7464565418745144,0.04799840911073426,0.01047936057253543,166.656785,False,1e-08,numerical jitter only; separate from WhiteKernel nugget,163,164,True,False,False,False,True,True,False,"[""P"",""VX"",""LS"",""ST""]",171.15106613496934,36.385717240031205,"[277.397927932724,0.6334213001959574,59.66805055815826,349.88642534353994]","[101.36741835571277,0.22278322565346062,15.37113066104084,30.196781782443672]",CB05280168C3BA59301A31754D64A573A1B34EDED650EBC48D2BCAA321B3C696,340.203296502,0.374609743194,55.4750053524,307.813155606,1988914205,fmin_l_bfgs_b,1,116.07053695023657,2.2790143999736756,0,0,,completed_without_convergence_warning,False,False,,False,,False,,False
week7_phase3_new_data_replication,Phase 3B,F7F71204D643D1027D0FF4736F24213619BF6A09C2361C3C11F169797AC98A9C,057420703C13861B9A1B6C9026185A13E0CD582407A149A1D31E053E42FB70D2,width,T0 melt-pool width,T0,matern32_learned_nugget,Matérn 3/2 + learned nugget,Matern,1.5,True,108,P-341p923576441_VX-0p300981342968_LS-7p54559898543e-05_ST-360p882535069_M-TI64_XI-0p0002_XF-0p0014_XL-0p0012_TE-0p0021_DT-1p60279722173e-05_H-1d842653b1,109,270.8769,265.78598761482584,5.090912385174136,5.090912385174136,25.917388913519407,3.1071068663798678,9.654113079104922,3.542956532015087,12.55254098774837,3.542956532015087,total predictive variance including learned WhiteKernel nugget,3.394928328315503,3.2162563653869114,3.2162563653869114,259.6960581567213,271.8759170729304,258.8417928120763,272.7301824175754,True,True,"8.24**2 * Matern(length_scale=23.7, nu=1.5) + WhiteKernel(noise_level=0.00227)",67.95423718116405,23.709535582462784,0.0022739808496979267,0.047686275275994526,2.8984279086434483,1.7024769921039897,0.047686275275994526,0.010215467627699584,166.656785,False,1e-08,numerical jitter only; separate from WhiteKernel nugget,163,164,True,False,False,False,True,True,False,"[""P"",""VX"",""LS"",""ST""]",170.80849159509202,35.70161398118305,"[277.3873740680675,0.633873008172804,59.54546783115274,349.5608463284295]","[101.36078905768854,0.22218255684721083,15.324336773149122,30.36210960178169]",63CF2EC5F0282E0F5A329BBDB1A1E8ABF6D2B48BCA2E72F993B711639DDF9544,341.923576441,0.300981342968,75.4559898543,360.882535069,3140995850,fmin_l_bfgs_b,1,113.69377096258003,4.852202300040517,0,0,,completed_without_convergence_warning,False,False,,False,,False,,False
week7_phase3_new_data_replication,Phase 3B,F7F71204D643D1027D0FF4736F24213619BF6A09C2361C3C11F169797AC98A9C,057420703C13861B9A1B6C9026185A13E0CD582407A149A1D31E053E42FB70D2,width,T0 melt-pool width,T0,matern32_learned_nugget,Matérn 3/2 + learned nugget,Matern,1.5,True,109,P-342p674555398_VX-0p462731136977_LS-5p8783513777e-05_ST-328p309527448_M-TI64_XI-0p0002_XF-0p0014_XL-0p0012_TE-0p0021_DT-1p04253209208e-05_H-add9572a86,110,199.02496,203.51930459564684,-4.494344595646851,4.494344595646851,20.199133344420055,2.2405381881073936,5.020011372367562,2.7726600643997115,7.687643832717012,2.7726600643997115,total predictive variance including learned WhiteKernel nugget,3.737515946024824,3.252485895016485,3.252485895016485,199.12784974695634,207.91075944433734,198.08489086942342,208.95371832187027,False,True,"7.52**2 * Matern(length_scale=22.2, nu=1.5) + WhiteKernel(noise_level=0.002)",56.604753234595535,22.196572272444204,0.0020042918139154477,0.04476931777362089,2.6676324603494495,1.633288847800489,0.04476931777362089,0.009800314147428735,166.656785,False,1e-08,numerical jitter only; separate from WhiteKernel nugget,163,164,True,False,False,False,True,True,False,"[""P"",""VX"",""LS"",""ST""]",171.24930104294478,36.48232604435309,"[277.38276683520246,0.6328806781482089,59.647752960461325,349.7606807310123]","[101.35783842708264,0.22330309326084027,15.374469373697467,30.328756716609444]",19DCED066893F6E55A6151CFC888164CB79A04E63546EC1FA1386FC144F240FF,342.674555398,0.462731136977,58.783513777,328.309527448,2661755564,fmin_l_bfgs_b,1,117.09506374041777,1.9904610999510624,0,0,,completed_without_convergence_warning,False,False,,False,,False,,False
week7_phase3_new_data_replication,Phase 3B,F7F71204D643D1027D0FF4736F24213619BF6A09C2361C3C11F169797AC98A9C,057420703C13861B9A1B6C9026185A13E0CD582407A149A1D31E053E42FB70D2,width,T0 melt-pool width,T0,matern32_learned_nugget,Matérn 3/2 + learned nugget,Matern,1.5,True,110,P-347p783460623_VX-0p850325890926_LS-5p3362114496e-05_ST-354p131736173_M-TI64_XI-0p0002_XF-0p0014_XL-0p0012_TE-0p0021_DT-5p67326086915e-06_H-d1ce08951f,111,154.16641,154.85451129677912,-0.6881012967791094,0.6881012967791094,0.47348339462909195,2.082024043795982,4.3348241189445735,2.6830789377413287,7.1989125861511365,2.6830789377413287,total predictive variance including learned WhiteKernel nugget,1.7068929624397402,1.9387892836818905,1.9387892836818905,150.773744170939,158.93527842261923,149.59567657880612,160.11334601475212,True,True,"7.62**2 * Matern(length_scale=22.6, nu=1.5) + WhiteKernel(noise_level=0.00215)",58.11948198566049,22.555746271858396,0.002147271182482499,0.046338657538630736,2.864088467206564,1.692361801508934,0.046338657538630736,0.010154772885537986,166.656785,False,1e-08,numerical jitter only; separate from WhiteKernel nugget,163,164,True,False,False,False,True,True,False,"[""P"",""VX"",""LS"",""ST""]",171.52450687116564,36.52159754731949,"[277.351423858362,0.6305027962221414,59.68101307874967,349.60226227257675]","[101.33685125311844,0.22303845770339864,15.36669764493906,30.372918699677385]",DD9C1448416E52C565C083E7C3DB69FA98F59117E134004F5C4C8E6A2402978A,347.783460623,0.850325890926,53.362114496,354.131736173,66478994,fmin_l_bfgs_b,1,116.03735497492082,4.224110399954952,0,0,,completed_without_convergence_warning,False,False,,False,,False,,False
week7_phase3_new_data_replication,Phase 3B,F7F71204D643D1027D0FF4736F24213619BF6A09C2361C3C11F169797AC98A9C,057420703C13861B9A1B6C9026185A13E0CD582407A149A1D31E053E42FB70D2,width,T0 melt-pool width,T0,matern32_learned_nugget,Matérn 3/2 + learned nugget,Matern,1.5,True,111,P-348p497115387_VX-0p94790268949_LS-7p31988762132e-05_ST-305p038657876_M-TI64_XI-0p0002_XF-0p0014_XL-0p0012_TE-0p0021_DT-5p08925721649e-06_H-1d842653b1,112,178.131745,180.44837873875437,-2.3166337387543763,2.3166337387543763,5.3667918795350795,2.6427976690604926,6.984379519591573,3.133117517331966,9.816425377412422,3.133117517331966,total predictive variance including learned WhiteKernel nugget,2.2749762298624567,2.3343248025216212,2.3343248025216212,175.2684953073958,185.62826217011295,174.30746840478372,186.58928907272502,True,True,"7.7**2 * Matern(length_scale=22.8, nu=1.5) + WhiteKernel(noise_level=0.00212)",59.293664575105254,22.76332506432305,0.0021207692579536153,0.046051810582794846,2.8320458578208485,1.6828683423907078,0.046051810582794846,0.010097808753425237,166.656785,False,1e-08,numerical jitter only; separate from WhiteKernel nugget,163,164,True,False,False,False,True,True,False,"[""P"",""VX"",""LS"",""ST""]",171.3774802760736,36.542935469717115,"[277.3470456082761,0.6299041655561047,59.55931515410428,349.9034468020062]","[101.33379268549322,0.2223155349968522,15.337681933088033,30.172269014143495]",20B54927E4D31FFD725A919DB78FA436DB0E63B50BBA1E74FEB41319FD896533,348.497115387,0.94790268949,73.19887621320001,305.038657876,2494217631,fmin_l_bfgs_b,1,116.45270214537211,3.983093300019391,0,0,,completed_without_convergence_warning,False,False,,False,,False,,False
week7_phase3_new_data_replication,Phase 3B,F7F71204D643D1027D0FF4736F24213619BF6A09C2361C3C11F169797AC98A9C,057420703C13861B9A1B6C9026185A13E0CD582407A149A1D31E053E42FB70D2,width,T0 melt-pool width,T0,matern32_learned_nugget,Matérn 3/2 + learned nugget,Matern,1.5,True,112,P-352p513614722_VX-0p929202686833_LS-7p33895545023e-05_ST-314p010655484_M-TI64_XI-0p0002_XF-0p0014_XL-0p0012_TE-0p0021_DT-5p19167741481e-06_H-1553ff852f,113,182.69935,180.9507253905008,1.7486246094992168,1.7486246094992168,3.0576880249462888,2.0283256859878724,4.114105088438174,2.6468472174990465,7.005800192782445,2.6468472174990465,total predictive variance including learned WhiteKernel nugget,1.9977595459980695,2.1105332017674447,2.1105332017674447,176.97520704596457,184.92624373503702,175.76290484420267,186.13854593679892,True,True,"7.71**2 * Matern(length_scale=22.9, nu=1.5) + WhiteKernel(noise_level=0.00217)",59.49539975391168,22.8634319260422,0.0021662603899127823,0.046543102495566216,2.8916951043442713,1.7004984870161663,0.046543102495566216,0.010203595893297512,166.656785,False,1e-08,numerical jitter only; separate from WhiteKernel nugget,163,164,True,False,False,False,True,True,False,"[""P"",""VX"",""LS"",""ST""]",171.3494581595092,36.53599343056598,"[277.3224045080614,0.6300188894987857,59.55814534864968,349.84840387189575]","[101.31599839058323,0.2224747237107746,15.336634291453157,30.24579179957018]",C81EB61551BD6C81DEBD953C3FC076B90C314972E0F5CC7266E3F1CC443CAF10,352.513614722,0.929202686833,73.3895545023,314.010655484,222257548,fmin_l_bfgs_b,1,116.2320199728654,2.4780287999892607,0,0,,completed_without_convergence_warning,False,False,,False,,False,,False
week7_phase3_new_data_replication,Phase 3B,F7F71204D643D1027D0FF4736F24213619BF6A09C2361C3C11F169797AC98A9C,057420703C13861B9A1B6C9026185A13E0CD582407A149A1D31E053E42FB70D2,width,T0 melt-pool width,T0,matern32_learned_nugget,Matérn 3/2 + learned nugget,Matern,1.5,True,113,P-353p971838789_VX-0p831374608218_LS-4p0859447809e-05_ST-397p346534493_M-TI64_XI-0p0002_XF-0p0014_XL-0p0012_TE-0p0021_DT-5p80258352291e-06_H-eac21b41c2,114,126.655505,128.45229852751018,-1.7967935275101752,1.7967935275101752,3.228466980502459,1.924947466510606,3.705422748825601,2.5646137378350633,6.5772436242923344,2.5646137378350633,total predictive variance including learned WhiteKernel nugget,2.0094780535236385,2.106173459491596,2.106173459491596,124.6794014931494,132.22519556187098,123.42565560135345,133.4789414536669,True,True,"7.68**2 * Matern(length_scale=22.7, nu=1.5) + WhiteKernel(noise_level=0.00217)",58.96220336329172,22.675269354499868,0.002170202942405726,0.04658543702065836,2.871820875466734,1.6946447637976327,0.04658543702065836,0.010168471471459339,166.656785,False,1e-08,numerical jitter only; separate from WhiteKernel nugget,163,164,True,False,False,False,True,True,False,"[""P"",""VX"",""LS"",""ST""]",171.69328542944785,36.37713569255862,"[277.3134583481412,0.6306190617602273,59.757716555357035,349.33714081049084]","[101.3092940413605,0.22314805044349542,15.303631990695665,30.142743885507308]",075F08052E6021D631E00E1A74C1781C52B2D4AE8553DC5BFB58861ED7043ADC,353.971838789,0.831374608218,40.859447809,397.346534493,2281584950,fmin_l_bfgs_b,1,115.30756103559654,4.013429900049232,0,0,,completed_without_convergence_warning,False,False,,False,,False,,False
week7_phase3_new_data_replication,Phase 3B,F7F71204D643D1027D0FF4736F24213619BF6A09C2361C3C11F169797AC98A9C,057420703C13861B9A1B6C9026185A13E0CD582407A149A1D31E053E42FB70D2,width,T0 melt-pool width,T0,matern32_learned_nugget,Matérn 3/2 + learned nugget,Matern,1.5,True,114,P-354p619445985_VX-0p364015239092_LS-5p30095356481e-05_ST-318p142674345_M-TI64_XI-0p0002_XF-0p0014_XL-0p0012_TE-0p0021_DT-1p32525237544e-05_H-1553ff852f,115,212.8481,208.9571164434089,3.8909835565910953,3.8909835565910953,15.13975303766229,1.773796246221959,3.1463531231111124,2.451924035454911,6.011931475641496,2.451924035454911,total predictive variance including learned WhiteKernel nugget,3.897981385373199,3.074953752577673,3.074953752577673,205.48047580081385,212.43375708600394,204.15134533391728,213.7628875529005,False,True,"7.93**2 * Matern(length_scale=23.3, nu=1.5) + WhiteKernel(noise_level=0.00216)",62.82328422664312,23.3395632787379,0.0021625869601987887,0.04650362308679603,2.865578352530383,1.692801923596019,0.04650362308679603,0.010157413774638812,166.656785,False,1e-08,numerical jitter only; separate from WhiteKernel nugget,163,164,True,False,False,False,True,True,False,"[""P"",""VX"",""LS"",""ST""]",171.16449650306748,36.401506188808405,"[277.30948529785894,0.6334862971536384,59.683176139166235,349.82305406293256]","[101.30627490534668,0.22270614915126571,15.365783184204915,30.27407295412994]",71D1E0C395D32D0F0D9EE5938BC148F0ADF692AE1811E2685C67E5EAB05D6557,354.619445985,0.364015239092,53.0095356481,318.142674345,3945274763,fmin_l_bfgs_b,1,116.60243245414094,4.2762305999640375,0,0,,completed_without_convergence_warning,False,False,,False,,False,,False
week7_phase3_new_data_replication,Phase 3B,F7F71204D643D1027D0FF4736F24213619BF6A09C2361C3C11F169797AC98A9C,057420703C13861B9A1B6C9026185A13E0CD582407A149A1D31E053E42FB70D2,width,T0 melt-pool width,T0,matern32_learned_nugget,Matérn 3/2 + learned nugget,Matern,1.5,True,115,P-355p313197397_VX-0p977425276438_LS-4p00293473664e-05_ST-317p253821106_M-TI64_XI-0p0002_XF-0p0014_XL-0p0012_TE-0p0021_DT-4p9355390323e-06_H-4dbd940f3b,116,118.71622,119.90553032241536,-1.189310322415352,1.189310322415352,1.4144590430037087,2.996895885816719,8.981384950425177,3.440732264243844,11.838638514208569,3.440732264243844,total predictive variance including learned WhiteKernel nugget,2.0952595085360906,2.2143619419688663,2.2143619419688663,114.03161438621459,125.77944625861613,113.16169508449742,126.6493655603333,True,True,"7.63**2 * Matern(length_scale=22.5, nu=1.5) + WhiteKernel(noise_level=0.00217)",58.15337377733021,22.536142972153677,0.00216701638597509,0.046551223248966184,2.857253563783395,1.690341256605717,0.046551223248966184,0.010142648897287422,166.656785,False,1e-08,numerical jitter only; separate from WhiteKernel nugget,163,164,True,False,False,False,True,True,False,"[""P"",""VX"",""LS"",""ST""]",171.74199269938651,36.31142510617605,"[277.305229154227,0.6297230453907795,59.76280919610919,349.8285071502884]","[101.30301219501591,0.22204419665944292,15.297202835197885,30.26828546094618]",431A59120386CD5ED7A53836232A771F2F8B26446041C7DC9E35392B77C22888,355.313197397,0.977425276438,40.0293473664,317.253821106,488731372,fmin_l_bfgs_b,1,115.38283447937025,4.982409399992321,0,0,,completed_without_convergence_warning,False,False,,False,,False,,False
week7_phase3_new_data_replication,Phase 3B,F7F71204D643D1027D0FF4736F24213619BF6A09C2361C3C11F169797AC98A9C,057420703C13861B9A1B6C9026185A13E0CD582407A149A1D31E053E42FB70D2,width,T0 melt-pool width,T0,matern32_learned_nugget,Matérn 3/2 + learned nugget,Matern,1.5,True,116,P-358p08766286_VX-0p398145183006_LS-4p39068251559e-05_ST-301p093308231_M-TI64_XI-0p0002_XF-0p0014_XL-0p0012_TE-0p0021_DT-1p21164861687e-05_H-3d091b92d3,117,178.0311,182.11456641985077,-4.083466419850765,4.083466419850765,16.674698002048828,2.5818724634313357,6.666065417424994,3.0712026575683313,9.43228576385478,3.0712026575683313,total predictive variance including learned WhiteKernel nugget,3.118168578804809,2.924923837205878,2.924923837205878,177.05409639152535,187.1750364481762,176.09500921101684,188.1341236286847,True,True,"7.55**2 * Matern(length_scale=22.4, nu=1.5) + WhiteKernel(noise_level=0.00207)",57.025708736869014,22.41990898465551,0.002071463174779496,0.04551332963846411,2.7662203464297863,1.6631958232360333,0.04551332963846411,0.009979766639780271,166.656785,False,1e-08,numerical jitter only; separate from WhiteKernel nugget,163,164,True,False,False,False,True,True,False,"[""P"",""VX"",""LS"",""ST""]",171.3780977300613,36.54304873863672,"[277.2882078937178,0.6332769109946568,59.73902098881163,349.9276514010553]","[101.28966964731548,0.22294323427493457,15.32483141239531,30.134662227046977]",241EA156ED803F5046C5DE91959048F4DE5F69783DE6EE8F362B5343DC09144F,358.08766286,0.398145183006,43.9068251559,301.093308231,1375939929,fmin_l_bfgs_b,1,116.90869899435339,4.130491700023413,0,0,,completed_without_convergence_warning,False,False,,False,,False,,False
week7_phase3_new_data_replication,Phase 3B,F7F71204D643D1027D0FF4736F24213619BF6A09C2361C3C11F169797AC98A9C,057420703C13861B9A1B6C9026185A13E0CD582407A149A1D31E053E42FB70D2,width,T0 melt-pool width,T0,matern32_learned_nugget,Matérn 3/2 + learned nugget,Matern,1.5,True,117,P-360p567405001_VX-0p20359066256_LS-4p0817768449e-05_ST-337p353350673_M-TI64_XI-0p0002_XF-0p0014_XL-0p0012_TE-0p0021_DT-2p36951957538e-05_H-a3855470b8,118,206.7345,213.64038226994674,-6.905882269946744,6.905882269946744,47.6912099263648,2.691477378615772,7.2440504796004275,3.183251476134035,10.133089960309514,3.183251476134035,total predictive variance including learned WhiteKernel nugget,5.200779035498172,4.430082902679363,4.430082902679363,208.36508660785984,218.91567793203365,207.40120937672404,219.87955516316944,False,False,"8.19**2 * Matern(length_scale=24.2, nu=1.5) + WhiteKernel(noise_level=0.00218)",67.02884687390306,24.19655007432594,0.0021755375999166575,0.04664265858542647,2.8890394807090862,1.6997174708489309,0.04664265858542647,0.010198909518438933,166.656785,False,1e-08,numerical jitter only; separate from WhiteKernel nugget,163,164,True,False,False,False,True,True,False,"[""P"",""VX"",""LS"",""ST""]",171.2020032515337,36.44126476486932,"[277.2729947517485,0.6344704970096628,59.75797225695212,349.70519715294483]","[101.27734590714,0.2211532130044906,15.303315874308277,30.359660659360877]",A31E1C2F06116911FE7410A5B26388368BA3553602749B8E4797944474BB83E6,360.567405001,0.20359066256,40.817768449,337.353350673,1042385720,fmin_l_bfgs_b,1,118.36314452942,2.4942007000208832,0,0,,completed_without_convergence_warning,False,False,,False,,False,,False
week7_phase3_new_data_replication,Phase 3B,F7F71204D643D1027D0FF4736F24213619BF6A09C2361C3C11F169797AC98A9C,057420703C13861B9A1B6C9026185A13E0CD582407A149A1D31E053E42FB70D2,width,T0 melt-pool width,T0,matern32_learned_nugget,Matérn 3/2 + learned nugget,Matern,1.5,True,118,P-363p673556898_VX-0p448546579177_LS-4p04529881073e-05_ST-391p93586396_M-TI64_XI-0p0002_XF-0p0014_XL-0p0012_TE-0p0021_DT-1p07550047798e-05_H-f55fc58583,119,158.6812,163.25511362463786,-4.573913624637868,4.573913624637868,20.920685845647917,2.0526597879680106,4.213412205140878,2.6078481036541956,6.8008717317327845,2.6078481036541956,total predictive variance including learned WhiteKernel nugget,4.120704795774594,3.4155524804957107,3.4155524804957107,159.23190044022056,167.27832680905516,158.14373134147564,168.36649590780007,False,True,"7.21**2 * Matern(length_scale=21.5, nu=1.5) + WhiteKernel(noise_level=0.00194)",52.04286599836301,21.51781880836924,0.0019386615449307077,0.044030234441014594,2.587459526591906,1.6085582136161272,0.044030234441014594,0.009651921544125114,166.656785,False,1e-08,numerical jitter only; separate from WhiteKernel nugget,163,164,True,False,False,False,True,True,False,"[""P"",""VX"",""LS"",""ST""]",171.4968087730061,36.533037673715846,"[277.2539386051411,0.6329676999752027,59.760210173158875,349.3703351082394]","[101.26137811912922,0.2232339939907373,15.300519017818523,30.192574913286794]",6828440E4DEF90D636271E11E2E90DDC73262A7B5E8BEAD3A8C188BE3DCEF7E0,363.673556898,0.448546579177,40.4529881073,391.93586396,3366931752,fmin_l_bfgs_b,1,117.31337480828248,3.359537000011187,0,0,,completed_without_convergence_warning,False,False,,False,,False,,False
week7_phase3_new_data_replication,Phase 3B,F7F71204D643D1027D0FF4736F24213619BF6A09C2361C3C11F169797AC98A9C,057420703C13861B9A1B6C9026185A13E0CD582407A149A1D31E053E42FB70D2,width,T0 melt-pool width,T0,matern32_learned_nugget,Matérn 3/2 + learned nugget,Matern,1.5,True,119,P-364p483174853_VX-0p95103094401_LS-4p26115279421e-05_ST-393p929813999_M-TI64_XI-0p0002_XF-0p0014_XL-0p0012_TE-0p0021_DT-5p07251697056e-06_H-1ef68d8f61,120,126.62735,127.44243877566639,-0.815088775666382,0.815088775666382,0.6643697122173217,2.028736565116829,4.115772050642031,2.6579360721746412,7.06462416376716,2.6579360721746412,total predictive variance including learned WhiteKernel nugget,1.7070619679718468,1.9435093236713221,1.9435093236713221,123.4661151080374,131.41876244329538,122.2328840742041,132.65199347712868,True,True,"7.81**2 * Matern(length_scale=23.1, nu=1.5) + WhiteKernel(noise_level=0.00223)",61.033717686197186,23.085455787038292,0.0022284407971728216,0.0472063639478071,2.9488521131251293,1.7172222084299775,0.0472063639478071,0.010303944171429788,166.656785,False,1e-08,numerical jitter only; separate from WhiteKernel nugget,163,164,True,False,False,False,True,True,False,"[""P"",""VX"",""LS"",""ST""]",171.6934581595092,36.376921771153455,"[277.2489716238221,0.6298849738105832,59.74696759748526,349.3581022859142]","[101.25711907464968,0.22228794569758786,15.316281432521993,30.1749174897414]",181CDDCEE351002D90763AE05A390ACF689B39B638CCE3CB24656CE8BA23490B,364.483174853,0.95103094401,42.6115279421,393.929813999,3868168901,fmin_l_bfgs_b,1,115.30532559323458,3.8069229999673553,1,1,"ConvergenceWarning: lbfgs failed to converge after 14 iteration(s) (status=2):
ABNORMAL: 

You might also want to scale the data as shown in:
    https://scikit-learn.org/stable/modules/preprocessing.html",completed_with_convergence_warning,False,False,,False,,False,,False
week7_phase3_new_data_replication,Phase 3B,F7F71204D643D1027D0FF4736F24213619BF6A09C2361C3C11F169797AC98A9C,057420703C13861B9A1B6C9026185A13E0CD582407A149A1D31E053E42FB70D2,width,T0 melt-pool width,T0,matern32_learned_nugget,Matérn 3/2 + learned nugget,Matern,1.5,True,120,P-367p938083726_VX-0p695829187084_LS-4p35800266683e-05_ST-364p389584597_M-TI64_XI-0p0002_XF-0p0014_XL-0p0012_TE-0p0021_DT-6p93290924348e-06_H-c87ffcf9e3,121,142.59033,142.26662588975415,0.323704110245842,0.323704110245842,0.10478435099005223,1.2855949373488609,1.6527543429370215,2.1573130610267395,4.653999643276561,2.1573130610267395,total predictive variance including learned WhiteKernel nugget,1.2018600476720231,1.699059478869711,1.699059478869711,139.74685981255038,144.78639196695792,138.03829229014175,146.49495948936655,True,True,"7.84**2 * Matern(length_scale=23.2, nu=1.5) + WhiteKernel(noise_level=0.00226)",61.43235756930697,23.179112068760258,0.002255669046002182,0.04749388430105693,3.001245300339538,1.7324102575139462,0.04749388430105693,0.010395077869250544,166.656785,False,1e-08,numerical jitter only; separate from WhiteKernel nugget,163,164,True,False,False,False,True,True,False,"[""P"",""VX"",""LS"",""ST""]",171.59552576687113,36.47649130006815,"[277.2277758638651,0.6314506287610494,59.74102588750857,349.53933068715344]","[101.23849314443108,0.2236415193765705,15.322738485769026,30.352835013241176]",27CD49DADE239DCB18B5DBA5E3B53087D0944ECB473489B583F0884F55A0328A,367.938083726,0.695829187084,43.5800266683,364.389584597,1200019861,fmin_l_bfgs_b,1,115.44907494283692,3.3026159000000916,0,0,,completed_without_convergence_warning,False,False,,False,,False,,False
week7_phase3_new_data_replication,Phase 3B,F7F71204D643D1027D0FF4736F24213619BF6A09C2361C3C11F169797AC98A9C,057420703C13861B9A1B6C9026185A13E0CD582407A149A1D31E053E42FB70D2,width,T0 melt-pool width,T0,matern32_learned_nugget,Matérn 3/2 + learned nugget,Matern,1.5,True,121,P-369p066732517_VX-0p471239257303_LS-5p48020687799e-05_ST-388p757421411_M-TI64_XI-0p0002_XF-0p0014_XL-0p0012_TE-0p0021_DT-1p02370940626e-05_H-1553ff852f,122,190.909525,193.679300757842,-2.769775757841984,2.769775757841984,7.671657748729136,3.239403012036963,10.493731874394147,3.6458810998188476,13.29244899401629,3.6458810998188476,total predictive variance including learned WhiteKernel nugget,2.4598628376502107,2.5011086191091594,2.5011086191091594,187.33007085424953,200.02853066143444,186.53337380219705,200.82522771348692,True,True,"7.53**2 * Matern(length_scale=22.3, nu=1.5) + WhiteKernel(noise_level=0.0021)",56.67787194836565,22.292795822300615,0.002099059822299425,0.045815497621431826,2.7987171196221414,1.6729366753174317,0.045815497621431826,0.010038215217684845,166.656785,False,1e-08,numerical jitter only; separate from WhiteKernel nugget,163,164,True,False,False,False,True,True,False,"[""P"",""VX"",""LS"",""ST""]",171.29908898773007,36.514645964138914,"[277.2208516381534,0.6328284810909942,59.67217900338832,349.38983475577925]","[101.2322499695582,0.22334186183327676,15.36991350196835,30.219021274168778]",270C972C5586FBF13DC07568382AD2B175AF2079D9BB9BED6ADE2B825BCE1987,369.066732517,0.471239257303,54.8020687799,388.757421411,1568798704,fmin_l_bfgs_b,1,116.4051139172602,4.959262000047602,0,0,,completed_without_convergence_warning,False,False,,False,,False,,False
week7_phase3_new_data_replication,Phase 3B,F7F71204D643D1027D0FF4736F24213619BF6A09C2361C3C11F169797AC98A9C,057420703C13861B9A1B6C9026185A13E0CD582407A149A1D31E053E42FB70D2,width,T0 melt-pool width,T0,matern32_learned_nugget,Matérn 3/2 + learned nugget,Matern,1.5,True,122,P-370p938359136_VX-0p662619902131_LS-4p40125404953e-05_ST-395p513826563_M-TI64_XI-0p0002_XF-0p0014_XL-0p0012_TE-0p0021_DT-7p28037384253e-06_H-3273b99318,123,143.05909,144.38589915507606,-1.326809155076063,1.326809155076063,1.7604225339936561,1.9740834081894423,3.8970053024888442,2.606417516676852,6.793412271239927,2.606417516676852,total predictive variance including learned WhiteKernel nugget,1.8249113613877141,2.0064835697746704,2.0064835697746704,140.51669567502475,148.25510263512737,139.27732082238944,149.49447748776268,True,True,"7.75**2 * Matern(length_scale=22.9, nu=1.5) + WhiteKernel(noise_level=0.00218)",60.05460530372121,22.858795748361732,0.0021766042008314283,0.046654090933501514,2.896406968751085,1.701883359326098,0.046654090933501514,0.010211905619840788,166.656785,False,1e-08,numerical jitter only; separate from WhiteKernel nugget,163,164,True,False,False,False,True,True,False,"[""P"",""VX"",""LS"",""ST""]",171.5926499386503,36.4787594243746,"[277.20936926625774,0.6316543667055464,59.73837242844722,349.3483844174234]","[101.2217249122869,0.22368494450619866,15.325499179613246,30.160302945830527]",E1D819354A7A6610CA52B4994568843FE94AA510AB7435B3545653A71EBB6E45,370.938359136,0.662619902131,44.0125404953,395.513826563,1879914504,fmin_l_bfgs_b,1,115.61547546841368,2.9496532999910414,0,0,,completed_without_convergence_warning,False,False,,False,,False,,False
week7_phase3_new_data_replication,Phase 3B,F7F71204D643D1027D0FF4736F24213619BF6A09C2361C3C11F169797AC98A9C,057420703C13861B9A1B6C9026185A13E0CD582407A149A1D31E053E42FB70D2,width,T0 melt-pool width,T0,matern32_learned_nugget,Matérn 3/2 + learned nugget,Matern,1.5,True,123,P-372p630059968_VX-0p727703112845_LS-4p39975555357e-05_ST-362p949632289_M-TI64_XI-0p0002_XF-0p0014_XL-0p0012_TE-0p0021_DT-6p62924277478e-06_H-54d2aec398,124,142.54297,141.77034832519914,0.7726216748008596,0.7726216748008596,0.5969442523720853,1.1041915359452739,1.2192389480531831,2.056337383428728,4.228523434486507,2.056337383428728,total predictive variance including learned WhiteKernel nugget,1.2628539531585414,1.7104503899106773,1.7104503899106773,139.6061329147464,143.93456373565186,137.73992705367883,145.80076959671945,True,True,"7.86**2 * Matern(length_scale=23.3, nu=1.5) + WhiteKernel(noise_level=0.00226)",61.7770169835671,23.25115993919923,0.002261739793984513,0.04755775219650854,3.009284486433324,1.7347289374519939,0.04755775219650854,0.01040899077377494,166.656785,False,1e-08,numerical jitter only; separate from WhiteKernel nugget,163,164,True,False,False,False,True,True,False,"[""P"",""VX"",""LS"",""ST""]",171.5958163190184,36.47626006973789,"[277.19899073354605,0.6312550832042334,59.7384643607147,349.54816475039274]","[101.21202690568713,0.22357119730494535,15.325404800379602,30.356946006390903]",7B3C51FA6EFD930EE92260A34327157C8E1671E022285CC0DBDF9A386E41D852,372.630059968,0.727703112845,43.9975555357,362.949632289,312653140,fmin_l_bfgs_b,1,115.47512678352834,2.8281784999999218,0,0,,completed_without_convergence_warning,False,False,,False,,False,,False
week7_phase3_new_data_replication,Phase 3B,F7F71204D643D1027D0FF4736F24213619BF6A09C2361C3C11F169797AC98A9C,057420703C13861B9A1B6C9026185A13E0CD582407A149A1D31E053E42FB70D2,width,T0 melt-pool width,T0,matern32_learned_nugget,Matérn 3/2 + learned nugget,Matern,1.5,True,124,P-373p935133861_VX-0p314504521571_LS-4p29297292387e-05_ST-349p298273812_M-TI64_XI-0p0002_XF-0p0014_XL-0p0012_TE-0p0021_DT-1p53387956997e-05_H-c87ffcf9e3,125,199.01432,197.090939630878,1.9233803691219862,1.9233803691219862,3.6993920443238277,1.581399524628191,2.5008244564942683,2.3776726674048376,5.653327313324036,2.3776726674048376,total predictive variance including learned WhiteKernel nugget,2.1168832535386466,2.1122478164036727,2.1122478164036727,193.99139656260675,200.19048269914927,192.43070120276454,201.75117805899148,True,True,"8.2**2 * Matern(length_scale=24.3, nu=1.5) + WhiteKernel(noise_level=0.00237)",67.18419575020246,24.29501969227413,0.002368586584492383,0.04866812698771531,3.1525028568297686,1.7755288949577162,0.04866812698771531,0.010653805033846752,166.656785,False,1e-08,numerical jitter only; separate from WhiteKernel nugget,163,164,True,False,False,False,True,True,False,"[""P"",""VX"",""LS"",""ST""]",171.2493663190184,36.482375732394445,"[277.1909841452454,0.6337900438868961,59.74501544229139,349.63191541589583]","[101.20442540965199,0.22230428691730678,15.318444895159534,30.374966830494554]",FA494F2B5899AC3F5F5F68CA26C90E8FB4F40D73B38D8D31DAA9460359CADB47,373.935133861,0.314504521571,42.9297292387,349.298273812,1021552073,fmin_l_bfgs_b,1,116.07096760528188,3.425903900002595,0,0,,completed_without_convergence_warning,False,False,,False,,False,,False
week7_phase3_new_data_replication,Phase 3B,F7F71204D643D1027D0FF4736F24213619BF6A09C2361C3C11F169797AC98A9C,057420703C13861B9A1B6C9026185A13E0CD582407A149A1D31E053E42FB70D2,width,T0 melt-pool width,T0,matern32_learned_nugget,Matérn 3/2 + learned nugget,Matern,1.5,True,125,P-374p135097027_VX-0p852003077267_LS-4p24872306812e-05_ST-324p485874926_M-TI64_XI-0p0002_XF-0p0014_XL-0p0012_TE-0p0021_DT-5p66209293338e-06_H-c87ffcf9e3,126,134.50196,132.25852787542448,2.24343212457552,2.24343212457552,5.032987697577432,1.5814312066177239,2.50092466126439,2.3413989551408907,5.482149067134855,2.3413989551408907,total predictive variance including learned WhiteKernel nugget,2.383494169668541,2.2287213166089437,2.2287213166089437,129.15892271045374,135.35813304039522,127.66938592334833,136.84766982750062,True,True,"7.85**2 * Matern(length_scale=23.3, nu=1.5) + WhiteKernel(noise_level=0.00225)",61.6772475025044,23.267888810225685,0.002246163038905158,0.04739370252370201,2.9812244058704653,1.7266222533809952,0.04739370252370201,0.010360347785306161,166.656785,False,1e-08,numerical jitter only; separate from WhiteKernel nugget,163,164,True,False,False,False,True,True,False,"[""P"",""VX"",""LS"",""ST""]",171.64514766871167,36.43147003586597,"[277.1897573773559,0.6304925067353868,59.74773015736808,349.7841387219448]","[101.20325148161851,0.22302827739506018,15.315425164092066,30.310671991451176]",6BDE936A4F1E1A706C9309EEDB07915E19FA6A3D8A86E1FBEDFA3FD263F8CDD5,374.135097027,0.852003077267,42.4872306812,324.485874926,572056599,fmin_l_bfgs_b,1,115.83189418149729,3.5798853999585845,0,0,,completed_without_convergence_warning,False,False,,False,,False,,False
week7_phase3_new_data_replication,Phase 3B,F7F71204D643D1027D0FF4736F24213619BF6A09C2361C3C11F169797AC98A9C,057420703C13861B9A1B6C9026185A13E0CD582407A149A1D31E053E42FB70D2,width,T0 melt-pool width,T0,matern32_learned_nugget,Matérn 3/2 + learned nugget,Matern,1.5,True,126,P-375p190327887_VX-0p471971299611_LS-7p58652830639e-05_ST-330p289975384_M-TI64_XI-0p0002_XF-0p0014_XL-0p0012_TE-0p0021_DT-1p02212160082e-05_H-1553ff852f,127,239.2688,236.12663578982654,3.142164210173462,3.142164210173462,9.873195923695016,2.876306370796012,8.273138338681726,3.3253945244944108,11.058248743537408,3.3253945244944108,total predictive variance including learned WhiteKernel nugget,2.572147466156014,2.566944553509055,2.566944553509055,230.48907530306636,241.76419627658672,229.60886252181749,242.6444090578356,True,True,"7.91**2 * Matern(length_scale=22.9, nu=1.5) + WhiteKernel(noise_level=0.00213)",62.4957614165678,22.909529953854584,0.0021305144479008696,0.04615749611819157,2.7851104048556836,1.668865004982633,0.04615749611819157,0.010013783747134165,166.656785,False,1e-08,numerical jitter only; separate from WhiteKernel nugget,163,164,True,False,False,False,True,True,False,"[""P"",""VX"",""LS"",""ST""]",171.00240631901838,36.155882474848994,"[277.1832835683988,0.6328239900338899,59.542956829866846,349.7485307436749]","[101.19701589455184,0.22334510371217908,15.321695755152849,30.336950018373116]",7CDE5004A8C21D324723B756FC0223760295D59106EE6174CE046611B2C8523F,375.190327887,0.471971299611,75.86528306390001,330.289975384,3615061813,fmin_l_bfgs_b,1,114.91851316345034,3.7974274999578483,0,0,,completed_without_convergence_warning,False,False,,False,,False,,False
week7_phase3_new_data_replication,Phase 3B,F7F71204D643D1027D0FF4736F24213619BF6A09C2361C3C11F169797AC98A9C,057420703C13861B9A1B6C9026185A13E0CD582407A149A1D31E053E42FB70D2,width,T0 melt-pool width,T0,matern32_learned_nugget,Matérn 3/2 + learned nugget,Matern,1.5,True,127,P-377p008330657_VX-0p791215989527_LS-4p31405408456e-05_ST-371p11107289_M-TI64_XI-0p0002_XF-0p0014_XL-0p0012_TE-0p0021_DT-6p09709695819e-06_H-3d091b92d3,128,134.673085,137.82611782389085,-3.153032823890868,3.153032823890868,9.941615988533222,1.4641653001765562,2.143780026241105,2.1906175982931813,4.798805461951786,2.1906175982931813,total predictive variance including learned WhiteKernel nugget,3.6189356293844455,2.738964826437638,2.738964826437638,134.9563538355448,140.6958818122369,133.53250733123622,142.1197283165455,False,True,"7.54**2 * Matern(length_scale=22.2, nu=1.5) + WhiteKernel(noise_level=0.002)",56.77913102056209,22.157685449164035,0.002000275591394723,0.04472444064932196,2.6550254357106806,1.6294248788178853,0.04472444064932196,0.009777128958883283,166.656785,False,1e-08,numerical jitter only; separate from WhiteKernel nugget,163,164,True,False,False,False,True,True,False,"[""P"",""VX"",""LS"",""ST""]",171.64409782208588,36.4325378956436,"[277.1721301771718,0.6308654336540371,59.74372211954967,349.49809456265655]","[101.18611269759961,0.22334730535878494,15.319855576017067,30.328056168454758]",4CE8BA45BC25B050E56CAC0A80A1C5B8BCBA67E9490407A2D7B853F657AD5549,377.008330657,0.791215989527,43.1405408456,371.11107289,3375186172,fmin_l_bfgs_b,1,116.31170137863214,4.332135499978904,0,0,,completed_without_convergence_warning,False,False,,False,,False,,False
week7_phase3_new_data_replication,Phase 3B,F7F71204D643D1027D0FF4736F24213619BF6A09C2361C3C11F169797AC98A9C,057420703C13861B9A1B6C9026185A13E0CD582407A149A1D31E053E42FB70D2,width,T0 melt-pool width,T0,matern32_learned_nugget,Matérn 3/2 + learned nugget,Matern,1.5,True,128,P-377p125910628_VX-0p77115452106_LS-4p31707402483e-05_ST-313p190582012_M-TI64_XI-0p0002_XF-0p0014_XL-0p0012_TE-0p0021_DT-6p25571201526e-06_H-8b3ff695c9,129,134.63684,137.06955838617793,-2.4327183861779247,2.4327183861779247,5.918118746448126,2.0079544232239446,4.0318809657446035,2.6050285895917336,6.786173952590296,2.6050285895917336,total predictive variance including learned WhiteKernel nugget,2.3499703978665596,2.312424553197469,2.312424553197469,133.133967716659,141.00514905569688,131.96370235057813,142.17541442177773,True,True,"7.58**2 * Matern(length_scale=22.3, nu=1.5) + WhiteKernel(noise_level=0.00208)",57.410595547700154,22.315552752136576,0.0020750887124742707,0.04555314163122309,2.7542929868456936,1.6596062746463973,0.04555314163122309,0.009958228071220725,166.656785,False,1e-08,numerical jitter only; separate from WhiteKernel nugget,163,164,True,False,False,False,True,True,False,"[""P"",""VX"",""LS"",""ST""]",171.64432018404906,36.43231213517155,"[277.1714088276565,0.6309885101476997,59.743536847140476,349.85343499749087]","[101.18540054733718,0.22343009048997356,15.320056183427312,30.23976127471443]",9EADF2599E5596CD215D0B8A95E7830AD1033FCFF616A5F52D7246234A76B0B4,377.125910628,0.77115452106,43.17074024830001,313.190582012,1615039090,fmin_l_bfgs_b,1,115.81178063080174,6.347563099989202,0,0,,completed_without_convergence_warning,False,False,,False,,False,,False
week7_phase3_new_data_replication,Phase 3B,F7F71204D643D1027D0FF4736F24213619BF6A09C2361C3C11F169797AC98A9C,057420703C13861B9A1B6C9026185A13E0CD582407A149A1D31E053E42FB70D2,width,T0 melt-pool width,T0,matern32_learned_nugget,Matérn 3/2 + learned nugget,Matern,1.5,True,129,P-378p283018896_VX-0p735158781064_LS-4p42419225112e-05_ST-367p022862863_M-TI64_XI-0p0002_XF-0p0014_XL-0p0012_TE-0p0021_DT-6p56201180925e-06_H-36d24309a8,130,142.62931,141.90829539312256,0.7210146068774463,0.7210146068774463,0.5198620633306384,1.083901234863187,1.1748418869379416,2.0407230311066376,4.164550489689062,2.0407230311066376,total predictive variance including learned WhiteKernel nugget,1.2207529916508244,1.6946578524385083,1.6946578524385083,139.7838489727907,144.0327418134544,137.90847825215354,145.90811253409157,True,True,"7.82**2 * Matern(length_scale=23.1, nu=1.5) + WhiteKernel(noise_level=0.00225)",61.19436144655174,23.145599597170925,0.002246974909344823,0.047402266922003035,2.9897086027511217,1.7290773848359482,0.047402266922003035,0.01037507944747613,166.656785,False,1e-08,numerical jitter only; separate from WhiteKernel nugget,163,164,True,False,False,False,True,True,False,"[""P"",""VX"",""LS"",""ST""]",171.59528662576687,36.47668133005155,"[277.1643100039264,0.6312093429084114,59.736965176815936,349.52317560576694]","[101.17834699502419,0.22355069676676878,15.326932528429673,30.3442247785083]",16BCCAC442AB9A23B33595FEF2BD647D9083939D94207F019EFF0AFB3A33B7F5,378.283018896,0.735158781064,44.2419225112,367.022862863,435366052,fmin_l_bfgs_b,1,115.45866568149117,2.371259000035934,0,0,,completed_without_convergence_warning,False,False,,False,,False,,False
week7_phase3_new_data_replication,Phase 3B,F7F71204D643D1027D0FF4736F24213619BF6A09C2361C3C11F169797AC98A9C,057420703C13861B9A1B6C9026185A13E0CD582407A149A1D31E053E42FB70D2,width,T0 melt-pool width,T0,matern32_learned_nugget,Matérn 3/2 + learned nugget,Matern,1.5,True,130,P-378p699667122_VX-0p273966982762_LS-4p19552514454e-05_ST-349p537322979_M-TI64_XI-0p0002_XF-0p0014_XL-0p0012_TE-0p0021_DT-1p76084014007e-05_H-c87ffcf9e3,131,206.7448,202.29802419975087,4.446775800249128,4.446775800249128,19.773815017681272,1.41730427514645,2.008751408348404,2.205151235989072,4.862691973584132,2.205151235989072,total predictive variance including learned WhiteKernel nugget,6.189612104879553,3.7429515292814797,3.7429515292814797,199.52010782046383,205.0759405790379,197.9759277772123,206.62012062228945,False,False,"8.08**2 * Matern(length_scale=23.8, nu=1.5) + WhiteKernel(noise_level=0.00215)",65.3059430840481,23.829963953498112,0.002149114281016355,0.046358540540189085,2.8539405652357273,1.6893609931674543,0.046358540540189085,0.010136766967918253,166.656785,False,1e-08,numerical jitter only; separate from WhiteKernel nugget,163,164,True,False,False,False,True,True,False,"[""P"",""VX"",""LS"",""ST""]",171.2019400613497,36.44120314147758,"[277.16175387984055,0.6340387404440064,59.75099383366133,349.630448856589]","[101.17578704992869,0.22192395581646626,15.3116895126371,30.374977133052568]",8A01FA9303EC8B8B0DCE3FFE33E4C6168EEDE456A66D1B13F25DB3CC318595A2,378.699667122,0.273966982762,41.9552514454,349.537322979,272438383,fmin_l_bfgs_b,1,117.59475465426382,3.2958725000498816,0,0,,completed_without_convergence_warning,False,False,,False,,False,,False
week7_phase3_new_data_replication,Phase 3B,F7F71204D643D1027D0FF4736F24213619BF6A09C2361C3C11F169797AC98A9C,057420703C13861B9A1B6C9026185A13E0CD582407A149A1D31E053E42FB70D2,width,T0 melt-pool width,T0,matern32_learned_nugget,Matérn 3/2 + learned nugget,Matern,1.5,True,131,P-378p895448518_VX-0p547210222693_LS-4p25171421559e-05_ST-392p752580943_M-TI64_XI-0p0002_XF-0p0014_XL-0p0012_TE-0p0021_DT-8p81584517788e-06_H-dc75daed1b,132,152.56386,150.66127156464972,1.9025884353502818,1.9025884353502818,3.619842754328633,1.50722909250901,2.2717395373055336,2.2280848763564536,4.964362216248353,2.2280848763564536,total predictive variance including learned WhiteKernel nugget,2.125923119909315,2.08466381031769,2.08466381031769,147.70710254333207,153.61544058596738,146.2942252069911,155.02831792230836,True,True,"7.41**2 * Matern(length_scale=21.9, nu=1.5) + WhiteKernel(noise_level=0.00202)",54.972168488619545,21.907343808947914,0.002019260156854847,0.044936178707750025,2.69262267894282,1.640921289685407,0.044936178707750025,0.00984611151406411,166.656785,False,1e-08,numerical jitter only; separate from WhiteKernel nugget,163,164,True,False,False,False,True,True,False,"[""P"",""VX"",""LS"",""ST""]",171.53433846625768,36.516707403124194,"[277.1605527669816,0.6323624015487243,59.747546651388326,349.36532457460135]","[101.1745804616346,0.22359916897689427,15.315631793825226,30.185442030435908]",25E6C02AACB07BAAB583538AD4435E27C598654284767B88C8DEFFCBCD456128,378.895448518,0.547210222693,42.5171421559,392.752580943,249462603,fmin_l_bfgs_b,1,115.88154788720973,4.084527299972251,0,0,,completed_without_convergence_warning,False,False,,False,,False,,False
week7_phase3_new_data_replication,Phase 3B,F7F71204D643D1027D0FF4736F24213619BF6A09C2361C3C11F169797AC98A9C,057420703C13861B9A1B6C9026185A13E0CD582407A149A1D31E053E42FB70D2,width,T0 melt-pool width,T0,matern32_learned_nugget,Matérn 3/2 + learned nugget,Matern,1.5,True,132,P-379p421209359_VX-0p229921993373_LS-5p57538994548e-05_ST-334p989783011_M-TI64_XI-0p0002_XF-0p0014_XL-0p0012_TE-0p0021_DT-2p09815534923e-05_H-1553ff852f,133,241.0179,247.38565272323774,-6.367752723237743,6.367752723237743,40.54827474430169,3.486060554051018,12.152618186510491,3.879513902272944,15.050628117929048,3.879513902272944,total predictive variance including learned WhiteKernel nugget,3.8360046341555543,3.6217109381328556,3.6217109381328556,240.55297403729776,254.21833140917772,239.78180547478277,254.9894999716927,True,True,"8.09**2 * Matern(length_scale=23.7, nu=1.5) + WhiteKernel(noise_level=0.00222)",65.40188874453098,23.684279211419508,0.0022193981702135013,0.047110488961732304,2.8980099314185574,1.702354232061752,0.047110488961732304,0.01021473102377291,166.656785,False,1e-08,numerical jitter only; separate from WhiteKernel nugget,163,164,True,False,False,False,True,True,False,"[""P"",""VX"",""LS"",""ST""]",170.99167564417175,36.13535477087849,"[277.15732724034973,0.6343089551028347,59.66633955139508,349.7196975680491]","[101.17132858718857,0.22145806423152606,15.371581777389123,30.35319255984043]",225DE41822EF96268B1E283B00C49C39718B3E32955F834B90C78E6D4957A8D1,379.421209359,0.229921993373,55.7538994548,334.989783011,1783767583,fmin_l_bfgs_b,1,116.207894465674,3.00324480002746,0,0,,completed_without_convergence_warning,False,False,,False,,False,,False
week7_phase3_new_data_replication,Phase 3B,F7F71204D643D1027D0FF4736F24213619BF6A09C2361C3C11F169797AC98A9C,057420703C13861B9A1B6C9026185A13E0CD582407A149A1D31E053E42FB70D2,width,T0 melt-pool width,T0,matern32_learned_nugget,Matérn 3/2 + learned nugget,Matern,1.5,True,133,P-383p924442814_VX-0p598551929363_LS-4p34843261877e-05_ST-301p171019532_M-TI64_XI-0p0002_XF-0p0014_XL-0p0012_TE-0p0021_DT-8p05965258211e-06_H-82800d7335,134,148.45738,148.7368384356884,-0.27945843568841156,0.27945843568841156,0.07809701727741405,2.688713167768698,7.229178498532787,3.181246585215956,10.12032983594818,3.181246585215956,total predictive variance including learned WhiteKernel nugget,1.91340275003405,2.0800700836401482,2.0800700836401482,143.46696062686178,154.00671624451505,142.50159512866514,154.97208174271168,True,True,"7.67**2 * Matern(length_scale=22.7, nu=1.5) + WhiteKernel(noise_level=0.00217)",58.84594753265777,22.687871267858917,0.0021698661705758042,0.04658182231918159,2.8911513374153945,1.7003385949320196,0.04658182231918159,0.010202636483909247,166.656785,False,1e-08,numerical jitter only; separate from WhiteKernel nugget,163,164,True,False,False,False,True,True,False,"[""P"",""VX"",""LS"",""ST""]",171.559531595092,36.50219141881552,"[277.1297000412393,0.6320474217532028,59.74161300702146,349.9271746446075]","[101.14278038417402,0.22368272169835976,15.322117389413249,30.135434200248664]",4D79EE7E40E94DD2E70172BCD82A4B2BA856A3FBCF41E5A5275B4E9685525117,383.924442814,0.598551929363,43.4843261877,301.171019532,2722837548,fmin_l_bfgs_b,1,115.77319427627603,2.533249100029934,0,0,,completed_without_convergence_warning,False,False,,False,,False,,False
week7_phase3_new_data_replication,Phase 3B,F7F71204D643D1027D0FF4736F24213619BF6A09C2361C3C11F169797AC98A9C,057420703C13861B9A1B6C9026185A13E0CD582407A149A1D31E053E42FB70D2,width,T0 melt-pool width,T0,matern32_learned_nugget,Matérn 3/2 + learned nugget,Matern,1.5,True,134,P-385p522203_VX-0p931994182449_LS-4p05647861864e-05_ST-365p262393292_M-TI64_XI-0p0002_XF-0p0014_XL-0p0012_TE-0p0021_DT-5p17612737704e-06_H-3a5de7627d,135,126.332005,126.0414622733251,0.2905427266749001,0.2905427266749001,0.08441507602368571,2.4281790445895446,5.896053472583794,2.9598001038546866,8.760416654778213,2.9598001038546866,total predictive variance including learned WhiteKernel nugget,1.8132387536931722,2.0088782497211883,2.0088782497211883,121.28223134592959,130.80069320072062,120.2402540697699,131.84267047688027,True,True,"7.66**2 * Matern(length_scale=22.6, nu=1.5) + WhiteKernel(noise_level=0.00216)",58.634780712614464,22.614781835860217,0.0021648607638350835,0.04652806426056304,2.86436318219442,1.6924429627595785,0.04652806426056304,0.010155259881915868,166.656785,False,1e-08,numerical jitter only; separate from WhiteKernel nugget,163,164,True,False,False,False,True,True,False,"[""P"",""VX"",""LS"",""ST""]",171.69527009202454,36.37466956032566,"[277.1198978315092,0.6300017637588101,59.759524295373,349.5339760325829]","[101.13235198117387,0.22245158372695487,15.301381958954666,30.35013764581146]",038B8EE3007A106457EAE75444E43AA5412AD3D2DB8032162833F50D9FDD8FD6,385.522203,0.931994182449,40.5647861864,365.262393292,1729806440,fmin_l_bfgs_b,1,115.47467987314397,4.181985699979123,0,0,,completed_without_convergence_warning,False,False,,False,,False,,False
week7_phase3_new_data_replication,Phase 3B,F7F71204D643D1027D0FF4736F24213619BF6A09C2361C3C11F169797AC98A9C,057420703C13861B9A1B6C9026185A13E0CD582407A149A1D31E053E42FB70D2,width,T0 melt-pool width,T0,matern32_learned_nugget,Matérn 3/2 + learned nugget,Matern,1.5,True,135,P-385p792960663_VX-0p466570238049_LS-4p25767555058e-05_ST-363p826454642_M-TI64_XI-0p0002_XF-0p0014_XL-0p0012_TE-0p0021_DT-1p03395377793e-05_H-3d091b92d3,136,164.87493,166.69065451074704,-1.8157245107470317,1.8157245107470317,3.2968554989275476,1.6343779180013984,2.6711911788505858,2.3495704098380235,5.520481110786418,2.3495704098380235,total predictive variance including learned WhiteKernel nugget,2.027314141581371,2.071773230312944,2.071773230312944,163.4872737914643,169.89403523002977,162.0854965074645,171.29581251402956,True,True,"7.63**2 * Matern(length_scale=22.6, nu=1.5) + WhiteKernel(noise_level=0.00213)",58.281823461093104,22.613401531966513,0.0021336602913032366,0.046191560823414884,2.849289931935832,1.687983984502173,0.046191560823414884,0.010128504426040456,166.656785,False,1e-08,numerical jitter only; separate from WhiteKernel nugget,163,164,True,False,False,False,True,True,False,"[""P"",""VX"",""LS"",""ST""]",171.45881042944785,36.54312507332551,"[277.1182367415522,0.632857125380896,59.747180925315334,349.54278547215347]","[101.13056922993717,0.2233208352769075,15.316042521632772,30.354492991672362]",C3935C7E450B4F54A14D0ED380449F4949C274DB3E0F52BF691589C62BB3C36C,385.792960663,0.466570238049,42.5767555058,363.826454642,4151383789,fmin_l_bfgs_b,1,116.17706429565285,2.558488300011959,0,0,,completed_without_convergence_warning,False,False,,False,,False,,False
week7_phase3_new_data_replication,Phase 3B,F7F71204D643D1027D0FF4736F24213619BF6A09C2361C3C11F169797AC98A9C,057420703C13861B9A1B6C9026185A13E0CD582407A149A1D31E053E42FB70D2,width,T0 melt-pool width,T0,matern32_learned_nugget,Matérn 3/2 + learned nugget,Matern,1.5,True,136,P-387p363679816_VX-0p298546823055_LS-4p09005526538e-05_ST-395p436254411_M-TI64_XI-0p0002_XF-0p0014_XL-0p0012_TE-0p0021_DT-1p61586733821e-05_H-c87ffcf9e3,137,198.83489,190.96122833116468,7.873661668835325,7.873661668835325,61.99454807528668,3.430153242248956,11.765951265311024,3.81198091514818,14.531198497453957,3.81198091514818,total predictive variance including learned WhiteKernel nugget,4.786032883026223,4.390240813142196,4.390240813142196,184.23812797635674,197.68432868597262,183.48974573747424,198.43271092485512,False,False,"7.64**2 * Matern(length_scale=22.8, nu=1.5) + WhiteKernel(noise_level=0.00208)",58.41680530576572,22.82008329166874,0.0020775326705694047,0.04557995908915896,2.765247232142933,1.6629032539937292,0.04557995908915896,0.009978011120241694,166.656785,False,1e-08,numerical jitter only; separate from WhiteKernel nugget,163,164,True,False,False,False,True,True,False,"[""P"",""VX"",""LS"",""ST""]",171.2504671165644,36.48321076245207,"[277.1086004277301,0.6338879438777917,59.75746437839508,349.3488603201964]","[101.12013823408972,0.22216009551539367,15.303943057047531,30.161030770927848]",F18CFE040A996A1BF3D761C4C31F7B37B91FD7BBDB594E11EEF34899FB02C930,387.363679816,0.298546823055,40.9005526538,395.436254411,4124666543,fmin_l_bfgs_b,1,118.22077237190271,5.143065300013404,0,0,,completed_without_convergence_warning,False,False,,False,,False,,False
week7_phase3_new_data_replication,Phase 3B,F7F71204D643D1027D0FF4736F24213619BF6A09C2361C3C11F169797AC98A9C,057420703C13861B9A1B6C9026185A13E0CD582407A149A1D31E053E42FB70D2,width,T0 melt-pool width,T0,matern32_learned_nugget,Matérn 3/2 + learned nugget,Matern,1.5,True,137,P-389p770210211_VX-0p908238681403_LS-4p3221586392e-05_ST-323p581279452_M-TI64_XI-0p0002_XF-0p0014_XL-0p0012_TE-0p0021_DT-5p31151194261e-06_H-8b3ff695c9,138,134.19493,132.56722133559956,1.6277086644004441,1.6277086644004441,2.6494354961642776,1.477962770275935,2.1843739503217163,2.2750154202592867,5.175695162417539,2.2750154202592867,total predictive variance including learned WhiteKernel nugget,1.9160550732961164,1.9968750876728876,1.9968750876728876,129.6704143058587,135.4640283653404,128.10819111189136,137.02625155930775,True,True,"7.82**2 * Matern(length_scale=23.2, nu=1.5) + WhiteKernel(noise_level=0.00225)",61.167536702143046,23.210284968711793,0.002254008960433028,0.04747640424919549,2.9913212120958232,1.7295436427265496,0.04747640424919549,0.010377877160696155,166.656785,False,1e-08,numerical jitter only; separate from WhiteKernel nugget,163,164,True,False,False,False,True,True,False,"[""P"",""VX"",""LS"",""ST""]",171.64703128834356,36.42954158129736,"[277.0938364375767,0.630147503029031,59.743224907608585,349.78968838742946]","[101.1038624321646,0.2226415236714249,15.320393106117333,30.305956374439912]",779B9A816C0C90C9DCC90DF6001DF270D3B00E4087F7E282E548E150F88A10B8,389.770210211,0.908238681403,43.221586392,323.581279452,3143126612,fmin_l_bfgs_b,1,115.65147520412174,5.6358415999566205,0,0,,completed_without_convergence_warning,False,False,,False,,False,,False
week7_phase3_new_data_replication,Phase 3B,F7F71204D643D1027D0FF4736F24213619BF6A09C2361C3C11F169797AC98A9C,057420703C13861B9A1B6C9026185A13E0CD582407A149A1D31E053E42FB70D2,width,T0 melt-pool width,T0,matern32_learned_nugget,Matérn 3/2 + learned nugget,Matern,1.5,True,138,P-391p91054261_VX-0p798138981731_LS-4p10405950637e-05_ST-398p591592241_M-TI64_XI-0p0002_XF-0p0014_XL-0p0012_TE-0p0021_DT-6p04421123819e-06_H-eac21b41c2,139,134.5494,133.24809810814557,1.301301891854422,1.301301891854422,1.6933866137438975,1.432141459125757,2.0510291589468523,2.254900261805875,5.084575190692203,2.254900261805875,total predictive variance including learned WhiteKernel nugget,1.6909232620348877,1.898566211851454,1.898566211851454,130.44110084825908,136.05509536803206,128.82849359500605,137.6677026212851,True,True,"7.96**2 * Matern(length_scale=23.5, nu=1.5) + WhiteKernel(noise_level=0.00229)",63.286044573027134,23.52254643344505,0.0022855468503802634,0.04780739326066904,3.033546031745351,1.7417077917220647,0.04780739326066904,0.010450866382200188,166.656785,False,1e-08,numerical jitter only; separate from WhiteKernel nugget,163,164,True,False,False,False,True,True,False,"[""P"",""VX"",""LS"",""ST""]",171.64485662576686,36.431766572702074,"[277.0807055639632,0.6308229613092273,59.756605222506124,349.32950241939886]","[101.0890876573802,0.223316148191794,15.304997683451463,30.130416713251456]",E7D415FE86C8D96D0C49369C016364E7F3964966DE6289D467C7D0EE1E3C82ED,391.91054261,0.798138981731,41.0405950637,398.591592241,2081323683,fmin_l_bfgs_b,1,115.3021914446625,2.5449235000414774,0,0,,completed_without_convergence_warning,False,False,,False,,False,,False
week7_phase3_new_data_replication,Phase 3B,F7F71204D643D1027D0FF4736F24213619BF6A09C2361C3C11F169797AC98A9C,057420703C13861B9A1B6C9026185A13E0CD582407A149A1D31E053E42FB70D2,width,T0 melt-pool width,T0,matern32_learned_nugget,Matérn 3/2 + learned nugget,Matern,1.5,True,139,P-394p301389958_VX-0p965504599187_LS-4p1845661123e-05_ST-386p588977515_M-TI64_XI-0p0002_XF-0p0014_XL-0p0012_TE-0p0021_DT-4p99647604691e-06_H-aae9cbe76f,140,126.56201,128.8566091845584,-2.2945991845584075,2.2945991845584075,5.265185417776109,1.4461812195799533,2.091440119865761,2.2070943692107945,4.871265554601995,2.2070943692107945,total predictive variance including learned WhiteKernel nugget,2.546611367708577,2.251048429164775,2.251048429164775,126.0220939941817,131.69112437493513,124.53070422090525,133.18251414821157,True,True,"7.59**2 * Matern(length_scale=22.4, nu=1.5) + WhiteKernel(noise_level=0.0021)",57.54422643044007,22.438491011546077,0.0021007651231745544,0.045834104367540054,2.7798254347362343,1.6672808505876369,0.045834104367540054,0.01000427825718369,166.656785,False,1e-08,numerical jitter only; separate from WhiteKernel nugget,163,164,True,False,False,False,True,True,False,"[""P"",""VX"",""LS"",""ST""]",171.6938590184049,36.37642479534112,"[277.06603778882214,0.6297961783800494,59.7516661669276,349.40313809256446]","[101.07225021432946,0.22215671300684656,15.310905664229619,30.23586715769605]",F60EC63A68016999A5D00A733704EC0FC5E89C82A96F0A259E1A009C6972C8D7,394.301389958,0.965504599187,41.845661123,386.588977515,3399900694,fmin_l_bfgs_b,1,115.68660510054102,3.215851599990856,0,0,,completed_without_convergence_warning,False,False,,False,,False,,False
week7_phase3_new_data_replication,Phase 3B,F7F71204D643D1027D0FF4736F24213619BF6A09C2361C3C11F169797AC98A9C,057420703C13861B9A1B6C9026185A13E0CD582407A149A1D31E053E42FB70D2,width,T0 melt-pool width,T0,matern32_learned_nugget,Matérn 3/2 + learned nugget,Matern,1.5,True,140,P-399p256835613_VX-0p656366203199_LS-4p10009761764e-05_ST-341p515144691_M-TI64_XI-0p0002_XF-0p0014_XL-0p0012_TE-0p0021_DT-7p34973948918e-06_H-3c3f1974a9,141,142.33194,140.30947236990073,2.022467630099271,2.022467630099271,4.0903753147993624,1.7368461679390665,3.01663461108462,2.4258311797769463,5.884656912778011,2.4258311797769463,total predictive variance including learned WhiteKernel nugget,2.148979418194588,2.1526585301203784,2.1526585301203784,136.90525388074016,143.7136908590613,135.55484325753793,145.06410148226354,True,True,"7.68**2 * Matern(length_scale=22.7, nu=1.5) + WhiteKernel(noise_level=0.00216)",58.94489790630294,22.699317451137958,0.0021556912675707173,0.04642942243417117,2.8680223016933915,1.6935236348198366,0.04642942243417117,0.010161744298738491,166.656785,False,1e-08,numerical jitter only; separate from WhiteKernel nugget,163,164,True,False,False,False,True,True,False,"[""P"",""VX"",""LS"",""ST""]",171.59711098159508,36.47522510582504,"[277.03563628173623,0.631692732956663,59.75684828316441,349.6796646743068]","[101.03623074591019,0.22368971603273252,15.30470013264174,30.368286567404454]",33482855D37E7E98ACEEE80A6B800F1BCCE1C6AE31C4E0DD5238660A8698D43E,399.256835613,0.656366203199,41.0009761764,341.515144691,322348273,fmin_l_bfgs_b,1,115.90425981717627,3.1663570000091568,0,0,,completed_without_convergence_warning,False,False,,False,,False,,False
week7_phase3_new_data_replication,Phase 3B,F7F71204D643D1027D0FF4736F24213619BF6A09C2361C3C11F169797AC98A9C,057420703C13861B9A1B6C9026185A13E0CD582407A149A1D31E053E42FB70D2,width,T0 melt-pool width,T0,matern32_learned_nugget,Matérn 3/2 + learned nugget,Matern,1.5,True,141,P-400p342090514_VX-0p84724542505_LS-4p08786684736e-05_ST-395p5494372_M-TI64_XI-0p0002_XF-0p0014_XL-0p0012_TE-0p0021_DT-5p69388805225e-06_H-39de960155,142,134.49917,131.07361595270083,3.4255540472991584,3.4255540472991584,11.734420530967645,1.406504748618339,1.9782556078859372,2.1855049065919916,4.77643169673767,2.1855049065919916,total predictive variance including learned WhiteKernel nugget,4.225896698545437,2.929152244311931,2.929152244311931,128.31686664540888,133.8303652599928,126.79002633578052,135.35720556962113,False,True,"7.77**2 * Matern(length_scale=22.9, nu=1.5) + WhiteKernel(noise_level=0.00211)",60.296665299068835,22.926951859710055,0.002108249790341865,0.04591568131196427,2.7981760888517324,1.6727749665904652,0.04591568131196427,0.010037244907793374,166.656785,False,1e-08,numerical jitter only; separate from WhiteKernel nugget,163,164,True,False,False,False,True,True,False,"[""P"",""VX"",""LS"",""ST""]",171.64516478527608,36.43145258425229,"[277.0289782762086,0.6305216947857979,59.75759863716931,349.34816594725777]","[101.02814040918086,0.22305695174701776,15.30377753123315,30.159968408688645]",E5983EABC7ABE607B5C1387ABE0EFEB77964C44E7D648006B600533638E368A1,400.342090514,0.84724542505,40.8786684736,395.5494372,3692975028,fmin_l_bfgs_b,1,116.40749757145565,5.067217400006484,0,0,,completed_without_convergence_warning,False,False,,False,,False,,False
week7_phase3_new_data_replication,Phase 3B,F7F71204D643D1027D0FF4736F24213619BF6A09C2361C3C11F169797AC98A9C,057420703C13861B9A1B6C9026185A13E0CD582407A149A1D31E053E42FB70D2,width,T0 melt-pool width,T0,matern32_learned_nugget,Matérn 3/2 + learned nugget,Matern,1.5,True,142,P-404p674556304_VX-0p544519129004_LS-4p43635630435e-05_ST-368p185027338_M-TI64_XI-0p0002_XF-0p0014_XL-0p0012_TE-0p0021_DT-8p85941438245e-06_H-4d45e0bf17,143,158.71642500000002,159.13276183695268,-0.41633683695266654,0.41633683695266654,0.17333636180375125,1.451045936224665,2.1055343090341148,2.253180985971799,5.076824555544848,2.253180985971799,total predictive variance including learned WhiteKernel nugget,1.3323852493112287,1.7483528591408013,1.7483528591408013,156.28871180195233,161.97681187195303,154.71652710444795,163.54899656945742,True,True,"7.78**2 * Matern(length_scale=23.1, nu=1.5) + WhiteKernel(noise_level=0.00223)",60.53018383850262,23.05541620136448,0.002226238597212994,0.047183032937836815,2.971290246510732,1.7237430917949264,0.047183032937836815,0.010343071791496076,166.656785,False,1e-08,numerical jitter only; separate from WhiteKernel nugget,163,164,True,False,False,False,True,True,False,"[""P"",""VX"",""LS"",""ST""]",171.49659266871163,36.533113377131585,"[277.0023987314847,0.6323789113259574,59.73621891588159,349.51604576236207]","[100.99511909163331,0.22359278158791257,15.327683976667444,30.339975287789787]",1F5C2BB96DF414925C2C4EBDC58194BCFE002CE09FF67C5CF2637459E41123F5,404.674556304,0.544519129004,44.3635630435,368.185027338,3075346798,fmin_l_bfgs_b,1,115.76281895077429,2.629413900023792,0,0,,completed_without_convergence_warning,False,False,,False,,False,,False
week7_phase3_new_data_replication,Phase 3B,F7F71204D643D1027D0FF4736F24213619BF6A09C2361C3C11F169797AC98A9C,057420703C13861B9A1B6C9026185A13E0CD582407A149A1D31E053E42FB70D2,width,T0 melt-pool width,T0,matern32_learned_nugget,Matérn 3/2 + learned nugget,Matern,1.5,True,143,P-406p350963493_VX-0p484226878203_LS-4p36170368492e-05_ST-370p554621114_M-TI64_XI-0p0002_XF-0p0014_XL-0p0012_TE-0p0021_DT-9p96252133074e-06_H-778de5c076,144,166.706975,165.7492999280383,0.9576750719616882,0.9576750719616882,0.9171415434568247,1.2455316900009004,1.551349190796499,2.1173324715696693,4.483096795163324,2.1173324715696693,total predictive variance including learned WhiteKernel nugget,1.4340958437659554,1.7713844016875089,1.7713844016875089,163.30805781563654,168.19054204044008,161.59932828376176,169.89927157231486,True,True,"7.73**2 * Matern(length_scale=22.9, nu=1.5) + WhiteKernel(noise_level=0.0022)",59.691299990553226,22.911104312622356,0.0021951986049039704,0.04685294659788187,2.9317476043668265,1.7122346814519398,0.04685294659788187,0.010274017235193512,166.656785,False,1e-08,numerical jitter only; separate from WhiteKernel nugget,163,164,True,False,False,False,True,True,False,"[""P"",""VX"",""LS"",""ST""]",171.44757088957056,36.54486656191111,"[276.9921140248037,0.632748802435166,59.74079883118404,349.50150837723316]","[100.98203103432742,0.22339717206488105,15.322977685896573,30.330457383306165]",99FAC210C48D2A75A34BEFC6602B76612B061391A5A6CE2B7C7D503E6069F23C,406.350963493,0.484226878203,43.6170368492,370.554621114,3308392146,fmin_l_bfgs_b,1,115.8601311919401,3.5325834000250325,0,0,,completed_without_convergence_warning,False,False,,False,,False,,False
week7_phase3_new_data_replication,Phase 3B,F7F71204D643D1027D0FF4736F24213619BF6A09C2361C3C11F169797AC98A9C,057420703C13861B9A1B6C9026185A13E0CD582407A149A1D31E053E42FB70D2,width,T0 melt-pool width,T0,matern32_learned_nugget,Matérn 3/2 + learned nugget,Matern,1.5,True,144,P-408p574656479_VX-0p243547442248_LS-8p65536608509e-05_ST-318p028622224_M-TI64_XI-0p0002_XF-0p0014_XL-0p0012_TE-0p0021_DT-1p98077243534e-05_H-1553ff852f,145,300.26985,305.9089167342016,-5.639066734201606,5.639066734201606,31.799073632779166,8.702354806555869,75.73097917918604,8.863842247195171,78.56769938316194,8.863842247195171,total predictive variance including learned WhiteKernel nugget,3.2924797829545707,3.3032862121676745,3.3032862121676745,288.85230131335214,322.9655321550511,288.5357859296991,323.28204753870415,True,True,"8.65**2 * Matern(length_scale=24.1, nu=1.5) + WhiteKernel(noise_level=0.0023)",74.81411803135626,24.07662707939775,0.002300324165403546,0.04796169477201099,2.8367202039758976,1.6842565730837737,0.04796169477201099,0.0101061386314621,166.656785,False,1e-08,numerical jitter only; separate from WhiteKernel nugget,163,164,True,False,False,False,True,True,False,"[""P"",""VX"",""LS"",""ST""]",170.62816674846624,35.116702633007364,"[276.978471736546,0.6342253633919451,59.47738396000797,349.8237537691964]","[100.9644024793832,0.22160806629498472,15.228545231199874,30.27333940977033]",4FBD7542869AD9442AB4BC53EB60538055DBBB32EF755AA27BA058350C762BEE,408.574656479,0.243547442248,86.5536608509,318.028622224,1226858119,fmin_l_bfgs_b,1,111.03831177398891,4.244994300010148,0,0,,completed_without_convergence_warning,False,False,,False,,False,,False
week7_phase3_new_data_replication,Phase 3B,F7F71204D643D1027D0FF4736F24213619BF6A09C2361C3C11F169797AC98A9C,057420703C13861B9A1B6C9026185A13E0CD582407A149A1D31E053E42FB70D2,width,T0 melt-pool width,T0,matern32_learned_nugget,Matérn 3/2 + learned nugget,Matern,1.5,True,145,P-409p380479822_VX-0p571506017722_LS-4p19025576691e-05_ST-383p379922389_M-TI64_XI-0p0002_XF-0p0014_XL-0p0012_TE-0p0021_DT-8p44106702891e-06_H-86665dad6a,146,150.730805,150.1038621156836,0.6269428843164064,0.6269428843164064,0.393057380194975,1.6758842395840345,2.8085879844861577,2.39807359915117,5.750756986945847,2.39807359915117,total predictive variance including learned WhiteKernel nugget,1.5052536608384213,1.8277786847972848,1.8277786847972848,146.81912900609888,153.38859522526832,145.4036378613473,154.8040863700199,True,True,"7.75**2 * Matern(length_scale=23, nu=1.5) + WhiteKernel(noise_level=0.00221)",60.12705582433645,22.95600359195365,0.0022071412832916893,0.04698022225672937,2.9421690024596905,1.7152751972962503,0.04698022225672937,0.010292261411956617,166.656785,False,1e-08,numerical jitter only; separate from WhiteKernel nugget,163,164,True,False,False,False,True,True,False,"[""P"",""VX"",""LS"",""ST""]",171.54558420245397,36.51058072741572,"[276.9735280350552,0.6322133475914912,59.751317108362564,349.42282554732526]","[100.95793884246669,0.2236477795645047,15.311313227993285,30.25901991335954]",B315062D39F11838A0477D1847C600AFE006B21C3319213BFF4163156119A2D7,409.380479822,0.571506017722,41.9025576691,383.379922389,147684728,fmin_l_bfgs_b,1,115.65874570120539,3.455602000001818,0,0,,completed_without_convergence_warning,False,False,,False,,False,,False
week7_phase3_new_data_replication,Phase 3B,F7F71204D643D1027D0FF4736F24213619BF6A09C2361C3C11F169797AC98A9C,057420703C13861B9A1B6C9026185A13E0CD582407A149A1D31E053E42FB70D2,width,T0 melt-pool width,T0,matern32_learned_nugget,Matérn 3/2 + learned nugget,Matern,1.5,True,146,P-413p007329362_VX-0p214914258115_LS-4p25156575745e-05_ST-342p625619244_M-TI64_XI-0p0002_XF-0p0014_XL-0p0012_TE-0p0021_DT-2p24467219873e-05_H-c87ffcf9e3,147,214.9333,218.81910063795766,-3.885800637957658,3.885800637957658,15.099446597952142,1.6382445387248867,2.6838451686619167,2.2789404714107837,5.1935696722340055,2.2789404714107837,total predictive variance including learned WhiteKernel nugget,4.2255887029248225,3.1963166351956254,3.1963166351956254,215.60814134205688,222.03005993385844,214.35237731399252,223.2858239619228,False,True,"7.55**2 * Matern(length_scale=22.1, nu=1.5) + WhiteKernel(noise_level=0.0019)",56.95051907954949,22.101049967309997,0.0018955962063199696,0.0435384451527609,2.509724503572086,1.5842110034878834,0.0435384451527609,0.009505829621565562,166.656785,False,1e-08,numerical jitter only; separate from WhiteKernel nugget,163,164,True,False,False,False,True,True,False,"[""P"",""VX"",""LS"",""ST""]",171.15170386503067,36.38648550561351,"[276.9512774243804,0.6344010270982825,59.74755575924968,349.67285194698786]","[100.92835057377467,0.22128673370717655,15.315621546844111,30.369992798206162]",3BACF4017ABF62D82E9CA80BCAB936DD435CF63E328BB522DCF24ABF7BCE9BB5,413.007329362,0.214914258115,42.5156575745,342.625619244,400306193,fmin_l_bfgs_b,1,116.88007086109386,3.9508163000573404,0,0,,completed_without_convergence_warning,False,False,,False,,False,,False
week7_phase3_new_data_replication,Phase 3B,F7F71204D643D1027D0FF4736F24213619BF6A09C2361C3C11F169797AC98A9C,057420703C13861B9A1B6C9026185A13E0CD582407A149A1D31E053E42FB70D2,width,T0 melt-pool width,T0,matern32_learned_nugget,Matérn 3/2 + learned nugget,Matern,1.5,True,147,P-413p458184039_VX-0p35207482727_LS-4p49853708666e-05_ST-303p358380963_M-TI64_XI-0p0002_XF-0p0014_XL-0p0012_TE-0p0021_DT-1p37019753455e-05_H-ff013f97fe,148,198.80433,193.66258962066644,5.141740379333555,5.141740379333555,26.437494128469172,3.392432014546478,11.508594973319877,3.8004864889360106,14.443697552585165,3.8004864889360106,total predictive variance including learned WhiteKernel nugget,3.2890834229026593,3.1692589652918004,3.1692589652918004,187.01342287215533,200.31175636917754,186.21363610235187,201.111543138981,True,True,"7.85**2 * Matern(length_scale=23.3, nu=1.5) + WhiteKernel(noise_level=0.00221)",61.697316103096995,23.33568862899653,0.0022051280154553885,0.046958790608951896,2.9351025792652896,1.7132141078292842,0.046958790608951896,0.010279894141899377,166.656785,False,1e-08,numerical jitter only; separate from WhiteKernel nugget,163,164,True,False,False,False,True,True,False,"[""P"",""VX"",""LS"",""ST""]",171.25065460122698,36.48335243758788,"[276.9485114447669,0.6335595512138961,59.73240414396073,349.9137552493253]","[100.9246156212912,0.22261551860041456,15.331431630249716,30.156647982252153]",E726B963E498C39721C5E58C4085731BC12B9CFBD2E5454D0A13121568BFBF4A,413.458184039,0.35207482727,44.9853708666,303.358380963,1447377754,fmin_l_bfgs_b,1,116.9645579468947,2.402173699985724,0,0,,completed_without_convergence_warning,False,False,,False,,False,,False
week7_phase3_new_data_replication,Phase 3B,F7F71204D643D1027D0FF4736F24213619BF6A09C2361C3C11F169797AC98A9C,057420703C13861B9A1B6C9026185A13E0CD582407A149A1D31E053E42FB70D2,width,T0 melt-pool width,T0,matern32_learned_nugget,Matérn 3/2 + learned nugget,Matern,1.5,True,148,P-420p548248194_VX-0p890019823061_LS-4p2728397196e-05_ST-342p58191385_M-TI64_XI-0p0002_XF-0p0014_XL-0p0012_TE-0p0021_DT-5p42023950256e-06_H-39de960155,149,134.541005,135.65155325136035,-1.110548251360342,1.110548251360342,1.2333174185995133,1.9682415046646418,3.873974620684533,2.5931524816254297,6.7244397929601245,2.5931524816254297,total predictive variance including learned WhiteKernel nugget,1.7552588927430617,1.9635169446320146,1.9635169446320146,131.79379990221764,139.50930660050307,130.5689743873745,140.7341321153462,True,True,"7.63**2 * Matern(length_scale=22.6, nu=1.5) + WhiteKernel(noise_level=0.00215)",58.28263239674144,22.578819777801726,0.002147615492282076,0.04634237253617984,2.8504651722755914,1.6883320681298424,0.04634237253617984,0.010130593051641086,166.656785,False,1e-08,numerical jitter only; separate from WhiteKernel nugget,163,164,True,False,False,False,True,True,False,"[""P"",""VX"",""LS"",""ST""]",171.64490812883435,36.43171412537735,"[276.9050141186626,0.6302592751660985,59.746250608197535,349.6731200782394]","[100.8642262448134,0.2227764909042338,15.317080807565397,30.36993038526379]",E0B2714D0344C6B7ABDF605420D7D79F4C7F3AB21247F13B15361B47D6E71A1E,420.548248194,0.890019823061,42.728397196,342.58191385,3920789324,fmin_l_bfgs_b,1,115.67309609825875,1.8507545999600552,0,0,,completed_without_convergence_warning,False,False,,False,,False,,False
week7_phase3_new_data_replication,Phase 3B,F7F71204D643D1027D0FF4736F24213619BF6A09C2361C3C11F169797AC98A9C,057420703C13861B9A1B6C9026185A13E0CD582407A149A1D31E053E42FB70D2,width,T0 melt-pool width,T0,matern32_learned_nugget,Matérn 3/2 + learned nugget,Matern,1.5,True,149,P-422p617573631_VX-0p52186874631_LS-4p33544604908e-05_ST-334p849986924_M-TI64_XI-0p0002_XF-0p0014_XL-0p0012_TE-0p0021_DT-9p24393468113e-06_H-eac21b41c2,150,158.71854000000002,162.54952601015464,-3.830986010154618,3.830986010154618,14.676453810000398,2.1086641002591064,4.446464287721547,2.7190195045159316,7.3930670659380615,2.7190195045159316,total predictive variance including learned WhiteKernel nugget,3.315344179622195,2.9117920900914496,2.9117920900914496,158.4165443736468,166.6825076466625,157.2202477813034,167.87880423900586,True,True,"7.91**2 * Matern(length_scale=23.4, nu=1.5) + WhiteKernel(noise_level=0.00221)",62.489665985634765,23.438710086148763,0.002207740968180045,0.04698660413543465,2.946602778216515,1.7165671493467756,0.04698660413543465,0.01030001358388604,166.656785,False,1e-08,numerical jitter only; separate from WhiteKernel nugget,163,164,True,False,False,False,True,True,False,"[""P"",""VX"",""LS"",""ST""]",171.49657969325153,36.533117915883544,"[276.8923188705828,0.632517870728988,59.74240972908833,349.72055521275473]","[100.84601395797787,0.22353108799234836,15.321268619635081,30.352774368702438]",D94C1C1D9480CE537A11A072D3358A496004523BEE6BB56CAFE0DF705C96D8C4,422.617573631,0.52186874631,43.3544604908,334.849986924,4291877145,fmin_l_bfgs_b,1,116.94382424727789,3.58044340001652,0,0,,completed_without_convergence_warning,False,False,,False,,False,,False
week7_phase3_new_data_replication,Phase 3B,F7F71204D643D1027D0FF4736F24213619BF6A09C2361C3C11F169797AC98A9C,057420703C13861B9A1B6C9026185A13E0CD582407A149A1D31E053E42FB70D2,width,T0 melt-pool width,T0,matern32_learned_nugget,Matérn 3/2 + learned nugget,Matern,1.5,True,150,P-423p354289604_VX-0p98992750487_LS-4p35270321082e-05_ST-379p923005206_M-TI64_XI-0p0002_XF-0p0014_XL-0p0012_TE-0p0021_DT-4p87320594618e-06_H-4d45e0bf17,151,134.41080000000002,132.39865539946362,2.012144600536402,2.012144600536402,4.048725893467797,1.5062045510236903,2.2686521495244767,2.257054087811536,5.094293155306764,2.257054087811536,total predictive variance including learned WhiteKernel nugget,2.2208511515225964,2.130377568662759,2.130377568662759,129.4464944794572,135.35081631947006,127.97482938735301,136.82248141157424,True,True,"7.59**2 * Matern(length_scale=22.6, nu=1.5) + WhiteKernel(noise_level=0.00213)",57.6804575299841,22.553110159592872,0.0021290075637127592,0.046141169943042834,2.825641005782288,1.6809643083011276,0.046141169943042834,0.010086383871506507,166.656785,False,1e-08,numerical jitter only; separate from WhiteKernel nugget,163,164,True,False,False,False,True,True,False,"[""P"",""VX"",""LS"",""ST""]",171.6457069325153,36.430899137931014,"[276.88779914068715,0.6296463446028532,59.74135100750919,349.44403362820253]","[100.83946600139502,0.22192188352252407,15.322395009913459,30.281592617752853]",98FC42B7C03561A1B7E8055C2E353B3DD17A8ABEBCA510C6594B1316A09F7930,423.354289604,0.98992750487,43.5270321082,379.923005206,2186674103,fmin_l_bfgs_b,1,115.89928846578417,3.191556000034325,0,0,,completed_without_convergence_warning,False,False,,False,,False,,False
week7_phase3_new_data_replication,Phase 3B,F7F71204D643D1027D0FF4736F24213619BF6A09C2361C3C11F169797AC98A9C,057420703C13861B9A1B6C9026185A13E0CD582407A149A1D31E053E42FB70D2,width,T0 melt-pool width,T0,matern32_learned_nugget,Matérn 3/2 + learned nugget,Matern,1.5,True,151,P-426p513929333_VX-0p671876042338_LS-4p21074124626e-05_ST-335p829973615_M-TI64_XI-0p0002_XF-0p0014_XL-0p0012_TE-0p0021_DT-7p18007533983e-06_H-ff013f97fe,152,142.73503,143.80788370289127,-1.0728537028912797,1.0728537028912797,1.1510150678075302,1.2317113448680206,1.5171128370765878,2.1097520888427983,4.451053876376551,2.1097520888427983,total predictive variance including learned WhiteKernel nugget,1.506686994979641,1.794805895168226,1.794805895168226,141.39372946694996,146.22203793883259,139.67276960875938,147.94299779702317,True,True,"7.76**2 * Matern(length_scale=23, nu=1.5) + WhiteKernel(noise_level=0.0022)",60.20719055402806,22.954690208604386,0.002204999535101754,0.04695742257728542,2.9339410392999636,1.7128750798876033,0.04695742257728542,0.01027785985363634,166.656785,False,1e-08,numerical jitter only; separate from WhiteKernel nugget,163,164,True,False,False,False,True,True,False,"[""P"",""VX"",""LS"",""ST""]",171.5946380368098,36.47719542247976,"[276.8684148478712,0.6315975805693071,59.75006033048834,349.71454302446637]","[100.81100129269753,0.2236759010877352,15.312769755375774,30.355622101671027]",D791D57C7EB443E137F94589FEE2CBC809BF2843DFB2DA4E7BD727B48F30C9F2,426.513929333,0.671876042338,42.1074124626,335.829973615,2561635280,fmin_l_bfgs_b,1,115.55694351329484,2.961129500006791,0,0,,completed_without_convergence_warning,False,False,,False,,False,,False
week7_phase3_new_data_replication,Phase 3B,F7F71204D643D1027D0FF4736F24213619BF6A09C2361C3C11F169797AC98A9C,057420703C13861B9A1B6C9026185A13E0CD582407A149A1D31E053E42FB70D2,width,T0 melt-pool width,T0,matern32_learned_nugget,Matérn 3/2 + learned nugget,Matern,1.5,True,152,P-429p223744451_VX-0p993777087019_LS-4p49939505126e-05_ST-337p477091824_M-TI64_XI-0p0002_XF-0p0014_XL-0p0012_TE-0p0021_DT-4p8543286679e-06_H-c87ffcf9e3,153,134.54578,135.76185330338825,-1.2160733033882423,1.2160733033882423,1.478834279213592,2.03616338499251,4.145961330384156,2.6564354221875144,7.056649152252557,2.6564354221875144,total predictive variance including learned WhiteKernel nugget,1.8083522433697377,2.000706728931355,2.000706728931355,131.77097306880293,139.75273353797357,130.55523987590072,140.96846673087578,True,True,"7.76**2 * Matern(length_scale=23, nu=1.5) + WhiteKernel(noise_level=0.00219)",60.24392846778452,22.987746312892277,0.00219298523013343,0.04682932019721651,2.9106878218684002,1.706073803171598,0.04682932019721651,0.010237049773710672,166.656785,False,1e-08,numerical jitter only; separate from WhiteKernel nugget,163,164,True,False,False,False,True,True,False,"[""P"",""VX"",""LS"",""ST""]",171.6448788343558,36.431743958414444,"[276.8517902152454,0.6296227275344544,59.73235150809569,349.7044380047792]","[100.78609552995003,0.22188333272908148,15.331482244856831,30.359967961125488]",2C8BDB1C5CD7B1B4D3C8FD46CEF790F1B1995769EEC3D05A007B4B8EA9973565,429.223744451,0.993777087019,44.9939505126,337.477091824,3539990790,fmin_l_bfgs_b,1,115.8483117071581,3.57935269997688,0,0,,completed_without_convergence_warning,False,False,,False,,False,,False
week7_phase3_new_data_replication,Phase 3B,F7F71204D643D1027D0FF4736F24213619BF6A09C2361C3C11F169797AC98A9C,057420703C13861B9A1B6C9026185A13E0CD582407A149A1D31E053E42FB70D2,width,T0 melt-pool width,T0,matern32_learned_nugget,Matérn 3/2 + learned nugget,Matern,1.5,True,153,P-433p517899565_VX-0p4209966739_LS-4p21798941345e-05_ST-396p810205947_M-TI64_XI-0p0002_XF-0p0014_XL-0p0012_TE-0p0021_DT-1p1458809302e-05_H-204261a8b1,154,174.64655000000002,178.7583944428661,-4.111844442866072,4.111844442866072,16.907264722328602,2.336448945241246,5.458993673718931,2.8579657609249085,8.167968290619092,2.8579657609249085,total predictive variance including learned WhiteKernel nugget,3.3161404954946283,3.0040223323060737,3.0040223323060737,174.17895451019325,183.33783437553893,173.15678155145326,184.36000733427892,True,True,"7.54**2 * Matern(length_scale=22.4, nu=1.5) + WhiteKernel(noise_level=0.00203)",56.92449358426938,22.365308451327245,0.00202828289674405,0.04503646185863239,2.7089746169001585,1.6458962959130075,0.04503646185863239,0.009875963321343367,166.656785,False,1e-08,numerical jitter only; separate from WhiteKernel nugget,163,164,True,False,False,False,True,True,False,"[""P"",""VX"",""LS"",""ST""]",171.39886184049078,36.54586146397132,"[276.8254457053436,0.6331367177989881,59.74961565765459,349.3404311696688]","[100.74569420979161,0.2230838187049919,15.313281018946624,30.147954652107494]",F289117F12EE74799A78C7E315C5090545FAD42B2B87E82FC1949875D5BC1C41,433.517899565,0.4209966739,42.1798941345,396.810205947,2225892079,fmin_l_bfgs_b,1,116.99222054381377,5.539008699997794,0,0,,completed_without_convergence_warning,False,False,,False,,False,,False
week7_phase3_new_data_replication,Phase 3B,F7F71204D643D1027D0FF4736F24213619BF6A09C2361C3C11F169797AC98A9C,057420703C13861B9A1B6C9026185A13E0CD582407A149A1D31E053E42FB70D2,width,T0 melt-pool width,T0,matern32_learned_nugget,Matérn 3/2 + learned nugget,Matern,1.5,True,154,P-435p358668153_VX-0p616312825798_LS-4p12302442682e-05_ST-330p720611029_M-TI64_XI-0p0002_XF-0p0014_XL-0p0012_TE-0p0021_DT-7p82738960003e-06_H-4dbd940f3b,155,145.21638,145.7068414116037,-0.49046141160371803,0.49046141160371803,0.24055239627231173,1.4907991707096209,2.222482167388493,2.28517545992135,5.2220268826267535,2.28517545992135,total predictive variance including learned WhiteKernel nugget,1.3723688242509025,1.7684138162637721,1.7684138162637721,142.78487503701285,148.62880778619456,141.22789751015785,150.18578531304956,True,True,"7.82**2 * Matern(length_scale=23.2, nu=1.5) + WhiteKernel(noise_level=0.00225)",61.11923696420292,23.176486215095604,0.0022528805377019447,0.047464518724010515,2.999544715238259,1.7319193731921412,0.047464518724010515,0.010392132388682172,166.656785,False,1e-08,numerical jitter only; separate from WhiteKernel nugget,163,164,True,False,False,False,True,True,False,"[""P"",""VX"",""LS"",""ST""]",171.57941503067482,36.488716619305535,"[276.8141526465215,0.6319384591983869,59.75544173045398,349.7458888072025]","[100.72802446278241,0.2236946855643813,15.306413163753758,30.33862568178777]",4D49C8692656625378F910D52BE849524D7715424F400F2295FC39F5D6D56E4D,435.358668153,0.616312825798,41.2302442682,330.720611029,96386857,fmin_l_bfgs_b,1,115.5566597230102,3.710235200007446,0,0,,completed_without_convergence_warning,False,False,,False,,False,,False
week7_phase3_new_data_replication,Phase 3B,F7F71204D643D1027D0FF4736F24213619BF6A09C2361C3C11F169797AC98A9C,057420703C13861B9A1B6C9026185A13E0CD582407A149A1D31E053E42FB70D2,width,T0 melt-pool width,T0,matern32_learned_nugget,Matérn 3/2 + learned nugget,Matern,1.5,True,155,P-438p134561959_VX-0p25154969533_LS-4p05773405909e-05_ST-340p985774893_M-TI64_XI-0p0002_XF-0p0014_XL-0p0012_TE-0p0021_DT-1p91776046347e-05_H-dfeedce527,156,209.8076,204.0345128800974,5.773087119902613,5.773087119902613,33.32853489398544,2.3317455262502875,5.4370371991882305,2.808189483622073,7.8859281759256055,2.808189483622073,total predictive variance including learned WhiteKernel nugget,4.830509403791524,4.064643501212945,4.064643501212945,199.46429164864682,208.60473411154797,198.53046149219813,209.53856426799666,False,False,"7.45**2 * Matern(length_scale=21.9, nu=1.5) + WhiteKernel(noise_level=0.00185)",55.56869949730606,21.9187621444518,0.0018460354748418193,0.04296551494910563,2.448890976737374,1.5648932796639439,0.04296551494910563,0.009389916406127382,166.656785,False,1e-08,numerical jitter only; separate from WhiteKernel nugget,163,164,True,False,False,False,True,True,False,"[""P"",""VX"",""LS"",""ST""]",171.1831498773006,36.422076670502435,"[276.7971226231718,0.634176269814755,59.75944727448649,349.68291234177923]","[100.70097971228869,0.2216937061148782,15.301478545305041,30.367384938180386]",AAD2F6423AECF42425B8307DF6312123CE63DBE2C6313D498EADFB87A9F3ECFD,438.134561959,0.25154969533,40.5773405909,340.985774893,2134912763,fmin_l_bfgs_b,1,117.81605104058585,2.3183098000008613,0,0,,completed_without_convergence_warning,False,False,,False,,False,,False
week7_phase3_new_data_replication,Phase 3B,F7F71204D643D1027D0FF4736F24213619BF6A09C2361C3C11F169797AC98A9C,057420703C13861B9A1B6C9026185A13E0CD582407A149A1D31E053E42FB70D2,width,T0 melt-pool width,T0,matern32_learned_nugget,Matérn 3/2 + learned nugget,Matern,1.5,True,156,P-440p884222701_VX-0p405879510898_LS-4p4918885946e-05_ST-386p365641032_M-TI64_XI-0p0002_XF-0p0014_XL-0p0012_TE-0p0021_DT-1p18855977537e-05_H-410a3c6302,157,187.097555,184.74389632583524,2.3536586741647625,2.3536586741647625,5.539709154471027,2.0485854166257313,4.1967022092116215,2.6356820217178605,6.946819719606748,2.6356820217178605,total predictive variance including learned WhiteKernel nugget,2.296095462642077,2.2868031936448783,2.2868031936448783,180.7286689092488,188.75912374242168,179.57795956326822,189.90983308840225,True,True,"7.44**2 * Matern(length_scale=22.1, nu=1.5) + WhiteKernel(noise_level=0.00206)",55.40890337417072,22.120148864979793,0.002061330349967195,0.04540187606219808,2.750117510395127,1.6583478255164468,0.04540187606219808,0.009950676928733785,166.656785,False,1e-08,numerical jitter only; separate from WhiteKernel nugget,163,164,True,False,False,False,True,True,False,"[""P"",""VX"",""LS"",""ST""]",171.32247530674843,36.525975782247436,"[276.78025353886505,0.6332294611302887,59.732812026909194,349.4045082550369]","[100.67371760523163,0.22299244471926094,15.331038399983182,30.23754712566137]",E345C686CCBDFBD534557197343952A9378AAEE9699268D743EF9C91D961B269,440.884222701,0.405879510898,44.918885946,386.365641032,507681554,fmin_l_bfgs_b,1,116.29215733798341,3.819305000011809,0,0,,completed_without_convergence_warning,False,False,,False,,False,,False
week7_phase3_new_data_replication,Phase 3B,F7F71204D643D1027D0FF4736F24213619BF6A09C2361C3C11F169797AC98A9C,057420703C13861B9A1B6C9026185A13E0CD582407A149A1D31E053E42FB70D2,width,T0 melt-pool width,T0,matern32_learned_nugget,Matérn 3/2 + learned nugget,Matern,1.5,True,157,P-441p843471056_VX-0p982124766198_LS-4p09875344609e-05_ST-327p495507906_M-TI64_XI-0p0002_XF-0p0014_XL-0p0012_TE-0p0021_DT-4p91192236368e-06_H-f55fc58583,158,126.45829,126.76838981170702,-0.31009981170701906,0.31009981170701906,0.09616189322072867,2.7058477331468938,7.321611954976183,3.195332657498685,10.210150792077608,3.195332657498685,total predictive variance including learned WhiteKernel nugget,1.9209207804805504,2.085338865648751,2.085338865648751,121.4649282547391,132.07185136867494,120.5055378030096,133.03124182040443,True,True,"7.68**2 * Matern(length_scale=22.7, nu=1.5) + WhiteKernel(noise_level=0.00218)",58.92584142917618,22.745999882279865,0.0021830167026852276,0.04672276428771341,2.888538837101424,1.6995701918724697,0.04672276428771341,0.010198025792184037,166.656785,False,1e-08,numerical jitter only; separate from WhiteKernel nugget,163,164,True,False,False,False,True,True,False,"[""P"",""VX"",""LS"",""ST""]",171.69449533742332,36.37563439968389,"[276.7743685796319,0.6296942141652581,59.75693074767667,349.76567471593256]","[100.66409611351351,0.22199873779815368,15.304599035816928,30.325156889322848]",1FFD42C898A01EF40B48FB30820F8F8CDCF55975AC4521E6007A78B5E76BB892,441.843471056,0.982124766198,40.9875344609,327.495507906,3575513598,fmin_l_bfgs_b,1,115.6196953137854,2.516683899972122,0,0,,completed_without_convergence_warning,False,False,,False,,False,,False
week7_phase3_new_data_replication,Phase 3B,F7F71204D643D1027D0FF4736F24213619BF6A09C2361C3C11F169797AC98A9C,057420703C13861B9A1B6C9026185A13E0CD582407A149A1D31E053E42FB70D2,width,T0 melt-pool width,T0,matern32_learned_nugget,Matérn 3/2 + learned nugget,Matern,1.5,True,158,P-445p244311553_VX-0p680564934933_LS-4p06442633709e-05_ST-341p721757622_M-TI64_XI-0p0002_XF-0p0014_XL-0p0012_TE-0p0021_DT-7p0884060512e-06_H-c87ffcf9e3,159,142.73559,140.24979070693252,2.485799293067487,2.485799293067487,6.179198125414818,1.8754278073384953,3.5172294605384766,2.525012253623818,6.3756868809504335,2.525012253623818,total predictive variance including learned WhiteKernel nugget,2.4261937269752933,2.3297752263360096,2.3297752263360096,136.57395220454907,143.92562920931596,135.30076668982983,145.1988147240352,True,True,"7.73**2 * Matern(length_scale=22.8, nu=1.5) + WhiteKernel(noise_level=0.00215)",59.76145880767572,22.841414070894253,0.0021482696002983405,0.04634942934166871,2.8584574204119577,1.6906973177987707,0.04634942934166871,0.010144785391118464,166.656785,False,1e-08,numerical jitter only; separate from WhiteKernel nugget,163,164,True,False,False,False,True,True,False,"[""P"",""VX"",""LS"",""ST""]",171.594634601227,36.47719814057803,"[276.75350452750314,0.6315442744797672,59.75903670528404,349.67839711031297]","[100.6295226810241,0.2236652600213213,15.301992327534215,30.3686230119392]",F6BBB84AB163F16F2C58FCC5D75614AECBFA35ACF2B38001D6AA434A8BA50FF8,445.244311553,0.680564934933,40.6442633709,341.721757622,2943789550,fmin_l_bfgs_b,1,116.10390511393726,3.1335765999974683,0,0,,completed_without_convergence_warning,False,False,,False,,False,,False
week7_phase3_new_data_replication,Phase 3B,F7F71204D643D1027D0FF4736F24213619BF6A09C2361C3C11F169797AC98A9C,057420703C13861B9A1B6C9026185A13E0CD582407A149A1D31E053E42FB70D2,width,T0 melt-pool width,T0,matern32_learned_nugget,Matérn 3/2 + learned nugget,Matern,1.5,True,159,P-446p579563616_VX-0p74347743801_LS-4p27116473193e-05_ST-393p115972114_M-TI64_XI-0p0002_XF-0p0014_XL-0p0012_TE-0p0021_DT-6p48859044859e-06_H-4a563c0a8f,160,142.75707000000003,145.75893519891855,-3.001865198918523,3.001865198918523,9.011194672478144,2.9031925155487146,8.428526782338073,3.3376835826166964,11.140131697669025,3.3376835826166964,total predictive variance including learned WhiteKernel nugget,2.5193147595402166,2.528662964628758,2.528662964628758,140.06867786844307,151.44919252939403,139.21707537698984,152.30079502084726,True,True,"7.48**2 * Matern(length_scale=22.1, nu=1.5) + WhiteKernel(noise_level=0.00204)",55.88215841786665,22.08878980597773,0.002037891164552957,0.045143007925402545,2.711604915330955,1.6466951494830349,0.045143007925402545,0.00988075672696455,166.656785,False,1e-08,numerical jitter only; separate from WhiteKernel nugget,163,164,True,False,False,False,True,True,False,"[""P"",""VX"",""LS"",""ST""]",171.59450282208587,36.47730235885364,"[276.74531279705525,0.6311583082032212,59.74635336817729,349.3630951809142]","[100.6157510896437,0.2235260092747596,15.316966580402504,30.182223922529797]",65BE7AB62276AC46701F147A3CECE0BC0C079DCAC0D561733E8C0C1D997045B5,446.579563616,0.74347743801,42.7116473193,393.115972114,88348316,fmin_l_bfgs_b,1,116.17762622944772,2.69477130001178,0,0,,completed_without_convergence_warning,False,False,,False,,False,,False
week7_phase3_new_data_replication,Phase 3B,F7F71204D643D1027D0FF4736F24213619BF6A09C2361C3C11F169797AC98A9C,057420703C13861B9A1B6C9026185A13E0CD582407A149A1D31E053E42FB70D2,width,T0 melt-pool width,T0,matern32_learned_nugget,Matérn 3/2 + learned nugget,Matern,1.5,True,160,P-446p862811862_VX-0p39827443832_LS-4p33402817419e-05_ST-361p067570798_M-TI64_XI-0p0002_XF-0p0014_XL-0p0012_TE-0p0021_DT-1p21125539047e-05_H-4b0ba6b8ba,161,182.76402,186.52963141439088,-3.7656114143908894,3.7656114143908894,14.179829324190955,2.46725137233804,6.087329334303942,2.945760057957836,8.677502319059752,2.945760057957836,total predictive variance including learned WhiteKernel nugget,2.986743618673709,2.816350952035363,2.816350952035363,181.69381872460832,191.36544410417343,180.75594170079353,192.30332112798823,True,True,"7.23**2 * Matern(length_scale=21.5, nu=1.5) + WhiteKernel(noise_level=0.00194)",52.29451078863266,21.495284226459404,0.00194039374905829,0.04404990067024317,2.5901729847558084,1.6094014367943779,0.04404990067024317,0.009656981183180617,166.656785,False,1e-08,numerical jitter only; separate from WhiteKernel nugget,163,164,True,False,False,False,True,True,False,"[""P"",""VX"",""LS"",""ST""]",171.34906141104295,36.53586982731994,"[276.7435750777546,0.6332761180172702,59.74249671527791,349.5597111399081]","[100.6128154043828,0.22294407037221078,15.32117553660862,30.36168281945702]",78A6CDDD3A5620B58EE8AE39B37F5DC86291DB435038616C2CDE8C66C03D6A57,446.862811862,0.39827443832,43.3402817419,361.067570798,1820678621,fmin_l_bfgs_b,1,116.94380878119776,2.4053796000080183,0,0,,completed_without_convergence_warning,False,False,,False,,False,,False
week7_phase3_new_data_replication,Phase 3B,F7F71204D643D1027D0FF4736F24213619BF6A09C2361C3C11F169797AC98A9C,057420703C13861B9A1B6C9026185A13E0CD582407A149A1D31E053E42FB70D2,width,T0 melt-pool width,T0,matern32_learned_nugget,Matérn 3/2 + learned nugget,Matern,1.5,True,161,P-447p413798058_VX-0p91078629156_LS-5p3177056457e-05_ST-328p907838563_M-TI64_XI-0p0002_XF-0p0014_XL-0p0012_TE-0p0021_DT-5p29665482201e-06_H-1553ff852f,162,158.53175,156.13740324016828,2.3943467598317056,2.3943467598317056,5.732896406316588,3.7568017813418493,14.113559624293291,4.114898575412091,16.932390285928452,4.114898575412091,total predictive variance including learned WhiteKernel nugget,2.4456054221696464,2.502840584635706,2.502840584635706,148.77407174873827,163.5007347315983,148.0722020323606,164.20260444797597,True,True,"7.48**2 * Matern(length_scale=22.3, nu=1.5) + WhiteKernel(noise_level=0.00211)",56.022462801239065,22.2916114102398,0.0021120544449108776,0.04595709352114075,2.8188306616351575,1.678937360843208,0.04595709352114075,0.010074221465649947,166.656785,False,1e-08,numerical jitter only; separate from WhiteKernel nugget,163,164,True,False,False,False,True,True,False,"[""P"",""VX"",""LS"",""ST""]",171.4977256441718,36.53271415153526,"[276.7401947943436,0.6301318735188653,59.682148404142325,349.7570101106749]","[100.60709044203894,0.2226219107427534,15.366223905335112,30.331316364574167]",E102ACE332847CFAC2B85BAFAEE31205F8F17A2F1AECC2734F123FC84DE26D92,447.413798058,0.91078629156,53.177056457,328.907838563,2067680466,fmin_l_bfgs_b,1,116.70142494378715,2.3078719999757595,0,0,,completed_without_convergence_warning,False,False,,False,,False,,False
week7_phase3_new_data_replication,Phase 3B,F7F71204D643D1027D0FF4736F24213619BF6A09C2361C3C11F169797AC98A9C,057420703C13861B9A1B6C9026185A13E0CD582407A149A1D31E053E42FB70D2,width,T0 melt-pool width,T0,matern32_learned_nugget,Matérn 3/2 + learned nugget,Matern,1.5,True,162,P-449p184068185_VX-0p980953819102_LS-4p30284180995e-05_ST-381p816740361_M-TI64_XI-0p0002_XF-0p0014_XL-0p0012_TE-0p0021_DT-4p91778563789e-06_H-c87ffcf9e3,163,134.49965500000002,135.11136349509465,-0.6117084950946321,0.6117084950946321,0.37418728297093956,2.346467002564145,5.505907394122363,2.8985502942387456,8.40159380823152,2.8985502942387456,total predictive variance including learned WhiteKernel nugget,1.8058298551544005,2.0054180739589045,2.0054180739589045,130.51228817006893,139.71043882012037,129.43020491838672,140.79252207180258,True,True,"7.68**2 * Matern(length_scale=22.8, nu=1.5) + WhiteKernel(noise_level=0.00218)",59.032475059872375,22.80372991959503,0.0021817173275887215,0.046708857057186935,2.895686414109155,1.7016716528487965,0.046708857057186935,0.01021063530566005,166.656785,False,1e-08,numerical jitter only; separate from WhiteKernel nugget,163,164,True,False,False,False,True,True,False,"[""P"",""VX"",""LS"",""ST""]",171.64516180981596,36.431455618051054,"[276.7293342414172,0.6297013978897734,59.74440998915765,349.4324156211166]","[100.58856835518544,0.22201012285163785,15.319107533516405,30.26953097167981]",92FEABE4EA22866401B67F402AFF582952287A555A3D58AA75234614FCD511DD,449.184068185,0.980953819102,43.0284180995,381.816740361,1465894754,fmin_l_bfgs_b,1,115.756464230271,1.3266711999895051,0,0,,completed_without_convergence_warning,False,False,,False,,False,,False
week7_phase3_new_data_replication,Phase 3B,F7F71204D643D1027D0FF4736F24213619BF6A09C2361C3C11F169797AC98A9C,057420703C13861B9A1B6C9026185A13E0CD582407A149A1D31E053E42FB70D2,width,T0 melt-pool width,T0,matern32_learned_nugget,Matérn 3/2 + learned nugget,Matern,1.5,True,163,P-449p762375807_VX-0p721910835583_LS-4p02949716673e-05_ST-312p266645761_M-TI64_XI-0p0002_XF-0p0014_XL-0p0012_TE-0p0021_DT-6p68243273994e-06_H-c87ffcf9e3,164,134.869345,136.9119077357771,-2.0425627357770963,2.0425627357770963,4.172062529585216,3.3116904956434614,10.967293938935235,3.719295369346475,13.833158044442131,3.719295369346475,total predictive variance including learned WhiteKernel nugget,2.306602053482757,2.3832721183860186,2.3832721183860186,130.42099436431593,143.40282110723828,129.62208881185802,144.2017266596962,True,True,"7.59**2 * Matern(length_scale=22.5, nu=1.5) + WhiteKernel(noise_level=0.00216)",57.53308625058736,22.501285229836192,0.002158975386365997,0.04646477575934266,2.865864105506896,1.692886323858426,0.04646477575934266,0.010157920206239584,166.656785,False,1e-08,numerical jitter only; separate from WhiteKernel nugget,163,164,True,False,False,False,True,True,False,"[""P"",""VX"",""LS"",""ST""]",171.64289377300614,36.43375645728879,"[276.72578634189574,0.6312906186475586,59.76117959917116,349.8591033180491]","[100.58247518949224,0.2235860635581765,15.299290645092062,30.232801045361445]",F074E069E53F4D286D35766028BC487D310B66F03136CDC274F3217B4005284D,449.762375807,0.721910835583,40.2949716673,312.266645761,2497689989,fmin_l_bfgs_b,1,115.86358753252964,1.5460490999976173,0,0,,completed_without_convergence_warning,False,False,,False,,False,,False
