analysis_label,config_fingerprint,target,target_label,method,fold_index,heldout_simulation_id,heldout_numeric_simulation_id,phase1_unstable_window_flag,observed_target_target_unit,predicted_mean_target_unit,residual_target_unit,absolute_error_target_unit,squared_error_target_unit_squared,latent_predictive_std_target_unit,latent_predictive_variance_target_unit_squared,total_predictive_std_target_unit,total_predictive_variance_target_unit_squared,oracle_total_predictive_std_target_unit,oracle_total_predictive_variance_target_unit_squared,evaluation_predictive_std_target_unit,evaluation_variance_definition,latent_nlpd,observation_level_nlpd,oracle_observation_level_nlpd,evaluation_nlpd,latent_interval_lower_target_unit,latent_interval_upper_target_unit,observation_interval_lower_target_unit,observation_interval_upper_target_unit,oracle_interval_lower_target_unit,oracle_interval_upper_target_unit,latent_interval_contains_observed,observation_interval_contains_observed,oracle_interval_contains_observed,optimized_kernel,optimized_length_scale,optimized_signal_variance_normalized,optimized_noise_variance_normalized,optimized_noise_std_normalized,optimized_noise_std_target_unit,noise_std_fraction_training_target_std,heldout_target_summary_variance_target_unit_squared,heldout_target_summary_std_target_unit,training_alpha_normalized_min,training_alpha_normalized_median,training_alpha_normalized_max,alpha_kind,numerical_jitter_normalized,whitekernel_is_effective_nugget_not_simulator_noise,oracle_interval_is_retrospective_not_deployable,training_size,population_size,heldout_excluded_from_training,x_scaler_fit_on_training_only,y_scaler_fit_on_training_only,normalize_y,feature_columns,training_y_mean_target_unit,training_y_std_target_unit,x_training_mean,x_training_scale,heldout_P,heldout_VX,heldout_LS,heldout_ST,fold_random_seed,optimizer,n_restarts_optimizer,log_marginal_likelihood,runtime_seconds,warning_count,convergence_warning_count,warnings,convergence_status,failed_fold,constant_bound_hit,constant_bound_side,length_scale_bound_hit,length_scale_bound_side,noise_bound_hit,noise_bound_side,any_hyperparameter_bound_hit,model,observed_target_value,predicted_mean,residual,absolute_error,squared_error,target_unit,model_label,model_family,kernel,noise_method,probabilistic,probabilistic_deployable,partition,dataset_repo_id,dataset_revision,phase2_target_column,eligibility_source_fields,fit_failure,fit_failure_reason,total_interval_lower_target_unit,total_interval_upper_target_unit,heldout_target_used_for_scaling,heldout_target_used_for_fitting,heldout_target_used_for_tuning,inner_cv_uses_outer_training_only,selected_ridge_alpha,predictive_interval_lower,predictive_interval_upper,interval_definition,predictive_interval_contains_observed,experiment_name,label_modified,simulation_silently_removed,protocol_source
week7_phase3_new_data_noise_replication,6E5B5B7DD1D0B4311C2309F5F25EE422003057BB9160BD239C2DA1F7FA530128,depth,T0 penetration depth,C_heteroskedastic,0,P-102p928146519_VX-0p633805217924_LS-5p29394366699e-05_ST-318p223787128_M-TI64_XI-0p0002_XF-0p0014_XL-0p0012_TE-0p0021_DT-7p61136145079e-06_H-6c9c68731f,1,False,38.97961,41.91356828920642,-2.9339582892064158,2.9339582892064158,8.608111242803037,17.88151303864452,319.748508551214,,,17.88162433475306,319.7524888492328,17.88162433475306,oracle retrospective latent variance plus held-out target-summary variance,3.8161666739854945,,3.8161727304937507,3.8161727304937507,6.8658027334631555,76.96133384494968,,,6.865584593090418,76.96155198532242,True,,True,"1.01**2 * Matern(length_scale=1.8, nu=1.5)",1.7986210080446892,1.026923958925123,,,,,0.0039802980187786784,0.06308960309574532,1.000757408262725e-06,1.3300227249781482e-06,0.0051428459807594295,observation-specific target-summary variance plus numerical floor,1e-06,False,True,163,164,True,True,True,False,"[""P"",""VX"",""LS"",""ST""]",104.94196337423313,72.85894865209019,"[278.8536036994908,0.6318311439092702,59.68360619424722,349.82255643849703]","[100.55191361866878,0.22369796013998375,15.365595415297832,30.2745930192761]",102.928146519,0.633805217924,52.939436669900005,318.223787128,825078322,fmin_l_bfgs_b,1,-66.2591032244604,2.850947799975984,0,0,,completed_without_convergence_warning,False,False,,False,,False,,False,matern32_heteroskedastic_alpha,38.97961,41.91356828920642,-2.9339582892064158,2.9339582892064158,8.608111242803037,um,Matérn 3/2 + heteroskedastic alpha,Gaussian process,Matérn 3/2,C_heteroskedastic_alpha,True,False,new-data,ioandanielc/sph_v2,d69dac5bda8b622bc0de316b112815c6056c06ec,T0_depth_um,"[""geometry_monitor_available"",""geometry_parse_ok"",""geometry_target_ready"",""time_monitor_available"",""time_parse_ok"",""time_target_ready"",""physical_target_extraction_success""]",False,,,,False,False,False,,,6.865584593090418,76.96155198532242,retrospective oracle: latent variance plus held-out target-summary variance,1.0,P-102p928146519_VX-0p633805217924_LS-5p29394366699e-05_ST-318p223787128_M-TI64_XI-0p0002_XF-0p0014_XL-0p0012_TE-0p0021_DT-7p61136145079e-06_H-6c9c68731f,False,False,Week 6 Phase 2 heteroskedastic-alpha engine
week7_phase3_new_data_noise_replication,6E5B5B7DD1D0B4311C2309F5F25EE422003057BB9160BD239C2DA1F7FA530128,depth,T0 penetration depth,C_heteroskedastic,1,P-109p741517589_VX-0p915030812968_LS-7p99759662409e-05_ST-303p804431165_M-TI64_XI-0p0002_XF-0p0014_XL-0p0012_TE-0p0021_DT-5p27208541466e-06_H-0e4c2fc094,2,False,26.90932,40.151585359763246,-13.242265359763245,13.242265359763245,175.35759185838558,37.75065918667968,1425.1122690288428,,,37.75065962023901,1425.1123017631444,37.75065962023901,oracle retrospective latent variance plus held-out target-summary variance,4.611465603049275,,4.611465613120903,4.611465613120903,-33.83970664612892,114.14287736565541,,,-33.839707495905216,114.14287821543171,True,,True,"1.02**2 * Matern(length_scale=1.81, nu=1.5)",1.8103837632841722,1.0344956137366152,,,,,3.273430155350735e-05,0.005721389827088114,1.0007589335045682e-06,1.3327750747610608e-06,0.005153200447467971,observation-specific target-summary variance plus numerical floor,1e-06,False,True,163,164,True,True,True,False,"[""P"",""VX"",""LS"",""ST""]",105.01601423312883,72.78569888358773,"[278.8118038769755,0.6301058335102273,59.51773791467053,349.91101874501845]","[100.62359610559422,0.222588830470799,15.291396114388638,30.160851900819917]",109.741517589,0.915030812968,79.97596624090001,303.804431165,3630437595,fmin_l_bfgs_b,1,-65.51222343690611,2.2122285999939777,0,0,,completed_without_convergence_warning,False,False,,False,,False,,False,matern32_heteroskedastic_alpha,26.90932,40.151585359763246,-13.242265359763245,13.242265359763245,175.35759185838558,um,Matérn 3/2 + heteroskedastic alpha,Gaussian process,Matérn 3/2,C_heteroskedastic_alpha,True,False,new-data,ioandanielc/sph_v2,d69dac5bda8b622bc0de316b112815c6056c06ec,T0_depth_um,"[""geometry_monitor_available"",""geometry_parse_ok"",""geometry_target_ready"",""time_monitor_available"",""time_parse_ok"",""time_target_ready"",""physical_target_extraction_success""]",False,,,,False,False,False,,,-33.839707495905216,114.14287821543171,retrospective oracle: latent variance plus held-out target-summary variance,1.0,P-109p741517589_VX-0p915030812968_LS-7p99759662409e-05_ST-303p804431165_M-TI64_XI-0p0002_XF-0p0014_XL-0p0012_TE-0p0021_DT-5p27208541466e-06_H-0e4c2fc094,False,False,Week 6 Phase 2 heteroskedastic-alpha engine
week7_phase3_new_data_noise_replication,6E5B5B7DD1D0B4311C2309F5F25EE422003057BB9160BD239C2DA1F7FA530128,depth,T0 penetration depth,C_heteroskedastic,2,P-111p098510779_VX-0p492021331775_LS-4p80108469254e-05_ST-345p911753718_M-TI64_XI-0p0002_XF-0p0014_XL-0p0012_TE-0p0021_DT-9p80469807196e-06_H-0602c4a780,3,False,46.872595,47.721990022307324,-0.849395022307327,0.849395022307327,0.7214719039204646,27.404439177333753,751.0032866241851,,,27.40445059763877,751.003912558424,27.40445059763877,oracle retrospective latent variance plus held-out target-summary variance,4.2301238859599275,,4.230124302291433,4.230124302291433,-5.990710765266833,101.43469080988149,,,-5.990733149064667,101.43471319367931,True,,True,"1.02**2 * Matern(length_scale=1.8, nu=1.5)",1.8037350341127394,1.0315587042134196,,,,,0.000625934239043184,0.02501867780365669,1.0007565526244542e-06,1.3317311130000114e-06,0.005137037277025355,observation-specific target-summary variance plus numerical floor,1e-06,False,True,163,164,True,True,True,False,"[""P"",""VX"",""LS"",""ST""]",104.89354015337422,72.90013764963227,"[278.8034787653804,0.6327009837015954,59.713842941146,349.6526916127915]","[100.63752672237159,0.22342812208785306,15.347434319494127,30.373573311148494]",111.098510779,0.492021331775,48.0108469254,345.911753718,3005145098,fmin_l_bfgs_b,1,-65.61494560999567,2.119981200026814,0,0,,completed_without_convergence_warning,False,False,,False,,False,,False,matern32_heteroskedastic_alpha,46.872595,47.721990022307324,-0.849395022307327,0.849395022307327,0.7214719039204646,um,Matérn 3/2 + heteroskedastic alpha,Gaussian process,Matérn 3/2,C_heteroskedastic_alpha,True,False,new-data,ioandanielc/sph_v2,d69dac5bda8b622bc0de316b112815c6056c06ec,T0_depth_um,"[""geometry_monitor_available"",""geometry_parse_ok"",""geometry_target_ready"",""time_monitor_available"",""time_parse_ok"",""time_target_ready"",""physical_target_extraction_success""]",False,,,,False,False,False,,,-5.990733149064667,101.43471319367931,retrospective oracle: latent variance plus held-out target-summary variance,1.0,P-111p098510779_VX-0p492021331775_LS-4p80108469254e-05_ST-345p911753718_M-TI64_XI-0p0002_XF-0p0014_XL-0p0012_TE-0p0021_DT-9p80469807196e-06_H-0602c4a780,False,False,Week 6 Phase 2 heteroskedastic-alpha engine
week7_phase3_new_data_noise_replication,6E5B5B7DD1D0B4311C2309F5F25EE422003057BB9160BD239C2DA1F7FA530128,depth,T0 penetration depth,C_heteroskedastic,3,P-113p729503671_VX-0p646987288946_LS-8p28088886776e-05_ST-328p878079062_M-TI64_XI-0p0002_XF-0p0014_XL-0p0012_TE-0p0021_DT-7p45628343159e-06_H-0e4c2fc094,4,False,34.473155000000006,38.74713409938498,-4.273979099384974,4.273979099384974,18.266897341979593,25.604848807790418,655.6082824698065,,,25.60493096736811,655.6124898436864,25.60493096736811,oracle retrospective latent variance plus held-out target-summary variance,4.175651532134482,,4.175654651476635,4.175654651476635,-11.438369563884237,88.9326377626542,,,-11.438530596656513,88.93279879542646,True,,True,"1.01**2 * Matern(length_scale=1.8, nu=1.5)",1.8007319048130743,1.0293516791945119,,,,,0.004207373879785458,0.06486427275307616,1.0007579469317571e-06,1.330257437260273e-06,0.005146502863492453,observation-specific target-summary variance plus numerical floor,1e-06,False,True,163,164,True,True,True,False,"[""P"",""VX"",""LS"",""ST""]",104.9696103374233,72.83305380818855,"[278.7873377046933,0.6317502723079084,59.50035802242083,349.7571926843007]","[100.66420878036979,0.22369484902949263,15.266503645953938,30.331190776551512]",113.729503671,0.646987288946,82.8088886776,328.878079062,732507362,fmin_l_bfgs_b,1,-65.97892207760405,2.2731081999954768,0,0,,completed_without_convergence_warning,False,False,,False,,False,,False,matern32_heteroskedastic_alpha,34.473155000000006,38.74713409938498,-4.273979099384974,4.273979099384974,18.266897341979593,um,Matérn 3/2 + heteroskedastic alpha,Gaussian process,Matérn 3/2,C_heteroskedastic_alpha,True,False,new-data,ioandanielc/sph_v2,d69dac5bda8b622bc0de316b112815c6056c06ec,T0_depth_um,"[""geometry_monitor_available"",""geometry_parse_ok"",""geometry_target_ready"",""time_monitor_available"",""time_parse_ok"",""time_target_ready"",""physical_target_extraction_success""]",False,,,,False,False,False,,,-11.438530596656513,88.93279879542646,retrospective oracle: latent variance plus held-out target-summary variance,1.0,P-113p729503671_VX-0p646987288946_LS-8p28088886776e-05_ST-328p878079062_M-TI64_XI-0p0002_XF-0p0014_XL-0p0012_TE-0p0021_DT-7p45628343159e-06_H-0e4c2fc094,False,False,Week 6 Phase 2 heteroskedastic-alpha engine
week7_phase3_new_data_noise_replication,6E5B5B7DD1D0B4311C2309F5F25EE422003057BB9160BD239C2DA1F7FA530128,depth,T0 penetration depth,C_heteroskedastic,4,P-115p973342836_VX-0p629021136955_LS-5p81694798744e-05_ST-308p264473639_M-TI64_XI-0p0002_XF-0p0014_XL-0p0012_TE-0p0021_DT-7p66925039494e-06_H-27614c4053,5,False,42.71745,41.53444375728559,1.1830062427144128,1.1830062427144128,1.399503770301272,19.73110671655919,389.31657226024714,,,19.73112418787353,389.31726171728786,19.73112418787353,oracle retrospective latent variance plus held-out target-summary variance,3.902932330053526,,3.9029332123406464,3.9029332123406464,2.8614745928295733,80.2074129217416,,,2.861440349053467,80.2074471655177,True,,True,"1.01**2 * Matern(length_scale=1.8, nu=1.5)",1.8001046683555197,1.0284041793829226,,,,,0.0006894570406813641,0.026257513985169352,1.00075698915777e-06,1.3319225229270937e-06,0.005140000787176079,observation-specific target-summary variance plus numerical floor,1e-06,False,True,163,164,True,True,True,False,"[""P"",""VX"",""LS"",""ST""]",104.91903184049079,72.87911493900597,"[278.7735718202454,0.6318604940992641,59.65152003961839,349.8836565212516]","[100.6866236676386,0.22369790337543521,15.374181926292225,30.200618529174243]",115.973342836,0.629021136955,58.1694798744,308.264473639,1788805229,fmin_l_bfgs_b,1,-66.15764021209793,2.0163262999849394,0,0,,completed_without_convergence_warning,False,False,,False,,False,,False,matern32_heteroskedastic_alpha,42.71745,41.53444375728559,1.1830062427144128,1.1830062427144128,1.399503770301272,um,Matérn 3/2 + heteroskedastic alpha,Gaussian process,Matérn 3/2,C_heteroskedastic_alpha,True,False,new-data,ioandanielc/sph_v2,d69dac5bda8b622bc0de316b112815c6056c06ec,T0_depth_um,"[""geometry_monitor_available"",""geometry_parse_ok"",""geometry_target_ready"",""time_monitor_available"",""time_parse_ok"",""time_target_ready"",""physical_target_extraction_success""]",False,,,,False,False,False,,,2.861440349053467,80.2074471655177,retrospective oracle: latent variance plus held-out target-summary variance,1.0,P-115p973342836_VX-0p629021136955_LS-5p81694798744e-05_ST-308p264473639_M-TI64_XI-0p0002_XF-0p0014_XL-0p0012_TE-0p0021_DT-7p66925039494e-06_H-27614c4053,False,False,Week 6 Phase 2 heteroskedastic-alpha engine
week7_phase3_new_data_noise_replication,6E5B5B7DD1D0B4311C2309F5F25EE422003057BB9160BD239C2DA1F7FA530128,depth,T0 penetration depth,C_heteroskedastic,5,P-117p204089079_VX-0p299188895548_LS-6p61946140465e-05_ST-399p004242061_M-TI64_XI-0p0002_XF-0p0014_XL-0p0012_TE-0p0021_DT-1p61239961603e-05_H-0e4c2fc094,6,False,54.719100000000005,61.85409192849769,-7.1349919284976835,7.1349919284976835,50.908109819727095,35.7382712689708,1277.2240332945437,,,35.73827164493321,1277.224060167037,35.73827164493321,oracle retrospective latent variance plus held-out target-summary variance,4.5150898734587726,,4.515089883559348,4.515089883559348,-8.192919758685072,131.90110361568046,,,-8.192920495571393,131.90110435256676,True,,True,"1.02**2 * Matern(length_scale=1.82, nu=1.5)",1.816627749516243,1.0374450488082847,,,,,2.68724929133261e-05,0.0051838685277817475,1.000755812233096e-06,1.3314064682345824e-06,0.00513201095434505,observation-specific target-summary variance plus numerical floor,1e-06,False,True,163,164,True,True,True,False,"[""P"",""VX"",""LS"",""ST""]",104.84540208588957,72.93583528568942,"[278.76602122979756,0.6338840047827426,59.60228608764232,349.32697082541114]","[100.69878505435994,0.22216603560356696,15.36599720938783,30.12625992423521]",117.204089079,0.299188895548,66.1946140465,399.004242061,1243221650,fmin_l_bfgs_b,1,-65.12817364345456,2.132437399995979,0,0,,completed_without_convergence_warning,False,False,,False,,False,,False,matern32_heteroskedastic_alpha,54.719100000000005,61.85409192849769,-7.1349919284976835,7.1349919284976835,50.908109819727095,um,Matérn 3/2 + heteroskedastic alpha,Gaussian process,Matérn 3/2,C_heteroskedastic_alpha,True,False,new-data,ioandanielc/sph_v2,d69dac5bda8b622bc0de316b112815c6056c06ec,T0_depth_um,"[""geometry_monitor_available"",""geometry_parse_ok"",""geometry_target_ready"",""time_monitor_available"",""time_parse_ok"",""time_target_ready"",""physical_target_extraction_success""]",False,,,,False,False,False,,,-8.192920495571393,131.90110435256676,retrospective oracle: latent variance plus held-out target-summary variance,1.0,P-117p204089079_VX-0p299188895548_LS-6p61946140465e-05_ST-399p004242061_M-TI64_XI-0p0002_XF-0p0014_XL-0p0012_TE-0p0021_DT-1p61239961603e-05_H-0e4c2fc094,False,False,Week 6 Phase 2 heteroskedastic-alpha engine
week7_phase3_new_data_noise_replication,6E5B5B7DD1D0B4311C2309F5F25EE422003057BB9160BD239C2DA1F7FA530128,depth,T0 penetration depth,C_heteroskedastic,6,P-118p239150472_VX-0p728951155133_LS-5p59862781201e-05_ST-395p421202378_M-TI64_XI-0p0002_XF-0p0014_XL-0p0012_TE-0p0021_DT-6p61789280262e-06_H-44aa3a8888,7,False,42.71263,42.894519177086636,-0.18188917708663865,0.18188917708663865,0.033083672741254594,28.164924702137608,793.2629834770812,,,28.164928120294203,793.2631760213392,28.164928120294203,oracle retrospective latent variance plus held-out target-summary variance,4.2570367849961,,4.25703690635321,4.25703690635321,-12.308733239103077,98.09777159327635,,,-12.308739938690003,98.09777829286327,True,,True,"1.02**2 * Matern(length_scale=1.81, nu=1.5)",1.8052857750571758,1.0338242244521243,,,,,0.00019254425790580623,0.013876031778062712,1.000756989682084e-06,1.3319227528269145e-06,0.005140004346607207,observation-specific target-summary variance plus numerical floor,1e-06,False,True,163,164,True,True,True,False,"[""P"",""VX"",""LS"",""ST""]",104.91906141104295,72.87908969985286,"[278.75967115990187,0.6312474265030801,59.66491391541164,349.3489526639571]","[100.70893980929347,0.2235678726972534,15.371933790187422,30.161171852780413]",118.239150472,0.728951155133,55.9862781201,395.421202378,1486109624,fmin_l_bfgs_b,1,-65.80289408952338,2.616201299999375,0,0,,completed_without_convergence_warning,False,False,,False,,False,,False,matern32_heteroskedastic_alpha,42.71263,42.894519177086636,-0.18188917708663865,0.18188917708663865,0.033083672741254594,um,Matérn 3/2 + heteroskedastic alpha,Gaussian process,Matérn 3/2,C_heteroskedastic_alpha,True,False,new-data,ioandanielc/sph_v2,d69dac5bda8b622bc0de316b112815c6056c06ec,T0_depth_um,"[""geometry_monitor_available"",""geometry_parse_ok"",""geometry_target_ready"",""time_monitor_available"",""time_parse_ok"",""time_target_ready"",""physical_target_extraction_success""]",False,,,,False,False,False,,,-12.308739938690003,98.09777829286327,retrospective oracle: latent variance plus held-out target-summary variance,1.0,P-118p239150472_VX-0p728951155133_LS-5p59862781201e-05_ST-395p421202378_M-TI64_XI-0p0002_XF-0p0014_XL-0p0012_TE-0p0021_DT-6p61789280262e-06_H-44aa3a8888,False,False,Week 6 Phase 2 heteroskedastic-alpha engine
week7_phase3_new_data_noise_replication,6E5B5B7DD1D0B4311C2309F5F25EE422003057BB9160BD239C2DA1F7FA530128,depth,T0 penetration depth,C_heteroskedastic,7,P-119p523515535_VX-0p859779155666_LS-6p70931710444e-05_ST-392p874711106_M-TI64_XI-0p0002_XF-0p0014_XL-0p0012_TE-0p0021_DT-5p61088341259e-06_H-2934a8b202,8,False,38.07826,41.16367573738408,-3.085415737384082,3.085415737384082,9.519790272497358,27.660991706022152,765.1304621606263,,,27.66390158369436,765.2914508323274,27.66390158369436,oracle retrospective latent variance plus held-out target-summary variance,4.245182736453521,,4.2452866201295025,4.2452866201295025,-13.051868006419333,95.3792194811875,,,-13.057571366656866,95.38492284142504,True,,True,"1.02**2 * Matern(length_scale=1.81, nu=1.5)",1.8073919051973062,1.0337633501328274,,,,,0.16098867170110262,0.40123393637764815,1.0007575130796837e-06,1.3300683964871963e-06,0.005143557555591889,observation-specific target-summary variance plus numerical floor,1e-06,False,True,163,164,True,True,True,False,"[""P"",""VX"",""LS"",""ST""]",104.94749312883435,72.85390773741146,"[278.751791619638,0.630444800732939,59.5967734680233,349.36457530979766]","[100.72144772108055,0.22298005406020086,15.363469805161918,30.18436352509899]",119.523515535,0.859779155666,67.0931710444,392.874711106,1622026778,fmin_l_bfgs_b,1,-65.7227854008764,2.2663114000461064,0,0,,completed_without_convergence_warning,False,False,,False,,False,,False,matern32_heteroskedastic_alpha,38.07826,41.16367573738408,-3.085415737384082,3.085415737384082,9.519790272497358,um,Matérn 3/2 + heteroskedastic alpha,Gaussian process,Matérn 3/2,C_heteroskedastic_alpha,True,False,new-data,ioandanielc/sph_v2,d69dac5bda8b622bc0de316b112815c6056c06ec,T0_depth_um,"[""geometry_monitor_available"",""geometry_parse_ok"",""geometry_target_ready"",""time_monitor_available"",""time_parse_ok"",""time_target_ready"",""physical_target_extraction_success""]",False,,,,False,False,False,,,-13.057571366656866,95.38492284142504,retrospective oracle: latent variance plus held-out target-summary variance,1.0,P-119p523515535_VX-0p859779155666_LS-6p70931710444e-05_ST-392p874711106_M-TI64_XI-0p0002_XF-0p0014_XL-0p0012_TE-0p0021_DT-5p61088341259e-06_H-2934a8b202,False,False,Week 6 Phase 2 heteroskedastic-alpha engine
week7_phase3_new_data_noise_replication,6E5B5B7DD1D0B4311C2309F5F25EE422003057BB9160BD239C2DA1F7FA530128,depth,T0 penetration depth,C_heteroskedastic,8,P-120p079917874_VX-0p610410046914_LS-8p29242579558e-05_ST-398p6729924_M-TI64_XI-0p0002_XF-0p0014_XL-0p0012_TE-0p0021_DT-7p90308191584e-06_H-a88ac79600,9,False,38.589385,46.11294867942793,-7.52356367942793,7.52356367942793,56.60401043840714,35.7117876228202,1275.3317752174137,,,35.71217474521163,1275.3594250325311,35.71217474521163,oracle retrospective latent variance plus held-out target-summary variance,4.516611229478362,,4.516621588484524,4.516621588484524,-23.882155061299656,116.10805242015552,,,-23.88291382118686,116.10881118004272,True,,True,"1.02**2 * Matern(length_scale=1.81, nu=1.5)",1.8076202307627889,1.0356130372446124,,,,,0.027649815117795618,0.16628233555551117,1.0007574534623004e-06,1.3300424196233716e-06,0.005143152828817818,observation-specific target-summary variance plus numerical floor,1e-06,False,True,163,164,True,True,True,False,"[""P"",""VX"",""LS"",""ST""]",104.94435739263804,72.85677476099764,"[278.7483781083559,0.6319746725657733,59.49965023543802,349.3290030319203]","[100.72683443415846,0.22369167522559522,15.265420284581628,30.129599543852706]",120.079917874,0.610410046914,82.9242579558,398.6729924,782835812,fmin_l_bfgs_b,1,-65.7329924542884,2.4617597999749705,0,0,,completed_without_convergence_warning,False,False,,False,,False,,False,matern32_heteroskedastic_alpha,38.589385,46.11294867942793,-7.52356367942793,7.52356367942793,56.60401043840714,um,Matérn 3/2 + heteroskedastic alpha,Gaussian process,Matérn 3/2,C_heteroskedastic_alpha,True,False,new-data,ioandanielc/sph_v2,d69dac5bda8b622bc0de316b112815c6056c06ec,T0_depth_um,"[""geometry_monitor_available"",""geometry_parse_ok"",""geometry_target_ready"",""time_monitor_available"",""time_parse_ok"",""time_target_ready"",""physical_target_extraction_success""]",False,,,,False,False,False,,,-23.88291382118686,116.10881118004272,retrospective oracle: latent variance plus held-out target-summary variance,1.0,P-120p079917874_VX-0p610410046914_LS-8p29242579558e-05_ST-398p6729924_M-TI64_XI-0p0002_XF-0p0014_XL-0p0012_TE-0p0021_DT-7p90308191584e-06_H-a88ac79600,False,False,Week 6 Phase 2 heteroskedastic-alpha engine
week7_phase3_new_data_noise_replication,6E5B5B7DD1D0B4311C2309F5F25EE422003057BB9160BD239C2DA1F7FA530128,depth,T0 penetration depth,C_heteroskedastic,9,P-120p906267006_VX-0p64748664338_LS-6p03748750968e-05_ST-359p518818343_M-TI64_XI-0p0002_XF-0p0014_XL-0p0012_TE-0p0021_DT-7p45053299916e-06_H-c5f6eebf67,10,False,43.11279,43.55684043022046,-0.4440504302204644,0.4440504302204644,0.19718078457897953,20.067631702611344,402.70984215165186,,,20.06804242439622,402.72632674736656,20.06804242439622,oracle retrospective latent variance plus held-out target-summary variance,3.918291504626423,,3.91831196127474,3.91831196127474,4.2242822931022275,82.8893985673387,,,4.22347727840387,82.89020358203706,True,,True,"1.01**2 * Matern(length_scale=1.8, nu=1.5)",1.7967490048203898,1.025775891787841,,,,,0.01648459571469934,0.12839235068608776,1.0007569462947631e-06,1.3298214333720934e-06,0.005139709801468679,observation-specific target-summary variance plus numerical floor,1e-06,False,True,163,164,True,True,True,False,"[""P"",""VX"",""LS"",""ST""]",104.91660644171779,72.88117834416292,"[278.74330848177914,0.6317472087837733,59.63799000757913,349.56921268871173]","[100.73479905092135,0.22369463691653743,15.374509809251899,30.365040141306924]",120.906267006,0.64748664338,60.3748750968,359.518818343,3345116821,fmin_l_bfgs_b,1,-66.00086570319499,2.5007030999986455,0,0,,completed_without_convergence_warning,False,False,,False,,False,,False,matern32_heteroskedastic_alpha,43.11279,43.55684043022046,-0.4440504302204644,0.4440504302204644,0.19718078457897953,um,Matérn 3/2 + heteroskedastic alpha,Gaussian process,Matérn 3/2,C_heteroskedastic_alpha,True,False,new-data,ioandanielc/sph_v2,d69dac5bda8b622bc0de316b112815c6056c06ec,T0_depth_um,"[""geometry_monitor_available"",""geometry_parse_ok"",""geometry_target_ready"",""time_monitor_available"",""time_parse_ok"",""time_target_ready"",""physical_target_extraction_success""]",False,,,,False,False,False,,,4.22347727840387,82.89020358203706,retrospective oracle: latent variance plus held-out target-summary variance,1.0,P-120p906267006_VX-0p64748664338_LS-6p03748750968e-05_ST-359p518818343_M-TI64_XI-0p0002_XF-0p0014_XL-0p0012_TE-0p0021_DT-7p45053299916e-06_H-c5f6eebf67,False,False,Week 6 Phase 2 heteroskedastic-alpha engine
week7_phase3_new_data_noise_replication,6E5B5B7DD1D0B4311C2309F5F25EE422003057BB9160BD239C2DA1F7FA530128,depth,T0 penetration depth,C_heteroskedastic,10,P-122p181848607_VX-0p882188233955_LS-4p98408399334e-05_ST-370p38962934_M-TI64_XI-0p0002_XF-0p0014_XL-0p0012_TE-0p0021_DT-5p46835745177e-06_H-2afbe2208b,11,False,42.580775,51.024783538632995,-8.444008538632993,8.444008538632993,71.30128020050688,29.87328650226523,892.413246446422,,,29.87331600957992,892.4150094082239,29.87331600957992,oracle retrospective latent variance plus held-out target-summary variance,4.3558517641450125,,4.355852672975486,4.355852672975486,-7.526858005806858,109.57642508307285,,,-7.526915840143644,109.57648291740963,True,,True,"1.02**2 * Matern(length_scale=1.81, nu=1.5)",1.8075347912010409,1.0331603740318407,,,,,0.0017629618018613384,0.04198763867927486,1.0007570040412578e-06,1.3298465950404777e-06,0.0051401018272707166,observation-specific target-summary variance plus numerical floor,1e-06,False,True,163,164,True,True,True,False,"[""P"",""VX"",""LS"",""ST""]",104.91987033742332,72.8783984958304,"[278.73548282778535,0.630307321725031,59.702615990176675,349.50252059670555]","[100.7470101416236,0.22283165733613877,15.355319821804724,30.331157211511236]",122.181848607,0.882188233955,49.840839933400005,370.38962934,722672639,fmin_l_bfgs_b,1,-65.41035811088508,2.5540415000286885,0,0,,completed_without_convergence_warning,False,False,,False,,False,,False,matern32_heteroskedastic_alpha,42.580775,51.024783538632995,-8.444008538632993,8.444008538632993,71.30128020050688,um,Matérn 3/2 + heteroskedastic alpha,Gaussian process,Matérn 3/2,C_heteroskedastic_alpha,True,False,new-data,ioandanielc/sph_v2,d69dac5bda8b622bc0de316b112815c6056c06ec,T0_depth_um,"[""geometry_monitor_available"",""geometry_parse_ok"",""geometry_target_ready"",""time_monitor_available"",""time_parse_ok"",""time_target_ready"",""physical_target_extraction_success""]",False,,,,False,False,False,,,-7.526915840143644,109.57648291740963,retrospective oracle: latent variance plus held-out target-summary variance,1.0,P-122p181848607_VX-0p882188233955_LS-4p98408399334e-05_ST-370p38962934_M-TI64_XI-0p0002_XF-0p0014_XL-0p0012_TE-0p0021_DT-5p46835745177e-06_H-2afbe2208b,False,False,Week 6 Phase 2 heteroskedastic-alpha engine
week7_phase3_new_data_noise_replication,6E5B5B7DD1D0B4311C2309F5F25EE422003057BB9160BD239C2DA1F7FA530128,depth,T0 penetration depth,C_heteroskedastic,11,P-124p08408212_VX-0p537482635976_LS-5p36452858207e-05_ST-384p350705088_M-TI64_XI-0p0002_XF-0p0014_XL-0p0012_TE-0p0021_DT-8p97539805031e-06_H-1d842653b1,12,False,46.98435,52.631228234580526,-5.646878234580527,5.646878234580527,31.887233796179284,21.20067298940206,449.46853520356217,,,21.20070592368913,449.46993166274746,21.20070592368913,oracle retrospective latent variance plus held-out target-summary variance,4.008443612715139,,4.008445055960208,4.008445055960208,11.077909175352488,94.18454729380856,,,11.077844624149826,94.18461184501123,True,,True,"1.01**2 * Matern(length_scale=1.8, nu=1.5)",1.8005611024632944,1.0278412786503057,,,,,0.0013964591852741418,0.03736922778536027,1.000756541309597e-06,1.3317261516924958e-06,0.0051369604634274,observation-specific target-summary variance plus numerical floor,1e-06,False,True,163,164,True,True,True,False,"[""P"",""VX"",""LS"",""ST""]",104.8928545398773,72.90068279605298,"[278.72381268353377,0.6324220799948408,59.67927583135888,349.41686982524544]","[100.76503224796566,0.22357513452740202,15.36739589307354,30.252239435646082]",124.08408212,0.537482635976,53.6452858207,384.350705088,2163688860,fmin_l_bfgs_b,1,-65.92861756040068,2.710329500027001,0,0,,completed_without_convergence_warning,False,False,,False,,False,,False,matern32_heteroskedastic_alpha,46.98435,52.631228234580526,-5.646878234580527,5.646878234580527,31.887233796179284,um,Matérn 3/2 + heteroskedastic alpha,Gaussian process,Matérn 3/2,C_heteroskedastic_alpha,True,False,new-data,ioandanielc/sph_v2,d69dac5bda8b622bc0de316b112815c6056c06ec,T0_depth_um,"[""geometry_monitor_available"",""geometry_parse_ok"",""geometry_target_ready"",""time_monitor_available"",""time_parse_ok"",""time_target_ready"",""physical_target_extraction_success""]",False,,,,False,False,False,,,11.077844624149826,94.18461184501123,retrospective oracle: latent variance plus held-out target-summary variance,1.0,P-124p08408212_VX-0p537482635976_LS-5p36452858207e-05_ST-384p350705088_M-TI64_XI-0p0002_XF-0p0014_XL-0p0012_TE-0p0021_DT-8p97539805031e-06_H-1d842653b1,False,False,Week 6 Phase 2 heteroskedastic-alpha engine
week7_phase3_new_data_noise_replication,6E5B5B7DD1D0B4311C2309F5F25EE422003057BB9160BD239C2DA1F7FA530128,depth,T0 penetration depth,C_heteroskedastic,12,P-126p384227376_VX-0p205870034079_LS-4p55514058242e-05_ST-348p956388187_M-TI64_XI-0p0002_XF-0p0014_XL-0p0012_TE-0p0021_DT-2p34328450209e-05_H-1d842653b1,13,False,58.710765,13.09631489090522,45.61445010909478,45.61445010909478,2080.678058755097,42.507451669061425,1806.8834473975928,,,42.50745183560165,1806.883461555994,42.50745183560165,oracle retrospective latent variance plus held-out target-summary variance,5.244382252671981,,5.244382252078306,5.244382252078306,-70.21829038045517,96.41092016226561,,,-70.21829070687401,96.41092048868445,True,,True,"1.07**2 * Matern(length_scale=1.9, nu=1.5)",1.9011494657057433,1.134581484226041,,,,,1.4158401002403049e-05,0.003762765074038379,1.0007554775408017e-06,1.3312597132782886e-06,0.005129738816168751,observation-specific target-summary variance plus numerical floor,1e-06,False,True,163,164,True,True,True,False,"[""P"",""VX"",""LS"",""ST""]",104.82091334355827,72.95198954421093,"[278.7097013629448,0.6344565131353133,59.72893153685888,349.63401287371784]","[100.78652394216513,0.22118038405596782,15.334707022372086,30.3749319154011]",126.384227376,0.205870034079,45.5514058242,348.956388187,3413538558,fmin_l_bfgs_b,1,-63.99038404128214,2.8175757999997586,0,0,,completed_without_convergence_warning,False,False,,False,,False,,False,matern32_heteroskedastic_alpha,58.710765,13.09631489090522,45.61445010909478,45.61445010909478,2080.678058755097,um,Matérn 3/2 + heteroskedastic alpha,Gaussian process,Matérn 3/2,C_heteroskedastic_alpha,True,False,new-data,ioandanielc/sph_v2,d69dac5bda8b622bc0de316b112815c6056c06ec,T0_depth_um,"[""geometry_monitor_available"",""geometry_parse_ok"",""geometry_target_ready"",""time_monitor_available"",""time_parse_ok"",""time_target_ready"",""physical_target_extraction_success""]",False,,,,False,False,False,,,-70.21829070687401,96.41092048868445,retrospective oracle: latent variance plus held-out target-summary variance,1.0,P-126p384227376_VX-0p205870034079_LS-4p55514058242e-05_ST-348p956388187_M-TI64_XI-0p0002_XF-0p0014_XL-0p0012_TE-0p0021_DT-2p34328450209e-05_H-1d842653b1,False,False,Week 6 Phase 2 heteroskedastic-alpha engine
week7_phase3_new_data_noise_replication,6E5B5B7DD1D0B4311C2309F5F25EE422003057BB9160BD239C2DA1F7FA530128,depth,T0 penetration depth,C_heteroskedastic,13,P-129p716882801_VX-0p574107735504_LS-5p55330779174e-05_ST-369p509713723_M-TI64_XI-0p0002_XF-0p0014_XL-0p0012_TE-0p0021_DT-8p40281414912e-06_H-0e4c2fc094,14,False,47.43797,46.4406119676164,0.9973580323836018,0.9973580323836018,0.9947230447600897,15.136903399759152,229.1258445336402,,,15.157689650147748,229.75555553019618,15.157689650147748,oracle retrospective latent variance plus held-out target-summary variance,3.6382449207317427,,3.6396112461516434,3.6396112461516434,16.77228130408846,76.10894263114434,,,16.731540253326813,76.14968368190598,True,,True,"1.01**2 * Matern(length_scale=1.8, nu=1.5)",1.7950828777604448,1.0228329516028476,,,,,0.6297109965559982,0.7935433173784517,1.0007564956107396e-06,1.3296250584751575e-06,0.005136650225875516,observation-specific target-summary variance plus numerical floor,1e-06,False,True,163,164,True,True,True,False,"[""P"",""VX"",""LS"",""ST""]",104.89007159509202,72.90288467768613,"[278.68925562414114,0.6321973861327058,59.66769428475336,349.50791885202466]","[100.81708022662932,0.22365201871935186,15.37122717037041,30.334795640169304]",129.716882801,0.574107735504,55.5330779174,369.509713723,912179534,fmin_l_bfgs_b,1,-66.23532544034086,3.517929500027094,0,0,,completed_without_convergence_warning,False,False,,False,,False,,False,matern32_heteroskedastic_alpha,47.43797,46.4406119676164,0.9973580323836018,0.9973580323836018,0.9947230447600897,um,Matérn 3/2 + heteroskedastic alpha,Gaussian process,Matérn 3/2,C_heteroskedastic_alpha,True,False,new-data,ioandanielc/sph_v2,d69dac5bda8b622bc0de316b112815c6056c06ec,T0_depth_um,"[""geometry_monitor_available"",""geometry_parse_ok"",""geometry_target_ready"",""time_monitor_available"",""time_parse_ok"",""time_target_ready"",""physical_target_extraction_success""]",False,,,,False,False,False,,,16.731540253326813,76.14968368190598,retrospective oracle: latent variance plus held-out target-summary variance,1.0,P-129p716882801_VX-0p574107735504_LS-5p55330779174e-05_ST-369p509713723_M-TI64_XI-0p0002_XF-0p0014_XL-0p0012_TE-0p0021_DT-8p40281414912e-06_H-0e4c2fc094,False,False,Week 6 Phase 2 heteroskedastic-alpha engine
week7_phase3_new_data_noise_replication,6E5B5B7DD1D0B4311C2309F5F25EE422003057BB9160BD239C2DA1F7FA530128,depth,T0 penetration depth,C_heteroskedastic,14,P-131p192514944_VX-0p432823544687_LS-6p72236683266e-05_ST-324p578264519_M-TI64_XI-0p0002_XF-0p0014_XL-0p0012_TE-0p0021_DT-1p11456982002e-05_H-dfd65b549a,15,False,54.79085,63.83363217722622,-9.042782177226222,9.042782177226222,81.77190950476022,27.666693525773614,765.4459306490836,,,27.66669370657713,765.4459406535547,27.66669370657713,oracle retrospective latent variance plus held-out target-summary variance,4.292582379437407,,4.292582385274333,4.292582385274333,9.60691286670994,118.06035148774251,,,9.606912512335043,118.0603518421174,True,,True,"1.02**2 * Matern(length_scale=1.81, nu=1.5)",1.8081334363831323,1.0342565121087568,,,,,1.0004471103307878e-05,0.003162984524670944,1.0007558059677435e-06,1.3314037210200106e-06,0.0051319684205099764,observation-specific target-summary variance plus numerical floor,1e-06,False,True,163,164,True,True,True,False,"[""P"",""VX"",""LS"",""ST""]",104.84496190184049,72.9361375906449,"[278.68020266620863,0.6330641603094973,59.59597287119999,349.7835719146259]","[100.83038979335248,0.22315087154965613,15.363075738708226,30.311144194291494]",131.192514944,0.432823544687,67.22366832659999,324.578264519,2556535700,fmin_l_bfgs_b,1,-65.41435205999176,2.0010112000163645,0,0,,completed_without_convergence_warning,False,False,,False,,False,,False,matern32_heteroskedastic_alpha,54.79085,63.83363217722622,-9.042782177226222,9.042782177226222,81.77190950476022,um,Matérn 3/2 + heteroskedastic alpha,Gaussian process,Matérn 3/2,C_heteroskedastic_alpha,True,False,new-data,ioandanielc/sph_v2,d69dac5bda8b622bc0de316b112815c6056c06ec,T0_depth_um,"[""geometry_monitor_available"",""geometry_parse_ok"",""geometry_target_ready"",""time_monitor_available"",""time_parse_ok"",""time_target_ready"",""physical_target_extraction_success""]",False,,,,False,False,False,,,9.606912512335043,118.0603518421174,retrospective oracle: latent variance plus held-out target-summary variance,1.0,P-131p192514944_VX-0p432823544687_LS-6p72236683266e-05_ST-324p578264519_M-TI64_XI-0p0002_XF-0p0014_XL-0p0012_TE-0p0021_DT-1p11456982002e-05_H-dfd65b549a,False,False,Week 6 Phase 2 heteroskedastic-alpha engine
week7_phase3_new_data_noise_replication,6E5B5B7DD1D0B4311C2309F5F25EE422003057BB9160BD239C2DA1F7FA530128,depth,T0 penetration depth,C_heteroskedastic,15,P-132p334528879_VX-0p441351904611_LS-8p05471929698e-05_ST-380p80221881_M-TI64_XI-0p0002_XF-0p0014_XL-0p0012_TE-0p0021_DT-1p09303269174e-05_H-2934a8b202,16,False,50.87139500000001,56.240844764124276,-5.369449764124269,5.369449764124269,28.830990769454168,22.24176394182077,494.6960632436787,,,22.241764636528572,494.69609414673295,22.241764636528572,oracle retrospective latent variance plus held-out target-summary variance,4.050050418693504,,4.050050448107541,4.050050448107541,12.646987438155563,99.83470209009299,,,12.646986076528279,99.83470345172027,True,,True,"1.01**2 * Matern(length_scale=1.8, nu=1.5)",1.8038690111786588,1.028342992974463,,,,,3.090305430100313e-05,0.005559051564880751,1.0007561616125447e-06,1.3315596631738734e-06,0.0051343827997584485,observation-specific target-summary variance plus numerical floor,1e-06,False,True,163,164,True,True,True,False,"[""P"",""VX"",""LS"",""ST""]",104.86900763803679,72.91898357987738,"[278.6731964457485,0.6330118390829697,59.514233456211024,349.43863967971174]","[100.84059756914154,0.22319681044053674,15.286640931968005,30.276084223929704]",132.334528879,0.441351904611,80.5471929698,380.80221881,19828172,fmin_l_bfgs_b,1,-65.79626184231773,1.893361399997957,0,0,,completed_without_convergence_warning,False,False,,False,,False,,False,matern32_heteroskedastic_alpha,50.87139500000001,56.240844764124276,-5.369449764124269,5.369449764124269,28.830990769454168,um,Matérn 3/2 + heteroskedastic alpha,Gaussian process,Matérn 3/2,C_heteroskedastic_alpha,True,False,new-data,ioandanielc/sph_v2,d69dac5bda8b622bc0de316b112815c6056c06ec,T0_depth_um,"[""geometry_monitor_available"",""geometry_parse_ok"",""geometry_target_ready"",""time_monitor_available"",""time_parse_ok"",""time_target_ready"",""physical_target_extraction_success""]",False,,,,False,False,False,,,12.646986076528279,99.83470345172027,retrospective oracle: latent variance plus held-out target-summary variance,1.0,P-132p334528879_VX-0p441351904611_LS-8p05471929698e-05_ST-380p80221881_M-TI64_XI-0p0002_XF-0p0014_XL-0p0012_TE-0p0021_DT-1p09303269174e-05_H-2934a8b202,False,False,Week 6 Phase 2 heteroskedastic-alpha engine
week7_phase3_new_data_noise_replication,6E5B5B7DD1D0B4311C2309F5F25EE422003057BB9160BD239C2DA1F7FA530128,depth,T0 penetration depth,C_heteroskedastic,16,P-132p644034819_VX-0p797235702485_LS-4p6520297442e-05_ST-303p62522115_M-TI64_XI-0p0002_XF-0p0014_XL-0p0012_TE-0p0021_DT-6p0510594144e-06_H-0e4c2fc094,17,False,46.68914,50.89821258060577,-4.2090725806057705,4.2090725806057705,17.71629198880732,16.892201003133785,285.34645473027405,,,16.892210409418308,285.34677251606024,16.892210409418308,oracle retrospective latent variance plus held-out target-summary variance,3.776834046129277,,3.77683456839839,3.77683456839839,17.789498614463554,84.00692654674799,,,17.789480178145887,84.00694498306567,True,,True,"1.01**2 * Matern(length_scale=1.8, nu=1.5)",1.8021812779291366,1.0275008129328347,,,,,0.00031778578616592544,0.017826547230631214,1.0007565712470464e-06,1.3317392785830243e-06,0.005137163700918377,observation-specific target-summary variance plus numerical floor,1e-06,False,True,163,164,True,True,True,False,"[""P"",""VX"",""LS"",""ST""]",104.89466564417178,72.89924044537102,"[278.6712976363006,0.6308285028996936,59.72298741650428,349.91211819296325]","[100.84335012925939,0.22332028882444518,15.340012736610337,30.159167852518934]",132.644034819,0.797235702485,46.520297442,303.62522115,3215128213,fmin_l_bfgs_b,1,-66.18919275777537,2.19389220001176,0,0,,completed_without_convergence_warning,False,False,,False,,False,,False,matern32_heteroskedastic_alpha,46.68914,50.89821258060577,-4.2090725806057705,4.2090725806057705,17.71629198880732,um,Matérn 3/2 + heteroskedastic alpha,Gaussian process,Matérn 3/2,C_heteroskedastic_alpha,True,False,new-data,ioandanielc/sph_v2,d69dac5bda8b622bc0de316b112815c6056c06ec,T0_depth_um,"[""geometry_monitor_available"",""geometry_parse_ok"",""geometry_target_ready"",""time_monitor_available"",""time_parse_ok"",""time_target_ready"",""physical_target_extraction_success""]",False,,,,False,False,False,,,17.789480178145887,84.00694498306567,retrospective oracle: latent variance plus held-out target-summary variance,1.0,P-132p644034819_VX-0p797235702485_LS-4p6520297442e-05_ST-303p62522115_M-TI64_XI-0p0002_XF-0p0014_XL-0p0012_TE-0p0021_DT-6p0510594144e-06_H-0e4c2fc094,False,False,Week 6 Phase 2 heteroskedastic-alpha engine
week7_phase3_new_data_noise_replication,6E5B5B7DD1D0B4311C2309F5F25EE422003057BB9160BD239C2DA1F7FA530128,depth,T0 penetration depth,C_heteroskedastic,17,P-140p236446589_VX-0p550532928497_LS-7p91865165046e-05_ST-370p758962256_M-TI64_XI-0p0002_XF-0p0014_XL-0p0012_TE-0p0021_DT-8p76263771576e-06_H-a88ac79600,18,False,46.6948,45.373341971869834,1.3214580281301664,1.3214580281301664,1.7462513201096677,13.46728562848739,181.36778219926302,,,13.467338506312236,181.3692064436003,13.467338506312236,oracle retrospective latent variance plus held-out target-summary variance,3.5240161076088405,,3.524019996187834,3.524019996187834,18.97746214003455,71.76922180370512,,,18.97735849949785,71.76932544424182,True,,True,"1.01**2 * Matern(length_scale=1.8, nu=1.5)",1.7961248022691034,1.0229190814263993,,,,,0.0014242443372645007,0.03773916185164292,1.0007565706715995e-06,1.3317390262626319e-06,0.005137159794360054,observation-specific target-summary variance plus numerical floor,1e-06,False,True,163,164,True,True,True,False,"[""P"",""VX"",""LS"",""ST""]",104.8946309202454,72.89926816891271,"[278.62471842298777,0.6323420168505401,59.52258116458649,349.5002547505952]","[100.90901405300924,0.22360677946385749,15.29774874917693,30.329582948922866]",140.236446589,0.550532928497,79.18651650460001,370.758962256,1515509062,fmin_l_bfgs_b,1,-66.40044150762331,3.5423227999708615,0,0,,completed_without_convergence_warning,False,False,,False,,False,,False,matern32_heteroskedastic_alpha,46.6948,45.373341971869834,1.3214580281301664,1.3214580281301664,1.7462513201096677,um,Matérn 3/2 + heteroskedastic alpha,Gaussian process,Matérn 3/2,C_heteroskedastic_alpha,True,False,new-data,ioandanielc/sph_v2,d69dac5bda8b622bc0de316b112815c6056c06ec,T0_depth_um,"[""geometry_monitor_available"",""geometry_parse_ok"",""geometry_target_ready"",""time_monitor_available"",""time_parse_ok"",""time_target_ready"",""physical_target_extraction_success""]",False,,,,False,False,False,,,18.97735849949785,71.76932544424182,retrospective oracle: latent variance plus held-out target-summary variance,1.0,P-140p236446589_VX-0p550532928497_LS-7p91865165046e-05_ST-370p758962256_M-TI64_XI-0p0002_XF-0p0014_XL-0p0012_TE-0p0021_DT-8p76263771576e-06_H-a88ac79600,False,False,Week 6 Phase 2 heteroskedastic-alpha engine
week7_phase3_new_data_noise_replication,6E5B5B7DD1D0B4311C2309F5F25EE422003057BB9160BD239C2DA1F7FA530128,depth,T0 penetration depth,C_heteroskedastic,18,P-143p707582907_VX-0p952433280409_LS-8p80948922839e-05_ST-329p530804101_M-TI64_XI-0p0002_XF-0p0014_XL-0p0012_TE-0p0021_DT-5p06504833697e-06_H-1605f46060,19,False,34.780725,35.41187131076143,-0.6311463107614301,0.6311463107614301,0.39834566558776374,25.914003814991307,671.5355937233841,,,25.91400468986416,671.5356390663018,25.91400468986416,oracle retrospective latent variance plus held-out target-summary variance,4.174018636742502,,4.174018670483095,4.174018670483095,-15.379576166621533,86.20331878814439,,,-15.379577881372327,86.20332050289518,True,,True,"1.02**2 * Matern(length_scale=1.81, nu=1.5)",1.8103477716571899,1.0332643801323858,,,,,4.5342917552202695e-05,0.006733714988934615,1.000757909003803e-06,1.332325854484622e-06,0.005146245380562972,observation-specific target-summary variance plus numerical floor,1e-06,False,True,163,164,True,True,True,False,"[""P"",""VX"",""LS"",""ST""]",104.96772340490796,72.83487617350444,"[278.6034231081534,0.6298763705197917,59.46792855244354,349.75318823620864]","[100.93784616463456,0.222275488615801,15.211242323227816,30.333903849287832]",143.707582907,0.952433280409,88.09489228390001,329.530804101,3415016496,fmin_l_bfgs_b,1,-65.65255076805916,2.000374199997168,0,0,,completed_without_convergence_warning,False,False,,False,,False,,False,matern32_heteroskedastic_alpha,34.780725,35.41187131076143,-0.6311463107614301,0.6311463107614301,0.39834566558776374,um,Matérn 3/2 + heteroskedastic alpha,Gaussian process,Matérn 3/2,C_heteroskedastic_alpha,True,False,new-data,ioandanielc/sph_v2,d69dac5bda8b622bc0de316b112815c6056c06ec,T0_depth_um,"[""geometry_monitor_available"",""geometry_parse_ok"",""geometry_target_ready"",""time_monitor_available"",""time_parse_ok"",""time_target_ready"",""physical_target_extraction_success""]",False,,,,False,False,False,,,-15.379577881372327,86.20332050289518,retrospective oracle: latent variance plus held-out target-summary variance,1.0,P-143p707582907_VX-0p952433280409_LS-8p80948922839e-05_ST-329p530804101_M-TI64_XI-0p0002_XF-0p0014_XL-0p0012_TE-0p0021_DT-5p06504833697e-06_H-1605f46060,False,False,Week 6 Phase 2 heteroskedastic-alpha engine
week7_phase3_new_data_noise_replication,6E5B5B7DD1D0B4311C2309F5F25EE422003057BB9160BD239C2DA1F7FA530128,depth,T0 penetration depth,C_heteroskedastic,19,P-144p087720513_VX-0p415546267467_LS-5p02923295381e-05_ST-327p07537462_M-TI64_XI-0p0002_XF-0p0014_XL-0p0012_TE-0p0021_DT-1p16091058462e-05_H-0602c4a780,20,False,62.416985,57.59997734685898,4.817007653141019,4.817007653141019,23.203562730419147,24.279740682984816,589.505807632988,,,24.27975079509197,589.5062986717692,24.27975079509197,oracle retrospective latent variance plus held-out target-summary variance,4.1282613399621,,4.128261740052133,4.128261740052133,10.011685608208737,105.18826908550922,,,10.011665788478716,105.18828890523923,True,,True,"1.01**2 * Matern(length_scale=1.8, nu=1.5)",1.8027772270313516,1.027054066824196,,,,,0.0004910387811699606,0.02215939487373156,1.000755192026759e-06,1.331134521866477e-06,0.005127800536240732,observation-specific target-summary variance plus numerical floor,1e-06,False,True,163,164,True,True,True,False,"[""P"",""VX"",""LS"",""ST""]",104.79817579754601,72.96577865242082,"[278.60109097560127,0.6331701558752642,59.69984611530121,349.76825222075473]","[100.94095841800528,0.22305160768049284,15.357057672596135,30.323245998709634]",144.087720513,0.415546267467,50.2923295381,327.07537462,3953264811,fmin_l_bfgs_b,1,-65.46881988897323,1.5421831999556161,0,0,,completed_without_convergence_warning,False,False,,False,,False,,False,matern32_heteroskedastic_alpha,62.416985,57.59997734685898,4.817007653141019,4.817007653141019,23.203562730419147,um,Matérn 3/2 + heteroskedastic alpha,Gaussian process,Matérn 3/2,C_heteroskedastic_alpha,True,False,new-data,ioandanielc/sph_v2,d69dac5bda8b622bc0de316b112815c6056c06ec,T0_depth_um,"[""geometry_monitor_available"",""geometry_parse_ok"",""geometry_target_ready"",""time_monitor_available"",""time_parse_ok"",""time_target_ready"",""physical_target_extraction_success""]",False,,,,False,False,False,,,10.011665788478716,105.18828890523923,retrospective oracle: latent variance plus held-out target-summary variance,1.0,P-144p087720513_VX-0p415546267467_LS-5p02923295381e-05_ST-327p07537462_M-TI64_XI-0p0002_XF-0p0014_XL-0p0012_TE-0p0021_DT-1p16091058462e-05_H-0602c4a780,False,False,Week 6 Phase 2 heteroskedastic-alpha engine
week7_phase3_new_data_noise_replication,6E5B5B7DD1D0B4311C2309F5F25EE422003057BB9160BD239C2DA1F7FA530128,depth,T0 penetration depth,C_heteroskedastic,20,P-148p299467422_VX-0p674162518859_LS-5p7557139752e-05_ST-331p520012414_M-TI64_XI-0p0002_XF-0p0014_XL-0p0012_TE-0p0021_DT-7p15572353559e-06_H-e73b90164d,21,False,51.7807,49.4861014546652,2.2945985453348,2.2945985453348,5.2651824842525805,17.312556838927197,299.7246243010849,,,17.314973937534695,299.80832245750577,17.314973937534695,oracle retrospective latent variance plus held-out target-summary variance,3.779153966821207,,3.779291120349577,3.779291120349577,15.553490050367898,83.41871285896251,,,15.5487525370972,83.4234503722332,True,,True,"1.01**2 * Matern(length_scale=1.8, nu=1.5)",1.7951148662510994,1.0230847647834205,,,,,0.08369815642087823,0.2893063366414193,1.0007560766717443e-06,1.329442515722947e-06,0.005133806158950026,observation-specific target-summary variance plus numerical floor,1e-06,False,True,163,164,True,True,True,False,"[""P"",""VX"",""LS"",""ST""]",104.8634290797546,72.92307947590788,"[278.57525203750924,0.631583553105988,59.65527672748587,349.7409845042271]","[100.97484318844457,0.22367330293954402,15.373744511169111,30.34163599995371]",148.299467422,0.674162518859,57.557139752000005,331.520012414,3468678967,fmin_l_bfgs_b,1,-66.0241825958709,1.460060000012163,0,0,,completed_without_convergence_warning,False,False,,False,,False,,False,matern32_heteroskedastic_alpha,51.7807,49.4861014546652,2.2945985453348,2.2945985453348,5.2651824842525805,um,Matérn 3/2 + heteroskedastic alpha,Gaussian process,Matérn 3/2,C_heteroskedastic_alpha,True,False,new-data,ioandanielc/sph_v2,d69dac5bda8b622bc0de316b112815c6056c06ec,T0_depth_um,"[""geometry_monitor_available"",""geometry_parse_ok"",""geometry_target_ready"",""time_monitor_available"",""time_parse_ok"",""time_target_ready"",""physical_target_extraction_success""]",False,,,,False,False,False,,,15.5487525370972,83.4234503722332,retrospective oracle: latent variance plus held-out target-summary variance,1.0,P-148p299467422_VX-0p674162518859_LS-5p7557139752e-05_ST-331p520012414_M-TI64_XI-0p0002_XF-0p0014_XL-0p0012_TE-0p0021_DT-7p15572353559e-06_H-e73b90164d,False,False,Week 6 Phase 2 heteroskedastic-alpha engine
week7_phase3_new_data_noise_replication,6E5B5B7DD1D0B4311C2309F5F25EE422003057BB9160BD239C2DA1F7FA530128,depth,T0 penetration depth,C_heteroskedastic,21,P-150p071418192_VX-0p423845414489_LS-8p67749479825e-05_ST-322p128190627_M-TI64_XI-0p0002_XF-0p0014_XL-0p0012_TE-0p0021_DT-1p1381792602e-05_H-2afbe2208b,22,False,58.764745,60.7049758823987,-1.9402308823987013,1.9402308823987013,3.764495877013643,29.04068331811866,843.3612875832554,,,29.040683504632806,843.361298416252,29.040683504632806,oracle retrospective latent variance plus held-out target-summary variance,4.289868093694711,,4.2898681000885555,4.2898681000885555,3.7852365788861277,117.62471518591127,,,3.7852362133183988,117.624715551479,True,,True,"1.01**2 * Matern(length_scale=1.81, nu=1.5)",1.8057688637138982,1.0291970772410288,,,,,1.0832996675250192e-05,0.0032913518005904794,1.0007554732080806e-06,1.3312578134786655e-06,0.005129709402461987,observation-specific target-summary variance plus numerical floor,1e-06,False,True,163,164,True,True,True,False,"[""P"",""VX"",""LS"",""ST""]",104.8205821779141,72.952198737712,"[278.5643811738896,0.6331192408628593,59.47602637024354,349.7986030427976]","[100.98877163672762,0.2231003253948686,15.226121326384279,30.298030969775404]",150.071418192,0.423845414489,86.7749479825,322.128190627,2959496567,fmin_l_bfgs_b,1,-65.47189748335005,1.7854920999961905,0,0,,completed_without_convergence_warning,False,False,,False,,False,,False,matern32_heteroskedastic_alpha,58.764745,60.7049758823987,-1.9402308823987013,1.9402308823987013,3.764495877013643,um,Matérn 3/2 + heteroskedastic alpha,Gaussian process,Matérn 3/2,C_heteroskedastic_alpha,True,False,new-data,ioandanielc/sph_v2,d69dac5bda8b622bc0de316b112815c6056c06ec,T0_depth_um,"[""geometry_monitor_available"",""geometry_parse_ok"",""geometry_target_ready"",""time_monitor_available"",""time_parse_ok"",""time_target_ready"",""physical_target_extraction_success""]",False,,,,False,False,False,,,3.7852362133183988,117.624715551479,retrospective oracle: latent variance plus held-out target-summary variance,1.0,P-150p071418192_VX-0p423845414489_LS-8p67749479825e-05_ST-322p128190627_M-TI64_XI-0p0002_XF-0p0014_XL-0p0012_TE-0p0021_DT-1p1381792602e-05_H-2afbe2208b,False,False,Week 6 Phase 2 heteroskedastic-alpha engine
week7_phase3_new_data_noise_replication,6E5B5B7DD1D0B4311C2309F5F25EE422003057BB9160BD239C2DA1F7FA530128,depth,T0 penetration depth,C_heteroskedastic,22,P-155p252053768_VX-0p916931554055_LS-7p35634948929e-05_ST-366p816583574_M-TI64_XI-0p0002_XF-0p0014_XL-0p0012_TE-0p0021_DT-5p26115671522e-06_H-1d842653b1,23,False,42.78011,45.521788732318115,-2.741678732318114,2.741678732318114,7.516802271245461,21.830707077535887,476.5797715051755,,,21.830708027559833,476.57981298456536,21.830708027559833,oracle retrospective latent variance plus held-out target-summary variance,4.010142288678881,,4.0101423315102815,4.0101423315102815,2.733602860347773,88.30997460428846,,,2.733600998300844,88.30997646633539,True,,True,"1.01**2 * Matern(length_scale=1.8, nu=1.5)",1.8036049682744064,1.0280464735692485,,,,,4.147938988737478e-05,0.006440449509729486,1.000756982345472e-06,1.3319195358894165e-06,0.005139954540272317,observation-specific target-summary variance plus numerical floor,1e-06,False,True,163,164,True,True,True,False,"[""P"",""VX"",""LS"",""ST""]",104.91864742331288,72.87944286814074,"[278.53259813354606,0.6300941725219634,59.55707822968893,349.5244411228774]","[101.02838276561982,0.2225738532177059,15.335665786591141,30.344950272894437]",155.252053768,0.916931554055,73.5634948929,366.816583574,796718594,fmin_l_bfgs_b,1,-65.65880607850829,1.9420154999825172,0,0,,completed_without_convergence_warning,False,False,,False,,False,,False,matern32_heteroskedastic_alpha,42.78011,45.521788732318115,-2.741678732318114,2.741678732318114,7.516802271245461,um,Matérn 3/2 + heteroskedastic alpha,Gaussian process,Matérn 3/2,C_heteroskedastic_alpha,True,False,new-data,ioandanielc/sph_v2,d69dac5bda8b622bc0de316b112815c6056c06ec,T0_depth_um,"[""geometry_monitor_available"",""geometry_parse_ok"",""geometry_target_ready"",""time_monitor_available"",""time_parse_ok"",""time_target_ready"",""physical_target_extraction_success""]",False,,,,False,False,False,,,2.733600998300844,88.30997646633539,retrospective oracle: latent variance plus held-out target-summary variance,1.0,P-155p252053768_VX-0p916931554055_LS-7p35634948929e-05_ST-366p816583574_M-TI64_XI-0p0002_XF-0p0014_XL-0p0012_TE-0p0021_DT-5p26115671522e-06_H-1d842653b1,False,False,Week 6 Phase 2 heteroskedastic-alpha engine
week7_phase3_new_data_noise_replication,6E5B5B7DD1D0B4311C2309F5F25EE422003057BB9160BD239C2DA1F7FA530128,depth,T0 penetration depth,C_heteroskedastic,23,P-155p610380822_VX-0p863747905944_LS-4p82199969556e-05_ST-303p817651114_M-TI64_XI-0p0002_XF-0p0014_XL-0p0012_TE-0p0021_DT-5p58510251639e-06_H-44aa3a8888,24,False,50.43674,49.0853942801149,1.3513457198851029,1.3513457198851029,1.8261352546517868,13.979247587488379,195.41936311229966,,,13.980033453473917,195.44133536024984,13.980033453473917,oracle retrospective latent variance plus held-out target-summary variance,3.5611847977509656,,3.561240487503203,3.561240487503203,21.686069008637677,76.48471955159212,,,21.684528711306022,76.48625984892377,True,,True,"1.01**2 * Matern(length_scale=1.8, nu=1.5)",1.8028661009082743,1.0269946606734257,,,,,0.02197224795019278,0.14823038807947841,1.0007562027345008e-06,1.3294974445855458e-06,0.0051346619659293794,observation-specific target-summary variance plus numerical floor,1e-06,False,True,163,164,True,True,True,False,"[""P"",""VX"",""LS"",""ST""]",104.87167423312884,72.91700090256815,"[278.53039980806136,0.6304204525717243,59.712559812126365,349.9109376410369]","[101.0310613287287,0.2229547926024323,15.348403926333901,30.160975865513468]",155.610380822,0.863747905944,48.2199969556,303.817651114,2030268494,fmin_l_bfgs_b,1,-66.24507970923085,1.7480195999960415,0,0,,completed_without_convergence_warning,False,False,,False,,False,,False,matern32_heteroskedastic_alpha,50.43674,49.0853942801149,1.3513457198851029,1.3513457198851029,1.8261352546517868,um,Matérn 3/2 + heteroskedastic alpha,Gaussian process,Matérn 3/2,C_heteroskedastic_alpha,True,False,new-data,ioandanielc/sph_v2,d69dac5bda8b622bc0de316b112815c6056c06ec,T0_depth_um,"[""geometry_monitor_available"",""geometry_parse_ok"",""geometry_target_ready"",""time_monitor_available"",""time_parse_ok"",""time_target_ready"",""physical_target_extraction_success""]",False,,,,False,False,False,,,21.684528711306022,76.48625984892377,retrospective oracle: latent variance plus held-out target-summary variance,1.0,P-155p610380822_VX-0p863747905944_LS-4p82199969556e-05_ST-303p817651114_M-TI64_XI-0p0002_XF-0p0014_XL-0p0012_TE-0p0021_DT-5p58510251639e-06_H-44aa3a8888,False,False,Week 6 Phase 2 heteroskedastic-alpha engine
week7_phase3_new_data_noise_replication,6E5B5B7DD1D0B4311C2309F5F25EE422003057BB9160BD239C2DA1F7FA530128,depth,T0 penetration depth,C_heteroskedastic,24,P-157p183722649_VX-0p714259673467_LS-7p38607203139e-05_ST-347p368293375_M-TI64_XI-0p0002_XF-0p0014_XL-0p0012_TE-0p0021_DT-6p75401507634e-06_H-add9572a86,25,False,50.11429,48.48047689437779,1.6338131056222096,1.6338131056222096,2.6693452641028896,20.393917253890084,415.91186095851566,,,20.3955368568212,415.97792367795194,20.3955368568212,oracle retrospective latent variance plus held-out target-summary variance,3.937384243341796,,3.937463146533394,3.937463146533394,8.508399076753221,88.45255471200235,,,8.505224655008242,88.45572913374733,True,,True,"1.01**2 * Matern(length_scale=1.8, nu=1.5)",1.7954006188253029,1.0231430504079948,,,,,0.06606271943629762,0.2570266901243869,1.000756233458166e-06,1.3295108316955531e-06,0.005134870540832185,observation-specific target-summary variance plus numerical floor,1e-06,False,True,163,164,True,True,True,False,"[""P"",""VX"",""LS"",""ST""]",104.87365245398773,72.91551967989905,"[278.5207474042147,0.6313375582924421,59.55525476084844,349.64375578667494]","[101.04272868859945,0.22360427954957043,15.333982499109132,30.374458302901438]",157.183722649,0.714259673467,73.8607203139,347.368293375,3983575852,fmin_l_bfgs_b,1,-65.86458827687309,2.237394000054337,0,0,,completed_without_convergence_warning,False,False,,False,,False,,False,matern32_heteroskedastic_alpha,50.11429,48.48047689437779,1.6338131056222096,1.6338131056222096,2.6693452641028896,um,Matérn 3/2 + heteroskedastic alpha,Gaussian process,Matérn 3/2,C_heteroskedastic_alpha,True,False,new-data,ioandanielc/sph_v2,d69dac5bda8b622bc0de316b112815c6056c06ec,T0_depth_um,"[""geometry_monitor_available"",""geometry_parse_ok"",""geometry_target_ready"",""time_monitor_available"",""time_parse_ok"",""time_target_ready"",""physical_target_extraction_success""]",False,,,,False,False,False,,,8.505224655008242,88.45572913374733,retrospective oracle: latent variance plus held-out target-summary variance,1.0,P-157p183722649_VX-0p714259673467_LS-7p38607203139e-05_ST-347p368293375_M-TI64_XI-0p0002_XF-0p0014_XL-0p0012_TE-0p0021_DT-6p75401507634e-06_H-add9572a86,False,False,Week 6 Phase 2 heteroskedastic-alpha engine
week7_phase3_new_data_noise_replication,6E5B5B7DD1D0B4311C2309F5F25EE422003057BB9160BD239C2DA1F7FA530128,depth,T0 penetration depth,C_heteroskedastic,25,P-160p605564338_VX-0p585171267024_LS-4p89218084001e-05_ST-323p833105745_M-TI64_XI-0p0002_XF-0p0014_XL-0p0012_TE-0p0021_DT-8p24394647322e-06_H-0602c4a780,26,False,58.49999,65.59149707231907,-7.091507072319075,7.091507072319075,50.28947255675146,18.623655294732522,346.8405365370187,,,18.624274247275235,346.8635912377195,18.624274247275235,oracle retrospective latent variance plus held-out target-summary variance,3.9158676285645733,,3.915896044194936,3.915896044194936,29.089132694643332,102.09386144999482,,,29.08791954765961,102.09507459697853,True,,True,"1.01**2 * Matern(length_scale=1.8, nu=1.5)",1.7978332023042216,1.0244969158049124,,,,,0.023054700700843554,0.1518377446514652,1.0007554945080958e-06,1.3291888516910737e-06,0.0051298540026770405,observation-specific target-summary variance plus numerical floor,1e-06,False,True,163,164,True,True,True,False,"[""P"",""VX"",""LS"",""ST""]",104.82220644171778,72.95117034248236,"[278.4997545104172,0.6321295117062028,59.70825422044232,349.7881434408467]","[101.0675772754346,0.2236679582391964,15.35152850371551,30.307285947575004]",160.605564338,0.585171267024,48.921808400100005,323.833105745,4091242255,fmin_l_bfgs_b,1,-65.85428508725585,2.9720961999846622,0,0,,completed_without_convergence_warning,False,False,,False,,False,,False,matern32_heteroskedastic_alpha,58.49999,65.59149707231907,-7.091507072319075,7.091507072319075,50.28947255675146,um,Matérn 3/2 + heteroskedastic alpha,Gaussian process,Matérn 3/2,C_heteroskedastic_alpha,True,False,new-data,ioandanielc/sph_v2,d69dac5bda8b622bc0de316b112815c6056c06ec,T0_depth_um,"[""geometry_monitor_available"",""geometry_parse_ok"",""geometry_target_ready"",""time_monitor_available"",""time_parse_ok"",""time_target_ready"",""physical_target_extraction_success""]",False,,,,False,False,False,,,29.08791954765961,102.09507459697853,retrospective oracle: latent variance plus held-out target-summary variance,1.0,P-160p605564338_VX-0p585171267024_LS-4p89218084001e-05_ST-323p833105745_M-TI64_XI-0p0002_XF-0p0014_XL-0p0012_TE-0p0021_DT-8p24394647322e-06_H-0602c4a780,False,False,Week 6 Phase 2 heteroskedastic-alpha engine
week7_phase3_new_data_noise_replication,6E5B5B7DD1D0B4311C2309F5F25EE422003057BB9160BD239C2DA1F7FA530128,depth,T0 penetration depth,C_heteroskedastic,26,P-162p142815649_VX-0p926926325143_LS-6p49234891537e-05_ST-377p454931887_M-TI64_XI-0p0002_XF-0p0014_XL-0p0012_TE-0p0021_DT-5p20442722594e-06_H-eed8ed7ef3,27,False,46.77227,46.73047680095568,0.04179319904432077,0.04179319904432077,0.0017466714863582148,20.438053453965868,417.7140289871661,,,20.43805418486839,417.71405886361623,20.43805418486839,oracle retrospective latent variance plus held-out target-summary variance,3.9363391525621805,,3.9363391883238767,3.9363391883238767,6.67189203118258,86.78906157072878,,,6.671890598613636,86.78906300329771,True,,True,"1.01**2 * Matern(length_scale=1.8, nu=1.5)",1.8042926299721298,1.0283665008823775,,,,,2.987645008657393e-05,0.005465935426491419,1.0007565628010437e-06,1.331735575202992e-06,0.005137106363221818,observation-specific target-summary variance plus numerical floor,1e-06,False,True,163,164,True,True,True,False,"[""P"",""VX"",""LS"",""ST""]",104.89415564417176,72.89964735505774,"[278.49032352077916,0.6300328549079266,59.61008439986808,349.4591751823068]","[101.07850566442404,0.22249343170778504,15.369018018724697,30.296208504193523]",162.142815649,0.926926325143,64.92348915369999,377.454931887,1230682930,fmin_l_bfgs_b,1,-65.67203996321449,2.886114099994302,0,0,,completed_without_convergence_warning,False,False,,False,,False,,False,matern32_heteroskedastic_alpha,46.77227,46.73047680095568,0.04179319904432077,0.04179319904432077,0.0017466714863582148,um,Matérn 3/2 + heteroskedastic alpha,Gaussian process,Matérn 3/2,C_heteroskedastic_alpha,True,False,new-data,ioandanielc/sph_v2,d69dac5bda8b622bc0de316b112815c6056c06ec,T0_depth_um,"[""geometry_monitor_available"",""geometry_parse_ok"",""geometry_target_ready"",""time_monitor_available"",""time_parse_ok"",""time_target_ready"",""physical_target_extraction_success""]",False,,,,False,False,False,,,6.671890598613636,86.78906300329771,retrospective oracle: latent variance plus held-out target-summary variance,1.0,P-162p142815649_VX-0p926926325143_LS-6p49234891537e-05_ST-377p454931887_M-TI64_XI-0p0002_XF-0p0014_XL-0p0012_TE-0p0021_DT-5p20442722594e-06_H-eed8ed7ef3,False,False,Week 6 Phase 2 heteroskedastic-alpha engine
week7_phase3_new_data_noise_replication,6E5B5B7DD1D0B4311C2309F5F25EE422003057BB9160BD239C2DA1F7FA530128,depth,T0 penetration depth,C_heteroskedastic,27,P-163p562272254_VX-0p729793018519_LS-5p10150522361e-05_ST-318p261957537_M-TI64_XI-0p0002_XF-0p0014_XL-0p0012_TE-0p0021_DT-6p6102586358e-06_H-eed8ed7ef3,28,False,54.79702,50.81170422276543,3.9853157772345753,3.9853157772345753,15.882741844274827,14.101792073457727,198.86053968303517,,,14.101795731900125,198.86064286423658,14.101795731900125,oracle retrospective latent variance plus held-out target-summary variance,3.605174792696946,,3.605175031407517,3.605175031407517,23.172191758788284,78.45121668674257,,,23.172184588241183,78.45122385728968,True,,True,"1.01**2 * Matern(length_scale=1.79, nu=1.5)",1.7949798981225913,1.021170848591806,,,,,0.00010318120144128339,0.010157814796563452,1.0007558054293933e-06,1.3314034849657016e-06,0.005131964765791796,observation-specific target-summary variance plus numerical floor,1e-06,False,True,163,164,True,True,True,False,"[""P"",""VX"",""LS"",""ST""]",104.84492404907975,72.93616356636223,"[278.4816151980491,0.631242261697031,59.69541223371838,349.8223222642087]","[101.088467461559,0.2235656057760712,15.359668611733177,30.274837286566335]",163.562272254,0.729793018519,51.0150522361,318.261957537,1441063011,fmin_l_bfgs_b,1,-66.19142749201481,2.1241081000189297,0,0,,completed_without_convergence_warning,False,False,,False,,False,,False,matern32_heteroskedastic_alpha,54.79702,50.81170422276543,3.9853157772345753,3.9853157772345753,15.882741844274827,um,Matérn 3/2 + heteroskedastic alpha,Gaussian process,Matérn 3/2,C_heteroskedastic_alpha,True,False,new-data,ioandanielc/sph_v2,d69dac5bda8b622bc0de316b112815c6056c06ec,T0_depth_um,"[""geometry_monitor_available"",""geometry_parse_ok"",""geometry_target_ready"",""time_monitor_available"",""time_parse_ok"",""time_target_ready"",""physical_target_extraction_success""]",False,,,,False,False,False,,,23.172184588241183,78.45122385728968,retrospective oracle: latent variance plus held-out target-summary variance,1.0,P-163p562272254_VX-0p729793018519_LS-5p10150522361e-05_ST-318p261957537_M-TI64_XI-0p0002_XF-0p0014_XL-0p0012_TE-0p0021_DT-6p6102586358e-06_H-eed8ed7ef3,False,False,Week 6 Phase 2 heteroskedastic-alpha engine
week7_phase3_new_data_noise_replication,6E5B5B7DD1D0B4311C2309F5F25EE422003057BB9160BD239C2DA1F7FA530128,depth,T0 penetration depth,C_heteroskedastic,28,P-164p187091551_VX-0p507792014735_LS-6p92164167976e-05_ST-301p020288893_M-TI64_XI-0p0002_XF-0p0014_XL-0p0012_TE-0p0021_DT-9p50018996564e-06_H-c15424829d,29,False,58.543,64.51004619534646,-5.967046195346462,5.967046195346462,35.60564029739869,13.026239384750017,169.6829125088125,,,13.026508442790494,169.68992221009202,13.026508442790494,oracle retrospective latent variance plus held-out target-summary variance,3.59082243759928,,3.5908387584154315,3.5908387584154315,38.97861700123643,90.0414753894565,,,38.97808964747709,90.04200274321583,True,,True,"1.01**2 * Matern(length_scale=1.8, nu=1.5)",1.800153482254391,1.024608034520995,,,,,0.007009701279477317,0.083723958813934,1.0007554910394252e-06,1.3291873402999809e-06,0.005129830454782826,observation-specific target-summary variance plus numerical floor,1e-06,False,True,163,164,True,True,True,False,"[""P"",""VX"",""LS"",""ST""]",104.82194257668712,72.9513378118972,"[278.4777819508282,0.6326042310453991,59.583747420457655,349.9280993724541]","[101.09281315924481,0.2234855986034783,15.356206576274962,30.133935717873342]",164.187091551,0.507792014735,69.21641679759999,301.020288893,2353510669,fmin_l_bfgs_b,1,-66.26561373236189,1.706105099990964,0,0,,completed_without_convergence_warning,False,False,,False,,False,,False,matern32_heteroskedastic_alpha,58.543,64.51004619534646,-5.967046195346462,5.967046195346462,35.60564029739869,um,Matérn 3/2 + heteroskedastic alpha,Gaussian process,Matérn 3/2,C_heteroskedastic_alpha,True,False,new-data,ioandanielc/sph_v2,d69dac5bda8b622bc0de316b112815c6056c06ec,T0_depth_um,"[""geometry_monitor_available"",""geometry_parse_ok"",""geometry_target_ready"",""time_monitor_available"",""time_parse_ok"",""time_target_ready"",""physical_target_extraction_success""]",False,,,,False,False,False,,,38.97808964747709,90.04200274321583,retrospective oracle: latent variance plus held-out target-summary variance,1.0,P-164p187091551_VX-0p507792014735_LS-6p92164167976e-05_ST-301p020288893_M-TI64_XI-0p0002_XF-0p0014_XL-0p0012_TE-0p0021_DT-9p50018996564e-06_H-c15424829d,False,False,Week 6 Phase 2 heteroskedastic-alpha engine
week7_phase3_new_data_noise_replication,6E5B5B7DD1D0B4311C2309F5F25EE422003057BB9160BD239C2DA1F7FA530128,depth,T0 penetration depth,C_heteroskedastic,29,P-164p607131174_VX-0p867199563125_LS-5p32762751968e-05_ST-314p058214573_M-TI64_XI-0p0002_XF-0p0014_XL-0p0012_TE-0p0021_DT-5p56287250149e-06_H-0e4c2fc094,30,False,50.78344,53.55234589194382,-2.768905891943824,2.768905891943824,7.666839838441223,17.19894812447566,295.8038165884048,,,17.198950506499276,295.80389852501173,17.198950506499276,oracle retrospective latent variance plus held-out target-summary variance,3.7767460917800584,,3.7767462266885756,3.7767462266885756,19.842407567971527,87.26228421591611,,,19.84240289920524,87.2622888846824,True,,True,"1.01**2 * Matern(length_scale=1.8, nu=1.5)",1.8023632290089369,1.0274104548477396,,,,,8.193660686763447e-05,0.009051884161191771,1.0007561699066852e-06,1.3315632999657845e-06,0.005134439106502349,observation-specific target-summary variance plus numerical floor,1e-06,False,True,163,164,True,True,True,False,"[""P"",""VX"",""LS"",""ST""]",104.8695472392638,72.91858366846247,"[278.47520502062576,0.6303992767607979,59.681539700217165,349.8481120983436]","[101.09572108482396,0.22293246557705698,15.36647961289569,30.246137284546393]",164.607131174,0.867199563125,53.2762751968,314.058214573,3141847530,fmin_l_bfgs_b,1,-65.9292013196948,2.3119803000008687,0,0,,completed_without_convergence_warning,False,False,,False,,False,,False,matern32_heteroskedastic_alpha,50.78344,53.55234589194382,-2.768905891943824,2.768905891943824,7.666839838441223,um,Matérn 3/2 + heteroskedastic alpha,Gaussian process,Matérn 3/2,C_heteroskedastic_alpha,True,False,new-data,ioandanielc/sph_v2,d69dac5bda8b622bc0de316b112815c6056c06ec,T0_depth_um,"[""geometry_monitor_available"",""geometry_parse_ok"",""geometry_target_ready"",""time_monitor_available"",""time_parse_ok"",""time_target_ready"",""physical_target_extraction_success""]",False,,,,False,False,False,,,19.84240289920524,87.2622888846824,retrospective oracle: latent variance plus held-out target-summary variance,1.0,P-164p607131174_VX-0p867199563125_LS-5p32762751968e-05_ST-314p058214573_M-TI64_XI-0p0002_XF-0p0014_XL-0p0012_TE-0p0021_DT-5p56287250149e-06_H-0e4c2fc094,False,False,Week 6 Phase 2 heteroskedastic-alpha engine
week7_phase3_new_data_noise_replication,6E5B5B7DD1D0B4311C2309F5F25EE422003057BB9160BD239C2DA1F7FA530128,depth,T0 penetration depth,C_heteroskedastic,30,P-166p111836501_VX-0p454755470987_LS-7p13150844087e-05_ST-303p391516497_M-TI64_XI-0p0002_XF-0p0014_XL-0p0012_TE-0p0021_DT-1p06081639712e-05_H-0e4c2fc094,31,False,66.5654,61.42533191952847,5.140068080471529,5.140068080471529,26.42029987188227,12.648387347515486,159.98170249278985,,,12.648406332693382,159.98218275691804,12.648406332693382,oracle retrospective latent variance plus held-out target-summary variance,3.5390411379280975,,3.539042391040343,3.539042391040343,36.634492718398114,86.21617112065883,,,36.63445550744944,86.2162083316075,True,,True,"1.01**2 * Matern(length_scale=1.8, nu=1.5)",1.8018837549667828,1.0250416178697475,,,,,0.00048026412820631405,0.021914929345227513,1.0007549012100002e-06,1.3310070053343207e-06,0.005125826257564639,observation-specific target-summary variance plus numerical floor,1e-06,False,True,163,164,True,True,True,False,"[""P"",""VX"",""LS"",""ST""]",104.772725398773,72.9798319005175,"[278.46597369960125,0.6329296086144053,59.57087215903986,349.9135519638406]","[101.10604903522619,0.22326492742898227,15.347242341019706,30.15696169729016]",166.111836501,0.454755470987,71.3150844087,303.391516497,2136013215,fmin_l_bfgs_b,1,-66.19006161852458,1.641522600024473,0,0,,completed_without_convergence_warning,False,False,,False,,False,,False,matern32_heteroskedastic_alpha,66.5654,61.42533191952847,5.140068080471529,5.140068080471529,26.42029987188227,um,Matérn 3/2 + heteroskedastic alpha,Gaussian process,Matérn 3/2,C_heteroskedastic_alpha,True,False,new-data,ioandanielc/sph_v2,d69dac5bda8b622bc0de316b112815c6056c06ec,T0_depth_um,"[""geometry_monitor_available"",""geometry_parse_ok"",""geometry_target_ready"",""time_monitor_available"",""time_parse_ok"",""time_target_ready"",""physical_target_extraction_success""]",False,,,,False,False,False,,,36.63445550744944,86.2162083316075,retrospective oracle: latent variance plus held-out target-summary variance,1.0,P-166p111836501_VX-0p454755470987_LS-7p13150844087e-05_ST-303p391516497_M-TI64_XI-0p0002_XF-0p0014_XL-0p0012_TE-0p0021_DT-1p06081639712e-05_H-0e4c2fc094,False,False,Week 6 Phase 2 heteroskedastic-alpha engine
week7_phase3_new_data_noise_replication,6E5B5B7DD1D0B4311C2309F5F25EE422003057BB9160BD239C2DA1F7FA530128,depth,T0 penetration depth,C_heteroskedastic,31,P-167p350234557_VX-0p509305540745_LS-7p79284260895e-05_ST-367p465417979_M-TI64_XI-0p0002_XF-0p0014_XL-0p0012_TE-0p0021_DT-9p47195782704e-06_H-0c5439e4b5,32,False,58.61101,62.04781334762606,-3.4368033476260607,3.4368033476260607,11.811617250253697,12.337796640988401,152.22122595438466,,,12.338353445445067,152.23496574472617,12.338353445445067,oracle retrospective latent variance plus held-out target-summary variance,3.470403518386221,,3.4704451457164036,3.4704451457164036,37.86573193128879,86.22989476396333,,,37.864640594553734,86.23098610069839,True,,True,"1.01**2 * Matern(length_scale=1.8, nu=1.5)",1.7961412486319845,1.0214698357651315,,,,,0.013739790341474581,0.11721685178110945,1.0007554855612358e-06,1.329184953308554e-06,0.005129793264791517,observation-specific target-summary variance plus numerical floor,1e-06,False,True,163,164,True,True,True,False,"[""P"",""VX"",""LS"",""ST""]",104.8215253374233,72.9516023043968,"[278.45837616551535,0.6325949456097549,59.5302995106914,349.5204605437056]","[101.11444463474892,0.22349075263820575,15.307347678820792,30.34263902495224]",167.350234557,0.509305540745,77.92842608950001,367.465417979,1465713644,fmin_l_bfgs_b,1,-66.26089340914817,2.1193888999987394,0,0,,completed_without_convergence_warning,False,False,,False,,False,,False,matern32_heteroskedastic_alpha,58.61101,62.04781334762606,-3.4368033476260607,3.4368033476260607,11.811617250253697,um,Matérn 3/2 + heteroskedastic alpha,Gaussian process,Matérn 3/2,C_heteroskedastic_alpha,True,False,new-data,ioandanielc/sph_v2,d69dac5bda8b622bc0de316b112815c6056c06ec,T0_depth_um,"[""geometry_monitor_available"",""geometry_parse_ok"",""geometry_target_ready"",""time_monitor_available"",""time_parse_ok"",""time_target_ready"",""physical_target_extraction_success""]",False,,,,False,False,False,,,37.864640594553734,86.23098610069839,retrospective oracle: latent variance plus held-out target-summary variance,1.0,P-167p350234557_VX-0p509305540745_LS-7p79284260895e-05_ST-367p465417979_M-TI64_XI-0p0002_XF-0p0014_XL-0p0012_TE-0p0021_DT-9p47195782704e-06_H-0c5439e4b5,False,False,Week 6 Phase 2 heteroskedastic-alpha engine
week7_phase3_new_data_noise_replication,6E5B5B7DD1D0B4311C2309F5F25EE422003057BB9160BD239C2DA1F7FA530128,depth,T0 penetration depth,C_heteroskedastic,32,P-168p279672268_VX-0p662944494492_LS-8p51138696034e-05_ST-361p222757169_M-TI64_XI-0p0002_XF-0p0014_XL-0p0012_TE-0p0021_DT-7p27680920966e-06_H-1d842653b1,33,False,50.79968,51.9687646121481,-1.1690846121480973,1.1690846121480973,1.3667588303614673,13.491889494506378,182.03108213197154,,,13.491890033217862,182.03109666844347,13.491890033217862,oracle retrospective latent variance plus held-out target-summary variance,3.524781450732106,,3.524781490360849,3.524781490360849,25.5246612029156,78.4128680213806,,,25.52466014704109,78.41286907725511,True,,True,"1.01**2 * Matern(length_scale=1.8, nu=1.5)",1.7950149340703674,1.021576578361489,,,,,1.4536471927455013e-05,0.0038126725439585046,1.00075616837422e-06,1.3315626280147e-06,0.00513442870299878,observation-specific target-summary variance plus numerical floor,1e-06,False,True,163,164,True,True,True,False,"[""P"",""VX"",""LS"",""ST""]",104.86944760736195,72.9186575575145,"[278.45267409366875,0.6316523753413684,59.48621703514599,349.55875907628234]","[101.12068371392607,0.22368466738039527,15.243822605491141,30.36131951260362]",168.279672268,0.662944494492,85.1138696034,361.222757169,3575341063,fmin_l_bfgs_b,1,-66.36383002758826,2.100362600001972,0,0,,completed_without_convergence_warning,False,False,,False,,False,,False,matern32_heteroskedastic_alpha,50.79968,51.9687646121481,-1.1690846121480973,1.1690846121480973,1.3667588303614673,um,Matérn 3/2 + heteroskedastic alpha,Gaussian process,Matérn 3/2,C_heteroskedastic_alpha,True,False,new-data,ioandanielc/sph_v2,d69dac5bda8b622bc0de316b112815c6056c06ec,T0_depth_um,"[""geometry_monitor_available"",""geometry_parse_ok"",""geometry_target_ready"",""time_monitor_available"",""time_parse_ok"",""time_target_ready"",""physical_target_extraction_success""]",False,,,,False,False,False,,,25.52466014704109,78.41286907725511,retrospective oracle: latent variance plus held-out target-summary variance,1.0,P-168p279672268_VX-0p662944494492_LS-8p51138696034e-05_ST-361p222757169_M-TI64_XI-0p0002_XF-0p0014_XL-0p0012_TE-0p0021_DT-7p27680920966e-06_H-1d842653b1,False,False,Week 6 Phase 2 heteroskedastic-alpha engine
week7_phase3_new_data_noise_replication,6E5B5B7DD1D0B4311C2309F5F25EE422003057BB9160BD239C2DA1F7FA530128,depth,T0 penetration depth,C_heteroskedastic,33,P-172p471893954_VX-0p300060565388_LS-5p45268436948e-05_ST-394p546009672_M-TI64_XI-0p0002_XF-0p0014_XL-0p0012_TE-0p0021_DT-1p60771562794e-05_H-0e4c2fc094,34,False,70.71863,54.28534780174826,16.433282198251746,16.433282198251746,270.05276380737774,24.47699358922865,599.1232151671403,,,24.476994083425943,599.1232393600686,24.476994083425943,oracle retrospective latent variance plus held-out target-summary variance,4.342045482081635,,4.342045493171213,4.342045493171213,6.310440366860107,102.26025523663641,,,6.310439398233413,102.2602562052631,True,,True,"1.01**2 * Matern(length_scale=1.81, nu=1.5)",1.8121701478982544,1.0299931603741346,,,,,2.4192928378356323e-05,0.004918630742224539,1.0007546404229276e-06,1.3308926561363531e-06,0.005124055842549757,observation-specific target-summary variance plus numerical floor,1e-06,False,True,163,164,True,True,True,False,"[""P"",""VX"",""LS"",""ST""]",104.7472454601227,72.9924409207503,"[278.4269549422209,0.6338786571150126,59.67386750084293,349.3543219443621]","[101.14816511015668,0.22217408121173204,15.36936326438664,30.16929414494038]",172.471893954,0.300060565388,54.5268436948,394.546009672,3671356916,fmin_l_bfgs_b,1,-65.07268667602972,2.422288400004618,0,0,,completed_without_convergence_warning,False,False,,False,,False,,False,matern32_heteroskedastic_alpha,70.71863,54.28534780174826,16.433282198251746,16.433282198251746,270.05276380737774,um,Matérn 3/2 + heteroskedastic alpha,Gaussian process,Matérn 3/2,C_heteroskedastic_alpha,True,False,new-data,ioandanielc/sph_v2,d69dac5bda8b622bc0de316b112815c6056c06ec,T0_depth_um,"[""geometry_monitor_available"",""geometry_parse_ok"",""geometry_target_ready"",""time_monitor_available"",""time_parse_ok"",""time_target_ready"",""physical_target_extraction_success""]",False,,,,False,False,False,,,6.310439398233413,102.2602562052631,retrospective oracle: latent variance plus held-out target-summary variance,1.0,P-172p471893954_VX-0p300060565388_LS-5p45268436948e-05_ST-394p546009672_M-TI64_XI-0p0002_XF-0p0014_XL-0p0012_TE-0p0021_DT-1p60771562794e-05_H-0e4c2fc094,False,False,Week 6 Phase 2 heteroskedastic-alpha engine
week7_phase3_new_data_noise_replication,6E5B5B7DD1D0B4311C2309F5F25EE422003057BB9160BD239C2DA1F7FA530128,depth,T0 penetration depth,C_heteroskedastic,34,P-173p043282634_VX-0p866796851528_LS-6p96390683614e-05_ST-349p021338305_M-TI64_XI-0p0002_XF-0p0014_XL-0p0012_TE-0p0021_DT-5p56545699781e-06_H-27614c4053,35,False,50.6536,49.81162117820822,0.841978821791777,0.841978821791777,0.7089283363458689,19.028717179281887,362.0920774890976,,,19.02871835370491,362.09212218462613,19.02871835370491,oracle retrospective latent variance plus held-out target-summary variance,3.865866735583842,,3.8658667971814586,3.8658667971814586,12.515335506815724,87.10790684960071,,,12.5153332049466,87.10790915146984,True,,True,"1.01**2 * Matern(length_scale=1.8, nu=1.5)",1.7987414032787052,1.0242051932185636,,,,,4.4695528517437834e-05,0.006685471450648625,1.0007561821757308e-06,1.3315686796631189e-06,0.005134522397833689,observation-specific target-summary variance plus numerical floor,1e-06,False,True,163,164,True,True,True,False,"[""P"",""VX"",""LS"",""ST""]",104.87034380368098,72.91799211454703,"[278.4234494901964,0.6304017473840923,59.58115446607851,349.6336144067363]","[101.15182712464376,0.2229350876282608,15.354544071026856,30.37494037604233]",173.043282634,0.866796851528,69.63906836139999,349.021338305,1448441366,fmin_l_bfgs_b,1,-65.74281894053333,2.845014800026547,0,0,,completed_without_convergence_warning,False,False,,False,,False,,False,matern32_heteroskedastic_alpha,50.6536,49.81162117820822,0.841978821791777,0.841978821791777,0.7089283363458689,um,Matérn 3/2 + heteroskedastic alpha,Gaussian process,Matérn 3/2,C_heteroskedastic_alpha,True,False,new-data,ioandanielc/sph_v2,d69dac5bda8b622bc0de316b112815c6056c06ec,T0_depth_um,"[""geometry_monitor_available"",""geometry_parse_ok"",""geometry_target_ready"",""time_monitor_available"",""time_parse_ok"",""time_target_ready"",""physical_target_extraction_success""]",False,,,,False,False,False,,,12.5153332049466,87.10790915146984,retrospective oracle: latent variance plus held-out target-summary variance,1.0,P-173p043282634_VX-0p866796851528_LS-6p96390683614e-05_ST-349p021338305_M-TI64_XI-0p0002_XF-0p0014_XL-0p0012_TE-0p0021_DT-5p56545699781e-06_H-27614c4053,False,False,Week 6 Phase 2 heteroskedastic-alpha engine
week7_phase3_new_data_noise_replication,6E5B5B7DD1D0B4311C2309F5F25EE422003057BB9160BD239C2DA1F7FA530128,depth,T0 penetration depth,C_heteroskedastic,35,P-173p906668607_VX-0p677544388934_LS-8p62016404031e-05_ST-334p396108383_M-TI64_XI-0p0002_XF-0p0014_XL-0p0012_TE-0p0021_DT-7p12000672104e-06_H-89021150a8,36,False,50.79225,50.31996086998678,0.47228913001322326,0.47228913001322326,0.2230570223286473,14.400065488333212,207.36188606828523,,,14.400066666244891,207.36191999229726,14.400066666244891,oracle retrospective latent variance plus held-out target-summary variance,3.5867091323724987,,3.5867092140835553,3.5867092140835553,22.095832512853686,78.54408922711987,,,22.095830204146793,78.54409153582677,True,,True,"1.01**2 * Matern(length_scale=1.79, nu=1.5)",1.794043935187089,1.0201856490549894,,,,,3.3924012024049266e-05,0.005824432334918937,1.0007561690752836e-06,1.3315629354150629e-06,0.00513443346233446,observation-specific target-summary variance plus numerical floor,1e-06,False,True,163,164,True,True,True,False,"[""P"",""VX"",""LS"",""ST""]",104.86949319018404,72.91862375514309,"[278.4181526437362,0.6315628054368163,59.47954359465703,349.7233397436811]","[101.15732249571386,0.22366919551629705,15.232359459079397,30.351389180238957]",173.906668607,0.677544388934,86.2016404031,334.396108383,2386334781,fmin_l_bfgs_b,1,-66.31077604445338,2.213122299988754,0,0,,completed_without_convergence_warning,False,False,,False,,False,,False,matern32_heteroskedastic_alpha,50.79225,50.31996086998678,0.47228913001322326,0.47228913001322326,0.2230570223286473,um,Matérn 3/2 + heteroskedastic alpha,Gaussian process,Matérn 3/2,C_heteroskedastic_alpha,True,False,new-data,ioandanielc/sph_v2,d69dac5bda8b622bc0de316b112815c6056c06ec,T0_depth_um,"[""geometry_monitor_available"",""geometry_parse_ok"",""geometry_target_ready"",""time_monitor_available"",""time_parse_ok"",""time_target_ready"",""physical_target_extraction_success""]",False,,,,False,False,False,,,22.095830204146793,78.54409153582677,retrospective oracle: latent variance plus held-out target-summary variance,1.0,P-173p906668607_VX-0p677544388934_LS-8p62016404031e-05_ST-334p396108383_M-TI64_XI-0p0002_XF-0p0014_XL-0p0012_TE-0p0021_DT-7p12000672104e-06_H-89021150a8,False,False,Week 6 Phase 2 heteroskedastic-alpha engine
week7_phase3_new_data_noise_replication,6E5B5B7DD1D0B4311C2309F5F25EE422003057BB9160BD239C2DA1F7FA530128,depth,T0 penetration depth,C_heteroskedastic,36,P-177p821134596_VX-0p63969291749_LS-8p76195222961e-05_ST-320p228793407_M-TI64_XI-0p0002_XF-0p0014_XL-0p0012_TE-0p0021_DT-7p5413068851e-06_H-0e4c2fc094,37,False,54.66565,53.13106991152026,1.5345800884797427,1.5345800884797427,2.354936047958495,19.705728183778714,388.3157232529707,,,19.705824418079306,388.3195159961706,19.705824418079306,oracle retrospective latent variance plus held-out target-summary variance,3.9028801414384353,,3.9028849953802554,3.9028849953802554,14.50784267131398,91.75429715172653,,,14.507654052084817,91.7544857709557,True,,True,"1.01**2 * Matern(length_scale=1.8, nu=1.5)",1.7988920650537858,1.0250871279317757,,,,,0.0037927431999394724,0.061585251480687095,1.0007558169063926e-06,1.329329329118799e-06,0.005132042680130036,observation-specific target-summary variance plus numerical floor,1e-06,False,True,163,164,True,True,True,False,"[""P"",""VX"",""LS"",""ST""]",104.84573,72.9356098003106,"[278.3941375149694,0.6317950230530371,59.47084493273679,349.81025578647865]","[101.1816634814045,0.22369716311754292,15.2166840138311,30.287019318896757]",177.821134596,0.63969291749,87.6195222961,320.228793407,3739648948,fmin_l_bfgs_b,1,-66.02252329830976,2.589063699997496,0,0,,completed_without_convergence_warning,False,False,,False,,False,,False,matern32_heteroskedastic_alpha,54.66565,53.13106991152026,1.5345800884797427,1.5345800884797427,2.354936047958495,um,Matérn 3/2 + heteroskedastic alpha,Gaussian process,Matérn 3/2,C_heteroskedastic_alpha,True,False,new-data,ioandanielc/sph_v2,d69dac5bda8b622bc0de316b112815c6056c06ec,T0_depth_um,"[""geometry_monitor_available"",""geometry_parse_ok"",""geometry_target_ready"",""time_monitor_available"",""time_parse_ok"",""time_target_ready"",""physical_target_extraction_success""]",False,,,,False,False,False,,,14.507654052084817,91.7544857709557,retrospective oracle: latent variance plus held-out target-summary variance,1.0,P-177p821134596_VX-0p63969291749_LS-8p76195222961e-05_ST-320p228793407_M-TI64_XI-0p0002_XF-0p0014_XL-0p0012_TE-0p0021_DT-7p5413068851e-06_H-0e4c2fc094,False,False,Week 6 Phase 2 heteroskedastic-alpha engine
week7_phase3_new_data_noise_replication,6E5B5B7DD1D0B4311C2309F5F25EE422003057BB9160BD239C2DA1F7FA530128,depth,T0 penetration depth,C_heteroskedastic,37,P-185p872045369_VX-0p416268682161_LS-7p15564692144e-05_ST-371p982346013_M-TI64_XI-0p0002_XF-0p0014_XL-0p0012_TE-0p0021_DT-1p15889587897e-05_H-bc28d74e69,38,False,74.77214000000001,61.46169697615467,13.310443023845338,13.310443023845338,177.167893491033,20.07103052596871,402.84626637436776,,,20.07103069124066,402.8462730087246,20.07103069124066,oracle retrospective latent variance plus held-out target-summary variance,4.138111207599455,,4.138111212212419,4.138111212212419,22.122477145256,100.80091680705334,,,22.122476821322977,100.80091713098636,True,,True,"1.01**2 * Matern(length_scale=1.8, nu=1.5)",1.8013103542766868,1.0226276541346337,,,,,6.634356814729524e-06,0.0025757245222906744,1.000754415136664e-06,1.330793873235432e-06,0.0051225264332131525,observation-specific target-summary variance plus numerical floor,1e-06,False,True,163,164,True,True,True,False,"[""P"",""VX"",""LS"",""ST""]",104.72237730061349,73.0033387447786,"[278.3447454243375,0.6331657238832764,59.56939127066133,349.4927493287731]","[101.22877039518752,0.22305592456183115,15.346097356726661,30.324169442519743]",185.872045369,0.416268682161,71.55646921440001,371.982346013,1889255491,fmin_l_bfgs_b,1,-65.34085438474366,1.9947324999957345,0,0,,completed_without_convergence_warning,False,False,,False,,False,,False,matern32_heteroskedastic_alpha,74.77214000000001,61.46169697615467,13.310443023845338,13.310443023845338,177.167893491033,um,Matérn 3/2 + heteroskedastic alpha,Gaussian process,Matérn 3/2,C_heteroskedastic_alpha,True,False,new-data,ioandanielc/sph_v2,d69dac5bda8b622bc0de316b112815c6056c06ec,T0_depth_um,"[""geometry_monitor_available"",""geometry_parse_ok"",""geometry_target_ready"",""time_monitor_available"",""time_parse_ok"",""time_target_ready"",""physical_target_extraction_success""]",False,,,,False,False,False,,,22.122476821322977,100.80091713098636,retrospective oracle: latent variance plus held-out target-summary variance,1.0,P-185p872045369_VX-0p416268682161_LS-7p15564692144e-05_ST-371p982346013_M-TI64_XI-0p0002_XF-0p0014_XL-0p0012_TE-0p0021_DT-1p15889587897e-05_H-bc28d74e69,False,False,Week 6 Phase 2 heteroskedastic-alpha engine
week7_phase3_new_data_noise_replication,6E5B5B7DD1D0B4311C2309F5F25EE422003057BB9160BD239C2DA1F7FA530128,depth,T0 penetration depth,C_heteroskedastic,38,P-187p255870651_VX-0p828194463092_LS-4p64611349328e-05_ST-375p783913497_M-TI64_XI-0p0002_XF-0p0014_XL-0p0012_TE-0p0021_DT-5p82486459159e-06_H-bc28d74e69,39,False,58.45098,48.38168397964209,10.06929602035791,10.06929602035791,101.39072234559565,24.35399144031661,593.1168990750147,,,24.35427596579042,593.130757817877,24.35427596579042,oracle retrospective latent variance plus held-out target-summary variance,4.197107087271591,,4.1971167730057655,4.1971167730057655,0.6478607566215402,96.11550720266264,,,0.6473030866928653,96.11606487259132,True,,True,"1.02**2 * Matern(length_scale=1.81, nu=1.5)",1.8055003778071823,1.0313837846374454,,,,,0.01385874286220231,0.11772316196145222,1.000755498464645e-06,1.3291905756637822e-06,0.0051298808626520365,observation-specific target-summary variance plus numerical floor,1e-06,False,True,163,164,True,True,True,False,"[""P"",""VX"",""LS"",""ST""]",104.8225071165644,72.95097931940839,"[278.336255698681,0.6306385718530249,59.72335037668342,349.46942682887124]","[101.23646710083037,0.22316546217962263,15.33969964023271,30.30539587514826]",187.255870651,0.828194463092,46.4611349328,375.783913497,2434560366,fmin_l_bfgs_b,1,-65.44408222209815,3.0023173000081442,0,0,,completed_without_convergence_warning,False,False,,False,,False,,False,matern32_heteroskedastic_alpha,58.45098,48.38168397964209,10.06929602035791,10.06929602035791,101.39072234559565,um,Matérn 3/2 + heteroskedastic alpha,Gaussian process,Matérn 3/2,C_heteroskedastic_alpha,True,False,new-data,ioandanielc/sph_v2,d69dac5bda8b622bc0de316b112815c6056c06ec,T0_depth_um,"[""geometry_monitor_available"",""geometry_parse_ok"",""geometry_target_ready"",""time_monitor_available"",""time_parse_ok"",""time_target_ready"",""physical_target_extraction_success""]",False,,,,False,False,False,,,0.6473030866928653,96.11606487259132,retrospective oracle: latent variance plus held-out target-summary variance,1.0,P-187p255870651_VX-0p828194463092_LS-4p64611349328e-05_ST-375p783913497_M-TI64_XI-0p0002_XF-0p0014_XL-0p0012_TE-0p0021_DT-5p82486459159e-06_H-bc28d74e69,False,False,Week 6 Phase 2 heteroskedastic-alpha engine
week7_phase3_new_data_noise_replication,6E5B5B7DD1D0B4311C2309F5F25EE422003057BB9160BD239C2DA1F7FA530128,depth,T0 penetration depth,C_heteroskedastic,39,P-198p376734591_VX-0p636800402216_LS-8p40585875992e-05_ST-361p411435367_M-TI64_XI-0p0002_XF-0p0014_XL-0p0012_TE-0p0021_DT-7p5755614887e-06_H-1605f46060,40,False,60.69527,59.10423126950352,1.5910387304964786,1.5910387304964786,2.531404241939846,11.307276233971297,127.85449583133213,,,11.309759796802123,127.91066666136159,11.309759796802123,oracle retrospective latent variance plus held-out target-summary variance,3.354284517357595,,3.354499788829978,3.354499788829978,36.941969850919776,81.26649268808727,,,36.93710206777136,81.27136047123568,True,,True,"1.01**2 * Matern(length_scale=1.79, nu=1.5)",1.792454511750593,1.0181430788866908,,,,,0.05617083002945849,0.23700386079019575,1.0007553216421088e-06,1.3291135294284917e-06,0.005128680460845503,observation-specific target-summary variance plus numerical floor,1e-06,False,True,163,164,True,True,True,False,"[""P"",""VX"",""LS"",""ST""]",104.80873846625767,72.95951781586099,"[278.2680295395399,0.6318127685455157,59.49269115787114,349.5576015413252]","[101.29406207722917,0.22369767420981093,15.254477599183188,30.360871196885086]",198.376734591,0.636800402216,84.0585875992,361.411435367,163110675,fmin_l_bfgs_b,1,-66.41144920399176,2.7318347999826074,0,0,,completed_without_convergence_warning,False,False,,False,,False,,False,matern32_heteroskedastic_alpha,60.69527,59.10423126950352,1.5910387304964786,1.5910387304964786,2.531404241939846,um,Matérn 3/2 + heteroskedastic alpha,Gaussian process,Matérn 3/2,C_heteroskedastic_alpha,True,False,new-data,ioandanielc/sph_v2,d69dac5bda8b622bc0de316b112815c6056c06ec,T0_depth_um,"[""geometry_monitor_available"",""geometry_parse_ok"",""geometry_target_ready"",""time_monitor_available"",""time_parse_ok"",""time_target_ready"",""physical_target_extraction_success""]",False,,,,False,False,False,,,36.93710206777136,81.27136047123568,retrospective oracle: latent variance plus held-out target-summary variance,1.0,P-198p376734591_VX-0p636800402216_LS-8p40585875992e-05_ST-361p411435367_M-TI64_XI-0p0002_XF-0p0014_XL-0p0012_TE-0p0021_DT-7p5755614887e-06_H-1605f46060,False,False,Week 6 Phase 2 heteroskedastic-alpha engine
week7_phase3_new_data_noise_replication,6E5B5B7DD1D0B4311C2309F5F25EE422003057BB9160BD239C2DA1F7FA530128,depth,T0 penetration depth,C_heteroskedastic,40,P-199p601335125_VX-0p449852506485_LS-5p7030843283e-05_ST-364p706449651_M-TI64_XI-0p0002_XF-0p0014_XL-0p0012_TE-0p0021_DT-1p07237828699e-05_H-1d842653b1,41,False,82.340345,81.82491621923592,0.5154287807640827,0.5154287807640827,0.26566682803994884,20.39383271847677,415.9084129492136,,,20.393883212693225,415.91047249297054,20.393883212693225,oracle retrospective latent variance plus held-out target-summary variance,3.934490452032683,,3.93449292640329,3.93449292640329,41.85300409102145,121.79682834745039,,,41.85290512235719,121.79692731611465,True,,True,"1.01**2 * Matern(length_scale=1.8, nu=1.5)",1.796608860865383,1.0211889248742743,,,,,0.002059543756882888,0.04538219647486102,1.000754071644742e-06,1.3285688726593838e-06,0.005120194556672343,observation-specific target-summary variance plus numerical floor,1e-06,False,True,163,164,True,True,True,False,"[""P"",""VX"",""LS"",""ST""]",104.67594659509201,73.01996395694539,"[278.26051665282824,0.6329596881512274,59.65850554017913,349.5373867297669]","[101.29994167754198,0.22324058915242517,15.373248244081479,30.351873699466207]",199.601335125,0.449852506485,57.030843283,364.706449651,3445391454,fmin_l_bfgs_b,1,-65.49616407831303,2.1316388999694027,0,0,,completed_without_convergence_warning,False,False,,False,,False,,False,matern32_heteroskedastic_alpha,82.340345,81.82491621923592,0.5154287807640827,0.5154287807640827,0.26566682803994884,um,Matérn 3/2 + heteroskedastic alpha,Gaussian process,Matérn 3/2,C_heteroskedastic_alpha,True,False,new-data,ioandanielc/sph_v2,d69dac5bda8b622bc0de316b112815c6056c06ec,T0_depth_um,"[""geometry_monitor_available"",""geometry_parse_ok"",""geometry_target_ready"",""time_monitor_available"",""time_parse_ok"",""time_target_ready"",""physical_target_extraction_success""]",False,,,,False,False,False,,,41.85290512235719,121.79692731611465,retrospective oracle: latent variance plus held-out target-summary variance,1.0,P-199p601335125_VX-0p449852506485_LS-5p7030843283e-05_ST-364p706449651_M-TI64_XI-0p0002_XF-0p0014_XL-0p0012_TE-0p0021_DT-1p07237828699e-05_H-1d842653b1,False,False,Week 6 Phase 2 heteroskedastic-alpha engine
week7_phase3_new_data_noise_replication,6E5B5B7DD1D0B4311C2309F5F25EE422003057BB9160BD239C2DA1F7FA530128,depth,T0 penetration depth,C_heteroskedastic,41,P-203p030488295_VX-0p654564663741_LS-6p39602473907e-05_ST-333p568221635_M-TI64_XI-0p0002_XF-0p0014_XL-0p0012_TE-0p0021_DT-7p36996796534e-06_H-0e4c2fc094,42,False,65.373875,63.805842502872466,1.5680324971275326,1.5680324971275326,2.4587259120480054,13.64228699107538,186.11199434686455,,,13.653966742783638,186.4308078130416,13.653966742783638,oracle retrospective latent variance plus held-out target-summary variance,3.538718340485695,,3.5395628214371166,3.5395628214371166,37.066960000364716,90.54472500538022,,,37.044067687016536,90.5676173187284,True,,True,"1.01**2 * Matern(length_scale=1.79, nu=1.5)",1.7919403732681538,1.0191496897941676,,,,,0.3188134661770524,0.5646356933253975,1.0007549816335822e-06,1.3289653787599494e-06,0.0051263722321632475,observation-specific target-summary variance plus numerical floor,1e-06,False,True,163,164,True,True,True,False,"[""P"",""VX"",""LS"",""ST""]",104.78003536809817,72.97594474912685,"[278.239478903319,0.6317037853459758,59.61599385853679,349.7284188034848]","[101.31591791982267,0.2236908903530302,15.370874613774,30.34875448247857]",203.030488295,0.654564663741,63.9602473907,333.568221635,833101209,fmin_l_bfgs_b,1,-66.09614141914813,2.108218100038357,0,0,,completed_without_convergence_warning,False,False,,False,,False,,False,matern32_heteroskedastic_alpha,65.373875,63.805842502872466,1.5680324971275326,1.5680324971275326,2.4587259120480054,um,Matérn 3/2 + heteroskedastic alpha,Gaussian process,Matérn 3/2,C_heteroskedastic_alpha,True,False,new-data,ioandanielc/sph_v2,d69dac5bda8b622bc0de316b112815c6056c06ec,T0_depth_um,"[""geometry_monitor_available"",""geometry_parse_ok"",""geometry_target_ready"",""time_monitor_available"",""time_parse_ok"",""time_target_ready"",""physical_target_extraction_success""]",False,,,,False,False,False,,,37.044067687016536,90.5676173187284,retrospective oracle: latent variance plus held-out target-summary variance,1.0,P-203p030488295_VX-0p654564663741_LS-6p39602473907e-05_ST-333p568221635_M-TI64_XI-0p0002_XF-0p0014_XL-0p0012_TE-0p0021_DT-7p36996796534e-06_H-0e4c2fc094,False,False,Week 6 Phase 2 heteroskedastic-alpha engine
week7_phase3_new_data_noise_replication,6E5B5B7DD1D0B4311C2309F5F25EE422003057BB9160BD239C2DA1F7FA530128,depth,T0 penetration depth,C_heteroskedastic,42,P-203p317554156_VX-0p724937635215_LS-5p40301996917e-05_ST-325p306920736_M-TI64_XI-0p0002_XF-0p0014_XL-0p0012_TE-0p0021_DT-6p65453187788e-06_H-dfd65b549a,43,False,62.7824,59.68775090041501,3.0946490995849913,3.0946490995849913,9.576853049562198,14.617306642669606,213.665653485833,,,14.61733098344145,213.6663650794774,14.61733098344145,oracle retrospective latent variance plus held-out target-summary variance,3.62355558522204,,3.6235571757859266,3.6235571757859266,31.037829880782585,88.33767192004744,,,31.03778217286977,88.33771962796025,True,,True,"1.01**2 * Matern(length_scale=1.79, nu=1.5)",1.7946117041775231,1.0215411679204207,,,,,0.0007115936443711241,0.026675712630989338,1.000755165190771e-06,1.3311227548963315e-06,0.00512761835375939,observation-specific target-summary variance plus numerical floor,1e-06,False,True,163,164,True,True,True,False,"[""P"",""VX"",""LS"",""ST""]",104.79593398773005,72.96707511800447,"[278.2377177630675,0.631272049324663,59.67691439656747,349.779101631086]","[101.31722273351487,0.22357841075305812,15.368293326096978,30.31480718766555]",203.317554156,0.724937635215,54.0301996917,325.306920736,1179956337,fmin_l_bfgs_b,1,-66.03448156867603,1.7750484999851324,0,0,,completed_without_convergence_warning,False,False,,False,,False,,False,matern32_heteroskedastic_alpha,62.7824,59.68775090041501,3.0946490995849913,3.0946490995849913,9.576853049562198,um,Matérn 3/2 + heteroskedastic alpha,Gaussian process,Matérn 3/2,C_heteroskedastic_alpha,True,False,new-data,ioandanielc/sph_v2,d69dac5bda8b622bc0de316b112815c6056c06ec,T0_depth_um,"[""geometry_monitor_available"",""geometry_parse_ok"",""geometry_target_ready"",""time_monitor_available"",""time_parse_ok"",""time_target_ready"",""physical_target_extraction_success""]",False,,,,False,False,False,,,31.03778217286977,88.33771962796025,retrospective oracle: latent variance plus held-out target-summary variance,1.0,P-203p317554156_VX-0p724937635215_LS-5p40301996917e-05_ST-325p306920736_M-TI64_XI-0p0002_XF-0p0014_XL-0p0012_TE-0p0021_DT-6p65453187788e-06_H-dfd65b549a,False,False,Week 6 Phase 2 heteroskedastic-alpha engine
week7_phase3_new_data_noise_replication,6E5B5B7DD1D0B4311C2309F5F25EE422003057BB9160BD239C2DA1F7FA530128,depth,T0 penetration depth,C_heteroskedastic,43,P-204p071587815_VX-0p957219619336_LS-8p8582220221e-05_ST-334p090301355_M-TI64_XI-0p0002_XF-0p0014_XL-0p0012_TE-0p0021_DT-5p03972182096e-06_H-676863bc48,44,False,46.86536,50.7796181461405,-3.9142581461404973,3.9142581461404973,15.321416834627243,20.246680508265563,409.92807160378067,,,20.246681104051223,409.92809572914484,20.246681104051223,oracle retrospective latent variance plus held-out target-summary variance,3.9456173209982563,,3.945617349324759,3.945617349324759,11.096124349939998,90.463111942341,,,11.096123182200103,90.4631131100809,True,,True,"1.01**2 * Matern(length_scale=1.81, nu=1.5)",1.8053328764742678,1.02629231354029,,,,,2.412536422955874e-05,0.00491175775355002,1.0007565533577442e-06,1.3317314345310467e-06,0.005137042255139608,observation-specific target-summary variance plus numerical floor,1e-06,False,True,163,164,True,True,True,False,"[""P"",""VX"",""LS"",""ST""]",104.8935845398773,72.90010232035691,"[278.2330917896994,0.6298470064772949,59.46493881049813,349.7252158604172]","[101.3206260850009,0.22223255450376098,15.20556650125706,30.350432230369947]",204.071587815,0.957219619336,88.582220221,334.090301355,1774765055,fmin_l_bfgs_b,1,-65.66113675972016,2.2916219999897294,0,0,,completed_without_convergence_warning,False,False,,False,,False,,False,matern32_heteroskedastic_alpha,46.86536,50.7796181461405,-3.9142581461404973,3.9142581461404973,15.321416834627243,um,Matérn 3/2 + heteroskedastic alpha,Gaussian process,Matérn 3/2,C_heteroskedastic_alpha,True,False,new-data,ioandanielc/sph_v2,d69dac5bda8b622bc0de316b112815c6056c06ec,T0_depth_um,"[""geometry_monitor_available"",""geometry_parse_ok"",""geometry_target_ready"",""time_monitor_available"",""time_parse_ok"",""time_target_ready"",""physical_target_extraction_success""]",False,,,,False,False,False,,,11.096123182200103,90.4631131100809,retrospective oracle: latent variance plus held-out target-summary variance,1.0,P-204p071587815_VX-0p957219619336_LS-8p8582220221e-05_ST-334p090301355_M-TI64_XI-0p0002_XF-0p0014_XL-0p0012_TE-0p0021_DT-5p03972182096e-06_H-676863bc48,False,False,Week 6 Phase 2 heteroskedastic-alpha engine
week7_phase3_new_data_noise_replication,6E5B5B7DD1D0B4311C2309F5F25EE422003057BB9160BD239C2DA1F7FA530128,depth,T0 penetration depth,C_heteroskedastic,44,P-207p432942583_VX-0p674802143379_LS-5p74396795379e-05_ST-382p34582068_M-TI64_XI-0p0002_XF-0p0014_XL-0p0012_TE-0p0021_DT-7p14894084192e-06_H-676863bc48,45,False,66.114745,57.39147728117821,8.723267718821788,8.723267718821788,76.09539969423828,15.393613619703345,236.96334027271632,,,15.395895692689644,237.03360418017954,15.395895692689644,oracle retrospective latent variance plus held-out target-summary variance,3.8134549108838645,,3.8135555520236792,3.8135555520236792,27.219994586559658,87.56295997579676,,,27.21552172350651,87.56743283884991,True,,True,"1.01**2 * Matern(length_scale=1.8, nu=1.5)",1.7965808854509817,1.0222094558171655,,,,,0.07026390746319405,0.2650734001426662,1.000754931333422e-06,1.328943461655571e-06,0.005126030757572169,observation-specific target-summary variance plus numerical floor,1e-06,False,True,163,164,True,True,True,False,"[""P"",""VX"",""LS"",""ST""]",104.77549015337424,72.97837585803101,"[278.21246998130675,0.6315796290291783,59.655997342296295,349.42916972958903]","[101.33537495087178,0.22367255029682723,15.37364339493697,30.266029560577405]",207.432942583,0.674802143379,57.4396795379,382.34582068,272910116,fmin_l_bfgs_b,1,-65.87095523239037,2.421960100007709,0,0,,completed_without_convergence_warning,False,False,,False,,False,,False,matern32_heteroskedastic_alpha,66.114745,57.39147728117821,8.723267718821788,8.723267718821788,76.09539969423828,um,Matérn 3/2 + heteroskedastic alpha,Gaussian process,Matérn 3/2,C_heteroskedastic_alpha,True,False,new-data,ioandanielc/sph_v2,d69dac5bda8b622bc0de316b112815c6056c06ec,T0_depth_um,"[""geometry_monitor_available"",""geometry_parse_ok"",""geometry_target_ready"",""time_monitor_available"",""time_parse_ok"",""time_target_ready"",""physical_target_extraction_success""]",False,,,,False,False,False,,,27.21552172350651,87.56743283884991,retrospective oracle: latent variance plus held-out target-summary variance,1.0,P-207p432942583_VX-0p674802143379_LS-5p74396795379e-05_ST-382p34582068_M-TI64_XI-0p0002_XF-0p0014_XL-0p0012_TE-0p0021_DT-7p14894084192e-06_H-676863bc48,False,False,Week 6 Phase 2 heteroskedastic-alpha engine
week7_phase3_new_data_noise_replication,6E5B5B7DD1D0B4311C2309F5F25EE422003057BB9160BD239C2DA1F7FA530128,depth,T0 penetration depth,C_heteroskedastic,45,P-208p096600196_VX-0p256636148953_LS-4p52492384214e-05_ST-395p602757306_M-TI64_XI-0p0002_XF-0p0014_XL-0p0012_TE-0p0021_DT-1p87975101041e-05_H-1980b1708d,46,False,74.71056,117.72302659737191,-43.01246659737191,43.01246659737191,1850.0722827900345,30.398486268219333,924.0679673991193,,,30.39848633435167,924.0679714197653,30.39848633435167,oracle retrospective latent variance plus held-out target-summary variance,5.334379076854664,,5.33437907467459,5.33437907467459,58.14199351166202,177.3040596830818,,,58.14199338204264,177.30405981270118,True,,True,"1.01**2 * Matern(length_scale=1.81, nu=1.5)",1.8088865398825378,1.0135512177009696,,,,,4.020646016434188e-06,0.0020051548609606664,1.0011866345414563e-06,1.3307952792997262e-06,0.005122548202647331,observation-specific target-summary variance plus numerical floor,1e-06,False,True,163,164,True,True,True,False,"[""P"",""VX"",""LS"",""ST""]",104.72275509202453,73.00318359217596,"[278.2083984622086,0.634145064577804,59.73078532460611,349.34783883004303]","[101.33820532334771,0.22174719736455228,15.332974650221178,30.159467011235943]",208.096600196,0.256636148953,45.2492384214,395.602757306,2761448964,fmin_l_bfgs_b,1,-63.96981510288025,2.299842800013721,0,0,,completed_without_convergence_warning,False,False,,False,,False,,False,matern32_heteroskedastic_alpha,74.71056,117.72302659737191,-43.01246659737191,43.01246659737191,1850.0722827900345,um,Matérn 3/2 + heteroskedastic alpha,Gaussian process,Matérn 3/2,C_heteroskedastic_alpha,True,False,new-data,ioandanielc/sph_v2,d69dac5bda8b622bc0de316b112815c6056c06ec,T0_depth_um,"[""geometry_monitor_available"",""geometry_parse_ok"",""geometry_target_ready"",""time_monitor_available"",""time_parse_ok"",""time_target_ready"",""physical_target_extraction_success""]",False,,,,False,False,False,,,58.14199338204264,177.30405981270118,retrospective oracle: latent variance plus held-out target-summary variance,1.0,P-208p096600196_VX-0p256636148953_LS-4p52492384214e-05_ST-395p602757306_M-TI64_XI-0p0002_XF-0p0014_XL-0p0012_TE-0p0021_DT-1p87975101041e-05_H-1980b1708d,False,False,Week 6 Phase 2 heteroskedastic-alpha engine
week7_phase3_new_data_noise_replication,6E5B5B7DD1D0B4311C2309F5F25EE422003057BB9160BD239C2DA1F7FA530128,depth,T0 penetration depth,C_heteroskedastic,46,P-209p47686991_VX-0p866693950214_LS-6p90699464413e-05_ST-369p570871734_M-TI64_XI-0p0002_XF-0p0014_XL-0p0012_TE-0p0021_DT-5p56611777644e-06_H-b021dd2b47,47,False,58.44805,54.92471201974677,3.523337980253231,3.523337980253231,12.413910523094918,18.965531596667482,359.69138874419264,,,18.96655312719754,359.73013752680674,18.96655312719754,oracle retrospective latent variance plus held-out target-summary variance,3.8788180738065687,,3.8788700760463257,3.8788700760463257,17.752270090278508,92.09715394921503,,,17.750267890439595,92.09915614905395,True,,True,"1.01**2 * Matern(length_scale=1.8, nu=1.5)",1.7980790058915819,1.0227201187688912,,,,,0.03874878261402813,0.196847104662548,1.000755498701317e-06,1.3291906787879579e-06,0.005129882469355421,observation-specific target-summary variance plus numerical floor,1e-06,False,True,163,164,True,True,True,False,"[""P"",""VX"",""LS"",""ST""]",104.82252509202453,72.95096789288465,"[278.19993054985275,0.6304023786804973,59.5846460116006,349.50754364950313]","[101.34400574071526,0.2229357568924719,15.356765924229286,30.334547862061143]",209.47686991,0.866693950214,69.0699464413,369.570871734,1196741274,fmin_l_bfgs_b,1,-65.65777931286544,1.633052500023041,0,0,,completed_without_convergence_warning,False,False,,False,,False,,False,matern32_heteroskedastic_alpha,58.44805,54.92471201974677,3.523337980253231,3.523337980253231,12.413910523094918,um,Matérn 3/2 + heteroskedastic alpha,Gaussian process,Matérn 3/2,C_heteroskedastic_alpha,True,False,new-data,ioandanielc/sph_v2,d69dac5bda8b622bc0de316b112815c6056c06ec,T0_depth_um,"[""geometry_monitor_available"",""geometry_parse_ok"",""geometry_target_ready"",""time_monitor_available"",""time_parse_ok"",""time_target_ready"",""physical_target_extraction_success""]",False,,,,False,False,False,,,17.750267890439595,92.09915614905395,retrospective oracle: latent variance plus held-out target-summary variance,1.0,P-209p47686991_VX-0p866693950214_LS-6p90699464413e-05_ST-369p570871734_M-TI64_XI-0p0002_XF-0p0014_XL-0p0012_TE-0p0021_DT-5p56611777644e-06_H-b021dd2b47,False,False,Week 6 Phase 2 heteroskedastic-alpha engine
week7_phase3_new_data_noise_replication,6E5B5B7DD1D0B4311C2309F5F25EE422003057BB9160BD239C2DA1F7FA530128,depth,T0 penetration depth,C_heteroskedastic,47,P-210p211145159_VX-0p921242046338_LS-8p23126060485e-05_ST-311p238003519_M-TI64_XI-0p0002_XF-0p0014_XL-0p0012_TE-0p0021_DT-5p23653975868e-06_H-0e4c2fc094,48,False,50.795955,46.72622630553723,4.069728694462768,4.069728694462768,16.562691646533622,27.84758711241177,775.488107983362,,,27.8475877675879,775.4881444735113,27.8475877675879,oracle retrospective latent variance plus held-out target-summary variance,4.256363738907292,,4.256363761932017,4.256363761932017,-7.855044434789839,101.3074970458643,,,-7.855045718935052,101.30749833000951,True,,True,"1.02**2 * Matern(length_scale=1.81, nu=1.5)",1.8073574217223745,1.030413033111764,,,,,3.649014906653037e-05,0.006040707662727139,1.000756168725683e-06,1.3315627821232268e-06,0.005134431088988838,observation-specific target-summary variance plus numerical floor,1e-06,False,True,163,164,True,True,True,False,"[""P"",""VX"",""LS"",""ST""]",104.86947046012268,72.91864061142044,"[278.1954257937239,0.630067727784031,59.503402701126966,349.8654140066504]","[101.3470440259981,0.22253951282468057,15.271101704023119,30.224845064879172]",210.211145159,0.921242046338,82.31260604849999,311.238003519,3480514443,fmin_l_bfgs_b,1,-65.4189157450393,1.4557632000069134,0,0,,completed_without_convergence_warning,False,False,,False,,False,,False,matern32_heteroskedastic_alpha,50.795955,46.72622630553723,4.069728694462768,4.069728694462768,16.562691646533622,um,Matérn 3/2 + heteroskedastic alpha,Gaussian process,Matérn 3/2,C_heteroskedastic_alpha,True,False,new-data,ioandanielc/sph_v2,d69dac5bda8b622bc0de316b112815c6056c06ec,T0_depth_um,"[""geometry_monitor_available"",""geometry_parse_ok"",""geometry_target_ready"",""time_monitor_available"",""time_parse_ok"",""time_target_ready"",""physical_target_extraction_success""]",False,,,,False,False,False,,,-7.855045718935052,101.30749833000951,retrospective oracle: latent variance plus held-out target-summary variance,1.0,P-210p211145159_VX-0p921242046338_LS-8p23126060485e-05_ST-311p238003519_M-TI64_XI-0p0002_XF-0p0014_XL-0p0012_TE-0p0021_DT-5p23653975868e-06_H-0e4c2fc094,False,False,Week 6 Phase 2 heteroskedastic-alpha engine
week7_phase3_new_data_noise_replication,6E5B5B7DD1D0B4311C2309F5F25EE422003057BB9160BD239C2DA1F7FA530128,depth,T0 penetration depth,C_heteroskedastic,48,P-210p302841339_VX-0p779412575788_LS-5p86430912284e-05_ST-304p177226769_M-TI64_XI-0p0002_XF-0p0014_XL-0p0012_TE-0p0021_DT-6p18943131388e-06_H-c15424829d,49,False,62.51617999999999,60.458891743814156,2.057288256185835,2.057288256185835,4.2324349690401535,12.415018090426074,154.13267418560667,,,12.416623406013052,154.17253680675117,12.416623406013052,oracle retrospective latent variance plus held-out target-summary variance,3.45157525273967,,3.4517009987420115,3.4517009987420115,36.12545628657905,84.79232720104926,,,36.12230986802858,84.79547361959973,True,,True,"1.01**2 * Matern(length_scale=1.8, nu=1.5)",1.7958984878455535,1.021192043360755,,,,,0.039862621144485244,0.19965625746388527,1.0007551847185928e-06,1.3290538682468704e-06,0.005127750923017623,observation-specific target-summary variance plus numerical floor,1e-06,False,True,163,164,True,True,True,False,"[""P"",""VX"",""LS"",""ST""]",104.7975672392638,72.96613170825988,"[278.19486324047244,0.630937847235258,59.64861444848955,349.9087316554234]","[101.34742113375844,0.22339736335921048,15.37441698877831,30.16433372923899]",210.302841339,0.779412575788,58.6430912284,304.177226769,3036506653,fmin_l_bfgs_b,1,-66.2761174376914,1.465584099991247,0,0,,completed_without_convergence_warning,False,False,,False,,False,,False,matern32_heteroskedastic_alpha,62.51617999999999,60.458891743814156,2.057288256185835,2.057288256185835,4.2324349690401535,um,Matérn 3/2 + heteroskedastic alpha,Gaussian process,Matérn 3/2,C_heteroskedastic_alpha,True,False,new-data,ioandanielc/sph_v2,d69dac5bda8b622bc0de316b112815c6056c06ec,T0_depth_um,"[""geometry_monitor_available"",""geometry_parse_ok"",""geometry_target_ready"",""time_monitor_available"",""time_parse_ok"",""time_target_ready"",""physical_target_extraction_success""]",False,,,,False,False,False,,,36.12230986802858,84.79547361959973,retrospective oracle: latent variance plus held-out target-summary variance,1.0,P-210p302841339_VX-0p779412575788_LS-5p86430912284e-05_ST-304p177226769_M-TI64_XI-0p0002_XF-0p0014_XL-0p0012_TE-0p0021_DT-6p18943131388e-06_H-c15424829d,False,False,Week 6 Phase 2 heteroskedastic-alpha engine
week7_phase3_new_data_noise_replication,6E5B5B7DD1D0B4311C2309F5F25EE422003057BB9160BD239C2DA1F7FA530128,depth,T0 penetration depth,C_heteroskedastic,49,P-210p331349445_VX-0p877062157481_LS-5p88084341536e-05_ST-346p930868597_M-TI64_XI-0p0002_XF-0p0014_XL-0p0012_TE-0p0021_DT-5p50031780743e-06_H-0e4c2fc094,50,False,58.68051,58.4037749594955,0.27673504050449793,0.27673504050449793,0.0765822826430261,22.489898081492477,505.795515715919,,,22.489901932229557,505.79568892130277,22.489901932229557,oracle retrospective latent variance plus held-out target-summary variance,4.032080472226171,,4.032080643420976,4.032080643420976,14.32357471977025,102.48397519922075,,,14.323567172325568,102.48398274666543,True,,True,"1.01**2 * Matern(length_scale=1.8, nu=1.5)",1.799459651181848,1.0248968559082865,,,,,0.00017320538380761422,0.013160751642957717,1.0007554799714832e-06,1.3312607790768672e-06,0.0051297553174284,observation-specific target-summary variance plus numerical floor,1e-06,False,True,163,164,True,True,True,False,"[""P"",""VX"",""LS"",""ST""]",104.82109895705521,72.95187218623465,"[278.1946883441166,0.6303387700469574,59.64760007471532,349.64643937426996]","[101.34753827094802,0.22286683867210955,15.374477843137356,30.37423782286472]",210.331349445,0.877062157481,58.8084341536,346.930868597,117162646,fmin_l_bfgs_b,1,-65.44015582430696,1.7849771000328474,0,0,,completed_without_convergence_warning,False,False,,False,,False,,False,matern32_heteroskedastic_alpha,58.68051,58.4037749594955,0.27673504050449793,0.27673504050449793,0.0765822826430261,um,Matérn 3/2 + heteroskedastic alpha,Gaussian process,Matérn 3/2,C_heteroskedastic_alpha,True,False,new-data,ioandanielc/sph_v2,d69dac5bda8b622bc0de316b112815c6056c06ec,T0_depth_um,"[""geometry_monitor_available"",""geometry_parse_ok"",""geometry_target_ready"",""time_monitor_available"",""time_parse_ok"",""time_target_ready"",""physical_target_extraction_success""]",False,,,,False,False,False,,,14.323567172325568,102.48398274666543,retrospective oracle: latent variance plus held-out target-summary variance,1.0,P-210p331349445_VX-0p877062157481_LS-5p88084341536e-05_ST-346p930868597_M-TI64_XI-0p0002_XF-0p0014_XL-0p0012_TE-0p0021_DT-5p50031780743e-06_H-0e4c2fc094,False,False,Week 6 Phase 2 heteroskedastic-alpha engine
week7_phase3_new_data_noise_replication,6E5B5B7DD1D0B4311C2309F5F25EE422003057BB9160BD239C2DA1F7FA530128,depth,T0 penetration depth,C_heteroskedastic,50,P-211p964201781_VX-0p31026524833_LS-8p22948660567e-05_ST-308p041416816_M-TI64_XI-0p0002_XF-0p0014_XL-0p0012_TE-0p0021_DT-1p5548375556e-05_H-22f5435fc5,51,False,74.73733,94.26587782093675,-19.52854782093675,19.52854782093675,381.36417999461355,29.8991976104342,893.9620177477942,,,29.899197716191672,893.9620240719213,29.899197716191672,oracle retrospective latent variance plus held-out target-summary variance,4.530070168086514,,4.530070170114707,4.530070170114707,35.66345050448572,152.86830513738778,,,35.663450297201074,152.86830534467242,True,,True,"1.02**2 * Matern(length_scale=1.82, nu=1.5)",1.8175004805988668,1.0362231257140986,,,,,6.324127036472349e-06,0.002514781707519034,1.0007544169485319e-06,1.3307946676982807e-06,0.005122538733508923,observation-specific target-summary variance plus numerical floor,1e-06,False,True,163,164,True,True,True,False,"[""P"",""VX"",""LS"",""ST""]",104.7225908588957,73.00325107940647,"[278.18467084512275,0.6338160516981906,59.503511535432494,349.8850249680185]","[101.35416468005963,0.2222666803998309,15.271264196511847,30.19872754203655]",211.964201781,0.31026524833,82.2948660567,308.041416816,4151477951,fmin_l_bfgs_b,1,-64.91063494872529,2.6182872999925166,0,0,,completed_without_convergence_warning,False,False,,False,,False,,False,matern32_heteroskedastic_alpha,74.73733,94.26587782093675,-19.52854782093675,19.52854782093675,381.36417999461355,um,Matérn 3/2 + heteroskedastic alpha,Gaussian process,Matérn 3/2,C_heteroskedastic_alpha,True,False,new-data,ioandanielc/sph_v2,d69dac5bda8b622bc0de316b112815c6056c06ec,T0_depth_um,"[""geometry_monitor_available"",""geometry_parse_ok"",""geometry_target_ready"",""time_monitor_available"",""time_parse_ok"",""time_target_ready"",""physical_target_extraction_success""]",False,,,,False,False,False,,,35.663450297201074,152.86830534467242,retrospective oracle: latent variance plus held-out target-summary variance,1.0,P-211p964201781_VX-0p31026524833_LS-8p22948660567e-05_ST-308p041416816_M-TI64_XI-0p0002_XF-0p0014_XL-0p0012_TE-0p0021_DT-1p5548375556e-05_H-22f5435fc5,False,False,Week 6 Phase 2 heteroskedastic-alpha engine
week7_phase3_new_data_noise_replication,6E5B5B7DD1D0B4311C2309F5F25EE422003057BB9160BD239C2DA1F7FA530128,depth,T0 penetration depth,C_heteroskedastic,51,P-212p474685749_VX-0p445530901525_LS-8p01654967217e-05_ST-390p176194232_M-TI64_XI-0p0002_XF-0p0014_XL-0p0012_TE-0p0021_DT-1p08278024858e-05_H-4e23685f04,52,False,78.665605,75.4157371399176,3.2498678600824036,3.2498678600824036,10.56164110799658,20.07825135408932,403.13617743798966,,,20.078255068204797,403.1363265838916,20.078255068204797,oracle retrospective latent variance plus held-out target-summary variance,3.931675086972572,,3.9316752671082877,3.9316752671082877,36.06236448590253,114.76910979393267,,,36.06235720623619,114.769117073599,True,,True,"1.01**2 * Matern(length_scale=1.8, nu=1.5)",1.7998084828587222,1.0225390826609868,,,,,0.00014914590203155361,0.012212530533495244,1.0007542258928086e-06,1.3307108941104363e-06,0.005121241706328965,observation-specific target-summary variance plus numerical floor,1e-06,False,True,163,164,True,True,True,False,"[""P"",""VX"",""LS"",""ST""]",104.69849101226994,73.01249685437908,"[278.181539041638,0.6329862010650924,59.51657515098464,349.381130628043]","[101.35620291052994,0.2232185833526771,15.289833132706496,30.207474254249362]",212.474685749,0.445530901525,80.1654967217,390.176194232,3642831750,fmin_l_bfgs_b,1,-65.68574891858512,2.9470360000268556,0,0,,completed_without_convergence_warning,False,False,,False,,False,,False,matern32_heteroskedastic_alpha,78.665605,75.4157371399176,3.2498678600824036,3.2498678600824036,10.56164110799658,um,Matérn 3/2 + heteroskedastic alpha,Gaussian process,Matérn 3/2,C_heteroskedastic_alpha,True,False,new-data,ioandanielc/sph_v2,d69dac5bda8b622bc0de316b112815c6056c06ec,T0_depth_um,"[""geometry_monitor_available"",""geometry_parse_ok"",""geometry_target_ready"",""time_monitor_available"",""time_parse_ok"",""time_target_ready"",""physical_target_extraction_success""]",False,,,,False,False,False,,,36.06235720623619,114.769117073599,retrospective oracle: latent variance plus held-out target-summary variance,1.0,P-212p474685749_VX-0p445530901525_LS-8p01654967217e-05_ST-390p176194232_M-TI64_XI-0p0002_XF-0p0014_XL-0p0012_TE-0p0021_DT-1p08278024858e-05_H-4e23685f04,False,False,Week 6 Phase 2 heteroskedastic-alpha engine
week7_phase3_new_data_noise_replication,6E5B5B7DD1D0B4311C2309F5F25EE422003057BB9160BD239C2DA1F7FA530128,depth,T0 penetration depth,C_heteroskedastic,52,P-212p944274192_VX-0p351323873231_LS-4p80439392259e-05_ST-351p894554175_M-TI64_XI-0p0002_XF-0p0014_XL-0p0012_TE-0p0021_DT-1p37312632889e-05_H-7c2e16b959,53,False,78.70302,113.75601826661656,-35.05299826661657,35.05299826661657,1228.7126874794242,24.492511601427715,599.8831245460713,,,24.492512134625407,599.8831506647729,24.492512134625407,oracle retrospective latent variance plus held-out target-summary variance,5.141432686807817,,5.141432663987523,5.141432663987523,65.75069552781824,161.7613410054149,,,65.75069448275076,161.76134205048237,True,,True,"1.02**2 * Matern(length_scale=1.82, nu=1.5)",1.823399757021254,1.0380461159412588,,,,,2.6118701643288236e-05,0.0051106459125328015,1.0007542242031367e-06,1.3307101532277116e-06,0.005121230235589131,observation-specific target-summary variance plus numerical floor,1e-06,False,True,163,164,True,True,True,False,"[""P"",""VX"",""LS"",""ST""]",104.69826147239263,73.01257863848336,"[278.1786581309448,0.6335641582938899,59.71363992089753,349.61598731550924]","[101.35806380575278,0.22260968531382566,15.347588909072323,30.37445688385109]",212.944274192,0.351323873231,48.0439392259,351.894554175,2321636192,fmin_l_bfgs_b,1,-64.15655503218247,1.850850899994839,0,0,,completed_without_convergence_warning,False,False,,False,,False,,False,matern32_heteroskedastic_alpha,78.70302,113.75601826661656,-35.05299826661657,35.05299826661657,1228.7126874794242,um,Matérn 3/2 + heteroskedastic alpha,Gaussian process,Matérn 3/2,C_heteroskedastic_alpha,True,False,new-data,ioandanielc/sph_v2,d69dac5bda8b622bc0de316b112815c6056c06ec,T0_depth_um,"[""geometry_monitor_available"",""geometry_parse_ok"",""geometry_target_ready"",""time_monitor_available"",""time_parse_ok"",""time_target_ready"",""physical_target_extraction_success""]",False,,,,False,False,False,,,65.75069448275076,161.76134205048237,retrospective oracle: latent variance plus held-out target-summary variance,1.0,P-212p944274192_VX-0p351323873231_LS-4p80439392259e-05_ST-351p894554175_M-TI64_XI-0p0002_XF-0p0014_XL-0p0012_TE-0p0021_DT-1p37312632889e-05_H-7c2e16b959,False,False,Week 6 Phase 2 heteroskedastic-alpha engine
week7_phase3_new_data_noise_replication,6E5B5B7DD1D0B4311C2309F5F25EE422003057BB9160BD239C2DA1F7FA530128,depth,T0 penetration depth,C_heteroskedastic,53,P-213p315910834_VX-0p426447159191_LS-8p60684535809e-05_ST-346p722503996_M-TI64_XI-0p0002_XF-0p0014_XL-0p0012_TE-0p0021_DT-1p13123525366e-05_H-6aeda8a35c,54,False,78.75622,75.027587115712,3.728632884288004,3.728632884288004,13.902703185793879,26.027499724798247,677.4307419243728,,,26.02750006072088,677.4307594108253,26.02750006072088,oracle retrospective latent variance plus held-out target-summary variance,4.188353540527849,,4.188353553169425,4.188353553169425,24.013687655107432,126.04148657631656,,,24.01368699669907,126.04148723472491,True,,True,"1.01**2 * Matern(length_scale=1.8, nu=1.5)",1.8000179128167493,1.0226219780265096,,,,,1.748645258958186e-05,0.004181680593921762,1.0007542218048326e-06,1.330709101625966e-06,0.00512121395413239,observation-specific target-summary variance plus numerical floor,1e-06,False,True,163,164,True,True,True,False,"[""P"",""VX"",""LS"",""ST""]",104.69793509202454,73.01269472251875,"[278.17637815154603,0.6331032792389206,59.48036069172575,349.6477176847056]","[101.3595269919498,0.22311520366995582,15.233789229549556,30.374119125437993]",213.315910834,0.426447159191,86.0684535809,346.722503996,1027350681,fmin_l_bfgs_b,1,-65.32085382314767,2.31995370000368,0,0,,completed_without_convergence_warning,False,False,,False,,False,,False,matern32_heteroskedastic_alpha,78.75622,75.027587115712,3.728632884288004,3.728632884288004,13.902703185793879,um,Matérn 3/2 + heteroskedastic alpha,Gaussian process,Matérn 3/2,C_heteroskedastic_alpha,True,False,new-data,ioandanielc/sph_v2,d69dac5bda8b622bc0de316b112815c6056c06ec,T0_depth_um,"[""geometry_monitor_available"",""geometry_parse_ok"",""geometry_target_ready"",""time_monitor_available"",""time_parse_ok"",""time_target_ready"",""physical_target_extraction_success""]",False,,,,False,False,False,,,24.01368699669907,126.04148723472491,retrospective oracle: latent variance plus held-out target-summary variance,1.0,P-213p315910834_VX-0p426447159191_LS-8p60684535809e-05_ST-346p722503996_M-TI64_XI-0p0002_XF-0p0014_XL-0p0012_TE-0p0021_DT-1p13123525366e-05_H-6aeda8a35c,False,False,Week 6 Phase 2 heteroskedastic-alpha engine
week7_phase3_new_data_noise_replication,6E5B5B7DD1D0B4311C2309F5F25EE422003057BB9160BD239C2DA1F7FA530128,depth,T0 penetration depth,C_heteroskedastic,54,P-217p682945702_VX-0p631899079757_LS-7p17459883069e-05_ST-324p134516573_M-TI64_XI-0p0002_XF-0p0014_XL-0p0012_TE-0p0021_DT-7p63432129838e-06_H-7c2e16b959,55,False,67.46731,65.36339328269761,2.1039167173023827,2.1039167173023827,4.426465553344435,17.034034017678692,290.1583149154349,,,17.036062452870436,290.22742389810185,17.036062452870436,oracle retrospective latent variance plus held-out target-summary variance,3.7617795500786015,,3.7618968080029567,3.7618968080029567,31.97668660804738,98.75009995734786,,,31.972710875071563,98.75407569032367,True,,True,"1.01**2 * Matern(length_scale=1.79, nu=1.5)",1.79374116931881,1.0206536518530425,,,,,0.06910898266687399,0.26288587384428624,1.000754841997371e-06,1.3289045355856563e-06,0.005125424278560306,observation-specific target-summary variance plus numerical floor,1e-06,False,True,163,164,True,True,True,False,"[""P"",""VX"",""LS"",""ST""]",104.76719220858895,72.98269424985453,"[278.14958652658896,0.6318428380084543,59.568228576842316,349.78629429466264]","[101.37608903932967,0.22369801320866417,15.345181907515205,30.308860256596216]",217.682945702,0.631899079757,71.74598830689999,324.134516573,3003365237,fmin_l_bfgs_b,1,-65.90401430495803,1.9765380999888293,0,0,,completed_without_convergence_warning,False,False,,False,,False,,False,matern32_heteroskedastic_alpha,67.46731,65.36339328269761,2.1039167173023827,2.1039167173023827,4.426465553344435,um,Matérn 3/2 + heteroskedastic alpha,Gaussian process,Matérn 3/2,C_heteroskedastic_alpha,True,False,new-data,ioandanielc/sph_v2,d69dac5bda8b622bc0de316b112815c6056c06ec,T0_depth_um,"[""geometry_monitor_available"",""geometry_parse_ok"",""geometry_target_ready"",""time_monitor_available"",""time_parse_ok"",""time_target_ready"",""physical_target_extraction_success""]",False,,,,False,False,False,,,31.972710875071563,98.75407569032367,retrospective oracle: latent variance plus held-out target-summary variance,1.0,P-217p682945702_VX-0p631899079757_LS-7p17459883069e-05_ST-324p134516573_M-TI64_XI-0p0002_XF-0p0014_XL-0p0012_TE-0p0021_DT-7p63432129838e-06_H-7c2e16b959,False,False,Week 6 Phase 2 heteroskedastic-alpha engine
week7_phase3_new_data_noise_replication,6E5B5B7DD1D0B4311C2309F5F25EE422003057BB9160BD239C2DA1F7FA530128,depth,T0 penetration depth,C_heteroskedastic,55,P-222p079289377_VX-0p741891960581_LS-8p7279944479e-05_ST-335p366959171_M-TI64_XI-0p0002_XF-0p0014_XL-0p0012_TE-0p0021_DT-6p50245704137e-06_H-0f2c16c7e5,56,False,58.95031,61.010953146840194,-2.0606431468401922,2.0606431468401922,4.24625017861945,11.269631512518286,127.0045944279452,,,11.269740050711937,127.00704081062068,11.269740050711937,oracle retrospective latent variance plus held-out target-summary variance,3.357767080032916,,3.3577763890219137,3.3577763890219137,38.922475382304356,83.09943091137603,,,38.922262647444796,83.09964364623559,True,,True,"1.01**2 * Matern(length_scale=1.79, nu=1.5)",1.792706662223977,1.0173145736738023,,,,,0.0024463826754705428,0.049460920689677244,1.0007554583529758e-06,1.3291730979532242e-06,0.005129608555053249,observation-specific target-summary variance plus numerical floor,1e-06,False,True,163,164,True,True,True,False,"[""P"",""VX"",""LS"",""ST""]",104.81944374233127,72.95291598918081,"[278.12261509300004,0.6311680350586139,59.4729282322282,349.7173836038774]","[101.39158677984628,0.22353086214177553,15.220513948116945,30.35430100393152]",222.079289377,0.741891960581,87.27994447900001,335.366959171,1968485665,fmin_l_bfgs_b,1,-66.40464621614373,2.365464799979236,0,0,,completed_without_convergence_warning,False,False,,False,,False,,False,matern32_heteroskedastic_alpha,58.95031,61.010953146840194,-2.0606431468401922,2.0606431468401922,4.24625017861945,um,Matérn 3/2 + heteroskedastic alpha,Gaussian process,Matérn 3/2,C_heteroskedastic_alpha,True,False,new-data,ioandanielc/sph_v2,d69dac5bda8b622bc0de316b112815c6056c06ec,T0_depth_um,"[""geometry_monitor_available"",""geometry_parse_ok"",""geometry_target_ready"",""time_monitor_available"",""time_parse_ok"",""time_target_ready"",""physical_target_extraction_success""]",False,,,,False,False,False,,,38.922262647444796,83.09964364623559,retrospective oracle: latent variance plus held-out target-summary variance,1.0,P-222p079289377_VX-0p741891960581_LS-8p7279944479e-05_ST-335p366959171_M-TI64_XI-0p0002_XF-0p0014_XL-0p0012_TE-0p0021_DT-6p50245704137e-06_H-0f2c16c7e5,False,False,Week 6 Phase 2 heteroskedastic-alpha engine
week7_phase3_new_data_noise_replication,6E5B5B7DD1D0B4311C2309F5F25EE422003057BB9160BD239C2DA1F7FA530128,depth,T0 penetration depth,C_heteroskedastic,56,P-225p007853492_VX-0p825221323097_LS-8p70957490335e-05_ST-338p940755161_M-TI64_XI-0p0002_XF-0p0014_XL-0p0012_TE-0p0021_DT-5p84585064393e-06_H-c2c7cd9590,57,False,58.68753,55.36938535799155,3.3181446420084555,3.3181446420084555,11.01008386528942,13.831014870554073,191.2969723494879,,,13.83101825022819,191.29706583814527,13.83101825022819,oracle retrospective latent variance plus held-out target-summary variance,3.5746295230405094,,3.57462975333141,3.57462975333141,28.260596211705565,82.47817450427753,,,28.260589587544295,82.47818112843879,True,,True,"1.01**2 * Matern(length_scale=1.8, nu=1.5)",1.7956286436670936,1.0189422363333291,,,,,9.348865736222887e-05,0.009668953271281689,1.0007554794073534e-06,1.3312605317187273e-06,0.005129751487698303,observation-specific target-summary variance plus numerical floor,1e-06,False,True,163,164,True,True,True,False,"[""P"",""VX"",""LS"",""ST""]",104.82105588957054,72.95189942346082,"[278.10464844198776,0.6306568119756936,59.474058265636174,349.69545847510443]","[101.40125616674845,0.22318148631569906,15.222571436374007,30.36336645689991]",225.007853492,0.825221323097,87.0957490335,338.940755161,1665047478,fmin_l_bfgs_b,1,-66.09902999366588,2.062690799997654,0,0,,completed_without_convergence_warning,False,False,,False,,False,,False,matern32_heteroskedastic_alpha,58.68753,55.36938535799155,3.3181446420084555,3.3181446420084555,11.01008386528942,um,Matérn 3/2 + heteroskedastic alpha,Gaussian process,Matérn 3/2,C_heteroskedastic_alpha,True,False,new-data,ioandanielc/sph_v2,d69dac5bda8b622bc0de316b112815c6056c06ec,T0_depth_um,"[""geometry_monitor_available"",""geometry_parse_ok"",""geometry_target_ready"",""time_monitor_available"",""time_parse_ok"",""time_target_ready"",""physical_target_extraction_success""]",False,,,,False,False,False,,,28.260589587544295,82.47818112843879,retrospective oracle: latent variance plus held-out target-summary variance,1.0,P-225p007853492_VX-0p825221323097_LS-8p70957490335e-05_ST-338p940755161_M-TI64_XI-0p0002_XF-0p0014_XL-0p0012_TE-0p0021_DT-5p84585064393e-06_H-c2c7cd9590,False,False,Week 6 Phase 2 heteroskedastic-alpha engine
week7_phase3_new_data_noise_replication,6E5B5B7DD1D0B4311C2309F5F25EE422003057BB9160BD239C2DA1F7FA530128,depth,T0 penetration depth,C_heteroskedastic,57,P-227p095146149_VX-0p485569900572_LS-4p61845747353e-05_ST-309p475761642_M-TI64_XI-0p0002_XF-0p0014_XL-0p0012_TE-0p0021_DT-9p93496630935e-06_H-c5f6eebf67,58,True,138.5759,103.95226092733303,34.62363907266696,34.62363907266696,1198.7963826343102,23.661371995638408,559.8605247159815,,,23.68934527967415,561.18507977962,23.68934527967415,oracle retrospective latent variance plus held-out target-summary variance,5.153402943098834,,5.152057512557015,5.152057512557015,57.57597181588175,150.3285500387843,,,57.5211441791717,150.38337767549436,True,,True,"1.02**2 * Matern(length_scale=1.82, nu=1.5)",1.8155112229656973,1.0314441214352763,,,,,1.3245550636384378,1.1508931590892517,1.0007546531796747e-06,1.3288222627432434e-06,0.005124142444758971,observation-specific target-summary variance plus numerical floor,1e-06,False,True,163,164,True,True,True,False,"[""P"",""VX"",""LS"",""ST""]",104.33094319018404,72.9918239816917,"[278.09184296556447,0.6327405630341292,59.72504706501164,349.8762253065093]","[101.40782868669055,0.22340262490935828,15.33821727727982,30.210707789644406]",227.095146149,0.485569900572,46.1845747353,309.475761642,2558764346,fmin_l_bfgs_b,1,-64.50085965499734,2.3423217000090517,0,0,,completed_without_convergence_warning,False,False,,False,,False,,False,matern32_heteroskedastic_alpha,138.5759,103.95226092733303,34.62363907266696,34.62363907266696,1198.7963826343102,um,Matérn 3/2 + heteroskedastic alpha,Gaussian process,Matérn 3/2,C_heteroskedastic_alpha,True,False,new-data,ioandanielc/sph_v2,d69dac5bda8b622bc0de316b112815c6056c06ec,T0_depth_um,"[""geometry_monitor_available"",""geometry_parse_ok"",""geometry_target_ready"",""time_monitor_available"",""time_parse_ok"",""time_target_ready"",""physical_target_extraction_success""]",False,,,,False,False,False,,,57.5211441791717,150.38337767549436,retrospective oracle: latent variance plus held-out target-summary variance,1.0,P-227p095146149_VX-0p485569900572_LS-4p61845747353e-05_ST-309p475761642_M-TI64_XI-0p0002_XF-0p0014_XL-0p0012_TE-0p0021_DT-9p93496630935e-06_H-c5f6eebf67,False,False,Week 6 Phase 2 heteroskedastic-alpha engine
week7_phase3_new_data_noise_replication,6E5B5B7DD1D0B4311C2309F5F25EE422003057BB9160BD239C2DA1F7FA530128,depth,T0 penetration depth,C_heteroskedastic,58,P-230p324353521_VX-0p227660683076_LS-8p68191306555e-05_ST-386p564919231_M-TI64_XI-0p0002_XF-0p0014_XL-0p0012_TE-0p0021_DT-2p11899592755e-05_H-0602c4a780,59,False,74.64661000000001,77.94415548328138,-3.297545483281368,3.297545483281368,10.873806214309353,38.796244587933536,1505.1485941267622,,,38.79624468083038,1505.1486013348592,38.79624468083038,oracle retrospective latent variance plus held-out target-summary variance,4.580874189736848,,4.580874192114029,4.580874192114029,1.903516090931646,153.9847948756311,,,1.9035159088538478,153.9847950577089,True,,True,"1.02**2 * Matern(length_scale=1.82, nu=1.5)",1.8214326685667421,1.038643214265033,,,,,7.208097354710651e-06,0.002684790001976067,1.0007544216805187e-06,1.3307967425668417e-06,0.005122570857725969,observation-specific target-summary variance plus numerical floor,1e-06,False,True,163,164,True,True,True,False,"[""P"",""VX"",""LS"",""ST""]",104.72314742331288,73.00302212856059,"[278.07203187739265,0.6343228281721414,59.47575531089998,349.40328568939884]","[101.41747360525306,0.2214326590020193,15.225634940475578,30.23604862129797]",230.324353521,0.227660683076,86.8191306555,386.564919231,1986941662,fmin_l_bfgs_b,1,-64.66890028952376,2.7523176000104286,0,0,,completed_without_convergence_warning,False,False,,False,,False,,False,matern32_heteroskedastic_alpha,74.64661000000001,77.94415548328138,-3.297545483281368,3.297545483281368,10.873806214309353,um,Matérn 3/2 + heteroskedastic alpha,Gaussian process,Matérn 3/2,C_heteroskedastic_alpha,True,False,new-data,ioandanielc/sph_v2,d69dac5bda8b622bc0de316b112815c6056c06ec,T0_depth_um,"[""geometry_monitor_available"",""geometry_parse_ok"",""geometry_target_ready"",""time_monitor_available"",""time_parse_ok"",""time_target_ready"",""physical_target_extraction_success""]",False,,,,False,False,False,,,1.9035159088538478,153.9847950577089,retrospective oracle: latent variance plus held-out target-summary variance,1.0,P-230p324353521_VX-0p227660683076_LS-8p68191306555e-05_ST-386p564919231_M-TI64_XI-0p0002_XF-0p0014_XL-0p0012_TE-0p0021_DT-2p11899592755e-05_H-0602c4a780,False,False,Week 6 Phase 2 heteroskedastic-alpha engine
week7_phase3_new_data_noise_replication,6E5B5B7DD1D0B4311C2309F5F25EE422003057BB9160BD239C2DA1F7FA530128,depth,T0 penetration depth,C_heteroskedastic,59,P-231p081894821_VX-0p850370876493_LS-5p5190986405e-05_ST-302p777484886_M-TI64_XI-0p0002_XF-0p0014_XL-0p0012_TE-0p0021_DT-5p67296074733e-06_H-179e4a5e71,60,False,62.65886999999999,60.862392699883486,1.796477300116507,1.796477300116507,3.2273306898338947,16.515319016164998,272.7557622057012,,,16.51532759370301,272.756045527328,16.51532759370301,oracle retrospective latent variance plus held-out target-summary variance,3.7291430635346186,,3.729143576757752,3.729143576757752,28.49236742820009,93.23241797156689,,,28.492350616225586,93.23243478354138,True,,True,"1.01**2 * Matern(length_scale=1.8, nu=1.5)",1.8000569578307926,1.0244604956260661,,,,,0.00028332162680722175,0.01683216049136954,1.00075517423641e-06,1.3311267212031595e-06,0.005127679762228242,observation-specific target-summary variance plus numerical floor,1e-06,False,True,163,164,True,True,True,False,"[""P"",""VX"",""LS"",""ST""]",104.7966918404908,72.96663810906443,"[278.06738438475463,0.6305025202370678,59.66979300568833,349.9173190289387]","[101.41964417297412,0.2230381856688071,15.370639139347098,30.151111230795298]",231.081894821,0.850370876493,55.190986405,302.777484886,449109777,fmin_l_bfgs_b,1,-65.91804526794795,3.8020726999966428,0,0,,completed_without_convergence_warning,False,False,,False,,False,,False,matern32_heteroskedastic_alpha,62.65886999999999,60.862392699883486,1.796477300116507,1.796477300116507,3.2273306898338947,um,Matérn 3/2 + heteroskedastic alpha,Gaussian process,Matérn 3/2,C_heteroskedastic_alpha,True,False,new-data,ioandanielc/sph_v2,d69dac5bda8b622bc0de316b112815c6056c06ec,T0_depth_um,"[""geometry_monitor_available"",""geometry_parse_ok"",""geometry_target_ready"",""time_monitor_available"",""time_parse_ok"",""time_target_ready"",""physical_target_extraction_success""]",False,,,,False,False,False,,,28.492350616225586,93.23243478354138,retrospective oracle: latent variance plus held-out target-summary variance,1.0,P-231p081894821_VX-0p850370876493_LS-5p5190986405e-05_ST-302p777484886_M-TI64_XI-0p0002_XF-0p0014_XL-0p0012_TE-0p0021_DT-5p67296074733e-06_H-179e4a5e71,False,False,Week 6 Phase 2 heteroskedastic-alpha engine
week7_phase3_new_data_noise_replication,6E5B5B7DD1D0B4311C2309F5F25EE422003057BB9160BD239C2DA1F7FA530128,depth,T0 penetration depth,C_heteroskedastic,60,P-233p106311211_VX-0p310101846937_LS-6p6327379673e-05_ST-336p786172861_M-TI64_XI-0p0002_XF-0p0014_XL-0p0012_TE-0p0021_DT-1p55565684328e-05_H-add9572a86,61,False,82.64645,51.3783581182572,31.268091881742805,31.268091881742805,977.6935699251103,21.052069125485684,443.18961446422753,,,21.052070404584335,443.1896683195756,21.052070404584335,oracle retrospective latent variance plus held-out target-summary variance,5.068956879762038,,5.068956806484556,5.068956806484556,10.116302632305256,92.64041360420913,,,10.116300125271898,92.6404161112425,True,,True,"1.04**2 * Matern(length_scale=1.86, nu=1.5)",1.8550941071928047,1.0752823102494533,,,,,5.3855348044488106e-05,0.0073386203093284575,1.0007540598624853e-06,1.330638093591077e-06,0.005120114570023194,observation-specific target-summary variance plus numerical floor,1e-06,False,True,163,164,True,True,True,False,"[""P"",""VX"",""LS"",""ST""]",104.67406865030674,73.02053442663728,"[278.05496465230067,0.6338170541607243,59.6014715745963,349.70867677142337]","[101.42527309123793,0.22226522075222566,15.365644222156646,30.358212237463736]",233.106311211,0.310101846937,66.32737967300001,336.786172861,2692012871,fmin_l_bfgs_b,1,-64.13128469777226,2.3716576999868266,0,0,,completed_without_convergence_warning,False,False,,False,,False,,False,matern32_heteroskedastic_alpha,82.64645,51.3783581182572,31.268091881742805,31.268091881742805,977.6935699251103,um,Matérn 3/2 + heteroskedastic alpha,Gaussian process,Matérn 3/2,C_heteroskedastic_alpha,True,False,new-data,ioandanielc/sph_v2,d69dac5bda8b622bc0de316b112815c6056c06ec,T0_depth_um,"[""geometry_monitor_available"",""geometry_parse_ok"",""geometry_target_ready"",""time_monitor_available"",""time_parse_ok"",""time_target_ready"",""physical_target_extraction_success""]",False,,,,False,False,False,,,10.116300125271898,92.6404161112425,retrospective oracle: latent variance plus held-out target-summary variance,1.0,P-233p106311211_VX-0p310101846937_LS-6p6327379673e-05_ST-336p786172861_M-TI64_XI-0p0002_XF-0p0014_XL-0p0012_TE-0p0021_DT-1p55565684328e-05_H-add9572a86,False,False,Week 6 Phase 2 heteroskedastic-alpha engine
week7_phase3_new_data_noise_replication,6E5B5B7DD1D0B4311C2309F5F25EE422003057BB9160BD239C2DA1F7FA530128,depth,T0 penetration depth,C_heteroskedastic,61,P-233p11801175_VX-0p947725383123_LS-6p63357513021e-05_ST-310p062780041_M-TI64_XI-0p0002_XF-0p0014_XL-0p0012_TE-0p0021_DT-5p09020934642e-06_H-1d842653b1,62,False,58.74257,62.04947854585541,-3.306908545855407,3.306908545855407,10.935644130651523,26.665901398232275,711.0702973802461,,,26.66590476124984,711.070476736047,26.66590476124984,oracle retrospective latent variance plus held-out target-summary variance,4.210013747349071,,4.210013871526273,4.210013871526273,9.78431180532015,114.31464528639066,,,9.784305213805723,114.31465187790509,True,,True,"1.01**2 * Matern(length_scale=1.81, nu=1.5)",1.8069981141660068,1.0297588169211636,,,,,0.00017935580076151338,0.01339237845797054,1.0007554749873396e-06,1.331258593643308e-06,0.005129721481385335,observation-specific target-summary variance plus numerical floor,1e-06,False,True,163,164,True,True,True,False,"[""P"",""VX"",""LS"",""ST""]",104.8207182208589,72.95211283086965,"[278.0548928698528,0.6299052533252273,59.601420214908565,349.8726239666381]","[101.42530489890524,0.22231709049201728,15.365621726705838,30.215488242457443]",233.11801175,0.947725383123,66.3357513021,310.062780041,1926125515,fmin_l_bfgs_b,1,-65.25618796071117,2.2391562999691814,0,0,,completed_without_convergence_warning,False,False,,False,,False,,False,matern32_heteroskedastic_alpha,58.74257,62.04947854585541,-3.306908545855407,3.306908545855407,10.935644130651523,um,Matérn 3/2 + heteroskedastic alpha,Gaussian process,Matérn 3/2,C_heteroskedastic_alpha,True,False,new-data,ioandanielc/sph_v2,d69dac5bda8b622bc0de316b112815c6056c06ec,T0_depth_um,"[""geometry_monitor_available"",""geometry_parse_ok"",""geometry_target_ready"",""time_monitor_available"",""time_parse_ok"",""time_target_ready"",""physical_target_extraction_success""]",False,,,,False,False,False,,,9.784305213805723,114.31465187790509,retrospective oracle: latent variance plus held-out target-summary variance,1.0,P-233p11801175_VX-0p947725383123_LS-6p63357513021e-05_ST-310p062780041_M-TI64_XI-0p0002_XF-0p0014_XL-0p0012_TE-0p0021_DT-5p09020934642e-06_H-1d842653b1,False,False,Week 6 Phase 2 heteroskedastic-alpha engine
week7_phase3_new_data_noise_replication,6E5B5B7DD1D0B4311C2309F5F25EE422003057BB9160BD239C2DA1F7FA530128,depth,T0 penetration depth,C_heteroskedastic,62,P-233p918914285_VX-0p55009860706_LS-6p76633993968e-05_ST-363p156889773_M-TI64_XI-0p0002_XF-0p0014_XL-0p0012_TE-0p0021_DT-8p76955611431e-06_H-9f078c62f6,63,False,73.72658,70.21323546481145,3.5133445351885513,3.5133445351885513,12.343589822939258,18.16019205339377,329.7925754161463,,,18.17527428830371,330.340595455074,18.17527428830371,oracle retrospective latent variance plus held-out target-summary variance,3.836884653739507,,3.8376837738558742,3.8376837738558742,34.619259040159655,105.80721188946325,,,34.58969785973618,105.83677306988672,True,,True,"1.01**2 * Matern(length_scale=1.8, nu=1.5)",1.7950782759504902,1.022032115370836,,,,,0.5480200389276458,0.7402837556826746,1.0007544704856063e-06,1.3287426581267562e-06,0.00512290218266077,observation-specific target-summary variance plus numerical floor,1e-06,False,True,163,164,True,True,True,False,"[""P"",""VX"",""LS"",""ST""]",104.7287917791411,73.00066088542668,"[278.0499793573681,0.6323446813992334,59.59327513457299,349.54689323208595]","[101.42746230829937,0.22360580200260644,15.361697418256522,30.356380305692973]",233.918914285,0.55009860706,67.66339939679999,363.156889773,3324001015,fmin_l_bfgs_b,1,-65.70778212804001,3.1648725000559352,0,0,,completed_without_convergence_warning,False,False,,False,,False,,False,matern32_heteroskedastic_alpha,73.72658,70.21323546481145,3.5133445351885513,3.5133445351885513,12.343589822939258,um,Matérn 3/2 + heteroskedastic alpha,Gaussian process,Matérn 3/2,C_heteroskedastic_alpha,True,False,new-data,ioandanielc/sph_v2,d69dac5bda8b622bc0de316b112815c6056c06ec,T0_depth_um,"[""geometry_monitor_available"",""geometry_parse_ok"",""geometry_target_ready"",""time_monitor_available"",""time_parse_ok"",""time_target_ready"",""physical_target_extraction_success""]",False,,,,False,False,False,,,34.58969785973618,105.83677306988672,retrospective oracle: latent variance plus held-out target-summary variance,1.0,P-233p918914285_VX-0p55009860706_LS-6p76633993968e-05_ST-363p156889773_M-TI64_XI-0p0002_XF-0p0014_XL-0p0012_TE-0p0021_DT-8p76955611431e-06_H-9f078c62f6,False,False,Week 6 Phase 2 heteroskedastic-alpha engine
week7_phase3_new_data_noise_replication,6E5B5B7DD1D0B4311C2309F5F25EE422003057BB9160BD239C2DA1F7FA530128,depth,T0 penetration depth,C_heteroskedastic,63,P-236p369825033_VX-0p606859942193_LS-6p45901770765e-05_ST-328p218563755_M-TI64_XI-0p0002_XF-0p0014_XL-0p0012_TE-0p0021_DT-7p94931460723e-06_H-0e4c2fc094,64,False,71.80616500000001,72.32788495857494,-0.5217199585749341,0.5217199585749341,0.272191715175431,13.889851317378469,192.92796961888038,,,13.899250346044289,193.18916018201227,13.899250346044289,oracle retrospective latent variance plus held-out target-summary variance,3.5508024087791887,,3.5514779093778457,3.5514779093778457,45.10377637651314,99.55199354063674,,,45.08535428032813,99.57041563682175,True,,True,"1.01**2 * Matern(length_scale=1.79, nu=1.5)",1.792303109273483,1.019387548489088,,,,,0.26119056313189687,0.5110680611541841,1.000754577146993e-06,1.3287891333015723e-06,0.00512362627882975,observation-specific target-summary variance plus numerical floor,1e-06,False,True,163,164,True,True,True,False,"[""P"",""VX"",""LS"",""ST""]",104.74057346625764,72.99550128914825,"[278.03494309511046,0.6319964523493378,59.612129259237406,349.7612387904786]","[101.43382159916784,0.2236894016814455,15.369702646215982,30.328361163478604]",236.369825033,0.606859942193,64.5901770765,328.218563755,2724885887,fmin_l_bfgs_b,1,-66.03965323764125,1.789164100016933,0,0,,completed_without_convergence_warning,False,False,,False,,False,,False,matern32_heteroskedastic_alpha,71.80616500000001,72.32788495857494,-0.5217199585749341,0.5217199585749341,0.272191715175431,um,Matérn 3/2 + heteroskedastic alpha,Gaussian process,Matérn 3/2,C_heteroskedastic_alpha,True,False,new-data,ioandanielc/sph_v2,d69dac5bda8b622bc0de316b112815c6056c06ec,T0_depth_um,"[""geometry_monitor_available"",""geometry_parse_ok"",""geometry_target_ready"",""time_monitor_available"",""time_parse_ok"",""time_target_ready"",""physical_target_extraction_success""]",False,,,,False,False,False,,,45.08535428032813,99.57041563682175,retrospective oracle: latent variance plus held-out target-summary variance,1.0,P-236p369825033_VX-0p606859942193_LS-6p45901770765e-05_ST-328p218563755_M-TI64_XI-0p0002_XF-0p0014_XL-0p0012_TE-0p0021_DT-7p94931460723e-06_H-0e4c2fc094,False,False,Week 6 Phase 2 heteroskedastic-alpha engine
week7_phase3_new_data_noise_replication,6E5B5B7DD1D0B4311C2309F5F25EE422003057BB9160BD239C2DA1F7FA530128,depth,T0 penetration depth,C_heteroskedastic,64,P-238p364831187_VX-0p683428278389_LS-5p30391716287e-05_ST-377p396343519_M-TI64_XI-0p0002_XF-0p0014_XL-0p0012_TE-0p0021_DT-7p05870792234e-06_H-1d842653b1,65,False,70.6435,90.55679763001186,-19.913297630011854,19.913297630011854,396.53942250143575,17.290691874312337,298.9680254924107,,,17.29069757664846,298.96822268711685,17.29069757664846,oracle retrospective latent variance plus held-out target-summary variance,4.43228716941928,,4.432287061788233,4.432287061788233,56.66704155635968,124.44655370366404,,,56.66703037978088,124.44656488024283,True,,True,"1.01**2 * Matern(length_scale=1.81, nu=1.5)",1.8074866031191688,1.0294406545137942,,,,,0.00019719470623805492,0.014042603257161933,1.000754644870971e-06,1.330894606502163e-06,0.005124086039149084,observation-specific target-summary variance plus numerical floor,1e-06,False,True,163,164,True,True,True,False,"[""P"",""VX"",""LS"",""ST""]",104.7477063803681,72.99222580365843,"[278.0227037935522,0.6315267079554973,59.682994323334334,349.45953462014734]","[101.43872781545629,0.2236612968029718,15.365861973532184,30.296540297700016]",238.364831187,0.683428278389,53.0391716287,377.396343519,3917980203,fmin_l_bfgs_b,1,-65.18497868941701,1.7840958000160754,0,0,,completed_without_convergence_warning,False,False,,False,,False,,False,matern32_heteroskedastic_alpha,70.6435,90.55679763001186,-19.913297630011854,19.913297630011854,396.53942250143575,um,Matérn 3/2 + heteroskedastic alpha,Gaussian process,Matérn 3/2,C_heteroskedastic_alpha,True,False,new-data,ioandanielc/sph_v2,d69dac5bda8b622bc0de316b112815c6056c06ec,T0_depth_um,"[""geometry_monitor_available"",""geometry_parse_ok"",""geometry_target_ready"",""time_monitor_available"",""time_parse_ok"",""time_target_ready"",""physical_target_extraction_success""]",False,,,,False,False,False,,,56.66703037978088,124.44656488024283,retrospective oracle: latent variance plus held-out target-summary variance,1.0,P-238p364831187_VX-0p683428278389_LS-5p30391716287e-05_ST-377p396343519_M-TI64_XI-0p0002_XF-0p0014_XL-0p0012_TE-0p0021_DT-7p05870792234e-06_H-1d842653b1,False,False,Week 6 Phase 2 heteroskedastic-alpha engine
week7_phase3_new_data_noise_replication,6E5B5B7DD1D0B4311C2309F5F25EE422003057BB9160BD239C2DA1F7FA530128,depth,T0 penetration depth,C_heteroskedastic,65,P-240p986949999_VX-0p621810109213_LS-6p5255993688e-05_ST-389p31118835_M-TI64_XI-0p0002_XF-0p0014_XL-0p0012_TE-0p0021_DT-7p75818940789e-06_H-377b770359,66,False,73.696965,77.60477057841382,-3.9078055784138144,3.9078055784138144,15.270944438682127,15.500369848123702,240.2614654286224,,,15.51848922937743,240.8235079623033,15.51848922937743,oracle retrospective latent variance plus held-out target-summary variance,3.691582263383014,,3.692676376180087,3.692676376180087,47.224045676091364,107.98549548073628,,,47.18853168883406,108.02100946799358,True,,True,"1.01**2 * Matern(length_scale=1.8, nu=1.5)",1.7954154663480413,1.0217921574306819,,,,,0.5620425336808875,0.7496949604211619,1.0007544720812836e-06,1.3287433534053482e-06,0.005122913015294899,observation-specific target-summary variance plus numerical floor,1e-06,False,True,163,164,True,True,True,False,"[""P"",""VX"",""LS"",""ST""]",104.72897346625767,73.00058368869703,"[278.00661717507364,0.6319047335332642,59.60804449474968,349.38643741259517]","[101.44480757114471,0.2236966244326145,15.368290560041585,30.214563764615203]",240.986949999,0.621810109213,65.255993688,389.31118835,1966268306,fmin_l_bfgs_b,1,-65.97726273823432,1.7098931999644265,0,0,,completed_without_convergence_warning,False,False,,False,,False,,False,matern32_heteroskedastic_alpha,73.696965,77.60477057841382,-3.9078055784138144,3.9078055784138144,15.270944438682127,um,Matérn 3/2 + heteroskedastic alpha,Gaussian process,Matérn 3/2,C_heteroskedastic_alpha,True,False,new-data,ioandanielc/sph_v2,d69dac5bda8b622bc0de316b112815c6056c06ec,T0_depth_um,"[""geometry_monitor_available"",""geometry_parse_ok"",""geometry_target_ready"",""time_monitor_available"",""time_parse_ok"",""time_target_ready"",""physical_target_extraction_success""]",False,,,,False,False,False,,,47.18853168883406,108.02100946799358,retrospective oracle: latent variance plus held-out target-summary variance,1.0,P-240p986949999_VX-0p621810109213_LS-6p5255993688e-05_ST-389p31118835_M-TI64_XI-0p0002_XF-0p0014_XL-0p0012_TE-0p0021_DT-7p75818940789e-06_H-377b770359,False,False,Week 6 Phase 2 heteroskedastic-alpha engine
week7_phase3_new_data_noise_replication,6E5B5B7DD1D0B4311C2309F5F25EE422003057BB9160BD239C2DA1F7FA530128,depth,T0 penetration depth,C_heteroskedastic,66,P-241p526098173_VX-0p390351171714_LS-7p60309896784e-05_ST-322p459160533_M-TI64_XI-0p0002_XF-0p0014_XL-0p0012_TE-0p0021_DT-1p23584119956e-05_H-0e4c2fc094,67,False,90.41496,80.10873811562362,10.30622188437637,10.30622188437637,106.21820952999842,19.06214805422825,363.36548844131784,,,19.062149290705225,363.3655355811337,19.062149290705225,oracle retrospective latent variance plus held-out target-summary variance,4.012802037542689,,4.012802083446892,4.012802083446892,42.74692792933626,117.47054830191098,,,42.74692550584138,117.47055072540587,True,,True,"1.01**2 * Matern(length_scale=1.8, nu=1.5)",1.7959919326852174,1.0154433830048333,,,,,4.713981587013922e-05,0.0068658441484015075,1.0007538156868659e-06,1.3305310281374037e-06,0.005118456925805941,observation-specific target-summary variance plus numerical floor,1e-06,False,True,163,164,True,True,True,False,"[""P"",""VX"",""LS"",""ST""]",104.62640907975458,73.03235985751074,"[278.00330951756445,0.6333247270148531,59.54194022486992,349.7965725525768]","[101.44600576488321,0.22289195727321934,15.320607187869173,30.299874149822084]",241.526098173,0.390351171714,76.0309896784,322.459160533,1261390561,fmin_l_bfgs_b,1,-65.37291019815419,3.1684175000409596,0,0,,completed_without_convergence_warning,False,False,,False,,False,,False,matern32_heteroskedastic_alpha,90.41496,80.10873811562362,10.30622188437637,10.30622188437637,106.21820952999842,um,Matérn 3/2 + heteroskedastic alpha,Gaussian process,Matérn 3/2,C_heteroskedastic_alpha,True,False,new-data,ioandanielc/sph_v2,d69dac5bda8b622bc0de316b112815c6056c06ec,T0_depth_um,"[""geometry_monitor_available"",""geometry_parse_ok"",""geometry_target_ready"",""time_monitor_available"",""time_parse_ok"",""time_target_ready"",""physical_target_extraction_success""]",False,,,,False,False,False,,,42.74692550584138,117.47055072540587,retrospective oracle: latent variance plus held-out target-summary variance,1.0,P-241p526098173_VX-0p390351171714_LS-7p60309896784e-05_ST-322p459160533_M-TI64_XI-0p0002_XF-0p0014_XL-0p0012_TE-0p0021_DT-1p23584119956e-05_H-0e4c2fc094,False,False,Week 6 Phase 2 heteroskedastic-alpha engine
week7_phase3_new_data_noise_replication,6E5B5B7DD1D0B4311C2309F5F25EE422003057BB9160BD239C2DA1F7FA530128,depth,T0 penetration depth,C_heteroskedastic,67,P-242p307622127_VX-0p748861384084_LS-6p09484851001e-05_ST-306p16946129_M-TI64_XI-0p0002_XF-0p0014_XL-0p0012_TE-0p0021_DT-6p44194066558e-06_H-1d842653b1,68,False,66.783195,66.87957142460469,-0.09637642460468498,0.09637642460468498,0.009288415219582529,13.793833286191227,190.26983672723705,,,13.793842357881108,190.27008699407503,13.793842357881108,oracle retrospective latent variance plus held-out target-summary variance,3.5431845707082994,,3.543185228338695,3.543185228338695,39.84365818366989,93.9154846655395,,,39.84364040315772,93.91550244605166,True,,True,"1.01**2 * Matern(length_scale=1.79, nu=1.5)",1.7949587971202063,1.0209867638051227,,,,,0.00025026683798638316,0.015819824208453872,1.0007548867800166e-06,1.3310006781148036e-06,0.00512572829619163,observation-specific target-summary variance plus numerical floor,1e-06,False,True,163,164,True,True,True,False,"[""P"",""VX"",""LS"",""ST""]",104.77138923312883,72.98052941753275,"[277.99851489207975,0.6311252778592089,59.63447092780427,349.8965093577485]","[101.44771118502312,0.22350901104589047,15.37427509174567,30.18245216003286]",242.307622127,0.748861384084,60.9484851001,306.16946129,2406086425,fmin_l_bfgs_b,1,-66.14925281398403,1.742233200056944,0,0,,completed_without_convergence_warning,False,False,,False,,False,,False,matern32_heteroskedastic_alpha,66.783195,66.87957142460469,-0.09637642460468498,0.09637642460468498,0.009288415219582529,um,Matérn 3/2 + heteroskedastic alpha,Gaussian process,Matérn 3/2,C_heteroskedastic_alpha,True,False,new-data,ioandanielc/sph_v2,d69dac5bda8b622bc0de316b112815c6056c06ec,T0_depth_um,"[""geometry_monitor_available"",""geometry_parse_ok"",""geometry_target_ready"",""time_monitor_available"",""time_parse_ok"",""time_target_ready"",""physical_target_extraction_success""]",False,,,,False,False,False,,,39.84364040315772,93.91550244605166,retrospective oracle: latent variance plus held-out target-summary variance,1.0,P-242p307622127_VX-0p748861384084_LS-6p09484851001e-05_ST-306p16946129_M-TI64_XI-0p0002_XF-0p0014_XL-0p0012_TE-0p0021_DT-6p44194066558e-06_H-1d842653b1,False,False,Week 6 Phase 2 heteroskedastic-alpha engine
week7_phase3_new_data_noise_replication,6E5B5B7DD1D0B4311C2309F5F25EE422003057BB9160BD239C2DA1F7FA530128,depth,T0 penetration depth,C_heteroskedastic,68,P-243p042265843_VX-0p642372627708_LS-5p19118052277e-05_ST-314p809567363_M-TI64_XI-0p0002_XF-0p0014_XL-0p0012_TE-0p0021_DT-7p50984770355e-06_H-ac0fcec187,69,False,74.52087,95.55640733286735,-21.03553733286735,21.03553733286735,442.493830882456,17.506752306782634,306.4863763310391,,,17.506902706635387,306.4916423795974,17.506902706635387,oracle retrospective latent variance plus held-out target-summary variance,4.503406915405255,,4.5034031031729445,4.5034031031729445,61.24317281157339,129.86964185416133,,,61.24287802786199,129.8699366378727,True,,True,"1.02**2 * Matern(length_scale=1.81, nu=1.5)",1.8092827841457846,1.0304587855785639,,,,,0.005266048558338589,0.07256754480026584,1.0007544282630417e-06,1.3287242606435358e-06,0.005122615544747703,observation-specific target-summary variance plus numerical floor,1e-06,False,True,163,164,True,True,True,False,"[""P"",""VX"",""LS"",""ST""]",104.72391883435581,73.00270364558153,"[277.99400787541725,0.6317785831130495,59.689910681622685,349.8435025720246]","[101.44928039277552,0.22369648361221206,15.362615889468769,30.251533596772074]",243.042265843,0.642372627708,51.9118052277,314.809567363,1910857539,fmin_l_bfgs_b,1,-65.13511429920034,2.903734399995301,0,0,,completed_without_convergence_warning,False,False,,False,,False,,False,matern32_heteroskedastic_alpha,74.52087,95.55640733286735,-21.03553733286735,21.03553733286735,442.493830882456,um,Matérn 3/2 + heteroskedastic alpha,Gaussian process,Matérn 3/2,C_heteroskedastic_alpha,True,False,new-data,ioandanielc/sph_v2,d69dac5bda8b622bc0de316b112815c6056c06ec,T0_depth_um,"[""geometry_monitor_available"",""geometry_parse_ok"",""geometry_target_ready"",""time_monitor_available"",""time_parse_ok"",""time_target_ready"",""physical_target_extraction_success""]",False,,,,False,False,False,,,61.24287802786199,129.8699366378727,retrospective oracle: latent variance plus held-out target-summary variance,1.0,P-243p042265843_VX-0p642372627708_LS-5p19118052277e-05_ST-314p809567363_M-TI64_XI-0p0002_XF-0p0014_XL-0p0012_TE-0p0021_DT-7p50984770355e-06_H-ac0fcec187,False,False,Week 6 Phase 2 heteroskedastic-alpha engine
week7_phase3_new_data_noise_replication,6E5B5B7DD1D0B4311C2309F5F25EE422003057BB9160BD239C2DA1F7FA530128,depth,T0 penetration depth,C_heteroskedastic,69,P-250p363893775_VX-0p962117015407_LS-8p16921850603e-05_ST-395p976068127_M-TI64_XI-0p0002_XF-0p0014_XL-0p0012_TE-0p0021_DT-5p01406848207e-06_H-0f2c16c7e5,70,False,58.73985,63.14722047282766,-4.407370472827665,4.407370472827665,19.424914484753156,36.738472485494256,1349.7153605674184,,,36.738472775777346,1349.7153818965332,36.738472775777346,oracle retrospective latent variance plus held-out target-summary variance,4.529958965784447,,4.529958973572071,4.529958973572071,-8.860185598741076,135.1546265443964,,,-8.860186167695936,135.15462711335127,True,,True,"1.02**2 * Matern(length_scale=1.82, nu=1.5)",1.816913215557453,1.0393207936173796,,,,,2.1329115069738286e-05,0.004618345490512624,1.0007554752056447e-06,1.3312586893650822e-06,0.005129722963400679,observation-specific target-summary variance plus numerical floor,1e-06,False,True,163,164,True,True,True,False,"[""P"",""VX"",""LS"",""ST""]",104.82073490797546,72.95210229060854,"[277.9490899126442,0.629816961102626,59.50720896485825,349.34554857960745]","[101.46312396172634,0.2221879568492034,15.276707988567102,30.155940036532385]",250.363893775,0.962117015407,81.6921850603,395.976068127,3459811920,fmin_l_bfgs_b,1,-65.02235266219012,1.9457270000129938,0,0,,completed_without_convergence_warning,False,False,,False,,False,,False,matern32_heteroskedastic_alpha,58.73985,63.14722047282766,-4.407370472827665,4.407370472827665,19.424914484753156,um,Matérn 3/2 + heteroskedastic alpha,Gaussian process,Matérn 3/2,C_heteroskedastic_alpha,True,False,new-data,ioandanielc/sph_v2,d69dac5bda8b622bc0de316b112815c6056c06ec,T0_depth_um,"[""geometry_monitor_available"",""geometry_parse_ok"",""geometry_target_ready"",""time_monitor_available"",""time_parse_ok"",""time_target_ready"",""physical_target_extraction_success""]",False,,,,False,False,False,,,-8.860186167695936,135.15462711335127,retrospective oracle: latent variance plus held-out target-summary variance,1.0,P-250p363893775_VX-0p962117015407_LS-8p16921850603e-05_ST-395p976068127_M-TI64_XI-0p0002_XF-0p0014_XL-0p0012_TE-0p0021_DT-5p01406848207e-06_H-0f2c16c7e5,False,False,Week 6 Phase 2 heteroskedastic-alpha engine
week7_phase3_new_data_noise_replication,6E5B5B7DD1D0B4311C2309F5F25EE422003057BB9160BD239C2DA1F7FA530128,depth,T0 penetration depth,C_heteroskedastic,70,P-250p760727959_VX-0p576945875618_LS-7p55521762294e-05_ST-375p926323236_M-TI64_XI-0p0002_XF-0p0014_XL-0p0012_TE-0p0021_DT-8p36147861851e-06_H-a88ac79600,71,False,74.81853,78.09926861629752,-3.2807386162975263,3.2807386162975263,10.763245868465807,15.921006152779713,253.47843691684946,,,15.921033198272733,253.4792981005025,15.921033198272733,oracle retrospective latent variance plus held-out target-summary variance,3.707808999914749,,3.7078106265118533,3.7078106265118533,46.894096556849284,109.30444067574575,,,46.89404354768297,109.30449368491207,True,,True,"1.01**2 * Matern(length_scale=1.79, nu=1.5)",1.7947728061484967,1.0208529019043675,,,,,0.0008611836529955807,0.02934593077405419,1.0007544127253597e-06,1.3307928159332706e-06,0.005122510063499547,observation-specific target-summary variance plus numerical floor,1e-06,False,True,163,164,True,True,True,False,"[""P"",""VX"",""LS"",""ST""]",104.7220926993865,73.00345541376663,"[277.94665534709816,0.6321799742301659,59.54487773069201,349.4685531494909]","[101.46378106478635,0.22365642995299406,15.323722224586781,30.304635175445867]",250.760727959,0.576945875618,75.55217622939999,375.926323236,3571883729,fmin_l_bfgs_b,1,-65.91020939342451,2.109308399958536,0,0,,completed_without_convergence_warning,False,False,,False,,False,,False,matern32_heteroskedastic_alpha,74.81853,78.09926861629752,-3.2807386162975263,3.2807386162975263,10.763245868465807,um,Matérn 3/2 + heteroskedastic alpha,Gaussian process,Matérn 3/2,C_heteroskedastic_alpha,True,False,new-data,ioandanielc/sph_v2,d69dac5bda8b622bc0de316b112815c6056c06ec,T0_depth_um,"[""geometry_monitor_available"",""geometry_parse_ok"",""geometry_target_ready"",""time_monitor_available"",""time_parse_ok"",""time_target_ready"",""physical_target_extraction_success""]",False,,,,False,False,False,,,46.89404354768297,109.30449368491207,retrospective oracle: latent variance plus held-out target-summary variance,1.0,P-250p760727959_VX-0p576945875618_LS-7p55521762294e-05_ST-375p926323236_M-TI64_XI-0p0002_XF-0p0014_XL-0p0012_TE-0p0021_DT-8p36147861851e-06_H-a88ac79600,False,False,Week 6 Phase 2 heteroskedastic-alpha engine
week7_phase3_new_data_noise_replication,6E5B5B7DD1D0B4311C2309F5F25EE422003057BB9160BD239C2DA1F7FA530128,depth,T0 penetration depth,C_heteroskedastic,71,P-251p6022239_VX-0p703685008905_LS-6p09329521029e-05_ST-391p344263507_M-TI64_XI-0p0002_XF-0p0014_XL-0p0012_TE-0p0021_DT-6p85551140349e-06_H-0e4c2fc094,72,False,74.06815,69.75042688550384,4.317723114496161,4.317723114496161,18.64273289345443,17.813832516572443,317.3326289284937,,,17.818875185811518,317.51231288752945,17.818875185811518,oracle retrospective latent variance plus held-out target-summary variance,3.828287915515843,,3.8285543283413555,3.8285543283413555,34.83531515302185,104.66553861798583,,,34.82543152131327,104.6754222496944,True,,True,"1.01**2 * Matern(length_scale=1.8, nu=1.5)",1.7988146247105312,1.025649403393909,,,,,0.17968395903572162,0.4238914472311533,1.0007544521928514e-06,1.328734687491726e-06,0.005122777997946834,observation-specific target-summary variance plus numerical floor,1e-06,False,True,163,164,True,True,True,False,"[""P"",""VX"",""LS"",""ST""]",104.7266962576687,73.00154588193001,"[277.9414927953129,0.6314024335351537,59.634566222265626,349.37396455887125]","[101.46514275632065,0.22362679350840653,15.374283187970983,30.197655513434512]",251.6022239,0.703685008905,60.9329521029,391.344263507,2457859262,fmin_l_bfgs_b,1,-65.82830383714368,2.228416899975855,0,0,,completed_without_convergence_warning,False,False,,False,,False,,False,matern32_heteroskedastic_alpha,74.06815,69.75042688550384,4.317723114496161,4.317723114496161,18.64273289345443,um,Matérn 3/2 + heteroskedastic alpha,Gaussian process,Matérn 3/2,C_heteroskedastic_alpha,True,False,new-data,ioandanielc/sph_v2,d69dac5bda8b622bc0de316b112815c6056c06ec,T0_depth_um,"[""geometry_monitor_available"",""geometry_parse_ok"",""geometry_target_ready"",""time_monitor_available"",""time_parse_ok"",""time_target_ready"",""physical_target_extraction_success""]",False,,,,False,False,False,,,34.82543152131327,104.6754222496944,retrospective oracle: latent variance plus held-out target-summary variance,1.0,P-251p6022239_VX-0p703685008905_LS-6p09329521029e-05_ST-391p344263507_M-TI64_XI-0p0002_XF-0p0014_XL-0p0012_TE-0p0021_DT-6p85551140349e-06_H-0e4c2fc094,False,False,Week 6 Phase 2 heteroskedastic-alpha engine
week7_phase3_new_data_noise_replication,6E5B5B7DD1D0B4311C2309F5F25EE422003057BB9160BD239C2DA1F7FA530128,depth,T0 penetration depth,C_heteroskedastic,72,P-252p710023356_VX-0p579349155213_LS-8p35702038612e-05_ST-362p250166341_M-TI64_XI-0p0002_XF-0p0014_XL-0p0012_TE-0p0021_DT-8p32679319476e-06_H-1d842653b1,73,False,74.93073000000001,78.31254601095998,-3.381816010959966,3.381816010959966,11.436679531985178,17.470030163562836,305.20195391579534,,,17.47085098015977,305.2306339709496,17.47085098015977,oracle retrospective latent variance plus held-out target-summary variance,3.7981616328171315,,3.7982068554885813,3.7982068554885813,44.07128689037682,112.55380513154313,,,44.069678089846825,112.55541393207312,True,,True,"1.01**2 * Matern(length_scale=1.79, nu=1.5)",1.7944229023296474,1.0197513323651886,,,,,0.02868005515434866,0.16935186787971562,1.0007544069089299e-06,1.3287149560946565e-06,0.005122470577284445,observation-specific target-summary variance plus numerical floor,1e-06,False,True,163,164,True,True,True,False,"[""P"",""VX"",""LS"",""ST""]",104.72140435582821,73.00373683924238,"[277.93469647963195,0.6321652301835708,59.49568737712268,349.55245595252774]","[101.46686966388705,0.22365999140685053,15.259253722433195,30.358790616277435]",252.710023356,0.579349155213,83.5702038612,362.250166341,3967093781,fmin_l_bfgs_b,1,-65.83166855369643,2.4090778999961913,0,0,,completed_without_convergence_warning,False,False,,False,,False,,False,matern32_heteroskedastic_alpha,74.93073000000001,78.31254601095998,-3.381816010959966,3.381816010959966,11.436679531985178,um,Matérn 3/2 + heteroskedastic alpha,Gaussian process,Matérn 3/2,C_heteroskedastic_alpha,True,False,new-data,ioandanielc/sph_v2,d69dac5bda8b622bc0de316b112815c6056c06ec,T0_depth_um,"[""geometry_monitor_available"",""geometry_parse_ok"",""geometry_target_ready"",""time_monitor_available"",""time_parse_ok"",""time_target_ready"",""physical_target_extraction_success""]",False,,,,False,False,False,,,44.069678089846825,112.55541393207312,retrospective oracle: latent variance plus held-out target-summary variance,1.0,P-252p710023356_VX-0p579349155213_LS-8p35702038612e-05_ST-362p250166341_M-TI64_XI-0p0002_XF-0p0014_XL-0p0012_TE-0p0021_DT-8p32679319476e-06_H-1d842653b1,False,False,Week 6 Phase 2 heteroskedastic-alpha engine
week7_phase3_new_data_noise_replication,6E5B5B7DD1D0B4311C2309F5F25EE422003057BB9160BD239C2DA1F7FA530128,depth,T0 penetration depth,C_heteroskedastic,73,P-255p411547814_VX-0p885409904065_LS-6p83114026847e-05_ST-348p701073765_M-TI64_XI-0p0002_XF-0p0014_XL-0p0012_TE-0p0021_DT-5p44846017745e-06_H-89021150a8,74,False,62.73396,65.78656397347822,-3.05260397347822,3.05260397347822,9.318391018895019,15.372740351688453,236.3211459204304,,,15.37274118201009,236.32117144906897,15.37274118201009,oracle retrospective latent variance plus held-out target-summary variance,3.6712498923078294,,3.6712499441906523,3.6712499441906523,35.65599288416885,95.9171350627876,,,35.655991256738446,95.917136690218,True,,True,"1.01**2 * Matern(length_scale=1.8, nu=1.5)",1.797335222368508,1.021487787593844,,,,,2.5528638567135398e-05,0.0050525873141525615,1.0007551687346402e-06,1.3311243088023688e-06,0.0051276424121579536,observation-specific target-summary variance plus numerical floor,1e-06,False,True,163,164,True,True,True,False,"[""P"",""VX"",""LS"",""ST""]",104.79623116564417,72.9669039072106,"[277.9181227099509,0.6302875568777303,59.589299654279124,349.6355792198651]","[101.47076784029727,0.22280917097185896,15.359524419765638,30.374890348961202]",255.411547814,0.885409904065,68.3114026847,348.701073765,2409524865,fmin_l_bfgs_b,1,-65.74819165410545,3.149974200001452,0,0,,completed_without_convergence_warning,False,False,,False,,False,,False,matern32_heteroskedastic_alpha,62.73396,65.78656397347822,-3.05260397347822,3.05260397347822,9.318391018895019,um,Matérn 3/2 + heteroskedastic alpha,Gaussian process,Matérn 3/2,C_heteroskedastic_alpha,True,False,new-data,ioandanielc/sph_v2,d69dac5bda8b622bc0de316b112815c6056c06ec,T0_depth_um,"[""geometry_monitor_available"",""geometry_parse_ok"",""geometry_target_ready"",""time_monitor_available"",""time_parse_ok"",""time_target_ready"",""physical_target_extraction_success""]",False,,,,False,False,False,,,35.655991256738446,95.917136690218,retrospective oracle: latent variance plus held-out target-summary variance,1.0,P-255p411547814_VX-0p885409904065_LS-6p83114026847e-05_ST-348p701073765_M-TI64_XI-0p0002_XF-0p0014_XL-0p0012_TE-0p0021_DT-5p44846017745e-06_H-89021150a8,False,False,Week 6 Phase 2 heteroskedastic-alpha engine
week7_phase3_new_data_noise_replication,6E5B5B7DD1D0B4311C2309F5F25EE422003057BB9160BD239C2DA1F7FA530128,depth,T0 penetration depth,C_heteroskedastic,74,P-255p66284442_VX-0p61175678634_LS-8p38548151022e-05_ST-392p782565278_M-TI64_XI-0p0002_XF-0p0014_XL-0p0012_TE-0p0021_DT-7p88568383831e-06_H-1d842653b1,75,False,74.73689999999999,72.86106202034603,1.8758379796539657,1.8758379796539657,3.518768125912272,26.73374928943879,714.6933510705691,,,26.73405035178,714.7094482115083,26.73405035178,oracle retrospective latent variance plus held-out target-summary variance,4.207327051541459,,4.2073382575417,4.2073382575417,20.462913413045996,125.25921062764606,,,20.46232333085723,125.25980070983482,True,,True,"1.01**2 * Matern(length_scale=1.8, nu=1.5)",1.8020926962218575,1.028138280198177,,,,,0.016097140939220007,0.12687450862651647,1.0007544169709268e-06,1.328719340371696e-06,0.005122538885541929,observation-specific target-summary variance plus numerical floor,1e-06,False,True,163,164,True,True,True,False,"[""P"",""VX"",""LS"",""ST""]",104.7225934969325,73.00324999585482,"[277.9165810129816,0.6319664103607058,59.49394129588954,349.3651406216258]","[101.4711078728131,0.223692446704511,15.25648229571896,30.1851775312561]",255.66284442,0.61175678634,83.85481510219999,392.782565278,3042706423,fmin_l_bfgs_b,1,-65.56866984399434,3.2133166000130586,0,0,,completed_without_convergence_warning,False,False,,False,,False,,False,matern32_heteroskedastic_alpha,74.73689999999999,72.86106202034603,1.8758379796539657,1.8758379796539657,3.518768125912272,um,Matérn 3/2 + heteroskedastic alpha,Gaussian process,Matérn 3/2,C_heteroskedastic_alpha,True,False,new-data,ioandanielc/sph_v2,d69dac5bda8b622bc0de316b112815c6056c06ec,T0_depth_um,"[""geometry_monitor_available"",""geometry_parse_ok"",""geometry_target_ready"",""time_monitor_available"",""time_parse_ok"",""time_target_ready"",""physical_target_extraction_success""]",False,,,,False,False,False,,,20.46232333085723,125.25980070983482,retrospective oracle: latent variance plus held-out target-summary variance,1.0,P-255p66284442_VX-0p61175678634_LS-8p38548151022e-05_ST-392p782565278_M-TI64_XI-0p0002_XF-0p0014_XL-0p0012_TE-0p0021_DT-7p88568383831e-06_H-1d842653b1,False,False,Week 6 Phase 2 heteroskedastic-alpha engine
week7_phase3_new_data_noise_replication,6E5B5B7DD1D0B4311C2309F5F25EE422003057BB9160BD239C2DA1F7FA530128,depth,T0 penetration depth,C_heteroskedastic,75,P-256p84590034_VX-0p686841697171_LS-8p87652204691e-05_ST-323p817390946_M-TI64_XI-0p0002_XF-0p0014_XL-0p0012_TE-0p0021_DT-7p0236280396e-06_H-27614c4053,76,False,70.67384,70.7661790302873,-0.09233903028730595,0.09233903028730595,0.008526496514400005,23.24578172057319,540.3663678005347,,,23.245786526795683,540.3665912493557,23.245786526795683,oracle retrospective latent variance plus held-out target-summary variance,4.0650701069556225,,4.065070313709098,4.065070313709098,25.204446857963852,116.32791120261075,,,25.204437437767766,116.32792062280684,True,,True,"1.01**2 * Matern(length_scale=1.8, nu=1.5)",1.799924955346708,1.0256498601190065,,,,,0.00022344882114419366,0.014948204612735059,1.0007546430735082e-06,1.3308938183556715e-06,0.005124073836646509,observation-specific target-summary variance plus numerical floor,1e-06,False,True,163,164,True,True,True,False,"[""P"",""VX"",""LS"",""ST""]",104.74752024539877,72.9923127326508,"[277.9093230012025,0.6315057667359758,59.463816109589544,349.7882398506565]","[101.4726570529627,0.2236562764680223,15.20340968048149,30.30720335734107]",256.84590034,0.686841697171,88.7652204691,323.817390946,3677936389,fmin_l_bfgs_b,1,-65.67668385768951,2.991065100010019,0,0,,completed_without_convergence_warning,False,False,,False,,False,,False,matern32_heteroskedastic_alpha,70.67384,70.7661790302873,-0.09233903028730595,0.09233903028730595,0.008526496514400005,um,Matérn 3/2 + heteroskedastic alpha,Gaussian process,Matérn 3/2,C_heteroskedastic_alpha,True,False,new-data,ioandanielc/sph_v2,d69dac5bda8b622bc0de316b112815c6056c06ec,T0_depth_um,"[""geometry_monitor_available"",""geometry_parse_ok"",""geometry_target_ready"",""time_monitor_available"",""time_parse_ok"",""time_target_ready"",""physical_target_extraction_success""]",False,,,,False,False,False,,,25.204437437767766,116.32792062280684,retrospective oracle: latent variance plus held-out target-summary variance,1.0,P-256p84590034_VX-0p686841697171_LS-8p87652204691e-05_ST-323p817390946_M-TI64_XI-0p0002_XF-0p0014_XL-0p0012_TE-0p0021_DT-7p0236280396e-06_H-27614c4053,False,False,Week 6 Phase 2 heteroskedastic-alpha engine
week7_phase3_new_data_noise_replication,6E5B5B7DD1D0B4311C2309F5F25EE422003057BB9160BD239C2DA1F7FA530128,depth,T0 penetration depth,C_heteroskedastic,76,P-258p098094226_VX-0p965907163653_LS-4p72561688305e-05_ST-378p378118453_M-TI64_XI-0p0002_XF-0p0014_XL-0p0012_TE-0p0021_DT-4p99439364832e-06_H-985b11a49e,77,False,62.57683,64.57389670973939,-1.9970667097393857,1.9970667097393857,3.9882754431492957,30.213503375184736,912.8557862022994,,,30.213505751729883,912.8559298098147,30.213505751729883,oracle retrospective latent variance plus held-out target-summary variance,4.329411993943538,,4.329412072258252,4.329412072258252,5.355430094377304,123.79236332510146,,,5.355425436348817,123.79236798312996,True,,True,"1.02**2 * Matern(length_scale=1.81, nu=1.5)",1.8087184371177842,1.0310378036478343,,,,,0.0001436075153422823,0.011983635314139124,1.000755180258777e-06,1.3311293618742027e-06,0.005127720646499819,observation-specific target-summary variance plus numerical floor,1e-06,False,True,163,164,True,True,True,False,"[""P"",""VX"",""LS"",""ST""]",104.79719515337423,72.96634716344815,"[277.90164083012274,0.629793708659399,59.71847286810857,349.45351146104304]","[101.47420399509222,0.22215297864680172,15.3437888611943,30.29088755146266]",258.098094226,0.965907163653,47.2561688305,378.378118453,3351259665,fmin_l_bfgs_b,1,-65.01844909118942,2.434241400042083,0,0,,completed_without_convergence_warning,False,False,,False,,False,,False,matern32_heteroskedastic_alpha,62.57683,64.57389670973939,-1.9970667097393857,1.9970667097393857,3.9882754431492957,um,Matérn 3/2 + heteroskedastic alpha,Gaussian process,Matérn 3/2,C_heteroskedastic_alpha,True,False,new-data,ioandanielc/sph_v2,d69dac5bda8b622bc0de316b112815c6056c06ec,T0_depth_um,"[""geometry_monitor_available"",""geometry_parse_ok"",""geometry_target_ready"",""time_monitor_available"",""time_parse_ok"",""time_target_ready"",""physical_target_extraction_success""]",False,,,,False,False,False,,,5.355425436348817,123.79236798312996,retrospective oracle: latent variance plus held-out target-summary variance,1.0,P-258p098094226_VX-0p965907163653_LS-4p72561688305e-05_ST-378p378118453_M-TI64_XI-0p0002_XF-0p0014_XL-0p0012_TE-0p0021_DT-4p99439364832e-06_H-985b11a49e,False,False,Week 6 Phase 2 heteroskedastic-alpha engine
week7_phase3_new_data_noise_replication,6E5B5B7DD1D0B4311C2309F5F25EE422003057BB9160BD239C2DA1F7FA530128,depth,T0 penetration depth,C_heteroskedastic,77,P-260p125654688_VX-0p378472963537_LS-6p21275317791e-05_ST-359p026868384_M-TI64_XI-0p0002_XF-0p0014_XL-0p0012_TE-0p0021_DT-1p27462753427e-05_H-0602c4a780,78,False,86.700545,132.97282340902896,-46.27227840902896,46.27227840902896,2141.1237491626875,19.39470297833653,376.15450361789584,,,19.394703322453715,376.1545169659972,19.394703322453715,oracle retrospective latent variance plus held-out target-summary variance,6.730008058309753,,6.730007975057864,6.730007975057864,94.95920557148936,170.98644124656857,,,94.95920489701967,170.98644192103825,False,,False,"1.04**2 * Matern(length_scale=1.87, nu=1.5)",1.8741214065730272,1.0808274028652665,,,,,1.334810135029913e-05,0.0036535053510702744,1.0007539192760479e-06,1.3305764496368413e-06,0.005119160165584026,observation-specific target-summary variance plus numerical floor,1e-06,False,True,163,164,True,True,True,False,"[""P"",""VX"",""LS"",""ST""]",104.64919690184048,73.02734232941462,"[277.8892018088835,0.6333975994576567,59.62723751259569,349.5722307866197]","[101.47650651414017,0.22281055082653684,15.373377771979715,30.36600445710868]",260.125654688,0.378472963537,62.1275317791,359.026868384,3228783503,fmin_l_bfgs_b,1,-62.60541900078189,2.996407500002533,0,0,,completed_without_convergence_warning,False,False,,False,,False,,False,matern32_heteroskedastic_alpha,86.700545,132.97282340902896,-46.27227840902896,46.27227840902896,2141.1237491626875,um,Matérn 3/2 + heteroskedastic alpha,Gaussian process,Matérn 3/2,C_heteroskedastic_alpha,True,False,new-data,ioandanielc/sph_v2,d69dac5bda8b622bc0de316b112815c6056c06ec,T0_depth_um,"[""geometry_monitor_available"",""geometry_parse_ok"",""geometry_target_ready"",""time_monitor_available"",""time_parse_ok"",""time_target_ready"",""physical_target_extraction_success""]",False,,,,False,False,False,,,94.95920489701967,170.98644192103825,retrospective oracle: latent variance plus held-out target-summary variance,0.0,P-260p125654688_VX-0p378472963537_LS-6p21275317791e-05_ST-359p026868384_M-TI64_XI-0p0002_XF-0p0014_XL-0p0012_TE-0p0021_DT-1p27462753427e-05_H-0602c4a780,False,False,Week 6 Phase 2 heteroskedastic-alpha engine
week7_phase3_new_data_noise_replication,6E5B5B7DD1D0B4311C2309F5F25EE422003057BB9160BD239C2DA1F7FA530128,depth,T0 penetration depth,C_heteroskedastic,78,P-261p886347681_VX-0p412060740992_LS-8p23359668267e-05_ST-378p690023731_M-TI64_XI-0p0002_XF-0p0014_XL-0p0012_TE-0p0021_DT-1p17073045867e-05_H-0e4c2fc094,79,False,94.62022,89.72760170705763,4.892618292942373,4.892618292942373,23.93771376043434,19.40633977610649,376.6060235056928,,,19.406340203778576,376.6060401047927,19.406340203778576,oracle retrospective latent variance plus held-out target-summary variance,3.9163191814035323,,3.916319202040527,3.916319202040527,51.69117574588891,127.76402766822635,,,51.69117490765162,127.76402850646363,True,,True,"1.01**2 * Matern(length_scale=1.8, nu=1.5)",1.7976805062848182,1.0187443490532164,,,,,1.659909993546977e-05,0.004074199299920141,1.0007537274890524e-06,1.3304923554028666e-06,0.005117858173990377,observation-specific target-summary variance plus numerical floor,1e-06,False,True,163,164,True,True,True,False,"[""P"",""VX"",""LS"",""ST""]",104.60060993865032,73.03663269226855,"[277.8784000113804,0.6331915394732702,59.5032593834693,349.4515979317301]","[101.47830307737806,0.22303057533666704,15.270887530293438,30.28905036456547]",261.886347681,0.412060740992,82.3359668267,378.690023731,3728838658,fmin_l_bfgs_b,1,-65.53754352819168,2.2735467000165954,0,0,,completed_without_convergence_warning,False,False,,False,,False,,False,matern32_heteroskedastic_alpha,94.62022,89.72760170705763,4.892618292942373,4.892618292942373,23.93771376043434,um,Matérn 3/2 + heteroskedastic alpha,Gaussian process,Matérn 3/2,C_heteroskedastic_alpha,True,False,new-data,ioandanielc/sph_v2,d69dac5bda8b622bc0de316b112815c6056c06ec,T0_depth_um,"[""geometry_monitor_available"",""geometry_parse_ok"",""geometry_target_ready"",""time_monitor_available"",""time_parse_ok"",""time_target_ready"",""physical_target_extraction_success""]",False,,,,False,False,False,,,51.69117490765162,127.76402850646363,retrospective oracle: latent variance plus held-out target-summary variance,1.0,P-261p886347681_VX-0p412060740992_LS-8p23359668267e-05_ST-378p690023731_M-TI64_XI-0p0002_XF-0p0014_XL-0p0012_TE-0p0021_DT-1p17073045867e-05_H-0e4c2fc094,False,False,Week 6 Phase 2 heteroskedastic-alpha engine
week7_phase3_new_data_noise_replication,6E5B5B7DD1D0B4311C2309F5F25EE422003057BB9160BD239C2DA1F7FA530128,depth,T0 penetration depth,C_heteroskedastic,79,P-263p723264659_VX-0p501861307944_LS-7p03164616445e-05_ST-399p080626763_M-TI64_XI-0p0002_XF-0p0014_XL-0p0012_TE-0p0021_DT-9p61245771821e-06_H-1d842653b1,80,False,83.64314999999999,86.53226277855202,-2.8891127785520325,2.8891127785520325,8.346972647192645,24.01353683278589,576.6499512195645,,,24.018284134069514,576.8779727448954,24.018284134069514,oracle retrospective latent variance plus held-out target-summary variance,4.104793708552568,,4.104988520986979,4.104988520986979,39.465730586291684,133.59879497081238,,,39.45642587577578,133.60809968132827,True,,True,"1.01**2 * Matern(length_scale=1.8, nu=1.5)",1.8011294225442491,1.0263114339301602,,,,,0.22802152533081121,0.477515994842907,1.0007540226345614e-06,1.3285475176331548e-06,0.005119861839415394,observation-specific target-summary variance plus numerical floor,1e-06,False,True,163,164,True,True,True,False,"[""P"",""VX"",""LS"",""ST""]",104.66795392638036,73.02233700471479,"[277.86713058206755,0.6326406157496384,59.576998679065625,349.32650220760746]","[101.47997639960671,0.22346479177074857,15.351729354064519,30.125486580307182]",263.723264659,0.501861307944,70.3164616445,399.080626763,2591297247,fmin_l_bfgs_b,1,-65.54156910661385,1.9580158000462689,0,0,,completed_without_convergence_warning,False,False,,False,,False,,False,matern32_heteroskedastic_alpha,83.64314999999999,86.53226277855202,-2.8891127785520325,2.8891127785520325,8.346972647192645,um,Matérn 3/2 + heteroskedastic alpha,Gaussian process,Matérn 3/2,C_heteroskedastic_alpha,True,False,new-data,ioandanielc/sph_v2,d69dac5bda8b622bc0de316b112815c6056c06ec,T0_depth_um,"[""geometry_monitor_available"",""geometry_parse_ok"",""geometry_target_ready"",""time_monitor_available"",""time_parse_ok"",""time_target_ready"",""physical_target_extraction_success""]",False,,,,False,False,False,,,39.45642587577578,133.60809968132827,retrospective oracle: latent variance plus held-out target-summary variance,1.0,P-263p723264659_VX-0p501861307944_LS-7p03164616445e-05_ST-399p080626763_M-TI64_XI-0p0002_XF-0p0014_XL-0p0012_TE-0p0021_DT-9p61245771821e-06_H-1d842653b1,False,False,Week 6 Phase 2 heteroskedastic-alpha engine
week7_phase3_new_data_noise_replication,6E5B5B7DD1D0B4311C2309F5F25EE422003057BB9160BD239C2DA1F7FA530128,depth,T0 penetration depth,C_heteroskedastic,80,P-264p370573209_VX-0p395776293281_LS-4p78236029631e-05_ST-378p311267492_M-TI64_XI-0p0002_XF-0p0014_XL-0p0012_TE-0p0021_DT-1p21890085003e-05_H-985b11a49e,81,False,214.1457,182.06961145848356,32.07608854151644,32.07608854151644,1028.8754561232024,22.188976083441293,492.3506596315297,,,22.400606279352257,501.78716168255573,22.400606279352257,oracle retrospective latent variance plus held-out target-summary variance,5.063394568378689,,5.053237578160649,5.053237578160649,138.57921833493862,225.5600045820285,,,138.16442315095316,225.97479976601397,True,,True,"1.01**2 * Matern(length_scale=1.8, nu=1.5)",1.7973998528062607,1.020721964252598,,,,,9.436502051026052,3.0718890036956172,1.0007642647428923e-06,1.333010273939468e-06,0.005189392825738368,observation-specific target-summary variance plus numerical floor,1e-06,False,True,163,164,True,True,True,False,"[""P"",""VX"",""LS"",""ST""]",103.86732478527605,72.53139107661634,"[277.8631593639693,0.6332914440604543,59.71499167711103,349.4539215896381]","[101.48051714710265,0.2229278284575082,15.346551289226984,30.29127872319883]",264.370573209,0.395776293281,47.8236029631,378.311267492,2776884269,fmin_l_bfgs_b,1,-65.43780249074794,1.3900512999971397,0,0,,completed_without_convergence_warning,False,False,,False,,False,,False,matern32_heteroskedastic_alpha,214.1457,182.06961145848356,32.07608854151644,32.07608854151644,1028.8754561232024,um,Matérn 3/2 + heteroskedastic alpha,Gaussian process,Matérn 3/2,C_heteroskedastic_alpha,True,False,new-data,ioandanielc/sph_v2,d69dac5bda8b622bc0de316b112815c6056c06ec,T0_depth_um,"[""geometry_monitor_available"",""geometry_parse_ok"",""geometry_target_ready"",""time_monitor_available"",""time_parse_ok"",""time_target_ready"",""physical_target_extraction_success""]",False,,,,False,False,False,,,138.16442315095316,225.97479976601397,retrospective oracle: latent variance plus held-out target-summary variance,1.0,P-264p370573209_VX-0p395776293281_LS-4p78236029631e-05_ST-378p311267492_M-TI64_XI-0p0002_XF-0p0014_XL-0p0012_TE-0p0021_DT-1p21890085003e-05_H-985b11a49e,False,False,Week 6 Phase 2 heteroskedastic-alpha engine
week7_phase3_new_data_noise_replication,6E5B5B7DD1D0B4311C2309F5F25EE422003057BB9160BD239C2DA1F7FA530128,depth,T0 penetration depth,C_heteroskedastic,81,P-265p432977562_VX-0p293015283246_LS-7p41925746724e-05_ST-326p902943993_M-TI64_XI-0p0002_XF-0p0014_XL-0p0012_TE-0p0021_DT-1p64637166689e-05_H-1d842653b1,82,False,82.732785,88.38681866683,-5.654033666829989,5.654033666829989,31.968096705646968,18.964354730579412,359.64675034724974,,,18.964355957051968,359.64679686577244,18.964355957051968,oracle retrospective latent variance plus held-out target-summary variance,3.9059434282370535,,3.9059434871609913,3.9059434871609913,51.216683394894346,125.55695393876564,,,51.21668099100814,125.55695634265186,True,,True,"1.01**2 * Matern(length_scale=1.8, nu=1.5)",1.8003432984957088,1.0184462686500686,,,,,4.651852276993877e-05,0.00682044886865511,1.0007540565690162e-06,1.3306366494798057e-06,0.00512009221152551,observation-specific target-summary variance plus numerical floor,1e-06,False,True,163,164,True,True,True,False,"[""P"",""VX"",""LS"",""ST""]",104.67353898773005,73.02069389120636,"[277.85664154585277,0.6339218797048408,59.553218844538634,349.76931007736204]","[101.48134940888434,0.22210843976272687,15.332060854596518,30.32245129852305]",265.432977562,0.293015283246,74.1925746724,326.902943993,1536343147,fmin_l_bfgs_b,1,-65.29369699419709,2.031067199946847,0,0,,completed_without_convergence_warning,False,False,,False,,False,,False,matern32_heteroskedastic_alpha,82.732785,88.38681866683,-5.654033666829989,5.654033666829989,31.968096705646968,um,Matérn 3/2 + heteroskedastic alpha,Gaussian process,Matérn 3/2,C_heteroskedastic_alpha,True,False,new-data,ioandanielc/sph_v2,d69dac5bda8b622bc0de316b112815c6056c06ec,T0_depth_um,"[""geometry_monitor_available"",""geometry_parse_ok"",""geometry_target_ready"",""time_monitor_available"",""time_parse_ok"",""time_target_ready"",""physical_target_extraction_success""]",False,,,,False,False,False,,,51.21668099100814,125.55695634265186,retrospective oracle: latent variance plus held-out target-summary variance,1.0,P-265p432977562_VX-0p293015283246_LS-7p41925746724e-05_ST-326p902943993_M-TI64_XI-0p0002_XF-0p0014_XL-0p0012_TE-0p0021_DT-1p64637166689e-05_H-1d842653b1,False,False,Week 6 Phase 2 heteroskedastic-alpha engine
week7_phase3_new_data_noise_replication,6E5B5B7DD1D0B4311C2309F5F25EE422003057BB9160BD239C2DA1F7FA530128,depth,T0 penetration depth,C_heteroskedastic,82,P-267p46239641_VX-0p483361678819_LS-7p67845272617e-05_ST-366p829607628_M-TI64_XI-0p0002_XF-0p0014_XL-0p0012_TE-0p0021_DT-9p98035387249e-06_H-1d842653b1,83,False,86.919805,80.35864154736713,6.561163452632869,6.561163452632869,43.048865852165264,15.596930987426378,243.26425622654116,,,15.602197098509812,243.428554300748,15.602197098509812,oracle retrospective latent variance plus held-out target-summary variance,3.7544943882513566,,3.75477224965834,3.75477224965834,49.788656812011425,110.92862628272283,,,49.778335234287894,110.93894786044636,True,,True,"1.01**2 * Matern(length_scale=1.8, nu=1.5)",1.7974351955071164,1.0213690845396648,,,,,0.1642980742068508,0.40533698845140054,1.0007539124917265e-06,1.3284995254995577e-06,0.005119114108606067,observation-specific target-summary variance plus numerical floor,1e-06,False,True,163,164,True,True,True,False,"[""P"",""VX"",""LS"",""ST""]",104.64785174846627,73.02767090856096,"[277.84419112347246,0.6327541104068469,59.53731729491102,349.5243612207056]","[101.48274836365746,0.22339363277770924,15.315516453603953,30.344904723164465]",267.46239641,0.483361678819,76.7845272617,366.829607628,572950522,fmin_l_bfgs_b,1,-65.72018113237647,1.516021199990064,0,0,,completed_without_convergence_warning,False,False,,False,,False,,False,matern32_heteroskedastic_alpha,86.919805,80.35864154736713,6.561163452632869,6.561163452632869,43.048865852165264,um,Matérn 3/2 + heteroskedastic alpha,Gaussian process,Matérn 3/2,C_heteroskedastic_alpha,True,False,new-data,ioandanielc/sph_v2,d69dac5bda8b622bc0de316b112815c6056c06ec,T0_depth_um,"[""geometry_monitor_available"",""geometry_parse_ok"",""geometry_target_ready"",""time_monitor_available"",""time_parse_ok"",""time_target_ready"",""physical_target_extraction_success""]",False,,,,False,False,False,,,49.778335234287894,110.93894786044636,retrospective oracle: latent variance plus held-out target-summary variance,1.0,P-267p46239641_VX-0p483361678819_LS-7p67845272617e-05_ST-366p829607628_M-TI64_XI-0p0002_XF-0p0014_XL-0p0012_TE-0p0021_DT-9p98035387249e-06_H-1d842653b1,False,False,Week 6 Phase 2 heteroskedastic-alpha engine
week7_phase3_new_data_noise_replication,6E5B5B7DD1D0B4311C2309F5F25EE422003057BB9160BD239C2DA1F7FA530128,depth,T0 penetration depth,C_heteroskedastic,83,P-267p660345133_VX-0p739236683111_LS-7p20061497304e-05_ST-322p433694738_M-TI64_XI-0p0002_XF-0p0014_XL-0p0012_TE-0p0021_DT-6p52581333317e-06_H-0e4c2fc094,84,False,70.684565,69.28471717535422,1.3998478246457893,1.3998478246457893,1.9595739321655483,17.626220054485174,310.6836334091353,,,17.62622032199774,310.6836428396061,17.62622032199774,oracle retrospective latent variance plus held-out target-summary variance,3.7914797509297076,,3.791479766010949,3.791479766010949,34.737325868563275,103.83210848214516,,,34.73732534423865,103.83210900646978,True,,True,"1.01**2 * Matern(length_scale=1.79, nu=1.5)",1.7942363033495277,1.0204655983794457,,,,,9.430470688877515e-06,0.0030709071442942583,1.0007546424385037e-06,1.3308935399205592e-06,0.00512406952576622,observation-specific target-summary variance plus numerical floor,1e-06,False,True,163,164,True,True,True,False,"[""P"",""VX"",""LS"",""ST""]",104.74745444785277,72.99234344285827,"[277.84297671412884,0.631184325104442,59.56663249448955,349.79672878444796]","[101.4828714073112,0.2235388337750966,15.34390160856729,30.29973312658074]",267.660345133,0.739236683111,72.0061497304,322.433694738,2044209739,fmin_l_bfgs_b,1,-65.80898152827336,2.1163151999935508,0,0,,completed_without_convergence_warning,False,False,,False,,False,,False,matern32_heteroskedastic_alpha,70.684565,69.28471717535422,1.3998478246457893,1.3998478246457893,1.9595739321655483,um,Matérn 3/2 + heteroskedastic alpha,Gaussian process,Matérn 3/2,C_heteroskedastic_alpha,True,False,new-data,ioandanielc/sph_v2,d69dac5bda8b622bc0de316b112815c6056c06ec,T0_depth_um,"[""geometry_monitor_available"",""geometry_parse_ok"",""geometry_target_ready"",""time_monitor_available"",""time_parse_ok"",""time_target_ready"",""physical_target_extraction_success""]",False,,,,False,False,False,,,34.73732534423865,103.83210900646978,retrospective oracle: latent variance plus held-out target-summary variance,1.0,P-267p660345133_VX-0p739236683111_LS-7p20061497304e-05_ST-322p433694738_M-TI64_XI-0p0002_XF-0p0014_XL-0p0012_TE-0p0021_DT-6p52581333317e-06_H-0e4c2fc094,False,False,Week 6 Phase 2 heteroskedastic-alpha engine
week7_phase3_new_data_noise_replication,6E5B5B7DD1D0B4311C2309F5F25EE422003057BB9160BD239C2DA1F7FA530128,depth,T0 penetration depth,C_heteroskedastic,84,P-270p660461155_VX-0p506275452772_LS-4p55363433165e-05_ST-392p157982605_M-TI64_XI-0p0002_XF-0p0014_XL-0p0012_TE-0p0021_DT-9p52864804446e-06_H-b5aba20bdc,85,False,171.73115,182.0060017249802,-10.27485172498018,10.27485172498018,105.5725779703282,25.031931763291666,626.5976078020902,,,25.125925087949224,631.3121115252362,25.125925087949224,oracle retrospective latent variance plus held-out target-summary variance,4.223333537033129,,4.226452335144216,4.226452335144216,132.94341546892852,231.06858798103187,,,132.7591885525997,231.25281489736068,True,,True,"1.02**2 * Matern(length_scale=1.8, nu=1.5)",1.8033422203485818,1.0332150640362487,,,,,4.714503723146004,2.171290796541542,1.0007575990295825e-06,1.3301058471214498e-06,0.00514414104690518,observation-specific target-summary variance plus numerical floor,1e-06,False,True,163,164,True,True,True,False,"[""P"",""VX"",""LS"",""ST""]",104.12753674846626,72.84977496838297,"[277.824571094362,0.6326135351065219,59.72902394488157,349.3689724171657]","[101.48444445628834,0.22348037064902468,15.334621541704777,30.19064868508116]",270.660461155,0.506275452772,45.5363433165,392.157982605,3098951297,fmin_l_bfgs_b,1,-65.76676450733636,2.141352700011339,0,0,,completed_without_convergence_warning,False,False,,False,,False,,False,matern32_heteroskedastic_alpha,171.73115,182.0060017249802,-10.27485172498018,10.27485172498018,105.5725779703282,um,Matérn 3/2 + heteroskedastic alpha,Gaussian process,Matérn 3/2,C_heteroskedastic_alpha,True,False,new-data,ioandanielc/sph_v2,d69dac5bda8b622bc0de316b112815c6056c06ec,T0_depth_um,"[""geometry_monitor_available"",""geometry_parse_ok"",""geometry_target_ready"",""time_monitor_available"",""time_parse_ok"",""time_target_ready"",""physical_target_extraction_success""]",False,,,,False,False,False,,,132.7591885525997,231.25281489736068,retrospective oracle: latent variance plus held-out target-summary variance,1.0,P-270p660461155_VX-0p506275452772_LS-4p55363433165e-05_ST-392p157982605_M-TI64_XI-0p0002_XF-0p0014_XL-0p0012_TE-0p0021_DT-9p52864804446e-06_H-b5aba20bdc,False,False,Week 6 Phase 2 heteroskedastic-alpha engine
week7_phase3_new_data_noise_replication,6E5B5B7DD1D0B4311C2309F5F25EE422003057BB9160BD239C2DA1F7FA530128,depth,T0 penetration depth,C_heteroskedastic,85,P-273p06384474_VX-0p951903552318_LS-4p77154604482e-05_ST-314p535783501_M-TI64_XI-0p0002_XF-0p0014_XL-0p0012_TE-0p0021_DT-5p06786700319e-06_H-b5afaa2141,86,False,62.75334,62.3758941326867,0.3774458673132983,0.3774458673132983,0.142465382751888,26.541665752528576,704.4600209189483,,,26.541666391676163,704.460054847032,26.541666391676163,oracle retrospective latent variance plus held-out target-summary variance,4.197755440713923,,4.197755464789967,4.197755464789967,10.354229257730694,114.39755900764271,,,10.354228005001424,114.39756026037199,True,,True,"1.01**2 * Matern(length_scale=1.81, nu=1.5)",1.8053861135019975,1.027391582911043,,,,,3.392808350461318e-05,0.005824781841804308,1.0007551673163028e-06,1.331123686893688e-06,0.005127632783437452,observation-specific target-summary variance plus numerical floor,1e-06,False,True,163,164,True,True,True,False,"[""P"",""VX"",""LS"",""ST""]",104.79611226993867,72.96697242953542,"[277.80982640979147,0.6298796203853806,59.71565512812268,349.8451822276197]","[101.48530966177056,0.22228020073882024,15.34603484870609,30.249580697626335]",273.06384474,0.951903552318,47.7154604482,314.535783501,652103665,fmin_l_bfgs_b,1,-65.20740941005901,2.6937493000295945,0,0,,completed_without_convergence_warning,False,False,,False,,False,,False,matern32_heteroskedastic_alpha,62.75334,62.3758941326867,0.3774458673132983,0.3774458673132983,0.142465382751888,um,Matérn 3/2 + heteroskedastic alpha,Gaussian process,Matérn 3/2,C_heteroskedastic_alpha,True,False,new-data,ioandanielc/sph_v2,d69dac5bda8b622bc0de316b112815c6056c06ec,T0_depth_um,"[""geometry_monitor_available"",""geometry_parse_ok"",""geometry_target_ready"",""time_monitor_available"",""time_parse_ok"",""time_target_ready"",""physical_target_extraction_success""]",False,,,,False,False,False,,,10.354228005001424,114.39756026037199,retrospective oracle: latent variance plus held-out target-summary variance,1.0,P-273p06384474_VX-0p951903552318_LS-4p77154604482e-05_ST-314p535783501_M-TI64_XI-0p0002_XF-0p0014_XL-0p0012_TE-0p0021_DT-5p06786700319e-06_H-b5afaa2141,False,False,Week 6 Phase 2 heteroskedastic-alpha engine
week7_phase3_new_data_noise_replication,6E5B5B7DD1D0B4311C2309F5F25EE422003057BB9160BD239C2DA1F7FA530128,depth,T0 penetration depth,C_heteroskedastic,86,P-273p444240295_VX-0p704920639812_LS-6p35261824567e-05_ST-347p093922324_M-TI64_XI-0p0002_XF-0p0014_XL-0p0012_TE-0p0021_DT-6p84349461565e-06_H-1d842653b1,87,False,74.596735,71.32934501911913,3.267389980880864,3.267389980880864,10.675837287160654,16.047952095342037,257.5367664543929,,,16.047975518266508,257.5375182348812,16.047975518266508,oracle retrospective latent variance plus held-out target-summary variance,3.7152466010497958,,3.715248000103321,3.715248000103321,39.87535891224874,102.78333112598952,,,39.875313003316776,102.78337703492149,True,,True,"1.01**2 * Matern(length_scale=1.79, nu=1.5)",1.792694475067663,1.019671178425591,,,,,0.0007517804883867813,0.027418615727034457,1.0007544242881685e-06,1.330797885961951e-06,0.005122588560376321,observation-specific target-summary variance plus numerical floor,1e-06,False,True,163,164,True,True,True,False,"[""P"",""VX"",""LS"",""ST""]",104.72345340490797,73.00289596183742,"[277.80749269473006,0.631394852977442,59.61865683359201,349.6454390446565]","[101.48541439784444,0.22362432217034656,15.371589399746982,30.374324554523795]",273.444240295,0.704920639812,63.526182456700006,347.093922324,755899495,fmin_l_bfgs_b,1,-65.79895280105625,2.233173499989789,0,0,,completed_without_convergence_warning,False,False,,False,,False,,False,matern32_heteroskedastic_alpha,74.596735,71.32934501911913,3.267389980880864,3.267389980880864,10.675837287160654,um,Matérn 3/2 + heteroskedastic alpha,Gaussian process,Matérn 3/2,C_heteroskedastic_alpha,True,False,new-data,ioandanielc/sph_v2,d69dac5bda8b622bc0de316b112815c6056c06ec,T0_depth_um,"[""geometry_monitor_available"",""geometry_parse_ok"",""geometry_target_ready"",""time_monitor_available"",""time_parse_ok"",""time_target_ready"",""physical_target_extraction_success""]",False,,,,False,False,False,,,39.875313003316776,102.78337703492149,retrospective oracle: latent variance plus held-out target-summary variance,1.0,P-273p444240295_VX-0p704920639812_LS-6p35261824567e-05_ST-347p093922324_M-TI64_XI-0p0002_XF-0p0014_XL-0p0012_TE-0p0021_DT-6p84349461565e-06_H-1d842653b1,False,False,Week 6 Phase 2 heteroskedastic-alpha engine
week7_phase3_new_data_noise_replication,6E5B5B7DD1D0B4311C2309F5F25EE422003057BB9160BD239C2DA1F7FA530128,depth,T0 penetration depth,C_heteroskedastic,87,P-277p972333632_VX-0p331196372511_LS-4p5620211888e-05_ST-324p411035281_M-TI64_XI-0p0002_XF-0p0014_XL-0p0012_TE-0p0021_DT-1p4565741063e-05_H-0e4c2fc094,88,True,107.6205,176.62290196775587,-69.00240196775586,69.00240196775586,4761.331477319757,25.134234397507246,631.7297387488364,,,25.233178181068695,636.7132811175612,25.233178181068695,oracle retrospective latent variance plus held-out target-summary variance,7.9116570520012965,,7.886090058787328,7.886090058787328,127.35980254864167,225.88600138687008,,,127.16587273286123,226.0799312026505,False,,False,"1.03**2 * Matern(length_scale=1.87, nu=1.5)",1.8701368167193178,1.0599463399952835,,,,,4.98354236872481,2.232384906042148,1.0007536499556813e-06,1.3283851316313077e-06,0.005117331820275093,observation-specific target-summary variance plus numerical floor,1e-06,False,True,163,164,True,True,True,False,"[""P"",""VX"",""LS"",""ST""]",104.52085361963191,73.0403894965222,"[277.7797129810062,0.6336876398933992,59.72850941376808,349.78459786087126]","[101.48598521203921,0.22244745089153314,15.335096333610657,30.310288206570767]",277.972333632,0.331196372511,45.620211888,324.411035281,3743809735,fmin_l_bfgs_b,1,-61.43635944845721,2.6494508999749087,0,0,,completed_without_convergence_warning,False,False,,False,,False,,False,matern32_heteroskedastic_alpha,107.6205,176.62290196775587,-69.00240196775586,69.00240196775586,4761.331477319757,um,Matérn 3/2 + heteroskedastic alpha,Gaussian process,Matérn 3/2,C_heteroskedastic_alpha,True,False,new-data,ioandanielc/sph_v2,d69dac5bda8b622bc0de316b112815c6056c06ec,T0_depth_um,"[""geometry_monitor_available"",""geometry_parse_ok"",""geometry_target_ready"",""time_monitor_available"",""time_parse_ok"",""time_target_ready"",""physical_target_extraction_success""]",False,,,,False,False,False,,,127.16587273286123,226.0799312026505,retrospective oracle: latent variance plus held-out target-summary variance,0.0,P-277p972333632_VX-0p331196372511_LS-4p5620211888e-05_ST-324p411035281_M-TI64_XI-0p0002_XF-0p0014_XL-0p0012_TE-0p0021_DT-1p4565741063e-05_H-0e4c2fc094,False,False,Week 6 Phase 2 heteroskedastic-alpha engine
week7_phase3_new_data_noise_replication,6E5B5B7DD1D0B4311C2309F5F25EE422003057BB9160BD239C2DA1F7FA530128,depth,T0 penetration depth,C_heteroskedastic,88,P-279p19481345_VX-0p961152667742_LS-7p84955743249e-05_ST-372p579911887_M-TI64_XI-0p0002_XF-0p0014_XL-0p0012_TE-0p0021_DT-5p01909921797e-06_H-6ea4fcc339,89,False,62.69445,59.866760126575734,2.8276898734242693,2.8276898734242693,7.99583002026616,14.561089946655033,212.02534043457825,,,14.561091569055318,212.02538768241385,14.561091569055318,oracle retrospective latent variance plus held-out target-summary variance,3.6161472679707294,,3.6161473751891298,3.6161473751891298,31.32702383113187,88.4064964220196,,,31.32702065122731,88.40649960192415,True,,True,"1.01**2 * Matern(length_scale=1.8, nu=1.5)",1.8037709437739484,1.0244914835239083,,,,,4.724783563126155e-05,0.006873706105970894,1.0007551716282578e-06,1.331125577587863e-06,0.005127662056168839,observation-specific target-summary variance plus numerical floor,1e-06,False,True,163,164,True,True,True,False,"[""P"",""VX"",""LS"",""ST""]",104.79647355828223,72.96676411215368,"[277.77221310482213,0.6298228773459696,59.526820073664396,349.4890832804664]","[101.48592552911343,0.22219679197611017,15.30310024967349,30.321414088688044]",279.19481345,0.961152667742,78.4955743249,372.579911887,3614425651,fmin_l_bfgs_b,1,-65.74930447554684,1.9169012000202201,0,0,,completed_without_convergence_warning,False,False,,False,,False,,False,matern32_heteroskedastic_alpha,62.69445,59.866760126575734,2.8276898734242693,2.8276898734242693,7.99583002026616,um,Matérn 3/2 + heteroskedastic alpha,Gaussian process,Matérn 3/2,C_heteroskedastic_alpha,True,False,new-data,ioandanielc/sph_v2,d69dac5bda8b622bc0de316b112815c6056c06ec,T0_depth_um,"[""geometry_monitor_available"",""geometry_parse_ok"",""geometry_target_ready"",""time_monitor_available"",""time_parse_ok"",""time_target_ready"",""physical_target_extraction_success""]",False,,,,False,False,False,,,31.32702065122731,88.40649960192415,retrospective oracle: latent variance plus held-out target-summary variance,1.0,P-279p19481345_VX-0p961152667742_LS-7p84955743249e-05_ST-372p579911887_M-TI64_XI-0p0002_XF-0p0014_XL-0p0012_TE-0p0021_DT-5p01909921797e-06_H-6ea4fcc339,False,False,Week 6 Phase 2 heteroskedastic-alpha engine
week7_phase3_new_data_noise_replication,6E5B5B7DD1D0B4311C2309F5F25EE422003057BB9160BD239C2DA1F7FA530128,depth,T0 penetration depth,C_heteroskedastic,89,P-282p804328276_VX-0p543976889672_LS-5p22197252327e-05_ST-303p777238342_M-TI64_XI-0p0002_XF-0p0014_XL-0p0012_TE-0p0021_DT-8p8682454983e-06_H-cfd320609e,90,False,146.44625,142.7483954111025,3.697854588897485,3.697854588897485,13.674128560630187,20.168639534952778,406.7740206908602,,,20.172355651117908,406.9239325151886,20.172355651117908,oracle retrospective latent variance plus held-out target-summary variance,3.939875449047029,,3.9400534921562906,3.9400534921562906,103.21786192259506,182.27892889960995,,,103.21057833491142,182.2862124872936,True,,True,"1.01**2 * Matern(length_scale=1.8, nu=1.5)",1.7957419791593479,1.0223189492617601,,,,,0.14991182432844713,0.3871844835843078,1.0007551761152664e-06,1.3290501195510408e-06,0.005127692517292425,observation-specific target-summary variance plus numerical floor,1e-06,False,True,163,164,True,True,True,False,"[""P"",""VX"",""LS"",""ST""]",104.28265883435581,72.96654733955485,"[277.7500688420859,0.632382237947626,59.688021601837406,349.91118557215344]","[101.48521890017336,0.2235914703445038,15.363553255573414,30.160596797129898]",282.804328276,0.543976889672,52.2197252327,303.777238342,2887847002,fmin_l_bfgs_b,1,-65.81919809701557,2.111731700017117,0,0,,completed_without_convergence_warning,False,False,,False,,False,,False,matern32_heteroskedastic_alpha,146.44625,142.7483954111025,3.697854588897485,3.697854588897485,13.674128560630187,um,Matérn 3/2 + heteroskedastic alpha,Gaussian process,Matérn 3/2,C_heteroskedastic_alpha,True,False,new-data,ioandanielc/sph_v2,d69dac5bda8b622bc0de316b112815c6056c06ec,T0_depth_um,"[""geometry_monitor_available"",""geometry_parse_ok"",""geometry_target_ready"",""time_monitor_available"",""time_parse_ok"",""time_target_ready"",""physical_target_extraction_success""]",False,,,,False,False,False,,,103.21057833491142,182.2862124872936,retrospective oracle: latent variance plus held-out target-summary variance,1.0,P-282p804328276_VX-0p543976889672_LS-5p22197252327e-05_ST-303p777238342_M-TI64_XI-0p0002_XF-0p0014_XL-0p0012_TE-0p0021_DT-8p8682454983e-06_H-cfd320609e,False,False,Week 6 Phase 2 heteroskedastic-alpha engine
week7_phase3_new_data_noise_replication,6E5B5B7DD1D0B4311C2309F5F25EE422003057BB9160BD239C2DA1F7FA530128,depth,T0 penetration depth,C_heteroskedastic,90,P-287p102038097_VX-0p362628106341_LS-6p67475186474e-05_ST-334p763632341_M-TI64_XI-0p0002_XF-0p0014_XL-0p0012_TE-0p0021_DT-1p33032175903e-05_H-c5f6eebf67,91,False,90.68274,104.82940480263888,-14.146664802638881,14.146664802638881,200.12812503822178,18.098522271040963,327.5565083953657,,,18.09852257664951,327.5565194574921,18.09852257664951,oracle retrospective latent variance plus held-out target-summary variance,4.120255237788318,,4.120255244357364,4.120255244357364,69.35630115139858,140.30250845387917,,,69.35630055240583,140.30250905287193,True,,True,"1.02**2 * Matern(length_scale=1.81, nu=1.5)",1.8128526172254686,1.0345779740004653,,,,,1.1062126292983628e-05,0.0033259774943591586,1.0007538091502453e-06,1.330528161977961e-06,0.005118412550403202,observation-specific target-summary variance plus numerical floor,1e-06,False,True,163,164,True,True,True,False,"[""P"",""VX"",""LS"",""ST""]",104.62476625766872,73.03267650516462,"[277.7237025241657,0.6334948071705157,59.59889403487605,349.7210849954725]","[101.48334405619345,0.22269582525574708,15.364480472919789,30.352514055797045]",287.102038097,0.362628106341,66.7475186474,334.763632341,773888613,fmin_l_bfgs_b,1,-65.13474856203408,1.7232720999745652,0,0,,completed_without_convergence_warning,False,False,,False,,False,,False,matern32_heteroskedastic_alpha,90.68274,104.82940480263888,-14.146664802638881,14.146664802638881,200.12812503822178,um,Matérn 3/2 + heteroskedastic alpha,Gaussian process,Matérn 3/2,C_heteroskedastic_alpha,True,False,new-data,ioandanielc/sph_v2,d69dac5bda8b622bc0de316b112815c6056c06ec,T0_depth_um,"[""geometry_monitor_available"",""geometry_parse_ok"",""geometry_target_ready"",""time_monitor_available"",""time_parse_ok"",""time_target_ready"",""physical_target_extraction_success""]",False,,,,False,False,False,,,69.35630055240583,140.30250905287193,retrospective oracle: latent variance plus held-out target-summary variance,1.0,P-287p102038097_VX-0p362628106341_LS-6p67475186474e-05_ST-334p763632341_M-TI64_XI-0p0002_XF-0p0014_XL-0p0012_TE-0p0021_DT-1p33032175903e-05_H-c5f6eebf67,False,False,Week 6 Phase 2 heteroskedastic-alpha engine
week7_phase3_new_data_noise_replication,6E5B5B7DD1D0B4311C2309F5F25EE422003057BB9160BD239C2DA1F7FA530128,depth,T0 penetration depth,C_heteroskedastic,91,P-292p980726174_VX-0p558994342483_LS-6p4603431573e-05_ST-342p453415035_M-TI64_XI-0p0002_XF-0p0014_XL-0p0012_TE-0p0021_DT-8p62999897564e-06_H-0e4c2fc094,92,False,86.701255,109.28700134978315,-22.58574634978315,22.58574634978315,510.1159381767429,17.82200557978907,317.6238828860328,,,17.82263579578479,317.64634670918934,17.82263579578479,oracle retrospective latent variance plus held-out target-summary variance,4.602391357823318,,4.602369929700406,4.602369929700406,74.35587041339657,144.21813228616975,,,74.35463519004497,144.21936750952133,True,,True,"1.01**2 * Matern(length_scale=1.81, nu=1.5)",1.8092339392430528,1.0294886250062185,,,,,0.022463823156615152,0.14987936201030197,1.0007539192539435e-06,1.328502471975591e-06,0.005119160015523387,observation-specific target-summary variance plus numerical floor,1e-06,False,True,163,164,True,True,True,False,"[""P"",""VX"",""LS"",""ST""]",104.64919254601226,73.02734339996826,"[277.6876369531411,0.6322901063352887,59.61204794330796,349.6739084145277]","[101.47896004495003,0.22362478260468857,15.36967627373831,30.36974463464616]",292.980726174,0.558994342483,64.603431573,342.453415035,3790577250,fmin_l_bfgs_b,1,-64.86139998517152,1.3758755999733694,0,0,,completed_without_convergence_warning,False,False,,False,,False,,False,matern32_heteroskedastic_alpha,86.701255,109.28700134978315,-22.58574634978315,22.58574634978315,510.1159381767429,um,Matérn 3/2 + heteroskedastic alpha,Gaussian process,Matérn 3/2,C_heteroskedastic_alpha,True,False,new-data,ioandanielc/sph_v2,d69dac5bda8b622bc0de316b112815c6056c06ec,T0_depth_um,"[""geometry_monitor_available"",""geometry_parse_ok"",""geometry_target_ready"",""time_monitor_available"",""time_parse_ok"",""time_target_ready"",""physical_target_extraction_success""]",False,,,,False,False,False,,,74.35463519004497,144.21936750952133,retrospective oracle: latent variance plus held-out target-summary variance,1.0,P-292p980726174_VX-0p558994342483_LS-6p4603431573e-05_ST-342p453415035_M-TI64_XI-0p0002_XF-0p0014_XL-0p0012_TE-0p0021_DT-8p62999897564e-06_H-0e4c2fc094,False,False,Week 6 Phase 2 heteroskedastic-alpha engine
week7_phase3_new_data_noise_replication,6E5B5B7DD1D0B4311C2309F5F25EE422003057BB9160BD239C2DA1F7FA530128,depth,T0 penetration depth,C_heteroskedastic,92,P-293p577290228_VX-0p952339824621_LS-7p01980103413e-05_ST-347p682708595_M-TI64_XI-0p0002_XF-0p0014_XL-0p0012_TE-0p0021_DT-5p06554538443e-06_H-1d842653b1,93,False,66.066525,65.55552343483673,0.5110015651632693,0.5110015651632693,0.261122599599311,17.51782425676902,306.8741666910451,,,17.517826357284346,306.8742402839661,17.517826357284346,oracle retrospective latent variance plus held-out target-summary variance,3.782582880236433,,3.782583000041714,3.782583000041714,31.22058789156945,99.89045897810401,,,31.220583774559415,99.89046309511404,True,,True,"1.01**2 * Matern(length_scale=1.8, nu=1.5)",1.8019836234429372,1.0239801166711409,,,,,7.359292100641826e-05,0.008578631651167817,1.0007549345778129e-06,1.3310216363609883e-06,0.005126052782890187,observation-specific target-summary variance plus numerical floor,1e-06,False,True,163,164,True,True,True,False,"[""P"",""VX"",""LS"",""ST""]",104.77578598159509,72.97821904270329,"[277.68397705096936,0.6298769438681844,59.577725374177284,349.6418268589449]","[101.47839766483652,0.22227632051222473,15.35223489218605,30.37459276097028]",293.577290228,0.952339824621,70.19801034129999,347.682708595,171019883,fmin_l_bfgs_b,1,-65.49376661427462,1.8598315000417642,0,0,,completed_without_convergence_warning,False,False,,False,,False,,False,matern32_heteroskedastic_alpha,66.066525,65.55552343483673,0.5110015651632693,0.5110015651632693,0.261122599599311,um,Matérn 3/2 + heteroskedastic alpha,Gaussian process,Matérn 3/2,C_heteroskedastic_alpha,True,False,new-data,ioandanielc/sph_v2,d69dac5bda8b622bc0de316b112815c6056c06ec,T0_depth_um,"[""geometry_monitor_available"",""geometry_parse_ok"",""geometry_target_ready"",""time_monitor_available"",""time_parse_ok"",""time_target_ready"",""physical_target_extraction_success""]",False,,,,False,False,False,,,31.220583774559415,99.89046309511404,retrospective oracle: latent variance plus held-out target-summary variance,1.0,P-293p577290228_VX-0p952339824621_LS-7p01980103413e-05_ST-347p682708595_M-TI64_XI-0p0002_XF-0p0014_XL-0p0012_TE-0p0021_DT-5p06554538443e-06_H-1d842653b1,False,False,Week 6 Phase 2 heteroskedastic-alpha engine
week7_phase3_new_data_noise_replication,6E5B5B7DD1D0B4311C2309F5F25EE422003057BB9160BD239C2DA1F7FA530128,depth,T0 penetration depth,C_heteroskedastic,93,P-293p648784497_VX-0p426690912013_LS-5p33940457289e-05_ST-351p677261216_M-TI64_XI-0p0002_XF-0p0014_XL-0p0012_TE-0p0021_DT-1p13058902058e-05_H-5799d46da7,94,False,236.99555,161.11970684536337,75.87584315463664,75.87584315463664,5757.14357442702,20.092674936298657,403.71558609576425,,,20.11369111183928,404.56057014248245,20.11369111183928,oracle retrospective latent variance plus held-out target-summary variance,11.049491163861441,,11.035644117124892,11.035644117124892,121.73806397021801,200.50134972050873,,,121.69687226615838,200.54254142456836,False,,False,"1.05**2 * Matern(length_scale=1.91, nu=1.5)",1.9103741945162058,1.0972162186861167,,,,,0.8449840467181877,0.9192301380602073,1.0007692570074814e-06,1.335185535082676e-06,0.0052232840002538385,observation-specific target-summary variance plus numerical floor,1e-06,False,True,163,164,True,True,True,False,"[""P"",""VX"",""LS"",""ST""]",103.72714165644172,72.29565368244702,"[277.68353843582213,0.6331017838228347,59.68081718161532,349.6173204011473]","[101.4783288144619,0.2231165879438596,15.366777994284044,30.374552088733754]",293.648784497,0.426690912013,53.3940457289,351.677261216,3562612841,fmin_l_bfgs_b,1,-60.26101158044139,1.8947611000039615,0,0,,completed_without_convergence_warning,False,False,,False,,False,,False,matern32_heteroskedastic_alpha,236.99555,161.11970684536337,75.87584315463664,75.87584315463664,5757.14357442702,um,Matérn 3/2 + heteroskedastic alpha,Gaussian process,Matérn 3/2,C_heteroskedastic_alpha,True,False,new-data,ioandanielc/sph_v2,d69dac5bda8b622bc0de316b112815c6056c06ec,T0_depth_um,"[""geometry_monitor_available"",""geometry_parse_ok"",""geometry_target_ready"",""time_monitor_available"",""time_parse_ok"",""time_target_ready"",""physical_target_extraction_success""]",False,,,,False,False,False,,,121.69687226615838,200.54254142456836,retrospective oracle: latent variance plus held-out target-summary variance,0.0,P-293p648784497_VX-0p426690912013_LS-5p33940457289e-05_ST-351p677261216_M-TI64_XI-0p0002_XF-0p0014_XL-0p0012_TE-0p0021_DT-1p13058902058e-05_H-5799d46da7,False,False,Week 6 Phase 2 heteroskedastic-alpha engine
week7_phase3_new_data_noise_replication,6E5B5B7DD1D0B4311C2309F5F25EE422003057BB9160BD239C2DA1F7FA530128,depth,T0 penetration depth,C_heteroskedastic,94,P-307p26373251_VX-0p980958450675_LS-7p64412572662e-05_ST-372p845922747_M-TI64_XI-0p0002_XF-0p0014_XL-0p0012_TE-0p0021_DT-4p91776241868e-06_H-0e4c2fc094,95,False,62.78201,67.15450982856377,-4.372499828563775,4.372499828563775,19.118754750790245,15.951531064181857,254.45134329155877,,,15.951605228389944,254.4537093623974,15.951605228389944,oracle retrospective latent variance plus held-out target-summary variance,3.726061936107773,,3.726066236107898,3.726066236107898,35.889508942767335,98.41951071436021,,,35.889363580919486,98.41965607620807,True,,True,"1.01**2 * Matern(length_scale=1.81, nu=1.5)",1.806654691084436,1.0268882697572046,,,,,0.0023660708386096154,0.0486422741924102,1.0007551652192868e-06,1.3290453718858307e-06,0.005127618547346024,observation-specific target-summary variance plus numerical floor,1e-06,False,True,163,164,True,True,True,False,"[""P"",""VX"",""LS"",""ST""]",104.79593638036809,72.96707374034682,"[277.6000111473988,0.629701369475215,59.539423245803654,349.4874513120001]","[101.4595483680742,0.22201007789535618,15.317864095567655,30.32016405867129]",307.26373251,0.980958450675,76.4412572662,372.845922747,1659499285,fmin_l_bfgs_b,1,-65.58774710784981,2.1754472000175156,0,0,,completed_without_convergence_warning,False,False,,False,,False,,False,matern32_heteroskedastic_alpha,62.78201,67.15450982856377,-4.372499828563775,4.372499828563775,19.118754750790245,um,Matérn 3/2 + heteroskedastic alpha,Gaussian process,Matérn 3/2,C_heteroskedastic_alpha,True,False,new-data,ioandanielc/sph_v2,d69dac5bda8b622bc0de316b112815c6056c06ec,T0_depth_um,"[""geometry_monitor_available"",""geometry_parse_ok"",""geometry_target_ready"",""time_monitor_available"",""time_parse_ok"",""time_target_ready"",""physical_target_extraction_success""]",False,,,,False,False,False,,,35.889363580919486,98.41965607620807,retrospective oracle: latent variance plus held-out target-summary variance,1.0,P-307p26373251_VX-0p980958450675_LS-7p64412572662e-05_ST-372p845922747_M-TI64_XI-0p0002_XF-0p0014_XL-0p0012_TE-0p0021_DT-4p91776241868e-06_H-0e4c2fc094,False,False,Week 6 Phase 2 heteroskedastic-alpha engine
week7_phase3_new_data_noise_replication,6E5B5B7DD1D0B4311C2309F5F25EE422003057BB9160BD239C2DA1F7FA530128,depth,T0 penetration depth,C_heteroskedastic,95,P-307p533441342_VX-0p76958695679_LS-6p29715413405e-05_ST-358p843506265_M-TI64_XI-0p0002_XF-0p0014_XL-0p0012_TE-0p0021_DT-6p26845421489e-06_H-0602c4a780,96,False,78.19757999999999,79.0634375358197,-0.865857535819714,0.865857535819714,0.7497092723357873,14.000347097905044,196.0097188618182,,,14.00044989378658,196.01259722842866,14.00044989378658,oracle retrospective latent variance plus held-out target-summary variance,3.559933084044266,,3.5599403983149873,3.5599403983149873,51.62275722392582,106.50411784771359,,,51.62255574399801,106.5043193276414,True,,True,"1.01**2 * Matern(length_scale=1.79, nu=1.5)",1.7928760613831152,1.0186631141235305,,,,,0.0028783666104809764,0.05365041109330828,1.0007542472361938e-06,1.3286453824788728e-06,0.005121386600971271,observation-specific target-summary variance plus numerical floor,1e-06,False,True,163,164,True,True,True,False,"[""P"",""VX"",""LS"",""ST""]",104.70136233128834,73.0114638079236,"[277.5983564919878,0.6309981271064113,59.62205953982636,349.57335570759517]","[101.45906238264966,0.22343608954273808,15.372392596431354,30.366351288821324]",307.533441342,0.76958695679,62.9715413405,358.843506265,3372514330,fmin_l_bfgs_b,1,-65.90137936499954,2.421635700040497,0,0,,completed_without_convergence_warning,False,False,,False,,False,,False,matern32_heteroskedastic_alpha,78.19757999999999,79.0634375358197,-0.865857535819714,0.865857535819714,0.7497092723357873,um,Matérn 3/2 + heteroskedastic alpha,Gaussian process,Matérn 3/2,C_heteroskedastic_alpha,True,False,new-data,ioandanielc/sph_v2,d69dac5bda8b622bc0de316b112815c6056c06ec,T0_depth_um,"[""geometry_monitor_available"",""geometry_parse_ok"",""geometry_target_ready"",""time_monitor_available"",""time_parse_ok"",""time_target_ready"",""physical_target_extraction_success""]",False,,,,False,False,False,,,51.62255574399801,106.5043193276414,retrospective oracle: latent variance plus held-out target-summary variance,1.0,P-307p533441342_VX-0p76958695679_LS-6p29715413405e-05_ST-358p843506265_M-TI64_XI-0p0002_XF-0p0014_XL-0p0012_TE-0p0021_DT-6p26845421489e-06_H-0602c4a780,False,False,Week 6 Phase 2 heteroskedastic-alpha engine
week7_phase3_new_data_noise_replication,6E5B5B7DD1D0B4311C2309F5F25EE422003057BB9160BD239C2DA1F7FA530128,depth,T0 penetration depth,C_heteroskedastic,96,P-308p624203673_VX-0p258745269308_LS-8p46230110859e-05_ST-352p536460601_M-TI64_XI-0p0002_XF-0p0014_XL-0p0012_TE-0p0021_DT-1p86442852305e-05_H-19ea1511f8,97,False,86.29448500000001,103.99997120439075,-17.705486204390738,17.705486204390738,313.48424173387076,28.89303971288542,834.8077438503741,,,28.89394458189395,834.8600335015589,28.89394458189395,oracle retrospective latent variance plus held-out target-summary variance,4.47029760451682,,4.470317162077771,4.470317162077771,47.36961336713532,160.63032904164618,,,47.367839823878604,160.6321025849029,True,,True,"1.02**2 * Matern(length_scale=1.82, nu=1.5)",1.8150825046010879,1.0314614683597731,,,,,0.052289651184616696,0.22866930529613436,1.0007539320622184e-06,1.328508052878281e-06,0.005119246967541818,observation-specific target-summary variance plus numerical floor,1e-06,False,True,163,164,True,True,True,False,"[""P"",""VX"",""LS"",""ST""]",104.65168806748466,73.0267230799721,"[277.5916646985461,0.634132125189123,59.48922843709384,349.61204923927613]","[101.45705178459073,0.22176916275726313,15.248835716623454,30.374119596525826]",308.624203673,0.258745269308,84.6230110859,352.536460601,1029548238,fmin_l_bfgs_b,1,-64.66842731713754,2.3186997000011615,0,0,,completed_without_convergence_warning,False,False,,False,,False,,False,matern32_heteroskedastic_alpha,86.29448500000001,103.99997120439075,-17.705486204390738,17.705486204390738,313.48424173387076,um,Matérn 3/2 + heteroskedastic alpha,Gaussian process,Matérn 3/2,C_heteroskedastic_alpha,True,False,new-data,ioandanielc/sph_v2,d69dac5bda8b622bc0de316b112815c6056c06ec,T0_depth_um,"[""geometry_monitor_available"",""geometry_parse_ok"",""geometry_target_ready"",""time_monitor_available"",""time_parse_ok"",""time_target_ready"",""physical_target_extraction_success""]",False,,,,False,False,False,,,47.367839823878604,160.6321025849029,retrospective oracle: latent variance plus held-out target-summary variance,1.0,P-308p624203673_VX-0p258745269308_LS-8p46230110859e-05_ST-352p536460601_M-TI64_XI-0p0002_XF-0p0014_XL-0p0012_TE-0p0021_DT-1p86442852305e-05_H-19ea1511f8,False,False,Week 6 Phase 2 heteroskedastic-alpha engine
week7_phase3_new_data_noise_replication,6E5B5B7DD1D0B4311C2309F5F25EE422003057BB9160BD239C2DA1F7FA530128,depth,T0 penetration depth,C_heteroskedastic,97,P-310p791038761_VX-0p793031296086_LS-6p97064070297e-05_ST-311p244290057_M-TI64_XI-0p0002_XF-0p0014_XL-0p0012_TE-0p0021_DT-6p08314025792e-06_H-9f078c62f6,98,False,74.55759,76.72404705316464,-2.1664570531646348,2.1664570531646348,4.693536163206793,17.99999085842475,323.9996709033745,,,17.999998461301615,323.99994460686054,17.999998461301615,oracle retrospective latent variance plus held-out target-summary variance,3.8165529019554456,,3.816553318218893,3.816553318218893,41.444064970652136,112.00402913567714,,,41.44405006901347,112.00404403731581,True,,True,"1.01**2 * Matern(length_scale=1.8, nu=1.5)",1.7982962393134483,1.0234295711093366,,,,,0.0002737034860003942,0.016543986399909612,1.0007544263378718e-06,1.3307987847101489e-06,0.005122602475273252,observation-specific target-summary variance plus numerical floor,1e-06,False,True,163,164,True,True,True,False,"[""P"",""VX"",""LS"",""ST""]",104.72369355828222,73.00279679087797,"[277.5783712317485,0.630854296803982,59.58074134541409,349.8653754389326]","[101.45284281527832,0.22333926405809143,15.354272544646975,30.224894350421472]",310.791038761,0.793031296086,69.7064070297,311.244290057,3118791033,fmin_l_bfgs_b,1,-65.7688356037022,1.398725600040052,0,0,,completed_without_convergence_warning,False,False,,False,,False,,False,matern32_heteroskedastic_alpha,74.55759,76.72404705316464,-2.1664570531646348,2.1664570531646348,4.693536163206793,um,Matérn 3/2 + heteroskedastic alpha,Gaussian process,Matérn 3/2,C_heteroskedastic_alpha,True,False,new-data,ioandanielc/sph_v2,d69dac5bda8b622bc0de316b112815c6056c06ec,T0_depth_um,"[""geometry_monitor_available"",""geometry_parse_ok"",""geometry_target_ready"",""time_monitor_available"",""time_parse_ok"",""time_target_ready"",""physical_target_extraction_success""]",False,,,,False,False,False,,,41.44405006901347,112.00404403731581,retrospective oracle: latent variance plus held-out target-summary variance,1.0,P-310p791038761_VX-0p793031296086_LS-6p97064070297e-05_ST-311p244290057_M-TI64_XI-0p0002_XF-0p0014_XL-0p0012_TE-0p0021_DT-6p08314025792e-06_H-9f078c62f6,False,False,Week 6 Phase 2 heteroskedastic-alpha engine
week7_phase3_new_data_noise_replication,6E5B5B7DD1D0B4311C2309F5F25EE422003057BB9160BD239C2DA1F7FA530128,depth,T0 penetration depth,C_heteroskedastic,98,P-311p847977036_VX-0p831533579891_LS-6p59632228328e-05_ST-369p023839283_M-TI64_XI-0p0002_XF-0p0014_XL-0p0012_TE-0p0021_DT-5p80147419139e-06_H-0602c4a780,99,False,74.35231999999999,72.00439188018589,2.3479281198140995,2.3479281198140995,5.512766455813773,17.1140357880552,292.8902209548342,,,17.114043228652207,292.89047563217645,17.114043228652207,oracle retrospective latent variance plus held-out target-summary variance,3.7682484436792882,,3.7682488702618304,3.7682488702618304,38.4608817355977,105.54790202477409,,,38.46086715202757,105.54791660834422,True,,True,"1.01**2 * Matern(length_scale=1.8, nu=1.5)",1.7964187625488914,1.0211575010361607,,,,,0.000254677342268924,0.01595861341937087,1.0007544371302036e-06,1.330803516902083e-06,0.005122675741582089,observation-specific target-summary variance plus numerical floor,1e-06,False,True,163,164,True,True,True,False,"[""P"",""VX"",""LS"",""ST""]",104.72495288343559,73.00227463125151,"[277.5718869478528,0.63061808647389,59.603705665640476,349.5108996768099]","[101.45068604517867,0.22314717267412437,15.366595471778737,30.33673702016662]",311.847977036,0.831533579891,65.9632228328,369.023839283,849693532,fmin_l_bfgs_b,1,-65.67638492931249,2.3592085000127554,0,0,,completed_without_convergence_warning,False,False,,False,,False,,False,matern32_heteroskedastic_alpha,74.35231999999999,72.00439188018589,2.3479281198140995,2.3479281198140995,5.512766455813773,um,Matérn 3/2 + heteroskedastic alpha,Gaussian process,Matérn 3/2,C_heteroskedastic_alpha,True,False,new-data,ioandanielc/sph_v2,d69dac5bda8b622bc0de316b112815c6056c06ec,T0_depth_um,"[""geometry_monitor_available"",""geometry_parse_ok"",""geometry_target_ready"",""time_monitor_available"",""time_parse_ok"",""time_target_ready"",""physical_target_extraction_success""]",False,,,,False,False,False,,,38.46086715202757,105.54791660834422,retrospective oracle: latent variance plus held-out target-summary variance,1.0,P-311p847977036_VX-0p831533579891_LS-6p59632228328e-05_ST-369p023839283_M-TI64_XI-0p0002_XF-0p0014_XL-0p0012_TE-0p0021_DT-5p80147419139e-06_H-0602c4a780,False,False,Week 6 Phase 2 heteroskedastic-alpha engine
week7_phase3_new_data_noise_replication,6E5B5B7DD1D0B4311C2309F5F25EE422003057BB9160BD239C2DA1F7FA530128,depth,T0 penetration depth,C_heteroskedastic,99,P-319p96920879_VX-0p866402209965_LS-6p35942162539e-05_ST-320p061265262_M-TI64_XI-0p0002_XF-0p0014_XL-0p0012_TE-0p0021_DT-5p56799203364e-06_H-560be51b32,100,False,74.00761,71.18311279427374,2.82449720572626,2.82449720572626,7.977784465155451,19.534640222025228,381.6021686039658,,,19.535154402658602,381.62225753571175,19.535154402658602,oracle retrospective latent variance plus held-out target-summary variance,3.90158085693051,,3.9016066278078854,3.9016066278078854,32.89521795910429,109.47100762944319,,,32.89421016506288,109.4720154234846,True,,True,"1.01**2 * Matern(length_scale=1.8, nu=1.5)",1.7986707405270883,1.0223337382442335,,,,,0.020088931745986312,0.14173542869017017,1.0007544554201343e-06,1.3287360937038867e-06,0.005122799907123988,observation-specific target-summary variance plus numerical floor,1e-06,False,True,163,164,True,True,True,False,"[""P"",""VX"",""LS"",""ST""]",104.72706766871164,73.00138974487461,"[277.52206344015957,0.6304041684979758,59.61823944833311,349.8112835665093]","[101.43184449829508,0.2229376527494259,15.37148236887749,30.28601260503251]",319.96920879,0.866402209965,63.5942162539,320.061265262,818207983,fmin_l_bfgs_b,1,-65.53536465323644,2.2355503999860957,0,0,,completed_without_convergence_warning,False,False,,False,,False,,False,matern32_heteroskedastic_alpha,74.00761,71.18311279427374,2.82449720572626,2.82449720572626,7.977784465155451,um,Matérn 3/2 + heteroskedastic alpha,Gaussian process,Matérn 3/2,C_heteroskedastic_alpha,True,False,new-data,ioandanielc/sph_v2,d69dac5bda8b622bc0de316b112815c6056c06ec,T0_depth_um,"[""geometry_monitor_available"",""geometry_parse_ok"",""geometry_target_ready"",""time_monitor_available"",""time_parse_ok"",""time_target_ready"",""physical_target_extraction_success""]",False,,,,False,False,False,,,32.89421016506288,109.4720154234846,retrospective oracle: latent variance plus held-out target-summary variance,1.0,P-319p96920879_VX-0p866402209965_LS-6p35942162539e-05_ST-320p061265262_M-TI64_XI-0p0002_XF-0p0014_XL-0p0012_TE-0p0021_DT-5p56799203364e-06_H-560be51b32,False,False,Week 6 Phase 2 heteroskedastic-alpha engine
week7_phase3_new_data_noise_replication,6E5B5B7DD1D0B4311C2309F5F25EE422003057BB9160BD239C2DA1F7FA530128,depth,T0 penetration depth,C_heteroskedastic,100,P-323p763442528_VX-0p850556183123_LS-6p97450047543e-05_ST-350p102665969_M-TI64_XI-0p0002_XF-0p0014_XL-0p0012_TE-0p0021_DT-5p67172480635e-06_H-fe613e406c,101,False,74.37824,69.5546029810593,4.823637018940701,4.823637018940701,23.267474090495135,18.570792140808326,344.8743207371083,,,18.570810760787563,344.87501231298313,18.570810760787563,oracle retrospective latent variance plus held-out target-summary variance,3.8742618302337393,,3.8742627652367405,3.8742627652367405,33.155850385074984,105.95335557704362,,,33.155813889915684,105.95339207220292,True,,True,"1.01**2 * Matern(length_scale=1.8, nu=1.5)",1.8001301326694918,1.0247805165359942,,,,,0.0006915758747895941,0.026297830229689942,1.0007544357633474e-06,1.3308029175667446e-06,0.005122666462354066,observation-specific target-summary variance plus numerical floor,1e-06,False,True,163,164,True,True,True,False,"[""P"",""VX"",""LS"",""ST""]",104.72479386503068,73.00234076250494,"[277.49878593256443,0.630501383386577,59.58050454955765,349.6269804946872]","[101.42166478954464,0.2230370644973105,15.35411608488391,30.374955291791544]",323.763442528,0.850556183123,69.7450047543,350.102665969,1643726001,fmin_l_bfgs_b,1,-65.52892278649807,1.84460680000484,0,0,,completed_without_convergence_warning,False,False,,False,,False,,False,matern32_heteroskedastic_alpha,74.37824,69.5546029810593,4.823637018940701,4.823637018940701,23.267474090495135,um,Matérn 3/2 + heteroskedastic alpha,Gaussian process,Matérn 3/2,C_heteroskedastic_alpha,True,False,new-data,ioandanielc/sph_v2,d69dac5bda8b622bc0de316b112815c6056c06ec,T0_depth_um,"[""geometry_monitor_available"",""geometry_parse_ok"",""geometry_target_ready"",""time_monitor_available"",""time_parse_ok"",""time_target_ready"",""physical_target_extraction_success""]",False,,,,False,False,False,,,33.155813889915684,105.95339207220292,retrospective oracle: latent variance plus held-out target-summary variance,1.0,P-323p763442528_VX-0p850556183123_LS-6p97450047543e-05_ST-350p102665969_M-TI64_XI-0p0002_XF-0p0014_XL-0p0012_TE-0p0021_DT-5p67172480635e-06_H-fe613e406c,False,False,Week 6 Phase 2 heteroskedastic-alpha engine
week7_phase3_new_data_noise_replication,6E5B5B7DD1D0B4311C2309F5F25EE422003057BB9160BD239C2DA1F7FA530128,depth,T0 penetration depth,C_heteroskedastic,101,P-324p489523844_VX-0p639524903021_LS-7p4699050731e-05_ST-392p096101418_M-TI64_XI-0p0002_XF-0p0014_XL-0p0012_TE-0p0021_DT-7p54328811939e-06_H-eed8ed7ef3,102,False,86.342,90.11394911278312,-3.771949112783119,3.771949112783119,14.227600109425358,29.85326528303554,891.2174480592951,,,29.853330450395312,891.2213389804999,29.853330450395312,oracle retrospective latent variance plus held-out target-summary variance,4.323214871658493,,4.323217019729893,4.323217019729893,31.601549158033457,148.62634906753277,,,31.60142143000831,148.62647679555792,True,,True,"1.02**2 * Matern(length_scale=1.8, nu=1.5)",1.8034398410468109,1.0302875656182737,,,,,0.0038909212049198323,0.06237724909708533,1.0007539305511592e-06,1.3285073944699927e-06,0.005119236709357293,observation-specific target-summary variance plus numerical floor,1e-06,False,True,163,164,True,True,True,False,"[""P"",""VX"",""LS"",""ST""]",104.65139656441718,73.02679626154496,"[277.4943314459632,0.6317960538166507,59.550111629455195,349.3693520563498]","[101.4196167609353,0.22369719912040775,15.32904209041571,30.191186348985557]",324.489523844,0.639524903021,74.699050731,392.096101418,401335419,fmin_l_bfgs_b,1,-65.34209232425714,2.3173376000486314,0,0,,completed_without_convergence_warning,False,False,,False,,False,,False,matern32_heteroskedastic_alpha,86.342,90.11394911278312,-3.771949112783119,3.771949112783119,14.227600109425358,um,Matérn 3/2 + heteroskedastic alpha,Gaussian process,Matérn 3/2,C_heteroskedastic_alpha,True,False,new-data,ioandanielc/sph_v2,d69dac5bda8b622bc0de316b112815c6056c06ec,T0_depth_um,"[""geometry_monitor_available"",""geometry_parse_ok"",""geometry_target_ready"",""time_monitor_available"",""time_parse_ok"",""time_target_ready"",""physical_target_extraction_success""]",False,,,,False,False,False,,,31.60142143000831,148.62647679555792,retrospective oracle: latent variance plus held-out target-summary variance,1.0,P-324p489523844_VX-0p639524903021_LS-7p4699050731e-05_ST-392p096101418_M-TI64_XI-0p0002_XF-0p0014_XL-0p0012_TE-0p0021_DT-7p54328811939e-06_H-eed8ed7ef3,False,False,Week 6 Phase 2 heteroskedastic-alpha engine
week7_phase3_new_data_noise_replication,6E5B5B7DD1D0B4311C2309F5F25EE422003057BB9160BD239C2DA1F7FA530128,depth,T0 penetration depth,C_heteroskedastic,102,P-326p931045044_VX-0p255856443683_LS-6p48737236991e-05_ST-399p817710522_M-TI64_XI-0p0002_XF-0p0014_XL-0p0012_TE-0p0021_DT-1p88547942494e-05_H-9cf0389d20,103,False,94.37197,133.94630304436313,-39.57433304436313,39.57433304436313,1566.1278359061714,40.135143230552565,1610.8297221369694,,,40.13514390500352,1610.829776275341,40.13514390500352,oracle retrospective latent variance plus held-out target-summary variance,5.097315450911097,,5.097315451377436,5.097315451377436,55.2814223124801,212.61118377624615,,,55.28142099055624,212.61118509817004,True,,True,"1.01**2 * Matern(length_scale=1.81, nu=1.5)",1.8079257443369816,1.0183129796803674,,,,,5.413837139278592e-05,0.007357878185508776,1.000753731838311e-06,1.330494262453777e-06,0.005117887699965429,observation-specific target-summary variance plus numerical floor,1e-06,False,True,163,164,True,True,True,False,"[""P"",""VX"",""LS"",""ST""]",104.60213294478527,73.03642197033834,"[277.47935278829453,0.6341498480457182,59.610389709405496,349.32198022135594]","[101.4124943932775,0.22173904523760943,15.369123073197692,30.11796163811373]",326.931045044,0.255856443683,64.8737236991,399.817710522,3890781987,fmin_l_bfgs_b,1,-64.12106346546426,3.1617972999811172,0,0,,completed_without_convergence_warning,False,False,,False,,False,,False,matern32_heteroskedastic_alpha,94.37197,133.94630304436313,-39.57433304436313,39.57433304436313,1566.1278359061714,um,Matérn 3/2 + heteroskedastic alpha,Gaussian process,Matérn 3/2,C_heteroskedastic_alpha,True,False,new-data,ioandanielc/sph_v2,d69dac5bda8b622bc0de316b112815c6056c06ec,T0_depth_um,"[""geometry_monitor_available"",""geometry_parse_ok"",""geometry_target_ready"",""time_monitor_available"",""time_parse_ok"",""time_target_ready"",""physical_target_extraction_success""]",False,,,,False,False,False,,,55.28142099055624,212.61118509817004,retrospective oracle: latent variance plus held-out target-summary variance,1.0,P-326p931045044_VX-0p255856443683_LS-6p48737236991e-05_ST-399p817710522_M-TI64_XI-0p0002_XF-0p0014_XL-0p0012_TE-0p0021_DT-1p88547942494e-05_H-9cf0389d20,False,False,Week 6 Phase 2 heteroskedastic-alpha engine
week7_phase3_new_data_noise_replication,6E5B5B7DD1D0B4311C2309F5F25EE422003057BB9160BD239C2DA1F7FA530128,depth,T0 penetration depth,C_heteroskedastic,103,P-328p176471421_VX-0p746856862244_LS-5p78341655667e-05_ST-308p284457774_M-TI64_XI-0p0002_XF-0p0014_XL-0p0012_TE-0p0021_DT-6p45923047225e-06_H-354781c6a2,104,False,81.858095,73.38465652168429,8.473438478315714,8.473438478315714,71.79915964580132,16.07339040230295,258.3538790248446,,,16.091626120923138,258.9404312155758,16.091626120923138,oracle retrospective latent variance plus held-out target-summary variance,3.835058731930343,,3.8358778560982465,3.8358778560982465,41.880811333170506,104.88850171019808,,,41.84506932467494,104.92424371869365,True,,True,"1.01**2 * Matern(length_scale=1.8, nu=1.5)",1.7990319987487688,1.0231760042823832,,,,,0.5865521907312357,0.7658669536748767,1.0007540905396298e-06,1.3285771056596196e-06,0.005120322829109262,observation-specific target-summary variance plus numerical floor,1e-06,False,True,163,164,True,True,True,False,"[""P"",""VX"",""LS"",""ST""]",104.6789051840491,73.0190491379638,"[277.47171213567486,0.6311375755392089,59.65357718261041,349.88353391919634]","[101.4087213133698,0.22351543342335115,15.373961049265581,30.200787444606313]",328.176471421,0.746856862244,57.8341655667,308.284457774,1412268345,fmin_l_bfgs_b,1,-65.76142745323591,2.1735928999842145,0,0,,completed_without_convergence_warning,False,False,,False,,False,,False,matern32_heteroskedastic_alpha,81.858095,73.38465652168429,8.473438478315714,8.473438478315714,71.79915964580132,um,Matérn 3/2 + heteroskedastic alpha,Gaussian process,Matérn 3/2,C_heteroskedastic_alpha,True,False,new-data,ioandanielc/sph_v2,d69dac5bda8b622bc0de316b112815c6056c06ec,T0_depth_um,"[""geometry_monitor_available"",""geometry_parse_ok"",""geometry_target_ready"",""time_monitor_available"",""time_parse_ok"",""time_target_ready"",""physical_target_extraction_success""]",False,,,,False,False,False,,,41.84506932467494,104.92424371869365,retrospective oracle: latent variance plus held-out target-summary variance,1.0,P-328p176471421_VX-0p746856862244_LS-5p78341655667e-05_ST-308p284457774_M-TI64_XI-0p0002_XF-0p0014_XL-0p0012_TE-0p0021_DT-6p45923047225e-06_H-354781c6a2,False,False,Week 6 Phase 2 heteroskedastic-alpha engine
week7_phase3_new_data_noise_replication,6E5B5B7DD1D0B4311C2309F5F25EE422003057BB9160BD239C2DA1F7FA530128,depth,T0 penetration depth,C_heteroskedastic,104,P-335p17845091_VX-0p53366627312_LS-7p35439468085e-05_ST-327p916348879_M-TI64_XI-0p0002_XF-0p0014_XL-0p0012_TE-0p0021_DT-9p03958306155e-06_H-1d842653b1,105,False,90.5894,84.53186266680724,6.057537333192755,6.057537333192755,36.693758543023996,18.551204509921728,344.1471887689403,,,18.55782300885436,344.3927948279643,18.55782300885436,oracle retrospective latent variance plus held-out target-summary variance,3.89278439420154,,3.893103080601715,3.893103080601715,48.17150182736066,120.89222350625383,,,48.158529569452696,120.90519576416179,True,,True,"1.01**2 * Matern(length_scale=1.8, nu=1.5)",1.800101348302217,1.0257818746646796,,,,,0.24560605902396687,0.4955865807545306,1.0007538114144963e-06,1.328455483488748e-06,0.005118427921810049,observation-specific target-summary variance plus numerical floor,1e-06,False,True,163,164,True,True,True,False,"[""P"",""VX"",""LS"",""ST""]",104.62533889570553,73.03256681961126,"[277.4287552062945,0.632445493263896,59.557198156587106,349.7630928694725]","[101.38574795329349,0.2235649909796721,15.335775241294717,30.327034860863424]",335.17845091,0.53366627312,73.5439468085,327.916348879,1571598238,fmin_l_bfgs_b,1,-65.6210918610459,2.608867699978873,0,0,,completed_without_convergence_warning,False,False,,False,,False,,False,matern32_heteroskedastic_alpha,90.5894,84.53186266680724,6.057537333192755,6.057537333192755,36.693758543023996,um,Matérn 3/2 + heteroskedastic alpha,Gaussian process,Matérn 3/2,C_heteroskedastic_alpha,True,False,new-data,ioandanielc/sph_v2,d69dac5bda8b622bc0de316b112815c6056c06ec,T0_depth_um,"[""geometry_monitor_available"",""geometry_parse_ok"",""geometry_target_ready"",""time_monitor_available"",""time_parse_ok"",""time_target_ready"",""physical_target_extraction_success""]",False,,,,False,False,False,,,48.158529569452696,120.90519576416179,retrospective oracle: latent variance plus held-out target-summary variance,1.0,P-335p17845091_VX-0p53366627312_LS-7p35439468085e-05_ST-327p916348879_M-TI64_XI-0p0002_XF-0p0014_XL-0p0012_TE-0p0021_DT-9p03958306155e-06_H-1d842653b1,False,False,Week 6 Phase 2 heteroskedastic-alpha engine
week7_phase3_new_data_noise_replication,6E5B5B7DD1D0B4311C2309F5F25EE422003057BB9160BD239C2DA1F7FA530128,depth,T0 penetration depth,C_heteroskedastic,105,P-336p384535968_VX-0p857000372961_LS-5p14827567032e-05_ST-367p720955238_M-TI64_XI-0p0002_XF-0p0014_XL-0p0012_TE-0p0021_DT-5p62907643359e-06_H-1d842653b1,106,False,77.66257,73.89712105116523,3.7654489488347735,3.7654489488347735,14.178605786280901,16.811861067852828,282.6386725647856,,,16.812525604756544,282.6610172105944,16.812525604756544,oracle retrospective latent variance plus held-out target-summary variance,3.7661057515057146,,3.766143295782573,3.766143295782573,40.945873358173685,106.84836874415677,,,40.9445708658424,106.84967123648806,True,,True,"1.01**2 * Matern(length_scale=1.8, nu=1.5)",1.797693721981127,1.0211117283816369,,,,,0.022344645808787453,0.14948125571049856,1.0007542721044942e-06,1.3286562182521809e-06,0.005121555425337645,observation-specific target-summary variance plus numerical floor,1e-06,False,True,163,164,True,True,True,False,"[""P"",""VX"",""LS"",""ST""]",104.70464460122699,73.01026020648871,"[277.4213559114602,0.6304618484795954,59.6925428811595,349.51889283046023]","[101.38148891720833,0.22299748006209827,15.361246161897487,30.34170520647719]",336.384535968,0.857000372961,51.4827567032,367.720955238,2011241369,fmin_l_bfgs_b,1,-65.63647730002205,2.096645899990108,0,0,,completed_without_convergence_warning,False,False,,False,,False,,False,matern32_heteroskedastic_alpha,77.66257,73.89712105116523,3.7654489488347735,3.7654489488347735,14.178605786280901,um,Matérn 3/2 + heteroskedastic alpha,Gaussian process,Matérn 3/2,C_heteroskedastic_alpha,True,False,new-data,ioandanielc/sph_v2,d69dac5bda8b622bc0de316b112815c6056c06ec,T0_depth_um,"[""geometry_monitor_available"",""geometry_parse_ok"",""geometry_target_ready"",""time_monitor_available"",""time_parse_ok"",""time_target_ready"",""physical_target_extraction_success""]",False,,,,False,False,False,,,40.9445708658424,106.84967123648806,retrospective oracle: latent variance plus held-out target-summary variance,1.0,P-336p384535968_VX-0p857000372961_LS-5p14827567032e-05_ST-367p720955238_M-TI64_XI-0p0002_XF-0p0014_XL-0p0012_TE-0p0021_DT-5p62907643359e-06_H-1d842653b1,False,False,Week 6 Phase 2 heteroskedastic-alpha engine
week7_phase3_new_data_noise_replication,6E5B5B7DD1D0B4311C2309F5F25EE422003057BB9160BD239C2DA1F7FA530128,depth,T0 penetration depth,C_heteroskedastic,106,P-339p704237738_VX-0p701398887747_LS-5p24684299583e-05_ST-300p218383071_M-TI64_XI-0p0002_XF-0p0014_XL-0p0012_TE-0p0021_DT-6p87785607775e-06_H-1d842653b1,107,False,85.48333000000001,98.33121078595217,-12.847880785952157,12.847880785952157,165.0680406900386,17.691722982911102,312.9970621040649,,,17.701979178013282,313.36006681881577,17.701979178013282,oracle retrospective latent variance plus held-out target-summary variance,4.055724876341505,,4.055998960585204,4.055998960585204,63.65543373944641,133.00698783245792,,,63.63533159704613,133.0270899748582,True,,True,"1.01**2 * Matern(length_scale=1.79, nu=1.5)",1.7937785734164984,1.0146134382506249,,,,,0.36300471475083995,0.6024987259329599,1.0007539584671366e-06,1.328519558196471e-06,0.005119426223603951,observation-specific target-summary variance plus numerical floor,1e-06,False,True,163,164,True,True,True,False,"[""P"",""VX"",""LS"",""ST""]",104.65666447852763,73.0254443082508,"[277.40098964293253,0.6314164588183316,59.686495805974836,349.9330190400737]","[101.3693077338053,0.22363125470699094,15.364282509363958,30.125884089808235]",339.704237738,0.701398887747,52.4684299583,300.218383071,1594977775,fmin_l_bfgs_b,1,-65.62656319460089,2.7785394999664277,0,0,,completed_without_convergence_warning,False,False,,False,,False,,False,matern32_heteroskedastic_alpha,85.48333000000001,98.33121078595217,-12.847880785952157,12.847880785952157,165.0680406900386,um,Matérn 3/2 + heteroskedastic alpha,Gaussian process,Matérn 3/2,C_heteroskedastic_alpha,True,False,new-data,ioandanielc/sph_v2,d69dac5bda8b622bc0de316b112815c6056c06ec,T0_depth_um,"[""geometry_monitor_available"",""geometry_parse_ok"",""geometry_target_ready"",""time_monitor_available"",""time_parse_ok"",""time_target_ready"",""physical_target_extraction_success""]",False,,,,False,False,False,,,63.63533159704613,133.0270899748582,retrospective oracle: latent variance plus held-out target-summary variance,1.0,P-339p704237738_VX-0p701398887747_LS-5p24684299583e-05_ST-300p218383071_M-TI64_XI-0p0002_XF-0p0014_XL-0p0012_TE-0p0021_DT-6p87785607775e-06_H-1d842653b1,False,False,Week 6 Phase 2 heteroskedastic-alpha engine
week7_phase3_new_data_noise_replication,6E5B5B7DD1D0B4311C2309F5F25EE422003057BB9160BD239C2DA1F7FA530128,depth,T0 penetration depth,C_heteroskedastic,107,P-340p203296502_VX-0p374609743194_LS-5p54750053524e-05_ST-307p813155606_M-TI64_XI-0p0002_XF-0p0014_XL-0p0012_TE-0p0021_DT-1p28777232591e-05_H-22f5435fc5,108,False,219.75115,248.07229351667064,-28.321143516670645,28.321143516670645,802.0871700918557,18.24206071475421,332.77277912077886,,,18.275027734343055,333.97663869100785,18.275027734343055,oracle retrospective latent variance plus held-out target-summary variance,5.027825912601059,,5.025287342726374,5.025287342726374,212.3178545157524,283.8267325175889,,,212.25323915735825,283.891347875983,True,,True,"1.04**2 * Matern(length_scale=1.84, nu=1.5)",1.8443381362937403,1.0780385030257587,,,,,1.2038595702289694,1.0972053455160384,1.0007653964743175e-06,1.333503399123371e-06,0.005197075853460262,observation-specific target-summary variance plus numerical floor,1e-06,False,True,163,164,True,True,True,False,"[""P"",""VX"",""LS"",""ST""]",103.83293552147241,72.47774801492254,"[277.397927932724,0.6334213001959574,59.66805055815826,349.88642534353994]","[101.36741835571277,0.22278322565346062,15.37113066104084,30.196781782443672]",340.203296502,0.374609743194,55.4750053524,307.813155606,1940419913,fmin_l_bfgs_b,1,-65.6313827971304,2.1232857000431977,0,0,,completed_without_convergence_warning,False,False,,False,,False,,False,matern32_heteroskedastic_alpha,219.75115,248.07229351667064,-28.321143516670645,28.321143516670645,802.0871700918557,um,Matérn 3/2 + heteroskedastic alpha,Gaussian process,Matérn 3/2,C_heteroskedastic_alpha,True,False,new-data,ioandanielc/sph_v2,d69dac5bda8b622bc0de316b112815c6056c06ec,T0_depth_um,"[""geometry_monitor_available"",""geometry_parse_ok"",""geometry_target_ready"",""time_monitor_available"",""time_parse_ok"",""time_target_ready"",""physical_target_extraction_success""]",False,,,,False,False,False,,,212.25323915735825,283.891347875983,retrospective oracle: latent variance plus held-out target-summary variance,1.0,P-340p203296502_VX-0p374609743194_LS-5p54750053524e-05_ST-307p813155606_M-TI64_XI-0p0002_XF-0p0014_XL-0p0012_TE-0p0021_DT-1p28777232591e-05_H-22f5435fc5,False,False,Week 6 Phase 2 heteroskedastic-alpha engine
week7_phase3_new_data_noise_replication,6E5B5B7DD1D0B4311C2309F5F25EE422003057BB9160BD239C2DA1F7FA530128,depth,T0 penetration depth,C_heteroskedastic,108,P-341p923576441_VX-0p300981342968_LS-7p54559898543e-05_ST-360p882535069_M-TI64_XI-0p0002_XF-0p0014_XL-0p0012_TE-0p0021_DT-1p60279722173e-05_H-1d842653b1,109,False,94.55746,78.27377571434806,16.283684285651944,16.283684285651944,265.15837391478806,27.583615069023722,760.8558202760726,,,27.583616270933675,760.8558865821169,27.583616270933675,oracle retrospective latent variance plus held-out target-summary variance,4.410410551943373,,4.410410580331391,4.410410580331391,24.209890179061567,132.33766124963455,,,24.209887823318063,132.33766360537805,True,,True,"1.02**2 * Matern(length_scale=1.82, nu=1.5)",1.8196013192138236,1.0403118721857403,,,,,6.630604448897355e-05,0.008142852355837822,1.0007537285784291e-06,1.330492833069714e-06,0.005117865569482204,observation-specific target-summary variance plus numerical floor,1e-06,False,True,163,164,True,True,True,False,"[""P"",""VX"",""LS"",""ST""]",104.60099496932517,73.03657991171296,"[277.3873740680675,0.633873008172804,59.54546783115274,349.5608463284295]","[101.36078905768854,0.22218255684721083,15.324336773149122,30.36210960178169]",341.923576441,0.300981342968,75.4559898543,360.882535069,3337575682,fmin_l_bfgs_b,1,-64.76162825604221,2.0820766999968328,0,0,,completed_without_convergence_warning,False,False,,False,,False,,False,matern32_heteroskedastic_alpha,94.55746,78.27377571434806,16.283684285651944,16.283684285651944,265.15837391478806,um,Matérn 3/2 + heteroskedastic alpha,Gaussian process,Matérn 3/2,C_heteroskedastic_alpha,True,False,new-data,ioandanielc/sph_v2,d69dac5bda8b622bc0de316b112815c6056c06ec,T0_depth_um,"[""geometry_monitor_available"",""geometry_parse_ok"",""geometry_target_ready"",""time_monitor_available"",""time_parse_ok"",""time_target_ready"",""physical_target_extraction_success""]",False,,,,False,False,False,,,24.209887823318063,132.33766360537805,retrospective oracle: latent variance plus held-out target-summary variance,1.0,P-341p923576441_VX-0p300981342968_LS-7p54559898543e-05_ST-360p882535069_M-TI64_XI-0p0002_XF-0p0014_XL-0p0012_TE-0p0021_DT-1p60279722173e-05_H-1d842653b1,False,False,Week 6 Phase 2 heteroskedastic-alpha engine
week7_phase3_new_data_noise_replication,6E5B5B7DD1D0B4311C2309F5F25EE422003057BB9160BD239C2DA1F7FA530128,depth,T0 penetration depth,C_heteroskedastic,109,P-342p674555398_VX-0p462731136977_LS-5p8783513777e-05_ST-328p309527448_M-TI64_XI-0p0002_XF-0p0014_XL-0p0012_TE-0p0021_DT-1p04253209208e-05_H-add9572a86,110,False,203.3425,188.86201132221842,14.48048867778158,14.48048867778158,209.68455234736052,20.42310106762001,417.1030572182216,,,20.470309788693733,419.03358284509045,20.470309788693733,oracle retrospective latent variance plus held-out target-summary variance,4.18696340462919,,4.188114242544246,4.188114242544246,148.83273322968319,228.89128941475366,,,148.7402041363787,228.98381850805814,True,,True,"1.01**2 * Matern(length_scale=1.79, nu=1.5)",1.7943369579593098,1.0266293155071682,,,,,1.9305256268688995,1.389433563315965,1.0007622510977971e-06,1.3321328757458939e-06,0.005175722717489145,observation-specific target-summary variance plus numerical floor,1e-06,False,True,163,164,True,True,True,False,"[""P"",""VX"",""LS"",""ST""]",103.93360208588958,72.62713127988083,"[277.38276683520246,0.6328806781482089,59.647752960461325,349.7606807310123]","[101.35783842708264,0.22330309326084027,15.374469373697467,30.328756716609444]",342.674555398,0.462731136977,58.783513777,328.309527448,3676997956,fmin_l_bfgs_b,1,-66.13840585738255,2.4551714999834076,0,0,,completed_without_convergence_warning,False,False,,False,,False,,False,matern32_heteroskedastic_alpha,203.3425,188.86201132221842,14.48048867778158,14.48048867778158,209.68455234736052,um,Matérn 3/2 + heteroskedastic alpha,Gaussian process,Matérn 3/2,C_heteroskedastic_alpha,True,False,new-data,ioandanielc/sph_v2,d69dac5bda8b622bc0de316b112815c6056c06ec,T0_depth_um,"[""geometry_monitor_available"",""geometry_parse_ok"",""geometry_target_ready"",""time_monitor_available"",""time_parse_ok"",""time_target_ready"",""physical_target_extraction_success""]",False,,,,False,False,False,,,148.7402041363787,228.98381850805814,retrospective oracle: latent variance plus held-out target-summary variance,1.0,P-342p674555398_VX-0p462731136977_LS-5p8783513777e-05_ST-328p309527448_M-TI64_XI-0p0002_XF-0p0014_XL-0p0012_TE-0p0021_DT-1p04253209208e-05_H-add9572a86,False,False,Week 6 Phase 2 heteroskedastic-alpha engine
week7_phase3_new_data_noise_replication,6E5B5B7DD1D0B4311C2309F5F25EE422003057BB9160BD239C2DA1F7FA530128,depth,T0 penetration depth,C_heteroskedastic,110,P-347p783460623_VX-0p850325890926_LS-5p3362114496e-05_ST-354p131736173_M-TI64_XI-0p0002_XF-0p0014_XL-0p0012_TE-0p0021_DT-5p67326086915e-06_H-d1ce08951f,111,False,78.28754,86.95652018360816,-8.668980183608156,8.668980183608156,75.1512174237909,17.585765524663092,309.25914908842896,,,17.585783355089877,309.25977621215617,17.585783355089877,oracle retrospective latent variance plus held-out target-summary variance,3.9075303425783834,,3.907531110105897,3.907531110105897,52.4884197552685,121.42462061194783,,,52.488384807632,121.42465555958432,True,,True,"1.01**2 * Matern(length_scale=1.8, nu=1.5)",1.8015363437918035,1.0250209983784495,,,,,0.0006271237271547189,0.025042438522530484,1.0007542431039425e-06,1.3307184408010526e-06,0.005121358548201207,observation-specific target-summary variance plus numerical floor,1e-06,False,True,163,164,True,True,True,False,"[""P"",""VX"",""LS"",""ST""]",104.70081042944786,73.01166381061694,"[277.351423858362,0.6305027962221414,59.68101307874967,349.60226227257675]","[101.33685125311844,0.22303845770339864,15.36669764493906,30.372918699677385]",347.783460623,0.850325890926,53.362114496,354.131736173,1573982105,fmin_l_bfgs_b,1,-65.47781178365385,1.9662590000079945,0,0,,completed_without_convergence_warning,False,False,,False,,False,,False,matern32_heteroskedastic_alpha,78.28754,86.95652018360816,-8.668980183608156,8.668980183608156,75.1512174237909,um,Matérn 3/2 + heteroskedastic alpha,Gaussian process,Matérn 3/2,C_heteroskedastic_alpha,True,False,new-data,ioandanielc/sph_v2,d69dac5bda8b622bc0de316b112815c6056c06ec,T0_depth_um,"[""geometry_monitor_available"",""geometry_parse_ok"",""geometry_target_ready"",""time_monitor_available"",""time_parse_ok"",""time_target_ready"",""physical_target_extraction_success""]",False,,,,False,False,False,,,52.488384807632,121.42465555958432,retrospective oracle: latent variance plus held-out target-summary variance,1.0,P-347p783460623_VX-0p850325890926_LS-5p3362114496e-05_ST-354p131736173_M-TI64_XI-0p0002_XF-0p0014_XL-0p0012_TE-0p0021_DT-5p67326086915e-06_H-d1ce08951f,False,False,Week 6 Phase 2 heteroskedastic-alpha engine
week7_phase3_new_data_noise_replication,6E5B5B7DD1D0B4311C2309F5F25EE422003057BB9160BD239C2DA1F7FA530128,depth,T0 penetration depth,C_heteroskedastic,111,P-348p497115387_VX-0p94790268949_LS-7p31988762132e-05_ST-305p038657876_M-TI64_XI-0p0002_XF-0p0014_XL-0p0012_TE-0p0021_DT-5p08925721649e-06_H-1d842653b1,112,False,70.402365,70.17195454033569,0.23041045966431284,0.23041045966431284,0.05308897992271994,16.96756583519065,287.898290371529,,,16.967569658745024,287.89842012436475,16.967569658745024,oracle retrospective latent variance plus held-out target-summary variance,3.7503343637984448,,3.7503345891017625,3.7503345891017625,36.91552550336201,103.42838357730938,,,36.915518009195445,103.42839107147594,True,,True,"1.02**2 * Matern(length_scale=1.81, nu=1.5)",1.8102282616360015,1.0314739715054049,,,,,0.00012975283572143388,0.011390910223570102,1.0007546592143105e-06,1.330900895730243e-06,0.005124183412318486,observation-specific target-summary variance plus numerical floor,1e-06,False,True,163,164,True,True,True,False,"[""P"",""VX"",""LS"",""ST""]",104.74918573619632,72.99153214138164,"[277.3470456082761,0.6299041655561047,59.55931515410428,349.9034468020062]","[101.33379268549322,0.2223155349968522,15.337681933088033,30.172269014143495]",348.497115387,0.94790268949,73.19887621320001,305.038657876,2468825865,fmin_l_bfgs_b,1,-65.69727796561995,1.923413799959235,0,0,,completed_without_convergence_warning,False,False,,False,,False,,False,matern32_heteroskedastic_alpha,70.402365,70.17195454033569,0.23041045966431284,0.23041045966431284,0.05308897992271994,um,Matérn 3/2 + heteroskedastic alpha,Gaussian process,Matérn 3/2,C_heteroskedastic_alpha,True,False,new-data,ioandanielc/sph_v2,d69dac5bda8b622bc0de316b112815c6056c06ec,T0_depth_um,"[""geometry_monitor_available"",""geometry_parse_ok"",""geometry_target_ready"",""time_monitor_available"",""time_parse_ok"",""time_target_ready"",""physical_target_extraction_success""]",False,,,,False,False,False,,,36.915518009195445,103.42839107147594,retrospective oracle: latent variance plus held-out target-summary variance,1.0,P-348p497115387_VX-0p94790268949_LS-7p31988762132e-05_ST-305p038657876_M-TI64_XI-0p0002_XF-0p0014_XL-0p0012_TE-0p0021_DT-5p08925721649e-06_H-1d842653b1,False,False,Week 6 Phase 2 heteroskedastic-alpha engine
week7_phase3_new_data_noise_replication,6E5B5B7DD1D0B4311C2309F5F25EE422003057BB9160BD239C2DA1F7FA530128,depth,T0 penetration depth,C_heteroskedastic,112,P-352p513614722_VX-0p929202686833_LS-7p33895545023e-05_ST-314p010655484_M-TI64_XI-0p0002_XF-0p0014_XL-0p0012_TE-0p0021_DT-5p19167741481e-06_H-1553ff852f,113,False,70.61674000000001,71.92836977585097,-1.3116297758509603,1.3116297758509603,1.7203726688988403,14.921278048558001,222.64453860237887,,,14.921279693557794,222.6445876933802,14.921279693557794,oracle retrospective latent variance plus held-out target-summary variance,3.62559028062788,,3.6255903900212445,3.6255903900212445,42.68266480067729,101.17407475102465,,,42.68266157647769,101.17407797522424,True,,True,"1.01**2 * Matern(length_scale=1.81, nu=1.5)",1.805511720349528,1.02702391859281,,,,,4.9091001300200075e-05,0.00700649707772722,1.0007546464576833e-06,1.3308953022393746e-06,0.005124096810922105,observation-specific target-summary variance plus numerical floor,1e-06,False,True,163,164,True,True,True,False,"[""P"",""VX"",""LS"",""ST""]",104.74787055214725,72.99214906724967,"[277.3224045080614,0.6300188894987857,59.55814534864968,349.84840387189575]","[101.31599839058323,0.2224747237107746,15.336634291453157,30.24579179957018]",352.513614722,0.929202686833,73.3895545023,314.010655484,7996861,fmin_l_bfgs_b,1,-65.80271982933444,2.1072477999841794,0,0,,completed_without_convergence_warning,False,False,,False,,False,,False,matern32_heteroskedastic_alpha,70.61674000000001,71.92836977585097,-1.3116297758509603,1.3116297758509603,1.7203726688988403,um,Matérn 3/2 + heteroskedastic alpha,Gaussian process,Matérn 3/2,C_heteroskedastic_alpha,True,False,new-data,ioandanielc/sph_v2,d69dac5bda8b622bc0de316b112815c6056c06ec,T0_depth_um,"[""geometry_monitor_available"",""geometry_parse_ok"",""geometry_target_ready"",""time_monitor_available"",""time_parse_ok"",""time_target_ready"",""physical_target_extraction_success""]",False,,,,False,False,False,,,42.68266157647769,101.17407797522424,retrospective oracle: latent variance plus held-out target-summary variance,1.0,P-352p513614722_VX-0p929202686833_LS-7p33895545023e-05_ST-314p010655484_M-TI64_XI-0p0002_XF-0p0014_XL-0p0012_TE-0p0021_DT-5p19167741481e-06_H-1553ff852f,False,False,Week 6 Phase 2 heteroskedastic-alpha engine
week7_phase3_new_data_noise_replication,6E5B5B7DD1D0B4311C2309F5F25EE422003057BB9160BD239C2DA1F7FA530128,depth,T0 penetration depth,C_heteroskedastic,113,P-353p971838789_VX-0p831374608218_LS-4p0859447809e-05_ST-397p346534493_M-TI64_XI-0p0002_XF-0p0014_XL-0p0012_TE-0p0021_DT-5p80258352291e-06_H-eac21b41c2,114,False,82.59679,89.62779552452928,-7.031005524529277,7.031005524529277,49.43503868596122,14.809922617164833,219.33380792641046,,,14.813839608199215,219.44984393745187,14.813839608199215,oracle retrospective latent variance plus held-out target-summary variance,3.726929549771819,,3.72713441130885,3.72713441130885,60.600347194886204,118.65524385417234,,,60.592669892458815,118.66292115659974,True,,True,"1.01**2 * Matern(length_scale=1.8, nu=1.5)",1.7993112276274945,1.0195709382907328,,,,,0.11603601104142397,0.3406405892453569,1.0007540617628012e-06,1.3285645668376337e-06,0.005120127470770116,observation-specific target-summary variance plus numerical floor,1e-06,False,True,163,164,True,True,True,False,"[""P"",""VX"",""LS"",""ST""]",104.67437331288345,73.02044241681396,"[277.3134583481412,0.6306190617602273,59.757716555357035,349.33714081049084]","[101.3092940413605,0.22314805044349542,15.303631990695665,30.142743885507308]",353.971838789,0.831374608218,40.859447809,397.346534493,3509882488,fmin_l_bfgs_b,1,-65.90204506113659,2.109412699996028,0,0,,completed_without_convergence_warning,False,False,,False,,False,,False,matern32_heteroskedastic_alpha,82.59679,89.62779552452928,-7.031005524529277,7.031005524529277,49.43503868596122,um,Matérn 3/2 + heteroskedastic alpha,Gaussian process,Matérn 3/2,C_heteroskedastic_alpha,True,False,new-data,ioandanielc/sph_v2,d69dac5bda8b622bc0de316b112815c6056c06ec,T0_depth_um,"[""geometry_monitor_available"",""geometry_parse_ok"",""geometry_target_ready"",""time_monitor_available"",""time_parse_ok"",""time_target_ready"",""physical_target_extraction_success""]",False,,,,False,False,False,,,60.592669892458815,118.66292115659974,retrospective oracle: latent variance plus held-out target-summary variance,1.0,P-353p971838789_VX-0p831374608218_LS-4p0859447809e-05_ST-397p346534493_M-TI64_XI-0p0002_XF-0p0014_XL-0p0012_TE-0p0021_DT-5p80258352291e-06_H-eac21b41c2,False,False,Week 6 Phase 2 heteroskedastic-alpha engine
week7_phase3_new_data_noise_replication,6E5B5B7DD1D0B4311C2309F5F25EE422003057BB9160BD239C2DA1F7FA530128,depth,T0 penetration depth,C_heteroskedastic,114,P-354p619445985_VX-0p364015239092_LS-5p30095356481e-05_ST-318p142674345_M-TI64_XI-0p0002_XF-0p0014_XL-0p0012_TE-0p0021_DT-1p32525237544e-05_H-1553ff852f,115,False,255.6717,219.35941296172615,36.31228703827384,36.31228703827384,1318.5821899499902,14.478834024627693,209.63663471271656,,,14.483265971491464,209.7649932009626,14.483265971491464,oracle retrospective latent variance plus held-out target-summary variance,6.736549493094577,,6.7349311168287365,6.7349311168287365,190.98089827345586,247.73792764999644,,,190.97221165760288,247.74661426584942,False,,False,"1.05**2 * Matern(length_scale=1.88, nu=1.5)",1.8788315696524664,1.1098618641566755,,,,,0.12835848824605167,0.3582715286567601,1.0007740989042124e-06,1.3372952769906003e-06,0.005256154366833652,observation-specific target-summary variance plus numerical floor,1e-06,False,True,163,164,True,True,True,False,"[""P"",""VX"",""LS"",""ST""]",103.61256404907975,72.06919864985728,"[277.30948529785894,0.6334862971536384,59.683176139166235,349.82305406293256]","[101.30627490534668,0.22270614915126571,15.365783184204915,30.27407295412994]",354.619445985,0.364015239092,53.0095356481,318.142674345,3437858587,fmin_l_bfgs_b,1,-64.83577912086977,2.0850965999998152,0,0,,completed_without_convergence_warning,False,False,,False,,False,,False,matern32_heteroskedastic_alpha,255.6717,219.35941296172615,36.31228703827384,36.31228703827384,1318.5821899499902,um,Matérn 3/2 + heteroskedastic alpha,Gaussian process,Matérn 3/2,C_heteroskedastic_alpha,True,False,new-data,ioandanielc/sph_v2,d69dac5bda8b622bc0de316b112815c6056c06ec,T0_depth_um,"[""geometry_monitor_available"",""geometry_parse_ok"",""geometry_target_ready"",""time_monitor_available"",""time_parse_ok"",""time_target_ready"",""physical_target_extraction_success""]",False,,,,False,False,False,,,190.97221165760288,247.74661426584942,retrospective oracle: latent variance plus held-out target-summary variance,0.0,P-354p619445985_VX-0p364015239092_LS-5p30095356481e-05_ST-318p142674345_M-TI64_XI-0p0002_XF-0p0014_XL-0p0012_TE-0p0021_DT-1p32525237544e-05_H-1553ff852f,False,False,Week 6 Phase 2 heteroskedastic-alpha engine
week7_phase3_new_data_noise_replication,6E5B5B7DD1D0B4311C2309F5F25EE422003057BB9160BD239C2DA1F7FA530128,depth,T0 penetration depth,C_heteroskedastic,115,P-355p313197397_VX-0p977425276438_LS-4p00293473664e-05_ST-317p253821106_M-TI64_XI-0p0002_XF-0p0014_XL-0p0012_TE-0p0021_DT-4p9355390323e-06_H-4dbd940f3b,116,False,74.3066,75.4013153916128,-1.0947153916127945,1.0947153916127945,1.198401788633954,23.390493662373718,547.115193769545,,,23.390497681682067,547.1153817967742,23.390497681682067,oracle retrospective latent variance plus held-out target-summary variance,4.0723634198908645,,4.072363591349585,4.072363591349585,29.555947813360312,121.24668296986528,,,29.555939935515944,121.24669084770966,True,,True,"1.01**2 * Matern(length_scale=1.81, nu=1.5)",1.8093076756619773,1.028383548185741,,,,,0.00018802722908977773,0.013712302107588562,1.00075443954406e-06,1.330804575323283e-06,0.005122692128621245,observation-specific target-summary variance plus numerical floor,1e-06,False,True,163,164,True,True,True,False,"[""P"",""VX"",""LS"",""ST""]",104.72523337423314,73.00215784444944,"[277.305229154227,0.6297230453907795,59.76280919610919,349.8285071502884]","[101.30301219501591,0.22204419665944292,15.297202835197885,30.26828546094618]",355.313197397,0.977425276438,40.0293473664,317.253821106,1143424009,fmin_l_bfgs_b,1,-65.25112191432063,1.9040345000103116,0,0,,completed_without_convergence_warning,False,False,,False,,False,,False,matern32_heteroskedastic_alpha,74.3066,75.4013153916128,-1.0947153916127945,1.0947153916127945,1.198401788633954,um,Matérn 3/2 + heteroskedastic alpha,Gaussian process,Matérn 3/2,C_heteroskedastic_alpha,True,False,new-data,ioandanielc/sph_v2,d69dac5bda8b622bc0de316b112815c6056c06ec,T0_depth_um,"[""geometry_monitor_available"",""geometry_parse_ok"",""geometry_target_ready"",""time_monitor_available"",""time_parse_ok"",""time_target_ready"",""physical_target_extraction_success""]",False,,,,False,False,False,,,29.555939935515944,121.24669084770966,retrospective oracle: latent variance plus held-out target-summary variance,1.0,P-355p313197397_VX-0p977425276438_LS-4p00293473664e-05_ST-317p253821106_M-TI64_XI-0p0002_XF-0p0014_XL-0p0012_TE-0p0021_DT-4p9355390323e-06_H-4dbd940f3b,False,False,Week 6 Phase 2 heteroskedastic-alpha engine
week7_phase3_new_data_noise_replication,6E5B5B7DD1D0B4311C2309F5F25EE422003057BB9160BD239C2DA1F7FA530128,depth,T0 penetration depth,C_heteroskedastic,116,P-358p08766286_VX-0p398145183006_LS-4p39068251559e-05_ST-301p093308231_M-TI64_XI-0p0002_XF-0p0014_XL-0p0012_TE-0p0021_DT-1p21164861687e-05_H-3d091b92d3,117,False,300.04735,248.5553333809653,51.4920166190347,51.4920166190347,2651.4277754949458,21.575461527550228,465.50054012680005,,,21.575513016725896,465.50276193490856,21.575513016725896,oracle retrospective latent variance plus held-out target-summary variance,6.838427169245971,,6.83841596275667,6.83841596275667,206.26742878696683,290.84323797496376,,,206.26732786818255,290.84333889374807,False,,False,"1.05**2 * Matern(length_scale=1.85, nu=1.5)",1.8507508861136541,1.0959660912415043,,,,,0.0022218081084569015,0.047136059534680044,1.000788513457664e-06,1.3435760775092964e-06,0.005354010988389479,observation-specific target-summary variance plus numerical floor,1e-06,False,True,163,164,True,True,True,False,"[""P"",""VX"",""LS"",""ST""]",103.340320797546,71.40742369814419,"[277.2882078937178,0.6332769109946568,59.73902098881163,349.9276514010553]","[101.28966964731548,0.22294323427493457,15.32483141239531,30.134662227046977]",358.08766286,0.398145183006,43.9068251559,301.093308231,3242611485,fmin_l_bfgs_b,1,-66.40873238593977,1.3770438999636099,0,0,,completed_without_convergence_warning,False,False,,False,,False,,False,matern32_heteroskedastic_alpha,300.04735,248.5553333809653,51.4920166190347,51.4920166190347,2651.4277754949458,um,Matérn 3/2 + heteroskedastic alpha,Gaussian process,Matérn 3/2,C_heteroskedastic_alpha,True,False,new-data,ioandanielc/sph_v2,d69dac5bda8b622bc0de316b112815c6056c06ec,T0_depth_um,"[""geometry_monitor_available"",""geometry_parse_ok"",""geometry_target_ready"",""time_monitor_available"",""time_parse_ok"",""time_target_ready"",""physical_target_extraction_success""]",False,,,,False,False,False,,,206.26732786818255,290.84333889374807,retrospective oracle: latent variance plus held-out target-summary variance,0.0,P-358p08766286_VX-0p398145183006_LS-4p39068251559e-05_ST-301p093308231_M-TI64_XI-0p0002_XF-0p0014_XL-0p0012_TE-0p0021_DT-1p21164861687e-05_H-3d091b92d3,False,False,Week 6 Phase 2 heteroskedastic-alpha engine
week7_phase3_new_data_noise_replication,6E5B5B7DD1D0B4311C2309F5F25EE422003057BB9160BD239C2DA1F7FA530128,depth,T0 penetration depth,C_heteroskedastic,117,P-360p567405001_VX-0p20359066256_LS-4p0817768449e-05_ST-337p353350673_M-TI64_XI-0p0002_XF-0p0014_XL-0p0012_TE-0p0021_DT-2p36951957538e-05_H-a3855470b8,118,True,96.47332,156.62094042372934,-60.147620423729336,60.147620423729336,3617.7362426370223,21.41998051831729,458.8155654050922,,,21.423501290236437,458.9664075327623,21.423501290236437,oracle retrospective latent variance plus held-out target-summary variance,7.9257359997967285,,7.9246046368175325,7.9246046368175325,114.63777860782744,198.60410223963123,,,114.63087789486592,198.61100295259274,False,,False,"0.973**2 * Matern(length_scale=1.78, nu=1.5)",1.783627591271738,0.9461548050279159,,,,,0.15084212767017777,0.38838399512618665,1.0007536984209002e-06,1.3284062492033878e-06,0.005117660837930259,observation-specific target-summary variance plus numerical floor,1e-06,False,True,163,164,True,True,True,False,"[""P"",""VX"",""LS"",""ST""]",104.58924122699388,73.03804109345377,"[277.2729947517485,0.6344704970096628,59.75797225695212,349.70519715294483]","[101.27734590714,0.2211532130044906,15.303315874308277,30.359660659360877]",360.567405001,0.20359066256,40.817768449,337.353350673,3589161493,fmin_l_bfgs_b,1,-61.11300313014624,1.2379845000104979,0,0,,completed_without_convergence_warning,False,False,,False,,False,,False,matern32_heteroskedastic_alpha,96.47332,156.62094042372934,-60.147620423729336,60.147620423729336,3617.7362426370223,um,Matérn 3/2 + heteroskedastic alpha,Gaussian process,Matérn 3/2,C_heteroskedastic_alpha,True,False,new-data,ioandanielc/sph_v2,d69dac5bda8b622bc0de316b112815c6056c06ec,T0_depth_um,"[""geometry_monitor_available"",""geometry_parse_ok"",""geometry_target_ready"",""time_monitor_available"",""time_parse_ok"",""time_target_ready"",""physical_target_extraction_success""]",False,,,,False,False,False,,,114.63087789486592,198.61100295259274,retrospective oracle: latent variance plus held-out target-summary variance,0.0,P-360p567405001_VX-0p20359066256_LS-4p0817768449e-05_ST-337p353350673_M-TI64_XI-0p0002_XF-0p0014_XL-0p0012_TE-0p0021_DT-2p36951957538e-05_H-a3855470b8,False,False,Week 6 Phase 2 heteroskedastic-alpha engine
week7_phase3_new_data_noise_replication,6E5B5B7DD1D0B4311C2309F5F25EE422003057BB9160BD239C2DA1F7FA530128,depth,T0 penetration depth,C_heteroskedastic,118,P-363p673556898_VX-0p448546579177_LS-4p04529881073e-05_ST-391p93586396_M-TI64_XI-0p0002_XF-0p0014_XL-0p0012_TE-0p0021_DT-1p07550047798e-05_H-f55fc58583,119,False,298.89750000000004,279.59752087418394,19.299979125816094,19.299979125816094,372.48919425693697,16.313324369645596,266.12455198927285,,,16.31616182919343,266.21713683642866,16.31616182919343,oracle retrospective latent variance plus held-out target-summary variance,4.410760718000702,,4.410691248013969,4.410691248013969,247.62340510967857,311.5716366386893,,,247.61784368896483,311.5771980594031,True,,True,"1.03**2 * Matern(length_scale=1.8, nu=1.5)",1.7997653366359314,1.0591420320563047,,,,,0.09258484715587204,0.3042775824076957,1.0007880857852642e-06,1.3433897293828075e-06,0.005351107632672768,observation-specific target-summary variance plus numerical floor,1e-06,False,True,163,164,True,True,True,False,"[""P"",""VX"",""LS"",""ST""]",103.34737509202454,71.42679648901165,"[277.2539386051411,0.6329676999752027,59.760210173158875,349.3703351082394]","[101.26137811912922,0.2232339939907373,15.300519017818523,30.192574913286794]",363.673556898,0.448546579177,40.4529881073,391.93586396,1213077411,fmin_l_bfgs_b,1,-68.79475971794932,2.1601248999941163,0,0,,completed_without_convergence_warning,False,False,,False,,False,,False,matern32_heteroskedastic_alpha,298.89750000000004,279.59752087418394,19.299979125816094,19.299979125816094,372.48919425693697,um,Matérn 3/2 + heteroskedastic alpha,Gaussian process,Matérn 3/2,C_heteroskedastic_alpha,True,False,new-data,ioandanielc/sph_v2,d69dac5bda8b622bc0de316b112815c6056c06ec,T0_depth_um,"[""geometry_monitor_available"",""geometry_parse_ok"",""geometry_target_ready"",""time_monitor_available"",""time_parse_ok"",""time_target_ready"",""physical_target_extraction_success""]",False,,,,False,False,False,,,247.61784368896483,311.5771980594031,retrospective oracle: latent variance plus held-out target-summary variance,1.0,P-363p673556898_VX-0p448546579177_LS-4p04529881073e-05_ST-391p93586396_M-TI64_XI-0p0002_XF-0p0014_XL-0p0012_TE-0p0021_DT-1p07550047798e-05_H-f55fc58583,False,False,Week 6 Phase 2 heteroskedastic-alpha engine
week7_phase3_new_data_noise_replication,6E5B5B7DD1D0B4311C2309F5F25EE422003057BB9160BD239C2DA1F7FA530128,depth,T0 penetration depth,C_heteroskedastic,119,P-364p483174853_VX-0p95103094401_LS-4p26115279421e-05_ST-393p929813999_M-TI64_XI-0p0002_XF-0p0014_XL-0p0012_TE-0p0021_DT-5p07251697056e-06_H-1ef68d8f61,120,False,74.45161,70.46137097032303,3.990239029676971,3.990239029676971,15.922007513957414,14.073059878638414,198.05101434774227,,,14.07307693925278,198.05149453812842,14.07307693925278,oracle retrospective latent variance plus held-out target-summary variance,3.603397589134549,,3.60339870396279,3.60339870396279,42.878173608191744,98.04456833245432,,,42.87814016938758,98.04460177125848,True,,True,"1.01**2 * Matern(length_scale=1.81, nu=1.5)",1.8054614468824235,1.0239195310033142,,,,,0.0004801903861559242,0.021913246819125737,1.000754431900672e-06,1.3308012238714566e-06,0.00512264023966408,observation-specific target-summary variance plus numerical floor,1e-06,False,True,163,164,True,True,True,False,"[""P"",""VX"",""LS"",""ST""]",104.7243437423313,73.0025276474881,"[277.2489716238221,0.6298849738105832,59.74696759748526,349.3581022859142]","[101.25711907464968,0.22228794569758786,15.316281432521993,30.1749174897414]",364.483174853,0.95103094401,42.6115279421,393.929813999,3218918092,fmin_l_bfgs_b,1,-65.8399597219165,2.062259200029075,0,0,,completed_without_convergence_warning,False,False,,False,,False,,False,matern32_heteroskedastic_alpha,74.45161,70.46137097032303,3.990239029676971,3.990239029676971,15.922007513957414,um,Matérn 3/2 + heteroskedastic alpha,Gaussian process,Matérn 3/2,C_heteroskedastic_alpha,True,False,new-data,ioandanielc/sph_v2,d69dac5bda8b622bc0de316b112815c6056c06ec,T0_depth_um,"[""geometry_monitor_available"",""geometry_parse_ok"",""geometry_target_ready"",""time_monitor_available"",""time_parse_ok"",""time_target_ready"",""physical_target_extraction_success""]",False,,,,False,False,False,,,42.87814016938758,98.04460177125848,retrospective oracle: latent variance plus held-out target-summary variance,1.0,P-364p483174853_VX-0p95103094401_LS-4p26115279421e-05_ST-393p929813999_M-TI64_XI-0p0002_XF-0p0014_XL-0p0012_TE-0p0021_DT-5p07251697056e-06_H-1ef68d8f61,False,False,Week 6 Phase 2 heteroskedastic-alpha engine
week7_phase3_new_data_noise_replication,6E5B5B7DD1D0B4311C2309F5F25EE422003057BB9160BD239C2DA1F7FA530128,depth,T0 penetration depth,C_heteroskedastic,120,P-367p938083726_VX-0p695829187084_LS-4p35800266683e-05_ST-364p389584597_M-TI64_XI-0p0002_XF-0p0014_XL-0p0012_TE-0p0021_DT-6p93290924348e-06_H-c87ffcf9e3,121,False,152.05270000000002,156.35610425280643,-4.303404252806416,4.303404252806416,18.51928816307235,6.9716899457617645,48.60446069983568,,,6.98004401268116,48.72101441896611,6.98004401268116,oracle retrospective latent variance plus held-out target-summary variance,3.0513063587488456,,3.052048174358117,3.052048174358117,142.69159195911337,170.0206165464995,,,142.67521798795136,170.0369905176615,True,,True,"1.01**2 * Matern(length_scale=1.8, nu=1.5)",1.800941740612384,1.0273291999416165,,,,,0.11655371913042034,0.3413996472324193,1.000755615294398e-06,1.329241481463616e-06,0.005130673989192915,observation-specific target-summary variance plus numerical floor,1e-06,False,True,163,164,True,True,True,False,"[""P"",""VX"",""LS"",""ST""]",104.24826343558281,72.94533942936246,"[277.2277758638651,0.6314506287610494,59.74102588750857,349.53933068715344]","[101.23849314443108,0.2236415193765705,15.322738485769026,30.352835013241176]",367.938083726,0.695829187084,43.5800266683,364.389584597,2330035395,fmin_l_bfgs_b,1,-66.68307663555365,2.245101100008469,0,0,,completed_without_convergence_warning,False,False,,False,,False,,False,matern32_heteroskedastic_alpha,152.05270000000002,156.35610425280643,-4.303404252806416,4.303404252806416,18.51928816307235,um,Matérn 3/2 + heteroskedastic alpha,Gaussian process,Matérn 3/2,C_heteroskedastic_alpha,True,False,new-data,ioandanielc/sph_v2,d69dac5bda8b622bc0de316b112815c6056c06ec,T0_depth_um,"[""geometry_monitor_available"",""geometry_parse_ok"",""geometry_target_ready"",""time_monitor_available"",""time_parse_ok"",""time_target_ready"",""physical_target_extraction_success""]",False,,,,False,False,False,,,142.67521798795136,170.0369905176615,retrospective oracle: latent variance plus held-out target-summary variance,1.0,P-367p938083726_VX-0p695829187084_LS-4p35800266683e-05_ST-364p389584597_M-TI64_XI-0p0002_XF-0p0014_XL-0p0012_TE-0p0021_DT-6p93290924348e-06_H-c87ffcf9e3,False,False,Week 6 Phase 2 heteroskedastic-alpha engine
week7_phase3_new_data_noise_replication,6E5B5B7DD1D0B4311C2309F5F25EE422003057BB9160BD239C2DA1F7FA530128,depth,T0 penetration depth,C_heteroskedastic,121,P-369p066732517_VX-0p471239257303_LS-5p48020687799e-05_ST-388p757421411_M-TI64_XI-0p0002_XF-0p0014_XL-0p0012_TE-0p0021_DT-1p02370940626e-05_H-1553ff852f,122,False,231.41035,214.65518509137505,16.75516490862495,16.75516490862495,280.7355511152169,28.439371970683414,808.7978780868934,,,28.439761329277346,808.8200244662592,28.439761329277346,oracle retrospective latent variance plus held-out target-summary variance,4.4402641727700365,,4.440273111485916,4.440273111485916,158.91401602883556,270.39635415391456,,,158.91325288599145,270.39711729675867,True,,True,"1.02**2 * Matern(length_scale=1.8, nu=1.5)",1.801222328655205,1.0426423372250189,,,,,0.02214637936577118,0.14881659640568046,1.0007679434202066e-06,1.334613170516256e-06,0.0052143664008807355,observation-specific target-summary variance plus numerical floor,1e-06,False,True,163,164,True,True,True,False,"[""P"",""VX"",""LS"",""ST""]",103.76140668711656,72.35745906560308,"[277.2208516381534,0.6328284810909942,59.67217900338832,349.38983475577925]","[101.2322499695582,0.22334186183327676,15.36991350196835,30.219021274168778]",369.066732517,0.471239257303,54.8020687799,388.757421411,2889311819,fmin_l_bfgs_b,1,-66.6083613265823,1.6848175000050105,0,0,,completed_without_convergence_warning,False,False,,False,,False,,False,matern32_heteroskedastic_alpha,231.41035,214.65518509137505,16.75516490862495,16.75516490862495,280.7355511152169,um,Matérn 3/2 + heteroskedastic alpha,Gaussian process,Matérn 3/2,C_heteroskedastic_alpha,True,False,new-data,ioandanielc/sph_v2,d69dac5bda8b622bc0de316b112815c6056c06ec,T0_depth_um,"[""geometry_monitor_available"",""geometry_parse_ok"",""geometry_target_ready"",""time_monitor_available"",""time_parse_ok"",""time_target_ready"",""physical_target_extraction_success""]",False,,,,False,False,False,,,158.91325288599145,270.39711729675867,retrospective oracle: latent variance plus held-out target-summary variance,1.0,P-369p066732517_VX-0p471239257303_LS-5p48020687799e-05_ST-388p757421411_M-TI64_XI-0p0002_XF-0p0014_XL-0p0012_TE-0p0021_DT-1p02370940626e-05_H-1553ff852f,False,False,Week 6 Phase 2 heteroskedastic-alpha engine
week7_phase3_new_data_noise_replication,6E5B5B7DD1D0B4311C2309F5F25EE422003057BB9160BD239C2DA1F7FA530128,depth,T0 penetration depth,C_heteroskedastic,122,P-370p938359136_VX-0p662619902131_LS-4p40125404953e-05_ST-395p513826563_M-TI64_XI-0p0002_XF-0p0014_XL-0p0012_TE-0p0021_DT-7p28037384253e-06_H-3273b99318,123,False,151.9794,142.9816240819375,8.997775918062501,8.997775918062501,80.9599714716655,15.72713768160121,247.34285965604067,,,15.784886060385636,249.16262793935678,15.784886060385636,oracle retrospective latent variance plus held-out target-summary variance,3.8379856751435306,,3.840455551552811,3.840455551552811,112.15643422599912,173.80681393787586,,,112.04324740358165,173.92000076029333,True,,True,"1.01**2 * Matern(length_scale=1.8, nu=1.5)",1.8025329877679206,1.028301786818814,,,,,1.8197682833160738,1.34898787367273,1.0007556091936711e-06,1.329238823216318e-06,0.005130632572959579,observation-specific target-summary variance plus numerical floor,1e-06,False,True,163,164,True,True,True,False,"[""P"",""VX"",""LS"",""ST""]",104.24871312883437,72.94563390611665,"[277.20936926625774,0.6316543667055464,59.73837242844722,349.3483844174234]","[101.2217249122869,0.22368494450619866,15.325499179613246,30.160302945830527]",370.938359136,0.662619902131,44.0125404953,395.513826563,128526954,fmin_l_bfgs_b,1,-66.05550966087041,1.9158347999909893,0,0,,completed_without_convergence_warning,False,False,,False,,False,,False,matern32_heteroskedastic_alpha,151.9794,142.9816240819375,8.997775918062501,8.997775918062501,80.9599714716655,um,Matérn 3/2 + heteroskedastic alpha,Gaussian process,Matérn 3/2,C_heteroskedastic_alpha,True,False,new-data,ioandanielc/sph_v2,d69dac5bda8b622bc0de316b112815c6056c06ec,T0_depth_um,"[""geometry_monitor_available"",""geometry_parse_ok"",""geometry_target_ready"",""time_monitor_available"",""time_parse_ok"",""time_target_ready"",""physical_target_extraction_success""]",False,,,,False,False,False,,,112.04324740358165,173.92000076029333,retrospective oracle: latent variance plus held-out target-summary variance,1.0,P-370p938359136_VX-0p662619902131_LS-4p40125404953e-05_ST-395p513826563_M-TI64_XI-0p0002_XF-0p0014_XL-0p0012_TE-0p0021_DT-7p28037384253e-06_H-3273b99318,False,False,Week 6 Phase 2 heteroskedastic-alpha engine
week7_phase3_new_data_noise_replication,6E5B5B7DD1D0B4311C2309F5F25EE422003057BB9160BD239C2DA1F7FA530128,depth,T0 penetration depth,C_heteroskedastic,123,P-372p630059968_VX-0p727703112845_LS-4p39975555357e-05_ST-362p949632289_M-TI64_XI-0p0002_XF-0p0014_XL-0p0012_TE-0p0021_DT-6p62924277478e-06_H-54d2aec398,124,False,143.55285,137.1498185277907,6.403031472209307,6.403031472209307,40.99881203410288,4.853672963060751,23.558141232346927,,,4.875630501277257,23.771772784985117,4.875630501277257,oracle retrospective latent variance plus held-out target-summary variance,3.368836549017007,,3.365530296480152,3.365530296480152,127.63661952019163,146.66301753538977,,,127.59358274528728,146.70605431029412,True,,True,"1.02**2 * Matern(length_scale=1.82, nu=1.5)",1.8151700799275512,1.0351529775251065,,,,,0.2136315526381867,0.46220293447595795,1.0007549711814713e-06,1.328960824499961e-06,0.005126301275524071,observation-specific target-summary variance plus numerical floor,1e-06,False,True,163,164,True,True,True,False,"[""P"",""VX"",""LS"",""ST""]",104.30040975460122,72.97644990088085,"[277.19899073354605,0.6312550832042334,59.7384643607147,349.54816475039274]","[101.21202690568713,0.22357119730494535,15.325404800379602,30.356946006390903]",372.630059968,0.727703112845,43.9975555357,362.949632289,560228498,fmin_l_bfgs_b,1,-66.28365287573605,2.9798835999681614,0,0,,completed_without_convergence_warning,False,False,,False,,False,,False,matern32_heteroskedastic_alpha,143.55285,137.1498185277907,6.403031472209307,6.403031472209307,40.99881203410288,um,Matérn 3/2 + heteroskedastic alpha,Gaussian process,Matérn 3/2,C_heteroskedastic_alpha,True,False,new-data,ioandanielc/sph_v2,d69dac5bda8b622bc0de316b112815c6056c06ec,T0_depth_um,"[""geometry_monitor_available"",""geometry_parse_ok"",""geometry_target_ready"",""time_monitor_available"",""time_parse_ok"",""time_target_ready"",""physical_target_extraction_success""]",False,,,,False,False,False,,,127.59358274528728,146.70605431029412,retrospective oracle: latent variance plus held-out target-summary variance,1.0,P-372p630059968_VX-0p727703112845_LS-4p39975555357e-05_ST-362p949632289_M-TI64_XI-0p0002_XF-0p0014_XL-0p0012_TE-0p0021_DT-6p62924277478e-06_H-54d2aec398,False,False,Week 6 Phase 2 heteroskedastic-alpha engine
week7_phase3_new_data_noise_replication,6E5B5B7DD1D0B4311C2309F5F25EE422003057BB9160BD239C2DA1F7FA530128,depth,T0 penetration depth,C_heteroskedastic,124,P-373p935133861_VX-0p314504521571_LS-4p29297292387e-05_ST-349p298273812_M-TI64_XI-0p0002_XF-0p0014_XL-0p0012_TE-0p0021_DT-1p53387956997e-05_H-c87ffcf9e3,125,False,296.376,285.4052701164126,10.970729883587353,10.970729883587353,120.35691417863657,9.73941685399052,94.8562406557946,,,9.760969277265986,95.27652123173046,9.760969277265986,oracle retrospective latent variance plus held-out target-summary variance,3.829537257077324,,3.828949198178026,3.828949198178026,266.3160130825912,304.49452715023403,,,266.2737703329713,304.53676989985394,True,,True,"1.03**2 * Matern(length_scale=1.81, nu=1.5)",1.8126300578920982,1.0648325257335352,,,,,0.4202805759358698,0.6482905027345919,1.0007871583728612e-06,1.3429856313771306e-06,0.005344811673185554,observation-specific target-summary variance plus numerical floor,1e-06,False,True,163,164,True,True,True,False,"[""P"",""VX"",""LS"",""ST""]",103.36284441717793,71.46886083051317,"[277.1909841452454,0.6337900438868961,59.74501544229139,349.63191541589583]","[101.20442540965199,0.22230428691730678,15.318444895159534,30.374966830494554]",373.935133861,0.314504521571,42.9297292387,349.298273812,2302922848,fmin_l_bfgs_b,1,-68.91793637797821,1.512903599999845,0,0,,completed_without_convergence_warning,False,False,,False,,False,,False,matern32_heteroskedastic_alpha,296.376,285.4052701164126,10.970729883587353,10.970729883587353,120.35691417863657,um,Matérn 3/2 + heteroskedastic alpha,Gaussian process,Matérn 3/2,C_heteroskedastic_alpha,True,False,new-data,ioandanielc/sph_v2,d69dac5bda8b622bc0de316b112815c6056c06ec,T0_depth_um,"[""geometry_monitor_available"",""geometry_parse_ok"",""geometry_target_ready"",""time_monitor_available"",""time_parse_ok"",""time_target_ready"",""physical_target_extraction_success""]",False,,,,False,False,False,,,266.2737703329713,304.53676989985394,retrospective oracle: latent variance plus held-out target-summary variance,1.0,P-373p935133861_VX-0p314504521571_LS-4p29297292387e-05_ST-349p298273812_M-TI64_XI-0p0002_XF-0p0014_XL-0p0012_TE-0p0021_DT-1p53387956997e-05_H-c87ffcf9e3,False,False,Week 6 Phase 2 heteroskedastic-alpha engine
week7_phase3_new_data_noise_replication,6E5B5B7DD1D0B4311C2309F5F25EE422003057BB9160BD239C2DA1F7FA530128,depth,T0 penetration depth,C_heteroskedastic,125,P-374p135097027_VX-0p852003077267_LS-4p24872306812e-05_ST-324p485874926_M-TI64_XI-0p0002_XF-0p0014_XL-0p0012_TE-0p0021_DT-5p66209293338e-06_H-c87ffcf9e3,126,False,82.51909,88.50731416285795,-5.9882241628579465,5.9882241628579465,35.858828624635755,11.04106573571308,121.90513258033741,,,11.041067539664095,121.90517241542415,11.041067539664095,oracle retrospective latent variance plus held-out target-summary variance,3.4676368829911453,,3.467636998316279,3.467636998316279,66.86682532086031,110.14780300485559,,,66.86682178511633,110.14780654059957,True,,True,"1.01**2 * Matern(length_scale=1.81, nu=1.5)",1.805618767116774,1.027461435741714,,,,,3.9835086723849355e-05,0.0063115043154425045,1.0007540647447688e-06,1.330640234361296e-06,0.005120147714564711,observation-specific target-summary variance plus numerical floor,1e-06,False,True,163,164,True,True,True,False,"[""P"",""VX"",""LS"",""ST""]",104.67485,73.02029803611025,"[277.1897573773559,0.6304925067353868,59.74773015736808,349.7841387219448]","[101.20325148161851,0.22302827739506018,15.315425164092066,30.310671991451176]",374.135097027,0.852003077267,42.4872306812,324.485874926,543997425,fmin_l_bfgs_b,1,-66.00671796711623,1.6714716000133194,0,0,,completed_without_convergence_warning,False,False,,False,,False,,False,matern32_heteroskedastic_alpha,82.51909,88.50731416285795,-5.9882241628579465,5.9882241628579465,35.858828624635755,um,Matérn 3/2 + heteroskedastic alpha,Gaussian process,Matérn 3/2,C_heteroskedastic_alpha,True,False,new-data,ioandanielc/sph_v2,d69dac5bda8b622bc0de316b112815c6056c06ec,T0_depth_um,"[""geometry_monitor_available"",""geometry_parse_ok"",""geometry_target_ready"",""time_monitor_available"",""time_parse_ok"",""time_target_ready"",""physical_target_extraction_success""]",False,,,,False,False,False,,,66.86682178511633,110.14780654059957,retrospective oracle: latent variance plus held-out target-summary variance,1.0,P-374p135097027_VX-0p852003077267_LS-4p24872306812e-05_ST-324p485874926_M-TI64_XI-0p0002_XF-0p0014_XL-0p0012_TE-0p0021_DT-5p66209293338e-06_H-c87ffcf9e3,False,False,Week 6 Phase 2 heteroskedastic-alpha engine
week7_phase3_new_data_noise_replication,6E5B5B7DD1D0B4311C2309F5F25EE422003057BB9160BD239C2DA1F7FA530128,depth,T0 penetration depth,C_heteroskedastic,126,P-375p190327887_VX-0p471971299611_LS-7p58652830639e-05_ST-330p289975384_M-TI64_XI-0p0002_XF-0p0014_XL-0p0012_TE-0p0021_DT-1p02212160082e-05_H-1553ff852f,127,False,102.2477,122.71392579611368,-20.46622579611369,20.46622579611369,418.86639833750945,22.729216384344834,516.6172774463697,,,22.729216663037874,516.6172901153186,22.729216663037874,oracle retrospective latent variance plus held-out target-summary variance,4.447983026934578,,4.447983029254607,4.447983029254607,78.16466168279781,167.26318990942957,,,78.16466113655946,167.2631904556679,True,,True,"1.02**2 * Matern(length_scale=1.81, nu=1.5)",1.812403465045777,1.0341409747065777,,,,,1.2668948937874596e-05,0.0035593467009936803,1.000753646260649e-06,1.3304567385959927e-06,0.005117306735669931,observation-specific target-summary variance plus numerical floor,1e-06,False,True,163,164,True,True,True,False,"[""P"",""VX"",""LS"",""ST""]",104.55381558282208,73.04056855020099,"[277.1832835683988,0.6328239900338899,59.542956829866846,349.7485307436749]","[101.19701589455184,0.22334510371217908,15.321695755152849,30.336950018373116]",375.190327887,0.471971299611,75.86528306390001,330.289975384,4169394260,fmin_l_bfgs_b,1,-65.02761824399556,2.1387355000479147,0,0,,completed_without_convergence_warning,False,False,,False,,False,,False,matern32_heteroskedastic_alpha,102.2477,122.71392579611368,-20.46622579611369,20.46622579611369,418.86639833750945,um,Matérn 3/2 + heteroskedastic alpha,Gaussian process,Matérn 3/2,C_heteroskedastic_alpha,True,False,new-data,ioandanielc/sph_v2,d69dac5bda8b622bc0de316b112815c6056c06ec,T0_depth_um,"[""geometry_monitor_available"",""geometry_parse_ok"",""geometry_target_ready"",""time_monitor_available"",""time_parse_ok"",""time_target_ready"",""physical_target_extraction_success""]",False,,,,False,False,False,,,78.16466113655946,167.2631904556679,retrospective oracle: latent variance plus held-out target-summary variance,1.0,P-375p190327887_VX-0p471971299611_LS-7p58652830639e-05_ST-330p289975384_M-TI64_XI-0p0002_XF-0p0014_XL-0p0012_TE-0p0021_DT-1p02212160082e-05_H-1553ff852f,False,False,Week 6 Phase 2 heteroskedastic-alpha engine
week7_phase3_new_data_noise_replication,6E5B5B7DD1D0B4311C2309F5F25EE422003057BB9160BD239C2DA1F7FA530128,depth,T0 penetration depth,C_heteroskedastic,127,P-377p008330657_VX-0p791215989527_LS-4p31405408456e-05_ST-371p11107289_M-TI64_XI-0p0002_XF-0p0014_XL-0p0012_TE-0p0021_DT-6p09709695819e-06_H-3d091b92d3,128,False,94.584615,108.0731795441233,-13.488564544123307,13.488564544123307,181.9413734609804,9.954971297527065,99.10145353458769,,,9.954988245021461,99.10179095851547,9.954988245021461,oracle retrospective latent variance plus held-out target-summary variance,4.134965708089965,,4.134964285030201,4.134964285030201,88.56143580097026,127.58492328727635,,,88.56140258388125,127.58495650436537,True,,True,"1.02**2 * Matern(length_scale=1.82, nu=1.5)",1.8224149243582035,1.0400894970639094,,,,,0.0003374239277955911,0.018369102531032678,1.000753728106234e-06,1.3304926260228768e-06,0.005117862363873106,observation-specific target-summary variance plus numerical floor,1e-06,False,True,163,164,True,True,True,False,"[""P"",""VX"",""LS"",""ST""]",104.60082837423312,73.03660278966743,"[277.1721301771718,0.6308654336540371,59.74372211954967,349.49809456265655]","[101.18611269759961,0.22334730535878494,15.319855576017067,30.328056168454758]",377.008330657,0.791215989527,43.1405408456,371.11107289,1857986546,fmin_l_bfgs_b,1,-65.3628604715395,1.7769575000274926,0,0,,completed_without_convergence_warning,False,False,,False,,False,,False,matern32_heteroskedastic_alpha,94.584615,108.0731795441233,-13.488564544123307,13.488564544123307,181.9413734609804,um,Matérn 3/2 + heteroskedastic alpha,Gaussian process,Matérn 3/2,C_heteroskedastic_alpha,True,False,new-data,ioandanielc/sph_v2,d69dac5bda8b622bc0de316b112815c6056c06ec,T0_depth_um,"[""geometry_monitor_available"",""geometry_parse_ok"",""geometry_target_ready"",""time_monitor_available"",""time_parse_ok"",""time_target_ready"",""physical_target_extraction_success""]",False,,,,False,False,False,,,88.56140258388125,127.58495650436537,retrospective oracle: latent variance plus held-out target-summary variance,1.0,P-377p008330657_VX-0p791215989527_LS-4p31405408456e-05_ST-371p11107289_M-TI64_XI-0p0002_XF-0p0014_XL-0p0012_TE-0p0021_DT-6p09709695819e-06_H-3d091b92d3,False,False,Week 6 Phase 2 heteroskedastic-alpha engine
week7_phase3_new_data_noise_replication,6E5B5B7DD1D0B4311C2309F5F25EE422003057BB9160BD239C2DA1F7FA530128,depth,T0 penetration depth,C_heteroskedastic,128,P-377p125910628_VX-0p77115452106_LS-4p31707402483e-05_ST-313p190582012_M-TI64_XI-0p0002_XF-0p0014_XL-0p0012_TE-0p0021_DT-6p25571201526e-06_H-8b3ff695c9,129,False,98.33856,96.05127798781199,2.2872820121880153,2.2872820121880153,5.231659003278856,17.080338650507283,291.73796841601296,,,17.080903242354218,291.75725557466683,17.080903242354218,oracle retrospective latent variance plus held-out target-summary variance,3.7658329150268695,,3.7658653768155075,3.7658653768155075,62.57381423281771,129.52874174280626,,,62.57270763279772,129.52984834282626,True,,True,"1.01**2 * Matern(length_scale=1.8, nu=1.5)",1.7999862883846454,1.0234240756081883,,,,,0.019287158653877277,0.13887821518826227,1.0007536752127177e-06,1.3283961367871564e-06,0.00511750328366863,observation-specific target-summary variance plus numerical floor,1e-06,False,True,163,164,True,True,True,False,"[""P"",""VX"",""LS"",""ST""]",104.57779803680982,73.03916562767279,"[277.1714088276565,0.6309885101476997,59.743536847140476,349.85343499749087]","[101.18540054733718,0.22343009048997356,15.320056183427312,30.23976127471443]",377.125910628,0.77115452106,43.17074024830001,313.190582012,2399858212,fmin_l_bfgs_b,1,-65.81354421058674,1.8787904999917373,0,0,,completed_without_convergence_warning,False,False,,False,,False,,False,matern32_heteroskedastic_alpha,98.33856,96.05127798781199,2.2872820121880153,2.2872820121880153,5.231659003278856,um,Matérn 3/2 + heteroskedastic alpha,Gaussian process,Matérn 3/2,C_heteroskedastic_alpha,True,False,new-data,ioandanielc/sph_v2,d69dac5bda8b622bc0de316b112815c6056c06ec,T0_depth_um,"[""geometry_monitor_available"",""geometry_parse_ok"",""geometry_target_ready"",""time_monitor_available"",""time_parse_ok"",""time_target_ready"",""physical_target_extraction_success""]",False,,,,False,False,False,,,62.57270763279772,129.52984834282626,retrospective oracle: latent variance plus held-out target-summary variance,1.0,P-377p125910628_VX-0p77115452106_LS-4p31707402483e-05_ST-313p190582012_M-TI64_XI-0p0002_XF-0p0014_XL-0p0012_TE-0p0021_DT-6p25571201526e-06_H-8b3ff695c9,False,False,Week 6 Phase 2 heteroskedastic-alpha engine
week7_phase3_new_data_noise_replication,6E5B5B7DD1D0B4311C2309F5F25EE422003057BB9160BD239C2DA1F7FA530128,depth,T0 penetration depth,C_heteroskedastic,129,P-378p283018896_VX-0p735158781064_LS-4p42419225112e-05_ST-367p022862863_M-TI64_XI-0p0002_XF-0p0014_XL-0p0012_TE-0p0021_DT-6p56201180925e-06_H-36d24309a8,130,False,131.5029,131.4153712755455,0.08752872445450066,0.08752872445450066,0.007661277604631902,5.258074898433801,27.647351637539625,,,5.268831770850879,27.760588229527606,5.268831770850879,oracle retrospective latent variance plus held-out target-summary variance,2.5788420576261677,,2.5808851842113376,2.5808851842113376,121.10954447461526,141.72119807647576,,,121.08846100467778,141.74228154641324,True,,True,"1.01**2 * Matern(length_scale=1.79, nu=1.5)",1.792082700093258,1.0161939598664176,,,,,0.11323659198797578,0.3365064516290524,1.0007542761469606e-06,1.3286579796612907e-06,0.005121582868582202,observation-specific target-summary variance plus numerical floor,1e-06,False,True,163,164,True,True,True,False,"[""P"",""VX"",""LS"",""ST""]",104.37433582822085,73.01006456068411,"[277.1643100039264,0.6312093429084114,59.736965176815936,349.52317560576694]","[101.17834699502419,0.22355069676676878,15.326932528429673,30.3442247785083]",378.283018896,0.735158781064,44.2419225112,367.022862863,3158180707,fmin_l_bfgs_b,1,-67.00370588847365,1.6625184000004083,0,0,,completed_without_convergence_warning,False,False,,False,,False,,False,matern32_heteroskedastic_alpha,131.5029,131.4153712755455,0.08752872445450066,0.08752872445450066,0.007661277604631902,um,Matérn 3/2 + heteroskedastic alpha,Gaussian process,Matérn 3/2,C_heteroskedastic_alpha,True,False,new-data,ioandanielc/sph_v2,d69dac5bda8b622bc0de316b112815c6056c06ec,T0_depth_um,"[""geometry_monitor_available"",""geometry_parse_ok"",""geometry_target_ready"",""time_monitor_available"",""time_parse_ok"",""time_target_ready"",""physical_target_extraction_success""]",False,,,,False,False,False,,,121.08846100467778,141.74228154641324,retrospective oracle: latent variance plus held-out target-summary variance,1.0,P-378p283018896_VX-0p735158781064_LS-4p42419225112e-05_ST-367p022862863_M-TI64_XI-0p0002_XF-0p0014_XL-0p0012_TE-0p0021_DT-6p56201180925e-06_H-36d24309a8,False,False,Week 6 Phase 2 heteroskedastic-alpha engine
week7_phase3_new_data_noise_replication,6E5B5B7DD1D0B4311C2309F5F25EE422003057BB9160BD239C2DA1F7FA530128,depth,T0 penetration depth,C_heteroskedastic,130,P-378p699667122_VX-0p273966982762_LS-4p19552514454e-05_ST-349p537322979_M-TI64_XI-0p0002_XF-0p0014_XL-0p0012_TE-0p0021_DT-1p76084014007e-05_H-c87ffcf9e3,131,False,267.0324,259.8479445584045,7.184455441595503,7.184455441595503,51.61639999227123,7.7674182358801085,60.332786051082856,,,9.360977352463447,87.62789699333356,9.360977352463447,oracle retrospective latent variance plus held-out target-summary variance,3.3966404701632418,,3.4500085988387554,3.4500085988387554,244.62380481607948,275.0720843007295,,,241.50042894757613,278.19546016923283,True,,True,"1.02**2 * Matern(length_scale=1.8, nu=1.5)",1.8015708378487247,1.0449410227656246,,,,,27.29511094225071,5.224472312325017,1.0007773906308089e-06,1.3387295689500314e-06,0.0018255446756795868,observation-specific target-summary variance plus numerical floor,1e-06,False,True,163,164,True,True,True,False,"[""P"",""VX"",""LS"",""ST""]",103.5428665030675,71.91645448800045,"[277.16175387984055,0.6340387404440064,59.75099383366133,349.630448856589]","[101.17578704992869,0.22192395581646626,15.3116895126371,30.374977133052568]",378.699667122,0.273966982762,41.9552514454,349.537322979,3315072063,fmin_l_bfgs_b,1,-68.20071778326752,2.67685829999391,0,0,,completed_without_convergence_warning,False,False,,False,,False,,False,matern32_heteroskedastic_alpha,267.0324,259.8479445584045,7.184455441595503,7.184455441595503,51.61639999227123,um,Matérn 3/2 + heteroskedastic alpha,Gaussian process,Matérn 3/2,C_heteroskedastic_alpha,True,False,new-data,ioandanielc/sph_v2,d69dac5bda8b622bc0de316b112815c6056c06ec,T0_depth_um,"[""geometry_monitor_available"",""geometry_parse_ok"",""geometry_target_ready"",""time_monitor_available"",""time_parse_ok"",""time_target_ready"",""physical_target_extraction_success""]",False,,,,False,False,False,,,241.50042894757613,278.19546016923283,retrospective oracle: latent variance plus held-out target-summary variance,1.0,P-378p699667122_VX-0p273966982762_LS-4p19552514454e-05_ST-349p537322979_M-TI64_XI-0p0002_XF-0p0014_XL-0p0012_TE-0p0021_DT-1p76084014007e-05_H-c87ffcf9e3,False,False,Week 6 Phase 2 heteroskedastic-alpha engine
week7_phase3_new_data_noise_replication,6E5B5B7DD1D0B4311C2309F5F25EE422003057BB9160BD239C2DA1F7FA530128,depth,T0 penetration depth,C_heteroskedastic,131,P-378p895448518_VX-0p547210222693_LS-4p25171421559e-05_ST-392p752580943_M-TI64_XI-0p0002_XF-0p0014_XL-0p0012_TE-0p0021_DT-8p81584517788e-06_H-dc75daed1b,132,False,218.005,233.23813148412145,-15.233131484121458,15.233131484121458,232.04829481253242,11.399355017011946,129.9452948038754,,,11.67402638685216,136.2828920809205,11.67402638685216,oracle retrospective latent variance plus held-out target-summary variance,4.245364478697758,,4.227652792064397,4.227652792064397,210.89539565077803,255.58086731746488,,,210.35703976589122,256.1192232023517,True,,True,"1.02**2 * Matern(length_scale=1.81, nu=1.5)",1.8066782666167613,1.036616930888448,,,,,6.337597277045091,2.517458495595328,1.000765037514906e-06,1.3333469910552171e-06,0.005194638972192014,observation-specific target-summary variance plus numerical floor,1e-06,False,True,163,164,True,True,True,False,"[""P"",""VX"",""LS"",""ST""]",103.84364809815952,72.49474948100443,"[277.1605527669816,0.6323624015487243,59.747546651388326,349.36532457460135]","[101.1745804616346,0.22359916897689427,15.315631793825226,30.185442030435908]",378.895448518,0.547210222693,42.5171421559,392.752580943,3130317872,fmin_l_bfgs_b,1,-66.65169478648345,1.7918635999667458,0,0,,completed_without_convergence_warning,False,False,,False,,False,,False,matern32_heteroskedastic_alpha,218.005,233.23813148412145,-15.233131484121458,15.233131484121458,232.04829481253242,um,Matérn 3/2 + heteroskedastic alpha,Gaussian process,Matérn 3/2,C_heteroskedastic_alpha,True,False,new-data,ioandanielc/sph_v2,d69dac5bda8b622bc0de316b112815c6056c06ec,T0_depth_um,"[""geometry_monitor_available"",""geometry_parse_ok"",""geometry_target_ready"",""time_monitor_available"",""time_parse_ok"",""time_target_ready"",""physical_target_extraction_success""]",False,,,,False,False,False,,,210.35703976589122,256.1192232023517,retrospective oracle: latent variance plus held-out target-summary variance,1.0,P-378p895448518_VX-0p547210222693_LS-4p25171421559e-05_ST-392p752580943_M-TI64_XI-0p0002_XF-0p0014_XL-0p0012_TE-0p0021_DT-8p81584517788e-06_H-dc75daed1b,False,False,Week 6 Phase 2 heteroskedastic-alpha engine
week7_phase3_new_data_noise_replication,6E5B5B7DD1D0B4311C2309F5F25EE422003057BB9160BD239C2DA1F7FA530128,depth,T0 penetration depth,C_heteroskedastic,132,P-379p421209359_VX-0p229921993373_LS-5p57538994548e-05_ST-334p989783011_M-TI64_XI-0p0002_XF-0p0014_XL-0p0012_TE-0p0021_DT-2p09815534923e-05_H-1553ff852f,133,False,100.2409,165.17203484824137,-64.93113484824137,64.93113484824137,4216.052272680505,28.749074079372658,826.5092604212568,,,28.754840055184875,826.8408265992645,28.754840055184875,oracle retrospective latent variance plus held-out target-summary variance,6.8280613565184165,,6.827239131851826,6.827239131851826,108.82384965267096,221.52022004381178,,,108.81254834007902,221.53152135640372,False,,False,"0.974**2 * Matern(length_scale=1.77, nu=1.5)",1.7714620307229125,0.9487397359497995,,,,,0.331566178007624,0.5758178340479079,1.000753657794222e-06,1.3283885470899324e-06,0.005117385034071819,observation-specific target-summary variance plus numerical floor,1e-06,False,True,163,164,True,True,True,False,"[""P"",""VX"",""LS"",""ST""]",104.5661272392638,73.0400096612948,"[277.15732724034973,0.6343089551028347,59.66633955139508,349.7196975680491]","[101.17132858718857,0.22145806423152606,15.371581777389123,30.35319255984043]",379.421209359,0.229921993373,55.7538994548,334.989783011,4212635952,fmin_l_bfgs_b,1,-62.20436717203947,2.9585085000144318,0,0,,completed_without_convergence_warning,False,False,,False,,False,,False,matern32_heteroskedastic_alpha,100.2409,165.17203484824137,-64.93113484824137,64.93113484824137,4216.052272680505,um,Matérn 3/2 + heteroskedastic alpha,Gaussian process,Matérn 3/2,C_heteroskedastic_alpha,True,False,new-data,ioandanielc/sph_v2,d69dac5bda8b622bc0de316b112815c6056c06ec,T0_depth_um,"[""geometry_monitor_available"",""geometry_parse_ok"",""geometry_target_ready"",""time_monitor_available"",""time_parse_ok"",""time_target_ready"",""physical_target_extraction_success""]",False,,,,False,False,False,,,108.81254834007902,221.53152135640372,retrospective oracle: latent variance plus held-out target-summary variance,0.0,P-379p421209359_VX-0p229921993373_LS-5p57538994548e-05_ST-334p989783011_M-TI64_XI-0p0002_XF-0p0014_XL-0p0012_TE-0p0021_DT-2p09815534923e-05_H-1553ff852f,False,False,Week 6 Phase 2 heteroskedastic-alpha engine
week7_phase3_new_data_noise_replication,6E5B5B7DD1D0B4311C2309F5F25EE422003057BB9160BD239C2DA1F7FA530128,depth,T0 penetration depth,C_heteroskedastic,133,P-383p924442814_VX-0p598551929363_LS-4p34843261877e-05_ST-301p171019532_M-TI64_XI-0p0002_XF-0p0014_XL-0p0012_TE-0p0021_DT-8p05965258211e-06_H-82800d7335,134,False,182.7688,214.72443696947636,-31.95563696947636,31.95563696947636,1021.1627341249642,23.51720678689115,553.0590150573993,,,23.59296447440303,556.6279726904434,23.59296447440303,oracle retrospective latent variance plus held-out target-summary variance,4.999865979907227,,4.997162881904996,4.997162881904996,168.6307116671697,260.818162271783,,,168.48222659964642,260.9666473393063,True,,True,"1.03**2 * Matern(length_scale=1.84, nu=1.5)",1.8356731078852666,1.064442826294926,,,,,3.568957633044127,1.8891685030838639,1.000759016014504e-06,1.3307232647653105e-06,0.005153760585774041,observation-specific target-summary variance plus numerical floor,1e-06,False,True,163,164,True,True,True,False,"[""P"",""VX"",""LS"",""ST""]",104.05982110429449,72.78174263863394,"[277.1297000412393,0.6320474217532028,59.74161300702146,349.9271746446075]","[101.14278038417402,0.22368272169835976,15.322117389413249,30.135434200248664]",383.924442814,0.598551929363,43.4843261877,301.171019532,2934799040,fmin_l_bfgs_b,1,-65.30297124133484,2.494755499996245,0,0,,completed_without_convergence_warning,False,False,,False,,False,,False,matern32_heteroskedastic_alpha,182.7688,214.72443696947636,-31.95563696947636,31.95563696947636,1021.1627341249642,um,Matérn 3/2 + heteroskedastic alpha,Gaussian process,Matérn 3/2,C_heteroskedastic_alpha,True,False,new-data,ioandanielc/sph_v2,d69dac5bda8b622bc0de316b112815c6056c06ec,T0_depth_um,"[""geometry_monitor_available"",""geometry_parse_ok"",""geometry_target_ready"",""time_monitor_available"",""time_parse_ok"",""time_target_ready"",""physical_target_extraction_success""]",False,,,,False,False,False,,,168.48222659964642,260.9666473393063,retrospective oracle: latent variance plus held-out target-summary variance,1.0,P-383p924442814_VX-0p598551929363_LS-4p34843261877e-05_ST-301p171019532_M-TI64_XI-0p0002_XF-0p0014_XL-0p0012_TE-0p0021_DT-8p05965258211e-06_H-82800d7335,False,False,Week 6 Phase 2 heteroskedastic-alpha engine
week7_phase3_new_data_noise_replication,6E5B5B7DD1D0B4311C2309F5F25EE422003057BB9160BD239C2DA1F7FA530128,depth,T0 penetration depth,C_heteroskedastic,134,P-385p522203_VX-0p931994182449_LS-4p05647861864e-05_ST-365p262393292_M-TI64_XI-0p0002_XF-0p0014_XL-0p0012_TE-0p0021_DT-5p17612737704e-06_H-3a5de7627d,135,False,78.38302999999999,71.60872459266808,6.774305407331909,6.774305407331909,45.89121375180634,19.509532764770643,380.6218686996593,,,19.509547003947407,380.6224242992333,19.509547003947407,oracle retrospective latent variance plus held-out target-summary variance,3.9501262596307964,,3.950126901489815,3.950126901489815,33.37004037371762,109.84740881161855,,,33.370012464931165,109.847436720405,True,,True,"1.01**2 * Matern(length_scale=1.81, nu=1.5)",1.8051596025767738,1.024661350171821,,,,,0.0005555995740244727,0.02357115979379192,1.0007542387331898e-06,1.3307165243254513e-06,0.005121328876308087,observation-specific target-summary variance plus numerical floor,1e-06,False,True,163,164,True,True,True,False,"[""P"",""VX"",""LS"",""ST""]",104.700224601227,73.01187535866384,"[277.1198978315092,0.6300017637588101,59.759524295373,349.5339760325829]","[101.13235198117387,0.22245158372695487,15.301381958954666,30.35013764581146]",385.522203,0.931994182449,40.5647861864,365.262393292,2770023439,fmin_l_bfgs_b,1,-65.40191856899297,1.7351174999494106,0,0,,completed_without_convergence_warning,False,False,,False,,False,,False,matern32_heteroskedastic_alpha,78.38302999999999,71.60872459266808,6.774305407331909,6.774305407331909,45.89121375180634,um,Matérn 3/2 + heteroskedastic alpha,Gaussian process,Matérn 3/2,C_heteroskedastic_alpha,True,False,new-data,ioandanielc/sph_v2,d69dac5bda8b622bc0de316b112815c6056c06ec,T0_depth_um,"[""geometry_monitor_available"",""geometry_parse_ok"",""geometry_target_ready"",""time_monitor_available"",""time_parse_ok"",""time_target_ready"",""physical_target_extraction_success""]",False,,,,False,False,False,,,33.370012464931165,109.847436720405,retrospective oracle: latent variance plus held-out target-summary variance,1.0,P-385p522203_VX-0p931994182449_LS-4p05647861864e-05_ST-365p262393292_M-TI64_XI-0p0002_XF-0p0014_XL-0p0012_TE-0p0021_DT-5p17612737704e-06_H-3a5de7627d,False,False,Week 6 Phase 2 heteroskedastic-alpha engine
week7_phase3_new_data_noise_replication,6E5B5B7DD1D0B4311C2309F5F25EE422003057BB9160BD239C2DA1F7FA530128,depth,T0 penetration depth,C_heteroskedastic,135,P-385p792960663_VX-0p466570238049_LS-4p25767555058e-05_ST-363p826454642_M-TI64_XI-0p0002_XF-0p0014_XL-0p0012_TE-0p0021_DT-1p03395377793e-05_H-3d091b92d3,136,False,296.67615,317.5226162935895,-20.846466293589515,20.846466293589515,434.57515692976375,12.061809674748673,145.4872526298607,,,12.066918600803893,145.61052451842698,12.066918600803893,oracle retrospective latent variance plus held-out target-summary variance,4.902499036340415,,4.901658118266897,4.901658118266897,293.88146933108214,341.1637632560969,,,293.87145583601387,341.1737767511652,True,,True,"1.07**2 * Matern(length_scale=1.87, nu=1.5)",1.8741633041703603,1.1468701434951507,,,,,0.12327188856629206,0.3511009663420083,1.000787268019711e-06,1.3430334073970266e-06,0.005345556036883223,observation-specific target-summary variance plus numerical floor,1e-06,False,True,163,164,True,True,True,False,"[""P"",""VX"",""LS"",""ST""]",103.36100300613496,71.46388374003118,"[277.1182367415522,0.632857125380896,59.747180925315334,349.54278547215347]","[101.13056922993717,0.2233208352769075,15.316042521632772,30.354492991672362]",385.792960663,0.466570238049,42.5767555058,363.826454642,2253608219,fmin_l_bfgs_b,1,-68.15248512522217,3.898839399975259,0,0,,completed_without_convergence_warning,False,False,,False,,False,,False,matern32_heteroskedastic_alpha,296.67615,317.5226162935895,-20.846466293589515,20.846466293589515,434.57515692976375,um,Matérn 3/2 + heteroskedastic alpha,Gaussian process,Matérn 3/2,C_heteroskedastic_alpha,True,False,new-data,ioandanielc/sph_v2,d69dac5bda8b622bc0de316b112815c6056c06ec,T0_depth_um,"[""geometry_monitor_available"",""geometry_parse_ok"",""geometry_target_ready"",""time_monitor_available"",""time_parse_ok"",""time_target_ready"",""physical_target_extraction_success""]",False,,,,False,False,False,,,293.87145583601387,341.1737767511652,retrospective oracle: latent variance plus held-out target-summary variance,1.0,P-385p792960663_VX-0p466570238049_LS-4p25767555058e-05_ST-363p826454642_M-TI64_XI-0p0002_XF-0p0014_XL-0p0012_TE-0p0021_DT-1p03395377793e-05_H-3d091b92d3,False,False,Week 6 Phase 2 heteroskedastic-alpha engine
week7_phase3_new_data_noise_replication,6E5B5B7DD1D0B4311C2309F5F25EE422003057BB9160BD239C2DA1F7FA530128,depth,T0 penetration depth,C_heteroskedastic,136,P-387p363679816_VX-0p298546823055_LS-4p09005526538e-05_ST-395p436254411_M-TI64_XI-0p0002_XF-0p0014_XL-0p0012_TE-0p0021_DT-1p61586733821e-05_H-c87ffcf9e3,137,False,299.4273,303.9174416465552,-4.490141646555173,4.490141646555173,20.161372006129202,27.003277858442534,729.1770151002528,,,27.003643316712697,729.1967523762423,27.003643316712697,oracle retrospective latent variance plus held-out target-summary variance,4.22872153860642,,4.228734698166887,4.228734698166887,250.9910170440078,356.8438662491025,,,250.9903007457983,356.8445825473121,True,,True,"1.04**2 * Matern(length_scale=1.82, nu=1.5)",1.8160662680608128,1.08212287945167,,,,,0.019737275989539248,0.14048941593422348,1.0007882824667516e-06,1.3434754286861223e-06,0.005352442851689377,observation-specific target-summary variance plus numerical floor,1e-06,False,True,163,164,True,True,True,False,"[""P"",""VX"",""LS"",""ST""]",103.3441247852761,71.41788521318993,"[277.1086004277301,0.6338879438777917,59.75746437839508,349.3488603201964]","[101.12013823408972,0.22216009551539367,15.303943057047531,30.161030770927848]",387.363679816,0.298546823055,40.9005526538,395.436254411,1644693295,fmin_l_bfgs_b,1,-68.79323033467273,1.8647212999640033,0,0,,completed_without_convergence_warning,False,False,,False,,False,,False,matern32_heteroskedastic_alpha,299.4273,303.9174416465552,-4.490141646555173,4.490141646555173,20.161372006129202,um,Matérn 3/2 + heteroskedastic alpha,Gaussian process,Matérn 3/2,C_heteroskedastic_alpha,True,False,new-data,ioandanielc/sph_v2,d69dac5bda8b622bc0de316b112815c6056c06ec,T0_depth_um,"[""geometry_monitor_available"",""geometry_parse_ok"",""geometry_target_ready"",""time_monitor_available"",""time_parse_ok"",""time_target_ready"",""physical_target_extraction_success""]",False,,,,False,False,False,,,250.9903007457983,356.8445825473121,retrospective oracle: latent variance plus held-out target-summary variance,1.0,P-387p363679816_VX-0p298546823055_LS-4p09005526538e-05_ST-395p436254411_M-TI64_XI-0p0002_XF-0p0014_XL-0p0012_TE-0p0021_DT-1p61586733821e-05_H-c87ffcf9e3,False,False,Week 6 Phase 2 heteroskedastic-alpha engine
week7_phase3_new_data_noise_replication,6E5B5B7DD1D0B4311C2309F5F25EE422003057BB9160BD239C2DA1F7FA530128,depth,T0 penetration depth,C_heteroskedastic,137,P-389p770210211_VX-0p908238681403_LS-4p3221586392e-05_ST-323p581279452_M-TI64_XI-0p0002_XF-0p0014_XL-0p0012_TE-0p0021_DT-5p31151194261e-06_H-8b3ff695c9,138,False,82.48979,75.54334279097932,6.9464472090206755,6.9464472090206755,48.25312882771113,10.92297924721576,119.31147563510618,,,10.922984510383516,119.31159061407823,10.922984510383516,oracle retrospective latent variance plus held-out target-summary variance,3.5120222439464706,,3.51202253091814,3.51202253091814,54.134303466436435,96.95238211552221,,,54.13429315062763,96.95239243133102,True,,True,"1.01**2 * Matern(length_scale=1.81, nu=1.5)",1.8067270100191064,1.0255483192861374,,,,,0.00011497897207053463,0.010722824817674429,1.0007540658719858e-06,1.3306407286203618e-06,0.005120155366946071,observation-specific target-summary variance plus numerical floor,1e-06,False,True,163,164,True,True,True,False,"[""P"",""VX"",""LS"",""ST""]",104.67502975460123,73.0202434588083,"[277.0938364375767,0.630147503029031,59.743224907608585,349.78968838742946]","[101.1038624321646,0.2226415236714249,15.320393106117333,30.305956374439912]",389.770210211,0.908238681403,43.221586392,323.581279452,3229212750,fmin_l_bfgs_b,1,-65.88714896511786,2.0392943999613635,0,0,,completed_without_convergence_warning,False,False,,False,,False,,False,matern32_heteroskedastic_alpha,82.48979,75.54334279097932,6.9464472090206755,6.9464472090206755,48.25312882771113,um,Matérn 3/2 + heteroskedastic alpha,Gaussian process,Matérn 3/2,C_heteroskedastic_alpha,True,False,new-data,ioandanielc/sph_v2,d69dac5bda8b622bc0de316b112815c6056c06ec,T0_depth_um,"[""geometry_monitor_available"",""geometry_parse_ok"",""geometry_target_ready"",""time_monitor_available"",""time_parse_ok"",""time_target_ready"",""physical_target_extraction_success""]",False,,,,False,False,False,,,54.13429315062763,96.95239243133102,retrospective oracle: latent variance plus held-out target-summary variance,1.0,P-389p770210211_VX-0p908238681403_LS-4p3221586392e-05_ST-323p581279452_M-TI64_XI-0p0002_XF-0p0014_XL-0p0012_TE-0p0021_DT-5p31151194261e-06_H-8b3ff695c9,False,False,Week 6 Phase 2 heteroskedastic-alpha engine
week7_phase3_new_data_noise_replication,6E5B5B7DD1D0B4311C2309F5F25EE422003057BB9160BD239C2DA1F7FA530128,depth,T0 penetration depth,C_heteroskedastic,138,P-391p91054261_VX-0p798138981731_LS-4p10405950637e-05_ST-398p591592241_M-TI64_XI-0p0002_XF-0p0014_XL-0p0012_TE-0p0021_DT-6p04421123819e-06_H-eac21b41c2,139,False,111.341,104.91521724490426,6.425782755095739,6.425782755095739,41.290684015685784,8.831784739482897,78.00042168456298,,,8.907539737246266,79.34426417062127,8.907539737246266,oracle retrospective latent variance plus held-out target-summary variance,3.361978090614276,,3.3660361650050667,3.3660361650050667,87.60491915551778,122.22551533429073,,,87.45643935990158,122.37399512990693,True,,True,"1.01**2 * Matern(length_scale=1.8, nu=1.5)",1.7999594250331752,1.0178383083344071,,,,,1.3438424860583074,1.1592422033631744,1.0007536820166356e-06,1.328399101433409e-06,0.005117549473683027,observation-specific target-summary variance plus numerical floor,1e-06,False,True,163,164,True,True,True,False,"[""P"",""VX"",""LS"",""ST""]",104.49802846625767,73.03883594379664,"[277.0807055639632,0.6308229613092273,59.756605222506124,349.32950241939886]","[101.0890876573802,0.223316148191794,15.304997683451463,30.130416713251456]",391.91054261,0.798138981731,41.0405950637,398.591592241,708899075,fmin_l_bfgs_b,1,-66.2991132274229,2.1899991999962367,0,0,,completed_without_convergence_warning,False,False,,False,,False,,False,matern32_heteroskedastic_alpha,111.341,104.91521724490426,6.425782755095739,6.425782755095739,41.290684015685784,um,Matérn 3/2 + heteroskedastic alpha,Gaussian process,Matérn 3/2,C_heteroskedastic_alpha,True,False,new-data,ioandanielc/sph_v2,d69dac5bda8b622bc0de316b112815c6056c06ec,T0_depth_um,"[""geometry_monitor_available"",""geometry_parse_ok"",""geometry_target_ready"",""time_monitor_available"",""time_parse_ok"",""time_target_ready"",""physical_target_extraction_success""]",False,,,,False,False,False,,,87.45643935990158,122.37399512990693,retrospective oracle: latent variance plus held-out target-summary variance,1.0,P-391p91054261_VX-0p798138981731_LS-4p10405950637e-05_ST-398p591592241_M-TI64_XI-0p0002_XF-0p0014_XL-0p0012_TE-0p0021_DT-6p04421123819e-06_H-eac21b41c2,False,False,Week 6 Phase 2 heteroskedastic-alpha engine
week7_phase3_new_data_noise_replication,6E5B5B7DD1D0B4311C2309F5F25EE422003057BB9160BD239C2DA1F7FA530128,depth,T0 penetration depth,C_heteroskedastic,139,P-394p301389958_VX-0p965504599187_LS-4p1845661123e-05_ST-386p588977515_M-TI64_XI-0p0002_XF-0p0014_XL-0p0012_TE-0p0021_DT-4p99647604691e-06_H-aae9cbe76f,140,False,74.66928,72.57530241183375,2.093977588166254,2.093977588166254,4.3847421397425625,9.974704398880842,99.49472784505282,,,9.974706980473234,99.49477934630147,9.974706980473234,oracle retrospective latent variance plus held-out target-summary variance,3.2410259090029516,,3.241026156410893,3.241026156410893,53.024881790027294,92.1257230336402,,,53.02487673010621,92.12572809356129,True,,True,"1.01**2 * Matern(length_scale=1.8, nu=1.5)",1.8025626980475558,1.0194883948716895,,,,,5.150124865090357e-05,0.007176437044307124,1.0007544204966902e-06,1.3307962234849202e-06,0.00512256282102397,observation-specific target-summary variance plus numerical floor,1e-06,False,True,163,164,True,True,True,False,"[""P"",""VX"",""LS"",""ST""]",104.72300834355829,73.00307940632172,"[277.06603778882214,0.6297961783800494,59.7516661669276,349.40313809256446]","[101.07225021432946,0.22215671300684656,15.310905664229619,30.23586715769605]",394.301389958,0.965504599187,41.845661123,386.588977515,2468165116,fmin_l_bfgs_b,1,-66.1543437039573,2.037018100032583,0,0,,completed_without_convergence_warning,False,False,,False,,False,,False,matern32_heteroskedastic_alpha,74.66928,72.57530241183375,2.093977588166254,2.093977588166254,4.3847421397425625,um,Matérn 3/2 + heteroskedastic alpha,Gaussian process,Matérn 3/2,C_heteroskedastic_alpha,True,False,new-data,ioandanielc/sph_v2,d69dac5bda8b622bc0de316b112815c6056c06ec,T0_depth_um,"[""geometry_monitor_available"",""geometry_parse_ok"",""geometry_target_ready"",""time_monitor_available"",""time_parse_ok"",""time_target_ready"",""physical_target_extraction_success""]",False,,,,False,False,False,,,53.02487673010621,92.12572809356129,retrospective oracle: latent variance plus held-out target-summary variance,1.0,P-394p301389958_VX-0p965504599187_LS-4p1845661123e-05_ST-386p588977515_M-TI64_XI-0p0002_XF-0p0014_XL-0p0012_TE-0p0021_DT-4p99647604691e-06_H-aae9cbe76f,False,False,Week 6 Phase 2 heteroskedastic-alpha engine
week7_phase3_new_data_noise_replication,6E5B5B7DD1D0B4311C2309F5F25EE422003057BB9160BD239C2DA1F7FA530128,depth,T0 penetration depth,C_heteroskedastic,140,P-399p256835613_VX-0p656366203199_LS-4p10009761764e-05_ST-341p515144691_M-TI64_XI-0p0002_XF-0p0014_XL-0p0012_TE-0p0021_DT-7p34973948918e-06_H-3c3f1974a9,141,False,167.5395,166.55618591214602,0.9833140878539837,0.9833140878539837,0.9669065953721119,13.768120737717904,189.5611486483778,,,13.807206022110242,190.63893813699733,13.807206022110242,oracle retrospective latent variance plus held-out target-summary variance,3.543844743289727,,3.5466651276189642,3.5466651276189642,139.57066926621894,193.5417025580731,,,139.49406210880994,193.6183097154821,True,,True,"1.01**2 * Matern(length_scale=1.79, nu=1.5)",1.7942189719311823,1.0226553314814222,,,,,1.0777894886194792,1.0381664069981649,1.000757118475243e-06,1.3298964569412127e-06,0.005140878689572865,observation-specific target-summary variance plus numerical floor,1e-06,False,True,163,164,True,True,True,False,"[""P"",""VX"",""LS"",""ST""]",104.15325239263804,72.87289071798921,"[277.03563628173623,0.631692732956663,59.75684828316441,349.6796646743068]","[101.03623074591019,0.22368971603273252,15.30470013264174,30.368286567404454]",399.256835613,0.656366203199,41.0009761764,341.515144691,1801820412,fmin_l_bfgs_b,1,-66.3952056480389,1.8964420999982394,0,0,,completed_without_convergence_warning,False,False,,False,,False,,False,matern32_heteroskedastic_alpha,167.5395,166.55618591214602,0.9833140878539837,0.9833140878539837,0.9669065953721119,um,Matérn 3/2 + heteroskedastic alpha,Gaussian process,Matérn 3/2,C_heteroskedastic_alpha,True,False,new-data,ioandanielc/sph_v2,d69dac5bda8b622bc0de316b112815c6056c06ec,T0_depth_um,"[""geometry_monitor_available"",""geometry_parse_ok"",""geometry_target_ready"",""time_monitor_available"",""time_parse_ok"",""time_target_ready"",""physical_target_extraction_success""]",False,,,,False,False,False,,,139.49406210880994,193.6183097154821,retrospective oracle: latent variance plus held-out target-summary variance,1.0,P-399p256835613_VX-0p656366203199_LS-4p10009761764e-05_ST-341p515144691_M-TI64_XI-0p0002_XF-0p0014_XL-0p0012_TE-0p0021_DT-7p34973948918e-06_H-3c3f1974a9,False,False,Week 6 Phase 2 heteroskedastic-alpha engine
week7_phase3_new_data_noise_replication,6E5B5B7DD1D0B4311C2309F5F25EE422003057BB9160BD239C2DA1F7FA530128,depth,T0 penetration depth,C_heteroskedastic,141,P-400p342090514_VX-0p84724542505_LS-4p08786684736e-05_ST-395p5494372_M-TI64_XI-0p0002_XF-0p0014_XL-0p0012_TE-0p0021_DT-5p69388805225e-06_H-39de960155,142,False,90.50685,98.25818651372516,-7.751336513725164,7.751336513725164,60.08321774900898,9.300054482507923,86.4910133776157,,,9.30006479277152,86.49120514974838,9.30006479277152,oracle retrospective latent variance plus held-out target-summary variance,3.4962967138687806,,3.4962970523591332,3.4962970523591332,80.03007972800964,116.48629329944069,,,80.03005951989299,116.48631350755734,True,,True,"1.01**2 * Matern(length_scale=1.8, nu=1.5)",1.8046051001851087,1.0212165216105258,,,,,0.00019177213267043762,0.013848181565477744,1.0007538134296804e-06,1.3305300384129507e-06,0.005118441602366308,observation-specific target-summary variance plus numerical floor,1e-06,False,True,163,164,True,True,True,False,"[""P"",""VX"",""LS"",""ST""]",104.62584533742331,73.0324691998547,"[277.0289782762086,0.6305216947857979,59.75759863716931,349.34816594725777]","[101.02814040918086,0.22305695174701776,15.30377753123315,30.159968408688645]",400.342090514,0.84724542505,40.8786684736,395.5494372,3317757426,fmin_l_bfgs_b,1,-66.11051663536901,1.8384795999736525,0,0,,completed_without_convergence_warning,False,False,,False,,False,,False,matern32_heteroskedastic_alpha,90.50685,98.25818651372516,-7.751336513725164,7.751336513725164,60.08321774900898,um,Matérn 3/2 + heteroskedastic alpha,Gaussian process,Matérn 3/2,C_heteroskedastic_alpha,True,False,new-data,ioandanielc/sph_v2,d69dac5bda8b622bc0de316b112815c6056c06ec,T0_depth_um,"[""geometry_monitor_available"",""geometry_parse_ok"",""geometry_target_ready"",""time_monitor_available"",""time_parse_ok"",""time_target_ready"",""physical_target_extraction_success""]",False,,,,False,False,False,,,80.03005951989299,116.48631350755734,retrospective oracle: latent variance plus held-out target-summary variance,1.0,P-400p342090514_VX-0p84724542505_LS-4p08786684736e-05_ST-395p5494372_M-TI64_XI-0p0002_XF-0p0014_XL-0p0012_TE-0p0021_DT-5p69388805225e-06_H-39de960155,False,False,Week 6 Phase 2 heteroskedastic-alpha engine
week7_phase3_new_data_noise_replication,6E5B5B7DD1D0B4311C2309F5F25EE422003057BB9160BD239C2DA1F7FA530128,depth,T0 penetration depth,C_heteroskedastic,142,P-404p674556304_VX-0p544519129004_LS-4p43635630435e-05_ST-368p185027338_M-TI64_XI-0p0002_XF-0p0014_XL-0p0012_TE-0p0021_DT-8p85941438245e-06_H-4d45e0bf17,143,True,223.7523,247.9841556652678,-24.2318556652678,24.2318556652678,587.1828289823712,10.433521489472152,108.8583706712772,,,10.493994769302141,110.1239262181407,10.493994769302141,oracle retrospective latent variance plus held-out target-summary variance,5.960965947583063,,5.935751027637872,5.935751027637872,227.53445354590238,268.43385778463323,,,227.4159259174356,268.5523854131,False,,False,"1.03**2 * Matern(length_scale=1.84, nu=1.5)",1.8393567253211596,1.0571127873350366,,,,,1.265555546863487,1.1249691315158328,1.0007662409972377e-06,1.3338713799985884e-06,0.005202809097994737,observation-specific target-summary variance plus numerical floor,1e-06,False,True,163,164,True,True,True,False,"[""P"",""VX"",""LS"",""ST""]",103.80838858895704,72.43779583634134,"[277.0023987314847,0.6323789113259574,59.73621891588159,349.51604576236207]","[100.99511909163331,0.22359278158791257,15.327683976667444,30.339975287789787]",404.674556304,0.544519129004,44.3635630435,368.185027338,1682583883,fmin_l_bfgs_b,1,-65.0002762533615,2.3130718000466004,0,0,,completed_without_convergence_warning,False,False,,False,,False,,False,matern32_heteroskedastic_alpha,223.7523,247.9841556652678,-24.2318556652678,24.2318556652678,587.1828289823712,um,Matérn 3/2 + heteroskedastic alpha,Gaussian process,Matérn 3/2,C_heteroskedastic_alpha,True,False,new-data,ioandanielc/sph_v2,d69dac5bda8b622bc0de316b112815c6056c06ec,T0_depth_um,"[""geometry_monitor_available"",""geometry_parse_ok"",""geometry_target_ready"",""time_monitor_available"",""time_parse_ok"",""time_target_ready"",""physical_target_extraction_success""]",False,,,,False,False,False,,,227.4159259174356,268.5523854131,retrospective oracle: latent variance plus held-out target-summary variance,0.0,P-404p674556304_VX-0p544519129004_LS-4p43635630435e-05_ST-368p185027338_M-TI64_XI-0p0002_XF-0p0014_XL-0p0012_TE-0p0021_DT-8p85941438245e-06_H-4d45e0bf17,False,False,Week 6 Phase 2 heteroskedastic-alpha engine
week7_phase3_new_data_noise_replication,6E5B5B7DD1D0B4311C2309F5F25EE422003057BB9160BD239C2DA1F7FA530128,depth,T0 penetration depth,C_heteroskedastic,143,P-406p350963493_VX-0p484226878203_LS-4p36170368492e-05_ST-370p554621114_M-TI64_XI-0p0002_XF-0p0014_XL-0p0012_TE-0p0021_DT-9p96252133074e-06_H-778de5c076,144,False,297.60975,272.12077319738273,25.488976802617287,25.488976802617287,649.6879384443622,7.832083111420497,61.34152586419817,,,7.852982809445877,61.669339005452464,7.852982809445877,oracle retrospective latent variance plus held-out target-summary variance,8.272828751514067,,8.247343741192621,8.247343741192621,256.7698902989986,287.4716560957669,,,256.7289268908688,287.51261950389664,False,,False,"1.11**2 * Matern(length_scale=1.97, nu=1.5)",1.9701926732246142,1.2282811577292392,,,,,0.3278131412543001,0.5725496845290373,1.000787610362481e-06,1.3431825751567774e-06,0.005347880112129812,observation-specific target-summary variance plus numerical floor,1e-06,False,True,163,164,True,True,True,False,"[""P"",""VX"",""LS"",""ST""]",103.35527539877302,71.44835080385532,"[276.9921140248037,0.632748802435166,59.74079883118404,349.50150837723316]","[100.98203103432742,0.22339717206488105,15.322977685896573,30.330457383306165]",406.350963493,0.484226878203,43.6170368492,370.554621114,2743666679,fmin_l_bfgs_b,1,-65.14332509443045,2.145024999976158,0,0,,completed_without_convergence_warning,False,False,,False,,False,,False,matern32_heteroskedastic_alpha,297.60975,272.12077319738273,25.488976802617287,25.488976802617287,649.6879384443622,um,Matérn 3/2 + heteroskedastic alpha,Gaussian process,Matérn 3/2,C_heteroskedastic_alpha,True,False,new-data,ioandanielc/sph_v2,d69dac5bda8b622bc0de316b112815c6056c06ec,T0_depth_um,"[""geometry_monitor_available"",""geometry_parse_ok"",""geometry_target_ready"",""time_monitor_available"",""time_parse_ok"",""time_target_ready"",""physical_target_extraction_success""]",False,,,,False,False,False,,,256.7289268908688,287.51261950389664,retrospective oracle: latent variance plus held-out target-summary variance,0.0,P-406p350963493_VX-0p484226878203_LS-4p36170368492e-05_ST-370p554621114_M-TI64_XI-0p0002_XF-0p0014_XL-0p0012_TE-0p0021_DT-9p96252133074e-06_H-778de5c076,False,False,Week 6 Phase 2 heteroskedastic-alpha engine
week7_phase3_new_data_noise_replication,6E5B5B7DD1D0B4311C2309F5F25EE422003057BB9160BD239C2DA1F7FA530128,depth,T0 penetration depth,C_heteroskedastic,144,P-408p574656479_VX-0p243547442248_LS-8p65536608509e-05_ST-318p028622224_M-TI64_XI-0p0002_XF-0p0014_XL-0p0012_TE-0p0021_DT-1p98077243534e-05_H-1553ff852f,145,False,210.0328,88.31600838557816,121.71679161442185,121.71679161442185,14814.977360908593,48.116968092866315,2315.242618449915,,,48.116991946637896,2315.2449139928162,48.116991946637896,oracle retrospective latent variance plus held-out target-summary variance,7.992017232112121,,7.992014555639975,7.992014555639975,-5.993249076439824,182.62526584759615,,,-5.993295829832121,182.62531260098842,False,,False,"0.986**2 * Matern(length_scale=1.79, nu=1.5)",1.788869226887957,0.9717050822098137,,,,,0.0022955429008015764,0.0479118242274449,1.0007634722481189e-06,1.3326649630978387e-06,0.005184012786641779,observation-specific target-summary variance plus numerical floor,1e-06,False,True,163,164,True,True,True,False,"[""P"",""VX"",""LS"",""ST""]",103.89255730061349,72.56902560738213,"[276.978471736546,0.6342253633919451,59.47738396000797,349.8237537691964]","[100.9644024793832,0.22160806629498472,15.228545231199874,30.27333940977033]",408.574656479,0.243547442248,86.5536608509,318.028622224,1512763078,fmin_l_bfgs_b,1,-62.34426024811209,2.291458999970928,0,0,,completed_without_convergence_warning,False,False,,False,,False,,False,matern32_heteroskedastic_alpha,210.0328,88.31600838557816,121.71679161442185,121.71679161442185,14814.977360908593,um,Matérn 3/2 + heteroskedastic alpha,Gaussian process,Matérn 3/2,C_heteroskedastic_alpha,True,False,new-data,ioandanielc/sph_v2,d69dac5bda8b622bc0de316b112815c6056c06ec,T0_depth_um,"[""geometry_monitor_available"",""geometry_parse_ok"",""geometry_target_ready"",""time_monitor_available"",""time_parse_ok"",""time_target_ready"",""physical_target_extraction_success""]",False,,,,False,False,False,,,-5.993295829832121,182.62531260098842,retrospective oracle: latent variance plus held-out target-summary variance,0.0,P-408p574656479_VX-0p243547442248_LS-8p65536608509e-05_ST-318p028622224_M-TI64_XI-0p0002_XF-0p0014_XL-0p0012_TE-0p0021_DT-1p98077243534e-05_H-1553ff852f,False,False,Week 6 Phase 2 heteroskedastic-alpha engine
week7_phase3_new_data_noise_replication,6E5B5B7DD1D0B4311C2309F5F25EE422003057BB9160BD239C2DA1F7FA530128,depth,T0 penetration depth,C_heteroskedastic,145,P-409p380479822_VX-0p571506017722_LS-4p19025576691e-05_ST-383p379922389_M-TI64_XI-0p0002_XF-0p0014_XL-0p0012_TE-0p0021_DT-8p44106702891e-06_H-86665dad6a,146,True,212.18495,220.28277761538808,-8.097827615388098,8.097827615388098,65.57481208854209,13.75828140991062,189.29030735429214,,,13.977676965845891,195.3754533615388,13.977676965845891,oracle retrospective latent variance plus held-out target-summary variance,3.7137917420937154,,3.7242175156385007,3.7242175156385007,193.31654605196326,247.2490091788129,,,192.88653076233015,247.67902446844602,True,,True,"1.02**2 * Matern(length_scale=1.8, nu=1.5)",1.8043723331947026,1.0405901103765458,,,,,6.0851460072466566,2.466808871243708,1.0007638829500922e-06,1.3328439167626225e-06,0.005186800934585446,observation-specific target-summary variance plus numerical floor,1e-06,False,True,163,164,True,True,True,False,"[""P"",""VX"",""LS"",""ST""]",103.87935392638039,72.54951460170375,"[276.9735280350552,0.6322133475914912,59.751317108362564,349.42282554732526]","[100.95793884246669,0.2236477795645047,15.311313227993285,30.25901991335954]",409.380479822,0.571506017722,41.9025576691,383.379922389,372829950,fmin_l_bfgs_b,1,-67.0207886708248,2.706571899994742,0,0,,completed_without_convergence_warning,False,False,,False,,False,,False,matern32_heteroskedastic_alpha,212.18495,220.28277761538808,-8.097827615388098,8.097827615388098,65.57481208854209,um,Matérn 3/2 + heteroskedastic alpha,Gaussian process,Matérn 3/2,C_heteroskedastic_alpha,True,False,new-data,ioandanielc/sph_v2,d69dac5bda8b622bc0de316b112815c6056c06ec,T0_depth_um,"[""geometry_monitor_available"",""geometry_parse_ok"",""geometry_target_ready"",""time_monitor_available"",""time_parse_ok"",""time_target_ready"",""physical_target_extraction_success""]",False,,,,False,False,False,,,192.88653076233015,247.67902446844602,retrospective oracle: latent variance plus held-out target-summary variance,1.0,P-409p380479822_VX-0p571506017722_LS-4p19025576691e-05_ST-383p379922389_M-TI64_XI-0p0002_XF-0p0014_XL-0p0012_TE-0p0021_DT-8p44106702891e-06_H-86665dad6a,False,False,Week 6 Phase 2 heteroskedastic-alpha engine
week7_phase3_new_data_noise_replication,6E5B5B7DD1D0B4311C2309F5F25EE422003057BB9160BD239C2DA1F7FA530128,depth,T0 penetration depth,C_heteroskedastic,146,P-413p007329362_VX-0p214914258115_LS-4p25156575745e-05_ST-342p625619244_M-TI64_XI-0p0002_XF-0p0014_XL-0p0012_TE-0p0021_DT-2p24467219873e-05_H-c87ffcf9e3,147,True,198.87655,230.86954569916975,-31.99299569916974,31.99299569916974,1023.5517738070935,11.66047360748975,135.96664475096503,,,11.685464448567355,136.55007937873157,11.685464448567355,oracle retrospective latent variance plus held-out target-summary variance,7.139124474322024,,7.125183108313877,7.125183108313877,208.01501742848984,253.72407396984966,,,207.96603537997774,253.77305601836176,False,,False,"0.986**2 * Matern(length_scale=1.8, nu=1.5)",1.7957104454327055,0.9723138566689953,,,,,0.5834346277665329,0.7638289257199762,1.0007614824704659e-06,1.3317979645773651e-06,0.005170504708196221,observation-specific target-summary variance plus numerical floor,1e-06,False,True,163,164,True,True,True,False,"[""P"",""VX"",""LS"",""ST""]",103.96100055214723,72.66377632465252,"[276.9512774243804,0.6344010270982825,59.74755575924968,349.67285194698786]","[100.92835057377467,0.22128673370717655,15.315621546844111,30.369992798206162]",413.007329362,0.214914258115,42.5156575745,342.625619244,304010354,fmin_l_bfgs_b,1,-62.794305871312744,2.3284363000420853,0,0,,completed_without_convergence_warning,False,False,,False,,False,,False,matern32_heteroskedastic_alpha,198.87655,230.86954569916975,-31.99299569916974,31.99299569916974,1023.5517738070935,um,Matérn 3/2 + heteroskedastic alpha,Gaussian process,Matérn 3/2,C_heteroskedastic_alpha,True,False,new-data,ioandanielc/sph_v2,d69dac5bda8b622bc0de316b112815c6056c06ec,T0_depth_um,"[""geometry_monitor_available"",""geometry_parse_ok"",""geometry_target_ready"",""time_monitor_available"",""time_parse_ok"",""time_target_ready"",""physical_target_extraction_success""]",False,,,,False,False,False,,,207.96603537997774,253.77305601836176,retrospective oracle: latent variance plus held-out target-summary variance,0.0,P-413p007329362_VX-0p214914258115_LS-4p25156575745e-05_ST-342p625619244_M-TI64_XI-0p0002_XF-0p0014_XL-0p0012_TE-0p0021_DT-2p24467219873e-05_H-c87ffcf9e3,False,False,Week 6 Phase 2 heteroskedastic-alpha engine
week7_phase3_new_data_noise_replication,6E5B5B7DD1D0B4311C2309F5F25EE422003057BB9160BD239C2DA1F7FA530128,depth,T0 penetration depth,C_heteroskedastic,147,P-413p458184039_VX-0p35207482727_LS-4p49853708666e-05_ST-303p358380963_M-TI64_XI-0p0002_XF-0p0014_XL-0p0012_TE-0p0021_DT-1p37019753455e-05_H-ff013f97fe,148,False,300.06730000000005,311.5796732883974,-11.512373288397328,11.512373288397328,132.5347387314043,26.672548381844113,711.424837181815,,,26.672568403517694,711.4259052403304,26.672568403517694,oracle retrospective latent variance plus held-out target-summary variance,4.295720812864967,,4.2957214236703765,4.2957214236703765,259.3014784599829,363.85786811681186,,,259.3014392175027,363.857907359292,True,,True,"1.06**2 * Matern(length_scale=1.84, nu=1.5)",1.8392216528181737,1.114224298448257,,,,,0.0010680585154708218,0.03268116453663825,1.0007885209041917e-06,1.345748476333672e-06,0.005354061540912494,observation-specific target-summary variance plus numerical floor,1e-06,False,True,163,164,True,True,True,False,"[""P"",""VX"",""LS"",""ST""]",103.34019840490798,71.40708652343352,"[276.9485114447669,0.6335595512138961,59.73240414396073,349.9137552493253]","[100.9246156212912,0.22261551860041456,15.331431630249716,30.156647982252153]",413.458184039,0.35207482727,44.9853708666,303.358380963,288795098,fmin_l_bfgs_b,1,-68.86902112834917,1.9563360000029206,0,0,,completed_without_convergence_warning,False,False,,False,,False,,False,matern32_heteroskedastic_alpha,300.06730000000005,311.5796732883974,-11.512373288397328,11.512373288397328,132.5347387314043,um,Matérn 3/2 + heteroskedastic alpha,Gaussian process,Matérn 3/2,C_heteroskedastic_alpha,True,False,new-data,ioandanielc/sph_v2,d69dac5bda8b622bc0de316b112815c6056c06ec,T0_depth_um,"[""geometry_monitor_available"",""geometry_parse_ok"",""geometry_target_ready"",""time_monitor_available"",""time_parse_ok"",""time_target_ready"",""physical_target_extraction_success""]",False,,,,False,False,False,,,259.3014392175027,363.857907359292,retrospective oracle: latent variance plus held-out target-summary variance,1.0,P-413p458184039_VX-0p35207482727_LS-4p49853708666e-05_ST-303p358380963_M-TI64_XI-0p0002_XF-0p0014_XL-0p0012_TE-0p0021_DT-1p37019753455e-05_H-ff013f97fe,False,False,Week 6 Phase 2 heteroskedastic-alpha engine
week7_phase3_new_data_noise_replication,6E5B5B7DD1D0B4311C2309F5F25EE422003057BB9160BD239C2DA1F7FA530128,depth,T0 penetration depth,C_heteroskedastic,148,P-420p548248194_VX-0p890019823061_LS-4p2728397196e-05_ST-342p58191385_M-TI64_XI-0p0002_XF-0p0014_XL-0p0012_TE-0p0021_DT-5p42023950256e-06_H-39de960155,149,False,86.40669,87.79471110322238,-1.3880211032223855,1.3880211032223855,1.926602582990688,17.18402326236205,295.29065548140005,,,17.18402625886261,295.2907584652797,17.18402625886261,oracle retrospective latent variance plus held-out target-summary variance,3.7661808191884423,,3.76618099242784,3.76618099242784,54.11402550899277,121.475396697452,,,54.11401963585167,121.4754025705931,True,,True,"1.01**2 * Matern(length_scale=1.8, nu=1.5)",1.800202549914858,1.0201113372208301,,,,,0.00010298387957554644,0.01014809733770555,1.0007539285002492e-06,1.3305804942392436e-06,0.005119222786266545,observation-specific target-summary variance plus numerical floor,1e-06,False,True,163,164,True,True,True,False,"[""P"",""VX"",""LS"",""ST""]",104.65099969325155,73.02689558879803,"[276.9050141186626,0.6302592751660985,59.746250608197535,349.6731200782394]","[100.8642262448134,0.2227764909042338,15.317080807565397,30.36993038526379]",420.548248194,0.890019823061,42.728397196,342.58191385,3029023029,fmin_l_bfgs_b,1,-65.63830218295635,1.9735791999846697,0,0,,completed_without_convergence_warning,False,False,,False,,False,,False,matern32_heteroskedastic_alpha,86.40669,87.79471110322238,-1.3880211032223855,1.3880211032223855,1.926602582990688,um,Matérn 3/2 + heteroskedastic alpha,Gaussian process,Matérn 3/2,C_heteroskedastic_alpha,True,False,new-data,ioandanielc/sph_v2,d69dac5bda8b622bc0de316b112815c6056c06ec,T0_depth_um,"[""geometry_monitor_available"",""geometry_parse_ok"",""geometry_target_ready"",""time_monitor_available"",""time_parse_ok"",""time_target_ready"",""physical_target_extraction_success""]",False,,,,False,False,False,,,54.11401963585167,121.4754025705931,retrospective oracle: latent variance plus held-out target-summary variance,1.0,P-420p548248194_VX-0p890019823061_LS-4p2728397196e-05_ST-342p58191385_M-TI64_XI-0p0002_XF-0p0014_XL-0p0012_TE-0p0021_DT-5p42023950256e-06_H-39de960155,False,False,Week 6 Phase 2 heteroskedastic-alpha engine
week7_phase3_new_data_noise_replication,6E5B5B7DD1D0B4311C2309F5F25EE422003057BB9160BD239C2DA1F7FA530128,depth,T0 penetration depth,C_heteroskedastic,149,P-422p617573631_VX-0p52186874631_LS-4p33544604908e-05_ST-334p849986924_M-TI64_XI-0p0002_XF-0p0014_XL-0p0012_TE-0p0021_DT-9p24393468113e-06_H-eac21b41c2,150,False,234.8536,297.8939996088973,-63.040399608897275,63.040399608897275,3974.0919828494557,16.151535089919903,260.87208576091393,,,16.24023273449697,263.74515927062697,16.24023273449697,oracle retrospective latent variance plus held-out target-summary variance,11.317889668686355,,11.240392137338887,11.240392137338887,266.23699083265427,329.5510083851403,,,266.0631434492832,329.72485576851136,False,,False,"1.08**2 * Matern(length_scale=1.97, nu=1.5)",1.966283821011663,1.1632309734157313,,,,,2.873073509712986,1.6950143095894459,1.000768746018354e-06,1.3349628836640108e-06,0.005219815029132987,observation-specific target-summary variance plus numerical floor,1e-06,False,True,163,164,True,True,True,False,"[""P"",""VX"",""LS"",""ST""]",103.74028245398773,72.31967732302942,"[276.8923188705828,0.632517870728988,59.74240972908833,349.72055521275473]","[100.84601395797787,0.22353108799234836,15.321268619635081,30.352774368702438]",422.617573631,0.52186874631,43.3544604908,334.849986924,4240955159,fmin_l_bfgs_b,1,-60.35847840940767,1.6901597999967635,0,0,,completed_without_convergence_warning,False,False,,False,,False,,False,matern32_heteroskedastic_alpha,234.8536,297.8939996088973,-63.040399608897275,63.040399608897275,3974.0919828494557,um,Matérn 3/2 + heteroskedastic alpha,Gaussian process,Matérn 3/2,C_heteroskedastic_alpha,True,False,new-data,ioandanielc/sph_v2,d69dac5bda8b622bc0de316b112815c6056c06ec,T0_depth_um,"[""geometry_monitor_available"",""geometry_parse_ok"",""geometry_target_ready"",""time_monitor_available"",""time_parse_ok"",""time_target_ready"",""physical_target_extraction_success""]",False,,,,False,False,False,,,266.0631434492832,329.72485576851136,retrospective oracle: latent variance plus held-out target-summary variance,0.0,P-422p617573631_VX-0p52186874631_LS-4p33544604908e-05_ST-334p849986924_M-TI64_XI-0p0002_XF-0p0014_XL-0p0012_TE-0p0021_DT-9p24393468113e-06_H-eac21b41c2,False,False,Week 6 Phase 2 heteroskedastic-alpha engine
week7_phase3_new_data_noise_replication,6E5B5B7DD1D0B4311C2309F5F25EE422003057BB9160BD239C2DA1F7FA530128,depth,T0 penetration depth,C_heteroskedastic,150,P-423p354289604_VX-0p98992750487_LS-4p35270321082e-05_ST-379p923005206_M-TI64_XI-0p0002_XF-0p0014_XL-0p0012_TE-0p0021_DT-4p87320594618e-06_H-4d45e0bf17,151,False,74.74561,75.04903391585984,-0.3034239158598382,0.3034239158598382,0.09206607271571816,9.340537264131031,87.2456363826204,,,9.340538480313628,87.2456591022196,9.340538480313628,oracle retrospective latent variance plus held-out target-summary variance,3.1538299323758956,,3.153830062443268,3.153830062443268,56.74158087816302,93.35648695355665,,,56.74157849444513,93.35648933727455,True,,True,"1.01**2 * Matern(length_scale=1.81, nu=1.5)",1.8054081146846293,1.0215616665952416,,,,,2.27195992188346e-05,0.004766508073929446,1.0007544165173635e-06,1.330794478640709e-06,0.005122535806419189,observation-specific target-summary variance plus numerical floor,1e-06,False,True,163,164,True,True,True,False,"[""P"",""VX"",""LS"",""ST""]",104.72254006134969,73.0032719410234,"[276.88779914068715,0.6296463446028532,59.74135100750919,349.44403362820253]","[100.83946600139502,0.22192188352252407,15.322395009913459,30.281592617752853]",423.354289604,0.98992750487,43.5270321082,379.923005206,1650748624,fmin_l_bfgs_b,1,-66.17497983534216,2.150002799986396,0,0,,completed_without_convergence_warning,False,False,,False,,False,,False,matern32_heteroskedastic_alpha,74.74561,75.04903391585984,-0.3034239158598382,0.3034239158598382,0.09206607271571816,um,Matérn 3/2 + heteroskedastic alpha,Gaussian process,Matérn 3/2,C_heteroskedastic_alpha,True,False,new-data,ioandanielc/sph_v2,d69dac5bda8b622bc0de316b112815c6056c06ec,T0_depth_um,"[""geometry_monitor_available"",""geometry_parse_ok"",""geometry_target_ready"",""time_monitor_available"",""time_parse_ok"",""time_target_ready"",""physical_target_extraction_success""]",False,,,,False,False,False,,,56.74157849444513,93.35648933727455,retrospective oracle: latent variance plus held-out target-summary variance,1.0,P-423p354289604_VX-0p98992750487_LS-4p35270321082e-05_ST-379p923005206_M-TI64_XI-0p0002_XF-0p0014_XL-0p0012_TE-0p0021_DT-4p87320594618e-06_H-4d45e0bf17,False,False,Week 6 Phase 2 heteroskedastic-alpha engine
week7_phase3_new_data_noise_replication,6E5B5B7DD1D0B4311C2309F5F25EE422003057BB9160BD239C2DA1F7FA530128,depth,T0 penetration depth,C_heteroskedastic,151,P-426p513929333_VX-0p671876042338_LS-4p21074124626e-05_ST-335p829973615_M-TI64_XI-0p0002_XF-0p0014_XL-0p0012_TE-0p0021_DT-7p18007533983e-06_H-ff013f97fe,152,False,172.31650000000002,187.1161569572704,-14.799656957270372,14.799656957270372,219.02984605288134,8.340758372500645,69.56825022843961,,,8.366416037625605,69.99691731463892,8.366416037625605,oracle retrospective latent variance plus held-out target-summary variance,4.61430106508455,,4.607731935944749,4.607731935944749,170.76827054716912,203.46404336737166,,,170.7179815235242,203.51433239101658,True,,True,"1**2 * Matern(length_scale=1.79, nu=1.5)",1.7949602416165276,1.0044850078228955,,,,,0.42866708619930866,0.6547267263517724,1.0007576686502881e-06,1.3301361826962254e-06,0.005144613683609954,observation-specific target-summary variance plus numerical floor,1e-06,False,True,163,164,True,True,True,False,"[""P"",""VX"",""LS"",""ST""]",104.12394564417178,72.84642787908939,"[276.8684148478712,0.6315975805693071,59.75006033048834,349.71454302446637]","[100.81100129269753,0.2236759010877352,15.312769755375774,30.355622101671027]",426.513929333,0.671876042338,42.1074124626,335.829973615,2332487140,fmin_l_bfgs_b,1,-65.43139264888256,1.7991512000444345,0,0,,completed_without_convergence_warning,False,False,,False,,False,,False,matern32_heteroskedastic_alpha,172.31650000000002,187.1161569572704,-14.799656957270372,14.799656957270372,219.02984605288134,um,Matérn 3/2 + heteroskedastic alpha,Gaussian process,Matérn 3/2,C_heteroskedastic_alpha,True,False,new-data,ioandanielc/sph_v2,d69dac5bda8b622bc0de316b112815c6056c06ec,T0_depth_um,"[""geometry_monitor_available"",""geometry_parse_ok"",""geometry_target_ready"",""time_monitor_available"",""time_parse_ok"",""time_target_ready"",""physical_target_extraction_success""]",False,,,,False,False,False,,,170.7179815235242,203.51433239101658,retrospective oracle: latent variance plus held-out target-summary variance,1.0,P-426p513929333_VX-0p671876042338_LS-4p21074124626e-05_ST-335p829973615_M-TI64_XI-0p0002_XF-0p0014_XL-0p0012_TE-0p0021_DT-7p18007533983e-06_H-ff013f97fe,False,False,Week 6 Phase 2 heteroskedastic-alpha engine
week7_phase3_new_data_noise_replication,6E5B5B7DD1D0B4311C2309F5F25EE422003057BB9160BD239C2DA1F7FA530128,depth,T0 penetration depth,C_heteroskedastic,152,P-429p223744451_VX-0p993777087019_LS-4p49939505126e-05_ST-337p477091824_M-TI64_XI-0p0002_XF-0p0014_XL-0p0012_TE-0p0021_DT-4p8543286679e-06_H-c87ffcf9e3,153,False,77.89432,74.37896438202138,3.5153556179786136,3.5153556179786136,12.3577251208538,16.569140545899497,274.53641842977066,,,16.569224813080645,274.53921090640733,16.569224813080645,oracle retrospective latent variance plus held-out target-summary variance,3.7489870267576273,,3.748991883610138,3.748991883610138,41.903448912058366,106.8544798519844,,,41.903283748383316,106.85464501565944,True,,True,"1.01**2 * Matern(length_scale=1.81, nu=1.5)",1.807229373372459,1.0236923455612974,,,,,0.002792476636603159,0.05284388930238915,1.0007542612707208e-06,1.328651497691855e-06,0.005121481877692888,observation-specific target-summary variance plus numerical floor,1e-06,False,True,163,164,True,True,True,False,"[""P"",""VX"",""LS"",""ST""]",104.70322282208589,73.01078454321402,"[276.8517902152454,0.6296227275344544,59.73235150809569,349.7044380047792]","[100.78609552995003,0.22188333272908148,15.331482244856831,30.359967961125488]",429.223744451,0.993777087019,44.9939505126,337.477091824,82861622,fmin_l_bfgs_b,1,-65.49215679836958,1.5676375000039116,0,0,,completed_without_convergence_warning,False,False,,False,,False,,False,matern32_heteroskedastic_alpha,77.89432,74.37896438202138,3.5153556179786136,3.5153556179786136,12.3577251208538,um,Matérn 3/2 + heteroskedastic alpha,Gaussian process,Matérn 3/2,C_heteroskedastic_alpha,True,False,new-data,ioandanielc/sph_v2,d69dac5bda8b622bc0de316b112815c6056c06ec,T0_depth_um,"[""geometry_monitor_available"",""geometry_parse_ok"",""geometry_target_ready"",""time_monitor_available"",""time_parse_ok"",""time_target_ready"",""physical_target_extraction_success""]",False,,,,False,False,False,,,41.903283748383316,106.85464501565944,retrospective oracle: latent variance plus held-out target-summary variance,1.0,P-429p223744451_VX-0p993777087019_LS-4p49939505126e-05_ST-337p477091824_M-TI64_XI-0p0002_XF-0p0014_XL-0p0012_TE-0p0021_DT-4p8543286679e-06_H-c87ffcf9e3,False,False,Week 6 Phase 2 heteroskedastic-alpha engine
week7_phase3_new_data_noise_replication,6E5B5B7DD1D0B4311C2309F5F25EE422003057BB9160BD239C2DA1F7FA530128,depth,T0 penetration depth,C_heteroskedastic,153,P-433p517899565_VX-0p4209966739_LS-4p21798941345e-05_ST-396p810205947_M-TI64_XI-0p0002_XF-0p0014_XL-0p0012_TE-0p0021_DT-1p1458809302e-05_H-204261a8b1,154,False,300.4357,284.42720892376633,16.008491076233668,16.008491076233668,256.27178653785296,17.206156996334254,296.0518385825022,,,17.206182521841008,296.05271697490696,17.206182521841008,oracle retrospective latent variance plus held-out target-summary variance,4.197021550017974,,4.197021749356804,4.197021749356804,250.7031412109512,318.1512766365815,,,250.70309118095795,318.15132666657473,True,,True,"1.02**2 * Matern(length_scale=1.79, nu=1.5)",1.7888779462895152,1.046523429187379,,,,,0.0008783924048096576,0.02963768555082629,1.0007886585749011e-06,1.345808841807483e-06,0.005354996151238712,observation-specific target-summary variance plus numerical floor,1e-06,False,True,163,164,True,True,True,False,"[""P"",""VX"",""LS"",""ST""]",103.3379382822086,71.40085372915344,"[276.8254457053436,0.6331367177989881,59.74961565765459,349.3404311696688]","[100.74569420979161,0.2230838187049919,15.313281018946624,30.147954652107494]",433.517899565,0.4209966739,42.1798941345,396.810205947,2110217993,fmin_l_bfgs_b,1,-69.13535410182351,1.5279290999751538,0,0,,completed_without_convergence_warning,False,False,,False,,False,,False,matern32_heteroskedastic_alpha,300.4357,284.42720892376633,16.008491076233668,16.008491076233668,256.27178653785296,um,Matérn 3/2 + heteroskedastic alpha,Gaussian process,Matérn 3/2,C_heteroskedastic_alpha,True,False,new-data,ioandanielc/sph_v2,d69dac5bda8b622bc0de316b112815c6056c06ec,T0_depth_um,"[""geometry_monitor_available"",""geometry_parse_ok"",""geometry_target_ready"",""time_monitor_available"",""time_parse_ok"",""time_target_ready"",""physical_target_extraction_success""]",False,,,,False,False,False,,,250.70309118095795,318.15132666657473,retrospective oracle: latent variance plus held-out target-summary variance,1.0,P-433p517899565_VX-0p4209966739_LS-4p21798941345e-05_ST-396p810205947_M-TI64_XI-0p0002_XF-0p0014_XL-0p0012_TE-0p0021_DT-1p1458809302e-05_H-204261a8b1,False,False,Week 6 Phase 2 heteroskedastic-alpha engine
week7_phase3_new_data_noise_replication,6E5B5B7DD1D0B4311C2309F5F25EE422003057BB9160BD239C2DA1F7FA530128,depth,T0 penetration depth,C_heteroskedastic,154,P-435p358668153_VX-0p616312825798_LS-4p12302442682e-05_ST-330p720611029_M-TI64_XI-0p0002_XF-0p0014_XL-0p0012_TE-0p0021_DT-7p82738960003e-06_H-4dbd940f3b,155,False,244.2168,200.7713438952976,43.4454561047024,43.4454561047024,1887.507656145623,10.363523249620679,107.40261414542834,,,10.426474463629663,108.71136974072148,10.426474463629663,oracle retrospective latent variance plus held-out target-summary variance,12.044296505638336,,11.94456661742914,11.94456661742914,180.45883832604108,221.08384946455413,,,180.33545394658347,221.20723384401174,False,,False,"1.05**2 * Matern(length_scale=1.93, nu=1.5)",1.9337659042238036,1.110092096603487,,,,,1.3087555952931464,1.1440085643443174,1.0007710464516073e-06,1.335965243009961e-06,0.005235432066943314,observation-specific target-summary variance plus numerical floor,1e-06,False,True,163,164,True,True,True,False,"[""P"",""VX"",""LS"",""ST""]",103.68283950920245,72.21171309776385,"[276.8141526465215,0.6319384591983869,59.75544173045398,349.7458888072025]","[100.72802446278241,0.2236946855643813,15.306413163753758,30.33862568178777]",435.358668153,0.616312825798,41.2302442682,330.720611029,2710704105,fmin_l_bfgs_b,1,-60.01686402346414,3.0703210000065155,0,0,,completed_without_convergence_warning,False,False,,False,,False,,False,matern32_heteroskedastic_alpha,244.2168,200.7713438952976,43.4454561047024,43.4454561047024,1887.507656145623,um,Matérn 3/2 + heteroskedastic alpha,Gaussian process,Matérn 3/2,C_heteroskedastic_alpha,True,False,new-data,ioandanielc/sph_v2,d69dac5bda8b622bc0de316b112815c6056c06ec,T0_depth_um,"[""geometry_monitor_available"",""geometry_parse_ok"",""geometry_target_ready"",""time_monitor_available"",""time_parse_ok"",""time_target_ready"",""physical_target_extraction_success""]",False,,,,False,False,False,,,180.33545394658347,221.20723384401174,retrospective oracle: latent variance plus held-out target-summary variance,0.0,P-435p358668153_VX-0p616312825798_LS-4p12302442682e-05_ST-330p720611029_M-TI64_XI-0p0002_XF-0p0014_XL-0p0012_TE-0p0021_DT-7p82738960003e-06_H-4dbd940f3b,False,False,Week 6 Phase 2 heteroskedastic-alpha engine
week7_phase3_new_data_noise_replication,6E5B5B7DD1D0B4311C2309F5F25EE422003057BB9160BD239C2DA1F7FA530128,depth,T0 penetration depth,C_heteroskedastic,155,P-438p134561959_VX-0p25154969533_LS-4p05773405909e-05_ST-340p985774893_M-TI64_XI-0p0002_XF-0p0014_XL-0p0012_TE-0p0021_DT-1p91776046347e-05_H-dfeedce527,156,False,300.0219,239.05472429238046,60.96717570761956,60.96717570761956,3716.996513763757,14.97174066920333,224.15301866587697,,,14.97174781985156,224.15323278122992,14.97174781985156,oracle retrospective latent variance plus held-out target-summary variance,11.916306341367562,,11.916298899064897,11.916298899064897,209.71011258074194,268.399336004019,,,209.7100985654714,268.3993500192895,False,,False,"0.96**2 * Matern(length_scale=1.76, nu=1.5)",1.764178430542314,0.9206777339906058,,,,,0.00021411535294588947,0.014632680989685024,1.0007885039595159e-06,1.3457410464788247e-06,0.005353946507953679,observation-specific target-summary variance plus numerical floor,1e-06,False,True,163,164,True,True,True,False,"[""P"",""VX"",""LS"",""ST""]",103.34047693251533,71.4078537760393,"[276.7971226231718,0.634176269814755,59.75944727448649,349.68291234177923]","[100.70097971228869,0.2216937061148782,15.301478545305041,30.367384938180386]",438.134561959,0.25154969533,40.5773405909,340.985774893,1694337089,fmin_l_bfgs_b,1,-61.28018609686305,2.354877599980682,0,0,,completed_without_convergence_warning,False,False,,False,,False,,False,matern32_heteroskedastic_alpha,300.0219,239.05472429238046,60.96717570761956,60.96717570761956,3716.996513763757,um,Matérn 3/2 + heteroskedastic alpha,Gaussian process,Matérn 3/2,C_heteroskedastic_alpha,True,False,new-data,ioandanielc/sph_v2,d69dac5bda8b622bc0de316b112815c6056c06ec,T0_depth_um,"[""geometry_monitor_available"",""geometry_parse_ok"",""geometry_target_ready"",""time_monitor_available"",""time_parse_ok"",""time_target_ready"",""physical_target_extraction_success""]",False,,,,False,False,False,,,209.7100985654714,268.3993500192895,retrospective oracle: latent variance plus held-out target-summary variance,0.0,P-438p134561959_VX-0p25154969533_LS-4p05773405909e-05_ST-340p985774893_M-TI64_XI-0p0002_XF-0p0014_XL-0p0012_TE-0p0021_DT-1p91776046347e-05_H-dfeedce527,False,False,Week 6 Phase 2 heteroskedastic-alpha engine
week7_phase3_new_data_noise_replication,6E5B5B7DD1D0B4311C2309F5F25EE422003057BB9160BD239C2DA1F7FA530128,depth,T0 penetration depth,C_heteroskedastic,156,P-440p884222701_VX-0p405879510898_LS-4p4918885946e-05_ST-386p365641032_M-TI64_XI-0p0002_XF-0p0014_XL-0p0012_TE-0p0021_DT-1p18855977537e-05_H-410a3c6302,157,False,300.40695,312.9279636663962,-12.521013666396186,12.521013666396186,156.77578323408005,15.559122352900298,242.0862883925217,,,15.559178651004274,242.08804029386718,15.559178651004274,oracle retrospective latent variance plus held-out target-summary variance,3.987387098004259,,3.9873883731008846,3.9873883731008846,282.4320838547116,343.42384347808076,,,282.4319735104278,343.4239538223646,True,,True,"1.04**2 * Matern(length_scale=1.81, nu=1.5)",1.808319506162756,1.0729464595413551,,,,,0.0017519013454409238,0.04185572058202945,1.0007886478200014e-06,1.345804126028699e-06,0.005354923139046985,observation-specific target-summary variance plus numerical floor,1e-06,False,True,163,164,True,True,True,False,"[""P"",""VX"",""LS"",""ST""]",103.3381146625767,71.40134057916171,"[276.78025353886505,0.6332294611302887,59.732812026909194,349.4045082550369]","[100.67371760523163,0.22299244471926094,15.331038399983182,30.23754712566137]",440.884222701,0.405879510898,44.918885946,386.365641032,962880012,fmin_l_bfgs_b,1,-69.24530588485021,2.0676290999981575,0,0,,completed_without_convergence_warning,False,False,,False,,False,,False,matern32_heteroskedastic_alpha,300.40695,312.9279636663962,-12.521013666396186,12.521013666396186,156.77578323408005,um,Matérn 3/2 + heteroskedastic alpha,Gaussian process,Matérn 3/2,C_heteroskedastic_alpha,True,False,new-data,ioandanielc/sph_v2,d69dac5bda8b622bc0de316b112815c6056c06ec,T0_depth_um,"[""geometry_monitor_available"",""geometry_parse_ok"",""geometry_target_ready"",""time_monitor_available"",""time_parse_ok"",""time_target_ready"",""physical_target_extraction_success""]",False,,,,False,False,False,,,282.4319735104278,343.4239538223646,retrospective oracle: latent variance plus held-out target-summary variance,1.0,P-440p884222701_VX-0p405879510898_LS-4p4918885946e-05_ST-386p365641032_M-TI64_XI-0p0002_XF-0p0014_XL-0p0012_TE-0p0021_DT-1p18855977537e-05_H-410a3c6302,False,False,Week 6 Phase 2 heteroskedastic-alpha engine
week7_phase3_new_data_noise_replication,6E5B5B7DD1D0B4311C2309F5F25EE422003057BB9160BD239C2DA1F7FA530128,depth,T0 penetration depth,C_heteroskedastic,157,P-441p843471056_VX-0p982124766198_LS-4p09875344609e-05_ST-327p495507906_M-TI64_XI-0p0002_XF-0p0014_XL-0p0012_TE-0p0021_DT-4p91192236368e-06_H-f55fc58583,158,False,78.49817,88.88299111225682,-10.384821112256816,10.384821112256816,107.8445095335749,19.871734764341866,394.88584254435307,,,19.871741931707692,394.8861274003898,19.871741931707692,oracle retrospective latent variance plus held-out target-summary variance,4.044788393278804,,4.044788655457045,4.044788655457045,49.93439097414676,127.83159125036687,,,49.93437692610974,127.8316052984039,True,,True,"1.01**2 * Matern(length_scale=1.81, nu=1.5)",1.811958080929863,1.027423051310836,,,,,0.0002848560367530997,0.016877678654160344,1.0007542334842681e-06,1.3307142227927305e-06,0.005121293242756137,observation-specific target-summary variance plus numerical floor,1e-06,False,True,163,164,True,True,True,False,"[""P"",""VX"",""LS"",""ST""]",104.69951822085889,73.01212941324664,"[276.7743685796319,0.6296942141652581,59.75693074767667,349.76567471593256]","[100.66409611351351,0.22199873779815368,15.304599035816928,30.325156889322848]",441.843471056,0.982124766198,40.9875344609,327.495507906,3777562662,fmin_l_bfgs_b,1,-65.2868377647336,2.1336236000061035,0,0,,completed_without_convergence_warning,False,False,,False,,False,,False,matern32_heteroskedastic_alpha,78.49817,88.88299111225682,-10.384821112256816,10.384821112256816,107.8445095335749,um,Matérn 3/2 + heteroskedastic alpha,Gaussian process,Matérn 3/2,C_heteroskedastic_alpha,True,False,new-data,ioandanielc/sph_v2,d69dac5bda8b622bc0de316b112815c6056c06ec,T0_depth_um,"[""geometry_monitor_available"",""geometry_parse_ok"",""geometry_target_ready"",""time_monitor_available"",""time_parse_ok"",""time_target_ready"",""physical_target_extraction_success""]",False,,,,False,False,False,,,49.93437692610974,127.8316052984039,retrospective oracle: latent variance plus held-out target-summary variance,1.0,P-441p843471056_VX-0p982124766198_LS-4p09875344609e-05_ST-327p495507906_M-TI64_XI-0p0002_XF-0p0014_XL-0p0012_TE-0p0021_DT-4p91192236368e-06_H-f55fc58583,False,False,Week 6 Phase 2 heteroskedastic-alpha engine
week7_phase3_new_data_noise_replication,6E5B5B7DD1D0B4311C2309F5F25EE422003057BB9160BD239C2DA1F7FA530128,depth,T0 penetration depth,C_heteroskedastic,158,P-445p244311553_VX-0p680564934933_LS-4p06442633709e-05_ST-341p721757622_M-TI64_XI-0p0002_XF-0p0014_XL-0p0012_TE-0p0021_DT-7p0884060512e-06_H-c87ffcf9e3,159,True,172.47639999999998,172.22064223353306,0.25575776646692816,0.25575776646692816,0.06541203510815176,14.345713710142787,205.79950185337873,,,14.37739040454733,206.70935484476965,14.37739040454733,oracle retrospective latent variance plus held-out target-summary variance,3.5825486563871953,,3.5847536173175327,3.5847536173175327,144.1030433616532,200.33824110541292,,,144.0409570406203,200.4003274264458,True,,True,"1.01**2 * Matern(length_scale=1.8, nu=1.5)",1.7979892076125865,1.0263116365372598,,,,,0.9098529913909407,0.9538621448568659,1.0007576877758222e-06,1.330144516195002e-06,0.0051447435218421305,observation-specific target-summary variance plus numerical floor,1e-06,False,True,163,164,True,True,True,False,"[""P"",""VX"",""LS"",""ST""]",104.12296466257668,72.84550847952534,"[276.75350452750314,0.6315442744797672,59.75903670528404,349.67839711031297]","[100.6295226810241,0.2236652600213213,15.301992327534215,30.3686230119392]",445.244311553,0.680564934933,40.6442633709,341.721757622,4026288073,fmin_l_bfgs_b,1,-66.47472482281887,2.3823547000065446,0,0,,completed_without_convergence_warning,False,False,,False,,False,,False,matern32_heteroskedastic_alpha,172.47639999999998,172.22064223353306,0.25575776646692816,0.25575776646692816,0.06541203510815176,um,Matérn 3/2 + heteroskedastic alpha,Gaussian process,Matérn 3/2,C_heteroskedastic_alpha,True,False,new-data,ioandanielc/sph_v2,d69dac5bda8b622bc0de316b112815c6056c06ec,T0_depth_um,"[""geometry_monitor_available"",""geometry_parse_ok"",""geometry_target_ready"",""time_monitor_available"",""time_parse_ok"",""time_target_ready"",""physical_target_extraction_success""]",False,,,,False,False,False,,,144.0409570406203,200.4003274264458,retrospective oracle: latent variance plus held-out target-summary variance,1.0,P-445p244311553_VX-0p680564934933_LS-4p06442633709e-05_ST-341p721757622_M-TI64_XI-0p0002_XF-0p0014_XL-0p0012_TE-0p0021_DT-7p0884060512e-06_H-c87ffcf9e3,False,False,Week 6 Phase 2 heteroskedastic-alpha engine
week7_phase3_new_data_noise_replication,6E5B5B7DD1D0B4311C2309F5F25EE422003057BB9160BD239C2DA1F7FA530128,depth,T0 penetration depth,C_heteroskedastic,159,P-446p579563616_VX-0p74347743801_LS-4p27116473193e-05_ST-393p115972114_M-TI64_XI-0p0002_XF-0p0014_XL-0p0012_TE-0p0021_DT-6p48859044859e-06_H-4a563c0a8f,160,False,150.2361,129.77628671734215,20.459813282657848,20.459813282657848,418.6039595612225,22.832758629194714,521.3348666190657,,,22.853706480943455,522.2918999171169,22.853706480943455,oracle retrospective latent variance plus held-out target-summary variance,4.448608024965214,,4.448789403175822,4.448789403175822,85.0240798041205,174.5284936305638,,,84.98302201469298,174.5695514199913,True,,True,"1.01**2 * Matern(length_scale=1.81, nu=1.5)",1.8079549674341726,1.0283515738275117,,,,,0.9570332980512618,0.978280786917162,1.0007554669034179e-06,1.3291768236060216e-06,0.005129666601761586,observation-specific target-summary variance plus numerical floor,1e-06,False,True,163,164,True,True,True,False,"[""P"",""VX"",""LS"",""ST""]",104.25940822085892,72.95250314419128,"[276.74531279705525,0.6311583082032212,59.74635336817729,349.3630951809142]","[100.6157510896437,0.2235260092747596,15.316966580402504,30.182223922529797]",446.579563616,0.74347743801,42.7116473193,393.115972114,3012691721,fmin_l_bfgs_b,1,-65.47376522424986,2.0364508999628015,0,0,,completed_without_convergence_warning,False,False,,False,,False,,False,matern32_heteroskedastic_alpha,150.2361,129.77628671734215,20.459813282657848,20.459813282657848,418.6039595612225,um,Matérn 3/2 + heteroskedastic alpha,Gaussian process,Matérn 3/2,C_heteroskedastic_alpha,True,False,new-data,ioandanielc/sph_v2,d69dac5bda8b622bc0de316b112815c6056c06ec,T0_depth_um,"[""geometry_monitor_available"",""geometry_parse_ok"",""geometry_target_ready"",""time_monitor_available"",""time_parse_ok"",""time_target_ready"",""physical_target_extraction_success""]",False,,,,False,False,False,,,84.98302201469298,174.5695514199913,retrospective oracle: latent variance plus held-out target-summary variance,1.0,P-446p579563616_VX-0p74347743801_LS-4p27116473193e-05_ST-393p115972114_M-TI64_XI-0p0002_XF-0p0014_XL-0p0012_TE-0p0021_DT-6p48859044859e-06_H-4a563c0a8f,False,False,Week 6 Phase 2 heteroskedastic-alpha engine
week7_phase3_new_data_noise_replication,6E5B5B7DD1D0B4311C2309F5F25EE422003057BB9160BD239C2DA1F7FA530128,depth,T0 penetration depth,C_heteroskedastic,160,P-446p862811862_VX-0p39827443832_LS-4p33402817419e-05_ST-361p067570798_M-TI64_XI-0p0002_XF-0p0014_XL-0p0012_TE-0p0021_DT-1p21125539047e-05_H-4b0ba6b8ba,161,False,300.5299,333.3002553383376,-32.770355338337595,32.770355338337595,1073.8961890009114,20.843855843078956,434.4663264070567,,,20.843876184600056,434.4671743989374,20.843876184600056,oracle retrospective latent variance plus held-out target-summary variance,5.1918774113342145,,5.1918759750472,5.1918759750472,292.4462978859028,374.15421279077236,,,292.4462580165215,374.1542526601537,True,,True,"1.07**2 * Matern(length_scale=1.87, nu=1.5)",1.8707503180018188,1.1437515026240848,,,,,0.0008479918806712499,0.02912030014734137,1.000788693826679e-06,1.3458242989100557e-06,0.0053552354663101605,observation-specific target-summary variance plus numerical floor,1e-06,False,True,163,164,True,True,True,False,"[""P"",""VX"",""LS"",""ST""]",103.33736036809816,71.39925803062107,"[276.7435750777546,0.6332761180172702,59.74249671527791,349.5597111399081]","[100.6128154043828,0.22294407037221078,15.32117553660862,30.36168281945702]",446.862811862,0.39827443832,43.3402817419,361.067570798,33297039,fmin_l_bfgs_b,1,-67.98070540185684,1.6158333999919705,0,0,,completed_without_convergence_warning,False,False,,False,,False,,False,matern32_heteroskedastic_alpha,300.5299,333.3002553383376,-32.770355338337595,32.770355338337595,1073.8961890009114,um,Matérn 3/2 + heteroskedastic alpha,Gaussian process,Matérn 3/2,C_heteroskedastic_alpha,True,False,new-data,ioandanielc/sph_v2,d69dac5bda8b622bc0de316b112815c6056c06ec,T0_depth_um,"[""geometry_monitor_available"",""geometry_parse_ok"",""geometry_target_ready"",""time_monitor_available"",""time_parse_ok"",""time_target_ready"",""physical_target_extraction_success""]",False,,,,False,False,False,,,292.4462580165215,374.1542526601537,retrospective oracle: latent variance plus held-out target-summary variance,1.0,P-446p862811862_VX-0p39827443832_LS-4p33402817419e-05_ST-361p067570798_M-TI64_XI-0p0002_XF-0p0014_XL-0p0012_TE-0p0021_DT-1p21125539047e-05_H-4b0ba6b8ba,False,False,Week 6 Phase 2 heteroskedastic-alpha engine
week7_phase3_new_data_noise_replication,6E5B5B7DD1D0B4311C2309F5F25EE422003057BB9160BD239C2DA1F7FA530128,depth,T0 penetration depth,C_heteroskedastic,161,P-447p413798058_VX-0p91078629156_LS-5p3177056457e-05_ST-328p907838563_M-TI64_XI-0p0002_XF-0p0014_XL-0p0012_TE-0p0021_DT-5p29665482201e-06_H-1553ff852f,162,False,82.59582999999999,81.50732191200655,1.0885080879934463,1.0885080879934463,1.1848498576271482,29.77749193418529,886.6990258904699,,,29.777493250029046,886.6991042555254,29.777493250029046,oracle retrospective latent variance plus held-out target-summary variance,4.313359461140641,,4.3133595052708,4.3133595052708,23.14343772100338,139.8712061030097,,,23.143435141949617,139.87120868206347,True,,True,"1.02**2 * Matern(length_scale=1.81, nu=1.5)",1.8115157640679955,1.032982134067146,,,,,7.836505534709865e-05,0.008852403930407754,1.0007540617995795e-06,1.3306389429629045e-06,0.005120127720448936,observation-specific target-summary variance plus numerical floor,1e-06,False,True,163,164,True,True,True,False,"[""P"",""VX"",""LS"",""ST""]",104.67437920245399,73.02044063607522,"[276.7401947943436,0.6301318735188653,59.682148404142325,349.7570101106749]","[100.60709044203894,0.2226219107427534,15.366223905335112,30.331316364574167]",447.413798058,0.91078629156,53.177056457,328.907838563,700598791,fmin_l_bfgs_b,1,-65.09682161161402,1.4662218000157736,0,0,,completed_without_convergence_warning,False,False,,False,,False,,False,matern32_heteroskedastic_alpha,82.59582999999999,81.50732191200655,1.0885080879934463,1.0885080879934463,1.1848498576271482,um,Matérn 3/2 + heteroskedastic alpha,Gaussian process,Matérn 3/2,C_heteroskedastic_alpha,True,False,new-data,ioandanielc/sph_v2,d69dac5bda8b622bc0de316b112815c6056c06ec,T0_depth_um,"[""geometry_monitor_available"",""geometry_parse_ok"",""geometry_target_ready"",""time_monitor_available"",""time_parse_ok"",""time_target_ready"",""physical_target_extraction_success""]",False,,,,False,False,False,,,23.143435141949617,139.87120868206347,retrospective oracle: latent variance plus held-out target-summary variance,1.0,P-447p413798058_VX-0p91078629156_LS-5p3177056457e-05_ST-328p907838563_M-TI64_XI-0p0002_XF-0p0014_XL-0p0012_TE-0p0021_DT-5p29665482201e-06_H-1553ff852f,False,False,Week 6 Phase 2 heteroskedastic-alpha engine
week7_phase3_new_data_noise_replication,6E5B5B7DD1D0B4311C2309F5F25EE422003057BB9160BD239C2DA1F7FA530128,depth,T0 penetration depth,C_heteroskedastic,162,P-449p184068185_VX-0p980953819102_LS-4p30284180995e-05_ST-381p816740361_M-TI64_XI-0p0002_XF-0p0014_XL-0p0012_TE-0p0021_DT-4p91778563789e-06_H-c87ffcf9e3,163,False,78.60552000000001,80.27432671897861,-1.6688067189786011,1.6688067189786011,2.7849158653081236,13.443056809965674,180.71577639596447,,,13.443074308812905,180.71624687226557,13.443074308812905,oracle retrospective latent variance plus held-out target-summary variance,3.52510652091043,,3.525107802551285,3.525107802551285,53.925935371445895,106.62271806651134,,,53.92590107370532,106.62275236425191,True,,True,"1.01**2 * Matern(length_scale=1.81, nu=1.5)",1.8094562917091344,1.0255359698727506,,,,,0.00047047630111534127,0.021690465673086443,1.0007542286113964e-06,1.3307120861492773e-06,0.005121260162107405,observation-specific target-summary variance plus numerical floor,1e-06,False,True,163,164,True,True,True,False,"[""P"",""VX"",""LS"",""ST""]",104.69885963190185,73.01236526890912,"[276.7293342414172,0.6297013978897734,59.74440998915765,349.4324156211166]","[100.58856835518544,0.22201012285163785,15.319107533516405,30.26953097167981]",449.184068185,0.980953819102,43.0284180995,381.816740361,3228445028,fmin_l_bfgs_b,1,-65.85230890737999,1.3145010000444017,0,0,,completed_without_convergence_warning,False,False,,False,,False,,False,matern32_heteroskedastic_alpha,78.60552000000001,80.27432671897861,-1.6688067189786011,1.6688067189786011,2.7849158653081236,um,Matérn 3/2 + heteroskedastic alpha,Gaussian process,Matérn 3/2,C_heteroskedastic_alpha,True,False,new-data,ioandanielc/sph_v2,d69dac5bda8b622bc0de316b112815c6056c06ec,T0_depth_um,"[""geometry_monitor_available"",""geometry_parse_ok"",""geometry_target_ready"",""time_monitor_available"",""time_parse_ok"",""time_target_ready"",""physical_target_extraction_success""]",False,,,,False,False,False,,,53.92590107370532,106.62275236425191,retrospective oracle: latent variance plus held-out target-summary variance,1.0,P-449p184068185_VX-0p980953819102_LS-4p30284180995e-05_ST-381p816740361_M-TI64_XI-0p0002_XF-0p0014_XL-0p0012_TE-0p0021_DT-4p91778563789e-06_H-c87ffcf9e3,False,False,Week 6 Phase 2 heteroskedastic-alpha engine
week7_phase3_new_data_noise_replication,6E5B5B7DD1D0B4311C2309F5F25EE422003057BB9160BD239C2DA1F7FA530128,depth,T0 penetration depth,C_heteroskedastic,163,P-449p762375807_VX-0p721910835583_LS-4p02949716673e-05_ST-312p266645761_M-TI64_XI-0p0002_XF-0p0014_XL-0p0012_TE-0p0021_DT-6p68243273994e-06_H-c87ffcf9e3,164,False,172.24105000000003,183.8118880017412,-11.57083800174118,11.57083800174118,133.8842920625378,25.68679591050433,659.811484147902,,,25.691222651891863,660.0389213490815,25.691222651891863,oracle retrospective latent variance plus held-out target-summary variance,4.266372088282584,,4.2665094486996145,4.2665094486996145,133.46576801715273,234.1580079863297,,,133.45709160403317,234.16668439944925,True,,True,"1.03**2 * Matern(length_scale=1.82, nu=1.5)",1.820792661846231,1.0517367857662006,,,,,0.22743720117971924,0.4769037651138008,1.0007576596417478e-06,1.3301322574379662e-06,0.00514455252699292,observation-specific target-summary variance plus numerical floor,1e-06,False,True,163,164,True,True,True,False,"[""P"",""VX"",""LS"",""ST""]",104.12440852760737,72.84686094824016,"[276.72578634189574,0.6312906186475586,59.76117959917116,349.8591033180491]","[100.58247518949224,0.2235860635581765,15.299290645092062,30.232801045361445]",449.762375807,0.721910835583,40.2949716673,312.266645761,3756847925,fmin_l_bfgs_b,1,-65.88721609411593,1.2540220000082627,0,0,,completed_without_convergence_warning,False,False,,False,,False,,False,matern32_heteroskedastic_alpha,172.24105000000003,183.8118880017412,-11.57083800174118,11.57083800174118,133.8842920625378,um,Matérn 3/2 + heteroskedastic alpha,Gaussian process,Matérn 3/2,C_heteroskedastic_alpha,True,False,new-data,ioandanielc/sph_v2,d69dac5bda8b622bc0de316b112815c6056c06ec,T0_depth_um,"[""geometry_monitor_available"",""geometry_parse_ok"",""geometry_target_ready"",""time_monitor_available"",""time_parse_ok"",""time_target_ready"",""physical_target_extraction_success""]",False,,,,False,False,False,,,133.45709160403317,234.16668439944925,retrospective oracle: latent variance plus held-out target-summary variance,1.0,P-449p762375807_VX-0p721910835583_LS-4p02949716673e-05_ST-312p266645761_M-TI64_XI-0p0002_XF-0p0014_XL-0p0012_TE-0p0021_DT-6p68243273994e-06_H-c87ffcf9e3,False,False,Week 6 Phase 2 heteroskedastic-alpha engine
