dataset,name,observed_target,isotropic_predicted_mean,isotropic_predicted_std,isotropic_absolute_error,isotropic_squared_error,ard_observed_target_check,ard_predicted_mean,ard_predicted_std,ard_absolute_error,ard_squared_error,paired_absolute_error_improvement_isotropic_minus_ard,paired_squared_error_improvement_isotropic_minus_ard,paired_outcome
clean,P-101p127472137_VX-0p52394730996_LS-4p5e-05_ST-300_M-TI64_XI--0p0002_XF-0p0012_XL-0p0014_TE-0p00125_DT-3p56864695376e-06_H-b0e5aed98c,11779.0,15759.908885070196,823.3105354052169,3980.908885070196,15847635.551230827,11779.0,17417.782353810486,1005.4298682859936,5638.782353810486,31795866.433644522,-1657.8734687402898,-15948230.882413695,ARD_worsened
clean,P-109p759946449_VX-0p241926176876_LS-4p5e-05_ST-300_M-TI64_XI--0p0002_XF-0p0012_XL-0p0014_TE-0p00125_DT-7p72873359867e-06_H-fb250c7cf9,28904.0,28732.380762150147,2011.426137893068,171.61923784985265,29453.162800164297,28904.0,39388.7969609602,1134.4029476259432,10484.7969609602,109930967.31256026,-10313.177723110348,-109901514.1497601,ARD_worsened
clean,P-122p148440758_VX-0p768953415756_LS-4p5e-05_ST-300_M-TI64_XI--0p0002_XF-0p0012_XL-0p0014_TE-0p00125_DT-2p43159459768e-06_H-306f9d252b,9630.0,12114.646718936145,1401.7065780479752,2484.6467189361447,6173469.317920149,9630.0,11919.03220127673,1211.6757385297472,2289.03220127673,5239668.418481792,195.61451765941456,933800.899438357,ARD_improved
clean,P-126p228008246_VX-0p201684842681_LS-4p5e-05_ST-300_M-TI64_XI--0p0002_XF-0p0012_XL-0p0014_TE-0p00125_DT-9p27081552964e-06_H-306f9d252b,33658.0,31402.898583385577,1412.1526693434298,2255.101416614423,5085482.399216378,33658.0,32365.1365155403,1265.0592948738104,1292.8634844597,1671495.9894492768,962.2379321547232,3413986.4097671015,ARD_improved
clean,P-133p003569327_VX-0p736244453131_LS-4p5e-05_ST-300_M-TI64_XI--0p0002_XF-0p0012_XL-0p0014_TE-0p00125_DT-2p53962249042e-06_H-306f9d252b,13551.0,10725.591291422528,1164.3233925392035,2825.408708577472,7982934.370505417,13551.0,10257.125346559751,1505.1888117791516,3293.874653440249,10849610.23257612,-468.4659448627767,-2866675.862070704,ARD_worsened
clean,P-133p757797566_VX-0p645163458122_LS-4p5e-05_ST-300_M-TI64_XI--0p0002_XF-0p0012_XL-0p0014_TE-0p00125_DT-2p89815386795e-06_H-306f9d252b,12754.0,17328.397552701572,2279.3779913885182,4574.397552701572,20925112.97016213,12754.0,15690.159998631427,2298.6972045084294,2936.159998631427,8621035.5375633,1638.237554070145,12304077.432598831,ARD_improved
clean,P-134p442185153_VX-0p806363522352_LS-4p5e-05_ST-300_M-TI64_XI--0p0002_XF-0p0012_XL-0p0014_TE-0p00125_DT-2p3187841709e-06_H-b0e5aed98c,9949.0,10615.749833924549,1127.5475394296072,666.7498339245467,444555.3410384106,9949.0,9364.54840280122,1509.2998431307014,584.4515971987803,341583.6694682053,82.2982367257664,102971.6715702053,ARD_improved
clean,P-135p208661893_VX-0p295797438033_LS-4p5e-05_ST-300_M-TI64_XI--0p0002_XF-0p0012_XL-0p0014_TE-0p00125_DT-6p32116012922e-06_H-fb250c7cf9,24334.0,27811.82676633928,1132.6659261645707,3477.826766339276,12095279.016665906,24334.0,27018.66186579939,1253.8118107505375,2684.6618657993895,7207409.3336774595,793.1649005398867,4887869.682988446,ARD_improved
clean,P-138p247900083_VX-0p876957934743_LS-4p5e-05_ST-300_M-TI64_XI--0p0002_XF-0p0012_XL-0p0014_TE-0p00125_DT-2p13212389961e-06_H-306f9d252b,8679.0,7678.795090883323,1195.0291672808808,1000.2049091166772,1000409.8602211009,8679.0,8671.38944031981,1043.7105642828863,7.610559680189908,57.92061864573232,992.5943494364873,1000351.9396024551,ARD_improved
clean,P-140p119887795_VX-0p222892199661_LS-4p5e-05_ST-300_M-TI64_XI--0p0002_XF-0p0012_XL-0p0014_TE-0p00125_DT-8p38873219639e-06_H-fb250c7cf9,31376.0,33356.94840657567,697.529011116528,1980.9484065756697,3924156.589514685,31376.0,33548.59844729804,811.5609369634017,2172.5984472980417,4720184.013201862,-191.65004072237207,-796027.4236871768,ARD_worsened
clean,P-140p539865228_VX-0p255658736827_LS-4p5e-05_ST-300_M-TI64_XI--0p0002_XF-0p0012_XL-0p0014_TE-0p00125_DT-7p31358918074e-06_H-fb250c7cf9,30169.0,28369.57048709412,564.8544203700163,1799.429512905881,3237946.571916696,30169.0,28541.116106861802,746.4693368941258,1627.883893138198,2650005.9695387757,171.5456197676831,587940.6023779204,ARD_improved
clean,P-140p974625597_VX-0p98622838083_LS-4p5e-05_ST-300_M-TI64_XI--0p0002_XF-0p0012_XL-0p0014_TE-0p00125_DT-1p89589248085e-06_H-b0e5aed98c,8656.0,7969.85574470881,3236.6484467140963,686.1442552911903,470793.93906910217,8656.0,9528.604568771374,2593.662364643245,872.604568771374,761438.7334406757,-186.4603134801837,-290644.7943715735,ARD_worsened
clean,P-149p254341218_VX-0p887957223036_LS-4p5e-05_ST-300_M-TI64_XI--0p0002_XF-0p0012_XL-0p0014_TE-0p00125_DT-2p10571289147e-06_H-306f9d252b,8108.0,9942.546245739157,1710.4569679088283,1834.546245739155,3365559.927755628,8108.0,8648.32972874751,1151.9516347503982,540.3297287475107,291956.21576835844,1294.2165169916443,3073603.711987269,ARD_improved
clean,P-243p936893462_VX-0p545516283598_LS-5p6904291389e-05_ST-360p082453969_M-TI64_XI-0p0002_XF-0p0014_XL-0p0012_TE-0p0021_DT-8p84322017154e-06_H-e0ed0fec98,16538.0,17500.872537678588,4456.118116766524,962.8725376785878,927123.5238156036,16538.0,16409.681652136944,2556.7248478128668,128.31834786305626,16465.598398304315,834.5541898155316,910657.9254172993,ARD_improved
clean,P-52p5445860993_VX-0p633129978235_LS-4p5e-05_ST-300_M-TI64_XI--0p0002_XF-0p0012_XL-0p0014_TE-0p00125_DT-2p95323714861e-06_H-306f9d252b,13322.0,10244.696303307332,2165.080798112742,3077.3036966926666,9469798.04167835,13322.0,8827.105220442361,1249.4807312392716,4494.894779557639,20204079.079294514,-1417.5910828649721,-10734281.037616163,ARD_worsened
clean,P-53p4525830151_VX-0p394191978834_LS-4p5e-05_ST-300_M-TI64_XI--0p0002_XF-0p0012_XL-0p0014_TE-0p00125_DT-4p7433308439e-06_H-306f9d252b,9915.0,14527.778485865305,2827.953579583492,4612.778485865303,21277725.3596618,9915.0,21052.239311028083,3551.62983573624,11137.239311028083,124038099.47110929,-6524.46082516278,-102760374.11144748,ARD_worsened
clean,P-55p2363598851_VX-0p252312006514_LS-4p5e-05_ST-300_M-TI64_XI--0p0002_XF-0p0012_XL-0p0014_TE-0p00125_DT-7p41059847866e-06_H-fb250c7cf9,14268.0,12867.912009726544,977.88881539182,1400.087990273456,1960246.3805079649,14268.0,12747.812467277505,1335.6268358122434,1520.1875327224952,2310970.1346449074,-120.09954244903929,-350723.75413694256,ARD_worsened
clean,P-59p3859586774_VX-0p222677981218_LS-4p5e-05_ST-300_M-TI64_XI--0p0002_XF-0p0012_XL-0p0014_TE-0p00125_DT-8p39680224058e-06_H-306f9d252b,15242.0,16634.975120020175,829.8590876823041,1392.9751200201754,1940379.684995222,15242.0,16551.592008476684,936.8638509904619,1309.592008476684,1715031.2286659952,83.3831115434914,225348.45632922673,ARD_improved
clean,P-63p4364244112_VX-0p87794698955_LS-4p5e-05_ST-300_M-TI64_XI--0p0002_XF-0p0012_XL-0p0014_TE-0p00125_DT-2p12972194663e-06_H-306f9d252b,5389.0,7788.600593964067,2209.6402340019968,2399.6005939640672,5758083.010552704,5389.0,8654.408997512479,2488.0187142467157,3265.408997512479,10662895.921035452,-865.8084035484117,-4904812.9104827475,ARD_worsened
clean,P-67p3007401579_VX-0p639039009111_LS-4p5e-05_ST-300_M-TI64_XI--0p0002_XF-0p0012_XL-0p0014_TE-0p00125_DT-2p92592931724e-06_H-306f9d252b,8852.0,9053.79984467618,1305.7493606451412,201.79984467617945,40723.17731133014,8852.0,11057.673621581587,1030.7579385920271,2205.673621581587,4864996.124940835,-2003.8737769054078,-4824272.947629505,ARD_worsened
clean,P-71p6599397131_VX-0p537693260466_LS-4p5e-05_ST-300_M-TI64_XI--0p0002_XF-0p0012_XL-0p0014_TE-0p00125_DT-3p47741567376e-06_H-306f9d252b,10329.0,8986.213212446786,791.9784973822152,1342.7867875532138,1803076.35682748,10329.0,9090.817221520445,1134.915582292596,1238.182778479555,1533096.5929233509,104.60400907365874,269979.76390412915,ARD_improved
clean,P-71p8781037338_VX-0p56768277259_LS-4p5e-05_ST-300_M-TI64_XI--0p0002_XF-0p0012_XL-0p0014_TE-0p00125_DT-3p29371096306e-06_H-306f9d252b,8696.0,9599.36398456302,661.2659143473209,903.3639845630204,816066.4886055771,8696.0,10388.910855868584,971.6168242699061,1692.910855868584,2865947.165917701,-789.5468713055635,-2049880.677312124,ARD_worsened
clean,P-72p876222127_VX-0p956216556443_LS-4p5e-05_ST-300_M-TI64_XI--0p0002_XF-0p0012_XL-0p0014_TE-0p00125_DT-1p95539698515e-06_H-306f9d252b,4840.0,5094.926866335723,3005.461785670171,254.9268663357234,64987.70717975178,4840.0,8706.777930524355,2997.7382076686886,3866.777930524355,14951971.563990213,-3611.8510641886314,-14886983.856810462,ARD_worsened
clean,P-74p5163352518_VX-0p201002332148_LS-4p5e-05_ST-300_M-TI64_XI--0p0002_XF-0p0012_XL-0p0014_TE-0p00125_DT-9p30229491189e-06_H-fb250c7cf9,21999.0,19823.19566200581,1808.6375475522807,2175.8043379941846,4734124.517234312,21999.0,21521.93146463327,1505.654397291571,477.0685353667286,227594.38743695559,1698.735802627456,4506530.129797357,ARD_improved
clean,P-78p18378444_VX-0p804643363326_LS-4p5e-05_ST-300_M-TI64_XI--0p0002_XF-0p0012_XL-0p0014_TE-0p00125_DT-2p32374124592e-06_H-b0e5aed98c,8564.0,5734.2376702910005,2344.8464105151543,2829.7623297089995,8007554.842640104,8564.0,8104.899926316417,2452.935991276201,459.1000736835831,210772.87765627145,2370.6622560254164,7796781.964983832,ARD_improved
clean,P-93p7887593651_VX-0p596649793105_LS-4p5e-05_ST-300_M-TI64_XI--0p0002_XF-0p0012_XL-0p0014_TE-0p00125_DT-3p13380310062e-06_H-306f9d252b,9653.0,12436.873122151535,713.9729955300162,2783.873122151537,7749949.560237748,9653.0,12090.097169545614,878.1854295343487,2437.0971695456137,5939442.613807241,346.77595260592307,1810506.9464305062,ARD_improved
clean,P-97p6596954152_VX-0p666705631564_LS-4p5e-05_ST-300_M-TI64_XI--0p0002_XF-0p0012_XL-0p0014_TE-0p00125_DT-2p80451054123e-06_H-b0e5aed98c,9719.0,8076.648306097164,1599.1317588502775,1642.351693902836,2697319.0864655143,9719.0,7864.4260137910605,1828.966728991337,1854.5739862089395,3439444.6703229155,-212.22229230610355,-742125.5838574013,ARD_worsened
clean,P-99p5435087092_VX-0p559592851831_LS-4p5e-05_ST-300_M-TI64_XI--0p0002_XF-0p0012_XL-0p0014_TE-0p00125_DT-3p34132747676e-06_H-306f9d252b,13785.0,10918.639066020698,462.2024338329799,2866.360933979302,8216025.003842697,13785.0,10852.550971488803,623.1259472852944,2932.449028511197,8599257.304816263,-66.08809453189497,-383232.30097356625,ARD_worsened
clean,P-100p408926704_VX-0p564694322144_LS-6p38706769001e-05_ST-381p633419878_M-TI64_XI-0p0002_XF-0p0014_XL-0p0012_TE-0p0021_DT-8p54288845105e-06_H-790e4fd6dd,17386.0,18013.186422253144,4061.219012118967,627.186422253144,393362.808258699,17386.0,17978.095471051136,2172.8079333397427,592.095471051136,350577.0468392666,35.090951202008,42785.76141943241,ARD_improved
clean,P-102p025474754_VX-0p424029390103_LS-7p94734719352e-05_ST-354p238131711_M-TI64_XI-0p0002_XF-0p0014_XL-0p0012_TE-0p0021_DT-1p13768543304e-05_H-6f31342894,23150.0,22906.231736893104,2423.290385091172,243.76826310689648,59422.96609815311,23150.0,22927.245809104545,717.4651326739377,222.7541908954554,49619.429561488985,21.01407221144109,9803.536536664127,ARD_improved
clean,P-102p449509144_VX-0p918837420936_LS-5p51471704636e-05_ST-339p471112188_M-TI64_XI-0p0002_XF-0p0014_XL-0p0012_TE-0p0021_DT-5p25024394207e-06_H-b41981edcb,10686.0,10657.859448121186,4302.098769028393,28.14055187881422,791.8906600442347,10686.0,12279.842921463034,1966.8830631184164,1593.8429214630341,2540335.2582978196,-1565.70236958422,-2539543.3676377754,ARD_worsened
clean,P-110p110895975_VX-0p451651242475_LS-8p6859144947e-05_ST-349p969995372_M-TI64_XI-0p0002_XF-0p0014_XL-0p0012_TE-0p0021_DT-1p06810745755e-05_H-6f31342894,21148.0,20785.94615522692,4159.656518399393,362.0538447730796,131082.98651496923,21148.0,21786.165164928112,1143.8842509543447,638.1651649281121,407254.77772772446,-276.11132015503244,-276171.79121275526,ARD_worsened
clean,P-110p131967455_VX-0p225166085115_LS-5p63312318207e-05_ST-326p092691949_M-TI64_XI-0p0002_XF-0p0014_XL-0p0012_TE-0p0021_DT-2p14247212255e-05_H-b41981edcb,42436.0,31446.78404884608,5142.5927470324805,10989.21595115392,120762867.2210958,42436.0,33129.38038835357,1150.8308025846234,9306.619611646427,86613168.5958819,1682.5963395074923,34149698.625213906,ARD_improved
clean,P-118p139890353_VX-0p847347819728_LS-5p08934239386e-05_ST-372p913421628_M-TI64_XI-0p0002_XF-0p0014_XL-0p0012_TE-0p0021_DT-5p69319999497e-06_H-d7a336064e,11588.0,12137.935154912377,4059.817316061192,549.9351549123749,302428.6746084977,11588.0,11998.860006453124,1767.8373179572675,410.8600064531238,168805.9449026609,139.07514845925107,133622.7297058368,ARD_improved
clean,P-121p661876009_VX-0p281641526906_LS-7p16631028882e-05_ST-330p429005364_M-TI64_XI-0p0002_XF-0p0014_XL-0p0012_TE-0p0021_DT-1p71285841829e-05_H-25d163a2a5,32976.0,29693.0688863494,4565.185177355948,3282.9311136506003,10777636.696975172,32976.0,35377.15588100244,1884.7553347904663,2401.1558810024435,5765549.564872621,881.7752326481568,5012087.132102551,ARD_improved
clean,P-126p512169142_VX-0p57236868357_LS-7p44940442576e-05_ST-386p738254947_M-TI64_XI-0p0002_XF-0p0014_XL-0p0012_TE-0p0021_DT-8p42834477408e-06_H-d7a336064e,16689.0,16953.30864834836,3199.567881473216,264.3086483483603,69859.06159173718,16689.0,16731.608071721705,1167.9785815036828,42.60807172170462,1815.4477758419248,221.70057662665567,68043.61381589525,ARD_improved
clean,P-128p682231034_VX-0p601925389683_LS-8p082715257e-05_ST-394p322355105_M-TI64_XI-0p0002_XF-0p0014_XL-0p0012_TE-0p0021_DT-8p01448266795e-06_H-b41981edcb,15870.0,17010.99037727868,3807.884379720815,1140.9903772786784,1301859.0410425407,15870.0,15760.006828577243,1524.9518915832016,109.99317142275686,12098.497759635977,1030.9972058559215,1289760.5432829047,ARD_improved
clean,P-129p569646497_VX-0p287154347682_LS-6p5197985882e-05_ST-393p701994752_M-TI64_XI-0p0002_XF-0p0014_XL-0p0012_TE-0p0021_DT-1p67997477383e-05_H-b41981edcb,32343.0,30366.307731126035,3560.412789851196,1976.692268873965,3907312.325826104,32343.0,32997.464231863545,1626.073764559586,654.4642318635451,428323.43078874017,1322.22803701042,3478988.8950373637,ARD_improved
clean,P-131p049819122_VX-0p780196421599_LS-5p30845028915e-05_ST-389p742843455_M-TI64_XI-0p0002_XF-0p0014_XL-0p0012_TE-0p0021_DT-6p18321293134e-06_H-b41981edcb,12245.0,12761.382551573508,4027.667216025258,516.382551573508,266650.9395695666,12245.0,12145.456004537627,772.1400132973733,99.54399546237255,9909.007032612846,416.8385561111354,256741.93253695374,ARD_improved
clean,P-132p12166853_VX-0p788188085218_LS-6p42596953306e-05_ST-382p443068729_M-TI64_XI-0p0002_XF-0p0014_XL-0p0012_TE-0p0021_DT-6p1205195733e-06_H-b41981edcb,12121.0,11619.659386527366,4103.01130073562,501.3406134726338,251342.4107171168,12121.0,12262.343479140363,692.6902998139269,141.34347914036334,19977.979095502327,359.99713433227043,231364.4316216145,ARD_improved
clean,P-134p93654729_VX-0p343298656719_LS-5p9412954069e-05_ST-389p435734624_M-TI64_XI-0p0002_XF-0p0014_XL-0p0012_TE-0p0021_DT-1p40522559835e-05_H-b41981edcb,27047.0,29133.52214606319,3651.750351896144,2086.522146063191,4353574.666012145,27047.0,26818.54118958886,2015.0592630319343,228.45881041113898,52193.428054472744,1858.063335652052,4301381.237957672,ARD_improved
clean,P-137p056736091_VX-0p84145784316_LS-6p02926393206e-05_ST-342p992007776_M-TI64_XI-0p0002_XF-0p0014_XL-0p0012_TE-0p0021_DT-5p73305085006e-06_H-ddeae69a6e,11669.0,10724.47604173312,4471.614400244036,944.52395826688,892125.507740135,11669.0,11071.700739697257,1868.875056567434,597.2992603027433,356766.40635820426,347.2246979641367,535359.1013819308,ARD_improved
clean,P-139p185905374_VX-0p93275027917_LS-8p26285474625e-05_ST-371p150203889_M-TI64_XI-0p0002_XF-0p0014_XL-0p0012_TE-0p0021_DT-5p17193155633e-06_H-b789300819,10242.0,10021.569452024914,4699.720417971213,220.4305479750856,48589.6264805965,10242.0,10224.161072844927,2007.0317434972878,17.83892715507318,318.2273220440073,202.59162082001242,48271.39915855249,ARD_improved
clean,P-140p314676599_VX-0p596196399995_LS-8p19973378232e-05_ST-342p525649343_M-TI64_XI-0p0002_XF-0p0014_XL-0p0012_TE-0p0021_DT-8p09149569346e-06_H-95fb07b078,15578.0,15356.58110512339,4898.08444139438,221.4188948766096,49026.32700837907,15578.0,15318.062135685454,2058.972130242631,259.93786431454646,67567.69330440757,-38.518969437936846,-18541.3662960285,ARD_worsened
clean,P-141p451666054_VX-0p378275685755_LS-6p85388508408e-05_ST-315p145948826_M-TI64_XI-0p0002_XF-0p0014_XL-0p0012_TE-0p0021_DT-1p27529227616e-05_H-8bf1b39107,24547.0,28512.891849639847,4692.373338714292,3965.891849639848,15728298.16303977,24547.0,19189.69658560819,2588.1060918792973,5357.3034143918085,28700699.87385413,-1391.4115647519607,-12972401.71081436,ARD_worsened
clean,P-145p199982561_VX-0p253198682602_LS-7p7513591008e-05_ST-398p693210886_M-TI64_XI-0p0002_XF-0p0014_XL-0p0012_TE-0p0021_DT-1p90527081478e-05_H-2d34966482,35635.0,30821.33618652838,3525.665652319829,4813.66381347162,23171359.30912613,35635.0,34406.609298686686,1901.6258698325435,1228.390701313314,1508943.7150730153,3585.2731121583065,21662415.594053116,ARD_improved
clean,P-149p381043177_VX-0p292260061908_LS-7p79529508561e-05_ST-384p444199936_M-TI64_XI-0p0002_XF-0p0014_XL-0p0012_TE-0p0021_DT-1p65062601148e-05_H-6464f5e6a2,30868.0,33271.12745811545,3330.9997859066,2403.1274581154503,5775021.579948425,30868.0,32265.016756557074,1579.417113584026,1397.0167565570737,1951655.8181012461,1006.1107015583766,3823365.7618471794,ARD_improved
clean,P-150p755371566_VX-0p566215971452_LS-6p88880703989e-05_ST-365p237346809_M-TI64_XI-0p0002_XF-0p0014_XL-0p0012_TE-0p0021_DT-8p51993028498e-06_H-3a501d5f99,16402.0,15770.60097689922,4233.607414094587,631.3990231007792,398664.7263726184,16402.0,16651.99230967796,1851.0934596517704,249.9923096779603,62496.154898121196,381.40671342281894,336168.5714744972,ARD_improved
clean,P-155p08939981_VX-0p967429278716_LS-6p89242148544e-05_ST-322p599938314_M-TI64_XI-0p0002_XF-0p0014_XL-0p0012_TE-0p0021_DT-4p98653566638e-06_H-765072ed36,9875.0,10981.213747651083,5595.931340904483,1106.2137476510852,1223708.855492259,9875.0,8642.301596347796,2101.1041636075024,1232.6984036522044,1519545.3543666932,-126.48465600111922,-295836.49887443427,ARD_worsened
clean,P-156p536166657_VX-0p9922713524_LS-8p48527663575e-05_ST-399p457924021_M-TI64_XI-0p0002_XF-0p0014_XL-0p0012_TE-0p0021_DT-4p86169492987e-06_H-17f36d0008,9360.0,10545.618201316836,3310.385850059265,1185.6182013168343,1405690.519293766,9360.0,10263.257842102146,2864.674859197565,903.2578421021462,815874.7293190258,282.36035921468806,589815.7899747402,ARD_improved
clean,P-162p201106716_VX-0p908426857038_LS-8p56302518524e-05_ST-395p218711567_M-TI64_XI-0p0002_XF-0p0014_XL-0p0012_TE-0p0021_DT-5p31041169208e-06_H-b41981edcb,10224.0,9889.98036346647,2951.780580691991,334.0196365335305,111569.11758999185,10224.0,10188.207662078952,1933.230008899286,35.792337921047874,1281.0914538544816,298.2272986124826,110288.02613613737,ARD_improved
clean,P-165p961555057_VX-0p261983014715_LS-5p47380727674e-05_ST-307p441799119_M-TI64_XI-0p0002_XF-0p0014_XL-0p0012_TE-0p0021_DT-1p84138678161e-05_H-b41981edcb,35453.0,32973.13190434696,4299.661917341481,2479.8680956530443,6149745.771837857,35453.0,32159.362493159555,1821.9708464454457,3293.637506840445,10848048.026466142,-813.7694111874007,-4698302.254628286,ARD_worsened
clean,P-171p793878697_VX-0p802872637148_LS-7p56304072004e-05_ST-389p149112673_M-TI64_XI-0p0002_XF-0p0014_XL-0p0012_TE-0p0021_DT-6p00857518342e-06_H-b41981edcb,11568.0,11186.958521962548,3152.1733652266144,381.0414780374522,145192.60798496616,11568.0,11500.449544671792,1806.4795775934047,67.55045532820805,4563.06401504823,313.49102270924413,140629.54396991793,ARD_improved
clean,P-178p179131994_VX-0p674364285322_LS-6p39772031663e-05_ST-392p701744041_M-TI64_XI-0p0002_XF-0p0014_XL-0p0012_TE-0p0021_DT-7p15358257846e-06_H-b41981edcb,13773.0,13702.1028181943,2933.2825761524327,70.8971818056998,5026.410387990451,13773.0,13469.158886240359,1718.3194384930841,303.8411137596413,92319.42241069929,-232.9439319539415,-87293.01202270883,ARD_worsened
clean,P-180p4231768_VX-0p853402947533_LS-8p92029044014e-05_ST-332p421625378_M-TI64_XI-0p0002_XF-0p0014_XL-0p0012_TE-0p0021_DT-5p65280518067e-06_H-0b12abf205,10572.0,11580.154051127784,5979.757587406879,1008.1540511277854,1016374.5908053652,10572.0,10405.66303866747,2628.8376450829405,166.33696133253034,27667.98470533969,841.817089795255,988706.6061000256,ARD_improved
clean,P-181p628478787_VX-0p952936233186_LS-6p91719476824e-05_ST-399p362560559_M-TI64_XI-0p0002_XF-0p0014_XL-0p0012_TE-0p0021_DT-5p06237504149e-06_H-2ecbc85805,9746.0,10800.302802832311,5046.072218067408,1054.302802832313,1111554.4000600718,9746.0,9574.534058979682,1983.6519434486413,171.4659410203185,29400.56892998334,882.8368618119946,1082153.8311300885,ARD_improved
clean,P-188p623199531_VX-0p253450423389_LS-5p98563054886e-05_ST-373p9812389_M-TI64_XI-0p0002_XF-0p0014_XL-0p0012_TE-0p0021_DT-1p90337839587e-05_H-b41981edcb,35600.0,29777.13364455368,4649.61765866467,5822.86635544632,33905772.593388714,35600.0,34086.40352241526,2530.722599150988,1513.5964775847388,2290974.2969569284,4309.269877861581,31614798.296431787,ARD_improved
clean,P-189p966894809_VX-0p644468304217_LS-6p74843907822e-05_ST-388p1301819_M-TI64_XI-0p0002_XF-0p0014_XL-0p0012_TE-0p0021_DT-7p48542724514e-06_H-851e5d4577,14000.0,14051.886131274689,2733.4548161381326,51.88613127468852,2692.1706186542106,14000.0,14485.931885600692,1659.830063631966,485.9318856006921,236129.7974434441,-434.0457543260036,-233437.6268247899,ARD_worsened
clean,P-191p425479448_VX-0p407642571095_LS-6p68635438353e-05_ST-376p486404344_M-TI64_XI-0p0002_XF-0p0014_XL-0p0012_TE-0p0021_DT-1p18341923663e-05_H-9a0fcdd2aa,22129.0,24156.387662555728,3356.033765996431,2027.387662555728,4110300.734283177,22129.0,22128.907469309874,1870.2904228849768,0.09253069012629567,0.00856192861524855,2027.2951318656017,4110300.7257212484,ARD_improved
clean,P-194p299416559_VX-0p806548050335_LS-7p3474496565e-05_ST-381p946978961_M-TI64_XI-0p0002_XF-0p0014_XL-0p0012_TE-0p0021_DT-5p98119430208e-06_H-b41981edcb,11187.0,10852.175461381612,3082.095011703282,334.82453861838803,112107.47166101642,11187.0,11354.923487261392,1916.6379514860757,167.92348726139244,28198.297574027027,166.9010513569956,83909.1740869894,ARD_improved
clean,P-196p499083559_VX-0p373706074139_LS-6p49065899682e-05_ST-353p001345311_M-TI64_XI-0p0002_XF-0p0014_XL-0p0012_TE-0p0021_DT-1p290886324e-05_H-b789300819,24137.0,25229.086680463013,3204.2170678230827,1092.0866804630132,1192653.3176447237,24137.0,22790.162987526688,1502.5615654090282,1346.837012473312,1813969.938168036,-254.75033201029873,-621316.6205233124,ARD_worsened
clean,P-199p092557979_VX-0p316505824784_LS-5p93128195415e-05_ST-330p512210532_M-TI64_XI-0p0002_XF-0p0014_XL-0p0012_TE-0p0021_DT-1p52418067071e-05_H-8bf1b39107,28501.0,33096.73450388295,3432.5804267368385,4595.734503882952,21120775.63018028,28501.0,29900.635275460052,790.6862681101443,1399.635275460052,1958978.904312136,3196.0992284228996,19161796.725868143,ARD_improved
clean,P-202p623346674_VX-0p47308497906_LS-5p69403778977e-05_ST-355p073751689_M-TI64_XI-0p0002_XF-0p0014_XL-0p0012_TE-0p0021_DT-1p01971544575e-05_H-b41981edcb,19069.0,19347.50413562209,3746.95223964024,278.50413562209,77564.55355860748,19069.0,19205.797438445778,2430.1484364844387,136.79743844577752,18713.53916532629,141.7066971763125,58851.01439328119,ARD_improved
clean,P-205p507001181_VX-0p303336340291_LS-4p80706805647e-05_ST-333p622908766_M-TI64_XI-0p0002_XF-0p0014_XL-0p0012_TE-0p0021_DT-1p59035366431e-05_H-89a38ff0e6,30615.0,27100.98596059056,5123.826570005363,3514.014039409441,12348294.66916666,30615.0,29501.06048277543,771.2017950786143,1113.9395172245713,1240861.248034511,2400.0745221848697,11107433.42113215,ARD_improved
clean,P-207p940614893_VX-0p318461267696_LS-7p4904937331e-05_ST-370p987623474_M-TI64_XI-0p0002_XF-0p0014_XL-0p0012_TE-0p0021_DT-1p51482176715e-05_H-0b12abf205,26658.0,25941.87775907317,3672.87423752292,716.1222409268303,512831.0639500651,26658.0,28280.567085496106,1163.393213062683,1622.5670854961063,2632723.9469353287,-906.444844569276,-2119892.8829852636,ARD_worsened
clean,P-210p464738138_VX-0p237113609615_LS-6p46217439158e-05_ST-306p057190902_M-TI64_XI-0p0002_XF-0p0014_XL-0p0012_TE-0p0021_DT-2p03451864735e-05_H-12faed80a6,36935.0,28976.431587411516,5209.763094785085,7958.568412588487,63338811.17785124,36935.0,36059.09504627156,2789.620804695419,875.9049537284372,767209.4879660158,7082.66345886005,62571601.68988522,ARD_improved
clean,P-213p87237204_VX-0p329966780459_LS-7p13970627017e-05_ST-390p008507958_M-TI64_XI-0p0002_XF-0p0014_XL-0p0012_TE-0p0021_DT-1p46200190101e-05_H-765072ed36,26532.0,26147.588274177277,3559.6909137528,384.411725822727,147772.37495000745,26532.0,25290.44826016835,1386.3389704254198,1241.5517398316515,1541450.7226790008,-857.1400140089245,-1393678.3477289933,ARD_worsened
clean,P-218p352277735_VX-0p662592791038_LS-5p96508880483e-05_ST-307p55260089_M-TI64_XI-0p0002_XF-0p0014_XL-0p0012_TE-0p0021_DT-7p28067173121e-06_H-b41981edcb,13617.0,14002.28936382075,5351.324138155945,385.2893638207497,148447.89387339805,13617.0,13607.01661786272,2903.7014514140915,9.983382137279477,99.66791889895094,375.30598168347024,148348.2259544991,ARD_improved
clean,P-218p623352015_VX-0p878480487228_LS-8p13012329394e-05_ST-381p006435488_M-TI64_XI-0p0002_XF-0p0014_XL-0p0012_TE-0p0021_DT-5p49143740032e-06_H-90ad187ad0,9968.0,11389.053079188276,5057.292485635599,1421.0530791882777,2019391.8538704847,9968.0,10080.726856309717,2690.048990152898,112.72685630971682,12707.344133471543,1308.3262228785609,2006684.5097370131,ARD_improved
clean,P-222p052357041_VX-0p997941039436_LS-5p29599486117e-05_ST-383p923575745_M-TI64_XI-0p0002_XF-0p0014_XL-0p0012_TE-0p0021_DT-4p83407377027e-06_H-02b1b704be,9307.0,12006.585314624292,6442.987007224855,2699.585314624292,7287760.870935135,9307.0,9515.114174866985,3208.7608621189756,208.1141748669852,43311.50978056609,2491.471139757307,7244449.361154568,ARD_improved
clean,P-223p161294482_VX-0p578452940205_LS-4p86833733719e-05_ST-359p100984903_M-TI64_XI-0p0002_XF-0p0014_XL-0p0012_TE-0p0021_DT-8p33969415266e-06_H-1e85da8953,16055.0,16318.499663077684,4598.345211380652,263.4996630776841,69432.07244205303,16055.0,15369.034970759625,1137.5294440736034,685.9650292403749,470548.02134074835,-422.46536616269077,-401115.9488986953,ARD_worsened
clean,P-225p511353261_VX-0p242923031869_LS-6p38341457094e-05_ST-340p774386379_M-TI64_XI-0p0002_XF-0p0014_XL-0p0012_TE-0p0021_DT-1p9858638211e-05_H-5cefbb31d2,36051.0,30051.43641449714,4443.273033992721,5999.56358550286,35994763.21649193,36051.0,36040.7475078391,2558.7082010098093,10.252492160900147,105.11359550931896,5989.31109334196,35994658.10289642,ARD_improved
clean,P-226p648480029_VX-0p577602942666_LS-6p93800013331e-05_ST-342p653362063_M-TI64_XI-0p0002_XF-0p0014_XL-0p0012_TE-0p0021_DT-8p35196680396e-06_H-b4093437b1,15161.0,15047.53028898442,2745.261708924617,113.46971101557938,12875.375317959097,15161.0,15574.687755633508,981.6174162968923,413.68775563350755,171137.55916108866,-300.2180446179282,-158262.18384312958,ARD_worsened
clean,P-227p690023792_VX-0p392329282459_LS-7p92871102354e-05_ST-391p94840599_M-TI64_XI-0p0002_XF-0p0014_XL-0p0012_TE-0p0021_DT-1p22961013075e-05_H-12074f4927,21640.0,22045.55391906189,4753.861616955362,405.5539190618911,164473.9812664589,21640.0,23028.25823130861,1727.561102920465,1388.2582313086095,1927260.916796109,-982.7043122467185,-1762786.93552965,ARD_worsened
clean,P-228p907235932_VX-0p414638318501_LS-7p95917332413e-05_ST-340p25610662_M-TI64_XI-0p0002_XF-0p0014_XL-0p0012_TE-0p0021_DT-1p16345267376e-05_H-02b1b704be,20476.0,21189.618097078936,4810.936067812559,713.6180970789355,509250.788478561,20476.0,21014.762007361252,2875.1111335564888,538.7620073612525,290264.5005759263,174.85608971768306,218986.2879026347,ARD_improved
clean,P-234p345987256_VX-0p872091919433_LS-7p00578367301e-05_ST-333p182550298_M-TI64_XI-0p0002_XF-0p0014_XL-0p0012_TE-0p0021_DT-5p53166529298e-06_H-b41981edcb,10041.0,9471.478177053084,4976.092821468765,569.5218229469174,324355.1068127799,10041.0,9936.00751135384,2008.9283698461456,104.99248864615947,11023.422672113926,464.5293343007579,313331.684140666,ARD_improved
clean,P-235p890696826_VX-0p62852965691_LS-7p09715556056e-05_ST-349p581827429_M-TI64_XI-0p0002_XF-0p0014_XL-0p0012_TE-0p0021_DT-7p6752473809e-06_H-765072ed36,13933.0,13835.154306187447,2884.1008605287147,97.84569381255096,9573.779797659474,13933.0,14500.88236861926,2261.449492683891,567.8823686192609,322490.3845886221,-470.0366748067099,-312916.6047909626,ARD_worsened
clean,P-236p206080041_VX-0p584146530445_LS-8p43378292301e-05_ST-319p849522294_M-TI64_XI-0p0002_XF-0p0014_XL-0p0012_TE-0p0021_DT-8p25840838144e-06_H-b41981edcb,14537.0,15262.0827971641,5592.349015109618,725.0827971641011,525745.062743317,14537.0,14282.458717549334,1886.2352824400168,254.54128245066568,64791.26447162956,470.5415147134354,460953.7982716874,ARD_improved
clean,P-240p318887809_VX-0p361018894241_LS-4p85509578057e-05_ST-398p513006139_M-TI64_XI-0p0002_XF-0p0014_XL-0p0012_TE-0p0021_DT-1p33625155912e-05_H-3a501d5f99,24985.0,22216.78748614296,6703.529542879753,2768.212513857041,7663000.521874717,24985.0,23627.19639431459,2081.3603734622966,1357.8036056854107,1843630.6316123023,1410.4089081716302,5819369.890262416,ARD_improved
clean,P-243p325077963_VX-0p998321353283_LS-5p70160449472e-05_ST-337p156153016_M-TI64_XI-0p0002_XF-0p0014_XL-0p0012_TE-0p0021_DT-4p83223221376e-06_H-d7a336064e,9037.0,10856.03357285207,5853.353913054447,1819.0335728520693,3308883.139162965,9037.0,9544.451472450739,3270.8506592466915,507.45147245073895,257506.99689242308,1311.5821004013303,3051376.142270542,ARD_improved
clean,P-246p298220115_VX-0p718479932945_LS-4p8795144948e-05_ST-311p768373355_M-TI64_XI-0p0002_XF-0p0014_XL-0p0012_TE-0p0021_DT-6p71434285331e-06_H-0b12abf205,12928.0,13897.963797160131,5833.83927508311,969.9637971601333,940829.767801304,12928.0,12686.512384604706,3540.71593421224,241.4876153952937,58316.26838930528,728.4761817648396,882513.4994119987,ARD_improved
clean,P-246p882256304_VX-0p912145169038_LS-8p52944569156e-05_ST-321p903093968_M-TI64_XI-0p0002_XF-0p0014_XL-0p0012_TE-0p0021_DT-5p288764077e-06_H-0b12abf205,9600.0,12506.37051406769,6045.896933771255,2906.3705140676902,8446989.56504209,9600.0,9748.572394807954,2205.5334524280133,148.57239480795397,22073.756498970546,2757.7981192597363,8424915.80854312,ARD_improved
clean,P-76p6986127633_VX-0p686212461643_LS-6p4052091323e-05_ST-393p159111444_M-TI64_XI-0p0002_XF-0p0014_XL-0p0012_TE-0p0021_DT-7p0300684885e-06_H-b41981edcb,15081.0,14939.014311035178,3992.717408476888,141.98568896482175,20159.935870815105,15081.0,14847.58776245439,2847.3846142233997,233.41223754560997,54481.272636048256,-91.42654858078822,-34321.33676523315,ARD_worsened
clean,P-78p6311637963_VX-0p75889512334_LS-7p24228839444e-05_ST-395p823418581_M-TI64_XI-0p0002_XF-0p0014_XL-0p0012_TE-0p0021_DT-6p3567684844e-06_H-9aaaba6a78,13638.0,13790.100772926186,3926.35471085818,152.10077292618553,23134.64512474305,13638.0,14269.640653916955,2691.0025437075074,631.6406539169548,398969.9156806382,-479.53988099076923,-375835.2705558952,ARD_worsened
clean,P-80p5741190929_VX-0p403249617425_LS-8p97039861056e-05_ST-397p637850573_M-TI64_XI-0p0002_XF-0p0014_XL-0p0012_TE-0p0021_DT-1p19631126592e-05_H-6464f5e6a2,25658.0,21247.51555459452,6588.541672606248,4410.484445405484,19452373.04316372,25658.0,25405.82574284975,3644.325865678371,252.17425715025092,63591.85596928088,4158.310188255233,19388781.18719444,ARD_improved
clean,P-91p4898167395_VX-0p477122889388_LS-7p769973149e-05_ST-351p010780102_M-TI64_XI-0p0002_XF-0p0014_XL-0p0012_TE-0p0021_DT-1p01108555266e-05_H-b41981edcb,20575.0,21256.137914586987,2897.7095862441174,681.1379145869869,463948.85868790944,20575.0,19249.488316127747,1580.0321874123451,1325.5116838722533,1756981.2240818564,-644.3737692852665,-1293032.3653939469,ARD_worsened
clean,P-92p2921456709_VX-0p425581954559_LS-4p53091383738e-05_ST-356p588229582_M-TI64_XI-0p0002_XF-0p0014_XL-0p0012_TE-0p0021_DT-1p13353504568e-05_H-765072ed36,23066.0,21122.319286300422,6410.0826050368405,1943.6807136995776,3777894.7168076993,23066.0,10654.121881430176,2478.551879557791,12411.878118569824,154054718.4302324,-10468.197404870247,-150276823.7134247,ARD_worsened
clean,P-92p9578294978_VX-0p909619863772_LS-6p47386544357e-05_ST-309p507384821_M-TI64_XI-0p0002_XF-0p0014_XL-0p0012_TE-0p0021_DT-5p30344685197e-06_H-765072ed36,11086.0,11079.981945278883,5905.297042329136,6.018054721116641,36.21698262635429,11086.0,7383.485830625645,1694.7273911890052,3702.5141693743553,13708611.174417872,-3696.4961146532387,-13708574.957435247,ARD_worsened
clean,P-93p7392388905_VX-0p76284290369_LS-5p63100861802e-05_ST-349p958485388_M-TI64_XI-0p0002_XF-0p0014_XL-0p0012_TE-0p0021_DT-6p32387163816e-06_H-5cefbb31d2,13219.0,13078.554912621836,4480.974167427053,140.44508737816432,19724.82256866021,13219.0,13141.120672139266,1606.6699568533497,77.87932786073361,6065.189708039638,62.565759517430706,13659.632860620572,ARD_improved
clean,P-97p5646849269_VX-0p800614374072_LS-8p74302358335e-05_ST-345p052442693_M-TI64_XI-0p0002_XF-0p0014_XL-0p0012_TE-0p0021_DT-6p02552334713e-06_H-b41981edcb,12927.0,14028.506094108983,5999.373423681263,1101.5060941089832,1213315.6753592282,12927.0,12293.695416739843,1458.251284104537,633.3045832601565,401074.6951783205,468.20151084882673,812240.9801809076,ARD_improved
clean,P-97p9405338961_VX-0p913267755474_LS-7p48831340213e-05_ST-390p809181728_M-TI64_XI-0p0002_XF-0p0014_XL-0p0012_TE-0p0021_DT-5p28226314145e-06_H-0b12abf205,11042.0,11810.589949355366,4633.9233444769725,768.5899493553661,590730.5102500842,11042.0,9975.84428977616,3148.91854553528,1066.1557102238403,1136687.9984429013,-297.5657608684742,-545957.4881928171,ARD_worsened
broad,P-101p127472137_VX-0p52394730996_LS-4p5e-05_ST-300_M-TI64_XI--0p0002_XF-0p0012_XL-0p0014_TE-0p00125_DT-3p56864695376e-06_H-b0e5aed98c,11779.0,16913.160313586184,6311.657518743957,5134.160313586184,26359602.125603385,11779.0,15772.054175505735,3562.0225490816138,3993.0541755057347,15944481.648523783,1141.1061380804495,10415120.477079602,ARD_improved
broad,P-104p101541641_VX-0p916529700054_LS-8p82882842693e-05_ST-394p968412652_M-TI64_XI-0p0002_XF-0p0014_XL-0p0012_TE-0p0021_DT-5p2634634783e-06_H-6014a1f9c3,71553.0,43088.98567989729,18564.4290856264,28464.01432010271,810200111.2150121,71553.0,16186.76770234816,16124.061113397198,55366.23229765184,3065419678.837546,-26902.21797754913,-2255219567.622534,ARD_worsened
broad,P-105p276295276_VX-0p639039009111_LS-7p6636834293e-05_ST-367p44858305_M-TI64_XI-0p0002_XF-0p0014_XL-0p0012_TE-0p00125_DT-1p00822530836e-05_H-bf889bf790,29945.0,36920.57584538902,17335.805760852694,6975.575845389023,48658658.374774784,29945.0,41845.96576838966,17609.217492501346,11900.965768389658,141632986.22038245,-4925.3899230006355,-92974327.84560767,ARD_worsened
broad,P-107p176159755_VX-0p320752066655_LS-8p75302281584e-05_ST-393p859643937_M-TI64_XI-0p0002_XF-0p0014_XL-0p0012_TE-0p0021_DT-1p50400296819e-05_H-8daf8adcd4,53796.0,29717.267306184447,18168.91282059372,24078.732693815557,579785368.140222,53796.0,25700.430300392305,15946.196337971234,28095.569699607695,789361036.745514,-4016.8370057921384,-209575668.60529208,ARD_worsened
broad,P-109p759946449_VX-0p241926176876_LS-4p5e-05_ST-300_M-TI64_XI--0p0002_XF-0p0012_XL-0p0014_TE-0p00125_DT-7p72873359867e-06_H-fb250c7cf9,28904.0,29339.332123423348,12036.12099562126,435.3321234233481,189514.0576842812,28904.0,28322.017102571423,5787.277732241003,581.9828974285774,338704.0928993621,-146.65077400522932,-149190.0352150809,ARD_worsened
broad,P-110p234671953_VX-0p866589137882_LS-8p08580037422e-05_ST-348p980680204_M-TI64_XI-0p0002_XF-0p0014_XL-0p0012_TE-0p0021_DT-5p56679098795e-06_H-6705b84f8a,61578.0,42455.85740569563,16027.434616328195,19122.14259430437,365656337.39690953,61578.0,43316.01469709415,14530.6074611589,18261.98530290585,333500107.20354927,860.1572913985183,32156230.19336027,ARD_improved
broad,P-110p642328299_VX-0p274154737479_LS-7p4676600105e-05_ST-358p612942181_M-TI64_XI-0p0002_XF-0p0014_XL-0p0012_TE-0p0021_DT-1p7596342297e-05_H-b40dbd8ddd,83293.0,55033.631244251614,16526.625090279478,28259.368755748383,798591922.473368,83293.0,60794.19443890869,14541.633987518075,22498.805561091307,506196251.6757931,5760.563194657076,292395670.79757494,ARD_improved
broad,P-112p428225508_VX-0p704865651228_LS-6p30987392704e-05_ST-309p241492678_M-TI64_XI-0p0002_XF-0p0014_XL-0p0012_TE-0p0021_DT-6p84402849623e-06_H-30d8d23b36,38782.0,30312.28842620438,17779.681802458203,8469.71157379562,71736014.14328746,38782.0,29507.23332175948,15932.017334962631,9274.766678240521,86021296.93580072,-805.0551044449021,-14285282.792513251,ARD_worsened
broad,P-112p904894498_VX-0p537693260466_LS-4p63068354409e-05_ST-322p169166627_M-TI64_XI-0p0002_XF-0p0014_XL-0p0012_TE-0p00125_DT-1p19825809506e-05_H-bf889bf790,32956.0,27505.45381071412,18190.933305705643,5450.54618928588,29708453.76153883,32956.0,36166.74352698169,19138.696660752128,3210.7435269816924,10308873.996054837,2239.802662304188,19399579.76548399,ARD_improved
broad,P-113p286681534_VX-0p56768277259_LS-5p80401726566e-05_ST-302p148970527_M-TI64_XI-0p0002_XF-0p0014_XL-0p0012_TE-0p00125_DT-1p13495658689e-05_H-bf889bf790,33713.0,39877.2609243881,16379.87895186186,6164.260924388102,37998112.74393805,33713.0,30946.56904031249,15425.586800089186,2766.43095968751,7653140.254717558,3397.8299647005915,30344972.489220493,ARD_improved
broad,P-114p820217584_VX-0p948189613582_LS-6p03705790634e-05_ST-353p560035146_M-TI64_XI-0p0002_XF-0p0014_XL-0p0012_TE-0p0021_DT-5p08771719698e-06_H-d4c4d1b9c0,26021.0,18885.05085730775,16575.66174692187,7135.9491426922505,50921770.16709027,26021.0,28470.85946274052,15080.517228409202,2449.859462740518,6001811.38717926,4686.089679951732,44919958.779911004,ARD_improved
broad,P-115p281467344_VX-0p424433079834_LS-5p4086019252e-05_ST-352p652659088_M-TI64_XI-0p0002_XF-0p0014_XL-0p0012_TE-0p0021_DT-1p13660334979e-05_H-d616b14147,50034.0,53138.325701018926,17351.558693375373,3104.3257010189263,9636838.058006648,50034.0,35288.02006712475,16955.187837738573,14745.979932875249,217443924.18075952,-11641.654231856322,-207807086.12275288,ARD_worsened
broad,P-116p440418649_VX-0p621036488786_LS-7p33150072515e-05_ST-327p034160515_M-TI64_XI-0p0002_XF-0p0014_XL-0p0012_TE-0p0021_DT-7p76785372538e-06_H-3f4a2df486,41027.0,46954.79606273801,17212.986533030813,5927.796062738009,35138766.16141224,41027.0,44711.82984596874,14916.117508039442,3684.829845968743,13577970.99374203,2242.966216769266,21560795.16767021,ARD_improved
broad,P-116p693370328_VX-0p231004403842_LS-8p2871053211e-05_ST-317p198938228_M-TI64_XI-0p0002_XF-0p0014_XL-0p0012_TE-0p0021_DT-2p08832408507e-05_H-d147d48e9f,83909.0,48417.55386234001,19077.164491228377,35491.44613765999,1259642748.94242,83909.0,43230.45634078128,19567.168370122217,40678.54365921872,1654743914.2349634,-5187.097521558731,-395101165.2925434,ARD_worsened
broad,P-118p4900546_VX-0p535113778256_LS-4p79907961621e-05_ST-385p412174328_M-TI64_XI-0p0002_XF-0p0014_XL-0p0012_TE-0p0021_DT-9p01513061154e-06_H-dd169576f0,39182.0,40384.25005823218,18573.71655009222,1202.250058232181,1445405.2025192822,39182.0,42502.77133362581,17423.18973171414,3320.7713336258093,11027522.250230936,-2118.5212753936285,-9582117.047711654,ARD_worsened
broad,P-119p65849417_VX-0p305673131798_LS-5p10692886867e-05_ST-393p327897391_M-TI64_XI-0p0002_XF-0p0014_XL-0p0012_TE-0p0021_DT-1p57819582462e-05_H-cb2618ba4f,72094.0,54812.692569438914,16492.136357896397,17281.307430561086,298643586.50956583,72094.0,32572.392525257852,17895.126594664947,39521.60747474215,1561957457.3875947,-22240.300044181065,-1263313870.8780289,ARD_worsened
broad,P-122p148440758_VX-0p768953415756_LS-4p5e-05_ST-300_M-TI64_XI--0p0002_XF-0p0012_XL-0p0014_TE-0p00125_DT-2p43159459768e-06_H-306f9d252b,9630.0,12870.694684105869,8937.7202336232,3240.694684105867,10502102.035592023,9630.0,11787.311332004989,3983.8142999304714,2157.311332004989,4653992.183197139,1083.3833521008783,5848109.852394884,ARD_improved
broad,P-122p399838052_VX-0p958262341264_LS-8p77032416896e-05_ST-376p830559352_M-TI64_XI-0p0002_XF-0p0014_XL-0p0012_TE-0p0021_DT-5p03423790676e-06_H-79d0c72bd8,60951.0,35558.601894121195,15882.92101802058,25392.398105878805,644773881.5674375,60951.0,21581.40761664976,18007.488330170952,39369.59238335024,1549964804.431149,-13977.194277471433,-905190922.8637115,ARD_worsened
broad,P-123p578555013_VX-0p413960648538_LS-5p40122226787e-05_ST-380p745973079_M-TI64_XI-0p0002_XF-0p0014_XL-0p0012_TE-0p0021_DT-1p16535729182e-05_H-f404b6f8f4,53226.0,46632.31193004869,13458.268042413856,6593.688069951306,43476722.363818176,53226.0,54225.200385063654,14674.041930337562,999.2003850636538,998401.409511354,5594.487684887652,42478320.95430682,ARD_improved
broad,P-124p939831153_VX-0p895565001264_LS-4p79284796095e-05_ST-395p904294171_M-TI64_XI-0p0002_XF-0p0014_XL-0p0012_TE-0p0021_DT-5p38667834965e-06_H-cf6d926251,24588.0,19573.257953715933,17660.56444322696,5014.742046284067,25147637.79076932,24588.0,22784.99318098209,17204.61725255146,1803.0068190179118,3250833.589425089,3211.7352272661556,21896804.20134423,ARD_improved
broad,P-126p228008246_VX-0p201684842681_LS-4p5e-05_ST-300_M-TI64_XI--0p0002_XF-0p0012_XL-0p0014_TE-0p00125_DT-9p27081552964e-06_H-306f9d252b,33658.0,30861.558518532896,8891.096567547318,2796.441481467104,7820084.959269929,33658.0,31782.52116799012,4111.400753522441,1875.4788320098814,3517420.8493171493,920.9626494572226,4302664.1099527795,ARD_improved
broad,P-126p429096271_VX-0p381791494837_LS-8p54596605095e-05_ST-336p470624887_M-TI64_XI-0p0002_XF-0p0014_XL-0p0012_TE-0p0021_DT-1p26354847299e-05_H-bf3689621a,57713.0,46258.589304656,16600.410146062964,11454.410695344,131203524.37761098,57713.0,54527.58959481443,16474.370492108825,3185.4104051855684,10146839.449464487,8269.000290158432,121056684.9281465,ARD_improved
broad,P-129p840936159_VX-0p750604494449_LS-8p84568803437e-05_ST-319p185657099_M-TI64_XI-0p0002_XF-0p0014_XL-0p0012_TE-0p0021_DT-6p42698070514e-06_H-f575443233,76053.0,41976.61908388755,16186.716631639034,34076.38091611245,1161199736.339993,76053.0,48885.137409403906,19510.324101760856,27167.862590596094,738092757.7415107,6908.518325516357,423106978.59848225,ARD_improved
broad,P-133p003569327_VX-0p736244453131_LS-4p5e-05_ST-300_M-TI64_XI--0p0002_XF-0p0012_XL-0p0014_TE-0p00125_DT-2p53962249042e-06_H-306f9d252b,13551.0,10618.997012067011,7850.484338640472,2932.0029879329886,8596641.521247974,13551.0,10504.27815434185,4399.217752488056,3046.7218456581504,9282514.004810607,-114.7188577251618,-685872.4835626334,ARD_worsened
broad,P-133p058435031_VX-0p81650327798_LS-4p78587303962e-05_ST-362p382821566_M-TI64_XI-0p0002_XF-0p0014_XL-0p0012_TE-0p0021_DT-5p90826850683e-06_H-dd169576f0,29896.0,20194.81235940501,15858.972639240594,9701.187640594988,94113041.63803294,29896.0,23783.679280472097,14833.804843236474,6112.320719527903,37360464.5783701,3588.866921067085,56752577.05966284,ARD_improved
broad,P-133p757797566_VX-0p645163458122_LS-4p5e-05_ST-300_M-TI64_XI--0p0002_XF-0p0012_XL-0p0014_TE-0p00125_DT-2p89815386795e-06_H-306f9d252b,12754.0,19320.915228023503,13001.072544253146,6566.915228023503,43124375.61204698,12754.0,18143.28197114345,7893.47880845437,5389.2819711434495,29044360.164491825,1177.6332568800535,14080015.447555155,ARD_improved
broad,P-134p442185153_VX-0p806363522352_LS-4p5e-05_ST-300_M-TI64_XI--0p0002_XF-0p0012_XL-0p0014_TE-0p00125_DT-2p3187841709e-06_H-b0e5aed98c,9949.0,11164.822682758746,7398.54468773695,1215.822682758746,1478224.795910674,9949.0,10238.79850918497,4257.506012404925,289.7985091849696,83983.1759258309,926.0241735737764,1394241.619984843,ARD_improved
broad,P-135p171981101_VX-0p652238458987_LS-5p89001447273e-05_ST-362p997098414_M-TI64_XI-0p0002_XF-0p0014_XL-0p0012_TE-0p0021_DT-7p39625291417e-06_H-01d46950f6,36619.0,27209.89089763945,17574.599444608266,9409.109102360551,88531334.10012418,36619.0,35580.03960861949,15134.206582045626,1038.9603913805113,1079438.6948575452,8370.14871098004,87451895.40526664,ARD_improved
broad,P-135p208661893_VX-0p295797438033_LS-4p5e-05_ST-300_M-TI64_XI--0p0002_XF-0p0012_XL-0p0014_TE-0p00125_DT-6p32116012922e-06_H-fb250c7cf9,24334.0,28977.78093682839,7669.167310967438,4643.780936828389,21564701.389250748,24334.0,27737.670287921377,4356.644213783112,3403.670287921377,11584971.42887879,1240.1106489070116,9979729.960371958,ARD_improved
broad,P-136p115095044_VX-0p8200930762_LS-6p39666133344e-05_ST-362p502989524_M-TI64_XI-0p0002_XF-0p0014_XL-0p0012_TE-0p0021_DT-5p88240620853e-06_H-f575443233,27498.0,20116.00775387509,15454.634839699387,7381.992246124908,54493809.52184826,27498.0,29941.312032049245,13425.315142306756,2443.3120320492453,5969773.685956612,4938.680214075663,48524035.83589165,ARD_improved
broad,P-136p984349172_VX-0p357723834949_LS-5p17808569448e-05_ST-373p061688931_M-TI64_XI-0p0002_XF-0p0014_XL-0p0012_TE-0p0021_DT-1p34856001521e-05_H-270d04032e,63084.0,66157.4203049481,14136.619359209626,3073.4203049481,9445912.370867273,63084.0,61635.017577546314,16951.145441274068,1448.982422453686,2099550.060579752,1624.4378824944138,7346362.31028752,ARD_improved
broad,P-137p340072051_VX-0p708357837186_LS-8p48461574474e-05_ST-331p337392673_M-TI64_XI-0p0002_XF-0p0014_XL-0p0012_TE-0p0021_DT-6p81028761138e-06_H-701e6757d1,36341.0,46694.07208610199,14716.203202080933,10353.072086101987,107186101.62002416,36341.0,31215.593222924097,17123.425558906867,5125.406777075903,26269794.630495593,5227.665309026084,80916306.98952857,ARD_improved
broad,P-137p601432421_VX-0p461948695475_LS-6p48780591522e-05_ST-397p490087405_M-TI64_XI-0p0002_XF-0p0014_XL-0p0012_TE-0p0021_DT-1p04429791669e-05_H-ef2aaf59fd,55168.0,40351.56637782328,15556.443390813953,14816.433622176724,219526705.28036883,55168.0,47079.76590412439,12823.736305471833,8088.23409587561,65419530.78968475,6728.199526301114,154107174.4906841,ARD_improved
broad,P-138p247900083_VX-0p876957934743_LS-4p5e-05_ST-300_M-TI64_XI--0p0002_XF-0p0012_XL-0p0014_TE-0p00125_DT-2p13212389961e-06_H-306f9d252b,8679.0,6938.462980727512,7347.724301749791,1740.5370192724877,3029469.115457956,8679.0,7076.581580033049,3780.510363932877,1602.4184199669508,2567744.792649379,138.11859930553692,461724.3228085772,ARD_improved
broad,P-139p278080234_VX-0p813607985113_LS-8p25985701782e-05_ST-356p830860854_M-TI64_XI-0p0002_XF-0p0014_XL-0p0012_TE-0p0021_DT-5p9292935803e-06_H-6014a1f9c3,33920.0,29236.748006097005,16219.73283142297,4683.251993902995,21932849.23839638,33920.0,50472.138267621616,13736.39830152707,16552.138267621616,273973281.2304639,-11868.886273718621,-252040431.99206755,ARD_worsened
broad,P-140p119887795_VX-0p222892199661_LS-4p5e-05_ST-300_M-TI64_XI--0p0002_XF-0p0012_XL-0p0014_TE-0p00125_DT-8p38873219639e-06_H-fb250c7cf9,31376.0,33200.13838037137,4968.272639717757,1824.1383803713688,3327480.8307438805,31376.0,33207.570994275586,2530.901155552843,1831.5709942755857,3354652.3070716574,-7.432613904216851,-27171.47632777691,ARD_worsened
broad,P-140p320645521_VX-0p612281673664_LS-8p56006119926e-05_ST-348p910931315_M-TI64_XI-0p0002_XF-0p0014_XL-0p0012_TE-0p0021_DT-7p87892372174e-06_H-dd169576f0,40313.0,16766.148912984372,12926.203260716826,23546.851087015628,554454196.114089,40313.0,20952.656471765105,14170.162030985177,19360.343528234895,374822901.53126675,4186.507558780733,179631294.58282226,ARD_improved
broad,P-140p539865228_VX-0p255658736827_LS-4p5e-05_ST-300_M-TI64_XI--0p0002_XF-0p0012_XL-0p0014_TE-0p00125_DT-7p31358918074e-06_H-fb250c7cf9,30169.0,28307.4324660886,4159.996043867188,1861.5675339114025,3465433.68331298,30169.0,28365.151241026862,2282.0620435471874,1803.8487589731376,3253870.3452489288,57.718774938264914,211563.33806405123,ARD_improved
broad,P-140p573028588_VX-0p551169304036_LS-6p78791919712e-05_ST-377p8442615_M-TI64_XI-0p0002_XF-0p0014_XL-0p0012_TE-0p00125_DT-1p16896078445e-05_H-bf889bf790,41161.0,22794.63714663781,13205.60184147396,18366.36285336219,337323284.4613625,41161.0,30032.163760368177,12530.211364789717,11128.836239631823,123850996.04854256,7237.526613730366,213472288.41281992,ARD_improved
broad,P-140p974625597_VX-0p98622838083_LS-4p5e-05_ST-300_M-TI64_XI--0p0002_XF-0p0012_XL-0p0014_TE-0p00125_DT-1p89589248085e-06_H-b0e5aed98c,8656.0,15465.192273069537,15194.825051562815,6809.192273069537,46365099.411629885,8656.0,10239.156736371773,11294.523128494862,1583.1567363717731,2506385.251919324,5226.035536697764,43858714.15971056,ARD_improved
broad,P-143p879945116_VX-0p336279357485_LS-6p76007351295e-05_ST-398p207663754_M-TI64_XI-0p0002_XF-0p0014_XL-0p0012_TE-0p00125_DT-1p91595257833e-05_H-bf889bf790,64320.0,45548.98659528204,12593.682332026032,18771.01340471796,352350944.24010134,64320.0,50878.01265653391,11771.021949302254,13441.987343466091,180687023.7419026,5329.026061251869,171663920.49819875,ARD_improved
broad,P-143p909481867_VX-0p917293492006_LS-5p50242100517e-05_ST-352p206869428_M-TI64_XI-0p0002_XF-0p0014_XL-0p0012_TE-0p0021_DT-5p25908081225e-06_H-cf6d926251,25740.0,20455.54645762506,14223.99413197308,5284.45354237494,27925449.241519056,25740.0,21379.054489492206,14881.182071959745,4360.945510507794,19017845.745618086,923.5080318671462,8907603.49590097,ARD_improved
broad,P-144p684844876_VX-0p221020126644_LS-8p32765690701e-05_ST-337p418493583_M-TI64_XI-0p0002_XF-0p0014_XL-0p0012_TE-0p0021_DT-2p18266122469e-05_H-73ae961aa0,81692.0,64673.88766680757,18401.93484178149,17018.112333192432,289616147.38515633,81692.0,51954.72241373519,16967.793723763498,29737.277586264812,884305678.2425675,-12719.16525307238,-594689530.8574111,ARD_worsened
broad,P-144p999955433_VX-0p569412101686_LS-7p52189895652e-05_ST-349p795043891_M-TI64_XI-0p0002_XF-0p0014_XL-0p0012_TE-0p0021_DT-8p47210761544e-06_H-24e0a43587,39619.0,19190.526003823627,15210.032582928112,20428.473996176373,417322549.8124543,39619.0,35876.758569830316,14057.260558377964,3742.2414301696845,14004370.921678446,16686.23256600669,403318178.89077586,ARD_improved
broad,P-145p249113956_VX-0p501139719932_LS-7p51242767898e-05_ST-325p186450026_M-TI64_XI-0p0002_XF-0p0014_XL-0p0012_TE-0p0021_DT-9p62629863717e-06_H-30d8d23b36,42370.0,44997.17455474306,12736.790173215102,2627.174554743062,6902046.141089406,42370.0,48568.81960169349,9334.934250778171,6198.819601693489,38425364.45433942,-3571.645046950427,-31523318.313250016,ARD_worsened
broad,P-145p536707456_VX-0p311971481812_LS-7p55813970315e-05_ST-356p422554756_M-TI64_XI-0p0002_XF-0p0014_XL-0p0012_TE-0p0021_DT-1p54633384276e-05_H-f404b6f8f4,72340.0,63018.81862024049,17125.530812096193,9321.18137975951,86884422.3143754,72340.0,74969.45418940354,12223.213193771104,2629.4541894035356,6914029.334171805,6691.727190355974,79970392.9802036,ARD_improved
broad,P-146p427721311_VX-0p978546391515_LS-4p61745657385e-05_ST-377p807319924_M-TI64_XI-0p0002_XF-0p0014_XL-0p0012_TE-0p0021_DT-4p92988441309e-06_H-c321cc4e90,22504.0,25776.380935275745,17943.14668097418,3272.3809352757453,10708476.98555616,22504.0,17915.436623498088,18080.247679969234,4588.563376501912,21054913.860174626,-1316.1824412261667,-10346436.874618467,ARD_worsened
broad,P-149p217972816_VX-0p206404715799_LS-4p87379527164e-05_ST-365p118947745_M-TI64_XI-0p0002_XF-0p0014_XL-0p0012_TE-0p0021_DT-2p33721433367e-05_H-b40dbd8ddd,93913.0,67579.66512855703,16928.89333401937,26333.33487144297,693444525.4515545,93913.0,46777.39305234035,19932.088865611884,47135.60694765965,2221765442.324261,-20802.272076216683,-1528320916.8727067,ARD_worsened
broad,P-149p254341218_VX-0p887957223036_LS-4p5e-05_ST-300_M-TI64_XI--0p0002_XF-0p0012_XL-0p0014_TE-0p00125_DT-2p10571289147e-06_H-306f9d252b,8108.0,11824.15582236904,9342.391279800888,3716.155822369041,13809814.096127322,8108.0,10308.691904119427,4647.404011568662,2200.691904119427,4843044.8568567885,1515.463918249614,8966769.239270534,ARD_improved
broad,P-149p73987868_VX-0p504680707931_LS-6p9723584777e-05_ST-320p536129041_M-TI64_XI-0p0002_XF-0p0014_XL-0p0012_TE-0p0021_DT-9p55875770008e-06_H-95ed9fb76f,48389.0,37492.9002597555,13347.637042300212,10896.0997402445,118724989.54935624,48389.0,33158.02471881572,13879.04427918093,15230.975281184277,231982608.01604646,-4334.875540939778,-113257618.46669023,ARD_worsened
broad,P-149p779509657_VX-0p251536582152_LS-4p84927831067e-05_ST-381p35096431_M-TI64_XI-0p0002_XF-0p0014_XL-0p0012_TE-0p0021_DT-1p91786044071e-05_H-6af407d4ba,84449.0,73895.69055411316,15650.761787297368,10553.309445886844,111372340.26064448,84449.0,70748.74572135307,16270.274121963128,13700.254278646928,187696967.29958344,-3146.944832760084,-76324627.03893895,ARD_worsened
broad,P-150p924001842_VX-0p859014749555_LS-8p54585725094e-05_ST-302p841995718_M-TI64_XI-0p0002_XF-0p0014_XL-0p0012_TE-0p0021_DT-5p6158763345e-06_H-9bd689b964,66450.0,46515.78543476662,19605.163411819944,19934.21456523338,397372910.33276254,66450.0,35299.25202247463,20898.990271374223,31150.747977525367,970369099.5593008,-11216.533412291988,-572996189.2265382,ARD_worsened
broad,P-151p505871803_VX-0p995509859725_LS-6p72580848008e-05_ST-301p996554082_M-TI64_XI-0p0002_XF-0p0014_XL-0p0012_TE-0p0021_DT-4p84587928074e-06_H-73846c96ef,23719.0,23329.94857446465,18141.30973317892,389.0514255353482,151361.0117110866,23719.0,23508.71620870407,18435.12305472486,210.2837912959294,44219.27288178999,178.76763423941878,107141.73882929662,ARD_improved
broad,P-151p630328889_VX-0p596649793105_LS-5p54888002616e-05_ST-323p086654154_M-TI64_XI-0p0002_XF-0p0014_XL-0p0012_TE-0p00125_DT-1p0798550665e-05_H-bf889bf790,35047.0,37384.05392257969,15919.33490304221,2337.053922579689,5461821.037045112,35047.0,35640.90396217302,12958.085578036043,593.903962173019,352721.91628481075,1743.1499604066698,5109099.120760301,ARD_improved
broad,P-153p721476211_VX-0p579411174254_LS-7p49286492013e-05_ST-383p484527945_M-TI64_XI-0p0002_XF-0p0014_XL-0p0012_TE-0p0021_DT-8p32590191107e-06_H-8daf8adcd4,46270.0,36660.37011150646,9062.791607880396,9609.62988849354,92344986.59382834,46270.0,29305.18162578846,10586.356897345513,16964.81837421154,287805062.4699855,-7355.188485717999,-195460075.87615716,ARD_worsened
broad,P-155p56408626_VX-0p882684317254_LS-6p13538276829e-05_ST-315p150952839_M-TI64_XI-0p0002_XF-0p0014_XL-0p0012_TE-0p0021_DT-5p46528414374e-06_H-cda596b3bb,27953.0,23379.98360727152,13821.81337936125,4573.0163927284775,20912478.928163376,27953.0,27201.83456795355,10833.227562365924,751.1654320464513,564249.5063015319,3821.850960682026,20348229.421861842,ARD_improved
broad,P-158p404299584_VX-0p530960738208_LS-8p44011119013e-05_ST-377p174397227_M-TI64_XI-0p0002_XF-0p0014_XL-0p0012_TE-0p0021_DT-9p08564467365e-06_H-fa25be35ef,47493.0,39707.40343913669,18194.028100571468,7785.596560863312,60615513.80852664,47493.0,42153.65015742983,17513.054667861943,5339.349842570169,28508656.74135409,2446.246718293143,32106857.067172553,ARD_improved
broad,P-158p77294915_VX-0p755822601012_LS-5p98686493415e-05_ST-315p3922311_M-TI64_XI-0p0002_XF-0p0014_XL-0p0012_TE-0p0021_DT-6p38260961839e-06_H-0d7d85a8f4,31948.0,31843.80362538971,15125.639205253812,104.19637461028832,10856.884481927538,31948.0,34495.35694652531,12458.179971283334,2547.3569465253095,6489027.413010748,-2443.160571915021,-6478170.528528821,ARD_worsened
broad,P-159p365045029_VX-0p465685970522_LS-5p71815338387e-05_ST-335p270795676_M-TI64_XI-0p0002_XF-0p0014_XL-0p0012_TE-0p0021_DT-1p03591710045e-05_H-312d3c9a86,44458.0,38462.38538764041,17553.366962698714,5995.61461235959,35947394.579939835,44458.0,43939.384467308104,16193.783411258146,518.6155326918961,268962.07074929914,5476.999079667694,35678432.50919054,ARD_improved
broad,P-160p556282667_VX-0p957190479289_LS-5p53708249108e-05_ST-363p791890923_M-TI64_XI-0p0002_XF-0p0014_XL-0p0012_TE-0p0021_DT-5p03987524677e-06_H-0590129dfb,23005.0,24154.394754084948,8286.963111535153,1149.3947540849476,1321108.3007179974,23005.0,23985.511927984437,6002.93823297402,980.5119279844366,961403.6409197571,168.882826100511,359704.6597982403,ARD_improved
broad,P-161p701140241_VX-0p559592851831_LS-7p43216837725e-05_ST-378p872335114_M-TI64_XI-0p0002_XF-0p0014_XL-0p0012_TE-0p00125_DT-1p15136442488e-05_H-bf889bf790,41809.0,45623.6929285504,9476.425474466809,3814.692928550401,14551882.139132436,41809.0,47963.439798242034,11142.884126535087,6154.439798242034,37877129.23018545,-2339.746869691633,-23325247.091053013,ARD_worsened
broad,P-163p117472792_VX-0p458171151631_LS-7p76324682791e-05_ST-309p146066051_M-TI64_XI-0p0002_XF-0p0014_XL-0p0012_TE-0p0021_DT-1p05290797682e-05_H-45d75eceb5,53304.0,50565.50663526137,16449.48371516133,2738.493364738628,7499345.908717492,53304.0,57650.24286528428,17070.70892783395,4346.242865284279,18889827.0440345,-1607.7495005456512,-11390481.135317009,ARD_worsened
broad,P-163p341658752_VX-0p941874162971_LS-5p45765866009e-05_ST-310p281913475_M-TI64_XI-0p0002_XF-0p0014_XL-0p0012_TE-0p0021_DT-5p12183133657e-06_H-b40dbd8ddd,23661.0,22871.985586534647,16336.577354200164,789.0144134653528,622543.7446560748,23661.0,20452.391982766025,13801.884818482386,3208.6080172339753,10295165.408258142,-2419.5936037686224,-9672621.663602067,ARD_worsened
broad,P-166p164223082_VX-0p514604075971_LS-6p70362084208e-05_ST-302p957496397_M-TI64_XI-0p0002_XF-0p0014_XL-0p0012_TE-0p00125_DT-1p25202137351e-05_H-bf889bf790,39951.0,41621.27970622889,17775.590519684993,1670.2797062288882,2789834.297040061,39951.0,44914.291923339595,16598.998297039572,4963.291923339595,24634266.716288056,-3293.012217110707,-21844432.419247996,ARD_worsened
broad,P-166p614725594_VX-0p931765035172_LS-5p67575778907e-05_ST-364p064697506_M-TI64_XI-0p0002_XF-0p0014_XL-0p0012_TE-0p0021_DT-5p17740033261e-06_H-0744488b5e,23633.0,23562.51145044129,8602.807330338772,70.48854955871138,4968.635618890911,23633.0,23081.839465305944,5785.894470446184,551.160534694056,303777.9350042377,-480.6719851353446,-298809.29938534676,ARD_worsened
broad,P-167p36850481_VX-0p484912828283_LS-7p82623244153e-05_ST-326p173250025_M-TI64_XI-0p0002_XF-0p0014_XL-0p0012_TE-0p0021_DT-9p94842850435e-06_H-31e40e99ef,50363.0,46462.5677237344,14879.031938311316,3900.432276265601,15213371.94173446,50363.0,40718.22696258102,11432.278767857693,9644.773037418978,93021646.94332409,-5744.340761153377,-77808275.00158963,ARD_worsened
broad,P-167p779770961_VX-0p390580196452_LS-6p45833025222e-05_ST-394p852870083_M-TI64_XI-0p0002_XF-0p0014_XL-0p0012_TE-0p0021_DT-1p23511653864e-05_H-73ae961aa0,60495.0,64259.63921674283,12852.173669337202,3764.639216742828,14172508.43223805,60495.0,64831.84797599302,10054.645854784956,4336.84797599302,18808250.36687475,-572.2087592501916,-4635741.934636701,ARD_worsened
broad,P-171p239447318_VX-0p969583751496_LS-7p40725617215e-05_ST-384p912438459_M-TI64_XI-0p0002_XF-0p0014_XL-0p0012_TE-0p0021_DT-4p97545528746e-06_H-7931c20f4a,23532.0,10706.80759044344,14768.86593164708,12825.19240955656,164485560.34214717,23532.0,12960.611453758636,16213.683223224798,10571.388546241364,111754255.7956031,2253.8038633151955,52731304.546544075,ARD_improved
broad,P-171p382540224_VX-0p233605939402_LS-6p18629013601e-05_ST-355p188153249_M-TI64_XI-0p0002_XF-0p0014_XL-0p0012_TE-0p0021_DT-2p06506761573e-05_H-ba17ade68b,87522.0,46217.35147680031,17399.1396830148,41304.64852319969,1706073989.6250625,87522.0,33561.11097477232,18280.95602059193,53960.88902522768,2911777544.3929377,-12656.240502027991,-1205703554.7678752,ARD_worsened
broad,P-171p875575389_VX-0p916897438596_LS-6p66389080354e-05_ST-338p337187717_M-TI64_XI-0p0002_XF-0p0014_XL-0p0012_TE-0p0021_DT-5p2613524697e-06_H-30d8d23b36,26909.0,19384.24625062732,15903.270291779305,7524.753749372678,56621918.98869817,26909.0,20710.22073873158,16124.925892145746,6198.779261268421,38424864.32993147,1325.974488104257,18197054.6587667,ARD_improved
broad,P-173p720948038_VX-0p230617607979_LS-6p23730108092e-05_ST-383p499521736_M-TI64_XI-0p0002_XF-0p0014_XL-0p0012_TE-0p0021_DT-2p09182665855e-05_H-eb41f0639c,89809.0,56496.661277041945,12751.088115260993,33312.338722958055,1109711911.193091,89809.0,52902.713978167274,15490.224306136284,36906.286021832726,1362073947.9253256,-3593.947298874671,-252362036.73223472,ARD_worsened
broad,P-174p128102602_VX-0p994422815088_LS-7p40414236536e-05_ST-367p557277174_M-TI64_XI-0p0002_XF-0p0014_XL-0p0012_TE-0p0021_DT-4p85117651146e-06_H-6705b84f8a,23478.0,25068.31212110716,14941.862186907843,1590.3121211071557,2529092.642540341,23478.0,17232.391803069408,16527.501163124103,6245.608196930592,39007621.74956661,-4655.296075823437,-36478529.107026264,ARD_worsened
broad,P-176p31832051_VX-0p578189015568_LS-5p80825678862e-05_ST-392p957182722_M-TI64_XI-0p0002_XF-0p0014_XL-0p0012_TE-0p0021_DT-8p34350095405e-06_H-568de84222,38557.0,32440.804496367367,16574.73068260298,6116.195503632633,37407847.43865603,38557.0,34306.68752664188,13478.182531665509,4250.312473358121,18065156.121183626,1865.8830302745118,19342691.317472406,ARD_improved
broad,P-176p64993117_VX-0p775213670345_LS-6p57722012124e-05_ST-360p022077993_M-TI64_XI-0p0002_XF-0p0014_XL-0p0012_TE-0p0021_DT-6p222956054e-06_H-5731c00627,27721.0,27005.424843681605,16777.20769874563,715.5751563183949,512047.80434009526,27721.0,25230.376416661864,12520.36968725138,2490.623583338136,6203205.833880098,-1775.0484270197412,-5691158.029540002,ARD_worsened
broad,P-177p868754925_VX-0p784825891065_LS-5p3694165939e-05_ST-378p775948175_M-TI64_XI-0p0002_XF-0p0014_XL-0p0012_TE-0p0021_DT-6p14673987943e-06_H-fa25be35ef,29412.0,25888.58746406754,13851.192131600106,3523.4125359324607,12414435.898366014,29412.0,22624.00907836774,16209.205527123011,6787.990921632259,46076820.75216197,-3264.5783856997987,-33662384.85379596,ARD_worsened
broad,P-179p651163568_VX-0p66389382017_LS-6p65035978508e-05_ST-326p14019277_M-TI64_XI-0p0002_XF-0p0014_XL-0p0012_TE-0p0021_DT-7p26640383816e-06_H-f77f7c89dc,34375.0,37916.06333559214,17328.30985663113,3541.063335592138,12539129.54667492,34375.0,35239.11177489795,15929.573025853037,864.1117748979523,746689.1595172894,2676.951560694186,11792440.38715763,ARD_improved
broad,P-181p197687991_VX-0p643443519749_LS-5p49477846524e-05_ST-320p630170488_M-TI64_XI-0p0002_XF-0p0014_XL-0p0012_TE-0p0021_DT-7p49734895908e-06_H-6014a1f9c3,33818.0,30051.44133278765,15963.998041762588,3766.55866721235,14186964.193552474,33818.0,33178.95151296377,13180.551342386185,639.048487036227,408382.9687832908,3127.510180176123,13778581.224769183,ARD_improved
broad,P-181p214517461_VX-0p293157847988_LS-6p39704529171e-05_ST-391p855294349_M-TI64_XI-0p0002_XF-0p0014_XL-0p0012_TE-0p0021_DT-1p64557102466e-05_H-e6df4d4a2d,71548.0,70734.13728826413,12613.076832033214,813.8627117358701,662372.513554064,71548.0,47549.588060534275,11701.512418003636,23998.411939465725,575923775.616291,-23184.549227729854,-575261403.102737,ARD_worsened
broad,P-182p701235644_VX-0p787372384637_LS-5p07019733104e-05_ST-389p154544132_M-TI64_XI-0p0002_XF-0p0014_XL-0p0012_TE-0p0021_DT-6p1268602978e-06_H-d9be003c20,27967.0,27719.710579393428,12539.45877685074,247.2894206065721,61152.05754393413,27967.0,22503.482735983118,10332.95489791656,5463.517264016882,29850020.894210517,-5216.22784341031,-29788868.836666584,ARD_worsened
broad,P-183p86712976_VX-0p92773562332_LS-4p77447546287e-05_ST-393p876492884_M-TI64_XI-0p0002_XF-0p0014_XL-0p0012_TE-0p0021_DT-5p19988721113e-06_H-95ed9fb76f,22306.0,24210.38933932714,17525.890827679716,1904.3893393271392,3626698.7557428577,22306.0,24540.510947537245,15073.770749078274,2234.5109475372446,4993039.174663795,-330.1216082101055,-1366340.4189209375,ARD_worsened
broad,P-184p554601264_VX-0p855768445974_LS-6p11854963854e-05_ST-316p977306706_M-TI64_XI-0p0002_XF-0p0014_XL-0p0012_TE-0p0021_DT-5p63717980689e-06_H-0011cc30ec,30385.0,25556.468847721808,13186.70563418554,4828.531152278192,23314713.088520966,30385.0,25562.961445205074,11584.66332299296,4822.038554794926,23252055.82392874,6.492597483265854,62657.264592226595,ARD_improved
broad,P-186p021611878_VX-0p483877556354_LS-6p53069178085e-05_ST-388p836932905_M-TI64_XI-0p0002_XF-0p0014_XL-0p0012_TE-0p0021_DT-9p96971349398e-06_H-b40dbd8ddd,49373.0,40063.40353914633,13431.118381832204,9309.596460853669,86668586.26393913,49373.0,26740.12271285013,12635.31948141517,22632.87728714987,512247134.29518443,-13323.2808262962,-425578548.0312453,ARD_worsened
broad,P-186p850960621_VX-0p845582390035_LS-8p39602076571e-05_ST-354p289806443_M-TI64_XI-0p0002_XF-0p0014_XL-0p0012_TE-0p0021_DT-5p70508641129e-06_H-f404b6f8f4,29495.0,23998.80519618668,14615.717139414171,5496.194803813323,30208157.321464576,29495.0,28360.24387778891,14133.19726140381,1134.756122211089,1287671.456895548,4361.438681602234,28920485.864569027,ARD_improved
broad,P-188p702615393_VX-0p897654681927_LS-7p37418626284e-05_ST-361p378936642_M-TI64_XI-0p0002_XF-0p0014_XL-0p0012_TE-0p0021_DT-5p37413851912e-06_H-cedd8dc36d,24531.0,23932.449895772374,12990.933143124088,598.5501042276264,358262.2272709025,24531.0,25167.24867340071,14022.077699812671,636.2486734007107,404812.3744041642,-37.69856917308425,-46550.14713326172,ARD_worsened
broad,P-190p553348142_VX-0p571798591092_LS-6p21059581714e-05_ST-350p091118048_M-TI64_XI-0p0002_XF-0p0014_XL-0p0012_TE-0p0021_DT-8p43674797065e-06_H-30d8d23b36,37595.0,21821.50589240241,16126.638275102716,15773.494107597588,248803116.36241585,37595.0,17902.855243503545,14900.061117632122,19692.144756496455,387780565.1108108,-3918.650648898867,-138977448.74839497,ARD_worsened
broad,P-193p028200221_VX-0p93446669696_LS-8p62901752671e-05_ST-365p941151844_M-TI64_XI-0p0002_XF-0p0014_XL-0p0012_TE-0p0021_DT-5p16243181133e-06_H-4852b0403a,24700.0,25433.588120383745,16191.688081881885,733.5881203837453,538151.5303681564,24700.0,24859.160166895526,17950.677143040917,159.16016689552634,25331.9587262118,574.4279534882189,512819.5716419446,ARD_improved
broad,P-193p440626378_VX-0p303697281962_LS-7p07136561297e-05_ST-354p067159473_M-TI64_XI-0p0002_XF-0p0014_XL-0p0012_TE-0p0021_DT-1p58846354233e-05_H-5731c00627,76936.0,59487.09030027858,11217.515779955753,17448.909699721422,304464449.7090323,76936.0,52277.12701534538,11605.59057296291,24658.87298465462,608060016.8733294,-7209.963284933197,-303595567.1642971,ARD_worsened
broad,P-193p81397439_VX-0p717380412454_LS-5p49903358659e-05_ST-340p433066031_M-TI64_XI-0p0002_XF-0p0014_XL-0p0012_TE-0p0021_DT-6p72463384735e-06_H-ff88caf608,31069.0,32178.1618657282,16647.894363010197,1109.161865728198,1230240.044385657,31069.0,34485.932435401395,16207.10724276315,3416.932435401395,11675427.26809811,-2307.7705696731973,-10445187.223712454,ARD_worsened
broad,P-194p036512211_VX-0p298398024189_LS-7p09068727373e-05_ST-343p727832606_M-TI64_XI-0p0002_XF-0p0014_XL-0p0012_TE-0p0021_DT-1p61667310503e-05_H-7931c20f4a,73852.0,70698.14028801271,12606.89597067584,3153.8597119872866,9946831.08289653,73852.0,34871.11845776188,16136.940418573962,38980.88154223812,1519509125.810001,-35827.02183025084,-1509562294.7271044,ARD_worsened
broad,P-194p089464462_VX-0p388567055088_LS-7p6021762795e-05_ST-395p140888584_M-TI64_XI-0p0002_XF-0p0014_XL-0p0012_TE-0p0021_DT-1p24151559939e-05_H-7f5e3f5579,56706.0,55212.93071470271,14610.777770797244,1493.0692852972934,2229255.8906981703,56706.0,55655.08386047069,10443.72655648329,1050.9161395293122,1104424.7323231928,442.1531457679812,1124831.1583749775,ARD_improved
broad,P-195p080816167_VX-0p844140965531_LS-6p21634030137e-05_ST-331p625980857_M-TI64_XI-0p0002_XF-0p0014_XL-0p0012_TE-0p0021_DT-5p71482820998e-06_H-cca0c4e3bb,26714.0,29269.34900498209,13651.740144549189,2555.349004982094,6529808.537262977,26714.0,21151.6909756425,12358.126067635909,5562.309024357499,30939281.68244887,-3006.960019375405,-24409473.145185895,ARD_worsened
broad,P-196p954129245_VX-0p972458485112_LS-5p85340423111e-05_ST-310p387913302_M-TI64_XI-0p0002_XF-0p0014_XL-0p0012_TE-0p0021_DT-4p96074709293e-06_H-f575443233,22644.0,25789.80921628424,16799.28950414031,3145.8092162842404,9896115.625258869,22644.0,22579.235184787678,14138.263608109597,64.76481521232199,4194.481289486214,3081.0444010719184,9891921.143969383,ARD_improved
broad,P-197p742114875_VX-0p874617254357_LS-7p7301896977e-05_ST-350p888533369_M-TI64_XI-0p0002_XF-0p0014_XL-0p0012_TE-0p0021_DT-5p51569338357e-06_H-054022a1b4,26389.0,27607.803104022667,12718.596747862426,1218.803104022667,1485481.006375288,26389.0,35232.12537510916,12918.932974349664,8843.125375109157,78200866.39989947,-7624.32227108649,-76715385.39352418,ARD_worsened
broad,P-198p603717725_VX-0p869799932432_LS-5p56307183941e-05_ST-326p836247823_M-TI64_XI-0p0002_XF-0p0014_XL-0p0012_TE-0p0021_DT-5p54624163919e-06_H-bf3689621a,24706.0,26128.54463555291,12912.34481324482,1422.5446355529093,2023633.24014036,24706.0,25428.42065168455,13638.80159135823,722.4206516845516,521891.59798033215,700.1239838683578,1501741.642160028,ARD_improved
broad,P-202p397397496_VX-0p555230188132_LS-4p52196790327e-05_ST-397p348654616_M-TI64_XI-0p0002_XF-0p0014_XL-0p0012_TE-0p0021_DT-8p68850560746e-06_H-0011cc30ec,35369.0,31331.26764947233,19954.496271567547,4037.7323505276654,16303282.534497663,35369.0,33904.59600492111,17563.505559509762,1464.4039950788865,2144479.0608030036,2573.328355448779,14158803.47369466,ARD_improved
broad,P-202p894942483_VX-0p693798608043_LS-7p43333938026e-05_ST-353p442501329_M-TI64_XI-0p0002_XF-0p0014_XL-0p0012_TE-0p0021_DT-6p95320017522e-06_H-4852b0403a,33275.0,27098.45244526194,16262.70891364948,6176.547554738059,38149739.695940696,33275.0,24815.369390524815,13652.390396385732,8459.630609475185,71565350.04876949,-2283.083054737126,-33415610.352828793,ARD_worsened
broad,P-203p020934762_VX-0p232834869492_LS-7p55576098976e-05_ST-395p193912826_M-TI64_XI-0p0002_XF-0p0014_XL-0p0012_TE-0p0021_DT-2p07190641743e-05_H-b40dbd8ddd,95798.0,88631.4532400739,4305.649943833201,7166.546759926103,51359392.462207325,95798.0,87632.38322868916,8298.731578102363,8165.616771310844,66677297.25591294,-999.0700113847415,-15317904.793705612,ARD_worsened
broad,P-203p421420958_VX-0p245041839826_LS-7p55920229368e-05_ST-393p123734832_M-TI64_XI-0p0002_XF-0p0014_XL-0p0012_TE-0p0021_DT-1p96869261447e-05_H-4852b0403a,85604.0,88245.8874280577,4073.520292494098,2641.8874280577,6979569.18252933,85604.0,74948.71004628908,7687.8192083847,10655.289953710919,113535203.99765283,-8013.402525653219,-106555634.8151235,ARD_worsened
broad,P-206p272219756_VX-0p781444456167_LS-4p98713368602e-05_ST-399p182507166_M-TI64_XI-0p0002_XF-0p0014_XL-0p0012_TE-0p0021_DT-6p17333780404e-06_H-16cfaf1a76,26480.0,28899.037916560133,13063.39261024475,2419.037916560133,5851744.441755591,26480.0,28925.966642793912,17684.618571354273,2445.966642793912,5982752.81766052,-26.92872623377889,-131008.3759049289,ARD_worsened
broad,P-207p687789994_VX-0p40901295179_LS-7p09627718894e-05_ST-395p011679_M-TI64_XI-0p0002_XF-0p0014_XL-0p0012_TE-0p0021_DT-1p17945424024e-05_H-d9444347fb,62313.0,42804.98232144932,11834.174537143352,19508.01767855068,380562753.74664575,62313.0,50802.926465464276,10847.222211671666,11510.073534535724,132481792.7704197,7997.944144014957,248080960.97622603,ARD_improved
broad,P-209p697266982_VX-0p34452106985_LS-7p55711119508e-05_ST-302p470939697_M-TI64_XI-0p0002_XF-0p0014_XL-0p0012_TE-0p0021_DT-1p4002396443e-05_H-b40dbd8ddd,68587.0,58898.21312879778,17724.983637145342,9688.786871202215,93872591.03558046,68587.0,44436.36857673936,18390.849536684724,24150.63142326064,583252998.1421841,-14461.844552058423,-489380407.1066037,ARD_worsened
broad,P-209p90265043_VX-0p477857533217_LS-8p77962223972e-05_ST-386p665335025_M-TI64_XI-0p0002_XF-0p0014_XL-0p0012_TE-0p0021_DT-1p00953114007e-05_H-0011cc30ec,48883.0,42869.92545751934,15657.780474626195,6013.074542480659,36157065.45342899,48883.0,40591.54403618823,12570.31233100564,8291.455963811772,68748241.9998298,-2278.3814213311125,-32591176.546400808,ARD_worsened
broad,P-210p093044543_VX-0p812610384047_LS-5p18819698292e-05_ST-390p525668596_M-TI64_XI-0p0002_XF-0p0014_XL-0p0012_TE-0p0021_DT-5p93657267704e-06_H-d9be003c20,26118.0,24056.088228869667,12411.810177836764,2061.9117711303334,4251480.151925828,26118.0,27310.836865699108,11142.776253440481,1192.8368656991079,1422859.7881708716,869.0749054312255,2828620.363754957,ARD_improved
broad,P-212p092538093_VX-0p79096361392_LS-7p95278191784e-05_ST-347p757246585_M-TI64_XI-0p0002_XF-0p0014_XL-0p0012_TE-0p0021_DT-6p09904238086e-06_H-b40dbd8ddd,30527.0,30138.34972077184,14447.419822818809,388.6502792281608,151049.03954412736,30527.0,21588.237873227357,13774.44919117307,8938.762126772643,79901468.35902497,-8550.111847544482,-79750419.31948085,ARD_worsened
broad,P-212p375773305_VX-0p288263650586_LS-8p35116649465e-05_ST-312p800399692_M-TI64_XI-0p0002_XF-0p0014_XL-0p0012_TE-0p0021_DT-1p67350985572e-05_H-bf3689621a,80136.0,52328.47582385532,18735.94023458014,27807.52417614468,773258400.8068709,80136.0,53377.88340781285,17696.768491773742,26758.11659218715,715996803.5610813,1049.4075839575307,57261597.24578965,ARD_improved
broad,P-218p135837307_VX-0p411781802704_LS-5p72773552436e-05_ST-307p427986374_M-TI64_XI-0p0002_XF-0p0014_XL-0p0012_TE-0p0021_DT-1p17152350379e-05_H-b40dbd8ddd,55443.0,34588.37310027412,18631.304904604724,20854.62689972588,434915463.1267703,55443.0,28032.162002578778,15923.678334543838,27410.837997421222,751354039.7208711,-6556.211097695341,-316438576.5941008,ARD_worsened
broad,P-218p170294814_VX-0p856055229722_LS-8p4878396046e-05_ST-374p889107005_M-TI64_XI-0p0002_XF-0p0014_XL-0p0012_TE-0p0021_DT-5p63529131711e-06_H-73846c96ef,29134.0,18645.11673912286,12951.5045217494,10488.88326087714,110016672.06030868,29134.0,23175.386400382948,16620.832054511277,5958.613599617052,35505076.029541284,4530.2696612600885,74511596.0307674,ARD_improved
broad,P-218p315594294_VX-0p70315782783_LS-8p24115302242e-05_ST-319p105471156_M-TI64_XI-0p0002_XF-0p0014_XL-0p0012_TE-0p0021_DT-6p86065121098e-06_H-6c8dbbeedf,34343.0,25455.34085030199,16045.492977240823,8887.65914969801,78990485.16121078,34343.0,23673.301779872036,12371.978824651573,10669.698220127964,113842460.10860185,-1782.0390704299534,-34851974.94739108,ARD_worsened
broad,P-218p361623288_VX-0p747470791734_LS-7p1375293786e-05_ST-300p016423613_M-TI64_XI-0p0002_XF-0p0014_XL-0p0012_TE-0p0021_DT-6p45392523208e-06_H-a55a682ac9,31950.0,32786.76935249418,17522.929438946085,836.7693524941787,700182.9492735271,31950.0,31721.3349501253,16678.964485356995,228.66504987470034,52287.70503419919,608.1043026194784,647895.244239328,ARD_improved
broad,P-218p521967876_VX-0p920050491887_LS-7p11545742791e-05_ST-300p883630406_M-TI64_XI-0p0002_XF-0p0014_XL-0p0012_TE-0p0021_DT-5p24332158458e-06_H-7931c20f4a,24798.0,26560.989708368023,18379.330282339328,1762.9897083680223,3108132.7118115653,24798.0,30558.535228868837,16035.124993366462,5760.535228868837,33183766.123038948,-3997.5455205008147,-30075633.411227383,ARD_worsened
broad,P-218p846041052_VX-0p877499363134_LS-5p6186595533e-05_ST-332p098243358_M-TI64_XI-0p0002_XF-0p0014_XL-0p0012_TE-0p0021_DT-5p49757732676e-06_H-27d926f040,23885.0,23206.27154479108,12181.908381266963,678.7284552089222,460672.31591028994,23885.0,24949.012904404633,10284.47065210138,1064.0129044046334,1132123.4607395837,-385.2844491957112,-671451.1448292937,ARD_worsened
broad,P-219p728507107_VX-0p99152217595_LS-6p49667790705e-05_ST-393p045172137_M-TI64_XI-0p0002_XF-0p0014_XL-0p0012_TE-0p0021_DT-4p86536833974e-06_H-765e346b33,24349.0,20197.085719579904,18577.834757216817,4151.9142804200965,17238392.191956326,24349.0,14186.676884299508,18399.92528874279,10162.323115700492,103272811.10790056,-6010.408835280396,-86034418.91594423,ARD_worsened
broad,P-220p072225453_VX-0p425314653287_LS-7p24382024748e-05_ST-381p760927113_M-TI64_XI-0p0002_XF-0p0014_XL-0p0012_TE-0p0021_DT-1p1342474485e-05_H-ba17ade68b,55551.0,23520.24130400945,13750.11143563271,32030.758695990546,1025969502.640774,55551.0,20581.046077549203,14581.076341894897,34969.9539224508,1222897677.338332,-2939.1952264602514,-196928174.69755793,ARD_worsened
broad,P-220p256246323_VX-0p736244453131_LS-5p8651582992e-05_ST-358p758060614_M-TI64_XI-0p0002_XF-0p0014_XL-0p0012_TE-0p00125_DT-8p75110568607e-06_H-bf889bf790,29360.0,30359.908512344467,15741.666608538171,999.9085123444676,999817.033058926,29360.0,23779.70894722062,14502.975589961314,5580.291052779379,31139648.233729593,-4580.382540434912,-30139831.200670667,ARD_worsened
broad,P-220p462707704_VX-0p946752122114_LS-8p2300511791e-05_ST-313p968629329_M-TI64_XI-0p0002_XF-0p0014_XL-0p0012_TE-0p0021_DT-5p0954420807e-06_H-b41989dc4b,26620.0,19173.624194306176,17641.971160751476,7446.375805693824,55448512.639622346,26620.0,34993.18959568714,18790.218710941892,8373.189595687138,70110304.00532334,-926.8137899933135,-14661791.36570099,ARD_worsened
broad,P-221p576145741_VX-0p645163458122_LS-7p3903246332e-05_ST-318p590626589_M-TI64_XI-0p0002_XF-0p0014_XL-0p0012_TE-0p00125_DT-9p98654362553e-06_H-bf889bf790,36259.0,36204.79089604988,15753.29835284272,54.2091039501247,2938.626951075425,36259.0,37559.08989078891,14829.395309832507,1300.0898907889132,1690233.7241315283,-1245.8807868387885,-1687295.097180453,ARD_worsened
broad,P-223p185978023_VX-0p49812515056_LS-8p14092862216e-05_ST-313p14559396_M-TI64_XI-0p0002_XF-0p0014_XL-0p0012_TE-0p0021_DT-9p68455537246e-06_H-b40dbd8ddd,49559.0,43871.12010414332,13495.14038672724,5687.879895856677,32351977.70969056,49559.0,52478.54644358736,10203.719171146482,2919.546443587358,8523751.436263591,2768.3334522693185,23828226.27342697,ARD_improved
broad,P-225p435545826_VX-0p86531734725_LS-6p64530039846e-05_ST-364p26873014_M-TI64_XI-0p0002_XF-0p0014_XL-0p0012_TE-0p0021_DT-5p57497271764e-06_H-d9fce10048,27901.0,26754.405916024123,9215.877149014275,1146.5940839758769,1314677.9934084802,27901.0,27058.037672788872,14552.609761030142,842.9623272111276,710585.4850972,303.6317567647493,604092.5083112802,ARD_improved
broad,P-226p380431899_VX-0p944850720806_LS-5p28066961668e-05_ST-329p382817534_M-TI64_XI-0p0002_XF-0p0014_XL-0p0012_TE-0p0021_DT-5p10569606054e-06_H-5637cba0f4,23586.0,21581.242469993,13102.95409084258,2004.757530007002,4019052.754119776,23586.0,24217.635383432404,12047.167205927624,631.6353834324036,398963.2576037995,1373.1221465745984,3620089.4965159767,ARD_improved
broad,P-227p786589532_VX-0p30483440954_LS-7p3391662288e-05_ST-359p259536614_M-TI64_XI-0p0002_XF-0p0014_XL-0p0012_TE-0p0021_DT-1p58253807708e-05_H-180177fd7b,67064.0,33672.86636690067,15986.943033036883,33391.13363309933,1114967805.3034973,67064.0,54982.04090366588,17736.045874067495,12081.959096334118,145973735.60549074,21309.17453676521,968994069.6980066,ARD_improved
broad,P-228p027925635_VX-0p505215249994_LS-8p46696228038e-05_ST-384p613421136_M-TI64_XI-0p0002_XF-0p0014_XL-0p0012_TE-0p0021_DT-9p54864407413e-06_H-8eb307dfff,46234.0,39554.22506148631,14889.928543658449,6679.774938513692,44619393.2291956,46234.0,45164.299711290965,12338.417547464653,1069.7002887090348,1144258.7076641924,5610.074649804657,43475134.52153141,ARD_improved
broad,P-228p959503311_VX-0p480404321045_LS-6p0796636822e-05_ST-336p115873803_M-TI64_XI-0p0002_XF-0p0014_XL-0p0012_TE-0p0021_DT-1p00417926977e-05_H-ba17ade68b,48624.0,37138.57073340606,16173.222276530749,11485.429266593945,131915085.43793269,48624.0,31495.595233471235,16738.172464902964,17128.404766528765,293382249.8460453,-5642.975499934821,-161467164.40811265,ARD_worsened
broad,P-229p384485496_VX-0p374546448601_LS-5p61892687884e-05_ST-346p005476369_M-TI64_XI-0p0002_XF-0p0014_XL-0p0012_TE-0p0021_DT-1p28798994652e-05_H-f404b6f8f4,55994.0,30122.44613163974,16237.646646802375,25871.55386836026,669337299.5634668,55994.0,33196.416424033385,17986.099790075008,22797.583575966615,519729816.90318274,3073.9702923936457,149607482.66028404,ARD_improved
broad,P-229p39632192_VX-0p478464286668_LS-6p73160020334e-05_ST-313p601802213_M-TI64_XI-0p0002_XF-0p0014_XL-0p0012_TE-0p0021_DT-1p00825092644e-05_H-73ae961aa0,49377.0,45336.05191145721,17560.737065748468,4040.948088542791,16329261.454297638,49377.0,40197.596142300914,16528.5636814955,9179.403857699086,84261455.18274087,-5138.455769156295,-67932193.72844324,ARD_worsened
broad,P-229p433825146_VX-0p876957934743_LS-6p77377719261e-05_ST-358p900225798_M-TI64_XI-0p0002_XF-0p0014_XL-0p0012_TE-0p00125_DT-7p34693508648e-06_H-bf889bf790,27070.0,27829.54877944717,8514.260722484716,759.5487794471701,576914.3483596859,27070.0,30174.604693079997,11064.549559006526,3104.6046930799967,9638570.30029434,-2345.0559136328266,-9061655.951934654,ARD_worsened
broad,P-232p272231119_VX-0p829414389208_LS-6p88203473429e-05_ST-337p761722106_M-TI64_XI-0p0002_XF-0p0014_XL-0p0012_TE-0p0021_DT-5p81629721619e-06_H-24e0a43587,29430.0,15361.484373626185,9760.448804092584,14068.515626373815,197923131.92952427,29430.0,16537.012462771076,13770.022298810729,12892.987537228924,166229127.63514036,1175.528089144891,31694004.294383913,ARD_improved
broad,P-234p126702838_VX-0p687075747958_LS-6p17120592739e-05_ST-378p601004081_M-TI64_XI-0p0002_XF-0p0014_XL-0p0012_TE-0p0021_DT-7p02123545672e-06_H-9aef4c9512,32441.0,26307.878441112523,17722.138535446014,6133.121558887477,37615180.05609035,32441.0,31999.62676654046,17256.261638946205,441.37323345954064,194810.33121453016,5691.748325427936,37420369.724875815,ARD_improved
broad,P-236p763849841_VX-0p800191513041_LS-6p78517796151e-05_ST-355p994293515_M-TI64_XI-0p0002_XF-0p0014_XL-0p0012_TE-0p0021_DT-6p02870753363e-06_H-eb41f0639c,30174.0,32019.584747290377,12345.244637774354,1845.584747290377,3406183.0594308847,30174.0,27565.496763576346,11944.030369987207,2608.503236423654,6804289.134432677,-762.918489133277,-3398106.0750017925,ARD_worsened
broad,P-237p061390501_VX-0p937687434899_LS-4p7428723532e-05_ST-371p522412287_M-TI64_XI-0p0002_XF-0p0014_XL-0p0012_TE-0p0021_DT-5p14470006046e-06_H-6445dc47a6,20655.0,22436.4563561701,18692.426527964108,1781.4563561700998,3173586.748938849,20655.0,27187.374065079362,20558.763066270683,6532.3740650793625,42671910.92612147,-4750.917708909263,-39498324.17718262,ARD_worsened
broad,P-237p334710533_VX-0p878374904385_LS-5p83506544001e-05_ST-382p29609677_M-TI64_XI-0p0002_XF-0p0014_XL-0p0012_TE-0p0021_DT-5p49209748472e-06_H-8773df93d2,25975.0,24045.693013367018,16863.301524202463,1929.3069866329824,3722225.448670839,25975.0,17717.021528746933,14995.749844187121,8257.978471253067,68194208.43167914,-6328.671484620085,-64471982.9830083,ARD_worsened
broad,P-238p319282705_VX-0p253960262605_LS-5p92121677448e-05_ST-384p128817665_M-TI64_XI-0p0002_XF-0p0014_XL-0p0012_TE-0p0021_DT-1p89955725889e-05_H-452de4062d,81551.0,30050.877916884856,19450.89963476206,51500.12208311514,2652262574.575764,81551.0,61941.443022051026,18222.562543263608,19609.556977948974,384534724.8714273,31890.565105166163,2267727849.704337,ARD_improved
broad,P-238p568860016_VX-0p692328357435_LS-6p05159821767e-05_ST-343p889085336_M-TI64_XI-0p0002_XF-0p0014_XL-0p0012_TE-0p0021_DT-6p96796621315e-06_H-eb41f0639c,35264.0,26458.668664970708,16322.539810267468,8805.331335029292,77533859.91964874,35264.0,28939.34364223144,15620.868011872073,6324.656357768559,40001278.04386226,2480.6749772607327,37532581.875786476,ARD_improved
broad,P-240p150803131_VX-0p464417169926_LS-7p86781365033e-05_ST-312p042470117_M-TI64_XI-0p0002_XF-0p0014_XL-0p0012_TE-0p0021_DT-1p03874725471e-05_H-0744488b5e,54875.0,46739.18734870647,14687.09753224366,8135.812651293527,66191447.49694781,54875.0,53074.51081287487,10576.822302607756,1800.4891871251311,3241761.3129545157,6335.323464168396,62949686.183993295,ARD_improved
broad,P-243p936893462_VX-0p545516283598_LS-5p6904291389e-05_ST-360p082453969_M-TI64_XI-0p0002_XF-0p0014_XL-0p0012_TE-0p0021_DT-8p84322017154e-06_H-e0ed0fec98,16538.0,34643.46389207094,17453.336008984345,18105.46389207094,327807822.7470846,16538.0,20710.55642248215,15388.979887381105,4172.55642248215,17410227.09879704,13932.90746958879,310397595.6482876,ARD_improved
broad,P-244p346847818_VX-0p692297386822_LS-7p87344285445e-05_ST-312p797130588_M-TI64_XI-0p0002_XF-0p0014_XL-0p0012_TE-0p0021_DT-6p96827793206e-06_H-9bd689b964,41021.0,26574.61641871213,16266.640742690444,14446.383581287868,208697998.57770368,41021.0,34855.24962286729,16087.521202068028,6165.75037713271,38016477.71311216,8280.633204155158,170681520.86459154,ARD_improved
broad,P-244p476502118_VX-0p49526990633_LS-8p73976519147e-05_ST-336p403249939_M-TI64_XI-0p0002_XF-0p0014_XL-0p0012_TE-0p0021_DT-9p74038709269e-06_H-f06f0c9a83,47164.0,20257.435406664204,17951.7158856933,26906.5645933358,723963218.2153515,47164.0,20013.560536617722,18513.753325179572,27150.439463382278,737146363.0547857,-243.87487004647846,-13183144.839434266,ARD_worsened
broad,P-246p351544569_VX-0p710899222357_LS-7p68583817855e-05_ST-368p835081824_M-TI64_XI-0p0002_XF-0p0014_XL-0p0012_TE-0p0021_DT-6p78594159524e-06_H-f404b6f8f4,39200.0,29251.649964315504,18588.2120201098,9948.350035684496,98969668.43250372,39200.0,24402.472383697786,19111.510559703245,14797.527616302214,218966823.55522668,-4849.1775806177175,-119997155.12272297,ARD_worsened
broad,P-247p324665735_VX-0p977977830338_LS-8p14476523525e-05_ST-343p514293063_M-TI64_XI-0p0002_XF-0p0014_XL-0p0012_TE-0p0021_DT-4p93275047078e-06_H-b40dbd8ddd,25771.0,19801.588909172384,19074.33417586004,5969.411090827616,35633868.77129575,25771.0,27697.553017512648,19630.6480036712,1926.5530175126478,3711606.5292870887,4042.8580733149684,31922262.24200866,ARD_improved
broad,P-248p695097131_VX-0p887957223036_LS-5p04400481913e-05_ST-333p269518536_M-TI64_XI-0p0002_XF-0p0014_XL-0p0012_TE-0p00125_DT-7p25592725977e-06_H-bf889bf790,29531.0,22672.79739866004,16712.750672697584,6858.202601339963,47034942.92102623,29531.0,23405.296814932284,14114.164172880892,6125.703185067716,37524239.51154876,732.4994162722469,9510703.409477472,ARD_improved
broad,P-52p5445860993_VX-0p633129978235_LS-4p5e-05_ST-300_M-TI64_XI--0p0002_XF-0p0012_XL-0p0014_TE-0p00125_DT-2p95323714861e-06_H-306f9d252b,13322.0,13490.585668639342,11727.078889303286,168.58566863934175,28421.127670573936,13322.0,10768.54891086687,5560.130030422928,2553.45108913313,6520112.464595169,-2384.8654204937884,-6491691.336924595,ARD_worsened
broad,P-53p4525830151_VX-0p394191978834_LS-4p5e-05_ST-300_M-TI64_XI--0p0002_XF-0p0012_XL-0p0014_TE-0p00125_DT-4p7433308439e-06_H-306f9d252b,9915.0,19173.473548963964,15665.383147353175,9258.473548963964,85719332.45686539,9915.0,14659.46919598912,10677.319562213772,4744.469195989121,22509987.951689653,4514.004352974844,63209344.50517573,ARD_improved
broad,P-55p2363598851_VX-0p252312006514_LS-4p5e-05_ST-300_M-TI64_XI--0p0002_XF-0p0012_XL-0p0014_TE-0p00125_DT-7p41059847866e-06_H-fb250c7cf9,14268.0,13691.79604902527,6349.413915585682,576.2039509747301,332010.9931188892,14268.0,12695.095727758475,3591.93902275387,1572.9042722415252,2474027.849635642,-996.7003212667951,-2142016.856516753,ARD_worsened
broad,P-59p3859586774_VX-0p222677981218_LS-4p5e-05_ST-300_M-TI64_XI--0p0002_XF-0p0012_XL-0p0014_TE-0p00125_DT-8p39680224058e-06_H-306f9d252b,15242.0,16842.95502950525,5501.450549996507,1600.9550295052504,2563057.006498157,15242.0,16943.325887297335,2724.8358667493944,1701.3258872973347,2894509.774788063,-100.37085779208428,-331452.768289906,ARD_worsened
broad,P-63p4364244112_VX-0p87794698955_LS-4p5e-05_ST-300_M-TI64_XI--0p0002_XF-0p0012_XL-0p0014_TE-0p00125_DT-2p12972194663e-06_H-306f9d252b,5389.0,8333.18193259944,12009.07874918447,2944.18193259944,8668207.252244975,5389.0,7676.36339204825,7001.380656313921,2287.36339204825,5232031.287282475,656.8185405511904,3436175.9649625,ARD_improved
broad,P-67p3007401579_VX-0p639039009111_LS-4p5e-05_ST-300_M-TI64_XI--0p0002_XF-0p0012_XL-0p0014_TE-0p00125_DT-2p92592931724e-06_H-306f9d252b,8852.0,10241.85953747643,8223.280045171736,1389.85953747643,1931709.533914196,8852.0,9824.255359438892,3869.293310974215,972.2553594388919,945280.4839576489,417.6041780375381,986429.0499565472,ARD_improved
broad,P-71p6599397131_VX-0p537693260466_LS-4p5e-05_ST-300_M-TI64_XI--0p0002_XF-0p0012_XL-0p0014_TE-0p00125_DT-3p47741567376e-06_H-306f9d252b,10329.0,9547.838606122008,5345.940235343904,781.1613938779919,610213.1232854073,10329.0,9057.270181096294,3094.5260479059807,1271.7298189037065,1617296.732288854,-490.56842502571453,-1007083.6090034466,ARD_worsened
broad,P-71p8781037338_VX-0p56768277259_LS-4p5e-05_ST-300_M-TI64_XI--0p0002_XF-0p0012_XL-0p0014_TE-0p00125_DT-3p29371096306e-06_H-306f9d252b,8696.0,9400.11871919406,4534.313292601542,704.1187191940589,495783.170719482,8696.0,9820.46860921432,2599.3388736175907,1124.4686092143202,1264429.6531083875,-420.3498900202612,-768646.4823889055,ARD_worsened
broad,P-72p876222127_VX-0p956216556443_LS-4p5e-05_ST-300_M-TI64_XI--0p0002_XF-0p0012_XL-0p0014_TE-0p00125_DT-1p95539698515e-06_H-306f9d252b,4840.0,11572.867060830637,14537.553355382131,6732.867060830635,45331498.85881815,4840.0,6664.288867064977,9702.414939450735,1824.2888670649772,3328029.8704972183,4908.5781937656575,42003468.98832093,ARD_improved
broad,P-74p5163352518_VX-0p201002332148_LS-4p5e-05_ST-300_M-TI64_XI--0p0002_XF-0p0012_XL-0p0014_TE-0p00125_DT-9p30229491189e-06_H-fb250c7cf9,21999.0,20381.17108028668,11018.75776934229,1617.82891971332,2617370.413460768,21999.0,19930.775489070453,4913.887108643375,2068.2245109295473,4277552.627609765,-450.39559121622733,-1660182.2141489973,ARD_worsened
broad,P-76p2867092863_VX-0p693142102976_LS-5p97726511316e-05_ST-352p808802476_M-TI64_XI-0p0002_XF-0p0014_XL-0p0012_TE-0p0021_DT-6p95978585387e-06_H-0744488b5e,28708.0,37391.197292981575,15489.608004881133,8683.197292981575,75397915.22884254,28708.0,22091.10183261106,14180.220207466888,6616.898167388939,43783341.3575951,2066.2991255926354,31614573.87124744,ARD_improved
broad,P-77p1412079225_VX-0p963213148682_LS-8p58459875102e-05_ST-347p110895162_M-TI64_XI-0p0002_XF-0p0014_XL-0p0012_TE-0p0021_DT-5p00836248925e-06_H-8eb307dfff,68359.0,50466.910226476895,18685.22013863201,17892.089773523105,320126876.4638101,68359.0,37328.51928569479,15988.761011587285,31030.48071430521,962890733.3608675,-13138.390940782105,-642763856.8970574,ARD_worsened
broad,P-77p2146242418_VX-0p855104240805_LS-5p17451748821e-05_ST-369p375740917_M-TI64_XI-0p0002_XF-0p0014_XL-0p0012_TE-0p0021_DT-5p64155850575e-06_H-f404b6f8f4,22649.0,26708.339231140377,14988.517746576128,4059.339231140377,16478234.993475346,22649.0,23089.070943521612,11139.184142451926,440.0709435216122,193662.435332002,3619.2682876187646,16284572.558143344,ARD_improved
broad,P-77p6071708937_VX-0p433253784538_LS-7p48831675656e-05_ST-344p207921637_M-TI64_XI-0p0002_XF-0p0014_XL-0p0012_TE-0p0021_DT-1p11346300371e-05_H-5958772c6a,44723.0,34647.2345831656,14949.363552322182,10075.765416834402,101521048.73507611,44723.0,65183.950530817005,16512.034968717937,20460.950530817005,418650496.6245407,-10385.185113982603,-317129447.88946456,ARD_worsened
broad,P-78p18378444_VX-0p804643363326_LS-4p5e-05_ST-300_M-TI64_XI--0p0002_XF-0p0012_XL-0p0014_TE-0p00125_DT-2p32374124592e-06_H-b0e5aed98c,8564.0,12028.161159770088,12758.29142013092,3464.1611597700867,12000412.540859632,8564.0,6651.836600233011,7368.0501044299335,1912.1633997669887,3656368.867408449,1551.997760003098,8344043.673451183,ARD_improved
broad,P-78p3109819881_VX-0p819836919071_LS-8p42620704062e-05_ST-359p367913591_M-TI64_XI-0p0002_XF-0p0014_XL-0p0012_TE-0p0021_DT-5p88424415978e-06_H-cedd8dc36d,78700.0,42425.58691109946,17141.480110353168,36274.41308890054,1315833044.9441988,78700.0,34680.751632924585,17630.764901183134,44019.248367075415,1937694226.8022716,-7744.835278174876,-621861181.8580728,ARD_worsened
broad,P-79p1315856604_VX-0p738156089448_LS-4p61026192486e-05_ST-370p648100327_M-TI64_XI-0p0002_XF-0p0014_XL-0p0012_TE-0p0021_DT-6p53536653287e-06_H-0d7d85a8f4,25159.0,29095.35894242893,15975.676055678312,3936.358942428931,15494921.723640213,25159.0,27802.32241219227,15299.897719052862,2643.3224121922685,6987153.374797953,1293.0365302366627,8507768.34884226,ARD_improved
broad,P-82p6239965333_VX-0p567384090403_LS-6p29636633496e-05_ST-368p216750002_M-TI64_XI-0p0002_XF-0p0014_XL-0p0012_TE-0p0021_DT-8p50238962391e-06_H-e6df4d4a2d,83769.0,25950.86163975382,15298.222057790992,57818.13836024618,3342937123.4445705,83769.0,39141.825845589134,17068.748055187647,44627.174154410866,1991584673.0081172,13190.964205835313,1351352450.4364533,ARD_improved
broad,P-83p4130417347_VX-0p322492976823_LS-7p74299080266e-05_ST-371p281013063_M-TI64_XI-0p0002_XF-0p0014_XL-0p0012_TE-0p0021_DT-1p49588392607e-05_H-b41989dc4b,60919.0,47028.53364642157,18163.057494069264,13890.466353578428,192945055.5198944,60919.0,46278.70255431876,19472.145885959,14640.297445681237,214338309.29802057,-749.8310921028096,-21393253.77812618,ARD_worsened
broad,P-85p9171141482_VX-0p437191097118_LS-7p49853263212e-05_ST-320p146293033_M-TI64_XI-0p0002_XF-0p0014_XL-0p0012_TE-0p0021_DT-1p10343523343e-05_H-d4c4d1b9c0,42497.0,45777.76107558048,18584.71671471365,3280.761075580478,10763393.235043976,42497.0,51309.42925387614,17601.979758798312,8812.429253876136,77658909.35457192,-5531.668178295658,-66895516.11952795,ARD_worsened
broad,P-88p5362444224_VX-0p501389667448_LS-5p57799721508e-05_ST-306p707884961_M-TI64_XI-0p0002_XF-0p0014_XL-0p0012_TE-0p0021_DT-9p62149983578e-06_H-1422635bbf,42879.0,35763.15638255265,16167.108776341383,7115.843617447354,50635230.38796624,42879.0,40946.4419721884,15002.23307998004,1932.558027811603,3734780.5308590727,5183.2855896357505,46900449.85710716,ARD_improved
broad,P-89p9091669401_VX-0p254822282222_LS-4p87644701271e-05_ST-380p329545658_M-TI64_XI-0p0002_XF-0p0014_XL-0p0012_TE-0p0021_DT-1p8931313859e-05_H-f4a4199ba7,73978.0,53778.7999686859,18996.751578039144,20199.200031314103,408007681.90503967,73978.0,62402.91073541087,17116.203340375774,11575.089264589129,133982691.48320651,8624.110766724974,274024990.42183316,ARD_improved
broad,P-90p076179662_VX-0p77719101666_LS-5p40074605054e-05_ST-384p823624425_M-TI64_XI-0p0002_XF-0p0014_XL-0p0012_TE-0p0021_DT-6p20712347364e-06_H-765e346b33,25602.0,24065.33341930256,14917.955201524084,1536.6665806974415,2361344.1802323665,25602.0,14484.113738210326,16347.862293792154,11117.886261789674,123607394.93009157,-9581.219681092232,-121246050.74985921,ARD_worsened
broad,P-90p3577538021_VX-0p606625134218_LS-7p79676391387e-05_ST-345p062824899_M-TI64_XI-0p0002_XF-0p0014_XL-0p0012_TE-0p0021_DT-7p95239156919e-06_H-e341aeefe6,81413.0,26365.0009672423,15072.779160390211,55047.999032757696,3030282197.5104923,81413.0,24465.22311537989,12725.102017927673,56947.77688462011,3243049292.100472,-1899.777851862411,-212767094.58997965,ARD_worsened
broad,P-91p2790923782_VX-0p717805590808_LS-4p80270969425e-05_ST-305p576577078_M-TI64_XI-0p0002_XF-0p0014_XL-0p0012_TE-0p0021_DT-6p72065063966e-06_H-a55a682ac9,27350.0,12280.720762733385,12782.303022854676,15069.279237266615,227083176.7307147,27350.0,19272.642587959854,16141.077014267423,8077.357412040146,65243702.76183989,6991.921825226469,161839473.9688748,ARD_improved
broad,P-92p0306358058_VX-0p635786516528_LS-6p85874395416e-05_ST-348p651765165_M-TI64_XI-0p0002_XF-0p0014_XL-0p0012_TE-0p0021_DT-7p58764220003e-06_H-8daf8adcd4,32554.0,60209.59637095848,16679.120465383327,27655.59637095848,764832010.6333716,32554.0,53661.90596744174,14639.59789779211,21107.905967441737,445543694.3303625,6547.690403516743,319288316.3030091,ARD_improved
broad,P-93p2349412886_VX-0p318136092994_LS-6p37701091846e-05_ST-373p005608841_M-TI64_XI-0p0002_XF-0p0014_XL-0p0012_TE-0p0021_DT-1p51637010363e-05_H-95ed9fb76f,59248.0,52468.254036370825,18981.92038806968,6779.745963629175,45964955.331346095,59248.0,61724.93040951526,17729.437278810066,2476.930409515262,6135184.253581444,4302.815554113913,39829771.07776465,ARD_improved
broad,P-93p7887593651_VX-0p596649793105_LS-4p5e-05_ST-300_M-TI64_XI--0p0002_XF-0p0012_XL-0p0014_TE-0p00125_DT-3p13380310062e-06_H-306f9d252b,9653.0,12339.48455751671,5646.416180533964,2686.484557516709,7217199.277775749,9653.0,12015.308670644969,2714.816549411446,2362.3086706449685,5580502.255404399,324.17588687174066,1636697.0223713499,ARD_improved
broad,P-95p3163706926_VX-0p805137875644_LS-4p85393429372e-05_ST-366p295455669_M-TI64_XI-0p0002_XF-0p0014_XL-0p0012_TE-0p0021_DT-5p99167018339e-06_H-270d04032e,23725.0,20899.68954992164,12395.272574804285,2825.3104500783597,7982379.139321981,23725.0,26771.41908182193,11793.545386554353,3046.4190818219286,9280669.222088762,-221.10863174356882,-1298290.0827667806,ARD_worsened
broad,P-96p3048792257_VX-0p802808589305_LS-5p4654094879e-05_ST-371p269771919_M-TI64_XI-0p0002_XF-0p0014_XL-0p0012_TE-0p0021_DT-6p00905454586e-06_H-24e0a43587,26106.0,19561.687164904783,12089.308365616607,6544.312835095214,42828030.48359196,26106.0,23908.248271856843,10715.221921345277,2197.7517281431574,4830112.658556235,4346.561106952056,37997917.82503572,ARD_improved
broad,P-97p6596954152_VX-0p666705631564_LS-4p5e-05_ST-300_M-TI64_XI--0p0002_XF-0p0012_XL-0p0014_TE-0p00125_DT-2p80451054123e-06_H-b0e5aed98c,9719.0,13831.049454354652,9292.206533591643,4112.049454354652,16908950.71505839,9719.0,8015.399837976642,5391.0188811892085,1703.6001620233583,2902253.5120460126,2408.4492923312937,14006697.203012377,ARD_improved
broad,P-98p2720448178_VX-0p404108184606_LS-6p2082238115e-05_ST-312p013044035_M-TI64_XI-0p0002_XF-0p0014_XL-0p0012_TE-0p0021_DT-1p19376958616e-05_H-e0ed0fec98,51238.0,36889.171658014246,17647.5716408095,14348.828341985754,205888874.78777364,51238.0,32542.129056030055,16171.980931786116,18695.870943969945,349535590.35357964,-4347.042601984191,-143646715.565806,ARD_worsened
broad,P-98p6430415843_VX-0p873233253177_LS-7p66258838728e-05_ST-323p115187787_M-TI64_XI-0p0002_XF-0p0014_XL-0p0012_TE-0p0021_DT-5p52443529316e-06_H-95ed9fb76f,71452.0,42166.08485379777,19136.56687825754,29285.915146202227,857664825.950557,71452.0,35766.9070588963,18115.930960603444,35685.0929411037,1273425858.215209,-6399.177794901472,-415761032.264652,ARD_worsened
broad,P-99p0936052974_VX-0p300439480401_LS-4p95355776339e-05_ST-340p036700638_M-TI64_XI-0p0002_XF-0p0014_XL-0p0012_TE-0p0021_DT-1p60568797302e-05_H-701e6757d1,61856.0,40534.61031110173,17821.96346224434,21321.38968889827,454601658.2658575,61856.0,40620.67332583282,20623.256272300165,21235.326674167183,450939098.9585963,86.0630147310876,3662559.3072612286,ARD_improved
broad,P-99p5435087092_VX-0p559592851831_LS-4p5e-05_ST-300_M-TI64_XI--0p0002_XF-0p0012_XL-0p0014_TE-0p00125_DT-3p34132747676e-06_H-306f9d252b,13785.0,10521.111916578688,4227.062470473169,3263.8880834213123,10652965.421099648,13785.0,10937.698957441316,2123.4678876805806,2847.3010425586835,8107123.226955766,416.5870408626288,2545842.194143882,ARD_improved
broad,P-99p7580068976_VX-0p617169232141_LS-5p71058654975e-05_ST-337p763092798_M-TI64_XI-0p0002_XF-0p0014_XL-0p0012_TE-0p0021_DT-7p81652803119e-06_H-765e346b33,37841.0,32395.69726615672,17446.987898741,5445.302733843284,29651321.86320114,37841.0,34154.6450651986,18290.80887599854,3686.3549348013985,13589212.705334622,1758.9477990418854,16062109.157866519,ARD_improved
broad,P-100p408926704_VX-0p564694322144_LS-6p38706769001e-05_ST-381p633419878_M-TI64_XI-0p0002_XF-0p0014_XL-0p0012_TE-0p0021_DT-8p54288845105e-06_H-790e4fd6dd,17386.0,53971.59081687046,15274.281470140875,36585.59081687046,1338505455.4194765,17386.0,33650.03242412683,15182.192054981775,16264.032424126832,264518750.6930489,20321.55839274363,1073986704.7264276,ARD_improved
broad,P-102p025474754_VX-0p424029390103_LS-7p94734719352e-05_ST-354p238131711_M-TI64_XI-0p0002_XF-0p0014_XL-0p0012_TE-0p0021_DT-1p13768543304e-05_H-6f31342894,23150.0,25759.56078814532,11926.320382292217,2609.560788145318,6809807.5070256125,23150.0,30788.477789363347,12158.988219623636,7638.477789363347,58346342.938597165,-5028.917001218029,-51536535.43157155,ARD_worsened
broad,P-102p449509144_VX-0p918837420936_LS-5p51471704636e-05_ST-339p471112188_M-TI64_XI-0p0002_XF-0p0014_XL-0p0012_TE-0p0021_DT-5p25024394207e-06_H-b41981edcb,10686.0,18958.841892948167,17288.684840988048,8272.841892948167,68439912.9857182,10686.0,20646.466710656903,18060.26403237503,9960.466710656903,99210897.09410435,-1687.6248177087364,-30770984.108386144,ARD_worsened
broad,P-110p110895975_VX-0p451651242475_LS-8p6859144947e-05_ST-349p969995372_M-TI64_XI-0p0002_XF-0p0014_XL-0p0012_TE-0p0021_DT-1p06810745755e-05_H-6f31342894,21148.0,37766.40316749881,16111.620098701598,16618.403167498807,276171323.8375344,21148.0,33525.350262471606,15465.071436068842,12377.350262471606,153198799.51990592,4241.052905027202,122972524.3176285,ARD_improved
broad,P-110p131967455_VX-0p225166085115_LS-5p63312318207e-05_ST-326p092691949_M-TI64_XI-0p0002_XF-0p0014_XL-0p0012_TE-0p0021_DT-2p14247212255e-05_H-b41981edcb,42436.0,49259.99355250524,18818.00764814207,6823.993552505235,46566888.00463302,42436.0,31472.581846008867,20256.88250338101,10963.418153991133,120196537.61926235,-4139.424601485898,-73629649.61462933,ARD_worsened
broad,P-118p139890353_VX-0p847347819728_LS-5p08934239386e-05_ST-372p913421628_M-TI64_XI-0p0002_XF-0p0014_XL-0p0012_TE-0p0021_DT-5p69319999497e-06_H-d7a336064e,11588.0,24471.478350984435,13077.148147248612,12883.478350984436,165984014.4202846,11588.0,21660.815524725233,12244.401623883758,10072.815524725233,101461612.59514566,2810.662826259204,64522401.82513894,ARD_improved
broad,P-121p661876009_VX-0p281641526906_LS-7p16631028882e-05_ST-330p429005364_M-TI64_XI-0p0002_XF-0p0014_XL-0p0012_TE-0p0021_DT-1p71285841829e-05_H-25d163a2a5,32976.0,57491.30066084639,17801.153188375465,24515.30066084639,600999966.4916955,32976.0,51615.108674343246,18784.58341446791,18639.108674343246,347416372.1739776,5876.191986503145,253583594.3177179,ARD_improved
broad,P-126p512169142_VX-0p57236868357_LS-7p44940442576e-05_ST-386p738254947_M-TI64_XI-0p0002_XF-0p0014_XL-0p0012_TE-0p0021_DT-8p42834477408e-06_H-d7a336064e,16689.0,30526.308165461895,13952.009136168985,13837.308165461898,191471097.2659585,16689.0,31330.281080408742,12734.713368859697,14641.281080408742,214367111.675535,-803.972914946844,-22896014.409576505,ARD_worsened
broad,P-128p682231034_VX-0p601925389683_LS-8p082715257e-05_ST-394p322355105_M-TI64_XI-0p0002_XF-0p0014_XL-0p0012_TE-0p0021_DT-8p01448266795e-06_H-b41981edcb,15870.0,27904.3419924295,16806.798223369522,12034.3419924295,144825387.19075206,15870.0,25395.95691668338,17203.280377842286,9525.956916683379,90743855.17850791,2508.3850757461205,54081532.01224415,ARD_improved
broad,P-129p569646497_VX-0p287154347682_LS-6p5197985882e-05_ST-393p701994752_M-TI64_XI-0p0002_XF-0p0014_XL-0p0012_TE-0p0021_DT-1p67997477383e-05_H-b41981edcb,32343.0,49955.533147727816,13356.91121445026,17612.533147727816,310201323.8798111,32343.0,72009.61622867658,12720.434378336859,39666.616228676576,1573440443.033108,-22054.08308094876,-1263239119.153297,ARD_worsened
broad,P-131p049819122_VX-0p780196421599_LS-5p30845028915e-05_ST-389p742843455_M-TI64_XI-0p0002_XF-0p0014_XL-0p0012_TE-0p0021_DT-6p18321293134e-06_H-b41981edcb,12245.0,21380.290508237875,16263.305026560163,9135.290508237877,83453532.66990101,12245.0,23962.731645412583,13316.96892409391,11717.731645412583,137305234.91390347,-2582.4411371747065,-53851702.24400246,ARD_worsened
broad,P-132p12166853_VX-0p788188085218_LS-6p42596953306e-05_ST-382p443068729_M-TI64_XI-0p0002_XF-0p0014_XL-0p0012_TE-0p0021_DT-6p1205195733e-06_H-b41981edcb,12121.0,18569.71399493607,17039.28298347434,6448.713994936072,41585912.18848435,12121.0,18286.455950083313,16067.91146040258,6165.455950083313,38012847.07241773,283.25804485275876,3573065.1160666198,ARD_improved
broad,P-134p93654729_VX-0p343298656719_LS-5p9412954069e-05_ST-389p435734624_M-TI64_XI-0p0002_XF-0p0014_XL-0p0012_TE-0p0021_DT-1p40522559835e-05_H-b41981edcb,27047.0,53620.5946253906,13930.028695265712,26573.5946253906,706155931.3145882,27047.0,60182.6492310569,13501.398525728551,33135.6492310569,1097971249.963642,-6562.054605666301,-391815318.6490537,ARD_worsened
broad,P-137p056736091_VX-0p84145784316_LS-6p02926393206e-05_ST-342p992007776_M-TI64_XI-0p0002_XF-0p0014_XL-0p0012_TE-0p0021_DT-5p73305085006e-06_H-ddeae69a6e,11669.0,27496.60847126251,15477.1450935285,15827.608471262509,250513189.91958076,11669.0,21086.010809209205,15086.434791115807,9417.010809209205,88680092.58076301,6410.597662053304,161833097.33881775,ARD_improved
broad,P-139p185905374_VX-0p93275027917_LS-8p26285474625e-05_ST-371p150203889_M-TI64_XI-0p0002_XF-0p0014_XL-0p0012_TE-0p0021_DT-5p17193155633e-06_H-b789300819,10242.0,39795.49750427622,15160.9373722671,29553.497504276223,873409214.735261,10242.0,41329.18545377868,15223.617941177707,31087.18545377868,966413099.4376286,-1533.687949502455,-93003884.70236766,ARD_worsened
broad,P-140p314676599_VX-0p596196399995_LS-8p19973378232e-05_ST-342p525649343_M-TI64_XI-0p0002_XF-0p0014_XL-0p0012_TE-0p0021_DT-8p09149569346e-06_H-95fb07b078,15578.0,41680.538428235865,11393.24300544012,26102.538428235865,681342512.3975301,15578.0,52294.27633830583,14671.413773116039,36716.27633830583,1348084948.150837,-10613.737910069969,-666742435.7533069,ARD_worsened
broad,P-141p451666054_VX-0p378275685755_LS-6p85388508408e-05_ST-315p145948826_M-TI64_XI-0p0002_XF-0p0014_XL-0p0012_TE-0p0021_DT-1p27529227616e-05_H-8bf1b39107,24547.0,43229.072033550896,16383.382241557909,18682.072033550896,349019815.4667845,24547.0,55839.89280279158,14895.19582485723,31292.892802791583,979245139.9670053,-12610.820769240687,-630225324.5002208,ARD_worsened
broad,P-145p199982561_VX-0p253198682602_LS-7p7513591008e-05_ST-398p693210886_M-TI64_XI-0p0002_XF-0p0014_XL-0p0012_TE-0p0021_DT-1p90527081478e-05_H-2d34966482,35635.0,43970.5088241007,16026.20798941694,8335.508824100703,69480707.3566607,35635.0,71141.99384156086,15457.03927626224,35506.99384156086,1260746611.6646411,-27171.48501746016,-1191265904.3079805,ARD_worsened
broad,P-149p381043177_VX-0p292260061908_LS-7p79529508561e-05_ST-384p444199936_M-TI64_XI-0p0002_XF-0p0014_XL-0p0012_TE-0p0021_DT-1p65062601148e-05_H-6464f5e6a2,30868.0,50440.64685273184,15502.535348519248,19572.646852731843,383088504.82175374,30868.0,51354.928178690025,18163.93980236183,20486.928178690025,419714226.19880337,-914.2813259581817,-36625721.377049625,ARD_worsened
broad,P-150p755371566_VX-0p566215971452_LS-6p88880703989e-05_ST-365p237346809_M-TI64_XI-0p0002_XF-0p0014_XL-0p0012_TE-0p0021_DT-8p51993028498e-06_H-3a501d5f99,16402.0,41421.88332826189,13523.066000114764,25019.883328261887,625994561.7598372,16402.0,43984.890862254775,16078.300224844957,27582.890862254775,760815868.319058,-2563.007533992888,-134821306.5592208,ARD_worsened
broad,P-155p08939981_VX-0p967429278716_LS-6p89242148544e-05_ST-322p599938314_M-TI64_XI-0p0002_XF-0p0014_XL-0p0012_TE-0p0021_DT-4p98653566638e-06_H-765072ed36,9875.0,29630.58305036727,16229.902372974311,19755.58305036727,390283061.65995854,9875.0,40449.533704250935,17700.189403777407,30574.533704250935,934802111.2323763,-10818.950653883665,-544519049.5724177,ARD_worsened
broad,P-156p536166657_VX-0p9922713524_LS-8p48527663575e-05_ST-399p457924021_M-TI64_XI-0p0002_XF-0p0014_XL-0p0012_TE-0p0021_DT-4p86169492987e-06_H-17f36d0008,9360.0,20235.197688631742,14918.586027750122,10875.197688631742,118269924.7668212,9360.0,22673.695646641943,16236.394400430656,13313.695646641943,177254491.77141264,-2438.497958010201,-58984567.004591435,ARD_worsened
broad,P-162p201106716_VX-0p908426857038_LS-8p56302518524e-05_ST-395p218711567_M-TI64_XI-0p0002_XF-0p0014_XL-0p0012_TE-0p0021_DT-5p31041169208e-06_H-b41981edcb,10224.0,14105.185745267176,14483.038338801209,3881.185745267176,15063602.789265122,10224.0,33786.78835434502,14361.760453800152,23562.788354345023,555204995.0316575,-19681.602609077847,-540141392.2423923,ARD_worsened
broad,P-165p961555057_VX-0p261983014715_LS-5p47380727674e-05_ST-307p441799119_M-TI64_XI-0p0002_XF-0p0014_XL-0p0012_TE-0p0021_DT-1p84138678161e-05_H-b41981edcb,35453.0,33160.35159689787,19279.61834524295,2292.648403102132,5256236.700246755,35453.0,41826.06938838325,17258.43275991038,6373.06938838325,40616013.42914765,-4080.420985281118,-35359776.728900895,ARD_worsened
broad,P-171p793878697_VX-0p802872637148_LS-7p56304072004e-05_ST-389p149112673_M-TI64_XI-0p0002_XF-0p0014_XL-0p0012_TE-0p0021_DT-6p00857518342e-06_H-b41981edcb,11568.0,13881.97917360337,15595.668248600188,2313.9791736033694,5354499.615870132,11568.0,6413.5923526472,15119.173461511496,5154.4076473528,26567918.19508903,-2840.428473749431,-21213418.579218898,ARD_worsened
broad,P-178p179131994_VX-0p674364285322_LS-6p39772031663e-05_ST-392p701744041_M-TI64_XI-0p0002_XF-0p0014_XL-0p0012_TE-0p0021_DT-7p15358257846e-06_H-b41981edcb,13773.0,19656.108661097576,13456.86370551903,5883.108661097576,34610967.51828132,13773.0,20025.16063937343,12807.041809376753,6252.160639373429,39089512.660530366,-369.0519782758529,-4478545.142249048,ARD_worsened
broad,P-180p4231768_VX-0p853402947533_LS-8p92029044014e-05_ST-332p421625378_M-TI64_XI-0p0002_XF-0p0014_XL-0p0012_TE-0p0021_DT-5p65280518067e-06_H-0b12abf205,10572.0,39332.67584767516,18903.069512483515,28760.67584767516,827176475.2150451,10572.0,27903.616137196263,18529.425280690506,17331.616137196263,300384917.9271219,11429.059710478898,526791557.2879232,ARD_improved
broad,P-181p628478787_VX-0p952936233186_LS-6p91719476824e-05_ST-399p362560559_M-TI64_XI-0p0002_XF-0p0014_XL-0p0012_TE-0p0021_DT-5p06237504149e-06_H-2ecbc85805,9746.0,23330.703447477856,17320.67770266312,13584.703447477856,184544167.75591677,9746.0,17352.673284770895,18718.980814464005,7606.673284770895,57861478.46124724,5978.03016270696,126682689.29466954,ARD_improved
broad,P-188p623199531_VX-0p253450423389_LS-5p98563054886e-05_ST-373p9812389_M-TI64_XI-0p0002_XF-0p0014_XL-0p0012_TE-0p0021_DT-1p90337839587e-05_H-b41981edcb,35600.0,77851.36846919425,14348.920769647464,42251.36846919425,1785178137.5196218,35600.0,76977.47516117556,15669.364400348017,41377.475161175564,1712095450.7137008,873.8933080186835,73082686.80592108,ARD_improved
broad,P-189p966894809_VX-0p644468304217_LS-6p74843907822e-05_ST-388p1301819_M-TI64_XI-0p0002_XF-0p0014_XL-0p0012_TE-0p0021_DT-7p48542724514e-06_H-851e5d4577,14000.0,25377.045495764447,13485.714770771998,11377.045495764449,129437164.2126941,14000.0,26752.9468726922,12695.67646400223,12752.946872692199,162637653.93770972,-1375.9013769277499,-33200489.725015625,ARD_worsened
broad,P-191p425479448_VX-0p407642571095_LS-6p68635438353e-05_ST-376p486404344_M-TI64_XI-0p0002_XF-0p0014_XL-0p0012_TE-0p0021_DT-1p18341923663e-05_H-9a0fcdd2aa,22129.0,41227.21452609522,14397.443162456102,19098.214526095224,364741798.0847546,22129.0,44277.445823146205,14338.910210959928,22148.445823146205,490553652.38084257,-3050.231297050981,-125811854.29608798,ARD_worsened
broad,P-194p299416559_VX-0p806548050335_LS-7p3474496565e-05_ST-381p946978961_M-TI64_XI-0p0002_XF-0p0014_XL-0p0012_TE-0p0021_DT-5p98119430208e-06_H-b41981edcb,11187.0,15085.00992319458,14904.944295461191,3898.0099231945783,15194481.361323403,11187.0,20567.75854519208,14102.102639680666,9380.758545192079,87998630.88319421,-5482.7486219975,-72804149.5218708,ARD_worsened
broad,P-196p499083559_VX-0p373706074139_LS-6p49065899682e-05_ST-353p001345311_M-TI64_XI-0p0002_XF-0p0014_XL-0p0012_TE-0p0021_DT-1p290886324e-05_H-b789300819,24137.0,48873.22140052068,14652.609240361078,24736.22140052068,611880649.1755772,24137.0,61330.37974265551,11218.353911821763,37193.37974265551,1383347496.6813772,-12457.15834213483,-771466847.5058,ARD_worsened
broad,P-199p092557979_VX-0p316505824784_LS-5p93128195415e-05_ST-330p512210532_M-TI64_XI-0p0002_XF-0p0014_XL-0p0012_TE-0p0021_DT-1p52418067071e-05_H-8bf1b39107,28501.0,44043.42010262289,16738.587347132507,15542.420102622891,241566822.64641616,28501.0,36841.11975386976,17237.780276196998,8340.11975386976,69557597.50888859,7202.300348753131,172009225.13752759,ARD_improved
broad,P-202p623346674_VX-0p47308497906_LS-5p69403778977e-05_ST-355p073751689_M-TI64_XI-0p0002_XF-0p0014_XL-0p0012_TE-0p0021_DT-1p01971544575e-05_H-b41981edcb,19069.0,31041.128011543555,15846.397530392474,11972.128011543557,143331849.12478584,19069.0,26540.49627148756,14366.747671452047,7471.496271487558,55823256.53485248,4500.631740055998,87508592.58993337,ARD_improved
broad,P-205p507001181_VX-0p303336340291_LS-4p80706805647e-05_ST-333p622908766_M-TI64_XI-0p0002_XF-0p0014_XL-0p0012_TE-0p0021_DT-1p59035366431e-05_H-89a38ff0e6,30615.0,40898.40352461993,19525.431751726654,10283.403524619927,105748388.05016556,30615.0,39155.391968605654,19158.388849599964,8540.391968605654,72938294.97742397,1743.011556014273,32810093.072741598,ARD_improved
broad,P-207p940614893_VX-0p318461267696_LS-7p4904937331e-05_ST-370p987623474_M-TI64_XI-0p0002_XF-0p0014_XL-0p0012_TE-0p0021_DT-1p51482176715e-05_H-0b12abf205,26658.0,55702.96998561848,13956.536689090051,29044.96998561848,843610281.4654784,26658.0,34776.761491014106,18849.925950783796,8118.761491014106,65914288.14797358,20926.208494604376,777695993.3175049,ARD_improved
broad,P-210p464738138_VX-0p237113609615_LS-6p46217439158e-05_ST-306p057190902_M-TI64_XI-0p0002_XF-0p0014_XL-0p0012_TE-0p0021_DT-2p03451864735e-05_H-12faed80a6,36935.0,43936.8461315349,19154.661480183917,7001.846131534898,49025849.24969021,36935.0,54579.77276386497,17155.394085713175,17644.772763864967,311338005.88843095,-10642.926632330069,-262312156.63874075,ARD_worsened
broad,P-213p87237204_VX-0p329966780459_LS-7p13970627017e-05_ST-390p008507958_M-TI64_XI-0p0002_XF-0p0014_XL-0p0012_TE-0p0021_DT-1p46200190101e-05_H-765072ed36,26532.0,63077.59696890655,11356.032969392843,36545.59696890655,1335580657.813752,26532.0,70191.89919850975,10694.33777052004,43659.89919850975,1906186798.0240326,-7114.3022296031995,-570606140.2102807,ARD_worsened
broad,P-218p352277735_VX-0p662592791038_LS-5p96508880483e-05_ST-307p55260089_M-TI64_XI-0p0002_XF-0p0014_XL-0p0012_TE-0p0021_DT-7p28067173121e-06_H-b41981edcb,13617.0,34470.37956099941,18398.64664014109,20853.37956099941,434863439.115108,13617.0,36318.962107234154,16899.513585763147,22701.962107234154,515379083.5182954,-1848.5825462347457,-80515644.4031874,ARD_worsened
broad,P-218p623352015_VX-0p878480487228_LS-8p13012329394e-05_ST-381p006435488_M-TI64_XI-0p0002_XF-0p0014_XL-0p0012_TE-0p0021_DT-5p49143740032e-06_H-90ad187ad0,9968.0,26634.63828175149,13224.456613467515,16666.63828175149,277776831.61474425,9968.0,26510.770174203502,15333.596749898086,16542.770174203502,273663245.03651696,123.86810754798717,4113586.5782272816,ARD_improved
broad,P-222p052357041_VX-0p997941039436_LS-5p29599486117e-05_ST-383p923575745_M-TI64_XI-0p0002_XF-0p0014_XL-0p0012_TE-0p0021_DT-4p83407377027e-06_H-02b1b704be,9307.0,24367.25946069595,17098.10352116579,15060.25946069595,226811415.02348188,9307.0,28016.799949435503,16221.837075391652,18709.799949435503,350056614.14789677,-3649.5404887395525,-123245199.12441489,ARD_worsened
broad,P-223p161294482_VX-0p578452940205_LS-4p86833733719e-05_ST-359p100984903_M-TI64_XI-0p0002_XF-0p0014_XL-0p0012_TE-0p0021_DT-8p33969415266e-06_H-1e85da8953,16055.0,26573.12249804229,18627.18507508085,10518.122498042292,110630900.88382342,16055.0,26086.084108100324,16679.042787711467,10031.084108100324,100622648.38378286,487.0383899419685,10008252.500040561,ARD_improved
broad,P-225p511353261_VX-0p242923031869_LS-6p38341457094e-05_ST-340p774386379_M-TI64_XI-0p0002_XF-0p0014_XL-0p0012_TE-0p0021_DT-1p9858638211e-05_H-5cefbb31d2,36051.0,52640.41956072136,17855.711750380484,16589.419560721362,275208841.36164457,36051.0,61303.55205159954,16711.621307028807,25252.552051599538,637691385.118744,-8663.132490878175,-362482543.75709945,ARD_worsened
broad,P-226p648480029_VX-0p577602942666_LS-6p93800013331e-05_ST-342p653362063_M-TI64_XI-0p0002_XF-0p0014_XL-0p0012_TE-0p0021_DT-8p35196680396e-06_H-b4093437b1,15161.0,22834.325543266656,13033.45917950198,7673.325543266656,58879924.89294852,15161.0,31542.271130730504,15318.033275091773,16381.271130730504,268346043.85850462,-8707.945587463848,-209466118.9655561,ARD_worsened
broad,P-227p690023792_VX-0p392329282459_LS-7p92871102354e-05_ST-391p94840599_M-TI64_XI-0p0002_XF-0p0014_XL-0p0012_TE-0p0021_DT-1p22961013075e-05_H-12074f4927,21640.0,51246.91893404216,15980.38425610571,29606.91893404216,876569648.766944,21640.0,47332.07380915188,13882.865378152856,25692.07380915188,660082656.614908,3914.845124890282,216486992.15203607,ARD_improved
broad,P-228p907235932_VX-0p414638318501_LS-7p95917332413e-05_ST-340p25610662_M-TI64_XI-0p0002_XF-0p0014_XL-0p0012_TE-0p0021_DT-1p16345267376e-05_H-02b1b704be,20476.0,55168.35927222312,17619.64157807701,34692.35927222312,1203559791.8730054,20476.0,46810.116545383746,16266.876251371003,26334.116545383746,693485694.2258539,8358.242726839373,510074097.64715147,ARD_improved
broad,P-234p345987256_VX-0p872091919433_LS-7p00578367301e-05_ST-333p182550298_M-TI64_XI-0p0002_XF-0p0014_XL-0p0012_TE-0p0021_DT-5p53166529298e-06_H-b41981edcb,10041.0,28039.737789512084,10636.631438329685,17998.737789512084,323954562.01561034,10041.0,26124.835356751886,14576.35112225057,16083.835356751886,258689759.78310207,1914.9024327601983,65264802.23250827,ARD_improved
broad,P-235p890696826_VX-0p62852965691_LS-7p09715556056e-05_ST-349p581827429_M-TI64_XI-0p0002_XF-0p0014_XL-0p0012_TE-0p0021_DT-7p6752473809e-06_H-765072ed36,13933.0,22724.62503715089,13047.03248755139,8791.62503715089,77292670.7938584,13933.0,29728.6308178276,14625.672796083136,15795.630817827601,249501952.93310505,-7004.005780676711,-172209282.13924664,ARD_worsened
broad,P-236p206080041_VX-0p584146530445_LS-8p43378292301e-05_ST-319p849522294_M-TI64_XI-0p0002_XF-0p0014_XL-0p0012_TE-0p0021_DT-8p25840838144e-06_H-b41981edcb,14537.0,42898.572124818376,14345.91188783347,28361.572124818376,804378773.3912747,14537.0,40495.007184659116,14285.446630490145,25958.007184659116,673818136.9988143,2403.56494015926,130560636.39246035,ARD_improved
broad,P-240p318887809_VX-0p361018894241_LS-4p85509578057e-05_ST-398p513006139_M-TI64_XI-0p0002_XF-0p0014_XL-0p0012_TE-0p0021_DT-1p33625155912e-05_H-3a501d5f99,24985.0,44870.00312388688,20402.70704488682,19885.003123886883,395413349.2369911,24985.0,49907.046474369534,19623.093302694182,24922.046474369534,621108400.4706349,-5037.043350482651,-225695051.23364383,ARD_worsened
broad,P-243p325077963_VX-0p998321353283_LS-5p70160449472e-05_ST-337p156153016_M-TI64_XI-0p0002_XF-0p0014_XL-0p0012_TE-0p0021_DT-4p83223221376e-06_H-d7a336064e,9037.0,26313.52264034172,17173.310461585334,17276.52264034172,298478234.54224,9037.0,27573.51273938194,17283.95865605299,18536.51273938194,343602304.5372689,-1259.9900990402202,-45124069.99502885,ARD_worsened
broad,P-246p298220115_VX-0p718479932945_LS-4p8795144948e-05_ST-311p768373355_M-TI64_XI-0p0002_XF-0p0014_XL-0p0012_TE-0p0021_DT-6p71434285331e-06_H-0b12abf205,12928.0,30226.726286020683,20003.264454884727,17298.726286020683,299245931.1186629,12928.0,27306.9270548712,19740.27565427624,14378.927054871201,206753543.249307,2919.799231149482,92492387.86935589,ARD_improved
broad,P-246p882256304_VX-0p912145169038_LS-8p52944569156e-05_ST-321p903093968_M-TI64_XI-0p0002_XF-0p0014_XL-0p0012_TE-0p0021_DT-5p288764077e-06_H-0b12abf205,9600.0,28998.032210033467,17411.39970731467,19398.032210033467,376283653.62149584,9600.0,25157.824423175603,18874.04897184588,15557.824423175603,242045900.7823593,3840.2077868578635,134237752.83913654,ARD_improved
broad,P-76p6986127633_VX-0p686212461643_LS-6p4052091323e-05_ST-393p159111444_M-TI64_XI-0p0002_XF-0p0014_XL-0p0012_TE-0p0021_DT-7p0300684885e-06_H-b41981edcb,15081.0,23940.57281194534,17531.187093511577,8859.572811945342,78492030.4101611,15081.0,12527.057164118592,16674.135549315684,2553.9428358814075,6522624.008949966,6305.629976063934,71969406.40121113,ARD_improved
broad,P-78p6311637963_VX-0p75889512334_LS-7p24228839444e-05_ST-395p823418581_M-TI64_XI-0p0002_XF-0p0014_XL-0p0012_TE-0p0021_DT-6p3567684844e-06_H-9aaaba6a78,13638.0,18355.80675005985,17938.16734130704,4717.806750059855,22257700.53091033,13638.0,17441.467763046832,16157.973241206462,3803.4677630468323,14466367.024536474,914.3389870130231,7791333.506373858,ARD_improved
broad,P-80p5741190929_VX-0p403249617425_LS-8p97039861056e-05_ST-397p637850573_M-TI64_XI-0p0002_XF-0p0014_XL-0p0012_TE-0p0021_DT-1p19631126592e-05_H-6464f5e6a2,25658.0,43075.86106092132,18744.218569450823,17417.86106092132,303381883.9375592,25658.0,44350.90868106949,17028.138978014515,18692.908681069493,349424834.95880324,-1275.0476201481724,-46042951.02124405,ARD_worsened
broad,P-91p4898167395_VX-0p477122889388_LS-7p769973149e-05_ST-351p010780102_M-TI64_XI-0p0002_XF-0p0014_XL-0p0012_TE-0p0021_DT-1p01108555266e-05_H-b41981edcb,20575.0,39095.86038844508,10511.980119159423,18520.86038844508,343022269.528274,20575.0,34260.39720298689,11286.692949291744,13685.39720298689,187290096.60352138,4835.463185458189,155732172.92475262,ARD_improved
broad,P-92p2921456709_VX-0p425581954559_LS-4p53091383738e-05_ST-356p588229582_M-TI64_XI-0p0002_XF-0p0014_XL-0p0012_TE-0p0021_DT-1p13353504568e-05_H-765072ed36,23066.0,50740.62895706622,18656.32201650756,27674.62895706622,765885087.9112881,23066.0,51382.2000228722,18724.616814753266,28316.200022872203,801807183.7353077,-641.5710658059834,-35922095.82401955,ARD_worsened
broad,P-92p9578294978_VX-0p909619863772_LS-6p47386544357e-05_ST-309p507384821_M-TI64_XI-0p0002_XF-0p0014_XL-0p0012_TE-0p0021_DT-5p30344685197e-06_H-765072ed36,11086.0,35532.22694614551,19575.81538546679,24446.226946145507,597618011.9024507,11086.0,34266.554581456476,17432.58256282598,23180.554581456476,537338110.7038828,1265.6723646890314,60279901.19856787,ARD_improved
broad,P-93p7392388905_VX-0p76284290369_LS-5p63100861802e-05_ST-349p958485388_M-TI64_XI-0p0002_XF-0p0014_XL-0p0012_TE-0p0021_DT-6p32387163816e-06_H-5cefbb31d2,13219.0,22115.69507186729,14594.59616532633,8896.695071867289,79151183.20178771,13219.0,24208.68551193918,13850.004841213526,10989.68551193918,120773187.65132593,-2092.9904400718915,-41622004.449538216,ARD_worsened
broad,P-97p5646849269_VX-0p800614374072_LS-8p74302358335e-05_ST-345p052442693_M-TI64_XI-0p0002_XF-0p0014_XL-0p0012_TE-0p0021_DT-6p02552334713e-06_H-b41981edcb,12927.0,73686.62955791852,16068.430358666385,60759.629557918524,3691732584.0154862,12927.0,62460.9656189518,14928.34774393549,49533.9656189518,2453613749.939499,11225.663938966725,1238118834.0759873,ARD_improved
broad,P-97p9405338961_VX-0p913267755474_LS-7p48831340213e-05_ST-390p809181728_M-TI64_XI-0p0002_XF-0p0014_XL-0p0012_TE-0p0021_DT-5p28226314145e-06_H-0b12abf205,11042.0,33247.89038103078,18954.98316990303,22205.890381030786,493101567.6143554,11042.0,29428.08732481939,17246.26691228089,18386.08732481939,338048207.1158842,3819.8030562113963,155053360.4984712,ARD_improved
