balanced_accuracy,sensitivity,specificity,precision,f1,global_error,true_positive,true_negative,false_positive,false_negative,roc_auc,average_precision,brier_score,q10_error,q10_count,q10_keyhole_count,q20_error,q20_count,q20_keyhole_count,q30_error,q30_count,q30_keyhole_count,benchmark_population,run_id,repeat,fold,method,formulation,budget,effective_warm_start,mean_predicted_uncertainty,uncertainty_band_fraction,fit_status,kernel,kernel_constant,kernel_length_scale,kernel_bound_hit,optimizer_warning_count,threshold,threshold_point_estimate_probability_caveat,mae,rmse,relative_mae,relative_rmse,r2
0.5333333333333333,0.06666666666666667,1.0,1.0,0.125,0.1728395061728395,1,66,0,14,0.9848484848484849,0.9018146124028477,0.10350648722224946,0.3333333333333333,9,4,0.4117647058823529,17,8,0.32,25,9,primary_common,primary_common__r01_f01,1,1,max_depth_random,max_depth,12,12,23.553689561197697,0.8395061728395061,optimized_primary,"1.03**2 * Matern(length_scale=1.19, nu=1.5)",1.062903151902334,1.1862208250102675,False,0,101.421515,True,44.416697984165005,86.22598420717941,0.44963419694886836,0.8728733319830048,0.050164390452491325
0.5333333333333333,0.06666666666666667,1.0,1.0,0.125,0.1728395061728395,1,66,0,14,0.9838383838383838,0.8974190080072433,0.10646110358867798,0.3333333333333333,9,4,0.4117647058823529,17,8,0.32,25,9,primary_common,primary_common__r01_f01,1,1,max_depth_random,max_depth,13,12,22.03257420754544,0.7160493827160493,optimized_primary,"1.03**2 * Matern(length_scale=1.17, nu=1.5)",1.055008616219597,1.1728519088945921,False,0,101.421515,True,43.945733332058445,86.46367437174885,0.4448665797519139,0.8752794907277842,0.04492054758993924
0.6,0.2,1.0,1.0,0.3333333333333333,0.14814814814814814,3,66,0,12,0.997979797979798,0.992156862745098,0.07381975295485009,0.2222222222222222,9,4,0.29411764705882354,17,8,0.24,25,9,primary_common,primary_common__r01_f01,1,1,max_depth_random,max_depth,14,12,19.173881646697847,0.5679012345679012,optimized_primary,"1.14**2 * Matern(length_scale=1.67, nu=1.5)",1.2888280470033309,1.669478339261361,False,0,101.421515,True,40.51798702789976,82.09922782505839,0.4101671980607241,0.8310978089006694,0.1389065777092504
0.7333333333333334,0.4666666666666667,1.0,1.0,0.6363636363636364,0.09876543209876543,7,66,0,8,0.995959595959596,0.9859649122807017,0.0525902292923514,0.2222222222222222,9,4,0.17647058823529413,17,8,0.16,25,9,primary_common,primary_common__r01_f01,1,1,max_depth_random,max_depth,15,12,17.381743519681073,0.41975308641975306,optimized_primary,"1.26**2 * Matern(length_scale=2.11, nu=1.5)",1.5812311759024562,2.1098896750353564,False,0,101.421515,True,38.333989297802596,78.99046505195746,0.38805839416313404,0.7996275259569416,0.20288410682073532
0.8772727272727273,0.8,0.9545454545454546,0.8,0.8,0.07407407407407407,12,63,3,3,0.9515151515151515,0.7420604232368937,0.09228516849195938,0.2222222222222222,9,4,0.17647058823529413,17,8,0.16,25,9,primary_common,primary_common__r01_f01,1,1,max_depth_random,max_depth,16,12,43.51273027077649,0.9135802469135802,optimized_primary,"1.23**2 * Matern(length_scale=2.03, nu=1.5)",1.5206678017251802,2.0330698965914866,False,0,101.421515,True,38.64583233085949,72.3388898594167,0.39121520901219425,0.7322930367698048,0.3314778424147298
0.8772727272727273,0.8,0.9545454545454546,0.8,0.8,0.07407407407407407,12,63,3,3,0.9525252525252526,0.7440806252570958,0.08517556419130196,0.2222222222222222,9,4,0.17647058823529413,17,8,0.16,25,9,primary_common,primary_common__r01_f01,1,1,max_depth_random,max_depth,17,12,40.302299589832366,0.8765432098765432,optimized_primary,"1.3**2 * Matern(length_scale=2.21, nu=1.5)",1.68419416352546,2.211896037189352,False,0,101.421515,True,38.17941657905461,71.61193999014094,0.3864936407388873,0.7249340583781554,0.34484659120244954
0.8772727272727273,0.8,0.9545454545454546,0.8,0.8,0.07407407407407407,12,63,3,3,0.9525252525252526,0.7452466977466977,0.08691170422058661,0.2222222222222222,9,4,0.17647058823529413,17,8,0.16,25,9,primary_common,primary_common__r01_f01,1,1,max_depth_random,max_depth,18,12,38.83157363476057,0.8395061728395061,optimized_primary,"1.31**2 * Matern(length_scale=2.22, nu=1.5)",1.7130637872921013,2.215140848251877,False,0,101.421515,True,38.620812592904414,72.65828089436543,0.39096193197239015,0.7355262607155165,0.32556148534944485
0.8772727272727273,0.8,0.9545454545454546,0.8,0.8,0.07407407407407407,12,63,3,3,0.9505050505050505,0.7418637039289213,0.08487866014874457,0.2222222222222222,9,4,0.17647058823529413,17,8,0.16,25,9,primary_common,primary_common__r01_f01,1,1,max_depth_random,max_depth,19,12,36.756419485440844,0.8148148148148148,optimized_primary,"1.38**2 * Matern(length_scale=2.43, nu=1.5)",1.8987688273404548,2.42525274348017,False,0,101.421515,True,38.47515910864262,72.46996497090943,0.3894874687547011,0.7336199218191399,0.3290529778796287
0.8772727272727273,0.8,0.9545454545454546,0.8,0.8,0.07407407407407407,12,63,3,3,0.9505050505050505,0.7418637039289213,0.08344135077917651,0.2222222222222222,9,4,0.17647058823529413,17,8,0.16,25,9,primary_common,primary_common__r01_f01,1,1,max_depth_random,max_depth,20,12,34.9795265986782,0.7530864197530864,optimized_primary,"1.42**2 * Matern(length_scale=2.54, nu=1.5)",2.0165022708950926,2.538583330846216,False,0,101.421515,True,38.471954328914784,72.3845940612302,0.38945502648355707,0.7327557044829007,0.3306328218769633
0.8772727272727273,0.8,0.9545454545454546,0.8,0.8,0.07407407407407407,12,63,3,3,0.9494949494949494,0.7382854182854183,0.0818029271603562,0.2222222222222222,9,4,0.17647058823529413,17,8,0.16,25,9,primary_common,primary_common__r01_f01,1,1,max_depth_random,max_depth,21,12,32.93648029445078,0.7407407407407407,optimized_primary,"1.48**2 * Matern(length_scale=2.66, nu=1.5)",2.1892153371900522,2.6628028650334965,False,0,103.427865,True,37.313623891006415,71.81216004532713,0.37772914410400604,0.7269609038622299,0.34117797873979394
0.8772727272727273,0.8,0.9545454545454546,0.8,0.8,0.07407407407407407,12,63,3,3,0.9494949494949494,0.7382854182854183,0.08134517663917375,0.2222222222222222,9,4,0.17647058823529413,17,8,0.16,25,9,primary_common,primary_common__r01_f01,1,1,max_depth_random,max_depth,22,12,31.860545126970514,0.7160493827160493,optimized_primary,"1.53**2 * Matern(length_scale=2.82, nu=1.5)",2.3427421364751138,2.8169559687449666,False,0,103.427865,True,37.15962732253952,71.64102193292901,0.3761702231004641,0.7252284574799501,0.3443143614447317
0.8287878787878787,0.7333333333333333,0.9242424242424242,0.6875,0.7096774193548387,0.1111111111111111,11,61,5,4,0.9383838383838383,0.7166110935847778,0.08927352181634488,0.4444444444444444,9,4,0.35294117647058826,17,8,0.28,25,9,primary_common,primary_common__r01_f01,1,1,max_depth_random,max_depth,23,12,31.665164947920886,0.7283950617283951,optimized_primary,"1.54**2 * Matern(length_scale=2.78, nu=1.5)",2.3592052230755596,2.775536033472063,False,0,103.427865,True,37.78301356319537,69.93472889863894,0.3824808176387207,0.707955500843102,0.3751756900079437
0.7954545454545454,0.6666666666666666,0.9242424242424242,0.6666666666666666,0.6666666666666666,0.12345679012345678,10,61,5,5,0.9373737373737374,0.7110555380292223,0.08673456219536628,0.4444444444444444,9,4,0.4117647058823529,17,8,0.32,25,9,primary_common,primary_common__r01_f01,1,1,max_depth_random,max_depth,24,12,30.486656754811634,0.6419753086419753,optimized_primary,"1.6**2 * Matern(length_scale=2.91, nu=1.5)",2.5549477379534857,2.913953981022733,False,0,104.965995,True,37.70384821933696,69.65013646783918,0.3816794197990019,0.7050745462722332,0.38025066380248396
0.803030303030303,0.6666666666666666,0.9393939393939394,0.7142857142857143,0.6896551724137931,0.1111111111111111,10,62,4,5,0.9424242424242424,0.728371870195152,0.08364988883459279,0.3333333333333333,9,4,0.35294117647058826,17,8,0.28,25,9,primary_common,primary_common__r01_f01,1,1,max_depth_random,max_depth,25,12,29.927417861596048,0.6296296296296297,optimized_primary,"1.62**2 * Matern(length_scale=2.94, nu=1.5)",2.629705505935099,2.9398957748916956,False,0,104.965995,True,37.254997982017905,69.21630686778032,0.37713566879618726,0.7006828505206792,0.38794708132713773
0.8363636363636364,0.7333333333333333,0.9393939393939394,0.7333333333333333,0.7333333333333333,0.09876543209876543,11,62,4,4,0.9434343434343434,0.7363083781316601,0.08178365691116561,0.3333333333333333,9,4,0.29411764705882354,17,8,0.24,25,9,primary_common,primary_common__r01_f01,1,1,max_depth_random,max_depth,26,12,28.679282522182696,0.5925925925925926,optimized_primary,"1.64**2 * Matern(length_scale=3.01, nu=1.5)",2.673452483853977,3.01003751976909,False,0,104.965995,True,36.89081917711621,68.98444928428587,0.37344905425887626,0.6983357355145571,0.39204066669212956
0.8363636363636364,0.7333333333333333,0.9393939393939394,0.7333333333333333,0.7333333333333333,0.09876543209876543,11,62,4,4,0.9555555555555556,0.7767725629490335,0.07291552871921483,0.3333333333333333,9,4,0.29411764705882354,17,8,0.24,25,9,primary_common,primary_common__r01_f01,1,1,max_depth_random,max_depth,27,12,30.414956301548386,0.6296296296296297,optimized_primary,"1.46**2 * Matern(length_scale=2.49, nu=1.5)",2.136533525054775,2.49475201877922,False,0,104.965995,True,34.7035361927898,68.10337459215643,0.35130699343958377,0.6894165377887642,0.40747129948030947
0.8363636363636364,0.7333333333333333,0.9393939393939394,0.7333333333333333,0.7333333333333333,0.09876543209876543,11,62,4,4,0.9565656565656566,0.7787927649692356,0.07181221349333868,0.3333333333333333,9,4,0.29411764705882354,17,8,0.24,25,9,primary_common,primary_common__r01_f01,1,1,max_depth_random,max_depth,28,12,29.36484640102254,0.5925925925925926,optimized_primary,"1.54**2 * Matern(length_scale=2.65, nu=1.5)",2.3656462119014128,2.652782981898867,False,0,104.965995,True,34.44227538693431,67.49804569882633,0.34866222698988225,0.6832887393887243,0.41795773206621634
0.8363636363636364,0.7333333333333333,0.9393939393939394,0.7333333333333333,0.7333333333333333,0.09876543209876543,11,62,4,4,0.9555555555555555,0.7967582417582417,0.07154721004717343,0.3333333333333333,9,4,0.29411764705882354,17,8,0.24,25,9,primary_common,primary_common__r01_f01,1,1,max_depth_random,max_depth,29,12,28.475769375266125,0.5802469135802469,optimized_primary,"1.63**2 * Matern(length_scale=2.81, nu=1.5)",2.6425802814878323,2.814933553734047,False,0,104.965995,True,34.06433010161191,66.82728373961217,0.3448362531429039,0.6764985562242163,0.42946834541496626
0.8363636363636364,0.7333333333333333,0.9393939393939394,0.7333333333333333,0.7333333333333333,0.09876543209876543,11,62,4,4,0.9595959595959596,0.8048799348799349,0.06788918495672855,0.3333333333333333,9,4,0.29411764705882354,17,8,0.24,25,9,primary_common,primary_common__r01_f01,1,1,max_depth_random,max_depth,30,12,27.886033527080443,0.5555555555555556,optimized_primary,"1.62**2 * Matern(length_scale=2.78, nu=1.5)",2.6094726924489677,2.780841513979441,False,0,104.965995,True,33.57405599251976,66.5610113234195,0.33987316458992184,0.6738030567958908,0.43400583903691126
0.5333333333333333,0.06666666666666667,1.0,1.0,0.125,0.1728395061728395,1,66,0,14,0.9848484848484849,0.9018146124028477,0.10350648722224946,0.3333333333333333,9,4,0.4117647058823529,17,8,0.32,25,9,primary_common,primary_common__r01_f01,1,1,max_depth_straddle,max_depth,12,12,23.553689561197697,0.8395061728395061,optimized_primary,"1.03**2 * Matern(length_scale=1.19, nu=1.5)",1.062903151902334,1.1862208250102675,False,0,101.421515,True,44.416697984165005,86.22598420717941,0.44963419694886836,0.8728733319830048,0.050164390452491325
0.7257575757575758,0.4666666666666667,0.9848484848484849,0.875,0.6086956521739131,0.1111111111111111,7,65,1,8,0.9797979797979799,0.9056131453112877,0.13675683668105007,0.2222222222222222,9,4,0.29411764705882354,17,8,0.24,25,9,primary_common,primary_common__r01_f01,1,1,max_depth_straddle,max_depth,13,12,62.401746339047044,1.0,optimized_primary,"1**2 * Matern(length_scale=0.846, nu=1.5)",1.0042019742328876,0.8464741880121862,False,0,101.421515,True,45.12360574892098,78.84099671375566,0.45679028732812815,0.7981144446324225,0.20589791017370984
0.9363636363636364,0.9333333333333333,0.9393939393939394,0.7777777777777778,0.8484848484848485,0.06172839506172839,14,62,4,1,0.9919191919191919,0.9717460317460317,0.08269532717246478,0.3333333333333333,9,4,0.17647058823529413,17,8,0.2,25,9,primary_common,primary_common__r01_f01,1,1,max_depth_straddle,max_depth,14,12,56.00204521431761,0.9135802469135802,optimized_primary,"1.19**2 * Matern(length_scale=2.17, nu=1.5)",1.4231815882743106,2.170901704812441,False,0,101.421515,True,25.59632681685658,45.0091335491975,0.25911390030031406,0.4556314750360936,0.7411945413445225
0.906060606060606,0.9333333333333333,0.8787878787878788,0.6363636363636364,0.7567567567567568,0.1111111111111111,14,58,8,1,0.9878787878787879,0.9641269841269842,0.09154790276896983,0.3333333333333333,9,4,0.17647058823529413,17,8,0.2,25,9,primary_common,primary_common__r01_f01,1,1,max_depth_straddle,max_depth,15,12,55.90942306343646,0.9135802469135802,optimized_primary,"1.18**2 * Matern(length_scale=2.19, nu=1.5)",1.3888875285231306,2.1894594581140634,False,0,101.421515,True,25.726379754887823,45.66123243714014,0.260430437796491,0.46223273026483375,0.7336409940073989
0.9287878787878787,0.9333333333333333,0.9242424242424242,0.7368421052631579,0.8235294117647058,0.07407407407407407,14,61,5,1,0.990909090909091,0.9695815295815295,0.06657542870637032,0.3333333333333333,9,4,0.17647058823529413,17,8,0.12,25,9,primary_common,primary_common__r01_f01,1,1,max_depth_straddle,max_depth,16,12,50.991929359246704,0.9012345679012346,optimized_primary,"1.18**2 * Matern(length_scale=2.18, nu=1.5)",1.3854521742289532,2.1847928983665517,False,0,101.421515,True,21.08087997070871,42.71774332783276,0.21340362896819434,0.43243552736688295,0.7668750635543875
0.9287878787878787,0.9333333333333333,0.9242424242424242,0.7368421052631579,0.8235294117647058,0.07407407407407407,14,61,5,1,0.9919191919191919,0.9717460317460317,0.061078244330742076,0.3333333333333333,9,4,0.17647058823529413,17,8,0.12,25,9,primary_common,primary_common__r01_f01,1,1,max_depth_straddle,max_depth,17,12,48.468745001605555,0.9012345679012346,optimized_primary,"1.18**2 * Matern(length_scale=2.22, nu=1.5)",1.403153915402812,2.218918959805022,False,0,101.421515,True,21.253183382797754,42.757960543990386,0.21514787178322367,0.4328426498345864,0.7664358994674413
0.9590909090909091,0.9333333333333333,0.9848484848484849,0.9333333333333333,0.9333333333333333,0.024691358024691357,14,65,1,1,0.990909090909091,0.9723671497584541,0.040644277001545076,0.2222222222222222,9,4,0.11764705882352941,17,8,0.08,25,9,primary_common,primary_common__r01_f01,1,1,max_depth_straddle,max_depth,18,12,45.425775189819504,0.8765432098765432,optimized_primary,"1.2**2 * Matern(length_scale=2.27, nu=1.5)",1.436709183840009,2.266466570682771,False,0,113.74000000000001,True,21.131635406659946,42.36220824843963,0.21391743077518277,0.4288364140341657,0.7707394612853328
0.9590909090909091,0.9333333333333333,0.9848484848484849,0.9333333333333333,0.9333333333333333,0.024691358024691357,14,65,1,1,0.9939393939393939,0.9788888888888888,0.033306659771183474,0.2222222222222222,9,4,0.11764705882352941,17,8,0.08,25,9,primary_common,primary_common__r01_f01,1,1,max_depth_straddle,max_depth,19,12,43.039034785288806,0.8765432098765432,optimized_primary,"1.22**2 * Matern(length_scale=2.33, nu=1.5)",1.499676455156876,2.328542440233149,False,0,113.74000000000001,True,20.698452974872712,42.19424627980033,0.2095322863657886,0.42713612003856066,0.7725538479604571
0.9590909090909091,0.9333333333333333,0.9848484848484849,0.9333333333333333,0.9333333333333333,0.024691358024691357,14,65,1,1,0.9868686868686869,0.965925925925926,0.03632227170070168,0.2222222222222222,9,4,0.11764705882352941,17,8,0.08,25,9,primary_common,primary_common__r01_f01,1,1,max_depth_straddle,max_depth,20,12,42.141605977014784,0.8518518518518519,optimized_primary,"1.24**2 * Matern(length_scale=2.34, nu=1.5)",1.5318965792408343,2.3377404362958343,False,0,113.74000000000001,True,22.28563611293782,42.31313716369075,0.2255994828951009,0.4283396630646916,0.7712702904335436
0.9515151515151515,0.9333333333333333,0.9696969696969697,0.875,0.9032258064516129,0.037037037037037035,14,64,2,1,0.9818181818181818,0.9495926487305797,0.04052411622494832,0.3333333333333333,9,4,0.17647058823529413,17,8,0.12,25,9,primary_common,primary_common__r01_f01,1,1,max_depth_straddle,max_depth,21,12,39.51536107842095,0.7777777777777778,optimized_primary,"1.3**2 * Matern(length_scale=2.52, nu=1.5)",1.6873863285925017,2.516009222557604,False,0,113.74000000000001,True,22.983265592075753,42.82062583787813,0.23266164836115766,0.43347701619617024,0.765750783142451
0.9515151515151515,0.9333333333333333,0.9696969696969697,0.875,0.9032258064516129,0.037037037037037035,14,64,2,1,0.9828282828282828,0.9547208538587848,0.03952576458728801,0.3333333333333333,9,4,0.17647058823529413,17,8,0.12,25,9,primary_common,primary_common__r01_f01,1,1,max_depth_straddle,max_depth,22,12,37.682776017042414,0.7407407407407407,optimized_primary,"1.34**2 * Matern(length_scale=2.64, nu=1.5)",1.8001497530849933,2.6388422220610637,False,0,113.74000000000001,True,23.085936276378195,42.91018825086014,0.23370099285954826,0.43438366449434684,0.764769860271769
0.9515151515151515,0.9333333333333333,0.9696969696969697,0.875,0.9032258064516129,0.037037037037037035,14,64,2,1,0.9848484848484849,0.9607142857142856,0.040968929075599715,0.3333333333333333,9,4,0.17647058823529413,17,8,0.12,25,9,primary_common,primary_common__r01_f01,1,1,max_depth_straddle,max_depth,23,12,38.204606891155805,0.7530864197530864,optimized_primary,"1.34**2 * Matern(length_scale=2.56, nu=1.5)",1.7954542048901736,2.56254345884955,False,0,113.74000000000001,True,23.259109057922565,41.792504370690736,0.23545403637914677,0.4230692508456369,0.7768643717390087
0.9515151515151515,0.9333333333333333,0.9696969696969697,0.875,0.9032258064516129,0.037037037037037035,14,64,2,1,0.9868686868686869,0.9634615384615384,0.03940947783222228,0.3333333333333333,9,4,0.17647058823529413,17,8,0.12,25,9,primary_common,primary_common__r01_f01,1,1,max_depth_straddle,max_depth,24,12,36.7668832275929,0.7037037037037037,optimized_primary,"1.41**2 * Matern(length_scale=2.72, nu=1.5)",1.9893396634068898,2.7243320391463723,False,0,113.74000000000001,True,23.81844142112748,41.930664953123205,0.24111620780050763,0.424467862749524,0.7753866184235723
0.9363636363636364,0.9333333333333333,0.9393939393939394,0.7777777777777778,0.8484848484848485,0.06172839506172839,14,62,4,1,0.9727272727272727,0.9448343079922028,0.05421555580087295,0.3333333333333333,9,4,0.17647058823529413,17,8,0.12,25,9,primary_common,primary_common__r01_f01,1,1,max_depth_straddle,max_depth,25,12,41.243928541725325,0.7777777777777778,optimized_primary,"1.37**2 * Matern(length_scale=2.58, nu=1.5)",1.89017993173997,2.577802134279779,False,0,113.74000000000001,True,24.51448188798093,42.47925577761563,0.24816228755342265,0.4300212966160421,0.7694708092184354
0.9363636363636364,0.9333333333333333,0.9393939393939394,0.7777777777777778,0.8484848484848485,0.06172839506172839,14,62,4,1,0.9737373737373738,0.9455455455455455,0.04899734830845918,0.3333333333333333,9,4,0.17647058823529413,17,8,0.12,25,9,primary_common,primary_common__r01_f01,1,1,max_depth_straddle,max_depth,26,12,40.15665413618531,0.7654320987654321,optimized_primary,"1.39**2 * Matern(length_scale=2.6, nu=1.5)",1.9390688658837607,2.600294766275199,False,0,113.74000000000001,True,24.536454680337084,42.6548501486548,0.24838472009105309,0.4317988541021724,0.7675610162230354
0.9363636363636364,0.9333333333333333,0.9393939393939394,0.7777777777777778,0.8484848484848485,0.06172839506172839,14,62,4,1,0.9737373737373738,0.9455455455455455,0.047635239527237735,0.3333333333333333,9,4,0.17647058823529413,17,8,0.12,25,9,primary_common,primary_common__r01_f01,1,1,max_depth_straddle,max_depth,27,12,38.463996332199294,0.7530864197530864,optimized_primary,"1.45**2 * Matern(length_scale=2.74, nu=1.5)",2.1160376392290146,2.7397441203617663,False,0,113.74000000000001,True,25.323283208644092,43.99045025276988,0.25634985549098555,0.4453192531303195,0.7527769607684955
0.9363636363636364,0.9333333333333333,0.9393939393939394,0.7777777777777778,0.8484848484848485,0.06172839506172839,14,62,4,1,0.9717171717171718,0.9465686274509804,0.04693681871872078,0.3333333333333333,9,4,0.17647058823529413,17,8,0.12,25,9,primary_common,primary_common__r01_f01,1,1,max_depth_straddle,max_depth,28,12,37.27206805242076,0.7530864197530864,optimized_primary,"1.52**2 * Matern(length_scale=2.88, nu=1.5)",2.3154152253144984,2.875334306610261,False,0,113.74000000000001,True,26.097900563070297,44.41977519942314,0.2641913760881325,0.44966534787350315,0.747927865132137
0.9363636363636364,0.9333333333333333,0.9393939393939394,0.7777777777777778,0.8484848484848485,0.06172839506172839,14,62,4,1,0.9747474747474748,0.9485956544780074,0.045972263047248316,0.3333333333333333,9,4,0.17647058823529413,17,8,0.12,25,9,primary_common,primary_common__r01_f01,1,1,max_depth_straddle,max_depth,29,12,35.6238990657789,0.6790123456790124,optimized_primary,"1.52**2 * Matern(length_scale=2.93, nu=1.5)",2.3111033525326814,2.926285320991925,False,0,113.74000000000001,True,26.123608309064657,44.57904299641465,0.26445161789470845,0.45127762999374593,0.7461170073678692
0.9363636363636364,0.9333333333333333,0.9393939393939394,0.7777777777777778,0.8484848484848485,0.06172839506172839,14,62,4,1,0.9787878787878788,0.9544117647058823,0.041882594519441846,0.3333333333333333,9,4,0.17647058823529413,17,8,0.12,25,9,primary_common,primary_common__r01_f01,1,1,max_depth_straddle,max_depth,30,12,35.35814543409701,0.6790123456790124,optimized_primary,"1.62**2 * Matern(length_scale=3.09, nu=1.5)",2.635142249187759,3.0884454866363225,False,0,113.74000000000001,True,25.968346773048733,44.555056265869176,0.26287989151179597,0.45103481018012337,0.7463901484738156
0.5,0.0,1.0,0.0,0.0,0.18518518518518517,0,66,0,15,0.9777777777777779,0.9535714285714285,0.10843821581991536,0.4444444444444444,9,4,0.47058823529411764,17,8,0.36,25,9,primary_common,primary_common__r01_f01,1,1,binary_random,binary,12,12,0.5016659691318742,0.12345679012345678,optimized_primary,"2.02**2 * Matern(length_scale=5.04, nu=1.5)",4.063429153881161,5.040682696325268,False,0,,False,,,,,
0.5,0.0,1.0,0.0,0.0,0.18518518518518517,0,66,0,15,0.9777777777777779,0.9566666666666667,0.1077317589133931,0.4444444444444444,9,4,0.47058823529411764,17,8,0.36,25,9,primary_common,primary_common__r01_f01,1,1,binary_random,binary,13,12,0.4619603176658521,0.06172839506172839,optimized_primary,"2.05**2 * Matern(length_scale=5.83, nu=1.5)",4.218382201721734,5.831355866259906,False,0,,False,,,,,
0.5,0.0,1.0,0.0,0.0,0.18518518518518517,0,66,0,15,0.9777777777777779,0.9603603603603603,0.09784888438550822,0.4444444444444444,9,4,0.47058823529411764,17,8,0.36,25,9,primary_common,primary_common__r01_f01,1,1,binary_random,binary,14,12,0.45165564699657296,0.12345679012345678,optimized_primary,"2.3**2 * Matern(length_scale=5.21, nu=1.5)",5.288775541296404,5.209544665886155,False,0,,False,,,,,
0.5,0.0,1.0,0.0,0.0,0.18518518518518517,0,66,0,15,0.9787878787878789,0.961111111111111,0.08965693509202997,0.4444444444444444,9,4,0.47058823529411764,17,8,0.36,25,9,primary_common,primary_common__r01_f01,1,1,binary_random,binary,15,12,0.4487805435061071,0.14814814814814814,optimized_primary,"2.56**2 * Matern(length_scale=4.8, nu=1.5)",6.528671459210905,4.795439165929257,False,0,,False,,,,,
0.9333333333333333,0.8666666666666667,1.0,1.0,0.9285714285714286,0.024691358024691357,13,66,0,2,0.9868686868686868,0.9690476190476189,0.07155172962671194,0.2222222222222222,9,4,0.11764705882352941,17,8,0.08,25,9,primary_common,primary_common__r01_f01,1,1,binary_random,binary,16,12,0.4589067011711527,0.14814814814814814,optimized_primary,"3.5**2 * Matern(length_scale=4.03, nu=1.5)",12.24905629127159,4.0257912167961125,False,0,,False,,,,,
0.9333333333333333,0.8666666666666667,1.0,1.0,0.9285714285714286,0.024691358024691357,13,66,0,2,0.9868686868686868,0.9690476190476189,0.06477140119375373,0.2222222222222222,9,4,0.11764705882352941,17,8,0.08,25,9,primary_common,primary_common__r01_f01,1,1,binary_random,binary,17,12,0.43138776783213806,0.08641975308641975,optimized_primary,"4.17**2 * Matern(length_scale=4.15, nu=1.5)",17.351044039955806,4.154187691283133,False,0,,False,,,,,
0.9333333333333333,0.8666666666666667,1.0,1.0,0.9285714285714286,0.024691358024691357,13,66,0,2,0.9858585858585858,0.9678160919540229,0.061118449488259806,0.2222222222222222,9,4,0.11764705882352941,17,8,0.08,25,9,primary_common,primary_common__r01_f01,1,1,binary_random,binary,18,12,0.4150244261960154,0.04938271604938271,optimized_primary,"4.79**2 * Matern(length_scale=4.22, nu=1.5)",22.972088975093698,4.223332386400307,False,0,,False,,,,,
0.9333333333333333,0.8666666666666667,1.0,1.0,0.9285714285714286,0.024691358024691357,13,66,0,2,0.9858585858585858,0.9678160919540229,0.05980871552991557,0.2222222222222222,9,4,0.11764705882352941,17,8,0.08,25,9,primary_common,primary_common__r01_f01,1,1,binary_random,binary,19,12,0.4093842282812962,0.04938271604938271,optimized_primary,"5.06**2 * Matern(length_scale=4.28, nu=1.5)",25.618620629150385,4.276385010628109,False,0,,False,,,,,
0.9666666666666667,0.9333333333333333,1.0,1.0,0.9655172413793104,0.012345679012345678,14,66,0,1,0.9858585858585858,0.9678160919540229,0.05804686514895632,0.1111111111111111,9,4,0.058823529411764705,17,8,0.04,25,9,primary_common,primary_common__r01_f01,1,1,binary_random,binary,20,12,0.40159804575238334,0.04938271604938271,optimized_primary,"5.53**2 * Matern(length_scale=4.42, nu=1.5)",30.52786525482363,4.417336880413529,False,0,,False,,,,,
0.9666666666666667,0.9333333333333333,1.0,1.0,0.9655172413793104,0.012345679012345678,14,66,0,1,0.9858585858585858,0.9678160919540229,0.05701956901115505,0.1111111111111111,9,4,0.058823529411764705,17,8,0.04,25,9,primary_common,primary_common__r01_f01,1,1,binary_random,binary,21,12,0.3951545092446966,0.04938271604938271,optimized_primary,"6.08**2 * Matern(length_scale=4.39, nu=1.5)",37.00219722171433,4.3904248860824735,False,0,,False,,,,,
0.9666666666666667,0.9333333333333333,1.0,1.0,0.9655172413793104,0.012345679012345678,14,66,0,1,0.9858585858585858,0.9678160919540229,0.055614053192953636,0.1111111111111111,9,4,0.058823529411764705,17,8,0.04,25,9,primary_common,primary_common__r01_f01,1,1,binary_random,binary,22,12,0.3885528527825128,0.037037037037037035,optimized_primary,"6.52**2 * Matern(length_scale=4.61, nu=1.5)",42.44777384190976,4.6103198449295935,False,0,,False,,,,,
0.9590909090909091,0.9333333333333333,0.9848484848484849,0.9333333333333333,0.9333333333333333,0.024691358024691357,14,65,1,1,0.9777777777777779,0.9603603603603603,0.06077629657843461,0.1111111111111111,9,4,0.11764705882352941,17,8,0.08,25,9,primary_common,primary_common__r01_f01,1,1,binary_random,binary,23,12,0.40705359260736884,0.06172839506172839,optimized_primary,"8.8**2 * Matern(length_scale=4.56, nu=1.5)",77.49594633080127,4.5638639428043755,False,0,,False,,,,,
0.9590909090909091,0.9333333333333333,0.9848484848484849,0.9333333333333333,0.9333333333333333,0.024691358024691357,14,65,1,1,0.9747474747474747,0.9583333333333333,0.06125564487163933,0.1111111111111111,9,4,0.11764705882352941,17,8,0.08,25,9,primary_common,primary_common__r01_f01,1,1,binary_random,binary,24,12,0.40696471819425645,0.06172839506172839,optimized_primary,"9.55**2 * Matern(length_scale=4.63, nu=1.5)",91.1791835004228,4.632014744448568,False,0,,False,,,,,
0.9590909090909091,0.9333333333333333,0.9848484848484849,0.9333333333333333,0.9333333333333333,0.024691358024691357,14,65,1,1,0.9747474747474747,0.9583333333333333,0.061144722512410814,0.1111111111111111,9,4,0.11764705882352941,17,8,0.08,25,9,primary_common,primary_common__r01_f01,1,1,binary_random,binary,25,12,0.4056905299462735,0.06172839506172839,optimized_primary,"9.78**2 * Matern(length_scale=4.67, nu=1.5)",95.56257738912288,4.666988436299448,False,0,,False,,,,,
0.9590909090909091,0.9333333333333333,0.9848484848484849,0.9333333333333333,0.9333333333333333,0.024691358024691357,14,65,1,1,0.9747474747474747,0.9583333333333333,0.060289111684219805,0.1111111111111111,9,4,0.11764705882352941,17,8,0.08,25,9,primary_common,primary_common__r01_f01,1,1,binary_random,binary,26,12,0.40105381615710006,0.06172839506172839,optimized_primary,"10.4**2 * Matern(length_scale=4.88, nu=1.5)",107.2426754845933,4.878495139270291,False,0,,False,,,,,
0.9590909090909091,0.9333333333333333,0.9848484848484849,0.9333333333333333,0.9333333333333333,0.024691358024691357,14,65,1,1,0.9737373737373738,0.9577235772357723,0.05898272275467362,0.1111111111111111,9,4,0.11764705882352941,17,8,0.08,25,9,primary_common,primary_common__r01_f01,1,1,binary_random,binary,27,12,0.39284138524975853,0.06172839506172839,optimized_primary,"11**2 * Matern(length_scale=5.1, nu=1.5)",121.13271925077646,5.095826693320852,False,0,,False,,,,,
0.9590909090909091,0.9333333333333333,0.9848484848484849,0.9333333333333333,0.9333333333333333,0.024691358024691357,14,65,1,1,0.9737373737373738,0.9577235772357723,0.05893011884169421,0.1111111111111111,9,4,0.11764705882352941,17,8,0.08,25,9,primary_common,primary_common__r01_f01,1,1,binary_random,binary,28,12,0.39194014121185927,0.06172839506172839,optimized_primary,"11.1**2 * Matern(length_scale=5.09, nu=1.5)",122.89123624431235,5.092353915846333,False,0,,False,,,,,
0.9590909090909091,0.9333333333333333,0.9848484848484849,0.9333333333333333,0.9333333333333333,0.024691358024691357,14,65,1,1,0.9727272727272727,0.9571428571428571,0.05914013877933209,0.1111111111111111,9,4,0.11764705882352941,17,8,0.08,25,9,primary_common,primary_common__r01_f01,1,1,binary_random,binary,29,12,0.3916733608771954,0.06172839506172839,optimized_primary,"11.3**2 * Matern(length_scale=5.09, nu=1.5)",128.14702842841447,5.08566134623488,False,0,,False,,,,,
0.9590909090909091,0.9333333333333333,0.9848484848484849,0.9333333333333333,0.9333333333333333,0.024691358024691357,14,65,1,1,0.9747474747474747,0.9583333333333333,0.05285076087436256,0.1111111111111111,9,4,0.11764705882352941,17,8,0.08,25,9,primary_common,primary_common__r01_f01,1,1,binary_random,binary,30,12,0.36191325607280594,0.04938271604938271,optimized_primary,"12.6**2 * Matern(length_scale=5.93, nu=1.5)",159.94771757028323,5.926490363459357,False,0,,False,,,,,
0.5,0.0,1.0,0.0,0.0,0.18518518518518517,0,66,0,15,0.9777777777777779,0.9535714285714285,0.10843821581991536,0.4444444444444444,9,4,0.47058823529411764,17,8,0.36,25,9,primary_common,primary_common__r01_f01,1,1,binary_margin,binary,12,12,0.5016659691318742,0.12345679012345678,optimized_primary,"2.02**2 * Matern(length_scale=5.04, nu=1.5)",4.063429153881161,5.040682696325268,False,0,,False,,,,,
0.5,0.0,1.0,0.0,0.0,0.18518518518518517,0,66,0,15,0.9757575757575758,0.947089947089947,0.14698448140613898,0.4444444444444444,9,4,0.47058823529411764,17,8,0.36,25,9,primary_common,primary_common__r01_f01,1,1,binary_margin,binary,13,12,0.42616871531742934,0.0,optimized_primary,"1.69**2 * Matern(length_scale=23.2, nu=1.5)",2.847929647148805,23.188240831899716,False,0,,False,,,,,
0.5,0.0,1.0,0.0,0.0,0.18518518518518517,0,66,0,15,0.9797979797979799,0.9583006535947712,0.1121453294106235,0.4444444444444444,9,4,0.47058823529411764,17,8,0.36,25,9,primary_common,primary_common__r01_f01,1,1,binary_margin,binary,14,12,0.5127244247460042,0.1111111111111111,optimized_primary,"1.81**2 * Matern(length_scale=5.27, nu=1.5)",3.2832066046368946,5.27295938235892,False,0,,False,,,,,
0.7666666666666666,0.5333333333333333,1.0,1.0,0.6956521739130435,0.08641975308641975,8,66,0,7,0.9848484848484849,0.9666666666666666,0.09127309758271801,0.3333333333333333,9,4,0.35294117647058826,17,8,0.24,25,9,primary_common,primary_common__r01_f01,1,1,binary_margin,binary,15,12,0.5229313433629079,0.14814814814814814,optimized_primary,"2.29**2 * Matern(length_scale=4.26, nu=1.5)",5.254787605203483,4.261287672583448,False,0,,False,,,,,
0.9333333333333333,0.8666666666666667,1.0,1.0,0.9285714285714286,0.024691358024691357,13,66,0,2,0.9808080808080808,0.9627450980392156,0.07435997229100519,0.2222222222222222,9,4,0.11764705882352941,17,8,0.08,25,9,primary_common,primary_common__r01_f01,1,1,binary_margin,binary,16,12,0.48684861086400205,0.09876543209876543,optimized_primary,"2.81**2 * Matern(length_scale=4.2, nu=1.5)",7.892803281862043,4.198946769547595,False,0,,False,,,,,
0.9666666666666667,0.9333333333333333,1.0,1.0,0.9655172413793104,0.012345679012345678,14,66,0,1,0.9777777777777779,0.9603603603603603,0.06818648593606287,0.1111111111111111,9,4,0.058823529411764705,17,8,0.04,25,9,primary_common,primary_common__r01_f01,1,1,binary_margin,binary,17,12,0.4666915921527249,0.07407407407407407,optimized_primary,"3.58**2 * Matern(length_scale=4.02, nu=1.5)",12.825138279526879,4.024922514308724,False,0,,False,,,,,
0.9666666666666667,0.9333333333333333,1.0,1.0,0.9655172413793104,0.012345679012345678,14,66,0,1,0.9878787878787878,0.9703703703703703,0.066524323542693,0.1111111111111111,9,4,0.058823529411764705,17,8,0.04,25,9,primary_common,primary_common__r01_f01,1,1,binary_margin,binary,18,12,0.4678895325967637,0.037037037037037035,optimized_primary,"3.74**2 * Matern(length_scale=4.05, nu=1.5)",13.988756839249092,4.047400880149171,False,0,,False,,,,,
0.9,0.8,1.0,1.0,0.8888888888888888,0.037037037037037035,12,66,0,3,0.990909090909091,0.975,0.07307069086642887,0.2222222222222222,9,4,0.17647058823529413,17,8,0.12,25,9,primary_common,primary_common__r01_f01,1,1,binary_margin,binary,19,12,0.4791758916077835,0.09876543209876543,optimized_primary,"3.63**2 * Matern(length_scale=3.98, nu=1.5)",13.17538605137098,3.9847301486257556,False,0,,False,,,,,
0.8924242424242425,0.8,0.9848484848484849,0.9230769230769231,0.8571428571428571,0.04938271604938271,12,65,1,3,0.9858585858585859,0.9531078904991949,0.08014884833668451,0.3333333333333333,9,4,0.23529411764705882,17,8,0.16,25,9,primary_common,primary_common__r01_f01,1,1,binary_margin,binary,20,12,0.5008577501564838,0.12345679012345678,optimized_primary,"3.75**2 * Matern(length_scale=3.86, nu=1.5)",14.04987063504991,3.86172941064032,False,0,,False,,,,,
0.8924242424242425,0.8,0.9848484848484849,0.9230769230769231,0.8571428571428571,0.04938271604938271,12,65,1,3,0.9888888888888889,0.962261268143621,0.08129767924425783,0.3333333333333333,9,4,0.23529411764705882,17,8,0.16,25,9,primary_common,primary_common__r01_f01,1,1,binary_margin,binary,21,12,0.5102734869872272,0.12345679012345678,optimized_primary,"3.67**2 * Matern(length_scale=3.9, nu=1.5)",13.469759564926452,3.903422458700423,False,0,,False,,,,,
0.8924242424242425,0.8,0.9848484848484849,0.9230769230769231,0.8571428571428571,0.04938271604938271,12,65,1,3,0.9848484848484849,0.9537566137566138,0.08633940567589747,0.3333333333333333,9,4,0.23529411764705882,17,8,0.16,25,9,primary_common,primary_common__r01_f01,1,1,binary_margin,binary,22,12,0.526577044688869,0.14814814814814814,optimized_primary,"3.42**2 * Matern(length_scale=3.72, nu=1.5)",11.698332609356783,3.718824997934449,False,0,,False,,,,,
0.8924242424242425,0.8,0.9848484848484849,0.9230769230769231,0.8571428571428571,0.04938271604938271,12,65,1,3,0.9818181818181818,0.9563850486431131,0.08141597733545249,0.3333333333333333,9,4,0.23529411764705882,17,8,0.16,25,9,primary_common,primary_common__r01_f01,1,1,binary_margin,binary,23,12,0.503933829675387,0.12345679012345678,optimized_primary,"3.48**2 * Matern(length_scale=3.7, nu=1.5)",12.133347200343152,3.6973164329877477,False,0,,False,,,,,
0.8848484848484849,0.8,0.9696969696969697,0.8571428571428571,0.8275862068965517,0.06172839506172839,12,64,2,3,0.9747474747474748,0.9390413943355119,0.08581964694458766,0.3333333333333333,9,4,0.29411764705882354,17,8,0.2,25,9,primary_common,primary_common__r01_f01,1,1,binary_margin,binary,24,12,0.5159190969848904,0.13580246913580246,optimized_primary,"3.63**2 * Matern(length_scale=3.66, nu=1.5)",13.186644349021167,3.6577965669811676,False,0,,False,,,,,
0.8924242424242425,0.8,0.9848484848484849,0.9230769230769231,0.8571428571428571,0.04938271604938271,12,65,1,3,0.9787878787878788,0.942962962962963,0.09028771369254579,0.3333333333333333,9,4,0.23529411764705882,17,8,0.16,25,9,primary_common,primary_common__r01_f01,1,1,binary_margin,binary,25,12,0.5388840298465399,0.13580246913580246,optimized_primary,"3.4**2 * Matern(length_scale=3.6, nu=1.5)",11.535298249803493,3.6008847221059264,False,0,,False,,,,,
0.8924242424242425,0.8,0.9848484848484849,0.9230769230769231,0.8571428571428571,0.04938271604938271,12,65,1,3,0.9848484848484849,0.9598412698412698,0.08123260817294041,0.3333333333333333,9,4,0.23529411764705882,17,8,0.16,25,9,primary_common,primary_common__r01_f01,1,1,binary_margin,binary,26,12,0.5096734231651961,0.12345679012345678,optimized_primary,"3.47**2 * Matern(length_scale=3.89, nu=1.5)",12.048989946450268,3.8920178050047527,False,0,,False,,,,,
0.9590909090909091,0.9333333333333333,0.9848484848484849,0.9333333333333333,0.9333333333333333,0.024691358024691357,14,65,1,1,0.9888888888888889,0.9717948717948717,0.07693750065960246,0.2222222222222222,9,4,0.11764705882352941,17,8,0.08,25,9,primary_common,primary_common__r01_f01,1,1,binary_margin,binary,27,12,0.5038633240588375,0.09876543209876543,optimized_primary,"3.3**2 * Matern(length_scale=4.12, nu=1.5)",10.88725055327933,4.12315522402647,False,0,,False,,,,,
0.9590909090909091,0.9333333333333333,0.9848484848484849,0.9333333333333333,0.9333333333333333,0.024691358024691357,14,65,1,1,0.9888888888888889,0.9717948717948717,0.07456296294613678,0.2222222222222222,9,4,0.11764705882352941,17,8,0.08,25,9,primary_common,primary_common__r01_f01,1,1,binary_margin,binary,28,12,0.49890013370594893,0.09876543209876543,optimized_primary,"3.2**2 * Matern(length_scale=4.39, nu=1.5)",10.25131881341904,4.392897129935283,False,0,,False,,,,,
0.9666666666666667,0.9333333333333333,1.0,1.0,0.9655172413793104,0.012345679012345678,14,66,0,1,0.9848484848484849,0.9666666666666666,0.06805811371167333,0.1111111111111111,9,4,0.058823529411764705,17,8,0.04,25,9,primary_common,primary_common__r01_f01,1,1,binary_margin,binary,29,12,0.47072539486316933,0.06172839506172839,optimized_primary,"3.28**2 * Matern(length_scale=4.45, nu=1.5)",10.744093936784727,4.446788617566535,False,0,,False,,,,,
0.9666666666666667,0.9333333333333333,1.0,1.0,0.9655172413793104,0.012345679012345678,14,66,0,1,0.9838383838383838,0.9655913978494624,0.06270232389856431,0.1111111111111111,9,4,0.058823529411764705,17,8,0.04,25,9,primary_common,primary_common__r01_f01,1,1,binary_margin,binary,30,12,0.44511831398078017,0.024691358024691357,optimized_primary,"3.38**2 * Matern(length_scale=4.6, nu=1.5)",11.43021343080163,4.601708944443338,False,0,,False,,,,,
0.843939393939394,0.7333333333333333,0.9545454545454546,0.7857142857142857,0.7586206896551724,0.08641975308641975,11,63,3,4,0.9676767676767677,0.8390523981236055,0.07043460773846609,0.3333333333333333,9,4,0.29411764705882354,17,5,0.28,25,7,primary_common,primary_common__r01_f02,1,2,max_depth_random,max_depth,12,12,42.09170389093971,0.7901234567901234,optimized_primary,"1.06**2 * Matern(length_scale=1.75, nu=1.5)",1.122542347813995,1.748510204511634,False,0,123.267525,True,30.255505480421313,49.5218544687744,0.3202620485088761,0.5242011431073693,0.6024032448332135
0.8954545454545455,0.8666666666666667,0.9242424242424242,0.7222222222222222,0.7878787878787878,0.08641975308641975,13,61,5,2,0.9616161616161616,0.8608127819892526,0.08709287070226791,0.3333333333333333,9,4,0.29411764705882354,17,5,0.28,25,7,primary_common,primary_common__r01_f02,1,2,max_depth_random,max_depth,13,12,46.68303505549269,0.7777777777777778,optimized_primary,"1.1**2 * Matern(length_scale=2.2, nu=1.5)",1.2069834169199911,2.2016349877772536,False,0,123.267525,True,29.720222735015543,43.73493758430451,0.31459594755128206,0.46294518897464987,0.6898969380737388
0.8954545454545455,0.8666666666666667,0.9242424242424242,0.7222222222222222,0.7878787878787878,0.08641975308641975,13,61,5,2,0.9616161616161616,0.8608127819892526,0.08412908879334301,0.3333333333333333,9,4,0.29411764705882354,17,5,0.28,25,7,primary_common,primary_common__r01_f02,1,2,max_depth_random,max_depth,14,12,44.47209615861448,0.7160493827160493,optimized_primary,"1.15**2 * Matern(length_scale=2.35, nu=1.5)",1.3115455002138785,2.352303453046414,False,0,123.267525,True,29.44471685395826,43.220125638307465,0.31167964929605224,0.4574957765188392,0.6971545296334024
0.8727272727272728,0.8666666666666667,0.8787878787878788,0.6190476190476191,0.7222222222222222,0.12345679012345678,13,58,8,2,0.9575757575757575,0.8535645835645835,0.11011913733505077,0.3333333333333333,9,4,0.29411764705882354,17,5,0.32,25,7,primary_common,primary_common__r01_f02,1,2,max_depth_random,max_depth,15,12,42.451423400483414,0.7283950617283951,optimized_primary,"1.22**2 * Matern(length_scale=2.52, nu=1.5)",1.4833474154426378,2.5226395459152005,False,0,111.38377499999999,True,29.60441086895332,42.04282257854979,0.31337005015251856,0.44503373089617554,0.7134286547522655
0.8651515151515152,0.8666666666666667,0.8636363636363636,0.5909090909090909,0.7027027027027027,0.13580246913580246,13,57,9,2,0.9555555555555555,0.8509122975789641,0.10903726729152989,0.3333333333333333,9,4,0.35294117647058826,17,5,0.36,25,7,primary_common,primary_common__r01_f02,1,2,max_depth_random,max_depth,16,12,40.02915071263274,0.691358024691358,optimized_primary,"1.21**2 * Matern(length_scale=2.52, nu=1.5)",1.4563020741663555,2.5212876894900096,False,0,111.38377499999999,True,29.314598359910118,42.227530515921366,0.3103023126827303,0.44698891034068194,0.7109051193339526
0.8651515151515152,0.8666666666666667,0.8636363636363636,0.5909090909090909,0.7027027027027027,0.13580246913580246,13,57,9,2,0.9585858585858585,0.855000481000481,0.10692281865645019,0.3333333333333333,9,4,0.35294117647058826,17,5,0.36,25,7,primary_common,primary_common__r01_f02,1,2,max_depth_random,max_depth,17,12,37.88522140606318,0.6049382716049383,optimized_primary,"1.26**2 * Matern(length_scale=2.69, nu=1.5)",1.5755728466564185,2.689025382123624,False,0,111.38377499999999,True,28.89207836476368,41.63322181374585,0.3058298334749668,0.44069800495394,0.7189852777602438
0.8803030303030304,0.8666666666666667,0.8939393939393939,0.65,0.7428571428571429,0.1111111111111111,13,59,7,2,0.9595959595959596,0.8514249824249824,0.09666502901019129,0.3333333333333333,9,4,0.35294117647058826,17,5,0.36,25,7,primary_common,primary_common__r01_f02,1,2,max_depth_random,max_depth,18,12,36.4016562164397,0.5802469135802469,optimized_primary,"1.3**2 * Matern(length_scale=2.81, nu=1.5)",1.6857334217731386,2.8057670759090825,False,0,111.38377499999999,True,27.046080766859035,39.79405068957691,0.28628948989584596,0.42122992129670694,0.7432648516123996
0.8878787878787879,0.8666666666666667,0.9090909090909091,0.6842105263157895,0.7647058823529411,0.09876543209876543,13,60,6,2,0.9646464646464646,0.8662098207750382,0.09280924197602063,0.3333333333333333,9,4,0.29411764705882354,17,5,0.32,25,7,primary_common,primary_common__r01_f02,1,2,max_depth_random,max_depth,19,12,35.22605173920093,0.5679012345679012,optimized_primary,"1.33**2 * Matern(length_scale=2.92, nu=1.5)",1.7619912575336065,2.916182116810147,False,0,111.38377499999999,True,26.283246701537347,38.73881364069005,0.27821470163655304,0.410059974750692,0.7567002485171193
0.8803030303030304,0.8666666666666667,0.8939393939393939,0.65,0.7428571428571429,0.1111111111111111,13,59,7,2,0.9787878787878788,0.9229256854256853,0.07532757927485788,0.3333333333333333,9,4,0.35294117647058826,17,5,0.36,25,7,primary_common,primary_common__r01_f02,1,2,max_depth_random,max_depth,20,12,38.421524667425395,0.5679012345679012,optimized_primary,"1.38**2 * Matern(length_scale=2.64, nu=1.5)",1.8942182435586925,2.643075795452541,False,0,111.38377499999999,True,24.891780934431278,34.52110097051334,0.26348569050528176,0.3654144374071915,0.8067950235648542
0.8878787878787879,0.8666666666666667,0.9090909090909091,0.6842105263157895,0.7647058823529411,0.09876543209876543,13,60,6,2,0.9787878787878788,0.9229256854256853,0.07409451512695595,0.3333333333333333,9,4,0.29411764705882354,17,5,0.32,25,7,primary_common,primary_common__r01_f02,1,2,max_depth_random,max_depth,21,12,38.49631997155539,0.6419753086419753,optimized_primary,"1.28**2 * Matern(length_scale=2.38, nu=1.5)",1.649176474787492,2.375622467295448,False,0,111.38377499999999,True,22.506450385655242,33.70236844133503,0.2382363735366341,0.3567479500088839,0.8158507830440894
0.8878787878787879,0.8666666666666667,0.9090909090909091,0.6842105263157895,0.7647058823529411,0.09876543209876543,13,60,6,2,0.9787878787878788,0.9229256854256854,0.07591009722278265,0.3333333333333333,9,4,0.29411764705882354,17,5,0.32,25,7,primary_common,primary_common__r01_f02,1,2,max_depth_random,max_depth,22,12,37.759681467890594,0.6790123456790124,optimized_primary,"1.01**2 * Matern(length_scale=2.16, nu=1.5)",1.0175658086669825,2.1609665868303023,False,0,111.38377499999999,True,23.65188366330634,35.46297857923994,0.2503610695913129,0.3753844460924082,0.7961083446795123
0.8878787878787879,0.8666666666666667,0.9090909090909091,0.6842105263157895,0.7647058823529411,0.09876543209876543,13,60,6,2,0.9787878787878788,0.9229256854256854,0.07416409736949783,0.3333333333333333,9,4,0.29411764705882354,17,5,0.32,25,7,primary_common,primary_common__r01_f02,1,2,max_depth_random,max_depth,23,12,36.42691476319826,0.6049382716049383,optimized_primary,"1**2 * Matern(length_scale=2.17, nu=1.5)",1.0095882990152922,2.168540820352436,False,0,111.38377499999999,True,23.223812611251887,35.32075956681845,0.24582983106591377,0.3738790224833236,0.7977404199533024
0.8878787878787879,0.8666666666666667,0.9090909090909091,0.6842105263157895,0.7647058823529411,0.09876543209876543,13,60,6,2,0.9787878787878788,0.9229256854256853,0.07369606394786417,0.3333333333333333,9,4,0.29411764705882354,17,5,0.32,25,7,primary_common,primary_common__r01_f02,1,2,max_depth_random,max_depth,24,12,35.24030628798046,0.5555555555555556,optimized_primary,"1.03**2 * Matern(length_scale=2.24, nu=1.5)",1.0508294909635394,2.2431439597205074,False,0,111.38377499999999,True,23.145547435444975,35.009162930783134,0.24500137471944655,0.37058069461272425,0.8012933113435031
0.9318181818181819,1.0,0.8636363636363636,0.625,0.7692307692307693,0.1111111111111111,15,57,9,0,0.9888888888888888,0.9610275689223058,0.08505918192270971,0.2222222222222222,9,4,0.29411764705882354,17,5,0.32,25,7,primary_common,primary_common__r01_f02,1,2,max_depth_random,max_depth,25,12,35.70590502594704,0.5555555555555556,optimized_primary,"1.16**2 * Matern(length_scale=2.68, nu=1.5)",1.3442327540008068,2.6842741539998194,False,0,111.38377499999999,True,21.537939259732173,28.905549558509026,0.2279844424494976,0.30597242941035896,0.8645398682444205
0.9318181818181819,1.0,0.8636363636363636,0.625,0.7692307692307693,0.1111111111111111,15,57,9,0,0.9888888888888888,0.9610275689223058,0.08393581308742011,0.2222222222222222,9,4,0.29411764705882354,17,5,0.32,25,7,primary_common,primary_common__r01_f02,1,2,max_depth_random,max_depth,26,12,34.465844212933,0.5432098765432098,optimized_primary,"1.17**2 * Matern(length_scale=2.72, nu=1.5)",1.3746743170652667,2.7182808980299056,False,0,111.38377499999999,True,20.64760504797833,27.99731712798332,0.21856003343744726,0.29635856330223576,0.872918636598121
0.9318181818181819,1.0,0.8636363636363636,0.625,0.7692307692307693,0.1111111111111111,15,57,9,0,0.9888888888888888,0.9610275689223058,0.08378286200466992,0.2222222222222222,9,4,0.29411764705882354,17,5,0.32,25,7,primary_common,primary_common__r01_f02,1,2,max_depth_random,max_depth,27,12,33.44453092169621,0.5185185185185185,optimized_primary,"1.21**2 * Matern(length_scale=2.82, nu=1.5)",1.4574082797660073,2.823649419558085,False,0,111.38377499999999,True,20.648440270973218,28.04397513786179,0.21856887448052542,0.29685244993826293,0.8724947171079132
0.9393939393939394,1.0,0.8787878787878788,0.6521739130434783,0.7894736842105263,0.09876543209876543,15,58,8,0,0.9888888888888888,0.9610275689223058,0.08165586840345168,0.1111111111111111,9,4,0.23529411764705882,17,5,0.28,25,7,primary_common,primary_common__r01_f02,1,2,max_depth_random,max_depth,28,12,33.17543414478294,0.5061728395061729,optimized_primary,"1.22**2 * Matern(length_scale=2.8, nu=1.5)",1.476512001473383,2.801305629089935,False,0,111.38377499999999,True,20.087032035532214,27.5129139122835,0.2126262287148337,0.2912310348177191,0.8772780603368409
0.9393939393939394,1.0,0.8787878787878788,0.6521739130434783,0.7894736842105263,0.09876543209876543,15,58,8,0,0.9878787878787878,0.9569005847953216,0.08166271135853381,0.1111111111111111,9,4,0.23529411764705882,17,5,0.28,25,7,primary_common,primary_common__r01_f02,1,2,max_depth_random,max_depth,29,12,32.18703543844022,0.48148148148148145,optimized_primary,"1.25**2 * Matern(length_scale=2.91, nu=1.5)",1.5722547753646963,2.9142176233462096,False,0,111.38377499999999,True,20.204733176370965,27.61697118667693,0.21387212455687285,0.29233250694090196,0.8763480054785003
0.8878787878787879,0.8666666666666667,0.9090909090909091,0.6842105263157895,0.7647058823529411,0.09876543209876543,13,60,6,2,0.9808080808080808,0.9385520759433803,0.07495422727036875,0.2222222222222222,9,4,0.29411764705882354,17,5,0.32,25,7,primary_common,primary_common__r01_f02,1,2,max_depth_random,max_depth,30,12,39.542824913168644,0.7407407407407407,optimized_primary,"1.11**2 * Matern(length_scale=2.09, nu=1.5)",1.2285429035021806,2.085098015358435,False,0,111.38377499999999,True,18.039771388663482,27.592155340059193,0.19095546571858918,0.29206982503401985,0.8765701261637608
0.843939393939394,0.7333333333333333,0.9545454545454546,0.7857142857142857,0.7586206896551724,0.08641975308641975,11,63,3,4,0.9676767676767677,0.8390523981236055,0.07043460773846609,0.3333333333333333,9,4,0.29411764705882354,17,5,0.28,25,7,primary_common,primary_common__r01_f02,1,2,max_depth_straddle,max_depth,12,12,42.09170389093971,0.7901234567901234,optimized_primary,"1.06**2 * Matern(length_scale=1.75, nu=1.5)",1.122542347813995,1.748510204511634,False,0,123.267525,True,30.255505480421313,49.5218544687744,0.3202620485088761,0.5242011431073693,0.6024032448332135
0.9212121212121211,0.9333333333333333,0.9090909090909091,0.7,0.8,0.08641975308641975,14,60,6,1,0.9808080808080808,0.9219868203691732,0.06296971150186424,0.2222222222222222,9,4,0.29411764705882354,17,5,0.28,25,7,primary_common,primary_common__r01_f02,1,2,max_depth_straddle,max_depth,13,12,42.86477953065822,0.691358024691358,optimized_primary,"1.22**2 * Matern(length_scale=2.71, nu=1.5)",1.4771667316640804,2.7106622268747937,False,0,123.267525,True,22.81875255488096,33.11725311635786,0.2415421696514839,0.3505543588057097,0.8221894001300791
0.8696969696969697,0.8,0.9393939393939394,0.75,0.7741935483870968,0.08641975308641975,12,62,4,3,0.9616161616161616,0.8837294803961471,0.06806986617057582,0.3333333333333333,9,4,0.29411764705882354,17,5,0.28,25,7,primary_common,primary_common__r01_f02,1,2,max_depth_straddle,max_depth,14,12,39.91809240565105,0.654320987654321,optimized_primary,"1.21**2 * Matern(length_scale=2.66, nu=1.5)",1.4706872308192178,2.656028586551266,False,0,123.267525,True,21.106155291818936,33.03042601682397,0.22341390178652076,0.34963527236767933,0.8231205486065226
0.8621212121212121,0.8,0.9242424242424242,0.7058823529411765,0.75,0.09876543209876543,12,61,5,3,0.9545454545454546,0.8708163866784557,0.07408810340616823,0.3333333333333333,9,4,0.35294117647058826,17,5,0.32,25,7,primary_common,primary_common__r01_f02,1,2,max_depth_straddle,max_depth,15,12,41.17568112776989,0.654320987654321,optimized_primary,"1.23**2 * Matern(length_scale=2.67, nu=1.5)",1.5193405476108317,2.672223642923318,False,0,123.267525,True,22.032539410947127,33.19776411748125,0.23321990803189893,0.35140658777157385,0.8213238023258285
0.8878787878787879,0.8666666666666667,0.9090909090909091,0.6842105263157895,0.7647058823529411,0.09876543209876543,13,60,6,2,0.9626262626262626,0.8999036882657572,0.07632088005409697,0.2222222222222222,9,4,0.29411764705882354,17,5,0.32,25,7,primary_common,primary_common__r01_f02,1,2,max_depth_straddle,max_depth,16,12,38.13128517708098,0.6419753086419753,optimized_primary,"1.27**2 * Matern(length_scale=2.79, nu=1.5)",1.6024277078418168,2.7933206048478536,False,0,123.267525,True,22.696780610160978,32.57133598922384,0.24025106628843118,0.34477569027329463,0.8280032750750973
0.8878787878787879,0.8666666666666667,0.9090909090909091,0.6842105263157895,0.7647058823529411,0.09876543209876543,13,60,6,2,0.9666666666666666,0.9046686338353005,0.07188573145807921,0.2222222222222222,9,4,0.29411764705882354,17,5,0.32,25,7,primary_common,primary_common__r01_f02,1,2,max_depth_straddle,max_depth,17,12,35.89669156887327,0.5679012345679012,optimized_primary,"1.32**2 * Matern(length_scale=2.97, nu=1.5)",1.7469860548066156,2.9650286629459797,False,0,126.9125,True,22.425781776335924,32.27543807711387,0.2373824762488269,0.3416435372989157,0.8311141267834172
0.8878787878787879,0.8666666666666667,0.9090909090909091,0.6842105263157895,0.7647058823529411,0.09876543209876543,13,60,6,2,0.9727272727272727,0.9255840455840456,0.06906979337564048,0.2222222222222222,9,4,0.29411764705882354,17,5,0.28,25,7,primary_common,primary_common__r01_f02,1,2,max_depth_straddle,max_depth,18,12,38.1869293685748,0.49382716049382713,optimized_primary,"1.5**2 * Matern(length_scale=3.36, nu=1.5)",2.252858708029656,3.36278015459061,False,0,126.9125,True,22.105463962516446,30.319640291944296,0.23399183254287081,0.3209409314358982,0.8509619631047093
0.8954545454545455,0.8666666666666667,0.9242424242424242,0.7222222222222222,0.7878787878787878,0.08641975308641975,13,61,5,2,0.9777777777777779,0.9356654456654456,0.06669364636613603,0.2222222222222222,9,4,0.29411764705882354,17,5,0.28,25,7,primary_common,primary_common__r01_f02,1,2,max_depth_straddle,max_depth,19,12,35.97899745334169,0.4444444444444444,optimized_primary,"1.6**2 * Matern(length_scale=3.62, nu=1.5)",2.572344119173615,3.6248337765108145,False,0,126.9125,True,23.288687221497643,31.07971332429018,0.24651654494636657,0.3289864934746143,0.8433959314264272
0.8727272727272728,0.8666666666666667,0.8787878787878788,0.6190476190476191,0.7222222222222222,0.12345679012345678,13,58,8,2,0.9808080808080808,0.9441511387163561,0.08316753768327834,0.2222222222222222,9,4,0.35294117647058826,17,5,0.36,25,7,primary_common,primary_common__r01_f02,1,2,max_depth_straddle,max_depth,20,12,34.51980964550559,0.5185185185185185,optimized_primary,"1.71**2 * Matern(length_scale=3.84, nu=1.5)",2.920287768099156,3.8429695599899136,False,0,112.9485,True,24.526085723318246,31.84585647685456,0.2596147157659328,0.3370963092451721,0.8355799032996896
0.8803030303030304,0.8666666666666667,0.8939393939393939,0.65,0.7428571428571429,0.1111111111111111,13,59,7,2,0.9818181818181818,0.9489130434782609,0.07673585009872567,0.2222222222222222,9,4,0.35294117647058826,17,5,0.32,25,7,primary_common,primary_common__r01_f02,1,2,max_depth_straddle,max_depth,21,12,32.84219980413127,0.4691358024691358,optimized_primary,"1.87**2 * Matern(length_scale=4.17, nu=1.5)",3.4912838696231607,4.1738038014361925,False,0,112.9485,True,23.86410834860942,31.50649670805837,0.2526075206546838,0.333504101711026,0.8390654598943147
0.8954545454545455,0.8666666666666667,0.9242424242424242,0.7222222222222222,0.7878787878787878,0.08641975308641975,13,61,5,2,0.9797979797979799,0.9457079152731327,0.07055978577835481,0.2222222222222222,9,4,0.29411764705882354,17,5,0.28,25,7,primary_common,primary_common__r01_f02,1,2,max_depth_straddle,max_depth,22,12,32.93587501168943,0.49382716049382713,optimized_primary,"1.87**2 * Matern(length_scale=4.06, nu=1.5)",3.5016288465817746,4.061823662870188,False,0,112.9485,True,23.41786731762811,31.094098718767253,0.24788394838439834,0.32913876645206686,0.8432509279869235
0.8954545454545455,0.8666666666666667,0.9242424242424242,0.7222222222222222,0.7878787878787878,0.08641975308641975,13,61,5,2,0.9787878787878788,0.9442834138486311,0.06563296651899493,0.2222222222222222,9,4,0.29411764705882354,17,5,0.28,25,7,primary_common,primary_common__r01_f02,1,2,max_depth_straddle,max_depth,23,12,31.436425736136115,0.4444444444444444,optimized_primary,"2.01**2 * Matern(length_scale=4.34, nu=1.5)",4.047471365848929,4.343924385702789,False,0,112.9485,True,24.428982218853456,32.16994760091094,0.2585868510264919,0.34052689437821526,0.8322163108087536
0.8954545454545455,0.8666666666666667,0.9242424242424242,0.7222222222222222,0.7878787878787878,0.08641975308641975,13,61,5,2,0.9818181818181818,0.9489130434782609,0.06432456834765099,0.2222222222222222,9,4,0.29411764705882354,17,5,0.28,25,7,primary_common,primary_common__r01_f02,1,2,max_depth_straddle,max_depth,24,12,30.09832767386,0.35802469135802467,optimized_primary,"2.07**2 * Matern(length_scale=4.5, nu=1.5)",4.273645855361392,4.502159175719495,False,0,112.9485,True,23.508883275597704,31.792801289712916,0.2488473749305257,0.336534706897163,0.8361272946042109
0.8954545454545455,0.8666666666666667,0.9242424242424242,0.7222222222222222,0.7878787878787878,0.08641975308641975,13,61,5,2,0.9818181818181818,0.9489130434782609,0.06399547008815311,0.2222222222222222,9,4,0.29411764705882354,17,5,0.28,25,7,primary_common,primary_common__r01_f02,1,2,max_depth_straddle,max_depth,25,12,29.063522437620442,0.35802469135802467,optimized_primary,"2.23**2 * Matern(length_scale=4.81, nu=1.5)",4.978201906811073,4.81010029006324,False,0,112.5759,True,23.849962377689117,32.46631649251433,0.25245778203511204,0.34366403278764057,0.8291106223012071
0.8954545454545455,0.8666666666666667,0.9242424242424242,0.7222222222222222,0.7878787878787878,0.08641975308641975,13,61,5,2,0.9818181818181818,0.9489130434782609,0.0633650497367583,0.2222222222222222,9,4,0.29411764705882354,17,5,0.28,25,7,primary_common,primary_common__r01_f02,1,2,max_depth_straddle,max_depth,26,12,28.272615116471474,0.345679012345679,optimized_primary,"2.28**2 * Matern(length_scale=4.89, nu=1.5)",5.181001780272725,4.892717406235786,False,0,112.5759,True,23.43262153027212,32.154636295756724,0.24804012539385414,0.34036482040601845,0.8323759862885822
0.8954545454545455,0.8666666666666667,0.9242424242424242,0.7222222222222222,0.7878787878787878,0.08641975308641975,13,61,5,2,0.9494949494949495,0.9155982905982905,0.06285706114645095,0.2222222222222222,9,4,0.29411764705882354,17,5,0.28,25,7,primary_common,primary_common__r01_f02,1,2,max_depth_straddle,max_depth,27,12,29.78310248088614,0.345679012345679,optimized_primary,"2.12**2 * Matern(length_scale=4.36, nu=1.5)",4.4796398772441925,4.355999726425322,False,0,112.5759,True,22.280473763242533,31.857157790630684,0.23584435479955354,0.33721593646155174,0.8354631852699184
0.8878787878787879,0.8666666666666667,0.9090909090909091,0.6842105263157895,0.7647058823529411,0.09876543209876543,13,60,6,2,0.9707070707070707,0.9338141025641025,0.06536900413497344,0.2222222222222222,9,4,0.35294117647058826,17,5,0.32,25,7,primary_common,primary_common__r01_f02,1,2,max_depth_straddle,max_depth,28,12,38.31431819225242,0.6790123456790124,optimized_primary,"1.42**2 * Matern(length_scale=2.56, nu=1.5)",2.0303317288455456,2.555077187483508,False,0,112.5759,True,21.209071037056802,28.154760969386274,0.224503290539752,0.29802514551172643,0.8714853252376542
0.8878787878787879,0.8666666666666667,0.9090909090909091,0.6842105263157895,0.7647058823529411,0.09876543209876543,13,60,6,2,0.9717171717171718,0.9352499999999999,0.06516924703634158,0.2222222222222222,9,4,0.35294117647058826,17,5,0.32,25,7,primary_common,primary_common__r01_f02,1,2,max_depth_straddle,max_depth,29,12,36.73096644658853,0.6419753086419753,optimized_primary,"1.4**2 * Matern(length_scale=2.55, nu=1.5)",1.9502606778652378,2.5549382224443105,False,0,112.5759,True,21.529494753119973,28.44603545876908,0.22789505524729006,0.30110835840692923,0.8688124787014511
0.8878787878787879,0.8666666666666667,0.9090909090909091,0.6842105263157895,0.7647058823529411,0.09876543209876543,13,60,6,2,0.9737373737373738,0.9370468611847922,0.06483343792972132,0.2222222222222222,9,4,0.35294117647058826,17,5,0.32,25,7,primary_common,primary_common__r01_f02,1,2,max_depth_straddle,max_depth,30,12,36.743656735965665,0.6049382716049383,optimized_primary,"1.34**2 * Matern(length_scale=2.38, nu=1.5)",1.7989199843451193,2.3783896811327607,False,0,112.5759,True,19.29831760351664,26.851974352743007,0.20427749033896092,0.28423482523807847,0.8831035076504006
0.7848484848484849,0.6,0.9696969696969697,0.8181818181818182,0.6923076923076923,0.09876543209876543,9,64,2,6,0.9676767676767677,0.8847380354797234,0.08505691773738826,0.3333333333333333,9,4,0.23529411764705882,17,5,0.24,25,7,primary_common,primary_common__r01_f02,1,2,binary_random,binary,12,12,0.46899758691723337,0.06172839506172839,optimized_primary,"9.15**2 * Matern(length_scale=4.37, nu=1.5)",83.79849862271888,4.369656743427171,False,0,,False,,,,,
0.8772727272727273,0.8,0.9545454545454546,0.8,0.8,0.07407407407407407,12,63,3,3,0.9707070707070707,0.9034052059052058,0.08286135028108928,0.2222222222222222,9,4,0.17647058823529413,17,5,0.2,25,7,primary_common,primary_common__r01_f02,1,2,binary_random,binary,13,12,0.4796364677586296,0.09876543209876543,optimized_primary,"10.2**2 * Matern(length_scale=4.6, nu=1.5)",103.8690620079457,4.597583278097214,False,0,,False,,,,,
0.8772727272727273,0.8,0.9545454545454546,0.8,0.8,0.07407407407407407,12,63,3,3,0.9707070707070707,0.9034052059052058,0.08254490036991817,0.2222222222222222,9,4,0.17647058823529413,17,5,0.2,25,7,primary_common,primary_common__r01_f02,1,2,binary_random,binary,14,12,0.4775764828534646,0.08641975308641975,optimized_primary,"10.4**2 * Matern(length_scale=4.61, nu=1.5)",108.11067880943988,4.612469091822622,False,0,,False,,,,,
0.9181818181818182,0.8666666666666667,0.9696969696969697,0.8666666666666667,0.8666666666666667,0.04938271604938271,13,64,2,2,0.9717171717171716,0.9125637325637326,0.09266955313097858,0.2222222222222222,9,4,0.17647058823529413,17,5,0.16,25,7,primary_common,primary_common__r01_f02,1,2,binary_random,binary,15,12,0.5399520299274494,0.09876543209876543,optimized_primary,"3.13**2 * Matern(length_scale=3.78, nu=1.5)",9.793631548708357,3.77915301358707,False,0,,False,,,,,
0.9181818181818182,0.8666666666666667,0.9696969696969697,0.8666666666666667,0.8666666666666667,0.04938271604938271,13,64,2,2,0.9777777777777777,0.9267893217893217,0.08787710445615643,0.2222222222222222,9,4,0.17647058823529413,17,5,0.16,25,7,primary_common,primary_common__r01_f02,1,2,binary_random,binary,16,12,0.5196425393722969,0.08641975308641975,optimized_primary,"3.56**2 * Matern(length_scale=4.09, nu=1.5)",12.671204982941788,4.08707065996857,False,0,,False,,,,,
0.9181818181818182,0.8666666666666667,0.9696969696969697,0.8666666666666667,0.8666666666666667,0.04938271604938271,13,64,2,2,0.9808080808080808,0.9371235045148089,0.08573620992696575,0.2222222222222222,9,4,0.17647058823529413,17,5,0.16,25,7,primary_common,primary_common__r01_f02,1,2,binary_random,binary,17,12,0.5107275807827278,0.07407407407407407,optimized_primary,"3.84**2 * Matern(length_scale=4.12, nu=1.5)",14.755920442284246,4.124314732949122,False,0,,False,,,,,
0.9181818181818182,0.8666666666666667,0.9696969696969697,0.8666666666666667,0.8666666666666667,0.04938271604938271,13,64,2,2,0.9818181818181818,0.9372389446302489,0.07740524757744983,0.2222222222222222,9,4,0.17647058823529413,17,5,0.16,25,7,primary_common,primary_common__r01_f02,1,2,binary_random,binary,18,12,0.4771481148111104,0.08641975308641975,optimized_primary,"4.06**2 * Matern(length_scale=4.4, nu=1.5)",16.444627358785937,4.395403378641271,False,0,,False,,,,,
0.9181818181818182,0.8666666666666667,0.9696969696969697,0.8666666666666667,0.8666666666666667,0.04938271604938271,13,64,2,2,0.9848484848484849,0.9438358717306086,0.07547722168543443,0.2222222222222222,9,4,0.17647058823529413,17,5,0.16,25,7,primary_common,primary_common__r01_f02,1,2,binary_random,binary,19,12,0.4686827168743955,0.07407407407407407,optimized_primary,"4.32**2 * Matern(length_scale=4.43, nu=1.5)",18.621367646189075,4.425079881631459,False,0,,False,,,,,
0.9181818181818182,0.8666666666666667,0.9696969696969697,0.8666666666666667,0.8666666666666667,0.04938271604938271,13,64,2,2,0.990909090909091,0.964310096508239,0.06699177642741554,0.2222222222222222,9,4,0.17647058823529413,17,5,0.16,25,7,primary_common,primary_common__r01_f02,1,2,binary_random,binary,20,12,0.4396017046515861,0.06172839506172839,optimized_primary,"4.37**2 * Matern(length_scale=4.67, nu=1.5)",19.134007771438107,4.669004093522601,False,0,,False,,,,,
0.9181818181818182,0.8666666666666667,0.9696969696969697,0.8666666666666667,0.8666666666666667,0.04938271604938271,13,64,2,2,0.992929292929293,0.9706654456654457,0.06447158023683007,0.2222222222222222,9,4,0.17647058823529413,17,5,0.16,25,7,primary_common,primary_common__r01_f02,1,2,binary_random,binary,21,12,0.4289143695302034,0.04938271604938271,optimized_primary,"4.71**2 * Matern(length_scale=4.73, nu=1.5)",22.15395772667302,4.726861475133391,False,0,,False,,,,,
0.9181818181818182,0.8666666666666667,0.9696969696969697,0.8666666666666667,0.8666666666666667,0.04938271604938271,13,64,2,2,0.994949494949495,0.9790616246498599,0.06233463748219118,0.2222222222222222,9,4,0.17647058823529413,17,5,0.16,25,7,primary_common,primary_common__r01_f02,1,2,binary_random,binary,22,12,0.41876071807108367,0.06172839506172839,optimized_primary,"5.5**2 * Matern(length_scale=4.89, nu=1.5)",30.210353642888013,4.888932020625485,False,0,,False,,,,,
0.9181818181818182,0.8666666666666667,0.9696969696969697,0.8666666666666667,0.8666666666666667,0.04938271604938271,13,64,2,2,0.994949494949495,0.9790616246498599,0.06051401809243318,0.2222222222222222,9,4,0.17647058823529413,17,5,0.16,25,7,primary_common,primary_common__r01_f02,1,2,binary_random,binary,23,12,0.40957953549679327,0.07407407407407407,optimized_primary,"6.13**2 * Matern(length_scale=5.32, nu=1.5)",37.622405586909196,5.315918044619638,False,0,,False,,,,,
0.9181818181818182,0.8666666666666667,0.9696969696969697,0.8666666666666667,0.8666666666666667,0.04938271604938271,13,64,2,2,0.994949494949495,0.9790616246498599,0.06017674417635131,0.2222222222222222,9,4,0.17647058823529413,17,5,0.16,25,7,primary_common,primary_common__r01_f02,1,2,binary_random,binary,24,12,0.40775885057697053,0.07407407407407407,optimized_primary,"6.3**2 * Matern(length_scale=5.36, nu=1.5)",39.69563720300238,5.355704077502407,False,0,,False,,,,,
0.9515151515151515,0.9333333333333333,0.9696969696969697,0.875,0.9032258064516129,0.037037037037037035,14,64,2,1,0.9959595959595959,0.9838235294117647,0.060011098300748376,0.1111111111111111,9,4,0.11764705882352941,17,5,0.12,25,7,primary_common,primary_common__r01_f02,1,2,binary_random,binary,25,12,0.40692872145601744,0.1111111111111111,optimized_primary,"8.41**2 * Matern(length_scale=5.68, nu=1.5)",70.70628872577826,5.6772295507146975,False,0,,False,,,,,
0.9515151515151515,0.9333333333333333,0.9696969696969697,0.875,0.9032258064516129,0.037037037037037035,14,64,2,1,0.9959595959595959,0.9838235294117647,0.05939087628835899,0.1111111111111111,9,4,0.11764705882352941,17,5,0.12,25,7,primary_common,primary_common__r01_f02,1,2,binary_random,binary,26,12,0.4022698488838477,0.09876543209876543,optimized_primary,"8.7**2 * Matern(length_scale=5.79, nu=1.5)",75.65538444274553,5.791102758357418,False,0,,False,,,,,
0.9515151515151515,0.9333333333333333,0.9696969696969697,0.875,0.9032258064516129,0.037037037037037035,14,64,2,1,0.9959595959595959,0.9838235294117647,0.0593707537059902,0.1111111111111111,9,4,0.11764705882352941,17,5,0.12,25,7,primary_common,primary_common__r01_f02,1,2,binary_random,binary,27,12,0.4017219684017395,0.1111111111111111,optimized_primary,"8.86**2 * Matern(length_scale=5.84, nu=1.5)",78.48220081549479,5.838135918586435,False,0,,False,,,,,
0.9181818181818182,0.8666666666666667,0.9696969696969697,0.8666666666666667,0.8666666666666667,0.04938271604938271,13,64,2,2,0.993939393939394,0.9771241830065359,0.05537426890306175,0.2222222222222222,9,4,0.17647058823529413,17,5,0.16,25,7,primary_common,primary_common__r01_f02,1,2,binary_random,binary,28,12,0.38379748219806686,0.07407407407407407,optimized_primary,"7.68**2 * Matern(length_scale=5.67, nu=1.5)",58.988913480749005,5.6664587771524335,False,0,,False,,,,,
0.9181818181818182,0.8666666666666667,0.9696969696969697,0.8666666666666667,0.8666666666666667,0.04938271604938271,13,64,2,2,0.993939393939394,0.9771241830065359,0.05529315010756039,0.2222222222222222,9,4,0.17647058823529413,17,5,0.16,25,7,primary_common,primary_common__r01_f02,1,2,binary_random,binary,29,12,0.38294735467699176,0.07407407407407407,optimized_primary,"7.79**2 * Matern(length_scale=5.62, nu=1.5)",60.66419331741123,5.619591000948261,False,0,,False,,,,,
0.9181818181818182,0.8666666666666667,0.9696969696969697,0.8666666666666667,0.8666666666666667,0.04938271604938271,13,64,2,2,0.9898989898989898,0.9637566137566138,0.04983032777950905,0.2222222222222222,9,4,0.17647058823529413,17,5,0.16,25,7,primary_common,primary_common__r01_f02,1,2,binary_random,binary,30,12,0.3386462365126664,0.04938271604938271,optimized_primary,"7.23**2 * Matern(length_scale=6.84, nu=1.5)",52.32971857283727,6.835709523131475,False,0,,False,,,,,
0.7848484848484849,0.6,0.9696969696969697,0.8181818181818182,0.6923076923076923,0.09876543209876543,9,64,2,6,0.9676767676767677,0.8847380354797234,0.08505691773738826,0.3333333333333333,9,4,0.23529411764705882,17,5,0.24,25,7,primary_common,primary_common__r01_f02,1,2,binary_margin,binary,12,12,0.46899758691723337,0.06172839506172839,optimized_primary,"9.15**2 * Matern(length_scale=4.37, nu=1.5)",83.79849862271888,4.369656743427171,False,0,,False,,,,,
0.8515151515151516,0.7333333333333333,0.9696969696969697,0.8461538461538461,0.7857142857142857,0.07407407407407407,11,64,2,4,0.9848484848484849,0.9449958228905597,0.07310762824984937,0.3333333333333333,9,4,0.23529411764705882,17,5,0.24,25,7,primary_common,primary_common__r01_f02,1,2,binary_margin,binary,13,12,0.4546791559114024,0.06172839506172839,optimized_primary,"10.2**2 * Matern(length_scale=4.71, nu=1.5)",104.9066284582356,4.708894520166046,False,0,,False,,,,,
0.8515151515151516,0.7333333333333333,0.9696969696969697,0.8461538461538461,0.7857142857142857,0.07407407407407407,11,64,2,4,0.991919191919192,0.9654108309990662,0.07046147500555072,0.3333333333333333,9,4,0.23529411764705882,17,5,0.24,25,7,primary_common,primary_common__r01_f02,1,2,binary_margin,binary,14,12,0.4583067022072932,0.06172839506172839,optimized_primary,"11.7**2 * Matern(length_scale=4.84, nu=1.5)",136.49691236725363,4.844838759464075,False,0,,False,,,,,
0.8515151515151516,0.7333333333333333,0.9696969696969697,0.8461538461538461,0.7857142857142857,0.07407407407407407,11,64,2,4,0.990909090909091,0.9598552754435107,0.07247667295366234,0.3333333333333333,9,4,0.23529411764705882,17,5,0.24,25,7,primary_common,primary_common__r01_f02,1,2,binary_margin,binary,15,12,0.461491370670007,0.08641975308641975,optimized_primary,"18.6**2 * Matern(length_scale=6.37, nu=1.5)",346.20971947864217,6.370275443555684,False,0,,False,,,,,
0.9181818181818182,0.8666666666666667,0.9696969696969697,0.8666666666666667,0.8666666666666667,0.04938271604938271,13,64,2,2,0.9878787878787879,0.9527373990531884,0.06975365140563292,0.2222222222222222,9,4,0.17647058823529413,17,5,0.16,25,7,primary_common,primary_common__r01_f02,1,2,binary_margin,binary,16,12,0.4462560039246532,0.06172839506172839,optimized_primary,"17.9**2 * Matern(length_scale=6.4, nu=1.5)",320.2118801769013,6.400376502602408,False,0,,False,,,,,
0.9772727272727273,1.0,0.9545454545454546,0.8333333333333334,0.9090909090909091,0.037037037037037035,15,63,3,0,0.9959595959595959,0.9838235294117647,0.07110184499216826,0.1111111111111111,9,4,0.11764705882352941,17,5,0.12,25,7,primary_common,primary_common__r01_f02,1,2,binary_margin,binary,17,12,0.460496921974575,0.09876543209876543,optimized_primary,"19.2**2 * Matern(length_scale=6.57, nu=1.5)",367.693818029619,6.567839895303345,False,0,,False,,,,,
0.9696969696969697,1.0,0.9393939393939394,0.7894736842105263,0.8823529411764706,0.04938271604938271,15,62,4,0,1.0,1.0,0.08946925274768731,0.1111111111111111,9,4,0.17647058823529413,17,5,0.16,25,7,primary_common,primary_common__r01_f02,1,2,binary_margin,binary,18,12,0.5341836540230933,0.1728395061728395,optimized_primary,"31.6**2 * Matern(length_scale=6.73, nu=1.5)",999.9999999999998,6.728365008481357,True,1,,False,,,,,
0.9515151515151515,0.9333333333333333,0.9696969696969697,0.875,0.9032258064516129,0.037037037037037035,14,64,2,1,0.990909090909091,0.9621428571428571,0.08635977643532709,0.1111111111111111,9,4,0.11764705882352941,17,5,0.12,25,7,primary_common,primary_common__r01_f02,1,2,binary_margin,binary,19,12,0.5314627829909538,0.1111111111111111,optimized_primary,"31.6**2 * Matern(length_scale=6.4, nu=1.5)",999.9999999999998,6.403126265831659,True,1,,False,,,,,
0.943939393939394,0.9333333333333333,0.9545454545454546,0.8235294117647058,0.875,0.04938271604938271,14,63,3,1,0.991919191919192,0.9665384615384616,0.06467948172754794,0.1111111111111111,9,4,0.17647058823529413,17,5,0.16,25,7,primary_common,primary_common__r01_f02,1,2,binary_margin,binary,20,12,0.44403844161060146,0.1111111111111111,optimized_primary,"21.7**2 * Matern(length_scale=5.91, nu=1.5)",471.1272308837407,5.908806365498606,False,0,,False,,,,,
0.9181818181818182,0.8666666666666667,0.9696969696969697,0.8666666666666667,0.8666666666666667,0.04938271604938271,13,64,2,2,0.9848484848484849,0.9469352869352868,0.060990270495568905,0.2222222222222222,9,4,0.17647058823529413,17,5,0.16,25,7,primary_common,primary_common__r01_f02,1,2,binary_margin,binary,21,12,0.39644405488351403,0.06172839506172839,optimized_primary,"18.9**2 * Matern(length_scale=5.68, nu=1.5)",356.33221955740106,5.678896209343611,False,0,,False,,,,,
0.8848484848484849,0.8,0.9696969696969697,0.8571428571428571,0.8275862068965517,0.06172839506172839,12,64,2,3,0.9838383838383838,0.9476767676767676,0.06272189600405402,0.3333333333333333,9,4,0.23529411764705882,17,5,0.2,25,7,primary_common,primary_common__r01_f02,1,2,binary_margin,binary,22,12,0.4123024847287602,0.06172839506172839,optimized_primary,"14.6**2 * Matern(length_scale=4.7, nu=1.5)",213.38086763568344,4.701560024188725,False,0,,False,,,,,
0.9181818181818182,0.8666666666666667,0.9696969696969697,0.8666666666666667,0.8666666666666667,0.04938271604938271,13,64,2,2,0.9848484848484849,0.9545893719806763,0.05859203655129037,0.2222222222222222,9,4,0.17647058823529413,17,5,0.16,25,7,primary_common,primary_common__r01_f02,1,2,binary_margin,binary,23,12,0.3885079164930108,0.06172839506172839,optimized_primary,"14**2 * Matern(length_scale=4.85, nu=1.5)",196.87286098725477,4.845475315139514,False,0,,False,,,,,
0.9181818181818182,0.8666666666666667,0.9696969696969697,0.8666666666666667,0.8666666666666667,0.04938271604938271,13,64,2,2,0.9808080808080808,0.9472463768115942,0.06491270784178586,0.2222222222222222,9,4,0.17647058823529413,17,5,0.16,25,7,primary_common,primary_common__r01_f02,1,2,binary_margin,binary,24,12,0.41692688162559943,0.06172839506172839,optimized_primary,"13**2 * Matern(length_scale=4.39, nu=1.5)",167.95037209340552,4.393523106947396,False,0,,False,,,,,
0.9106060606060606,0.8666666666666667,0.9545454545454546,0.8125,0.8387096774193549,0.06172839506172839,13,63,3,2,0.9808080808080808,0.9472463768115942,0.0654546962792855,0.2222222222222222,9,4,0.23529411764705882,17,5,0.2,25,7,primary_common,primary_common__r01_f02,1,2,binary_margin,binary,25,12,0.41322553219776637,0.08641975308641975,optimized_primary,"16**2 * Matern(length_scale=4.8, nu=1.5)",255.94248370567368,4.802554418369817,False,0,,False,,,,,
0.9106060606060606,0.8666666666666667,0.9545454545454546,0.8125,0.8387096774193549,0.06172839506172839,13,63,3,2,0.9828282828282828,0.9507575757575757,0.058864043579022085,0.2222222222222222,9,4,0.23529411764705882,17,5,0.2,25,7,primary_common,primary_common__r01_f02,1,2,binary_margin,binary,26,12,0.3762340590179424,0.06172839506172839,optimized_primary,"17**2 * Matern(length_scale=5.29, nu=1.5)",287.43826931780154,5.291717350259459,False,0,,False,,,,,
0.9106060606060606,0.8666666666666667,0.9545454545454546,0.8125,0.8387096774193549,0.06172839506172839,13,63,3,2,0.9797979797979799,0.9455555555555555,0.057965527316462574,0.2222222222222222,9,4,0.17647058823529413,17,5,0.2,25,7,primary_common,primary_common__r01_f02,1,2,binary_margin,binary,27,12,0.35428608348442614,0.07407407407407407,optimized_primary,"17.4**2 * Matern(length_scale=5.77, nu=1.5)",304.4289525846251,5.7714473156098975,False,0,,False,,,,,
0.9106060606060606,0.8666666666666667,0.9545454545454546,0.8125,0.8387096774193549,0.06172839506172839,13,63,3,2,0.9818181818181818,0.9489130434782609,0.05532812653897119,0.2222222222222222,9,4,0.17647058823529413,17,5,0.2,25,7,primary_common,primary_common__r01_f02,1,2,binary_margin,binary,28,12,0.33275518772433604,0.07407407407407407,optimized_primary,"16.2**2 * Matern(length_scale=6.24, nu=1.5)",263.4883079118841,6.243744682933827,False,0,,False,,,,,
0.8954545454545455,0.8666666666666667,0.9242424242424242,0.7222222222222222,0.7878787878787878,0.08641975308641975,13,61,5,2,0.9797979797979799,0.9455555555555555,0.06385330654343478,0.2222222222222222,9,4,0.29411764705882354,17,5,0.28,25,7,primary_common,primary_common__r01_f02,1,2,binary_margin,binary,29,12,0.345479725016745,0.037037037037037035,optimized_primary,"17.5**2 * Matern(length_scale=6.09, nu=1.5)",307.937742584625,6.0850853204299575,False,0,,False,,,,,
0.9030303030303031,0.8666666666666667,0.9393939393939394,0.7647058823529411,0.8125,0.07407407407407407,13,62,4,2,0.9818181818181818,0.9489130434782609,0.05325344525029738,0.2222222222222222,9,4,0.23529411764705882,17,5,0.24,25,7,primary_common,primary_common__r01_f02,1,2,binary_margin,binary,30,12,0.28958009645301397,0.037037037037037035,optimized_primary,"24.5**2 * Matern(length_scale=7.82, nu=1.5)",597.862390298064,7.8180188599725815,False,0,,False,,,,,
0.9,0.8,1.0,1.0,0.8888888888888888,0.037037037037037035,12,66,0,3,0.992929292929293,0.9728696741854637,0.03569739406276693,0.1111111111111111,9,3,0.11764705882352941,17,8,0.12,25,10,secondary_g3_common,secondary_g3_common__r01_f01,1,1,g3_random,g3,12,12,10.177689798216488,0.2839506172839506,optimized_primary,"2.43**2 * Matern(length_scale=5.32, nu=1.5)",5.9021572095496175,5.324966020427688,False,0,92.05383499999999,True,28.25456681287944,64.933296542343,0.3110369748983745,0.7148103264320121,0.26043238311112815
0.8924242424242425,0.8,0.9848484848484849,0.9230769230769231,0.8571428571428571,0.04938271604938271,12,65,1,3,0.993939393939394,0.9757936507936508,0.03144541672112383,0.1111111111111111,9,3,0.17647058823529413,17,8,0.16,25,10,secondary_g3_common,secondary_g3_common__r01_f01,1,1,g3_random,g3,13,12,8.96113184259111,0.25925925925925924,optimized_primary,"2.98**2 * Matern(length_scale=6.64, nu=1.5)",8.90386687851187,6.637944659064137,False,0,92.05383499999999,True,27.712806760189576,63.72500776617536,0.30507307500829983,0.7015090258588415,0.28770027400838527
0.9,0.8,1.0,1.0,0.8888888888888888,0.037037037037037035,12,66,0,3,0.9919191919191919,0.9702380952380951,0.03689029767900716,0.1111111111111111,9,3,0.11764705882352941,17,8,0.12,25,10,secondary_g3_common,secondary_g3_common__r01_f01,1,1,g3_random,g3,14,12,8.933440165423967,0.2716049382716049,optimized_primary,"2.69**2 * Matern(length_scale=6.1, nu=1.5)",7.2583797941602874,6.0992045350539925,False,0,92.05383499999999,True,28.089308039449254,64.66406450066061,0.3092177437169674,0.7118465181264313,0.26655258693606754
0.9,0.8,1.0,1.0,0.8888888888888888,0.037037037037037035,12,66,0,3,0.9878787878787879,0.9619047619047618,0.034956850256492,0.1111111111111111,9,3,0.11764705882352941,17,8,0.12,25,10,secondary_g3_common,secondary_g3_common__r01_f01,1,1,g3_random,g3,15,12,8.932068903781733,0.24691358024691357,optimized_primary,"3.02**2 * Matern(length_scale=6.78, nu=1.5)",9.106919402864108,6.779822623276252,False,0,92.05383499999999,True,27.282649890651747,63.84386630557756,0.30033774523598805,0.7028174656866872,0.2850406631664181
0.9,0.8,1.0,1.0,0.8888888888888888,0.037037037037037035,12,66,0,3,0.9878787878787879,0.9619047619047618,0.03504158561183407,0.1111111111111111,9,3,0.11764705882352941,17,8,0.12,25,10,secondary_g3_common,secondary_g3_common__r01_f01,1,1,g3_random,g3,16,12,8.127482425432447,0.20987654320987653,optimized_primary,"3.28**2 * Matern(length_scale=7.31, nu=1.5)",10.728308539363194,7.309564103381393,False,0,92.05383499999999,True,27.246503244466663,63.76341744824475,0.29993982926167534,0.701931854189454,0.28684135057371096
0.9,0.8,1.0,1.0,0.8888888888888888,0.037037037037037035,12,66,0,3,0.9868686868686869,0.9602380952380951,0.03412446554186667,0.1111111111111111,9,3,0.11764705882352941,17,8,0.12,25,10,secondary_g3_common,secondary_g3_common__r01_f01,1,1,g3_random,g3,17,12,7.586535962014603,0.19753086419753085,optimized_primary,"3.66**2 * Matern(length_scale=8.18, nu=1.5)",13.372352682382314,8.178672108031614,False,0,92.05383499999999,True,27.07884368045109,63.34575639865625,0.2980941692680345,0.697334083136823,0.296153369600628
0.9,0.8,1.0,1.0,0.8888888888888888,0.037037037037037035,12,66,0,3,0.9888888888888889,0.9637163561076605,0.03217995951419259,0.1111111111111111,9,3,0.11764705882352941,17,8,0.12,25,10,secondary_g3_common,secondary_g3_common__r01_f01,1,1,g3_random,g3,18,12,7.416438347870208,0.18518518518518517,optimized_primary,"4.12**2 * Matern(length_scale=8.9, nu=1.5)",16.967533821350123,8.903055333008744,False,0,92.05383499999999,True,26.58505272619188,62.48878234413466,0.2926583313851845,0.6879001881049132,0.31506855133167944
0.8,0.6,1.0,1.0,0.75,0.07407407407407407,9,66,0,6,0.98989898989899,0.9670231729055259,0.05552446316445746,0.3333333333333333,9,3,0.23529411764705882,17,8,0.24,25,10,secondary_g3_common,secondary_g3_common__r01_f01,1,1,g3_random,g3,19,12,6.91558785305717,0.16049382716049382,optimized_primary,"4.04**2 * Matern(length_scale=9.52, nu=1.5)",16.31624451119677,9.518350978134553,False,0,101.79797500000001,True,26.39692130435449,62.08435008155518,0.2905873094254722,0.6834480445510192,0.3239057203484754
0.8,0.6,1.0,1.0,0.75,0.07407407407407407,9,66,0,6,0.990909090909091,0.9691876750700279,0.0528100286669408,0.3333333333333333,9,3,0.23529411764705882,17,8,0.24,25,10,secondary_g3_common,secondary_g3_common__r01_f01,1,1,g3_random,g3,20,12,6.570558171975149,0.16049382716049382,optimized_primary,"4.64**2 * Matern(length_scale=10.9, nu=1.5)",21.570510784595523,10.908481173565939,False,0,101.79797500000001,True,25.906828768708806,61.3152616142433,0.2851921851357584,0.6749816273560164,0.34055260902546636
0.8924242424242425,0.8,0.9848484848484849,0.9230769230769231,0.8571428571428571,0.04938271604938271,12,65,1,3,0.9888888888888888,0.9586284086284087,0.038051164396243425,0.3333333333333333,9,3,0.23529411764705882,17,8,0.16,25,10,secondary_g3_common,secondary_g3_common__r01_f01,1,1,g3_random,g3,21,12,21.661229989678304,0.4691358024691358,optimized_primary,"2.12**2 * Matern(length_scale=3.47, nu=1.5)",4.495562406736021,3.471031790198582,False,0,101.79797500000001,True,23.865284956527923,48.60083617364246,0.2627180974716791,0.5350164156149982,0.5856851823328448
0.8666666666666667,0.7333333333333333,1.0,1.0,0.8461538461538461,0.04938271604938271,11,66,0,4,0.9909090909090909,0.96510989010989,0.03947283204907073,0.2222222222222222,9,3,0.17647058823529413,17,8,0.16,25,10,secondary_g3_common,secondary_g3_common__r01_f01,1,1,g3_random,g3,22,12,23.376010654170692,0.5432098765432098,optimized_primary,"1.7**2 * Matern(length_scale=2.59, nu=1.5)",2.899088088863059,2.586884798307025,False,0,101.79797500000001,True,24.45013213564959,52.91983629591068,0.2691563167718218,0.5825616050887106,0.508775558833124
0.8590909090909091,0.7333333333333333,0.9848484848484849,0.9166666666666666,0.8148148148148148,0.06172839506172839,11,65,1,4,0.9909090909090909,0.96510989010989,0.037916341205712696,0.3333333333333333,9,3,0.23529411764705882,17,8,0.2,25,10,secondary_g3_common,secondary_g3_common__r01_f01,1,1,g3_random,g3,23,12,22.224650646285237,0.5061728395061729,optimized_primary,"1.79**2 * Matern(length_scale=2.77, nu=1.5)",3.2116464255637904,2.765450091710692,False,0,101.79797500000001,True,24.260812626190024,51.92592942969845,0.26707221589349206,0.5716203017926905,0.5270540174508535
0.8590909090909091,0.7333333333333333,0.9848484848484849,0.9166666666666666,0.8148148148148148,0.06172839506172839,11,65,1,4,0.9919191919191919,0.968998778998779,0.04193850149596415,0.3333333333333333,9,3,0.23529411764705882,17,8,0.2,25,10,secondary_g3_common,secondary_g3_common__r01_f01,1,1,g3_random,g3,24,12,22.276682749313185,0.5061728395061729,optimized_primary,"1.72**2 * Matern(length_scale=2.58, nu=1.5)",2.9457032046952536,2.576064633301376,False,0,101.79797500000001,True,24.43800674768846,54.20623344725398,0.2690228359077945,0.5967227522449048,0.48460352326785916
0.8590909090909091,0.7333333333333333,0.9848484848484849,0.9166666666666666,0.8148148148148148,0.06172839506172839,11,65,1,4,0.992929292929293,0.9716303579461475,0.03923196600775481,0.3333333333333333,9,3,0.23529411764705882,17,8,0.2,25,10,secondary_g3_common,secondary_g3_common__r01_f01,1,1,g3_random,g3,25,12,20.8345452104111,0.48148148148148145,optimized_primary,"1.79**2 * Matern(length_scale=2.71, nu=1.5)",3.197740263465182,2.7086748199427064,False,0,101.79797500000001,True,23.969930232946446,53.17095756290912,0.2638700723163186,0.5853260431258295,0.5041024685004815
0.8590909090909091,0.7333333333333333,0.9848484848484849,0.9166666666666666,0.8148148148148148,0.06172839506172839,11,65,1,4,0.992929292929293,0.9716303579461475,0.03758311459209956,0.3333333333333333,9,3,0.23529411764705882,17,8,0.2,25,10,secondary_g3_common,secondary_g3_common__r01_f01,1,1,g3_random,g3,26,12,19.98959618234318,0.4567901234567901,optimized_primary,"1.93**2 * Matern(length_scale=2.94, nu=1.5)",3.7303196942236667,2.942979762263637,False,0,101.79797500000001,True,23.53459044635003,52.00668935366168,0.2590776870296282,0.5725093376292298,0.5255817362903603
0.8924242424242425,0.8,0.9848484848484849,0.9230769230769231,0.8571428571428571,0.04938271604938271,12,65,1,3,0.98989898989899,0.9580589293747189,0.03645878560362109,0.3333333333333333,9,3,0.23529411764705882,17,8,0.16,25,10,secondary_g3_common,secondary_g3_common__r01_f01,1,1,g3_random,g3,27,12,21.482526483076654,0.41975308641975306,optimized_primary,"2.53**2 * Matern(length_scale=4.47, nu=1.5)",6.386790757178257,4.467509272417469,False,0,101.79797500000001,True,21.043251342490752,44.770658234576125,0.2316520824028678,0.49285236591006226,0.6484153203970848
0.8515151515151516,0.7333333333333333,0.9696969696969697,0.8461538461538461,0.7857142857142857,0.07407407407407407,11,64,2,4,0.9646464646464646,0.8905901505901506,0.053730302888430934,0.3333333333333333,9,3,0.23529411764705882,17,8,0.2,25,10,secondary_g3_common,secondary_g3_common__r01_f01,1,1,g3_random,g3,28,12,22.006150180372803,0.48148148148148145,optimized_primary,"2.35**2 * Matern(length_scale=4, nu=1.5)",5.504642609602132,4.001859595726578,False,0,101.79797500000001,True,24.165175205066337,51.5907529996278,0.2660194029323026,0.567930552678615,0.5331399452975378
0.8515151515151516,0.7333333333333333,0.9696969696969697,0.8461538461538461,0.7857142857142857,0.07407407407407407,11,64,2,4,0.9616161616161617,0.887014016579234,0.05414552162032286,0.3333333333333333,9,3,0.23529411764705882,17,8,0.2,25,10,secondary_g3_common,secondary_g3_common__r01_f01,1,1,g3_random,g3,29,12,21.494999181805817,0.4567901234567901,optimized_primary,"2.45**2 * Matern(length_scale=4.15, nu=1.5)",5.99086978899646,4.151954764506687,False,0,101.79797500000001,True,24.053640602707553,51.60654283764052,0.2647915877778917,0.5681043731969806,0.5328541276930072
0.8515151515151516,0.7333333333333333,0.9696969696969697,0.8461538461538461,0.7857142857142857,0.07407407407407407,11,64,2,4,0.9666666666666667,0.8973112073112073,0.05274044651262106,0.3333333333333333,9,3,0.23529411764705882,17,8,0.2,25,10,secondary_g3_common,secondary_g3_common__r01_f01,1,1,g3_random,g3,30,12,19.988847039331063,0.41975308641975306,optimized_primary,"2.46**2 * Matern(length_scale=4.18, nu=1.5)",6.074540294570886,4.179494334101024,False,0,101.79797500000001,True,23.991719435141967,51.50731235999649,0.2641099361082934,0.56701200650849,0.5346488823521924
0.9,0.8,1.0,1.0,0.8888888888888888,0.037037037037037035,12,66,0,3,0.992929292929293,0.9728696741854637,0.03569739406276693,0.1111111111111111,9,3,0.11764705882352941,17,8,0.12,25,10,secondary_g3_common,secondary_g3_common__r01_f01,1,1,g3_straddle,g3,12,12,10.177689798216488,0.2839506172839506,optimized_primary,"2.43**2 * Matern(length_scale=5.32, nu=1.5)",5.9021572095496175,5.324966020427688,False,0,92.05383499999999,True,28.25456681287944,64.933296542343,0.3110369748983745,0.7148103264320121,0.26043238311112815
0.9363636363636364,0.9333333333333333,0.9393939393939394,0.7777777777777778,0.8484848484848485,0.06172839506172839,14,62,4,1,0.9767676767676767,0.9138423450188156,0.05249710333468056,0.0,9,3,0.11764705882352941,17,8,0.08,25,10,secondary_g3_common,secondary_g3_common__r01_f01,1,1,g3_straddle,g3,13,12,13.43641148650495,0.3950617283950617,optimized_primary,"2.83**2 * Matern(length_scale=9.22, nu=1.5)",7.982300502087026,9.220667159778762,False,0,92.05383499999999,True,26.611911897058818,55.9245210968463,0.2929540073129047,0.6156383136149984,0.45141044985683365
0.8939393939393939,1.0,0.7878787878787878,0.5172413793103449,0.6818181818181818,0.1728395061728395,15,52,14,0,0.9828282828282828,0.9528265107212475,0.1060448453348826,0.3333333333333333,9,3,0.23529411764705882,17,8,0.32,25,10,secondary_g3_common,secondary_g3_common__r01_f01,1,1,g3_straddle,g3,14,12,32.4462160993778,0.8148148148148148,optimized_primary,"1.73**2 * Matern(length_scale=3.69, nu=1.5)",3.0027494374252273,3.6940717471249656,False,0,92.05383499999999,True,24.91939290789522,40.77083543903897,0.2743221171185191,0.44882080136006763,0.7084304244888668
0.9166666666666667,1.0,0.8333333333333334,0.5769230769230769,0.7317073170731707,0.13580246913580246,15,55,11,0,0.9868686868686869,0.9615686274509804,0.08913058839431075,0.3333333333333333,9,3,0.23529411764705882,17,8,0.32,25,10,secondary_g3_common,secondary_g3_common__r01_f01,1,1,g3_straddle,g3,15,12,31.018853155132614,0.7777777777777778,optimized_primary,"1.73**2 * Matern(length_scale=3.62, nu=1.5)",3.0101365891759975,3.6249374990580514,False,0,92.05383499999999,True,23.129127543160667,40.026325892700385,0.25461419779347244,0.4406249582381495,0.7189818067405649
0.9318181818181819,1.0,0.8636363636363636,0.625,0.7692307692307693,0.1111111111111111,15,57,9,0,0.9878787878787879,0.963235294117647,0.07965731544597736,0.3333333333333333,9,3,0.23529411764705882,17,8,0.28,25,10,secondary_g3_common,secondary_g3_common__r01_f01,1,1,g3_straddle,g3,16,12,28.278662726969625,0.7037037037037037,optimized_primary,"1.89**2 * Matern(length_scale=4, nu=1.5)",3.5615919783993824,3.9960861295074808,False,0,94.0148025,True,22.95874100765533,39.04734196441803,0.2527385182646383,0.4298479322959833,0.7325602639953502
0.9242424242424243,1.0,0.8484848484848485,0.6,0.75,0.12345679012345678,15,56,10,0,0.9909090909090909,0.9691876750700279,0.06864501775253935,0.3333333333333333,9,3,0.23529411764705882,17,8,0.28,25,10,secondary_g3_common,secondary_g3_common__r01_f01,1,1,g3_straddle,g3,17,12,25.535088792497852,0.5925925925925926,optimized_primary,"2.06**2 * Matern(length_scale=4.37, nu=1.5)",4.227141993261351,4.371258880293088,False,0,94.0148025,True,23.289137541389202,38.63811597223887,0.2563756484691137,0.4253430175506908,0.7381365613405391
0.8787878787878788,1.0,0.7575757575757576,0.4838709677419355,0.6521739130434783,0.19753086419753085,15,50,16,0,0.9808080808080808,0.9354273504273504,0.15083681267593999,0.3333333333333333,9,3,0.29411764705882354,17,8,0.36,25,10,secondary_g3_common,secondary_g3_common__r01_f01,1,1,g3_straddle,g3,18,12,23.9284486432975,0.7160493827160493,optimized_primary,"2.13**2 * Matern(length_scale=4.53, nu=1.5)",4.522805265681491,4.532554018157067,False,0,76.394305,True,23.189542005882462,38.531710084070596,0.25527926308537885,0.4241716612249535,0.7395768719693754
0.8863636363636364,1.0,0.7727272727272727,0.5,0.6666666666666666,0.18518518518518517,15,51,15,0,0.9808080808080808,0.9354273504273504,0.15167713187985124,0.3333333333333333,9,3,0.29411764705882354,17,8,0.36,25,10,secondary_g3_common,secondary_g3_common__r01_f01,1,1,g3_straddle,g3,19,12,22.458936628002707,0.654320987654321,optimized_primary,"2.18**2 * Matern(length_scale=4.79, nu=1.5)",4.757933854973583,4.791589888106183,False,0,76.394305,True,22.974454670314078,37.846746391693834,0.25291150021585057,0.4166313214206648,0.7487534637428548
0.8863636363636364,1.0,0.7727272727272727,0.5,0.6666666666666666,0.18518518518518517,15,51,15,0,0.9828282828282828,0.9396950849811261,0.15317037457894314,0.3333333333333333,9,3,0.29411764705882354,17,8,0.36,25,10,secondary_g3_common,secondary_g3_common__r01_f01,1,1,g3_straddle,g3,20,12,20.837716223582397,0.5802469135802469,optimized_primary,"2.43**2 * Matern(length_scale=5.34, nu=1.5)",5.881411575317926,5.341468788676887,False,0,76.394305,True,22.692974743806396,36.29296165164774,0.2498128625543573,0.3995266703960065,0.7689596664963197
0.8863636363636364,1.0,0.7727272727272727,0.5,0.6666666666666666,0.18518518518518517,15,51,15,0,0.9828282828282828,0.9396950849811261,0.15327147675179717,0.3333333333333333,9,3,0.29411764705882354,17,8,0.36,25,10,secondary_g3_common,secondary_g3_common__r01_f01,1,1,g3_straddle,g3,21,12,19.303165616121596,0.5432098765432098,optimized_primary,"2.67**2 * Matern(length_scale=5.87, nu=1.5)",7.128294706293374,5.867125608582814,False,0,76.394305,True,22.45432058322884,35.667825196631455,0.24718566714752072,0.39264493148439356,0.7768503334320933
0.8863636363636364,1.0,0.7727272727272727,0.5,0.6666666666666666,0.18518518518518517,15,51,15,0,0.9858585858585859,0.94995596995597,0.14164527897186552,0.3333333333333333,9,3,0.29411764705882354,17,8,0.36,25,10,secondary_g3_common,secondary_g3_common__r01_f01,1,1,g3_straddle,g3,22,12,20.110626408934536,0.5679012345679012,optimized_primary,"2.53**2 * Matern(length_scale=5.33, nu=1.5)",6.40182347309485,5.328969757764346,False,0,76.394305,True,21.332226382079526,34.37722332741534,0.2348332291084637,0.37843749720102016,0.7927070299174903
0.8863636363636364,1.0,0.7727272727272727,0.5,0.6666666666666666,0.18518518518518517,15,51,15,0,0.9848484848484849,0.9449958228905597,0.1352308778128931,0.3333333333333333,9,3,0.29411764705882354,17,8,0.36,25,10,secondary_g3_common,secondary_g3_common__r01_f01,1,1,g3_straddle,g3,23,12,21.365042382439665,0.6666666666666666,optimized_primary,"2.33**2 * Matern(length_scale=4.7, nu=1.5)",5.429240315928737,4.698739211820507,False,0,76.394305,True,20.836833758578017,34.935553560214224,0.22937975944384859,0.3845838079108665,0.7859189425014811
0.8787878787878788,1.0,0.7575757575757576,0.4838709677419355,0.6521739130434783,0.19753086419753085,15,50,16,0,0.9848484848484849,0.9449958228905597,0.1358466409453895,0.3333333333333333,9,3,0.29411764705882354,17,8,0.36,25,10,secondary_g3_common,secondary_g3_common__r01_f01,1,1,g3_straddle,g3,24,12,20.127794433894028,0.5925925925925926,optimized_primary,"2.32**2 * Matern(length_scale=4.73, nu=1.5)",5.375983156689442,4.725837534098269,False,0,76.394305,True,20.565643006232257,34.81602160433119,0.22639438890928462,0.3832679548592955,0.7873813925071436
0.8787878787878788,1.0,0.7575757575757576,0.4838709677419355,0.6521739130434783,0.19753086419753085,15,50,16,0,0.9848484848484849,0.9449958228905597,0.13410150191169762,0.3333333333333333,9,3,0.29411764705882354,17,8,0.36,25,10,secondary_g3_common,secondary_g3_common__r01_f01,1,1,g3_straddle,g3,25,12,19.113996446595273,0.5308641975308642,optimized_primary,"2.46**2 * Matern(length_scale=4.99, nu=1.5)",6.0329785782071035,4.991065195103931,False,0,76.394305,True,20.47678523259463,34.77925834484933,0.22541620887589425,0.38286325097222584,0.7878301759013397
0.8787878787878788,1.0,0.7575757575757576,0.4838709677419355,0.6521739130434783,0.19753086419753085,15,50,16,0,0.9848484848484849,0.9449958228905597,0.13617657368145653,0.3333333333333333,9,3,0.29411764705882354,17,8,0.36,25,10,secondary_g3_common,secondary_g3_common__r01_f01,1,1,g3_straddle,g3,26,12,18.428307732507452,0.5185185185185185,optimized_primary,"2.57**2 * Matern(length_scale=5.22, nu=1.5)",6.626807073378298,5.216550379106961,False,0,76.394305,True,20.32733565636892,34.43673518825162,0.22377101132616933,0.37909262630944635,0.7919887014886303
0.8787878787878788,1.0,0.7575757575757576,0.4838709677419355,0.6521739130434783,0.19753086419753085,15,50,16,0,0.9868686868686868,0.9517723796671165,0.13817438597648998,0.3333333333333333,9,3,0.29411764705882354,17,8,0.36,25,10,secondary_g3_common,secondary_g3_common__r01_f01,1,1,g3_straddle,g3,27,12,18.5909017233543,0.5802469135802469,optimized_primary,"2.46**2 * Matern(length_scale=4.92, nu=1.5)",6.0573787505140775,4.919190854178574,False,0,76.394305,True,20.89882212038248,36.21529775084776,0.230062150813083,0.3986717167552867,0.769947422465467
0.8787878787878788,1.0,0.7575757575757576,0.4838709677419355,0.6521739130434783,0.19753086419753085,15,50,16,0,0.9838383838383838,0.9452506405366817,0.13892924116969907,0.3333333333333333,9,3,0.29411764705882354,17,8,0.36,25,10,secondary_g3_common,secondary_g3_common__r01_f01,1,1,g3_straddle,g3,28,12,17.966396737944855,0.5555555555555556,optimized_primary,"2.59**2 * Matern(length_scale=5.14, nu=1.5)",6.701040802431275,5.135630027495427,False,0,76.394305,True,20.760541774845105,36.35856116092498,0.22853990838591398,0.40024881464459955,0.7681237011101109
0.8787878787878788,1.0,0.7575757575757576,0.4838709677419355,0.6521739130434783,0.19753086419753085,15,50,16,0,0.9838383838383838,0.9447707847707847,0.14345791770071922,0.3333333333333333,9,3,0.29411764705882354,17,8,0.36,25,10,secondary_g3_common,secondary_g3_common__r01_f01,1,1,g3_straddle,g3,29,12,17.25625983821848,0.5185185185185185,optimized_primary,"2.69**2 * Matern(length_scale=5.3, nu=1.5)",7.212979399969436,5.304702021213535,False,0,76.394305,True,20.653963969708034,36.12881392066036,0.22736665953305837,0.39771966999069597,0.7710448632266036
0.8787878787878788,1.0,0.7575757575757576,0.4838709677419355,0.6521739130434783,0.19753086419753085,15,50,16,0,0.9818181818181818,0.9409829059829059,0.1466792301560268,0.3333333333333333,9,3,0.29411764705882354,17,8,0.36,25,10,secondary_g3_common,secondary_g3_common__r01_f01,1,1,g3_straddle,g3,30,12,16.60418723734502,0.49382716049382713,optimized_primary,"2.84**2 * Matern(length_scale=5.57, nu=1.5)",8.041298263653745,5.567951137330351,False,0,76.394305,True,20.46274705146893,35.638349319251496,0.2252616712601053,0.3923204498601148,0.7772190026367792
0.9,0.8,1.0,1.0,0.8888888888888888,0.037037037037037035,12,66,0,3,0.992929292929293,0.9728696741854637,0.04467642962429145,0.1111111111111111,9,3,0.11764705882352941,17,8,0.12,25,10,secondary_g3_common,secondary_g3_common__r01_f01,1,1,max_depth_g3_common_straddle,max_depth,12,12,12.798212382539,0.2839506172839506,optimized_primary,"2.01**2 * Matern(length_scale=4.06, nu=1.5)",4.031645106088668,4.058026659934471,False,0,101.62008,True,30.6496103934094,68.79371701491279,0.3232790836836852,0.7256069331490731,0.27328231949884196
0.9848484848484849,1.0,0.9696969696969697,0.8823529411764706,0.9375,0.024691358024691357,15,64,2,0,0.997979797979798,0.992156862745098,0.03036878370893204,0.1111111111111111,9,3,0.11764705882352941,17,8,0.08,25,10,secondary_g3_common,secondary_g3_common__r01_f01,1,1,max_depth_g3_common_straddle,max_depth,13,12,20.57904225473948,0.4444444444444444,optimized_primary,"2.67**2 * Matern(length_scale=8.49, nu=1.5)",7.140408963870201,8.488867345388133,False,0,101.62008,True,21.67303014495742,39.87444306069788,0.22859792460583184,0.4205787039247832,0.7558496025722822
0.9772727272727273,1.0,0.9545454545454546,0.8333333333333334,0.9090909090909091,0.037037037037037035,15,63,3,0,0.995959595959596,0.9844444444444445,0.037658883018762274,0.1111111111111111,9,3,0.11764705882352941,17,8,0.12,25,10,secondary_g3_common,secondary_g3_common__r01_f01,1,1,max_depth_g3_common_straddle,max_depth,14,12,19.72054490500611,0.43209876543209874,optimized_primary,"2.73**2 * Matern(length_scale=9.24, nu=1.5)",7.429760457169583,9.244245170591938,False,0,101.62008,True,21.91983800471619,37.88984316700952,0.23120114917295076,0.39964598644892685,0.779548128269942
0.9848484848484849,1.0,0.9696969696969697,0.8823529411764706,0.9375,0.024691358024691357,15,64,2,0,0.996969696969697,0.9877124183006536,0.029765322417634067,0.1111111111111111,9,3,0.11764705882352941,17,8,0.08,25,10,secondary_g3_common,secondary_g3_common__r01_f01,1,1,max_depth_g3_common_straddle,max_depth,15,12,17.96176702373213,0.38271604938271603,optimized_primary,"3.03**2 * Matern(length_scale=10.1, nu=1.5)",9.20281047540287,10.127057824612688,False,0,101.62008,True,20.915321003760766,37.43972682144997,0.22060593013279675,0.39489835025140996,0.784754779026689
0.9515151515151515,0.9333333333333333,0.9696969696969697,0.875,0.9032258064516129,0.037037037037037035,14,64,2,1,0.996969696969697,0.9877124183006536,0.02891186449022698,0.1111111111111111,9,3,0.11764705882352941,17,8,0.12,25,10,secondary_g3_common,secondary_g3_common__r01_f01,1,1,max_depth_g3_common_straddle,max_depth,16,12,16.50330002665432,0.2962962962962963,optimized_primary,"3.29**2 * Matern(length_scale=10.7, nu=1.5)",10.848949940145863,10.698937467672911,False,0,101.62008,True,20.854475217349833,37.57693529314674,0.21996415459880272,0.3963455669838388,0.7831742341244676
0.9772727272727273,1.0,0.9545454545454546,0.8333333333333334,0.9090909090909091,0.037037037037037035,15,63,3,0,0.9838383838383838,0.8376082631964985,0.042315869832751575,0.2222222222222222,9,3,0.17647058823529413,17,8,0.12,25,10,secondary_g3_common,secondary_g3_common__r01_f01,1,1,max_depth_g3_common_straddle,max_depth,17,12,22.263938327322908,0.4444444444444444,optimized_primary,"2.83**2 * Matern(length_scale=7.64, nu=1.5)",7.984661673363896,7.640037545940553,False,0,101.62008,True,22.156388300456857,37.37393834772302,0.2336961813077994,0.39420444134913,0.7855105651571482
0.9696969696969697,1.0,0.9393939393939394,0.7894736842105263,0.8823529411764706,0.04938271604938271,15,62,4,0,0.9818181818181818,0.8295923901806255,0.0477903830824592,0.2222222222222222,9,3,0.17647058823529413,17,8,0.12,25,10,secondary_g3_common,secondary_g3_common__r01_f01,1,1,max_depth_g3_common_straddle,max_depth,18,12,21.760598298789258,0.38271604938271603,optimized_primary,"2.98**2 * Matern(length_scale=7.77, nu=1.5)",8.891649895210216,7.774899728075192,False,0,101.62008,True,22.785977064062905,38.04748823083069,0.2403368164083315,0.40130875968242674,0.777709881197838
0.9621212121212122,1.0,0.9242424242424242,0.75,0.8571428571428571,0.06172839506172839,15,61,5,0,0.9787878787878788,0.8207688607688608,0.05248465931322312,0.2222222222222222,9,3,0.17647058823529413,17,8,0.16,25,10,secondary_g3_common,secondary_g3_common__r01_f01,1,1,max_depth_g3_common_straddle,max_depth,19,12,23.43265222804129,0.41975308641975306,optimized_primary,"3.28**2 * Matern(length_scale=7.7, nu=1.5)",10.739661443632913,7.704081396442975,False,0,101.62008,True,22.383325343849478,36.278981624749356,0.23608981693644762,0.3826553025009464,0.7978943985008622
0.943939393939394,0.9333333333333333,0.9545454545454546,0.8235294117647058,0.875,0.04938271604938271,14,63,3,1,0.9808080808080808,0.8263244163244163,0.037603563333927455,0.2222222222222222,9,3,0.23529411764705882,17,8,0.16,25,10,secondary_g3_common,secondary_g3_common__r01_f01,1,1,max_depth_g3_common_straddle,max_depth,20,12,21.245758402423565,0.35802469135802467,optimized_primary,"3.58**2 * Matern(length_scale=8.28, nu=1.5)",12.789269335497025,8.27802860521464,False,0,101.62008,True,21.476408572041883,36.43435288104903,0.22652404369482856,0.3842940925776432,0.7961595845192252
0.9590909090909091,0.9333333333333333,0.9848484848484849,0.9333333333333333,0.9333333333333333,0.024691358024691357,14,65,1,1,0.9828282828282828,0.8343402893402894,0.029865584648558846,0.1111111111111111,9,3,0.11764705882352941,17,8,0.08,25,10,secondary_g3_common,secondary_g3_common__r01_f01,1,1,max_depth_g3_common_straddle,max_depth,21,12,19.909790474976106,0.18518518518518517,optimized_primary,"3.93**2 * Matern(length_scale=9.01, nu=1.5)",15.41041127281061,9.006709316523699,False,0,113.74000000000001,True,21.478109834599074,36.74009983416146,0.22654198789031862,0.3875189816895296,0.7927240857603475
0.9515151515151515,0.9333333333333333,0.9696969696969697,0.875,0.9032258064516129,0.037037037037037035,14,64,2,1,0.9828282828282828,0.8343402893402894,0.02983773845725816,0.1111111111111111,9,3,0.17647058823529413,17,8,0.12,25,10,secondary_g3_common,secondary_g3_common__r01_f01,1,1,max_depth_g3_common_straddle,max_depth,22,12,18.722556621436198,0.14814814814814814,optimized_primary,"4.34**2 * Matern(length_scale=9.81, nu=1.5)",18.836444740552768,9.814185302427182,False,0,113.74000000000001,True,21.42100638648169,36.70246962084119,0.2259396849525124,0.3871220741685252,0.7931484636200292
0.9590909090909091,0.9333333333333333,0.9848484848484849,0.9333333333333333,0.9333333333333333,0.024691358024691357,14,65,1,1,0.9838383838383838,0.8376082631964985,0.02897672280233665,0.1111111111111111,9,3,0.11764705882352941,17,8,0.08,25,10,secondary_g3_common,secondary_g3_common__r01_f01,1,1,max_depth_g3_common_straddle,max_depth,23,12,18.44599904652751,0.14814814814814814,optimized_primary,"4.41**2 * Matern(length_scale=9.76, nu=1.5)",19.436719362129143,9.756253384184406,False,0,113.74000000000001,True,21.479549007909352,37.12428347974822,0.22655716767965484,0.3915711877475306,0.7883665383110475
0.9257575757575758,0.8666666666666667,0.9848484848484849,0.9285714285714286,0.896551724137931,0.037037037037037035,13,65,1,2,0.9838383838383838,0.8376082631964985,0.029621088844747085,0.1111111111111111,9,3,0.11764705882352941,17,8,0.12,25,10,secondary_g3_common,secondary_g3_common__r01_f01,1,1,max_depth_g3_common_straddle,max_depth,24,12,18.3545512519917,0.16049382716049382,optimized_primary,"4.32**2 * Matern(length_scale=9.37, nu=1.5)",18.631401248057188,9.36535670921408,False,0,113.74000000000001,True,22.18132299151436,39.45099811631212,0.23395918184756284,0.41611238634833037,0.761007558458133
0.943939393939394,0.9333333333333333,0.9545454545454546,0.8235294117647058,0.875,0.04938271604938271,14,63,3,1,0.9797979797979799,0.821928811928812,0.035721376053227824,0.2222222222222222,9,3,0.17647058823529413,17,8,0.16,25,10,secondary_g3_common,secondary_g3_common__r01_f01,1,1,max_depth_g3_common_straddle,max_depth,25,12,20.026604618693877,0.1728395061728395,optimized_primary,"3.36**2 * Matern(length_scale=7.23, nu=1.5)",11.320435962231867,7.232678291947001,False,0,113.74000000000001,True,22.565891417209894,36.03590493087448,0.23801544640286246,0.38009143268817946,0.8005936242317333
0.943939393939394,0.9333333333333333,0.9545454545454546,0.8235294117647058,0.875,0.04938271604938271,14,63,3,1,0.9797979797979799,0.8234004397162291,0.03516637351868125,0.2222222222222222,9,3,0.17647058823529413,17,8,0.16,25,10,secondary_g3_common,secondary_g3_common__r01_f01,1,1,max_depth_g3_common_straddle,max_depth,26,12,19.73787143028822,0.14814814814814814,optimized_primary,"3.42**2 * Matern(length_scale=7.33, nu=1.5)",11.726550063609722,7.329999818968259,False,0,113.74000000000001,True,22.698214899926494,36.17673885698497,0.2394111383445667,0.3815768891752337,0.7990319562469895
0.9363636363636364,0.9333333333333333,0.9393939393939394,0.7777777777777778,0.8484848484848485,0.06172839506172839,14,62,4,1,0.9787878787878788,0.8214644723468253,0.03855250064536051,0.3333333333333333,9,3,0.23529411764705882,17,8,0.2,25,10,secondary_g3_common,secondary_g3_common__r01_f01,1,1,max_depth_g3_common_straddle,max_depth,27,12,20.2436633749993,0.16049382716049382,optimized_primary,"3.29**2 * Matern(length_scale=6.87, nu=1.5)",10.827170192980525,6.873962128739203,False,0,113.74000000000001,True,23.06888019416482,37.12416371638598,0.24332075856931437,0.39156992453440953,0.788367903772771
0.943939393939394,0.9333333333333333,0.9545454545454546,0.8235294117647058,0.875,0.04938271604938271,14,63,3,1,0.9808080808080808,0.8270200279023808,0.033369044336693084,0.3333333333333333,9,3,0.17647058823529413,17,8,0.16,25,10,secondary_g3_common,secondary_g3_common__r01_f01,1,1,max_depth_g3_common_straddle,max_depth,28,12,20.24621355510857,0.1728395061728395,optimized_primary,"3.38**2 * Matern(length_scale=6.84, nu=1.5)",11.449632642294906,6.8370112383215105,False,0,113.74000000000001,True,23.508050201026144,39.593666129220196,0.2479529374315297,0.41761718800459585,0.7592758796321276
0.943939393939394,0.9333333333333333,0.9545454545454546,0.8235294117647058,0.875,0.04938271604938271,14,63,3,1,0.9828282828282828,0.8343402893402894,0.02738197361660913,0.3333333333333333,9,3,0.23529411764705882,17,8,0.16,25,10,secondary_g3_common,secondary_g3_common__r01_f01,1,1,max_depth_g3_common_straddle,max_depth,29,12,20.22533036917732,0.18518518518518517,optimized_primary,"3.48**2 * Matern(length_scale=6.88, nu=1.5)",12.10099576844866,6.879615364468103,False,0,113.74000000000001,True,22.65952338387424,37.80529978360631,0.2390030366527294,0.3987542587183849,0.7805308166323093
0.9772727272727273,1.0,0.9545454545454546,0.8333333333333334,0.9090909090909091,0.037037037037037035,15,63,3,0,0.9828282828282828,0.8343402893402894,0.02723391757880871,0.3333333333333333,9,3,0.17647058823529413,17,8,0.12,25,10,secondary_g3_common,secondary_g3_common__r01_f01,1,1,max_depth_g3_common_straddle,max_depth,30,12,18.981947064407642,0.12345679012345678,optimized_primary,"3.47**2 * Matern(length_scale=6.97, nu=1.5)",12.0578094169937,6.9684441469392295,False,0,113.74000000000001,True,22.632243703027502,37.75741896978424,0.2387153021558102,0.3982492322133251,0.7810863846977318
0.6333333333333333,0.26666666666666666,1.0,1.0,0.42105263157894735,0.13580246913580246,4,66,0,11,0.9242424242424242,0.8501489458093231,0.09852206078091373,0.2222222222222222,9,3,0.35294117647058826,17,8,0.28,25,10,secondary_g3_common,secondary_g3_common__r01_f01,1,1,binary_g3_common_margin,binary,12,12,0.4456715339889142,0.1111111111111111,optimized_primary,"8.91**2 * Matern(length_scale=4.53, nu=1.5)",79.40350425086775,4.528507557825844,False,0,,False,,,,,
0.8,0.6,1.0,1.0,0.75,0.07407407407407407,9,66,0,6,0.9575757575757575,0.9055402930402929,0.08637714609599995,0.1111111111111111,9,3,0.17647058823529413,17,8,0.16,25,10,secondary_g3_common,secondary_g3_common__r01_f01,1,1,binary_g3_common_margin,binary,13,12,0.464271113541491,0.1111111111111111,optimized_primary,"10.4**2 * Matern(length_scale=4.78, nu=1.5)",107.34010757041254,4.777217707607727,False,0,,False,,,,,
0.8666666666666667,0.7333333333333333,1.0,1.0,0.8461538461538461,0.04938271604938271,11,66,0,4,0.9747474747474747,0.9304273504273504,0.07131208466467841,0.1111111111111111,9,3,0.17647058823529413,17,8,0.16,25,10,secondary_g3_common,secondary_g3_common__r01_f01,1,1,binary_g3_common_margin,binary,14,12,0.43906084989504024,0.04938271604938271,optimized_primary,"11.2**2 * Matern(length_scale=5.26, nu=1.5)",124.6422912605542,5.25633392280127,False,0,,False,,,,,
0.8848484848484849,0.8,0.9696969696969697,0.8571428571428571,0.8275862068965517,0.06172839506172839,12,64,2,3,0.9616161616161616,0.910395988420182,0.07233870388119308,0.1111111111111111,9,3,0.17647058823529413,17,8,0.16,25,10,secondary_g3_common,secondary_g3_common__r01_f01,1,1,binary_g3_common_margin,binary,15,12,0.4320552778621725,0.06172839506172839,optimized_primary,"12.4**2 * Matern(length_scale=6.09, nu=1.5)",154.2869499487058,6.093206865469909,False,0,,False,,,,,
0.9,0.8,1.0,1.0,0.8888888888888888,0.037037037037037035,12,66,0,3,0.9858585858585859,0.9554232804232805,0.060623136732817384,0.1111111111111111,9,3,0.11764705882352941,17,8,0.12,25,10,secondary_g3_common,secondary_g3_common__r01_f01,1,1,binary_g3_common_margin,binary,16,12,0.3844069742102012,0.037037037037037035,optimized_primary,"10.1**2 * Matern(length_scale=5.3, nu=1.5)",102.55529925008527,5.304576861815645,False,0,,False,,,,,
0.9,0.8,1.0,1.0,0.8888888888888888,0.037037037037037035,12,66,0,3,0.993939393939394,0.9776315789473684,0.05672621670448461,0.1111111111111111,9,3,0.11764705882352941,17,8,0.12,25,10,secondary_g3_common,secondary_g3_common__r01_f01,1,1,binary_g3_common_margin,binary,17,12,0.3851726179274841,0.04938271604938271,optimized_primary,"16.4**2 * Matern(length_scale=7.37, nu=1.5)",267.8941582810199,7.374376211110632,False,0,,False,,,,,
0.9257575757575758,0.8666666666666667,0.9848484848484849,0.9285714285714286,0.896551724137931,0.037037037037037035,13,65,1,2,0.996969696969697,0.9877124183006536,0.04786259201984955,0.1111111111111111,9,3,0.17647058823529413,17,8,0.12,25,10,secondary_g3_common,secondary_g3_common__r01_f01,1,1,binary_g3_common_margin,binary,18,12,0.3647617215944256,0.037037037037037035,optimized_primary,"15.4**2 * Matern(length_scale=7.05, nu=1.5)",236.85709206094052,7.046236763736613,False,0,,False,,,,,
0.9257575757575758,0.8666666666666667,0.9848484848484849,0.9285714285714286,0.896551724137931,0.037037037037037035,13,65,1,2,0.996969696969697,0.9877124183006536,0.041796925967801934,0.1111111111111111,9,3,0.17647058823529413,17,8,0.12,25,10,secondary_g3_common,secondary_g3_common__r01_f01,1,1,binary_g3_common_margin,binary,19,12,0.32733999698093835,0.037037037037037035,optimized_primary,"16.2**2 * Matern(length_scale=7.59, nu=1.5)",260.978209097986,7.589679889841488,False,0,,False,,,,,
0.9333333333333333,0.8666666666666667,1.0,1.0,0.9285714285714286,0.024691358024691357,13,66,0,2,0.995959595959596,0.9859649122807017,0.041126744529061676,0.1111111111111111,9,3,0.11764705882352941,17,8,0.08,25,10,secondary_g3_common,secondary_g3_common__r01_f01,1,1,binary_g3_common_margin,binary,20,12,0.306973737153567,0.012345679012345678,optimized_primary,"13.8**2 * Matern(length_scale=7.05, nu=1.5)",191.16197345281904,7.04586357291748,False,0,,False,,,,,
0.9333333333333333,0.8666666666666667,1.0,1.0,0.9285714285714286,0.024691358024691357,13,66,0,2,0.995959595959596,0.9844444444444445,0.03452443579046378,0.1111111111111111,9,3,0.11764705882352941,17,8,0.08,25,10,secondary_g3_common,secondary_g3_common__r01_f01,1,1,binary_g3_common_margin,binary,21,12,0.25968820008697613,0.012345679012345678,optimized_primary,"19.8**2 * Matern(length_scale=9.42, nu=1.5)",390.95208285215216,9.416517010087352,False,0,,False,,,,,
0.9333333333333333,0.8666666666666667,1.0,1.0,0.9285714285714286,0.024691358024691357,13,66,0,2,0.990909090909091,0.9723671497584541,0.03508978055107569,0.1111111111111111,9,3,0.11764705882352941,17,8,0.08,25,10,secondary_g3_common,secondary_g3_common__r01_f01,1,1,binary_g3_common_margin,binary,22,12,0.2596141298601397,0.012345679012345678,optimized_primary,"18.4**2 * Matern(length_scale=8.65, nu=1.5)",339.7921896794792,8.65375066136896,False,0,,False,,,,,
0.9333333333333333,0.8666666666666667,1.0,1.0,0.9285714285714286,0.024691358024691357,13,66,0,2,0.9939393939393939,0.9809523809523808,0.036368305414009705,0.1111111111111111,9,3,0.11764705882352941,17,8,0.08,25,10,secondary_g3_common,secondary_g3_common__r01_f01,1,1,binary_g3_common_margin,binary,23,12,0.2780377917494951,0.024691358024691357,optimized_primary,"18.7**2 * Matern(length_scale=7.94, nu=1.5)",348.8525132816742,7.94487615729412,False,0,,False,,,,,
0.9333333333333333,0.8666666666666667,1.0,1.0,0.9285714285714286,0.024691358024691357,13,66,0,2,0.9949494949494949,0.9833333333333332,0.03514297692269565,0.1111111111111111,9,3,0.11764705882352941,17,8,0.08,25,10,secondary_g3_common,secondary_g3_common__r01_f01,1,1,binary_g3_common_margin,binary,24,12,0.2682185935082429,0.024691358024691357,optimized_primary,"31.6**2 * Matern(length_scale=10.6, nu=1.5)",999.9999999999998,10.554869686292719,True,1,,False,,,,,
0.9333333333333333,0.8666666666666667,1.0,1.0,0.9285714285714286,0.024691358024691357,13,66,0,2,0.9919191919191919,0.9726190476190475,0.03230949660334685,0.1111111111111111,9,3,0.11764705882352941,17,8,0.08,25,10,secondary_g3_common,secondary_g3_common__r01_f01,1,1,binary_g3_common_margin,binary,25,12,0.22253722596274286,0.0,optimized_primary,"31.6**2 * Matern(length_scale=11.2, nu=1.5)",999.9999999999998,11.207667728319462,True,1,,False,,,,,
0.9333333333333333,0.8666666666666667,1.0,1.0,0.9285714285714286,0.024691358024691357,13,66,0,2,0.9959595959595959,0.9838235294117647,0.029203462986377812,0.1111111111111111,9,3,0.11764705882352941,17,8,0.08,25,10,secondary_g3_common,secondary_g3_common__r01_f01,1,1,binary_g3_common_margin,binary,26,12,0.19611183577342461,0.012345679012345678,optimized_primary,"31.6**2 * Matern(length_scale=12.6, nu=1.5)",999.9999999999998,12.60208541606453,True,1,,False,,,,,
0.9257575757575758,0.8666666666666667,0.9848484848484849,0.9285714285714286,0.896551724137931,0.037037037037037035,13,65,1,2,0.990909090909091,0.962185913501703,0.032658257572101015,0.2222222222222222,9,3,0.17647058823529413,17,8,0.12,25,10,secondary_g3_common,secondary_g3_common__r01_f01,1,1,binary_g3_common_margin,binary,27,12,0.1751113106414789,0.0,optimized_primary,"31.6**2 * Matern(length_scale=13.2, nu=1.5)",999.9999999999998,13.236299276884004,True,1,,False,,,,,
0.9257575757575758,0.8666666666666667,0.9848484848484849,0.9285714285714286,0.896551724137931,0.037037037037037035,13,65,1,2,0.993939393939394,0.9767585630743526,0.031015863956399138,0.2222222222222222,9,3,0.17647058823529413,17,8,0.12,25,10,secondary_g3_common,secondary_g3_common__r01_f01,1,1,binary_g3_common_margin,binary,28,12,0.17869280978323718,0.0,optimized_primary,"31.6**2 * Matern(length_scale=12.4, nu=1.5)",999.9999999999998,12.407521176705982,True,1,,False,,,,,
0.9257575757575758,0.8666666666666667,0.9848484848484849,0.9285714285714286,0.896551724137931,0.037037037037037035,13,65,1,2,0.994949494949495,0.9790616246498599,0.030970675835893233,0.2222222222222222,9,3,0.17647058823529413,17,8,0.12,25,10,secondary_g3_common,secondary_g3_common__r01_f01,1,1,binary_g3_common_margin,binary,29,12,0.1708089832654948,0.0,optimized_primary,"31.6**2 * Matern(length_scale=12.7, nu=1.5)",999.9999999999998,12.693400031363222,True,1,,False,,,,,
0.9257575757575758,0.8666666666666667,0.9848484848484849,0.9285714285714286,0.896551724137931,0.037037037037037035,13,65,1,2,0.9959595959595959,0.9838235294117647,0.027486405689340982,0.2222222222222222,9,3,0.17647058823529413,17,8,0.12,25,10,secondary_g3_common,secondary_g3_common__r01_f01,1,1,binary_g3_common_margin,binary,30,12,0.16063090136450353,0.012345679012345678,optimized_primary,"31.6**2 * Matern(length_scale=14, nu=1.5)",999.9999999999998,13.997391474776746,True,1,,False,,,,,
