severity,reason,partition,experiment_name,affected_label_frame_indices,affected_timesteps,detail,gif_path_in_repository,label_was_modified,manual_review_recommended
WARNING,annotator_or_channel_disagreement,new-data,P-102p928146519_VX-0p633805217924_LS-5p29394366699e-05_ST-318p223787128_M-TI64_XI-0p0002_XF-0p0014_XL-0p0012_TE-0p0021_DT-7p61136145079e-06_H-6c9c68731f,"[38,39,81,82,83,84,246,247,248,249,250,251,252,253,254,255]","[16328,16746,34333,34752,35171,35590,103486,103905,104324,105162,105581,106000,106419,106838,107257,107677]",label_1 differs from label_2 in 16 frames; identities are unavailable,P-102p928146519_VX-0p633805217924_LS-5p29394366699e-05_ST-318p223787128_M-TI64_XI-0p0002_XF-0p0014_XL-0p0012_TE-0p0021_DT-7p61136145079e-06_H-6c9c68731f/gif_files/animation_ss_side.gif,False,True
WARNING,annotator_or_channel_disagreement,new-data,P-109p741517589_VX-0p915030812968_LS-7p99759662409e-05_ST-303p804431165_M-TI64_XI-0p0002_XF-0p0014_XL-0p0012_TE-0p0021_DT-5p27208541466e-06_H-0e4c2fc094,"[36,92,93,94,95,96,256]","[11601,27834,28125,28415,28705,28996,75444]",label_1 differs from label_2 in 7 frames; identities are unavailable,P-109p741517589_VX-0p915030812968_LS-7p99759662409e-05_ST-303p804431165_M-TI64_XI-0p0002_XF-0p0014_XL-0p0012_TE-0p0021_DT-5p27208541466e-06_H-0e4c2fc094/gif_files/animation_ss_side.gif,False,True
WARNING,annotator_or_channel_disagreement,new-data,P-111p098510779_VX-0p492021331775_LS-4p80108469254e-05_ST-345p911753718_M-TI64_XI-0p0002_XF-0p0014_XL-0p0012_TE-0p0021_DT-9p80469807196e-06_H-0602c4a780,[38],[21030],label_1 differs from label_2 in 1 frames; identities are unavailable,P-111p098510779_VX-0p492021331775_LS-4p80108469254e-05_ST-345p911753718_M-TI64_XI-0p0002_XF-0p0014_XL-0p0012_TE-0p0021_DT-9p80469807196e-06_H-0602c4a780/gif_files/animation_ss_side.gif,False,True
WARNING,annotator_or_channel_disagreement,new-data,P-113p729503671_VX-0p646987288946_LS-8p28088886776e-05_ST-328p878079062_M-TI64_XI-0p0002_XF-0p0014_XL-0p0012_TE-0p0021_DT-7p45628343159e-06_H-0e4c2fc094,"[36,77,78,79,80,81,82,83,84,85,86,247,248,249]","[15585,32401,32811,33222,33632,34043,34453,34864,35275,35685,36096,102198,102608,103019]",label_1 differs from label_2 in 14 frames; identities are unavailable,P-113p729503671_VX-0p646987288946_LS-8p28088886776e-05_ST-328p878079062_M-TI64_XI-0p0002_XF-0p0014_XL-0p0012_TE-0p0021_DT-7p45628343159e-06_H-0e4c2fc094/gif_files/animation_ss_side.gif,False,True
WARNING,annotator_or_channel_disagreement,new-data,P-115p973342836_VX-0p629021136955_LS-5p81694798744e-05_ST-308p264473639_M-TI64_XI-0p0002_XF-0p0014_XL-0p0012_TE-0p0021_DT-7p66925039494e-06_H-27614c4053,"[32,243,244,245,246,247]","[15609,104695,105117,105540,106384,106807]",label_1 differs from label_2 in 6 frames; identities are unavailable,P-115p973342836_VX-0p629021136955_LS-5p81694798744e-05_ST-308p264473639_M-TI64_XI-0p0002_XF-0p0014_XL-0p0012_TE-0p0021_DT-7p66925039494e-06_H-27614c4053/gif_files/animation_ss_side.gif,False,True
WARNING,annotator_or_channel_disagreement,new-data,P-117p204089079_VX-0p299188895548_LS-6p61946140465e-05_ST-399p004242061_M-TI64_XI-0p0002_XF-0p0014_XL-0p0012_TE-0p0021_DT-1p61239961603e-05_H-0e4c2fc094,"[70,71,72,73,74,75,76,77]","[62115,63003,63891,64778,65666,66554,67442,68330]",label_1 differs from label_2 in 8 frames; identities are unavailable,P-117p204089079_VX-0p299188895548_LS-6p61946140465e-05_ST-399p004242061_M-TI64_XI-0p0002_XF-0p0014_XL-0p0012_TE-0p0021_DT-1p61239961603e-05_H-0e4c2fc094/gif_files/animation_ss_side.gif,False,True
WARNING,annotator_or_channel_disagreement,new-data,P-118p239150472_VX-0p728951155133_LS-5p59862781201e-05_ST-395p421202378_M-TI64_XI-0p0002_XF-0p0014_XL-0p0012_TE-0p0021_DT-6p61789280262e-06_H-44aa3a8888,"[37,38,251,252,253,254,255,256]","[13834,14198,91796,92160,92525,92889,93253,93618]",label_1 differs from label_2 in 8 frames; identities are unavailable,P-118p239150472_VX-0p728951155133_LS-5p59862781201e-05_ST-395p421202378_M-TI64_XI-0p0002_XF-0p0014_XL-0p0012_TE-0p0021_DT-6p61789280262e-06_H-44aa3a8888/gif_files/animation_ss_side.gif,False,True
WARNING,annotator_or_channel_disagreement,new-data,P-119p523515535_VX-0p859779155666_LS-6p70931710444e-05_ST-392p874711106_M-TI64_XI-0p0002_XF-0p0014_XL-0p0012_TE-0p0021_DT-5p61088341259e-06_H-2934a8b202,"[67,68,69,70,71,72,73,74,75,76,77,78,240,241,242,243,244]","[21909,22218,22526,22835,23143,23452,23760,24069,24377,24685,24994,25302,75351,75660,75969,76278,76586]",label_1 differs from label_2 in 17 frames; identities are unavailable,P-119p523515535_VX-0p859779155666_LS-6p70931710444e-05_ST-392p874711106_M-TI64_XI-0p0002_XF-0p0014_XL-0p0012_TE-0p0021_DT-5p61088341259e-06_H-2934a8b202/gif_files/animation_ss_side.gif,False,True
WARNING,annotator_or_channel_disagreement,new-data,P-120p079917874_VX-0p610410046914_LS-8p29242579558e-05_ST-398p6729924_M-TI64_XI-0p0002_XF-0p0014_XL-0p0012_TE-0p0021_DT-7p90308191584e-06_H-a88ac79600,"[32,236,237]","[16519,105277,105713]",label_1 differs from label_2 in 3 frames; identities are unavailable,P-120p079917874_VX-0p610410046914_LS-8p29242579558e-05_ST-398p6729924_M-TI64_XI-0p0002_XF-0p0014_XL-0p0012_TE-0p0021_DT-7p90308191584e-06_H-a88ac79600/gif_files/animation_ss_side.gif,False,True
WARNING,annotator_or_channel_disagreement,new-data,P-120p906267006_VX-0p64748664338_LS-6p03748750968e-05_ST-359p518818343_M-TI64_XI-0p0002_XF-0p0014_XL-0p0012_TE-0p0021_DT-7p45053299916e-06_H-c5f6eebf67,"[35,36,71,72,73,74,241,242,243]","[15164,15573,29914,30324,30735,31145,100068,100478,100888]",label_1 differs from label_2 in 9 frames; identities are unavailable,P-120p906267006_VX-0p64748664338_LS-6p03748750968e-05_ST-359p518818343_M-TI64_XI-0p0002_XF-0p0014_XL-0p0012_TE-0p0021_DT-7p45053299916e-06_H-c5f6eebf67/gif_files/animation_ss_side.gif,False,True
WARNING,annotator_or_channel_disagreement,new-data,P-122p181848607_VX-0p882188233955_LS-4p98408399334e-05_ST-370p38962934_M-TI64_XI-0p0002_XF-0p0014_XL-0p0012_TE-0p0021_DT-5p46835745177e-06_H-2afbe2208b,"[37,78,79,80,245,246,247,248,249,250]","[11431,23758,24059,24359,74038,74339,74640,74942,75243,75544]",label_1 differs from label_2 in 10 frames; identities are unavailable,P-122p181848607_VX-0p882188233955_LS-4p98408399334e-05_ST-370p38962934_M-TI64_XI-0p0002_XF-0p0014_XL-0p0012_TE-0p0021_DT-5p46835745177e-06_H-2afbe2208b/gif_files/animation_ss_side.gif,False,True
WARNING,annotator_or_channel_disagreement,new-data,P-124p08408212_VX-0p537482635976_LS-5p36452858207e-05_ST-384p350705088_M-TI64_XI-0p0002_XF-0p0014_XL-0p0012_TE-0p0021_DT-8p97539805031e-06_H-1d842653b1,"[70,71,72,73,74,75]","[35055,35549,36044,36538,37032,37526]",label_1 differs from label_2 in 6 frames; identities are unavailable,P-124p08408212_VX-0p537482635976_LS-5p36452858207e-05_ST-384p350705088_M-TI64_XI-0p0002_XF-0p0014_XL-0p0012_TE-0p0021_DT-8p97539805031e-06_H-1d842653b1/gif_files/animation_ss_side.gif,False,True
WARNING,annotator_or_channel_disagreement,new-data,P-126p384227376_VX-0p205870034079_LS-4p55514058242e-05_ST-348p956388187_M-TI64_XI-0p0002_XF-0p0014_XL-0p0012_TE-0p0021_DT-2p34328450209e-05_H-1d842653b1,"[36,57]","[46416,73513]",label_1 differs from label_2 in 2 frames; identities are unavailable,P-126p384227376_VX-0p205870034079_LS-4p55514058242e-05_ST-348p956388187_M-TI64_XI-0p0002_XF-0p0014_XL-0p0012_TE-0p0021_DT-2p34328450209e-05_H-1d842653b1/gif_files/animation_ss_side.gif,False,True
WARNING,annotator_or_channel_disagreement,new-data,P-129p716882801_VX-0p574107735504_LS-5p55330779174e-05_ST-369p509713723_M-TI64_XI-0p0002_XF-0p0014_XL-0p0012_TE-0p0021_DT-8p40281414912e-06_H-0e4c2fc094,"[77,242,243,244,245,246,247]","[36518,112862,113325,113788,114250,114713,115176]",label_1 differs from label_2 in 7 frames; identities are unavailable,P-129p716882801_VX-0p574107735504_LS-5p55330779174e-05_ST-369p509713723_M-TI64_XI-0p0002_XF-0p0014_XL-0p0012_TE-0p0021_DT-8p40281414912e-06_H-0e4c2fc094/gif_files/animation_ss_side.gif,False,True
WARNING,annotator_or_channel_disagreement,new-data,P-131p192514944_VX-0p432823544687_LS-6p72236683266e-05_ST-324p578264519_M-TI64_XI-0p0002_XF-0p0014_XL-0p0012_TE-0p0021_DT-1p11456982002e-05_H-dfd65b549a,"[32,33,69,70,71]","[22067,22680,44767,45381,45995]",label_1 differs from label_2 in 5 frames; identities are unavailable,P-131p192514944_VX-0p432823544687_LS-6p72236683266e-05_ST-324p578264519_M-TI64_XI-0p0002_XF-0p0014_XL-0p0012_TE-0p0021_DT-1p11456982002e-05_H-dfd65b549a/gif_files/animation_ss_side.gif,False,True
WARNING,annotator_or_channel_disagreement,new-data,P-132p334528879_VX-0p441351904611_LS-8p05471929698e-05_ST-380p80221881_M-TI64_XI-0p0002_XF-0p0014_XL-0p0012_TE-0p0021_DT-1p09303269174e-05_H-2934a8b202,"[33,34,35,62,63,64,65]","[21040,21641,22242,38485,39087,39689,40290]",label_1 differs from label_2 in 7 frames; identities are unavailable,P-132p334528879_VX-0p441351904611_LS-8p05471929698e-05_ST-380p80221881_M-TI64_XI-0p0002_XF-0p0014_XL-0p0012_TE-0p0021_DT-1p09303269174e-05_H-2934a8b202/gif_files/animation_ss_side.gif,False,True
WARNING,annotator_or_channel_disagreement,new-data,P-132p644034819_VX-0p797235702485_LS-4p6520297442e-05_ST-303p62522115_M-TI64_XI-0p0002_XF-0p0014_XL-0p0012_TE-0p0021_DT-6p0510594144e-06_H-0e4c2fc094,"[36,37,75,76,77,78]","[12316,12649,25291,25623,25956,26289]",label_1 differs from label_2 in 6 frames; identities are unavailable,P-132p644034819_VX-0p797235702485_LS-4p6520297442e-05_ST-303p62522115_M-TI64_XI-0p0002_XF-0p0014_XL-0p0012_TE-0p0021_DT-6p0510594144e-06_H-0e4c2fc094/gif_files/animation_ss_side.gif,False,True
WARNING,annotator_or_channel_disagreement,new-data,P-140p236446589_VX-0p550532928497_LS-7p91865165046e-05_ST-370p758962256_M-TI64_XI-0p0002_XF-0p0014_XL-0p0012_TE-0p0021_DT-8p76263771576e-06_H-a88ac79600,"[33,34,35,77,78,79,80,225,226,227,228,229,230,231,232,233]","[16869,17833,18314,38566,39048,39531,40013,110458,110941,111423,111906,112388,112871,113353,113836,114318]",label_1 differs from label_2 in 16 frames; identities are unavailable,P-140p236446589_VX-0p550532928497_LS-7p91865165046e-05_ST-370p758962256_M-TI64_XI-0p0002_XF-0p0014_XL-0p0012_TE-0p0021_DT-8p76263771576e-06_H-a88ac79600/gif_files/animation_ss_side.gif,False,True
WARNING,final_label_differs_from_both_inputs,new-data,P-140p236446589_VX-0p550532928497_LS-7p91865165046e-05_ST-370p758962256_M-TI64_XI-0p0002_XF-0p0014_XL-0p0012_TE-0p0021_DT-8p76263771576e-06_H-a88ac79600,[77],[38566],1 final labels differ from both label_1 and label_2,P-140p236446589_VX-0p550532928497_LS-7p91865165046e-05_ST-370p758962256_M-TI64_XI-0p0002_XF-0p0014_XL-0p0012_TE-0p0021_DT-8p76263771576e-06_H-a88ac79600/gif_files/animation_ss_side.gif,False,True
WARNING,initial_emptiness_after_physical_onset,new-data,P-140p236446589_VX-0p550532928497_LS-7p91865165046e-05_ST-370p758962256_M-TI64_XI-0p0002_XF-0p0014_XL-0p0012_TE-0p0021_DT-8p76263771576e-06_H-a88ac79600,[77],[38566],1 frames,P-140p236446589_VX-0p550532928497_LS-7p91865165046e-05_ST-370p758962256_M-TI64_XI-0p0002_XF-0p0014_XL-0p0012_TE-0p0021_DT-8p76263771576e-06_H-a88ac79600/gif_files/animation_ss_side.gif,False,True
WARNING,annotator_or_channel_disagreement,new-data,P-143p707582907_VX-0p952433280409_LS-8p80948922839e-05_ST-329p530804101_M-TI64_XI-0p0002_XF-0p0014_XL-0p0012_TE-0p0021_DT-5p06504833697e-06_H-1605f46060,"[32,33,73,74,75,243,244,245,246,247,248,249,250,251,252,253,254]","[10030,10309,21450,21728,22006,68854,69133,69412,69691,70248,70527,70806,71085,71643,71922,72201,72479]",label_1 differs from label_2 in 17 frames; identities are unavailable,P-143p707582907_VX-0p952433280409_LS-8p80948922839e-05_ST-329p530804101_M-TI64_XI-0p0002_XF-0p0014_XL-0p0012_TE-0p0021_DT-5p06504833697e-06_H-1605f46060/gif_files/animation_ss_side.gif,False,True
WARNING,annotator_or_channel_disagreement,new-data,P-144p087720513_VX-0p415546267467_LS-5p02923295381e-05_ST-327p07537462_M-TI64_XI-0p0002_XF-0p0014_XL-0p0012_TE-0p0021_DT-1p16091058462e-05_H-0602c4a780,"[36,72,73]","[22984,45991,46630]",label_1 differs from label_2 in 3 frames; identities are unavailable,P-144p087720513_VX-0p415546267467_LS-5p02923295381e-05_ST-327p07537462_M-TI64_XI-0p0002_XF-0p0014_XL-0p0012_TE-0p0021_DT-1p16091058462e-05_H-0602c4a780/gif_files/animation_ss_side.gif,False,True
WARNING,annotator_or_channel_disagreement,new-data,P-148p299467422_VX-0p674162518859_LS-5p7557139752e-05_ST-331p520012414_M-TI64_XI-0p0002_XF-0p0014_XL-0p0012_TE-0p0021_DT-7p15572353559e-06_H-e73b90164d,"[34,35,36,78,79,245]","[15351,15744,16138,32669,33063,98470]",label_1 differs from label_2 in 6 frames; identities are unavailable,P-148p299467422_VX-0p674162518859_LS-5p7557139752e-05_ST-331p520012414_M-TI64_XI-0p0002_XF-0p0014_XL-0p0012_TE-0p0021_DT-7p15572353559e-06_H-e73b90164d/gif_files/animation_ss_side.gif,False,True
WARNING,annotator_or_channel_disagreement,new-data,P-150p071418192_VX-0p423845414489_LS-8p67749479825e-05_ST-322p128190627_M-TI64_XI-0p0002_XF-0p0014_XL-0p0012_TE-0p0021_DT-1p1381792602e-05_H-2afbe2208b,"[79,80,81,82]","[50730,51357,51984,52610]",label_1 differs from label_2 in 4 frames; identities are unavailable,P-150p071418192_VX-0p423845414489_LS-8p67749479825e-05_ST-322p128190627_M-TI64_XI-0p0002_XF-0p0014_XL-0p0012_TE-0p0021_DT-1p1381792602e-05_H-2afbe2208b/gif_files/animation_ss_side.gif,False,True
WARNING,annotator_or_channel_disagreement,new-data,P-155p252053768_VX-0p916931554055_LS-7p35634948929e-05_ST-366p816583574_M-TI64_XI-0p0002_XF-0p0014_XL-0p0012_TE-0p0021_DT-5p26115671522e-06_H-1d842653b1,"[35,36,37,80,81,231,232,233,234,235,236,237,238,239,240,241,242,243,244,245,246,247,248,249,250,251,252,253]","[10419,10708,10998,23437,23726,67176,67465,67755,68045,68334,68624,68914,69204,69493,69783,70073,70362,70652,70942,71231,71521,71811,72101,72390,72680,72970,73259,73549]",label_1 differs from label_2 in 28 frames; identities are unavailable,P-155p252053768_VX-0p916931554055_LS-7p35634948929e-05_ST-366p816583574_M-TI64_XI-0p0002_XF-0p0014_XL-0p0012_TE-0p0021_DT-5p26115671522e-06_H-1d842653b1/gif_files/animation_ss_side.gif,False,True
WARNING,annotator_or_channel_disagreement,new-data,P-155p610380822_VX-0p863747905944_LS-4p82199969556e-05_ST-303p817651114_M-TI64_XI-0p0002_XF-0p0014_XL-0p0012_TE-0p0021_DT-5p58510251639e-06_H-44aa3a8888,"[71,72,73,74,75,76,77,78,79,248,249,250,251,252]","[22730,23037,23344,23651,23958,24265,24572,24879,25186,77157,77465,77772,78080,78387]",label_1 differs from label_2 in 14 frames; identities are unavailable,P-155p610380822_VX-0p863747905944_LS-4p82199969556e-05_ST-303p817651114_M-TI64_XI-0p0002_XF-0p0014_XL-0p0012_TE-0p0021_DT-5p58510251639e-06_H-44aa3a8888/gif_files/animation_ss_side.gif,False,True
WARNING,annotator_or_channel_disagreement,new-data,P-157p183722649_VX-0p714259673467_LS-7p38607203139e-05_ST-347p368293375_M-TI64_XI-0p0002_XF-0p0014_XL-0p0012_TE-0p0021_DT-6p75401507634e-06_H-add9572a86,"[31,32,63,64,65,241,242,243,244]","[13004,13376,24886,25257,25629,91082,91453,91825,92197]",label_1 differs from label_2 in 9 frames; identities are unavailable,P-157p183722649_VX-0p714259673467_LS-7p38607203139e-05_ST-347p368293375_M-TI64_XI-0p0002_XF-0p0014_XL-0p0012_TE-0p0021_DT-6p75401507634e-06_H-add9572a86/gif_files/animation_ss_side.gif,False,True
WARNING,annotator_or_channel_disagreement,new-data,P-160p605564338_VX-0p585171267024_LS-4p89218084001e-05_ST-323p833105745_M-TI64_XI-0p0002_XF-0p0014_XL-0p0012_TE-0p0021_DT-8p24394647322e-06_H-0602c4a780,"[36,37,38,66,67,68,248,249,250,251]","[17231,17684,18137,30834,31288,31742,113451,113905,114359,114813]",label_1 differs from label_2 in 10 frames; identities are unavailable,P-160p605564338_VX-0p585171267024_LS-4p89218084001e-05_ST-323p833105745_M-TI64_XI-0p0002_XF-0p0014_XL-0p0012_TE-0p0021_DT-8p24394647322e-06_H-0602c4a780/gif_files/animation_ss_side.gif,False,True
WARNING,annotator_or_channel_disagreement,new-data,P-162p142815649_VX-0p926926325143_LS-6p49234891537e-05_ST-377p454931887_M-TI64_XI-0p0002_XF-0p0014_XL-0p0012_TE-0p0021_DT-5p20442722594e-06_H-eed8ed7ef3,"[37,38,75,76,77,78,79,80,81,253,254,255,256]","[10593,10879,21467,21753,22040,22326,22612,22898,23184,73042,73329,73615,73902]",label_1 differs from label_2 in 13 frames; identities are unavailable,P-162p142815649_VX-0p926926325143_LS-6p49234891537e-05_ST-377p454931887_M-TI64_XI-0p0002_XF-0p0014_XL-0p0012_TE-0p0021_DT-5p20442722594e-06_H-eed8ed7ef3/gif_files/animation_ss_side.gif,False,True
WARNING,annotator_or_channel_disagreement,new-data,P-163p562272254_VX-0p729793018519_LS-5p10150522361e-05_ST-318p261957537_M-TI64_XI-0p0002_XF-0p0014_XL-0p0012_TE-0p0021_DT-6p6102586358e-06_H-eed8ed7ef3,"[36,37,38,39,40,41,42,43,44,45,46,47,48,49,50,51,52,53,54,55,56,57,58,59,60,61,62,63,64,65,66,67,68,69,70,71,72,73,74,75,76,77,78,79,80,81,82,83,84,85,86,87,88,89,90,91,92,93,94,250,251,252]","[13455,13818,14181,14545,14908,15272,15635,15998,16362,16725,17089,17452,17815,18179,18542,18906,19269,19632,19996,20359,20723,21086,21449,21813,22176,22540,22903,23266,23630,23993,24357,24720,25083,25447,25810,26174,26537,26901,27264,27628,27992,28356,28720,29084,29448,29812,30176,30540,30904,31268,31632,31996,32360,32724,33088,33452,33816,34180,34544,91326,91690,92054]",label_1 differs from label_2 in 62 frames; identities are unavailable,P-163p562272254_VX-0p729793018519_LS-5p10150522361e-05_ST-318p261957537_M-TI64_XI-0p0002_XF-0p0014_XL-0p0012_TE-0p0021_DT-6p6102586358e-06_H-eed8ed7ef3/gif_files/animation_ss_side.gif,False,True
WARNING,final_label_differs_from_both_inputs,new-data,P-163p562272254_VX-0p729793018519_LS-5p10150522361e-05_ST-318p261957537_M-TI64_XI-0p0002_XF-0p0014_XL-0p0012_TE-0p0021_DT-6p6102586358e-06_H-eed8ed7ef3,[77],[28356],1 final labels differ from both label_1 and label_2,P-163p562272254_VX-0p729793018519_LS-5p10150522361e-05_ST-318p261957537_M-TI64_XI-0p0002_XF-0p0014_XL-0p0012_TE-0p0021_DT-6p6102586358e-06_H-eed8ed7ef3/gif_files/animation_ss_side.gif,False,True
WARNING,annotator_or_channel_disagreement,new-data,P-164p187091551_VX-0p507792014735_LS-6p92164167976e-05_ST-301p020288893_M-TI64_XI-0p0002_XF-0p0014_XL-0p0012_TE-0p0021_DT-9p50018996564e-06_H-c15424829d,"[32,33,34,72,73,74,75,76,77,78]","[18288,18811,19333,39199,39722,40245,40769,41292,41815,42338]",label_1 differs from label_2 in 10 frames; identities are unavailable,P-164p187091551_VX-0p507792014735_LS-6p92164167976e-05_ST-301p020288893_M-TI64_XI-0p0002_XF-0p0014_XL-0p0012_TE-0p0021_DT-9p50018996564e-06_H-c15424829d/gif_files/animation_ss_side.gif,False,True
WARNING,annotator_or_channel_disagreement,new-data,P-164p607131174_VX-0p867199563125_LS-5p32762751968e-05_ST-314p058214573_M-TI64_XI-0p0002_XF-0p0014_XL-0p0012_TE-0p0021_DT-5p56287250149e-06_H-0e4c2fc094,"[33,69,70,71,72,73,74,75,76,77,252,253]","[11322,22334,22639,22945,23251,23557,23863,24169,24474,24780,78382,78688]",label_1 differs from label_2 in 12 frames; identities are unavailable,P-164p607131174_VX-0p867199563125_LS-5p32762751968e-05_ST-314p058214573_M-TI64_XI-0p0002_XF-0p0014_XL-0p0012_TE-0p0021_DT-5p56287250149e-06_H-0e4c2fc094/gif_files/animation_ss_side.gif,False,True
WARNING,annotator_or_channel_disagreement,new-data,P-166p111836501_VX-0p454755470987_LS-7p13150844087e-05_ST-303p391516497_M-TI64_XI-0p0002_XF-0p0014_XL-0p0012_TE-0p0021_DT-1p06081639712e-05_H-0e4c2fc094,"[34,64,65,66,67,68,69,70,71,72,73,74,75,76,77,78,79,80,81,82]","[20420,37934,38518,39102,39686,40270,40854,41438,42023,42607,43191,43775,44359,44943,45527,46111,46696,47280,47864,48448]",label_1 differs from label_2 in 20 frames; identities are unavailable,P-166p111836501_VX-0p454755470987_LS-7p13150844087e-05_ST-303p391516497_M-TI64_XI-0p0002_XF-0p0014_XL-0p0012_TE-0p0021_DT-1p06081639712e-05_H-0e4c2fc094/gif_files/animation_ss_side.gif,False,True
WARNING,annotator_or_channel_disagreement,new-data,P-167p350234557_VX-0p509305540745_LS-7p79284260895e-05_ST-367p465417979_M-TI64_XI-0p0002_XF-0p0014_XL-0p0012_TE-0p0021_DT-9p47195782704e-06_H-0c5439e4b5,"[35,36,80,81,82,83,84,85,86,87,88,89,90,91,92,93,94,95]","[18755,19275,42212,42734,43255,43777,44298,44820,45341,45863,46384,46906,47428,47949,48471,48992,49514,50035]",label_1 differs from label_2 in 18 frames; identities are unavailable,P-167p350234557_VX-0p509305540745_LS-7p79284260895e-05_ST-367p465417979_M-TI64_XI-0p0002_XF-0p0014_XL-0p0012_TE-0p0021_DT-9p47195782704e-06_H-0c5439e4b5/gif_files/animation_ss_side.gif,False,True
WARNING,annotator_or_channel_disagreement,new-data,P-168p279672268_VX-0p662944494492_LS-8p51138696034e-05_ST-361p222757169_M-TI64_XI-0p0002_XF-0p0014_XL-0p0012_TE-0p0021_DT-7p27680920966e-06_H-1d842653b1,"[31,87,88,89,90,91,92,155,179,230,231,232,233,234,235,236,237,238]","[14010,36428,36829,37230,37630,38031,38432,63675,73291,94127,94528,94928,95329,95730,96131,96531,96932,97333]",label_1 differs from label_2 in 18 frames; identities are unavailable,P-168p279672268_VX-0p662944494492_LS-8p51138696034e-05_ST-361p222757169_M-TI64_XI-0p0002_XF-0p0014_XL-0p0012_TE-0p0021_DT-7p27680920966e-06_H-1d842653b1/gif_files/animation_ss_side.gif,False,True
WARNING,annotator_or_channel_disagreement,new-data,P-172p471893954_VX-0p300060565388_LS-5p45268436948e-05_ST-394p546009672_M-TI64_XI-0p0002_XF-0p0014_XL-0p0012_TE-0p0021_DT-1p60771562794e-05_H-0e4c2fc094,"[36,61,62,63,64,65,66]","[31835,53967,54852,55737,56623,57508,58393]",label_1 differs from label_2 in 7 frames; identities are unavailable,P-172p471893954_VX-0p300060565388_LS-5p45268436948e-05_ST-394p546009672_M-TI64_XI-0p0002_XF-0p0014_XL-0p0012_TE-0p0021_DT-1p60771562794e-05_H-0e4c2fc094/gif_files/animation_ss_side.gif,False,True
WARNING,annotator_or_channel_disagreement,new-data,P-173p043282634_VX-0p866796851528_LS-6p96390683614e-05_ST-349p021338305_M-TI64_XI-0p0002_XF-0p0014_XL-0p0012_TE-0p0021_DT-5p56545699781e-06_H-27614c4053,"[34,35,81,82,83,84,85,86,253,254]","[11021,11328,25710,26016,26322,26628,26934,27240,78725,79031]",label_1 differs from label_2 in 10 frames; identities are unavailable,P-173p043282634_VX-0p866796851528_LS-6p96390683614e-05_ST-349p021338305_M-TI64_XI-0p0002_XF-0p0014_XL-0p0012_TE-0p0021_DT-5p56545699781e-06_H-27614c4053/gif_files/animation_ss_side.gif,False,True
WARNING,annotator_or_channel_disagreement,new-data,P-173p906668607_VX-0p677544388934_LS-8p62016404031e-05_ST-334p396108383_M-TI64_XI-0p0002_XF-0p0014_XL-0p0012_TE-0p0021_DT-7p12000672104e-06_H-89021150a8,"[34,86,87,88,248,249,250,251,252]","[14100,34466,34858,35250,97979,98371,98763,99155,99547]",label_1 differs from label_2 in 9 frames; identities are unavailable,P-173p906668607_VX-0p677544388934_LS-8p62016404031e-05_ST-334p396108383_M-TI64_XI-0p0002_XF-0p0014_XL-0p0012_TE-0p0021_DT-7p12000672104e-06_H-89021150a8/gif_files/animation_ss_side.gif,False,True
WARNING,annotator_or_channel_disagreement,new-data,P-177p821134596_VX-0p63969291749_LS-8p76195222961e-05_ST-320p228793407_M-TI64_XI-0p0002_XF-0p0014_XL-0p0012_TE-0p0021_DT-7p5413068851e-06_H-0e4c2fc094,"[31,233,234,235,236,237]","[14105,98380,98795,99211,99626,100041]",label_1 differs from label_2 in 6 frames; identities are unavailable,P-177p821134596_VX-0p63969291749_LS-8p76195222961e-05_ST-320p228793407_M-TI64_XI-0p0002_XF-0p0014_XL-0p0012_TE-0p0021_DT-7p5413068851e-06_H-0e4c2fc094/gif_files/animation_ss_side.gif,False,True
WARNING,annotator_or_channel_disagreement,new-data,P-185p872045369_VX-0p416268682161_LS-7p15564692144e-05_ST-371p982346013_M-TI64_XI-0p0002_XF-0p0014_XL-0p0012_TE-0p0021_DT-1p15889587897e-05_H-bc28d74e69,"[30,50,51,52,53,54,55,56,57,58,59,60,61,62,63,64,65,66,67,68,69]","[21670,34425,35063,35701,36339,36977,37615,38253,38892,39530,40168,40806,41444,42082,42720,43358,43997,44635,45273,45911,46549]",label_1 differs from label_2 in 21 frames; identities are unavailable,P-185p872045369_VX-0p416268682161_LS-7p15564692144e-05_ST-371p982346013_M-TI64_XI-0p0002_XF-0p0014_XL-0p0012_TE-0p0021_DT-1p15889587897e-05_H-bc28d74e69/gif_files/animation_ss_side.gif,False,True
WARNING,annotator_or_channel_disagreement,new-data,P-187p255870651_VX-0p828194463092_LS-4p64611349328e-05_ST-375p783913497_M-TI64_XI-0p0002_XF-0p0014_XL-0p0012_TE-0p0021_DT-5p82486459159e-06_H-bc28d74e69,"[36,67,68,69,70,71,72,73,74,75,76,77,78,79,80,81,82,142,245,255]","[11856,21784,22104,22424,22745,23065,23385,23705,24026,24346,24666,24986,25306,25627,25947,26267,26587,45831,78867,82074]",label_1 differs from label_2 in 20 frames; identities are unavailable,P-187p255870651_VX-0p828194463092_LS-4p64611349328e-05_ST-375p783913497_M-TI64_XI-0p0002_XF-0p0014_XL-0p0012_TE-0p0021_DT-5p82486459159e-06_H-bc28d74e69/gif_files/animation_ss_side.gif,False,True
WARNING,annotator_or_channel_disagreement,new-data,P-198p376734591_VX-0p636800402216_LS-8p40585875992e-05_ST-361p411435367_M-TI64_XI-0p0002_XF-0p0014_XL-0p0012_TE-0p0021_DT-7p5755614887e-06_H-1605f46060,"[29,72,73,74,75,76,77,78,233,234,235,236,237,238]","[13752,31668,32085,32502,32919,33337,33754,34171,99245,99662,100079,100496,100913,101330]",label_1 differs from label_2 in 14 frames; identities are unavailable,P-198p376734591_VX-0p636800402216_LS-8p40585875992e-05_ST-361p411435367_M-TI64_XI-0p0002_XF-0p0014_XL-0p0012_TE-0p0021_DT-7p5755614887e-06_H-1605f46060/gif_files/animation_ss_side.gif,False,True
WARNING,annotator_or_channel_disagreement,new-data,P-199p601335125_VX-0p449852506485_LS-5p7030843283e-05_ST-364p706449651_M-TI64_XI-0p0002_XF-0p0014_XL-0p0012_TE-0p0021_DT-1p07237828699e-05_H-1d842653b1,"[32,33,76,77,78,79,80,81,82,83,84,85,86,87,88,89,90]","[20643,21232,46614,47205,47795,48386,48976,49567,50157,50748,51338,51929,52519,53110,53700,54291,54881]",label_1 differs from label_2 in 17 frames; identities are unavailable,P-199p601335125_VX-0p449852506485_LS-5p7030843283e-05_ST-364p706449651_M-TI64_XI-0p0002_XF-0p0014_XL-0p0012_TE-0p0021_DT-1p07237828699e-05_H-1d842653b1/gif_files/animation_ss_side.gif,False,True
WARNING,annotator_or_channel_disagreement,new-data,P-203p030488295_VX-0p654564663741_LS-6p39602473907e-05_ST-333p568221635_M-TI64_XI-0p0002_XF-0p0014_XL-0p0012_TE-0p0021_DT-7p36996796534e-06_H-0e4c2fc094,"[33,34,84,85,86,87,88,89]","[15000,15405,35678,36083,36489,36895,37301,37707]",label_1 differs from label_2 in 8 frames; identities are unavailable,P-203p030488295_VX-0p654564663741_LS-6p39602473907e-05_ST-333p568221635_M-TI64_XI-0p0002_XF-0p0014_XL-0p0012_TE-0p0021_DT-7p36996796534e-06_H-0e4c2fc094/gif_files/animation_ss_side.gif,False,True
WARNING,annotator_or_channel_disagreement,new-data,P-203p317554156_VX-0p724937635215_LS-5p40301996917e-05_ST-325p306920736_M-TI64_XI-0p0002_XF-0p0014_XL-0p0012_TE-0p0021_DT-6p65453187788e-06_H-dfd65b549a,"[36,37,38,39,40,90,91,92,93,94,95]","[13179,13545,13910,14276,14642,32944,33310,33676,34043,34409,34776]",label_1 differs from label_2 in 11 frames; identities are unavailable,P-203p317554156_VX-0p724937635215_LS-5p40301996917e-05_ST-325p306920736_M-TI64_XI-0p0002_XF-0p0014_XL-0p0012_TE-0p0021_DT-6p65453187788e-06_H-dfd65b549a/gif_files/animation_ss_side.gif,False,True
WARNING,annotator_or_channel_disagreement,new-data,P-204p071587815_VX-0p957219619336_LS-8p8582220221e-05_ST-334p090301355_M-TI64_XI-0p0002_XF-0p0014_XL-0p0012_TE-0p0021_DT-5p03972182096e-06_H-676863bc48,"[34,35,81,82,83,84,85,86,87,88,89,90,239,240,241,242,243,244,245,246,247,248,249,250]","[9425,9703,22451,22728,23005,23282,23559,23836,24113,24390,24667,24944,66567,66845,67122,67400,67677,67955,68232,68510,68787,69342,69620,69897]",label_1 differs from label_2 in 24 frames; identities are unavailable,P-204p071587815_VX-0p957219619336_LS-8p8582220221e-05_ST-334p090301355_M-TI64_XI-0p0002_XF-0p0014_XL-0p0012_TE-0p0021_DT-5p03972182096e-06_H-676863bc48/gif_files/animation_ss_side.gif,False,True
WARNING,annotator_or_channel_disagreement,new-data,P-204p165012598_VX-0p624752635414_LS-8p54709329997e-05_ST-334p626206985_M-TI64_XI-0p0002_XF-0p0014_XL-0p0012_TE-0p0021_DT-7p72164906486e-06_H-4ecd858c02,"[35,36,37,87,88,89,90,91,92,93,94,95,96,97,98,99,100,101,102,103,104,105,106,249,250]","[14866,15291,15715,36956,37382,37807,38232,38657,39082,39508,39933,40358,40783,41208,41633,42059,42484,42909,43334,43759,44185,44610,45035,106686,107111]",label_1 differs from label_2 in 25 frames; identities are unavailable,P-204p165012598_VX-0p624752635414_LS-8p54709329997e-05_ST-334p626206985_M-TI64_XI-0p0002_XF-0p0014_XL-0p0012_TE-0p0021_DT-7p72164906486e-06_H-4ecd858c02/gif_files/animation_ss_side.gif,False,True
WARNING,annotator_or_channel_disagreement,new-data,P-207p432942583_VX-0p674802143379_LS-5p74396795379e-05_ST-382p34582068_M-TI64_XI-0p0002_XF-0p0014_XL-0p0012_TE-0p0021_DT-7p14894084192e-06_H-676863bc48,"[34,68,69,70,71,72,73,74,75,76,77,78,79,80,81,82,83,84,85,86,87,88,89,228,246,247,248]","[14157,27521,27915,28308,28702,29095,29489,29883,30276,30670,31064,31457,31851,32245,32638,33032,33426,33819,34213,34607,35000,35394,35787,91292,98377,98771,99165]",label_1 differs from label_2 in 27 frames; identities are unavailable,P-207p432942583_VX-0p674802143379_LS-5p74396795379e-05_ST-382p34582068_M-TI64_XI-0p0002_XF-0p0014_XL-0p0012_TE-0p0021_DT-7p14894084192e-06_H-676863bc48/gif_files/animation_ss_side.gif,False,True
WARNING,annotator_or_channel_disagreement,new-data,P-208p096600196_VX-0p256636148953_LS-4p52492384214e-05_ST-395p602757306_M-TI64_XI-0p0002_XF-0p0014_XL-0p0012_TE-0p0021_DT-1p87975101041e-05_H-1980b1708d,"[36,37,73,74,75,76]","[37228,38263,75525,76560,77595,78630]",label_1 differs from label_2 in 6 frames; identities are unavailable,P-208p096600196_VX-0p256636148953_LS-4p52492384214e-05_ST-395p602757306_M-TI64_XI-0p0002_XF-0p0014_XL-0p0012_TE-0p0021_DT-1p87975101041e-05_H-1980b1708d/gif_files/animation_ss_side.gif,False,True
WARNING,annotator_or_channel_disagreement,new-data,P-209p47686991_VX-0p866693950214_LS-6p90699464413e-05_ST-369p570871734_M-TI64_XI-0p0002_XF-0p0014_XL-0p0012_TE-0p0021_DT-5p56611777644e-06_H-b021dd2b47,"[72,73,74,75,76,77,78,79,80,81,82,83,84,85,248,249,250,251,252,253,254,255]","[22347,22653,22959,23265,23571,23877,24183,24489,24795,25101,25407,25713,26019,26325,76588,76895,77201,77508,77814,78121,78427,78734]",label_1 differs from label_2 in 22 frames; identities are unavailable,P-209p47686991_VX-0p866693950214_LS-6p90699464413e-05_ST-369p570871734_M-TI64_XI-0p0002_XF-0p0014_XL-0p0012_TE-0p0021_DT-5p56611777644e-06_H-b021dd2b47/gif_files/animation_ss_side.gif,False,True
WARNING,annotator_or_channel_disagreement,new-data,P-210p211145159_VX-0p921242046338_LS-8p23126060485e-05_ST-311p238003519_M-TI64_XI-0p0002_XF-0p0014_XL-0p0012_TE-0p0021_DT-5p23653975868e-06_H-0e4c2fc094,"[36,37,38,86,87,88,89,90,255,256,257,258,259,260,261,262,263,264,265,266,267,268,269,270,271,272,273]","[10946,11234,11522,25342,25630,25918,26206,26494,74358,74647,74935,75223,75512,75800,76088,76377,76665,76953,77242,77530,77818,78107,78395,78683,78972,79260,79549]",label_1 differs from label_2 in 27 frames; identities are unavailable,P-210p211145159_VX-0p921242046338_LS-8p23126060485e-05_ST-311p238003519_M-TI64_XI-0p0002_XF-0p0014_XL-0p0012_TE-0p0021_DT-5p23653975868e-06_H-0e4c2fc094/gif_files/animation_ss_side.gif,False,True
WARNING,annotator_or_channel_disagreement,new-data,P-210p302841339_VX-0p779412575788_LS-5p86430912284e-05_ST-304p177226769_M-TI64_XI-0p0002_XF-0p0014_XL-0p0012_TE-0p0021_DT-6p18943131388e-06_H-c15424829d,"[37,39,248,249]","[12598,13279,84487,84828]",label_1 differs from label_2 in 4 frames; identities are unavailable,P-210p302841339_VX-0p779412575788_LS-5p86430912284e-05_ST-304p177226769_M-TI64_XI-0p0002_XF-0p0014_XL-0p0012_TE-0p0021_DT-6p18943131388e-06_H-c15424829d/gif_files/animation_ss_side.gif,False,True
WARNING,annotator_or_channel_disagreement,new-data,P-210p331349445_VX-0p877062157481_LS-5p88084341536e-05_ST-346p930868597_M-TI64_XI-0p0002_XF-0p0014_XL-0p0012_TE-0p0021_DT-5p50031780743e-06_H-0e4c2fc094,"[36,71,72,246]","[11195,21780,22083,74774]",label_1 differs from label_2 in 4 frames; identities are unavailable,P-210p331349445_VX-0p877062157481_LS-5p88084341536e-05_ST-346p930868597_M-TI64_XI-0p0002_XF-0p0014_XL-0p0012_TE-0p0021_DT-5p50031780743e-06_H-0e4c2fc094/gif_files/animation_ss_side.gif,False,True
WARNING,final_label_differs_from_both_inputs,new-data,P-210p331349445_VX-0p877062157481_LS-5p88084341536e-05_ST-346p930868597_M-TI64_XI-0p0002_XF-0p0014_XL-0p0012_TE-0p0021_DT-5p50031780743e-06_H-0e4c2fc094,[246],[74774],1 final labels differ from both label_1 and label_2,P-210p331349445_VX-0p877062157481_LS-5p88084341536e-05_ST-346p930868597_M-TI64_XI-0p0002_XF-0p0014_XL-0p0012_TE-0p0021_DT-5p50031780743e-06_H-0e4c2fc094/gif_files/animation_ss_side.gif,False,True
WARNING,annotator_or_channel_disagreement,new-data,P-211p964201781_VX-0p31026524833_LS-8p22948660567e-05_ST-308p041416816_M-TI64_XI-0p0002_XF-0p0014_XL-0p0012_TE-0p0021_DT-1p5548375556e-05_H-22f5435fc5,"[34,35,36,37,38,39,40,41,74,75]","[29075,29931,30787,31643,32499,33355,34212,35068,63321,64177]",label_1 differs from label_2 in 10 frames; identities are unavailable,P-211p964201781_VX-0p31026524833_LS-8p22948660567e-05_ST-308p041416816_M-TI64_XI-0p0002_XF-0p0014_XL-0p0012_TE-0p0021_DT-1p5548375556e-05_H-22f5435fc5/gif_files/animation_ss_side.gif,False,True
WARNING,annotator_or_channel_disagreement,new-data,P-212p474685749_VX-0p445530901525_LS-8p01654967217e-05_ST-390p176194232_M-TI64_XI-0p0002_XF-0p0014_XL-0p0012_TE-0p0021_DT-1p08278024858e-05_H-4e23685f04,"[33,95,96,97,98,99]","[20843,57799,58395,58991,59587,60184]",label_1 differs from label_2 in 6 frames; identities are unavailable,P-212p474685749_VX-0p445530901525_LS-8p01654967217e-05_ST-390p176194232_M-TI64_XI-0p0002_XF-0p0014_XL-0p0012_TE-0p0021_DT-1p08278024858e-05_H-4e23685f04/gif_files/animation_ss_side.gif,False,True
WARNING,annotator_or_channel_disagreement,new-data,P-212p944274192_VX-0p351323873231_LS-4p80439392259e-05_ST-351p894554175_M-TI64_XI-0p0002_XF-0p0014_XL-0p0012_TE-0p0021_DT-1p37312632889e-05_H-7c2e16b959,"[38,84,85,86,92,93,94,95,96,97,98,99,100,101,102,103,104,105,106]","[28697,63477,64234,64990,69526,70282,71038,71795,72551,73307,74063,74819,75575,76331,77087,77843,78599,79355,80112]",label_1 differs from label_2 in 19 frames; identities are unavailable,P-212p944274192_VX-0p351323873231_LS-4p80439392259e-05_ST-351p894554175_M-TI64_XI-0p0002_XF-0p0014_XL-0p0012_TE-0p0021_DT-1p37312632889e-05_H-7c2e16b959/gif_files/animation_ss_side.gif,False,True
WARNING,forming_phase_returns_after_conduction_or_keyhole,new-data,P-212p944274192_VX-0p351323873231_LS-4p80439392259e-05_ST-351p894554175_M-TI64_XI-0p0002_XF-0p0014_XL-0p0012_TE-0p0021_DT-1p37312632889e-05_H-7c2e16b959,"[85,86,87,88,89,90,91,92,93,94,95]","[64234,64990,65746,66502,67258,68014,68770,69526,70282,71038,71795]",11 frames,P-212p944274192_VX-0p351323873231_LS-4p80439392259e-05_ST-351p894554175_M-TI64_XI-0p0002_XF-0p0014_XL-0p0012_TE-0p0021_DT-1p37312632889e-05_H-7c2e16b959/gif_files/animation_ss_side.gif,False,True
WARNING,annotator_or_channel_disagreement,new-data,P-213p315910834_VX-0p426447159191_LS-8p60684535809e-05_ST-346p722503996_M-TI64_XI-0p0002_XF-0p0014_XL-0p0012_TE-0p0021_DT-1p13123525366e-05_H-6aeda8a35c,"[32,69,70,71,72,73,74,75,76,77,78,79,80,81]","[20531,43569,44191,44814,45437,46060,46683,47306,47929,48552,49175,49798,50420,51043]",label_1 differs from label_2 in 14 frames; identities are unavailable,P-213p315910834_VX-0p426447159191_LS-8p60684535809e-05_ST-346p722503996_M-TI64_XI-0p0002_XF-0p0014_XL-0p0012_TE-0p0021_DT-1p13123525366e-05_H-6aeda8a35c/gif_files/animation_ss_side.gif,False,True
WARNING,annotator_or_channel_disagreement,new-data,P-217p682945702_VX-0p631899079757_LS-7p17459883069e-05_ST-324p134516573_M-TI64_XI-0p0002_XF-0p0014_XL-0p0012_TE-0p0021_DT-7p63432129838e-06_H-7c2e16b959,"[32,33,34,35,99,100,101,102,103,104,105,106,107,247]","[14278,14698,15118,15538,42423,42844,43264,43684,44105,44525,44946,45366,45786,104638]",label_1 differs from label_2 in 14 frames; identities are unavailable,P-217p682945702_VX-0p631899079757_LS-7p17459883069e-05_ST-324p134516573_M-TI64_XI-0p0002_XF-0p0014_XL-0p0012_TE-0p0021_DT-7p63432129838e-06_H-7c2e16b959/gif_files/animation_ss_side.gif,False,True
WARNING,annotator_or_channel_disagreement,new-data,P-222p079289377_VX-0p741891960581_LS-8p7279944479e-05_ST-335p366959171_M-TI64_XI-0p0002_XF-0p0014_XL-0p0012_TE-0p0021_DT-6p50245704137e-06_H-0f2c16c7e5,"[74,75,76,77,244,245,246,247,248,249,250,251,252,253,254,255,256,257,258]","[27535,27893,28251,28610,88404,88762,89120,89478,89836,90194,90552,90910,91268,91626,91984,92342,92700,93059,93417]",label_1 differs from label_2 in 19 frames; identities are unavailable,P-222p079289377_VX-0p741891960581_LS-8p7279944479e-05_ST-335p366959171_M-TI64_XI-0p0002_XF-0p0014_XL-0p0012_TE-0p0021_DT-6p50245704137e-06_H-0f2c16c7e5/gif_files/animation_ss_side.gif,False,True
WARNING,annotator_or_channel_disagreement,new-data,P-225p007853492_VX-0p825221323097_LS-8p70957490335e-05_ST-338p940755161_M-TI64_XI-0p0002_XF-0p0014_XL-0p0012_TE-0p0021_DT-5p84585064393e-06_H-c2c7cd9590,"[35,249]","[11255,81726]",label_1 differs from label_2 in 2 frames; identities are unavailable,P-225p007853492_VX-0p825221323097_LS-8p70957490335e-05_ST-338p940755161_M-TI64_XI-0p0002_XF-0p0014_XL-0p0012_TE-0p0021_DT-5p84585064393e-06_H-c2c7cd9590/gif_files/animation_ss_side.gif,False,True
WARNING,annotator_or_channel_disagreement,new-data,P-227p095146149_VX-0p485569900572_LS-4p61845747353e-05_ST-309p475761642_M-TI64_XI-0p0002_XF-0p0014_XL-0p0012_TE-0p0021_DT-9p93496630935e-06_H-c5f6eebf67,"[36,37,69]","[19671,20217,37712]",label_1 differs from label_2 in 3 frames; identities are unavailable,P-227p095146149_VX-0p485569900572_LS-4p61845747353e-05_ST-309p475761642_M-TI64_XI-0p0002_XF-0p0014_XL-0p0012_TE-0p0021_DT-9p93496630935e-06_H-c5f6eebf67/gif_files/animation_ss_side.gif,False,True
WARNING,annotator_or_channel_disagreement,new-data,P-230p324353521_VX-0p227660683076_LS-8p68191306555e-05_ST-386p564919231_M-TI64_XI-0p0002_XF-0p0014_XL-0p0012_TE-0p0021_DT-2p11899592755e-05_H-0602c4a780,"[32,63,64,65,66,67,68,69]","[37303,73474,74641,75807,76974,78141,79308,80475]",label_1 differs from label_2 in 8 frames; identities are unavailable,P-230p324353521_VX-0p227660683076_LS-8p68191306555e-05_ST-386p564919231_M-TI64_XI-0p0002_XF-0p0014_XL-0p0012_TE-0p0021_DT-2p11899592755e-05_H-0602c4a780/gif_files/animation_ss_side.gif,False,True
WARNING,annotator_or_channel_disagreement,new-data,P-231p081894821_VX-0p850370876493_LS-5p5190986405e-05_ST-302p777484886_M-TI64_XI-0p0002_XF-0p0014_XL-0p0012_TE-0p0021_DT-5p67296074733e-06_H-179e4a5e71,"[35,99,100,101,102,103,104,242]","[12171,32140,32452,32765,33077,33390,33702,76809]",label_1 differs from label_2 in 8 frames; identities are unavailable,P-231p081894821_VX-0p850370876493_LS-5p5190986405e-05_ST-302p777484886_M-TI64_XI-0p0002_XF-0p0014_XL-0p0012_TE-0p0021_DT-5p67296074733e-06_H-179e4a5e71/gif_files/animation_ss_side.gif,False,True
WARNING,annotator_or_channel_disagreement,new-data,P-233p106311211_VX-0p310101846937_LS-6p6327379673e-05_ST-336p786172861_M-TI64_XI-0p0002_XF-0p0014_XL-0p0012_TE-0p0021_DT-1p55565684328e-05_H-add9572a86,[76],[65067],label_1 differs from label_2 in 1 frames; identities are unavailable,P-233p106311211_VX-0p310101846937_LS-6p6327379673e-05_ST-336p786172861_M-TI64_XI-0p0002_XF-0p0014_XL-0p0012_TE-0p0021_DT-1p55565684328e-05_H-add9572a86/gif_files/animation_ss_side.gif,False,True
WARNING,annotator_or_channel_disagreement,new-data,P-233p11801175_VX-0p947725383123_LS-6p63357513021e-05_ST-310p062780041_M-TI64_XI-0p0002_XF-0p0014_XL-0p0012_TE-0p0021_DT-5p09020934642e-06_H-1d842653b1,"[32,101,102,103,104,105,106]","[9800,29115,29396,29676,29956,30236,30517]",label_1 differs from label_2 in 7 frames; identities are unavailable,P-233p11801175_VX-0p947725383123_LS-6p63357513021e-05_ST-310p062780041_M-TI64_XI-0p0002_XF-0p0014_XL-0p0012_TE-0p0021_DT-5p09020934642e-06_H-1d842653b1/gif_files/animation_ss_side.gif,False,True
WARNING,annotator_or_channel_disagreement,new-data,P-233p918914285_VX-0p55009860706_LS-6p76633993968e-05_ST-363p156889773_M-TI64_XI-0p0002_XF-0p0014_XL-0p0012_TE-0p0021_DT-8p76955611431e-06_H-9f078c62f6,"[69,70,71,72,73,74,75,76,77,78,79,80,81,82,110]","[33767,34250,34733,35216,35699,36182,36665,37148,37631,38113,38596,39079,39562,40045,53566]",label_1 differs from label_2 in 15 frames; identities are unavailable,P-233p918914285_VX-0p55009860706_LS-6p76633993968e-05_ST-363p156889773_M-TI64_XI-0p0002_XF-0p0014_XL-0p0012_TE-0p0021_DT-8p76955611431e-06_H-9f078c62f6/gif_files/animation_ss_side.gif,False,True
WARNING,annotator_or_channel_disagreement,new-data,P-236p369825033_VX-0p606859942193_LS-6p45901770765e-05_ST-328p218563755_M-TI64_XI-0p0002_XF-0p0014_XL-0p0012_TE-0p0021_DT-7p94931460723e-06_H-0e4c2fc094,"[35,101,102,103,104,105,106,107,108,109,110,111,112,113,245]","[15304,44175,44613,45051,45488,45926,46364,46801,47239,47677,48115,48552,48990,49428,107206]",label_1 differs from label_2 in 15 frames; identities are unavailable,P-236p369825033_VX-0p606859942193_LS-6p45901770765e-05_ST-328p218563755_M-TI64_XI-0p0002_XF-0p0014_XL-0p0012_TE-0p0021_DT-7p94931460723e-06_H-0e4c2fc094/gif_files/animation_ss_side.gif,False,True
WARNING,annotator_or_channel_disagreement,new-data,P-238p364831187_VX-0p683428278389_LS-5p30391716287e-05_ST-377p396343519_M-TI64_XI-0p0002_XF-0p0014_XL-0p0012_TE-0p0021_DT-7p05870792234e-06_H-1d842653b1,"[34,35,115,243,244]","[13591,13979,45052,94803,95192]",label_1 differs from label_2 in 5 frames; identities are unavailable,P-238p364831187_VX-0p683428278389_LS-5p30391716287e-05_ST-377p396343519_M-TI64_XI-0p0002_XF-0p0014_XL-0p0012_TE-0p0021_DT-7p05870792234e-06_H-1d842653b1/gif_files/animation_ss_side.gif,False,True
WARNING,final_label_differs_from_both_inputs,new-data,P-238p364831187_VX-0p683428278389_LS-5p30391716287e-05_ST-377p396343519_M-TI64_XI-0p0002_XF-0p0014_XL-0p0012_TE-0p0021_DT-7p05870792234e-06_H-1d842653b1,[0],[0],1 final labels differ from both label_1 and label_2,P-238p364831187_VX-0p683428278389_LS-5p30391716287e-05_ST-377p396343519_M-TI64_XI-0p0002_XF-0p0014_XL-0p0012_TE-0p0021_DT-7p05870792234e-06_H-1d842653b1/gif_files/animation_ss_side.gif,False,True
WARNING,initial_emptiness_after_physical_onset,new-data,P-238p364831187_VX-0p683428278389_LS-5p30391716287e-05_ST-377p396343519_M-TI64_XI-0p0002_XF-0p0014_XL-0p0012_TE-0p0021_DT-7p05870792234e-06_H-1d842653b1,"[1,2,3,4,5,6,7,8,9,10,11,12,13,14,15,16,17,18,19,20,21,22,23,24,25,26,27,28,29,30,31,32,33]","[389,777,1165,1553,1942,2330,2718,3106,3494,3883,4271,4659,5047,5436,5824,6212,6988,7377,7765,8154,8542,8930,9319,9707,10095,10484,10872,11261,11649,12037,12426,12814,13202]",33 frames,P-238p364831187_VX-0p683428278389_LS-5p30391716287e-05_ST-377p396343519_M-TI64_XI-0p0002_XF-0p0014_XL-0p0012_TE-0p0021_DT-7p05870792234e-06_H-1d842653b1/gif_files/animation_ss_side.gif,False,True
WARNING,annotator_or_channel_disagreement,new-data,P-240p986949999_VX-0p621810109213_LS-6p5255993688e-05_ST-389p31118835_M-TI64_XI-0p0002_XF-0p0014_XL-0p0012_TE-0p0021_DT-7p75818940789e-06_H-377b770359,"[103,104,105,106,107,108]","[45675,46103,46530,46957,47384,47811]",label_1 differs from label_2 in 6 frames; identities are unavailable,P-240p986949999_VX-0p621810109213_LS-6p5255993688e-05_ST-389p31118835_M-TI64_XI-0p0002_XF-0p0014_XL-0p0012_TE-0p0021_DT-7p75818940789e-06_H-377b770359/gif_files/animation_ss_side.gif,False,True
WARNING,annotator_or_channel_disagreement,new-data,P-241p526098173_VX-0p390351171714_LS-7p60309896784e-05_ST-322p459160533_M-TI64_XI-0p0002_XF-0p0014_XL-0p0012_TE-0p0021_DT-1p23584119956e-05_H-0e4c2fc094,"[29,75]","[21750,53045]",label_1 differs from label_2 in 2 frames; identities are unavailable,P-241p526098173_VX-0p390351171714_LS-7p60309896784e-05_ST-322p459160533_M-TI64_XI-0p0002_XF-0p0014_XL-0p0012_TE-0p0021_DT-1p23584119956e-05_H-0e4c2fc094/gif_files/animation_ss_side.gif,False,True
WARNING,annotator_or_channel_disagreement,new-data,P-242p307622127_VX-0p748861384084_LS-6p09484851001e-05_ST-306p16946129_M-TI64_XI-0p0002_XF-0p0014_XL-0p0012_TE-0p0021_DT-6p44194066558e-06_H-1d842653b1,"[32,33,34,35,84,85,86,87,88,89,90,91,92,93,94,95,96,97,243]","[12049,12403,12757,13112,30471,30826,31181,31535,31890,32245,32600,32954,33309,33664,34018,34373,34728,35083,88290]",label_1 differs from label_2 in 19 frames; identities are unavailable,P-242p307622127_VX-0p748861384084_LS-6p09484851001e-05_ST-306p16946129_M-TI64_XI-0p0002_XF-0p0014_XL-0p0012_TE-0p0021_DT-6p44194066558e-06_H-1d842653b1/gif_files/animation_ss_side.gif,False,True
WARNING,annotator_or_channel_disagreement,new-data,P-243p042265843_VX-0p642372627708_LS-5p19118052277e-05_ST-314p809567363_M-TI64_XI-0p0002_XF-0p0014_XL-0p0012_TE-0p0021_DT-7p50984770355e-06_H-ac0fcec187,"[78,79,80,81,82,83,84,85,86,87,90]","[33047,33461,33874,34288,34701,35115,35528,35942,36355,36769,38009]",label_1 differs from label_2 in 11 frames; identities are unavailable,P-243p042265843_VX-0p642372627708_LS-5p19118052277e-05_ST-314p809567363_M-TI64_XI-0p0002_XF-0p0014_XL-0p0012_TE-0p0021_DT-7p50984770355e-06_H-ac0fcec187/gif_files/animation_ss_side.gif,False,True
WARNING,repeated_keyhole_episodes,new-data,P-243p042265843_VX-0p642372627708_LS-5p19118052277e-05_ST-314p809567363_M-TI64_XI-0p0002_XF-0p0014_XL-0p0012_TE-0p0021_DT-7p50984770355e-06_H-ac0fcec187,[],[],2 distinct segments,P-243p042265843_VX-0p642372627708_LS-5p19118052277e-05_ST-314p809567363_M-TI64_XI-0p0002_XF-0p0014_XL-0p0012_TE-0p0021_DT-7p50984770355e-06_H-ac0fcec187/gif_files/animation_ss_side.gif,False,True
WARNING,annotator_or_channel_disagreement,new-data,P-250p363893775_VX-0p962117015407_LS-8p16921850603e-05_ST-395p976068127_M-TI64_XI-0p0002_XF-0p0014_XL-0p0012_TE-0p0021_DT-5p01406848207e-06_H-0f2c16c7e5,"[93,94,95,96,97,98,99,100,101,254]","[26195,26471,26747,27023,27299,27575,27851,28127,28403,71198]",label_1 differs from label_2 in 10 frames; identities are unavailable,P-250p363893775_VX-0p962117015407_LS-8p16921850603e-05_ST-395p976068127_M-TI64_XI-0p0002_XF-0p0014_XL-0p0012_TE-0p0021_DT-5p01406848207e-06_H-0f2c16c7e5/gif_files/animation_ss_side.gif,False,True
WARNING,final_label_differs_from_both_inputs,new-data,P-250p363893775_VX-0p962117015407_LS-8p16921850603e-05_ST-395p976068127_M-TI64_XI-0p0002_XF-0p0014_XL-0p0012_TE-0p0021_DT-5p01406848207e-06_H-0f2c16c7e5,[0],[0],1 final labels differ from both label_1 and label_2,P-250p363893775_VX-0p962117015407_LS-8p16921850603e-05_ST-395p976068127_M-TI64_XI-0p0002_XF-0p0014_XL-0p0012_TE-0p0021_DT-5p01406848207e-06_H-0f2c16c7e5/gif_files/animation_ss_side.gif,False,True
WARNING,initial_emptiness_after_physical_onset,new-data,P-250p363893775_VX-0p962117015407_LS-8p16921850603e-05_ST-395p976068127_M-TI64_XI-0p0002_XF-0p0014_XL-0p0012_TE-0p0021_DT-5p01406848207e-06_H-0f2c16c7e5,"[1,2,3,4,5,6,7,8,9,10,11,12,13,14,15,16,17,18,19,20,21,22,23,24,25,26,27,28,29,30]","[276,552,828,1104,1655,1931,2207,2482,2758,3034,3310,3585,3861,4137,4413,4688,4964,5516,5792,6067,6343,6619,6895,7171,7446,7722,7998,8274,8550,8826]",30 frames,P-250p363893775_VX-0p962117015407_LS-8p16921850603e-05_ST-395p976068127_M-TI64_XI-0p0002_XF-0p0014_XL-0p0012_TE-0p0021_DT-5p01406848207e-06_H-0f2c16c7e5/gif_files/animation_ss_side.gif,False,True
WARNING,annotator_or_channel_disagreement,new-data,P-250p760727959_VX-0p576945875618_LS-7p55521762294e-05_ST-375p926323236_M-TI64_XI-0p0002_XF-0p0014_XL-0p0012_TE-0p0021_DT-8p36147861851e-06_H-a88ac79600,"[31,32,33,34,71,72,73,74,75,76,77,78,79,80,81,82,245,246,247]","[14718,15178,15638,16097,33115,33576,34036,34497,34957,35417,35878,36338,36799,37259,37719,38180,113228,113688,114148]",label_1 differs from label_2 in 19 frames; identities are unavailable,P-250p760727959_VX-0p576945875618_LS-7p55521762294e-05_ST-375p926323236_M-TI64_XI-0p0002_XF-0p0014_XL-0p0012_TE-0p0021_DT-8p36147861851e-06_H-a88ac79600/gif_files/animation_ss_side.gif,False,True
WARNING,annotator_or_channel_disagreement,new-data,P-251p6022239_VX-0p703685008905_LS-6p09329521029e-05_ST-391p344263507_M-TI64_XI-0p0002_XF-0p0014_XL-0p0012_TE-0p0021_DT-6p85551140349e-06_H-0e4c2fc094,"[32,33,105,106,107,108,109,110,248,249,250,251]","[12822,13199,40357,40735,41112,41489,41867,42244,94338,94715,95093,95470]",label_1 differs from label_2 in 12 frames; identities are unavailable,P-251p6022239_VX-0p703685008905_LS-6p09329521029e-05_ST-391p344263507_M-TI64_XI-0p0002_XF-0p0014_XL-0p0012_TE-0p0021_DT-6p85551140349e-06_H-0e4c2fc094/gif_files/animation_ss_side.gif,False,True
WARNING,annotator_or_channel_disagreement,new-data,P-252p710023356_VX-0p579349155213_LS-8p35702038612e-05_ST-362p250166341_M-TI64_XI-0p0002_XF-0p0014_XL-0p0012_TE-0p0021_DT-8p32679319476e-06_H-1d842653b1,"[33,100,101,102,103,104,105,106,107,108,109,110,111,112,247,248,249,250,251]","[15573,46274,46733,47191,47650,48108,48567,49025,49484,49942,50401,50859,51318,51776,113675,114133,114592,115050,115509]",label_1 differs from label_2 in 19 frames; identities are unavailable,P-252p710023356_VX-0p579349155213_LS-8p35702038612e-05_ST-362p250166341_M-TI64_XI-0p0002_XF-0p0014_XL-0p0012_TE-0p0021_DT-8p32679319476e-06_H-1d842653b1/gif_files/animation_ss_side.gif,False,True
WARNING,annotator_or_channel_disagreement,new-data,P-255p411547814_VX-0p885409904065_LS-6p83114026847e-05_ST-348p701073765_M-TI64_XI-0p0002_XF-0p0014_XL-0p0012_TE-0p0021_DT-5p44846017745e-06_H-89021150a8,"[255,256]","[76469,76769]",label_1 differs from label_2 in 2 frames; identities are unavailable,P-255p411547814_VX-0p885409904065_LS-6p83114026847e-05_ST-348p701073765_M-TI64_XI-0p0002_XF-0p0014_XL-0p0012_TE-0p0021_DT-5p44846017745e-06_H-89021150a8/gif_files/animation_ss_side.gif,False,True
WARNING,annotator_or_channel_disagreement,new-data,P-255p66284442_VX-0p61175678634_LS-8p38548151022e-05_ST-392p782565278_M-TI64_XI-0p0002_XF-0p0014_XL-0p0012_TE-0p0021_DT-7p88568383831e-06_H-1d842653b1,"[102,103,104,105,106,249]","[45558,45992,46427,46861,47295,109388]",label_1 differs from label_2 in 6 frames; identities are unavailable,P-255p66284442_VX-0p61175678634_LS-8p38548151022e-05_ST-392p782565278_M-TI64_XI-0p0002_XF-0p0014_XL-0p0012_TE-0p0021_DT-7p88568383831e-06_H-1d842653b1/gif_files/animation_ss_side.gif,False,True
WARNING,annotator_or_channel_disagreement,new-data,P-256p84590034_VX-0p686841697171_LS-8p87652204691e-05_ST-323p817390946_M-TI64_XI-0p0002_XF-0p0014_XL-0p0012_TE-0p0021_DT-7p0236280396e-06_H-27614c4053,"[30,31,92,93,94,95,96,97,98,99,100,101,102,103,253,254]","[12364,12750,36320,36707,37093,37480,37867,38254,38640,39027,39414,39801,40187,40574,98973,99360]",label_1 differs from label_2 in 16 frames; identities are unavailable,P-256p84590034_VX-0p686841697171_LS-8p87652204691e-05_ST-323p817390946_M-TI64_XI-0p0002_XF-0p0014_XL-0p0012_TE-0p0021_DT-7p0236280396e-06_H-27614c4053/gif_files/animation_ss_side.gif,False,True
WARNING,annotator_or_channel_disagreement,new-data,P-258p098094226_VX-0p965907163653_LS-4p72561688305e-05_ST-378p378118453_M-TI64_XI-0p0002_XF-0p0014_XL-0p0012_TE-0p0021_DT-4p99439364832e-06_H-985b11a49e,"[36,37,38,39,101,102,103,104,105,106,107,108,109,110,111,112,113,252,253]","[10715,10989,11264,11539,28567,28842,29117,29392,29667,29942,30217,30492,30767,31042,31317,31592,31867,70093,70368]",label_1 differs from label_2 in 19 frames; identities are unavailable,P-258p098094226_VX-0p965907163653_LS-4p72561688305e-05_ST-378p378118453_M-TI64_XI-0p0002_XF-0p0014_XL-0p0012_TE-0p0021_DT-4p99439364832e-06_H-985b11a49e/gif_files/animation_ss_side.gif,False,True
WARNING,annotator_or_channel_disagreement,new-data,P-260p125654688_VX-0p378472963537_LS-6p21275317791e-05_ST-359p026868384_M-TI64_XI-0p0002_XF-0p0014_XL-0p0012_TE-0p0021_DT-1p27462753427e-05_H-0602c4a780,"[93,94,95,96,97,98,99,100]","[65940,66642,67344,68046,68748,69449,70151,70853]",label_1 differs from label_2 in 8 frames; identities are unavailable,P-260p125654688_VX-0p378472963537_LS-6p21275317791e-05_ST-359p026868384_M-TI64_XI-0p0002_XF-0p0014_XL-0p0012_TE-0p0021_DT-1p27462753427e-05_H-0602c4a780/gif_files/animation_ss_side.gif,False,True
WARNING,annotator_or_channel_disagreement,new-data,P-261p886347681_VX-0p412060740992_LS-8p23359668267e-05_ST-378p690023731_M-TI64_XI-0p0002_XF-0p0014_XL-0p0012_TE-0p0021_DT-1p17073045867e-05_H-0e4c2fc094,"[100,101]","[65720,66364]",label_1 differs from label_2 in 2 frames; identities are unavailable,P-261p886347681_VX-0p412060740992_LS-8p23359668267e-05_ST-378p690023731_M-TI64_XI-0p0002_XF-0p0014_XL-0p0012_TE-0p0021_DT-1p17073045867e-05_H-0e4c2fc094/gif_files/animation_ss_side.gif,False,True
WARNING,annotator_or_channel_disagreement,new-data,P-263p723264659_VX-0p501861307944_LS-7p03164616445e-05_ST-399p080626763_M-TI64_XI-0p0002_XF-0p0014_XL-0p0012_TE-0p0021_DT-9p61245771821e-06_H-1d842653b1,"[34,85,86,87,88,89,90,91,92]","[17976,44956,45485,46014,46544,47073,47602,48132,48661]",label_1 differs from label_2 in 9 frames; identities are unavailable,P-263p723264659_VX-0p501861307944_LS-7p03164616445e-05_ST-399p080626763_M-TI64_XI-0p0002_XF-0p0014_XL-0p0012_TE-0p0021_DT-9p61245771821e-06_H-1d842653b1/gif_files/animation_ss_side.gif,False,True
WARNING,annotator_or_channel_disagreement,new-data,P-265p432977562_VX-0p293015283246_LS-7p41925746724e-05_ST-326p902943993_M-TI64_XI-0p0002_XF-0p0014_XL-0p0012_TE-0p0021_DT-1p64637166689e-05_H-1d842653b1,"[76,77,78,79,80]","[68864,69770,70677,71583,72490]",label_1 differs from label_2 in 5 frames; identities are unavailable,P-265p432977562_VX-0p293015283246_LS-7p41925746724e-05_ST-326p902943993_M-TI64_XI-0p0002_XF-0p0014_XL-0p0012_TE-0p0021_DT-1p64637166689e-05_H-1d842653b1/gif_files/animation_ss_side.gif,False,True
WARNING,annotator_or_channel_disagreement,new-data,P-267p46239641_VX-0p483361678819_LS-7p67845272617e-05_ST-366p829607628_M-TI64_XI-0p0002_XF-0p0014_XL-0p0012_TE-0p0021_DT-9p98035387249e-06_H-1d842653b1,"[34,35,89,90,91,92,93]","[18664,19212,48876,49425,49975,50525,51074]",label_1 differs from label_2 in 7 frames; identities are unavailable,P-267p46239641_VX-0p483361678819_LS-7p67845272617e-05_ST-366p829607628_M-TI64_XI-0p0002_XF-0p0014_XL-0p0012_TE-0p0021_DT-9p98035387249e-06_H-1d842653b1/gif_files/animation_ss_side.gif,False,True
WARNING,annotator_or_channel_disagreement,new-data,P-267p660345133_VX-0p739236683111_LS-7p20061497304e-05_ST-322p433694738_M-TI64_XI-0p0002_XF-0p0014_XL-0p0012_TE-0p0021_DT-6p52581333317e-06_H-0e4c2fc094,"[34,98,99,100,101]","[12565,35540,35899,36258,36618]",label_1 differs from label_2 in 5 frames; identities are unavailable,P-267p660345133_VX-0p739236683111_LS-7p20061497304e-05_ST-322p433694738_M-TI64_XI-0p0002_XF-0p0014_XL-0p0012_TE-0p0021_DT-6p52581333317e-06_H-0e4c2fc094/gif_files/animation_ss_side.gif,False,True
WARNING,annotator_or_channel_disagreement,new-data,P-270p660461155_VX-0p506275452772_LS-4p55363433165e-05_ST-392p157982605_M-TI64_XI-0p0002_XF-0p0014_XL-0p0012_TE-0p0021_DT-9p52864804446e-06_H-b5aba20bdc,[88],[47187],label_1 differs from label_2 in 1 frames; identities are unavailable,P-270p660461155_VX-0p506275452772_LS-4p55363433165e-05_ST-392p157982605_M-TI64_XI-0p0002_XF-0p0014_XL-0p0012_TE-0p0021_DT-9p52864804446e-06_H-b5aba20bdc/gif_files/animation_ss_side.gif,False,True
WARNING,annotator_or_channel_disagreement,new-data,P-273p06384474_VX-0p951903552318_LS-4p77154604482e-05_ST-314p535783501_M-TI64_XI-0p0002_XF-0p0014_XL-0p0012_TE-0p0021_DT-5p06786700319e-06_H-b5afaa2141,"[78,79,80,81,82,83,84,85,86,87,88,246,247,248,249]","[22297,22576,22855,23133,23412,23690,23969,24248,24526,24805,25083,69171,69450,69729,70009]",label_1 differs from label_2 in 15 frames; identities are unavailable,P-273p06384474_VX-0p951903552318_LS-4p77154604482e-05_ST-314p535783501_M-TI64_XI-0p0002_XF-0p0014_XL-0p0012_TE-0p0021_DT-5p06786700319e-06_H-b5afaa2141/gif_files/animation_ss_side.gif,False,True
WARNING,final_label_differs_from_both_inputs,new-data,P-273p06384474_VX-0p951903552318_LS-4p77154604482e-05_ST-314p535783501_M-TI64_XI-0p0002_XF-0p0014_XL-0p0012_TE-0p0021_DT-5p06786700319e-06_H-b5afaa2141,[408],[115599],1 final labels differ from both label_1 and label_2,P-273p06384474_VX-0p951903552318_LS-4p77154604482e-05_ST-314p535783501_M-TI64_XI-0p0002_XF-0p0014_XL-0p0012_TE-0p0021_DT-5p06786700319e-06_H-b5afaa2141/gif_files/animation_ss_side.gif,False,True
WARNING,initial_emptiness_after_physical_onset,new-data,P-273p06384474_VX-0p951903552318_LS-4p77154604482e-05_ST-314p535783501_M-TI64_XI-0p0002_XF-0p0014_XL-0p0012_TE-0p0021_DT-5p06786700319e-06_H-b5afaa2141,[408],[115599],1 frames,P-273p06384474_VX-0p951903552318_LS-4p77154604482e-05_ST-314p535783501_M-TI64_XI-0p0002_XF-0p0014_XL-0p0012_TE-0p0021_DT-5p06786700319e-06_H-b5afaa2141/gif_files/animation_ss_side.gif,False,True
WARNING,annotator_or_channel_disagreement,new-data,P-273p444240295_VX-0p704920639812_LS-6p35261824567e-05_ST-347p093922324_M-TI64_XI-0p0002_XF-0p0014_XL-0p0012_TE-0p0021_DT-6p84349461565e-06_H-1d842653b1,"[31,32,33,34,35,92,93,94,95,96,97,98,99,100,101,102,103,104,105,106,107,108,109,250]","[12423,12800,13176,13553,13929,35387,35764,36141,36518,36895,37272,37648,38025,38402,38779,39156,39532,39909,40286,40663,41040,41417,41793,94926]",label_1 differs from label_2 in 24 frames; identities are unavailable,P-273p444240295_VX-0p704920639812_LS-6p35261824567e-05_ST-347p093922324_M-TI64_XI-0p0002_XF-0p0014_XL-0p0012_TE-0p0021_DT-6p84349461565e-06_H-1d842653b1/gif_files/animation_ss_side.gif,False,True
WARNING,annotator_or_channel_disagreement,new-data,P-277p972333632_VX-0p331196372511_LS-4p5620211888e-05_ST-324p411035281_M-TI64_XI-0p0002_XF-0p0014_XL-0p0012_TE-0p0021_DT-1p4565741063e-05_H-0e4c2fc094,"[61,62]","[48890,49692]",label_1 differs from label_2 in 2 frames; identities are unavailable,P-277p972333632_VX-0p331196372511_LS-4p5620211888e-05_ST-324p411035281_M-TI64_XI-0p0002_XF-0p0014_XL-0p0012_TE-0p0021_DT-1p4565741063e-05_H-0e4c2fc094/gif_files/animation_ss_side.gif,False,True
WARNING,annotator_or_channel_disagreement,new-data,P-279p19481345_VX-0p961152667742_LS-7p84955743249e-05_ST-372p579911887_M-TI64_XI-0p0002_XF-0p0014_XL-0p0012_TE-0p0021_DT-5p01909921797e-06_H-6ea4fcc339,"[30,31,32,112,113,114,115,251,252]","[8835,9111,9387,31472,31748,32024,32301,70440,70716]",label_1 differs from label_2 in 9 frames; identities are unavailable,P-279p19481345_VX-0p961152667742_LS-7p84955743249e-05_ST-372p579911887_M-TI64_XI-0p0002_XF-0p0014_XL-0p0012_TE-0p0021_DT-5p01909921797e-06_H-6ea4fcc339/gif_files/animation_ss_side.gif,False,True
WARNING,annotator_or_channel_disagreement,new-data,P-287p102038097_VX-0p362628106341_LS-6p67475186474e-05_ST-334p763632341_M-TI64_XI-0p0002_XF-0p0014_XL-0p0012_TE-0p0021_DT-1p33032175903e-05_H-c5f6eebf67,"[33,34,35,81,82,83,84,85,86,87,88,89,90,91,92,93,94,95,96,97,98,99,100,101,102,103,104,105,106,107,108,109,110,111,112,113,114,115,116,117,118,119,120,121,122,123,124,125,126,127,128,129,130,131,132,133,134,135,136,137,138,139,140,141,142,143,144,145,146,147,148,149,150,151,152,153,154,155,156,157,158]","[24143,24875,25606,59300,60033,60765,61498,62230,62963,63695,64428,65160,65893,66625,67358,68090,68823,69555,70288,71021,71753,72486,73218,73951,74683,75416,76148,76881,77613,78346,79078,79811,80543,81276,82008,82741,83473,84206,84938,85671,86404,87136,87869,88601,89334,90066,90799,91531,92264,92996,93729,94461,95194,95926,96659,97391,98124,98856,99589,100322,101054,101787,102519,103252,103984,104717,105449,106182,106914,107647,108379,109112,109844,110577,111309,112042,112774,113507,114240,114972,115599]",label_1 differs from label_2 in 81 frames; identities are unavailable,P-287p102038097_VX-0p362628106341_LS-6p67475186474e-05_ST-334p763632341_M-TI64_XI-0p0002_XF-0p0014_XL-0p0012_TE-0p0021_DT-1p33032175903e-05_H-c5f6eebf67/gif_files/animation_ss_side.gif,False,True
WARNING,annotator_or_channel_disagreement,new-data,P-292p980726174_VX-0p558994342483_LS-6p4603431573e-05_ST-342p453415035_M-TI64_XI-0p0002_XF-0p0014_XL-0p0012_TE-0p0021_DT-8p62999897564e-06_H-0e4c2fc094,"[35,103,104,105,106,107,108,109,110,111,112,113,114,115,116,117]","[17563,49861,50337,50812,51287,51762,52237,52713,53188,53663,54138,54613,55089,55564,56039,56514]",label_1 differs from label_2 in 16 frames; identities are unavailable,P-292p980726174_VX-0p558994342483_LS-6p4603431573e-05_ST-342p453415035_M-TI64_XI-0p0002_XF-0p0014_XL-0p0012_TE-0p0021_DT-8p62999897564e-06_H-0e4c2fc094/gif_files/animation_ss_side.gif,False,True
WARNING,annotator_or_channel_disagreement,new-data,P-293p577290228_VX-0p952339824621_LS-7p01980103413e-05_ST-347p682708595_M-TI64_XI-0p0002_XF-0p0014_XL-0p0012_TE-0p0021_DT-5p06554538443e-06_H-1d842653b1,"[34,253,254]","[9753,71371,71650]",label_1 differs from label_2 in 3 frames; identities are unavailable,P-293p577290228_VX-0p952339824621_LS-7p01980103413e-05_ST-347p682708595_M-TI64_XI-0p0002_XF-0p0014_XL-0p0012_TE-0p0021_DT-5p06554538443e-06_H-1d842653b1/gif_files/animation_ss_side.gif,False,True
WARNING,annotator_or_channel_disagreement,new-data,P-293p648784497_VX-0p426690912013_LS-5p33940457289e-05_ST-351p677261216_M-TI64_XI-0p0002_XF-0p0014_XL-0p0012_TE-0p0021_DT-1p13058902058e-05_H-5799d46da7,[68],[44166],label_1 differs from label_2 in 1 frames; identities are unavailable,P-293p648784497_VX-0p426690912013_LS-5p33940457289e-05_ST-351p677261216_M-TI64_XI-0p0002_XF-0p0014_XL-0p0012_TE-0p0021_DT-1p13058902058e-05_H-5799d46da7/gif_files/animation_ss_side.gif,False,True
WARNING,annotator_or_channel_disagreement,new-data,P-307p26373251_VX-0p980958450675_LS-7p64412572662e-05_ST-372p845922747_M-TI64_XI-0p0002_XF-0p0014_XL-0p0012_TE-0p0021_DT-4p91776241868e-06_H-0e4c2fc094,"[32,33,34,35,36,37,113,114,115,116,117,118,119,120,121,122,123,124,125,126,127,128,129,130,131,132,133,134,135,136,137,138,139,140,141,142,143,144,145,146,147,148,149,255]","[8656,8927,9197,9468,9738,10009,30565,30836,31106,31377,31648,31919,32190,32460,32731,33002,33273,33544,33814,34085,34356,34627,34898,35168,35439,35710,35981,36252,36522,36793,37064,37335,37605,37876,38147,38418,38689,38959,39230,39501,39772,40043,40313,69288]",label_1 differs from label_2 in 44 frames; identities are unavailable,P-307p26373251_VX-0p980958450675_LS-7p64412572662e-05_ST-372p845922747_M-TI64_XI-0p0002_XF-0p0014_XL-0p0012_TE-0p0021_DT-4p91776241868e-06_H-0e4c2fc094/gif_files/animation_ss_side.gif,False,True
WARNING,final_label_differs_from_both_inputs,new-data,P-307p26373251_VX-0p980958450675_LS-7p64412572662e-05_ST-372p845922747_M-TI64_XI-0p0002_XF-0p0014_XL-0p0012_TE-0p0021_DT-4p91776241868e-06_H-0e4c2fc094,[0],[0],1 final labels differ from both label_1 and label_2,P-307p26373251_VX-0p980958450675_LS-7p64412572662e-05_ST-372p845922747_M-TI64_XI-0p0002_XF-0p0014_XL-0p0012_TE-0p0021_DT-4p91776241868e-06_H-0e4c2fc094/gif_files/animation_ss_side.gif,False,True
WARNING,initial_emptiness_after_physical_onset,new-data,P-307p26373251_VX-0p980958450675_LS-7p64412572662e-05_ST-372p845922747_M-TI64_XI-0p0002_XF-0p0014_XL-0p0012_TE-0p0021_DT-4p91776241868e-06_H-0e4c2fc094,"[1,2,3,4,5,6,7,8,9,10,11,12,13,14,15,16,17,18,19,20,21,22,23,24,25,26,27,28,29,30,31]","[271,541,812,1082,1353,1623,1894,2164,2435,2705,2976,3246,3517,3787,4058,4328,4598,4869,5139,5410,5680,5951,6221,6492,6762,7033,7303,7574,7844,8115,8386]",31 frames,P-307p26373251_VX-0p980958450675_LS-7p64412572662e-05_ST-372p845922747_M-TI64_XI-0p0002_XF-0p0014_XL-0p0012_TE-0p0021_DT-4p91776241868e-06_H-0e4c2fc094/gif_files/animation_ss_side.gif,False,True
WARNING,annotator_or_channel_disagreement,new-data,P-307p533441342_VX-0p76958695679_LS-6p29715413405e-05_ST-358p843506265_M-TI64_XI-0p0002_XF-0p0014_XL-0p0012_TE-0p0021_DT-6p26845421489e-06_H-0602c4a780,"[34,85,86,87,247,248,249,250,251]","[12069,29650,29995,30340,85566,85912,86257,86602,86947]",label_1 differs from label_2 in 9 frames; identities are unavailable,P-307p533441342_VX-0p76958695679_LS-6p29715413405e-05_ST-358p843506265_M-TI64_XI-0p0002_XF-0p0014_XL-0p0012_TE-0p0021_DT-6p26845421489e-06_H-0602c4a780/gif_files/animation_ss_side.gif,False,True
WARNING,annotator_or_channel_disagreement,new-data,P-308p624203673_VX-0p258745269308_LS-8p46230110859e-05_ST-352p536460601_M-TI64_XI-0p0002_XF-0p0014_XL-0p0012_TE-0p0021_DT-1p86442852305e-05_H-19ea1511f8,"[30,31,64,65]","[30764,31791,65669,66696]",label_1 differs from label_2 in 4 frames; identities are unavailable,P-308p624203673_VX-0p258745269308_LS-8p46230110859e-05_ST-352p536460601_M-TI64_XI-0p0002_XF-0p0014_XL-0p0012_TE-0p0021_DT-1p86442852305e-05_H-19ea1511f8/gif_files/animation_ss_side.gif,False,True
WARNING,annotator_or_channel_disagreement,new-data,P-310p791038761_VX-0p793031296086_LS-6p97064070297e-05_ST-311p244290057_M-TI64_XI-0p0002_XF-0p0014_XL-0p0012_TE-0p0021_DT-6p08314025792e-06_H-9f078c62f6,"[32,33,244,245,246,247,248,249,250,251,252]","[11043,11377,82366,82701,83036,83371,83706,84041,84376,84711,85046]",label_1 differs from label_2 in 11 frames; identities are unavailable,P-310p791038761_VX-0p793031296086_LS-6p97064070297e-05_ST-311p244290057_M-TI64_XI-0p0002_XF-0p0014_XL-0p0012_TE-0p0021_DT-6p08314025792e-06_H-9f078c62f6/gif_files/animation_ss_side.gif,False,True
WARNING,annotator_or_channel_disagreement,new-data,P-311p847977036_VX-0p831533579891_LS-6p59632228328e-05_ST-369p023839283_M-TI64_XI-0p0002_XF-0p0014_XL-0p0012_TE-0p0021_DT-5p80147419139e-06_H-0602c4a780,"[31,66,67,68,69,70,71,72,73,74,75,76,77,238,239,240]","[10850,22015,22334,22653,22972,23291,23610,23929,24248,24567,24886,25205,25524,77592,77911,78231]",label_1 differs from label_2 in 16 frames; identities are unavailable,P-311p847977036_VX-0p831533579891_LS-6p59632228328e-05_ST-369p023839283_M-TI64_XI-0p0002_XF-0p0014_XL-0p0012_TE-0p0021_DT-5p80147419139e-06_H-0602c4a780/gif_files/animation_ss_side.gif,False,True
WARNING,annotator_or_channel_disagreement,new-data,P-319p96920879_VX-0p866402209965_LS-6p35942162539e-05_ST-320p061265262_M-TI64_XI-0p0002_XF-0p0014_XL-0p0012_TE-0p0021_DT-5p56799203364e-06_H-560be51b32,"[32,33,71,72,73,74,75,76,77,78,79,80,81,82,83,84,85,86,87,88,89,90,91,92,241]","[10414,10720,22354,22660,22966,23272,23579,23885,24191,24497,24803,25109,25415,25721,26027,26334,26640,26946,27252,27559,27866,28172,28479,28785,74468]",label_1 differs from label_2 in 25 frames; identities are unavailable,P-319p96920879_VX-0p866402209965_LS-6p35942162539e-05_ST-320p061265262_M-TI64_XI-0p0002_XF-0p0014_XL-0p0012_TE-0p0021_DT-5p56799203364e-06_H-560be51b32/gif_files/animation_ss_side.gif,False,True
WARNING,annotator_or_channel_disagreement,new-data,P-323p763442528_VX-0p850556183123_LS-6p97450047543e-05_ST-350p102665969_M-TI64_XI-0p0002_XF-0p0014_XL-0p0012_TE-0p0021_DT-5p67172480635e-06_H-fe613e406c,"[34,35,36,37,38,104,105,106,107,108,109,110,111,112,113,114,115,116,117,118,119,120,252]","[11232,11544,11856,12168,12480,33070,33382,33695,34007,34319,34632,34944,35256,35568,35881,36193,36505,36818,37130,37442,37755,38067,79604]",label_1 differs from label_2 in 23 frames; identities are unavailable,P-323p763442528_VX-0p850556183123_LS-6p97450047543e-05_ST-350p102665969_M-TI64_XI-0p0002_XF-0p0014_XL-0p0012_TE-0p0021_DT-5p67172480635e-06_H-fe613e406c/gif_files/animation_ss_side.gif,False,True
WARNING,annotator_or_channel_disagreement,new-data,P-324p489523844_VX-0p639524903021_LS-7p4699050731e-05_ST-392p096101418_M-TI64_XI-0p0002_XF-0p0014_XL-0p0012_TE-0p0021_DT-7p54328811939e-06_H-eed8ed7ef3,"[82,83,84,85,240]","[34856,35271,35687,36102,100483]",label_1 differs from label_2 in 5 frames; identities are unavailable,P-324p489523844_VX-0p639524903021_LS-7p4699050731e-05_ST-392p096101418_M-TI64_XI-0p0002_XF-0p0014_XL-0p0012_TE-0p0021_DT-7p54328811939e-06_H-eed8ed7ef3/gif_files/animation_ss_side.gif,False,True
WARNING,annotator_or_channel_disagreement,new-data,P-326p931045044_VX-0p255856443683_LS-6p48737236991e-05_ST-399p817710522_M-TI64_XI-0p0002_XF-0p0014_XL-0p0012_TE-0p0021_DT-1p88547942494e-05_H-9cf0389d20,"[90,91,92]","[93405,94443,95481]",label_1 differs from label_2 in 3 frames; identities are unavailable,P-326p931045044_VX-0p255856443683_LS-6p48737236991e-05_ST-399p817710522_M-TI64_XI-0p0002_XF-0p0014_XL-0p0012_TE-0p0021_DT-1p88547942494e-05_H-9cf0389d20/gif_files/animation_ss_side.gif,False,True
WARNING,annotator_or_channel_disagreement,new-data,P-328p176471421_VX-0p746856862244_LS-5p78341655667e-05_ST-308p284457774_M-TI64_XI-0p0002_XF-0p0014_XL-0p0012_TE-0p0021_DT-6p45923047225e-06_H-354781c6a2,"[114,115,116,117,118,119,120,121,122,123,124,125,126,127,128,129,130,251,252]","[40512,40868,41223,41579,41935,42290,42646,43002,43357,43713,44069,44424,44780,45136,45491,45847,46203,89594,89950]",label_1 differs from label_2 in 19 frames; identities are unavailable,P-328p176471421_VX-0p746856862244_LS-5p78341655667e-05_ST-308p284457774_M-TI64_XI-0p0002_XF-0p0014_XL-0p0012_TE-0p0021_DT-6p45923047225e-06_H-354781c6a2/gif_files/animation_ss_side.gif,False,True
WARNING,annotator_or_channel_disagreement,new-data,P-335p17845091_VX-0p53366627312_LS-7p35439468085e-05_ST-327p916348879_M-TI64_XI-0p0002_XF-0p0014_XL-0p0012_TE-0p0021_DT-9p03958306155e-06_H-1d842653b1,"[75,76,77]","[37795,38293,38790]",label_1 differs from label_2 in 3 frames; identities are unavailable,P-335p17845091_VX-0p53366627312_LS-7p35439468085e-05_ST-327p916348879_M-TI64_XI-0p0002_XF-0p0014_XL-0p0012_TE-0p0021_DT-9p03958306155e-06_H-1d842653b1/gif_files/animation_ss_side.gif,False,True
WARNING,annotator_or_channel_disagreement,new-data,P-336p384535968_VX-0p857000372961_LS-5p14827567032e-05_ST-367p720955238_M-TI64_XI-0p0002_XF-0p0014_XL-0p0012_TE-0p0021_DT-5p62907643359e-06_H-1d842653b1,"[36,102,103,104,105,106,107,108,109,110,111,112,113,114,115]","[11147,31581,31891,32201,32511,32821,33131,33441,33751,34061,34371,34681,34991,35301,35611]",label_1 differs from label_2 in 15 frames; identities are unavailable,P-336p384535968_VX-0p857000372961_LS-5p14827567032e-05_ST-367p720955238_M-TI64_XI-0p0002_XF-0p0014_XL-0p0012_TE-0p0021_DT-5p62907643359e-06_H-1d842653b1/gif_files/animation_ss_side.gif,False,True
WARNING,annotator_or_channel_disagreement,new-data,P-339p704237738_VX-0p701398887747_LS-5p24684299583e-05_ST-300p218383071_M-TI64_XI-0p0002_XF-0p0014_XL-0p0012_TE-0p0021_DT-6p87785607775e-06_H-1d842653b1,"[32,108,109,110,111,112,113,114,115,116,117,118,119,120,262,263,264,265,266,267,268,269,270,271,272,273,274,275,276,277,278,279,280,281,282,283,284]","[13621,42382,42761,43140,43518,43897,44276,44655,45033,45412,45791,46169,46548,46927,100705,101084,101462,101841,102220,102599,102977,103356,103735,104113,104492,104871,105250,105628,106007,106386,106764,107143,107522,107901,108279,108658,109037]",label_1 differs from label_2 in 37 frames; identities are unavailable,P-339p704237738_VX-0p701398887747_LS-5p24684299583e-05_ST-300p218383071_M-TI64_XI-0p0002_XF-0p0014_XL-0p0012_TE-0p0021_DT-6p87785607775e-06_H-1d842653b1/gif_files/animation_ss_side.gif,False,True
WARNING,bug_free_flag_zero,new-data,P-339p704237738_VX-0p701398887747_LS-5p24684299583e-05_ST-300p218383071_M-TI64_XI-0p0002_XF-0p0014_XL-0p0012_TE-0p0021_DT-6p87785607775e-06_H-1d842653b1,"[0,1,2,3,4,5,6,7,8,9,10,11,12,13,14,15,16,17,18,19,20,21,22,23,24,25,26,27,28,29,30,31,32,33,34,35,36,37,38,39,40,41,42,43,44,45,46,47,48,49,50,51,52,53,54,55,56,57,58,59,60,61,62,63,64,65,66,67,68,69,70,71,72,73,74,75,76,77,78,79,80,81,82,83,84,85,86,87,88,89,90,91,92,93,94,95,96,97,98,99,100,101,102,103,104,105,106,107,108,109,110,111,112,113,114,115,116,117,118,119,120,121,122,123,124,125,126,127,128,129,130,131,132,133,134,135,136,137,138,139,140,141,142,143,144,145,146,147,148,149,150,151,152,153,154,155,156,157,158,159,160,161,162,163,164,165,166,167,168,169,170,171,172,173,174,175,176,177,178,179,180,181,182,183,184,185,186,187,188,189,190,191,192,193,194,195,196,197,198,199,200,201,202,203,204,205,206,207,208,209,210,211,212,213,214,215,216,217,218,219,220,221,222,223,224,225,226,227,228,229,230,231,232,233,234,235,236,237,238,239,240,241,242,243,244,245,246,247,248,249,250,251,252,253,254,255,256,257,258,259,260,261,262,263,264,265,266,267,268,269,270,271,272,273,274,275,276,277,278,279,280,281,282,283,284,285,286,287,288,289,290,291,292,293,294,295,296,297,298,299,300,301,302]","[0,379,757,1135,1514,1892,2270,3027,3783,4161,4540,4918,5296,5675,6053,6431,6809,7188,7945,8323,8701,9080,9458,9837,10215,10594,10972,11350,11729,12107,12486,12864,13621,13999,14377,14755,15133,15511,15889,16268,16646,17024,17402,17780,18158,18536,18914,19292,19671,20049,20427,20805,21183,21561,21939,22317,22695,23074,23452,23830,24208,24586,24964,25342,25720,26098,26477,26855,27233,27612,27991,28370,28748,29127,29506,29884,30263,30642,31021,31399,31778,32157,32536,32914,33293,33672,34050,34429,34808,35187,35565,35944,36323,36701,37080,37459,37838,38216,38595,38974,39352,39731,40110,40489,40867,41246,41625,42004,42382,42761,43140,43518,43897,44276,44655,45033,45412,45791,46169,46548,46927,47306,47684,48063,48442,48821,49199,49578,49957,50335,50714,51093,51472,51850,52229,52608,52986,53365,53744,54123,54501,54880,55259,55637,56016,56395,56774,57152,57531,57910,58289,58667,59046,59425,59803,60182,60561,60940,61318,61697,62076,62454,62833,63212,63591,63969,64348,64727,65105,65484,65863,66242,66620,66999,67378,67756,68135,68514,68893,69271,69650,70029,70407,70786,71165,71544,71922,72301,72680,73059,73437,73816,74195,74573,74952,75331,75710,76088,76467,76846,77224,77603,77982,78361,78739,79118,79497,79875,80254,80633,81012,81390,81769,82148,82526,82905,83284,83663,84041,84420,84799,85177,85556,85935,86314,86692,87071,87450,87829,88207,88586,88965,89343,89722,90101,90480,90858,91237,91616,91994,92373,92752,93131,93509,93888,94267,94645,95024,95403,95782,96160,96539,96918,97296,97675,98054,98433,98811,99190,99569,99947,100326,100705,101084,101462,101841,102220,102599,102977,103356,103735,104113,104492,104871,105250,105628,106007,106386,106764,107143,107522,107901,108279,108658,109037,109415,109794,110173,110552,110930,111309,111688,112066,112445,112824,113203,113581,113960,114339,114717,115096,115475,115599]",303 frames,P-339p704237738_VX-0p701398887747_LS-5p24684299583e-05_ST-300p218383071_M-TI64_XI-0p0002_XF-0p0014_XL-0p0012_TE-0p0021_DT-6p87785607775e-06_H-1d842653b1/gif_files/animation_ss_side.gif,False,True
WARNING,contains_screenshot_bug,new-data,P-339p704237738_VX-0p701398887747_LS-5p24684299583e-05_ST-300p218383071_M-TI64_XI-0p0002_XF-0p0014_XL-0p0012_TE-0p0021_DT-6p87785607775e-06_H-1d842653b1,"[263,264,265,266,267,268,269,270,271,272,273,274,275,276,277,278,279,280,281,282,283,284]","[101084,101462,101841,102220,102599,102977,103356,103735,104113,104492,104871,105250,105628,106007,106386,106764,107143,107522,107901,108279,108658,109037]",22 frames,P-339p704237738_VX-0p701398887747_LS-5p24684299583e-05_ST-300p218383071_M-TI64_XI-0p0002_XF-0p0014_XL-0p0012_TE-0p0021_DT-6p87785607775e-06_H-1d842653b1/gif_files/animation_ss_side.gif,False,True
WARNING,annotator_or_channel_disagreement,new-data,P-340p203296502_VX-0p374609743194_LS-5p54750053524e-05_ST-307p813155606_M-TI64_XI-0p0002_XF-0p0014_XL-0p0012_TE-0p0021_DT-1p28777232591e-05_H-22f5435fc5,"[34,65,66]","[24079,46057,46766]",label_1 differs from label_2 in 3 frames; identities are unavailable,P-340p203296502_VX-0p374609743194_LS-5p54750053524e-05_ST-307p813155606_M-TI64_XI-0p0002_XF-0p0014_XL-0p0012_TE-0p0021_DT-1p28777232591e-05_H-22f5435fc5/gif_files/animation_ss_side.gif,False,True
WARNING,annotator_or_channel_disagreement,new-data,P-341p923576441_VX-0p300981342968_LS-7p54559898543e-05_ST-360p882535069_M-TI64_XI-0p0002_XF-0p0014_XL-0p0012_TE-0p0021_DT-1p60279722173e-05_H-1d842653b1,"[30,31,32,99]","[26443,27325,28207,87339]",label_1 differs from label_2 in 4 frames; identities are unavailable,P-341p923576441_VX-0p300981342968_LS-7p54559898543e-05_ST-360p882535069_M-TI64_XI-0p0002_XF-0p0014_XL-0p0012_TE-0p0021_DT-1p60279722173e-05_H-1d842653b1/gif_files/animation_ss_side.gif,False,True
WARNING,annotator_or_channel_disagreement,new-data,P-342p674555398_VX-0p462731136977_LS-5p8783513777e-05_ST-328p309527448_M-TI64_XI-0p0002_XF-0p0014_XL-0p0012_TE-0p0021_DT-1p04253209208e-05_H-add9572a86,[34],[19495],label_1 differs from label_2 in 1 frames; identities are unavailable,P-342p674555398_VX-0p462731136977_LS-5p8783513777e-05_ST-328p309527448_M-TI64_XI-0p0002_XF-0p0014_XL-0p0012_TE-0p0021_DT-1p04253209208e-05_H-add9572a86/gif_files/animation_ss_side.gif,False,True
WARNING,annotator_or_channel_disagreement,new-data,P-347p783460623_VX-0p850325890926_LS-5p3362114496e-05_ST-354p131736173_M-TI64_XI-0p0002_XF-0p0014_XL-0p0012_TE-0p0021_DT-5p67326086915e-06_H-d1ce08951f,"[31,91,92,93,94,95,96,250,251]","[10611,29330,29643,29955,30267,30580,30892,79313,79625]",label_1 differs from label_2 in 9 frames; identities are unavailable,P-347p783460623_VX-0p850325890926_LS-5p3362114496e-05_ST-354p131736173_M-TI64_XI-0p0002_XF-0p0014_XL-0p0012_TE-0p0021_DT-5p67326086915e-06_H-d1ce08951f/gif_files/animation_ss_side.gif,False,True
WARNING,forming_phase_returns_after_conduction_or_keyhole,new-data,P-347p783460623_VX-0p850325890926_LS-5p3362114496e-05_ST-354p131736173_M-TI64_XI-0p0002_XF-0p0014_XL-0p0012_TE-0p0021_DT-5p67326086915e-06_H-d1ce08951f,"[94,95,96]","[30267,30580,30892]",3 frames,P-347p783460623_VX-0p850325890926_LS-5p3362114496e-05_ST-354p131736173_M-TI64_XI-0p0002_XF-0p0014_XL-0p0012_TE-0p0021_DT-5p67326086915e-06_H-d1ce08951f/gif_files/animation_ss_side.gif,False,True
WARNING,annotator_or_channel_disagreement,new-data,P-348p497115387_VX-0p94790268949_LS-7p31988762132e-05_ST-305p038657876_M-TI64_XI-0p0002_XF-0p0014_XL-0p0012_TE-0p0021_DT-5p08925721649e-06_H-1d842653b1,"[30,31,83,84,85,86,87,88,240]","[8958,9238,24070,24350,24630,24909,25189,25469,68342]",label_1 differs from label_2 in 9 frames; identities are unavailable,P-348p497115387_VX-0p94790268949_LS-7p31988762132e-05_ST-305p038657876_M-TI64_XI-0p0002_XF-0p0014_XL-0p0012_TE-0p0021_DT-5p08925721649e-06_H-1d842653b1/gif_files/animation_ss_side.gif,False,True
WARNING,annotator_or_channel_disagreement,new-data,P-352p513614722_VX-0p929202686833_LS-7p33895545023e-05_ST-314p010655484_M-TI64_XI-0p0002_XF-0p0014_XL-0p0012_TE-0p0021_DT-5p19167741481e-06_H-1553ff852f,"[30,31,32,104,105,106,107,108,109,110,111,112,113,114,115,116,117,118,119,120,121,122,267,268,269]","[9138,9424,9710,30268,30554,30840,31126,31412,31697,31983,32269,32555,32841,33127,33413,33699,33984,34270,34556,34842,35128,35414,76865,77151,77437]",label_1 differs from label_2 in 25 frames; identities are unavailable,P-352p513614722_VX-0p929202686833_LS-7p33895545023e-05_ST-314p010655484_M-TI64_XI-0p0002_XF-0p0014_XL-0p0012_TE-0p0021_DT-5p19167741481e-06_H-1553ff852f/gif_files/animation_ss_side.gif,False,True
WARNING,annotator_or_channel_disagreement,new-data,P-353p971838789_VX-0p831374608218_LS-4p0859447809e-05_ST-397p346534493_M-TI64_XI-0p0002_XF-0p0014_XL-0p0012_TE-0p0021_DT-5p80258352291e-06_H-eac21b41c2,"[71,111,117,118,128,135,136,253,254]","[22977,35751,37668,37987,41183,43419,43739,81441,81761]",label_1 differs from label_2 in 9 frames; identities are unavailable,P-353p971838789_VX-0p831374608218_LS-4p0859447809e-05_ST-397p346534493_M-TI64_XI-0p0002_XF-0p0014_XL-0p0012_TE-0p0021_DT-5p80258352291e-06_H-eac21b41c2/gif_files/animation_ss_side.gif,False,True
WARNING,bug_free_flag_zero,new-data,P-353p971838789_VX-0p831374608218_LS-4p0859447809e-05_ST-397p346534493_M-TI64_XI-0p0002_XF-0p0014_XL-0p0012_TE-0p0021_DT-5p80258352291e-06_H-eac21b41c2,"[0,1,2,3,4,5,6,7,8,9,10,11,12,13,14,15,16,17,18,19,20,21,22,23,24,25,26,27,28,29,30,31,32,33,34,35,36,37,38,39,40,41,42,43,44,45,46,47,48,49,50,51,52,53,54,55,56,57,58,59,60,61,62,63,64,65,66,67,68,69,70,71,72,73,74,75,76,77,78,79,80,81,82,83,84,85,86,87,88,89,90,91,92,93,94,95,96,97,98,99,100,101,102,103,104,105,106,107,108,109,110,111,112,113,114,115,116,117,118,119,120,121,122,123,124,125,126,127,128,129,130,131,132,133,134,135,136,137,138,139,140,141,142,143,144,145,146,147,148,149,150,151,152,153,154,155,156,157,158,159,160,161,162,163,164,165,166,167,168,169,170,171,172,173,174,175,176,177,178,179,180,181,182,183,184,185,186,187,188,189,190,191,192,193,194,195,196,197,198,199,200,201,202,203,204,205,206,207,208,209,210,211,212,213,214,215,216,217,218,219,220,221,222,223,224,225,226,227,228,229,230,231,232,233,234,235,236,237,238,239,240,241,242,243,244,245,246,247,248,249,250,251,252,253,254,255,256,257,258,259,260,261,262,263,264,265,266,267,268,269,270,271,272,273,274,275,276,277,278,279,280,281,282,283,284,285,286,287,288,289,290,291,292,293,294,295,296,297,298,299,300,301,302,303,304,305,306,307,308,309,310,311,312,313,314,315,316,317,318,319,320,321,322,323,324,325,326,327,328,329,330,331,332,333,334,335,336,337,338,339,340,341,342,343,344,345,346,347,348,349,350,351,352,353,354,355,356,357,358]","[0,320,639,958,1277,1596,1915,2234,2873,3192,3511,3830,4149,4468,4787,5107,5426,5745,6064,6383,6702,7021,7341,7660,7979,8299,8618,8937,9256,9576,9895,10214,10533,10853,11172,11491,11810,12130,12449,12768,13087,13407,13726,14045,14364,14683,15002,15321,15640,15959,16278,16597,16916,17235,17554,17873,18192,18511,18830,19149,19468,19787,20106,20425,20744,21063,21382,21701,22020,22339,22658,22977,23296,23615,23934,24253,24572,24891,25210,25529,25848,26167,26486,26805,27124,27444,27763,28083,28402,28722,29041,29361,29680,30000,30319,30639,30958,31278,31597,31917,32236,32556,32875,33195,33514,33834,34153,34473,34792,35112,35431,35751,36070,36390,36709,37029,37348,37668,37987,38307,38627,38946,39266,39585,39905,40224,40544,40863,41183,41502,41822,42141,42461,42780,43100,43419,43739,44058,44378,44697,45017,45336,45656,45975,46295,46614,46934,47253,47573,47892,48212,48531,48851,49170,49490,49809,50129,50448,50768,51088,51407,51727,52046,52366,52685,53005,53324,53644,53963,54283,54602,54922,55241,55561,55880,56200,56519,56839,57158,57478,57797,58117,58436,58756,59075,59395,59714,60034,60353,60673,60992,61312,61631,61951,62270,62590,62909,63229,63548,63868,64507,64827,65146,65466,65785,66105,66424,66744,67063,67383,67702,68022,68341,68661,68980,69300,69619,69939,70258,70578,70897,71217,71536,71856,72175,72495,72814,73134,73453,73773,74092,74412,74731,75051,75370,75690,76009,76329,76649,76968,77288,77607,77927,78246,78566,78885,79205,79524,79844,80163,80483,80802,81122,81441,81761,82080,82400,82719,83039,83678,83997,84317,84636,84956,85275,85595,86234,86553,86873,87192,87512,87831,88151,88470,88790,89110,89429,89749,90068,90388,90707,91027,91346,91666,91985,92305,92624,92944,93263,93583,93902,94222,94541,94861,95180,95500,95819,96139,96458,96778,97097,97417,97736,98056,98375,98695,99014,99334,99653,99973,100292,100612,100931,101251,101571,101890,102210,102529,102849,103168,103488,103807,104127,104446,104766,105085,105405,105724,106044,106363,106683,107002,107322,107641,107961,108280,108600,108919,109239,109558,109878,110197,110517,110836,111156,111475,111795,112114,112434,112753,113073,113392,113712,114032,114351,114671,114990,115310,115599]",359 frames,P-353p971838789_VX-0p831374608218_LS-4p0859447809e-05_ST-397p346534493_M-TI64_XI-0p0002_XF-0p0014_XL-0p0012_TE-0p0021_DT-5p80258352291e-06_H-eac21b41c2/gif_files/animation_ss_side.gif,False,True
WARNING,contains_screenshot_bug,new-data,P-353p971838789_VX-0p831374608218_LS-4p0859447809e-05_ST-397p346534493_M-TI64_XI-0p0002_XF-0p0014_XL-0p0012_TE-0p0021_DT-5p80258352291e-06_H-eac21b41c2,[269],[87192],1 frames,P-353p971838789_VX-0p831374608218_LS-4p0859447809e-05_ST-397p346534493_M-TI64_XI-0p0002_XF-0p0014_XL-0p0012_TE-0p0021_DT-5p80258352291e-06_H-eac21b41c2/gif_files/animation_ss_side.gif,False,True
WARNING,forming_phase_returns_after_conduction_or_keyhole,new-data,P-353p971838789_VX-0p831374608218_LS-4p0859447809e-05_ST-397p346534493_M-TI64_XI-0p0002_XF-0p0014_XL-0p0012_TE-0p0021_DT-5p80258352291e-06_H-eac21b41c2,"[72,73,74,75]","[23296,23615,23934,24253]",4 frames,P-353p971838789_VX-0p831374608218_LS-4p0859447809e-05_ST-397p346534493_M-TI64_XI-0p0002_XF-0p0014_XL-0p0012_TE-0p0021_DT-5p80258352291e-06_H-eac21b41c2/gif_files/animation_ss_side.gif,False,True
WARNING,repeated_keyhole_episodes,new-data,P-353p971838789_VX-0p831374608218_LS-4p0859447809e-05_ST-397p346534493_M-TI64_XI-0p0002_XF-0p0014_XL-0p0012_TE-0p0021_DT-5p80258352291e-06_H-eac21b41c2,[],[],7 distinct segments,P-353p971838789_VX-0p831374608218_LS-4p0859447809e-05_ST-397p346534493_M-TI64_XI-0p0002_XF-0p0014_XL-0p0012_TE-0p0021_DT-5p80258352291e-06_H-eac21b41c2/gif_files/animation_ss_side.gif,False,True
WARNING,annotator_or_channel_disagreement,new-data,P-354p619445985_VX-0p364015239092_LS-5p30095356481e-05_ST-318p142674345_M-TI64_XI-0p0002_XF-0p0014_XL-0p0012_TE-0p0021_DT-1p32525237544e-05_H-1553ff852f,[32],[24051],label_1 differs from label_2 in 1 frames; identities are unavailable,P-354p619445985_VX-0p364015239092_LS-5p30095356481e-05_ST-318p142674345_M-TI64_XI-0p0002_XF-0p0014_XL-0p0012_TE-0p0021_DT-1p32525237544e-05_H-1553ff852f/gif_files/animation_ss_side.gif,False,True
WARNING,annotator_or_channel_disagreement,new-data,P-355p313197397_VX-0p977425276438_LS-4p00293473664e-05_ST-317p253821106_M-TI64_XI-0p0002_XF-0p0014_XL-0p0012_TE-0p0021_DT-4p9355390323e-06_H-4dbd940f3b,"[33,34,35,36,37,88,97,98,99,100,101,102,103,251,252,253,254,255,256,257]","[9502,9774,10045,10317,10588,24429,26871,27142,27414,27686,27958,28230,28501,68723,69267,69538,69810,70082,70354,70626]",label_1 differs from label_2 in 20 frames; identities are unavailable,P-355p313197397_VX-0p977425276438_LS-4p00293473664e-05_ST-317p253821106_M-TI64_XI-0p0002_XF-0p0014_XL-0p0012_TE-0p0021_DT-4p9355390323e-06_H-4dbd940f3b/gif_files/animation_ss_side.gif,False,True
WARNING,forming_phase_returns_after_conduction_or_keyhole,new-data,P-355p313197397_VX-0p977425276438_LS-4p00293473664e-05_ST-317p253821106_M-TI64_XI-0p0002_XF-0p0014_XL-0p0012_TE-0p0021_DT-4p9355390323e-06_H-4dbd940f3b,"[88,89,90,91,92,93,94,95,96,97]","[24429,24700,24971,25243,25514,25785,26057,26328,26599,26871]",10 frames,P-355p313197397_VX-0p977425276438_LS-4p00293473664e-05_ST-317p253821106_M-TI64_XI-0p0002_XF-0p0014_XL-0p0012_TE-0p0021_DT-4p9355390323e-06_H-4dbd940f3b/gif_files/animation_ss_side.gif,False,True
WARNING,annotator_or_channel_disagreement,new-data,P-358p08766286_VX-0p398145183006_LS-4p39068251559e-05_ST-301p093308231_M-TI64_XI-0p0002_XF-0p0014_XL-0p0012_TE-0p0021_DT-1p21164861687e-05_H-3d091b92d3,[33],[23322],label_1 differs from label_2 in 1 frames; identities are unavailable,P-358p08766286_VX-0p398145183006_LS-4p39068251559e-05_ST-301p093308231_M-TI64_XI-0p0002_XF-0p0014_XL-0p0012_TE-0p0021_DT-1p21164861687e-05_H-3d091b92d3/gif_files/animation_ss_side.gif,False,True
WARNING,annotator_or_channel_disagreement,new-data,P-360p567405001_VX-0p20359066256_LS-4p0817768449e-05_ST-337p353350673_M-TI64_XI-0p0002_XF-0p0014_XL-0p0012_TE-0p0021_DT-2p36951957538e-05_H-a3855470b8,"[35,80,81]","[45632,104345,105650]",label_1 differs from label_2 in 3 frames; identities are unavailable,P-360p567405001_VX-0p20359066256_LS-4p0817768449e-05_ST-337p353350673_M-TI64_XI-0p0002_XF-0p0014_XL-0p0012_TE-0p0021_DT-2p36951957538e-05_H-a3855470b8/gif_files/animation_ss_side.gif,False,True
WARNING,annotator_or_channel_disagreement,new-data,P-364p483174853_VX-0p95103094401_LS-4p26115279421e-05_ST-393p929813999_M-TI64_XI-0p0002_XF-0p0014_XL-0p0012_TE-0p0021_DT-5p07251697056e-06_H-1ef68d8f61,"[34,93,94,95,96,97,98,99,100,101,102,103,255,256,257,258]","[9766,26501,26780,27059,27338,27617,27897,28176,28455,28735,29014,29293,71749,72028,72307,72587]",label_1 differs from label_2 in 16 frames; identities are unavailable,P-364p483174853_VX-0p95103094401_LS-4p26115279421e-05_ST-393p929813999_M-TI64_XI-0p0002_XF-0p0014_XL-0p0012_TE-0p0021_DT-5p07251697056e-06_H-1ef68d8f61/gif_files/animation_ss_side.gif,False,True
WARNING,annotator_or_channel_disagreement,new-data,P-367p938083726_VX-0p695829187084_LS-4p35800266683e-05_ST-364p389584597_M-TI64_XI-0p0002_XF-0p0014_XL-0p0012_TE-0p0021_DT-6p93290924348e-06_H-c87ffcf9e3,"[32,216,217,218,219,220,227,228,229,231,245,246]","[12967,83187,83569,83951,84332,84714,87386,87768,88150,88913,94258,94640]",label_1 differs from label_2 in 12 frames; identities are unavailable,P-367p938083726_VX-0p695829187084_LS-4p35800266683e-05_ST-364p389584597_M-TI64_XI-0p0002_XF-0p0014_XL-0p0012_TE-0p0021_DT-6p93290924348e-06_H-c87ffcf9e3/gif_files/animation_ss_side.gif,False,True
WARNING,repeated_keyhole_episodes,new-data,P-367p938083726_VX-0p695829187084_LS-4p35800266683e-05_ST-364p389584597_M-TI64_XI-0p0002_XF-0p0014_XL-0p0012_TE-0p0021_DT-6p93290924348e-06_H-c87ffcf9e3,[],[],3 distinct segments,P-367p938083726_VX-0p695829187084_LS-4p35800266683e-05_ST-364p389584597_M-TI64_XI-0p0002_XF-0p0014_XL-0p0012_TE-0p0021_DT-6p93290924348e-06_H-c87ffcf9e3/gif_files/animation_ss_side.gif,False,True
WARNING,annotator_or_channel_disagreement,new-data,P-370p938359136_VX-0p662619902131_LS-4p40125404953e-05_ST-395p513826563_M-TI64_XI-0p0002_XF-0p0014_XL-0p0012_TE-0p0021_DT-7p28037384253e-06_H-3273b99318,"[210,211,212,215,216,217,219,237,253,268,269]","[85354,85755,86156,87358,87759,88160,88962,96178,102592,108605,109006]",label_1 differs from label_2 in 11 frames; identities are unavailable,P-370p938359136_VX-0p662619902131_LS-4p40125404953e-05_ST-395p513826563_M-TI64_XI-0p0002_XF-0p0014_XL-0p0012_TE-0p0021_DT-7p28037384253e-06_H-3273b99318/gif_files/animation_ss_side.gif,False,True
WARNING,bug_free_flag_zero,new-data,P-370p938359136_VX-0p662619902131_LS-4p40125404953e-05_ST-395p513826563_M-TI64_XI-0p0002_XF-0p0014_XL-0p0012_TE-0p0021_DT-7p28037384253e-06_H-3273b99318,"[0,1,2,3,4,5,6,7,8,9,10,11,12,13,14,15,16,17,18,19,20,21,22,23,24,25,26,27,28,29,30,31,32,33,34,35,36,37,38,39,40,41,42,43,44,45,46,47,48,49,50,51,52,53,54,55,56,57,58,59,60,61,62,63,64,65,66,67,68,69,70,71,72,73,74,75,76,77,78,79,80,81,82,83,84,85,86,87,88,89,90,91,92,93,94,95,96,97,98,99,100,101,102,103,104,105,106,107,108,109,110,111,112,113,114,115,116,117,118,119,120,121,122,123,124,125,126,127,128,129,130,131,132,133,134,135,136,137,138,139,140,141,142,143,144,145,146,147,148,149,150,151,152,153,154,155,156,157,158,159,160,161,162,163,164,165,166,167,168,169,170,171,172,173,174,175,176,177,178,179,180,181,182,183,184,185,186,187,188,189,190,191,192,193,194,195,196,197,198,199,200,201,202,203,204,205,206,207,208,209,210,211,212,213,214,215,216,217,218,219,220,221,222,223,224,225,226,227,228,229,230,231,232,233,234,235,236,237,238,239,240,241,242,243,244,245,246,247,248,249,250,251,252,253,254,255,256,257,258,259,260,261,262,263,264,265,266,267,268,269,270,271,272,273,274,275,276,277,278,279,280,281,282,283,284,285,286]","[0,401,801,1202,1602,2003,2403,2803,3204,3604,4005,4405,4805,5206,6007,6807,7208,7609,8009,8410,8810,9211,9611,10012,10412,10813,11214,11614,12015,12415,12816,13216,13617,14017,14818,15218,15618,16018,16419,16819,17219,17619,18020,18420,18820,19220,19620,20021,20421,20821,21221,21622,22022,22422,22822,23223,23623,24023,24423,24824,25224,25624,26024,26425,26825,27226,27627,28027,28428,28829,29230,29631,30032,30433,30834,31235,31635,32036,32437,32838,33239,33640,34041,34442,34843,35243,35644,36045,36446,36847,37248,37649,38050,38450,38851,39252,39653,40054,40455,40856,41257,41658,42058,42459,42860,43261,43662,44063,44464,44865,45266,45666,46067,46468,46869,47270,47671,48072,48473,48873,49274,49675,50076,50477,50878,51279,51680,52081,52481,52882,53283,53684,54085,54486,54887,55288,55689,56089,56490,56891,57292,57693,58094,58495,58896,59296,59697,60098,60499,60900,61301,61702,62103,62504,62904,63305,63706,64107,64508,64909,65310,65711,66112,66512,66913,67314,67715,68116,68517,68918,69319,69719,70120,70521,70922,71323,71724,72125,72526,72927,73327,73728,74129,74530,74931,75332,75733,76134,76535,76935,77336,77737,78138,78539,78940,79341,79742,80142,80543,80944,81345,81746,82147,82548,82949,83350,83750,84151,84552,84953,85354,85755,86156,86557,86958,87358,87759,88160,88561,88962,89363,89764,90165,90565,90966,91367,91768,92169,92570,92971,93372,93773,94173,94574,94975,95376,95777,96178,96579,96980,97381,97781,98182,98583,98984,99385,99786,100187,100588,100988,101389,101790,102191,102592,102993,103394,103795,104196,104596,104997,105398,105799,106200,106601,107002,107403,107804,108204,108605,109006,109407,109808,110209,110610,111011,111411,111812,112213,112614,113015,113416,113817,114218,114619,115019,115420,115599]",287 frames,P-370p938359136_VX-0p662619902131_LS-4p40125404953e-05_ST-395p513826563_M-TI64_XI-0p0002_XF-0p0014_XL-0p0012_TE-0p0021_DT-7p28037384253e-06_H-3273b99318/gif_files/animation_ss_side.gif,False,True
WARNING,contains_screenshot_bug,new-data,P-370p938359136_VX-0p662619902131_LS-4p40125404953e-05_ST-395p513826563_M-TI64_XI-0p0002_XF-0p0014_XL-0p0012_TE-0p0021_DT-7p28037384253e-06_H-3273b99318,"[270,271,272,273,274,275,276,277,278,279,280,281,282,283,284,285,286]","[109407,109808,110209,110610,111011,111411,111812,112213,112614,113015,113416,113817,114218,114619,115019,115420,115599]",17 frames,P-370p938359136_VX-0p662619902131_LS-4p40125404953e-05_ST-395p513826563_M-TI64_XI-0p0002_XF-0p0014_XL-0p0012_TE-0p0021_DT-7p28037384253e-06_H-3273b99318/gif_files/animation_ss_side.gif,False,True
WARNING,repeated_keyhole_episodes,new-data,P-370p938359136_VX-0p662619902131_LS-4p40125404953e-05_ST-395p513826563_M-TI64_XI-0p0002_XF-0p0014_XL-0p0012_TE-0p0021_DT-7p28037384253e-06_H-3273b99318,[],[],8 distinct segments,P-370p938359136_VX-0p662619902131_LS-4p40125404953e-05_ST-395p513826563_M-TI64_XI-0p0002_XF-0p0014_XL-0p0012_TE-0p0021_DT-7p28037384253e-06_H-3273b99318/gif_files/animation_ss_side.gif,False,True
WARNING,annotator_or_channel_disagreement,new-data,P-372p630059968_VX-0p727703112845_LS-4p39975555357e-05_ST-362p949632289_M-TI64_XI-0p0002_XF-0p0014_XL-0p0012_TE-0p0021_DT-6p62924277478e-06_H-54d2aec398,"[69,161,162,163,164,168,169,200,201,202,203,213,214,215,216,217,218,219,221,225,233,236,252,253,254,255]","[25155,58736,59101,59466,59831,61291,61656,72972,73337,73702,74067,77717,78082,78447,78812,79177,79542,79907,80638,82098,85383,86478,92319,92684,93049,93414]",label_1 differs from label_2 in 26 frames; identities are unavailable,P-372p630059968_VX-0p727703112845_LS-4p39975555357e-05_ST-362p949632289_M-TI64_XI-0p0002_XF-0p0014_XL-0p0012_TE-0p0021_DT-6p62924277478e-06_H-54d2aec398/gif_files/animation_ss_side.gif,False,True
WARNING,repeated_keyhole_episodes,new-data,P-372p630059968_VX-0p727703112845_LS-4p39975555357e-05_ST-362p949632289_M-TI64_XI-0p0002_XF-0p0014_XL-0p0012_TE-0p0021_DT-6p62924277478e-06_H-54d2aec398,[],[],5 distinct segments,P-372p630059968_VX-0p727703112845_LS-4p39975555357e-05_ST-362p949632289_M-TI64_XI-0p0002_XF-0p0014_XL-0p0012_TE-0p0021_DT-6p62924277478e-06_H-54d2aec398/gif_files/animation_ss_side.gif,False,True
WARNING,annotator_or_channel_disagreement,new-data,P-374p135097027_VX-0p852003077267_LS-4p24872306812e-05_ST-324p485874926_M-TI64_XI-0p0002_XF-0p0014_XL-0p0012_TE-0p0021_DT-5p66209293338e-06_H-c87ffcf9e3,"[66,67,68,69,70,71,73,100,101,102,103,104,105,106,107,108,251,252,253,254,255,256]","[21175,21487,21798,22109,22421,22732,23354,31767,32078,32390,32702,33014,33326,33637,33949,34261,79157,79468,79780,80092,80404,80715]",label_1 differs from label_2 in 22 frames; identities are unavailable,P-374p135097027_VX-0p852003077267_LS-4p24872306812e-05_ST-324p485874926_M-TI64_XI-0p0002_XF-0p0014_XL-0p0012_TE-0p0021_DT-5p66209293338e-06_H-c87ffcf9e3/gif_files/animation_ss_side.gif,False,True
WARNING,annotator_or_channel_disagreement,new-data,P-375p190327887_VX-0p471971299611_LS-7p58652830639e-05_ST-330p289975384_M-TI64_XI-0p0002_XF-0p0014_XL-0p0012_TE-0p0021_DT-1p02212160082e-05_H-1553ff852f,"[82,85,95,96,97]","[47242,48931,54559,55122,55685]",label_1 differs from label_2 in 5 frames; identities are unavailable,P-375p190327887_VX-0p471971299611_LS-7p58652830639e-05_ST-330p289975384_M-TI64_XI-0p0002_XF-0p0014_XL-0p0012_TE-0p0021_DT-1p02212160082e-05_H-1553ff852f/gif_files/animation_ss_side.gif,False,True
WARNING,annotator_or_channel_disagreement,new-data,P-377p008330657_VX-0p791215989527_LS-4p31405408456e-05_ST-371p11107289_M-TI64_XI-0p0002_XF-0p0014_XL-0p0012_TE-0p0021_DT-6p09709695819e-06_H-3d091b92d3,"[30,31,32,134,137,138,139,140,141,142,143,144,145,146,147,148,149,150,248,249]","[11403,11739,12074,46296,47639,47975,48310,48646,48982,49318,49653,49989,50325,50661,50996,51332,51668,52003,85241,85577]",label_1 differs from label_2 in 20 frames; identities are unavailable,P-377p008330657_VX-0p791215989527_LS-4p31405408456e-05_ST-371p11107289_M-TI64_XI-0p0002_XF-0p0014_XL-0p0012_TE-0p0021_DT-6p09709695819e-06_H-3d091b92d3/gif_files/animation_ss_side.gif,False,True
WARNING,bug_free_flag_zero,new-data,P-377p008330657_VX-0p791215989527_LS-4p31405408456e-05_ST-371p11107289_M-TI64_XI-0p0002_XF-0p0014_XL-0p0012_TE-0p0021_DT-6p09709695819e-06_H-3d091b92d3,"[0,1,2,3,4,5,6,7,8,9,10,11,12,13,14,15,16,17,18,19,20,21,22,23,24,25,26,27,28,29,30,31,32,33,34,35,36,37,38,39,40,41,42,43,44,45,46,47,48,49,50,51,52,53,54,55,56,57,58,59,60,61,62,63,64,65,66,67,68,69,70,71,72,73,74,75,76,77,78,79,80,81,82,83,84,85,86,87,88,89,90,91,92,93,94,95,96,97,98,99,100,101,102,103,104,105,106,107,108,109,110,111,112,113,114,115,116,117,118,119,120,121,122,123,124,125,126,127,128,129,130,131,132,133,134,135,136,137,138,139,140,141,142,143,144,145,146,147,148,149,150,151,152,153,154,155,156,157,158,159,160,161,162,163,164,165,166,167,168,169,170,171,172,173,174,175,176,177,178,179,180,181,182,183,184,185,186,187,188,189,190,191,192,193,194,195,196,197,198,199,200,201,202,203,204,205,206,207,208,209,210,211,212,213,214,215,216,217,218,219,220,221,222,223,224,225,226,227,228,229,230,231,232,233,234,235,236,237,238,239,240,241,242,243,244,245,246,247,248,249,250,251,252,253,254,255,256,257,258,259,260,261,262,263,264,265,266,267,268,269,270,271,272,273,274,275,276,277,278,279,280,281,282,283,284,285,286,287,288,289,290,291,292,293,294,295,296,297,298,299,300,301,302,303,304,305,306,307,308,309,310,311,312,313,314,315,316,317,318,319,320,321,322,323,324,325,326,327,328,329,330,331,332,333,334,335,336,337,338,339]","[336,671,1007,1342,1677,2012,2348,2683,3018,3354,4024,4360,4695,5030,5366,5701,6036,6372,6707,7043,7378,7713,8049,8384,8720,9055,9726,10062,10733,11068,11403,11739,12074,12410,12745,13081,13416,13751,14087,14422,14757,15092,15427,15763,16098,16433,16768,17103,17439,17774,18109,18444,18779,19115,19450,19785,20120,20455,20790,21126,21461,21796,22131,22466,22802,23137,23472,23807,24142,24478,24813,25148,25483,25818,26154,26489,26824,27160,27495,27831,28167,28503,28838,29174,29510,29845,30181,30517,30853,31188,31524,31860,32196,32531,32867,33203,33538,33874,34210,34546,34881,35217,35553,35889,36224,36560,36896,37231,37567,37903,38239,38574,38910,39246,39582,39917,40253,40589,40924,41260,41596,41932,42267,42603,42939,43275,43610,43946,44282,44617,44953,45289,45625,45960,46296,46632,47303,47639,47975,48310,48646,48982,49318,49653,49989,50325,50661,50996,51332,51668,52003,52339,52675,53011,53346,53682,54018,54354,54689,55025,55361,55696,56032,56368,56704,57039,57375,57711,58047,58382,58718,59054,59390,59725,60061,60397,60732,61068,61404,61740,62075,62411,62747,63083,63418,63754,64090,64425,64761,65097,65433,65768,66104,66440,66776,67111,67447,67783,68119,68454,68790,69126,69461,69797,70133,70469,70804,71140,71476,71812,72147,72483,72819,73154,73490,73826,74162,74497,74833,75169,75505,75840,76176,76512,76848,77183,77519,77855,78190,78526,78862,79198,79533,79869,80205,80541,80876,81212,81548,81883,82219,82555,82891,83226,83562,84234,84569,84905,85241,85577,85912,86248,86584,86919,87255,87591,87927,88262,88598,88934,89270,89605,89941,90277,90612,90948,91284,91620,91955,92291,92627,92963,93298,93634,93970,94306,94641,94977,95313,95648,95984,96320,96656,96991,97327,97663,97999,98334,98670,99006,99341,99677,100013,100349,100684,101020,101356,101692,102027,102363,102699,103035,103370,103706,104042,104377,104713,105049,105385,105720,106056,106392,106728,107063,107399,107735,108070,108406,108742,109078,109413,109749,110085,110421,110756,111092,111428,111764,112099,112435,112771,113106,113442,113778,114114,114449,114785,115121,115457,115599]",340 frames,P-377p008330657_VX-0p791215989527_LS-4p31405408456e-05_ST-371p11107289_M-TI64_XI-0p0002_XF-0p0014_XL-0p0012_TE-0p0021_DT-6p09709695819e-06_H-3d091b92d3/gif_files/animation_ss_side.gif,False,True
WARNING,contains_screenshot_bug,new-data,P-377p008330657_VX-0p791215989527_LS-4p31405408456e-05_ST-371p11107289_M-TI64_XI-0p0002_XF-0p0014_XL-0p0012_TE-0p0021_DT-6p09709695819e-06_H-3d091b92d3,"[276,277,278,279,280,281,282,283,284,285,286,287,288,289,290,291,292,293,294,295,296,297,298,299,300,301,302,303,304,305,306,307,308,309,310,311,312,313,314,315,316,317,318,319,320,321,322,323,324,325,326,327,328,329,330,331,332,333,334,335,336,337,338,339]","[94641,94977,95313,95648,95984,96320,96656,96991,97327,97663,97999,98334,98670,99006,99341,99677,100013,100349,100684,101020,101356,101692,102027,102363,102699,103035,103370,103706,104042,104377,104713,105049,105385,105720,106056,106392,106728,107063,107399,107735,108070,108406,108742,109078,109413,109749,110085,110421,110756,111092,111428,111764,112099,112435,112771,113106,113442,113778,114114,114449,114785,115121,115457,115599]",64 frames,P-377p008330657_VX-0p791215989527_LS-4p31405408456e-05_ST-371p11107289_M-TI64_XI-0p0002_XF-0p0014_XL-0p0012_TE-0p0021_DT-6p09709695819e-06_H-3d091b92d3/gif_files/animation_ss_side.gif,False,True
WARNING,annotator_or_channel_disagreement,new-data,P-377p125910628_VX-0p77115452106_LS-4p31707402483e-05_ST-313p190582012_M-TI64_XI-0p0002_XF-0p0014_XL-0p0012_TE-0p0021_DT-6p25571201526e-06_H-8b3ff695c9,"[151,152,153,154,155,156,157,310]","[51979,52324,52668,53013,53357,53702,54046,107093]",label_1 differs from label_2 in 8 frames; identities are unavailable,P-377p125910628_VX-0p77115452106_LS-4p31707402483e-05_ST-313p190582012_M-TI64_XI-0p0002_XF-0p0014_XL-0p0012_TE-0p0021_DT-6p25571201526e-06_H-8b3ff695c9/gif_files/animation_ss_side.gif,False,True
WARNING,bug_free_flag_zero,new-data,P-377p125910628_VX-0p77115452106_LS-4p31707402483e-05_ST-313p190582012_M-TI64_XI-0p0002_XF-0p0014_XL-0p0012_TE-0p0021_DT-6p25571201526e-06_H-8b3ff695c9,"[0,1,2,3,4,5,6,7,8,9,10,11,12,13,14,15,16,17,18,19,20,21,22,23,24,25,26,27,28,29,30,31,32,33,34,35,36,37,38,39,40,41,42,43,44,45,46,47,48,49,50,51,52,53,54,55,56,57,58,59,60,61,62,63,64,65,66,67,68,69,70,71,72,73,74,75,76,77,78,79,80,81,82,83,84,85,86,87,88,89,90,91,92,93,94,95,96,97,98,99,100,101,102,103,104,105,106,107,108,109,110,111,112,113,114,115,116,117,118,119,120,121,122,123,124,125,126,127,128,129,130,131,132,133,134,135,136,137,138,139,140,141,142,143,144,145,146,147,148,149,150,151,152,153,154,155,156,157,158,159,160,161,162,163,164,165,166,167,168,169,170,171,172,173,174,175,176,177,178,179,180,181,182,183,184,185,186,187,188,189,190,191,192,193,194,195,196,197,198,199,200,201,202,203,204,205,206,207,208,209,210,211,212,213,214,215,216,217,218,219,220,221,222,223,224,225,226,227,228,229,230,231,232,233,234,235,236,237,238,239,240,241,242,243,244,245,246,247,248,249,250,251,252,253,254,255,256,257,258,259,260,261,262,263,264,265,266,267,268,269,270,271,272,273,274,275,276,277,278,279,280,281,282,283,284,285,286,287,288,289,290,291,292,293,294,295,296,297,298,299,300,301,302,303,304,305,306,307,308,309,310,311,312,313,314,315,316,317,318,319,320,321,322,323,324,325,326,327,328,329,330,331,332,333,334,335]","[0,345,689,1033,1377,1721,2065,2409,2753,3097,3441,3785,4129,4473,4817,5161,5505,5849,6193,6537,6882,7226,7570,7914,8258,8603,8947,9291,9635,9979,10323,10668,11012,11356,11700,12044,12389,12733,13077,13421,13765,14109,14453,14797,15141,15485,15829,16172,16516,16860,17204,17548,17892,18236,18580,18924,19268,19612,19955,20299,20643,20987,21331,21675,22019,22363,22707,23051,23395,23738,24082,24426,24770,25114,25458,25802,26146,26490,26834,27178,27523,27867,28212,28556,28900,29245,29589,29934,30278,30623,30967,31312,31656,32001,32345,32690,33034,33378,33723,34067,34412,34756,35101,35445,35790,36134,36479,36823,37168,37512,37856,38201,38545,38890,39234,39579,39923,40268,40612,40957,41301,41646,41990,42334,42679,43023,43368,43712,44057,44401,44746,45090,45435,45779,46124,46468,46812,47157,47501,47846,48190,48535,48879,49224,49568,49913,50257,50602,50946,51290,51635,51979,52324,52668,53013,53357,53702,54046,54391,54735,55080,55424,55768,56113,56457,56802,57146,57491,57835,58180,58524,58869,59213,59558,59902,60246,60591,60935,61280,61624,61969,62313,62658,63002,63347,63691,64036,64380,64724,65069,65413,65758,66102,66447,66791,67136,67480,67825,68169,68514,68858,69202,69547,69891,70236,70580,70925,71269,71614,71958,72303,72647,72992,73336,73680,74025,74369,74714,75058,75403,75747,76092,76436,76781,77125,77470,77814,78158,78503,78847,79192,79536,79881,80225,80570,80914,81259,81603,81948,82292,82636,82981,83325,83670,84014,84359,84703,85048,85392,85737,86081,86426,86770,87459,87803,88148,88492,88837,89181,89526,89870,90215,90559,90904,91248,91592,91937,92281,92626,92970,93315,93659,94004,94348,94693,95037,95382,95726,96070,96415,96759,97104,97448,97793,98137,98482,98826,99171,99515,99860,100204,100548,100893,101237,101582,101926,102271,102615,102960,103304,103649,103993,104338,104682,105026,105371,105715,106060,106404,106749,107093,107438,107782,108127,108471,108816,109160,109504,109849,110193,110538,110882,111227,111571,111916,112260,112605,112949,113294,113638,113982,114327,114671,115016,115360,115599]",336 frames,P-377p125910628_VX-0p77115452106_LS-4p31707402483e-05_ST-313p190582012_M-TI64_XI-0p0002_XF-0p0014_XL-0p0012_TE-0p0021_DT-6p25571201526e-06_H-8b3ff695c9/gif_files/animation_ss_side.gif,False,True
WARNING,contains_screenshot_bug,new-data,P-377p125910628_VX-0p77115452106_LS-4p31707402483e-05_ST-313p190582012_M-TI64_XI-0p0002_XF-0p0014_XL-0p0012_TE-0p0021_DT-6p25571201526e-06_H-8b3ff695c9,"[295,297,298,299,300,301,302,303,304,311,312,313,314,315,316,317,318,319,320,321,322,323,324,325,326,327,328,329,330,331,332,333,334,335]","[101926,102615,102960,103304,103649,103993,104338,104682,105026,107438,107782,108127,108471,108816,109160,109504,109849,110193,110538,110882,111227,111571,111916,112260,112605,112949,113294,113638,113982,114327,114671,115016,115360,115599]",34 frames,P-377p125910628_VX-0p77115452106_LS-4p31707402483e-05_ST-313p190582012_M-TI64_XI-0p0002_XF-0p0014_XL-0p0012_TE-0p0021_DT-6p25571201526e-06_H-8b3ff695c9/gif_files/animation_ss_side.gif,False,True
WARNING,annotator_or_channel_disagreement,new-data,P-378p283018896_VX-0p735158781064_LS-4p42419225112e-05_ST-367p022862863_M-TI64_XI-0p0002_XF-0p0014_XL-0p0012_TE-0p0021_DT-6p56201180925e-06_H-36d24309a8,"[147,148,149,150,151,152,153,154,155,156,157,158,159,160,161,162,163,164,165,166,167,168,169,171,174,179,202,204,207,255,256]","[53442,53804,54165,54526,54888,55249,55610,55972,56333,56694,57056,57417,57778,58140,58501,58862,59224,59585,59946,60308,60669,61030,61392,62114,63198,65005,73315,74038,75122,92466,92827]",label_1 differs from label_2 in 31 frames; identities are unavailable,P-378p283018896_VX-0p735158781064_LS-4p42419225112e-05_ST-367p022862863_M-TI64_XI-0p0002_XF-0p0014_XL-0p0012_TE-0p0021_DT-6p56201180925e-06_H-36d24309a8/gif_files/animation_ss_side.gif,False,True
WARNING,repeated_keyhole_episodes,new-data,P-378p283018896_VX-0p735158781064_LS-4p42419225112e-05_ST-367p022862863_M-TI64_XI-0p0002_XF-0p0014_XL-0p0012_TE-0p0021_DT-6p56201180925e-06_H-36d24309a8,[],[],11 distinct segments,P-378p283018896_VX-0p735158781064_LS-4p42419225112e-05_ST-367p022862863_M-TI64_XI-0p0002_XF-0p0014_XL-0p0012_TE-0p0021_DT-6p56201180925e-06_H-36d24309a8/gif_files/animation_ss_side.gif,False,True
WARNING,annotator_or_channel_disagreement,new-data,P-379p421209359_VX-0p229921993373_LS-5p57538994548e-05_ST-334p989783011_M-TI64_XI-0p0002_XF-0p0014_XL-0p0012_TE-0p0021_DT-2p09815534923e-05_H-1553ff852f,"[88,89,90]","[101634,102789,103944]",label_1 differs from label_2 in 3 frames; identities are unavailable,P-379p421209359_VX-0p229921993373_LS-5p57538994548e-05_ST-334p989783011_M-TI64_XI-0p0002_XF-0p0014_XL-0p0012_TE-0p0021_DT-2p09815534923e-05_H-1553ff852f/gif_files/animation_ss_side.gif,False,True
WARNING,annotator_or_channel_disagreement,new-data,P-383p924442814_VX-0p598551929363_LS-4p34843261877e-05_ST-301p171019532_M-TI64_XI-0p0002_XF-0p0014_XL-0p0012_TE-0p0021_DT-8p05965258211e-06_H-82800d7335,"[257,258,259,260]","[114465,114908,115352,115599]",label_1 differs from label_2 in 4 frames; identities are unavailable,P-383p924442814_VX-0p598551929363_LS-4p34843261877e-05_ST-301p171019532_M-TI64_XI-0p0002_XF-0p0014_XL-0p0012_TE-0p0021_DT-8p05965258211e-06_H-82800d7335/gif_files/animation_ss_side.gif,False,True
WARNING,annotator_or_channel_disagreement,new-data,P-385p522203_VX-0p931994182449_LS-4p05647861864e-05_ST-365p262393292_M-TI64_XI-0p0002_XF-0p0014_XL-0p0012_TE-0p0021_DT-5p17612737704e-06_H-3a5de7627d,"[77,78,79,80,83,84,85,86,87,94,95,96,97,98,99,100,101,102,103,104,105,106,107,108,109,110,111,112,261,262,263,264]","[22489,22773,23058,23343,24196,24481,24765,25050,25334,27327,27612,27897,28182,28467,28752,29037,29322,29607,29892,30177,30462,30747,31032,31317,31602,31887,32172,32457,76065,76350,76635,76920]",label_1 differs from label_2 in 32 frames; identities are unavailable,P-385p522203_VX-0p931994182449_LS-4p05647861864e-05_ST-365p262393292_M-TI64_XI-0p0002_XF-0p0014_XL-0p0012_TE-0p0021_DT-5p17612737704e-06_H-3a5de7627d/gif_files/animation_ss_side.gif,False,True
WARNING,bug_free_flag_zero,new-data,P-385p522203_VX-0p931994182449_LS-4p05647861864e-05_ST-365p262393292_M-TI64_XI-0p0002_XF-0p0014_XL-0p0012_TE-0p0021_DT-5p17612737704e-06_H-3a5de7627d,"[0,1,2,3,4,5,6,7,8,9,10,11,12,13,14,15,16,17,18,19,20,21,22,23,24,25,26,27,28,29,30,31,32,33,34,35,36,37,38,39,40,41,42,43,44,45,46,47,48,49,50,51,52,53,54,55,56,57,58,59,60,61,62,63,64,65,66,67,68,69,70,71,72,73,74,75,76,77,78,79,80,81,82,83,84,85,86,87,88,89,90,91,92,93,94,95,96,97,98,99,100,101,102,103,104,105,106,107,108,109,110,111,112,113,114,115,116,117,118,119,120,121,122,123,124,125,126,127,128,129,130,131,132,133,134,135,136,137,138,139,140,141,142,143,144,145,146,147,148,149,150,151,152,153,154,155,156,157,158,159,160,161,162,163,164,165,166,167,168,169,170,171,172,173,174,175,176,177,178,179,180,181,182,183,184,185,186,187,188,189,190,191,192,193,194,195,196,197,198,199,200,201,202,203,204,205,206,207,208,209,210,211,212,213,214,215,216,217,218,219,220,221,222,223,224,225,226,227,228,229,230,231,232,233,234,235,236,237,238,239,240,241,242,243,244,245,246,247,248,249,250,251,252,253,254,255,256,257,258,259,260,261,262,263,264,265,266,267,268,269,270,271,272,273,274,275,276,277,278,279,280,281,282,283,284,285,286,287,288,289,290,291,292,293,294,295,296,297,298,299,300,301,302,303,304,305,306,307,308,309,310,311,312,313,314,315,316,317,318,319,320,321,322,323,324,325,326,327,328,329,330,331,332,333,334,335,336,337,338,339,340,341,342,343,344,345,346,347,348,349,350,351,352,353,354,355,356,357,358,359,360,361,362,363,364,365,366,367,368,369,370,371,372,373,374,375,376,377,378,379,380,381,382,383,384,385,386,387,388,389,390,391,392,393,394,395,396]","[0,285,570,855,1139,1424,1709,1993,2278,2563,2847,3132,3417,3701,4271,4555,4840,5125,5409,5694,5979,6263,6548,7118,7402,7687,7972,8257,8542,8826,9111,9396,9681,9965,10250,10535,10820,11105,11389,11674,11959,12244,12529,12813,13098,13383,13668,13952,14237,14521,14806,15090,15375,15659,15944,16229,16513,16798,17082,17367,17651,17936,18220,18505,18790,19074,19359,19643,19928,20212,20497,20782,21066,21351,21635,21920,22204,22489,22773,23058,23343,23627,23912,24196,24481,24765,25050,25334,25619,25904,26188,26473,26757,27042,27327,27612,27897,28182,28467,28752,29037,29322,29607,29892,30177,30462,30747,31032,31317,31602,31887,32172,32457,32742,33027,33312,33598,33883,34168,34453,34738,35023,35308,35593,35878,36163,36448,36733,37018,37303,37588,37873,38158,38443,38728,39013,39298,39583,39868,40153,40438,40723,41008,41293,41578,41863,42148,42433,42718,43003,43288,43573,43858,44143,44428,44713,44998,45283,45568,45853,46138,46423,46708,46993,47278,47563,47848,48133,48418,48703,48988,49273,49558,49843,50128,50413,50698,50983,51268,51554,51839,52124,52409,52694,52979,53264,53549,53834,54119,54404,54689,54974,55259,55544,55829,56114,56399,56684,56969,57254,57539,57824,58109,58394,58679,58964,59249,59534,59819,60104,60389,60674,60959,61244,61529,61814,62099,62384,62669,62954,63239,63524,63809,64094,64379,64664,64949,65234,65519,65804,66089,66374,66660,66945,67230,67515,67800,68085,68370,68655,68940,69225,69510,69795,70080,70365,70650,70935,71220,71505,71790,72645,73215,73500,73785,74070,74355,74640,75210,75495,75780,76065,76350,76635,76920,77205,77490,77775,78060,78345,78630,79200,79485,79770,80055,80340,80625,80910,81195,81481,82051,82621,82906,83191,83476,83761,84046,84331,84616,84901,85186,85471,85756,86326,86611,86896,87181,87466,87751,88036,88321,88606,88891,89176,89461,89746,90031,90316,90601,90886,91171,91456,91741,92026,92311,92596,92881,93166,93451,93736,94021,94306,94591,94876,95161,95446,95731,96016,96302,96587,96872,97157,97442,97727,98012,98297,98582,98867,99152,99437,99722,100007,100292,100577,100862,101147,101432,101717,102002,102287,102572,102857,103142,103427,103712,103997,104282,104567,104852,105137,105422,105707,105992,106277,106562,106847,107132,107417,107702,107987,108272,108557,108842,109127,109412,109697,109982,110267,110552,110837,111122,111407,111692,111977,112262,112547,112832,113118,113403,113688,113973,114258,114543,114828,115113,115398,115599]",397 frames,P-385p522203_VX-0p931994182449_LS-4p05647861864e-05_ST-365p262393292_M-TI64_XI-0p0002_XF-0p0014_XL-0p0012_TE-0p0021_DT-5p17612737704e-06_H-3a5de7627d/gif_files/animation_ss_side.gif,False,True
WARNING,contains_screenshot_bug,new-data,P-385p522203_VX-0p931994182449_LS-4p05647861864e-05_ST-365p262393292_M-TI64_XI-0p0002_XF-0p0014_XL-0p0012_TE-0p0021_DT-5p17612737704e-06_H-3a5de7627d,"[270,271,272,273,274,275,276,277,278,279,280,281,282,283,284,285,286,287,288]","[78630,79200,79485,79770,80055,80340,80625,80910,81195,81481,82051,82621,82906,83191,83476,83761,84046,84331,84616]",19 frames,P-385p522203_VX-0p931994182449_LS-4p05647861864e-05_ST-365p262393292_M-TI64_XI-0p0002_XF-0p0014_XL-0p0012_TE-0p0021_DT-5p17612737704e-06_H-3a5de7627d/gif_files/animation_ss_side.gif,False,True
WARNING,repeated_keyhole_episodes,new-data,P-385p522203_VX-0p931994182449_LS-4p05647861864e-05_ST-365p262393292_M-TI64_XI-0p0002_XF-0p0014_XL-0p0012_TE-0p0021_DT-5p17612737704e-06_H-3a5de7627d,[],[],4 distinct segments,P-385p522203_VX-0p931994182449_LS-4p05647861864e-05_ST-365p262393292_M-TI64_XI-0p0002_XF-0p0014_XL-0p0012_TE-0p0021_DT-5p17612737704e-06_H-3a5de7627d/gif_files/animation_ss_side.gif,False,True
WARNING,annotator_or_channel_disagreement,new-data,P-385p792960663_VX-0p466570238049_LS-4p25767555058e-05_ST-363p826454642_M-TI64_XI-0p0002_XF-0p0014_XL-0p0012_TE-0p0021_DT-1p03395377793e-05_H-3d091b92d3,"[32,51,52]","[19335,30140,30710]",label_1 differs from label_2 in 3 frames; identities are unavailable,P-385p792960663_VX-0p466570238049_LS-4p25767555058e-05_ST-363p826454642_M-TI64_XI-0p0002_XF-0p0014_XL-0p0012_TE-0p0021_DT-1p03395377793e-05_H-3d091b92d3/gif_files/animation_ss_side.gif,False,True
WARNING,annotator_or_channel_disagreement,new-data,P-389p770210211_VX-0p908238681403_LS-4p3221586392e-05_ST-323p581279452_M-TI64_XI-0p0002_XF-0p0014_XL-0p0012_TE-0p0021_DT-5p31151194261e-06_H-8b3ff695c9,"[32,76,87,88,89,90,91,92,93,98,99,100,101,102,103,104,105,106,107,253,254]","[9934,23077,26289,26581,26873,27165,27458,27750,28043,29505,29798,30090,30383,30675,30968,31260,31552,31845,32137,74838,75131]",label_1 differs from label_2 in 21 frames; identities are unavailable,P-389p770210211_VX-0p908238681403_LS-4p3221586392e-05_ST-323p581279452_M-TI64_XI-0p0002_XF-0p0014_XL-0p0012_TE-0p0021_DT-5p31151194261e-06_H-8b3ff695c9/gif_files/animation_ss_side.gif,False,True
WARNING,final_label_differs_from_both_inputs,new-data,P-389p770210211_VX-0p908238681403_LS-4p3221586392e-05_ST-323p581279452_M-TI64_XI-0p0002_XF-0p0014_XL-0p0012_TE-0p0021_DT-5p31151194261e-06_H-8b3ff695c9,[0],[0],1 final labels differ from both label_1 and label_2,P-389p770210211_VX-0p908238681403_LS-4p3221586392e-05_ST-323p581279452_M-TI64_XI-0p0002_XF-0p0014_XL-0p0012_TE-0p0021_DT-5p31151194261e-06_H-8b3ff695c9/gif_files/animation_ss_side.gif,False,True
WARNING,forming_phase_returns_after_conduction_or_keyhole,new-data,P-389p770210211_VX-0p908238681403_LS-4p3221586392e-05_ST-323p581279452_M-TI64_XI-0p0002_XF-0p0014_XL-0p0012_TE-0p0021_DT-5p31151194261e-06_H-8b3ff695c9,"[87,88,89,90,91,92,93,94,95,96,97]","[26289,26581,26873,27165,27458,27750,28043,28335,28628,28920,29213]",11 frames,P-389p770210211_VX-0p908238681403_LS-4p3221586392e-05_ST-323p581279452_M-TI64_XI-0p0002_XF-0p0014_XL-0p0012_TE-0p0021_DT-5p31151194261e-06_H-8b3ff695c9/gif_files/animation_ss_side.gif,False,True
WARNING,initial_emptiness_after_physical_onset,new-data,P-389p770210211_VX-0p908238681403_LS-4p3221586392e-05_ST-323p581279452_M-TI64_XI-0p0002_XF-0p0014_XL-0p0012_TE-0p0021_DT-5p31151194261e-06_H-8b3ff695c9,"[1,2,3,4,5,6,7,8,9,10,11,12,13,14,15,16,17,18,19,20,21,22,23,24,25,26,27,28,29,30,31]","[293,585,1169,1461,1753,2045,2338,2630,2922,3214,3506,3798,4090,4382,4674,4967,5259,5551,6135,6427,6719,7012,7304,7596,7888,8180,8473,8765,9057,9349,9642]",31 frames,P-389p770210211_VX-0p908238681403_LS-4p3221586392e-05_ST-323p581279452_M-TI64_XI-0p0002_XF-0p0014_XL-0p0012_TE-0p0021_DT-5p31151194261e-06_H-8b3ff695c9/gif_files/animation_ss_side.gif,False,True
WARNING,annotator_or_channel_disagreement,new-data,P-391p91054261_VX-0p798138981731_LS-4p10405950637e-05_ST-398p591592241_M-TI64_XI-0p0002_XF-0p0014_XL-0p0012_TE-0p0021_DT-6p04421123819e-06_H-eac21b41c2,"[155,156,157,158,159,160,161,259,260,261,262,263,264,265,266,267,268,269,270]","[51885,52218,52551,52883,53216,53549,53882,87163,87496,87829,88162,88495,88827,89160,89493,89826,90159,90491,90824]",label_1 differs from label_2 in 19 frames; identities are unavailable,P-391p91054261_VX-0p798138981731_LS-4p10405950637e-05_ST-398p591592241_M-TI64_XI-0p0002_XF-0p0014_XL-0p0012_TE-0p0021_DT-6p04421123819e-06_H-eac21b41c2/gif_files/animation_ss_side.gif,False,True
WARNING,bug_free_flag_zero,new-data,P-391p91054261_VX-0p798138981731_LS-4p10405950637e-05_ST-398p591592241_M-TI64_XI-0p0002_XF-0p0014_XL-0p0012_TE-0p0021_DT-6p04421123819e-06_H-eac21b41c2,"[0,1,2,3,4,5,6,7,8,9,10,11,12,13,14,15,16,17,18,19,20,21,22,23,24,25,26,27,28,29,30,31,32,33,34,35,36,37,38,39,40,41,42,43,44,45,46,47,48,49,50,51,52,53,54,55,56,57,58,59,60,61,62,63,64,65,66,67,68,69,70,71,72,73,74,75,76,77,78,79,80,81,82,83,84,85,86,87,88,89,90,91,92,93,94,95,96,97,98,99,100,101,102,103,104,105,106,107,108,109,110,111,112,113,114,115,116,117,118,119,120,121,122,123,124,125,126,127,128,129,130,131,132,133,134,135,136,137,138,139,140,141,142,143,144,145,146,147,148,149,150,151,152,153,154,155,156,157,158,159,160,161,162,163,164,165,166,167,168,169,170,171,172,173,174,175,176,177,178,179,180,181,182,183,184,185,186,187,188,189,190,191,192,193,194,195,196,197,198,199,200,201,202,203,204,205,206,207,208,209,210,211,212,213,214,215,216,217,218,219,220,221,222,223,224,225,226,227,228,229,230,231,232,233,234,235,236,237,238,239,240,241,242,243,244,245,246,247,248,249,250,251,252,253,254,255,256,257,258,259,260,261,262,263,264,265,266,267,268,269,270,271,272,273,274,275,276,277,278,279,280,281,282,283,284,285,286,287,288,289,290,291,292,293,294,295,296,297,298,299,300,301,302,303,304,305,306,307,308,309,310,311,312,313,314,315,316,317,318,319,320,321,322,323,324,325,326,327,328,329,330,331,332,333,334,335,336,337,338,339,340,341,342,343,344,345]","[0,333,665,998,1330,1663,1995,2327,2660,2992,3325,3657,3990,4654,4987,5319,5652,5984,6316,6649,6981,7314,7647,7979,8312,8644,8977,9309,9642,9974,10307,10639,10972,11305,11637,11970,12302,12635,12967,13300,13632,13965,14297,14629,14961,15294,15626,15958,16291,16623,16955,17287,17620,17952,18284,18617,18949,19281,19613,19946,20278,20610,20943,21275,21607,21939,22272,22604,22936,23269,23601,23933,24265,24598,24930,25262,25594,25927,26259,26591,26924,27257,27589,27922,28255,28588,28921,29253,29586,29919,30252,30585,30918,31250,31583,31916,32249,32582,32914,33247,33580,33913,34246,34579,34911,35244,35577,35910,36243,36575,36908,37241,37574,37907,38240,38572,38905,39238,39571,39904,40236,40569,40902,41235,41568,41901,42233,42566,42899,43232,43565,43897,44230,44563,44896,45229,45562,45894,46227,46560,46893,47226,47558,47891,48224,48557,48890,49223,49555,49888,50221,50554,50887,51219,51552,51885,52218,52551,52883,53216,53549,53882,54215,54548,54880,55213,55546,55879,56212,56544,56877,57210,57543,57876,58209,58541,58874,59207,59540,59873,60205,60538,60871,61204,61537,61869,62202,62535,62868,63201,63534,63866,64199,64532,64865,65198,65530,65863,66196,66529,66862,67195,67527,67860,68193,68526,68859,69191,69524,69857,70190,70523,70855,71188,71521,71854,72187,72520,72852,73185,73518,73851,74184,74516,74849,75182,75515,75848,76180,76513,76846,77179,77512,77845,78177,78510,78843,79176,79509,79841,80174,80840,81173,81506,81838,82171,82504,82837,83502,83835,84168,84501,84834,85166,85499,85832,86165,86498,86831,87163,87496,87829,88162,88495,88827,89160,89493,89826,90159,90491,90824,91157,91490,91823,92156,92488,92821,93154,93487,93820,94152,94485,94818,95151,95484,95817,96149,96482,96815,97148,97481,97813,98146,98479,98812,99145,99477,99810,100143,100476,100809,101142,101474,101807,102140,102473,102806,103138,103471,103804,104137,104470,104803,105135,105468,105801,106134,106467,106799,107132,107465,107798,108131,108463,108796,109129,109462,109795,110128,110460,110793,111126,111459,111792,112124,112457,112790,113123,113456,113789,114121,114454,114787,115120,115453,115599]",346 frames,P-391p91054261_VX-0p798138981731_LS-4p10405950637e-05_ST-398p591592241_M-TI64_XI-0p0002_XF-0p0014_XL-0p0012_TE-0p0021_DT-6p04421123819e-06_H-eac21b41c2/gif_files/animation_ss_side.gif,False,True
WARNING,contains_screenshot_bug,new-data,P-391p91054261_VX-0p798138981731_LS-4p10405950637e-05_ST-398p591592241_M-TI64_XI-0p0002_XF-0p0014_XL-0p0012_TE-0p0021_DT-6p04421123819e-06_H-eac21b41c2,"[289,290,291,292,293,294,295,296,297,298,299,300,301,302,303,304,305,306,307,308,309,310,311,312,313,314,315,316,325,326,327,328,329,330,331,332,333,334,335,336,337,338,339,340,341,342,343,344,345]","[97148,97481,97813,98146,98479,98812,99145,99477,99810,100143,100476,100809,101142,101474,101807,102140,102473,102806,103138,103471,103804,104137,104470,104803,105135,105468,105801,106134,109129,109462,109795,110128,110460,110793,111126,111459,111792,112124,112457,112790,113123,113456,113789,114121,114454,114787,115120,115453,115599]",49 frames,P-391p91054261_VX-0p798138981731_LS-4p10405950637e-05_ST-398p591592241_M-TI64_XI-0p0002_XF-0p0014_XL-0p0012_TE-0p0021_DT-6p04421123819e-06_H-eac21b41c2/gif_files/animation_ss_side.gif,False,True
WARNING,annotator_or_channel_disagreement,new-data,P-394p301389958_VX-0p965504599187_LS-4p1845661123e-05_ST-386p588977515_M-TI64_XI-0p0002_XF-0p0014_XL-0p0012_TE-0p0021_DT-4p99647604691e-06_H-aae9cbe76f,"[88,93,95]","[24181,25554,26104]",label_1 differs from label_2 in 3 frames; identities are unavailable,P-394p301389958_VX-0p965504599187_LS-4p1845661123e-05_ST-386p588977515_M-TI64_XI-0p0002_XF-0p0014_XL-0p0012_TE-0p0021_DT-4p99647604691e-06_H-aae9cbe76f/gif_files/animation_ss_side.gif,False,True
WARNING,repeated_keyhole_episodes,new-data,P-394p301389958_VX-0p965504599187_LS-4p1845661123e-05_ST-386p588977515_M-TI64_XI-0p0002_XF-0p0014_XL-0p0012_TE-0p0021_DT-4p99647604691e-06_H-aae9cbe76f,[],[],2 distinct segments,P-394p301389958_VX-0p965504599187_LS-4p1845661123e-05_ST-386p588977515_M-TI64_XI-0p0002_XF-0p0014_XL-0p0012_TE-0p0021_DT-4p99647604691e-06_H-aae9cbe76f/gif_files/animation_ss_side.gif,False,True
WARNING,annotator_or_channel_disagreement,new-data,P-399p256835613_VX-0p656366203199_LS-4p10009761764e-05_ST-341p515144691_M-TI64_XI-0p0002_XF-0p0014_XL-0p0012_TE-0p0021_DT-7p34973948918e-06_H-3c3f1974a9,"[65,66,254,255,256,257,258,259,260,284,285]","[26272,26676,103165,103570,103975,104379,104784,105189,105594,115306,115599]",label_1 differs from label_2 in 11 frames; identities are unavailable,P-399p256835613_VX-0p656366203199_LS-4p10009761764e-05_ST-341p515144691_M-TI64_XI-0p0002_XF-0p0014_XL-0p0012_TE-0p0021_DT-7p34973948918e-06_H-3c3f1974a9/gif_files/animation_ss_side.gif,False,True
WARNING,bug_free_flag_zero,new-data,P-399p256835613_VX-0p656366203199_LS-4p10009761764e-05_ST-341p515144691_M-TI64_XI-0p0002_XF-0p0014_XL-0p0012_TE-0p0021_DT-7p34973948918e-06_H-3c3f1974a9,"[0,1,2,3,4,5,6,7,8,9,10,11,12,13,14,15,16,17,18,19,20,21,22,23,24,25,26,27,28,29,30,31,32,33,34,35,36,37,38,39,40,41,42,43,44,45,46,47,48,49,50,51,52,53,54,55,56,57,58,59,60,61,62,63,64,65,66,67,68,69,70,71,72,73,74,75,76,77,78,79,80,81,82,83,84,85,86,87,88,89,90,91,92,93,94,95,96,97,98,99,100,101,102,103,104,105,106,107,108,109,110,111,112,113,114,115,116,117,118,119,120,121,122,123,124,125,126,127,128,129,130,131,132,133,134,135,136,137,138,139,140,141,142,143,144,145,146,147,148,149,150,151,152,153,154,155,156,157,158,159,160,161,162,163,164,165,166,167,168,169,170,171,172,173,174,175,176,177,178,179,180,181,182,183,184,185,186,187,188,189,190,191,192,193,194,195,196,197,198,199,200,201,202,203,204,205,206,207,208,209,210,211,212,213,214,215,216,217,218,219,220,221,222,223,224,225,226,227,228,229,230,231,232,233,234,235,236,237,238,239,240,241,242,243,244,245,246,247,248,249,250,251,252,253,254,255,256,257,258,259,260,261,262,263,264,265,266,267,268,269,270,271,272,273,274,275,276,277,278,279,280,281,282,283,284,285]","[0,405,809,1213,1617,2022,2426,2830,3234,3639,4043,4447,4851,5255,5660,6064,6468,6872,7277,7681,8085,8490,8894,9299,9703,10107,10512,10916,11320,11725,12129,12534,12938,13342,13747,14151,14555,14959,15363,15767,16171,16575,16979,17383,17787,18191,18595,18999,19403,19807,20211,20615,21020,21424,21828,22232,22636,23040,23444,23848,24252,24656,25060,25464,25868,26272,26676,27081,27485,27890,28295,28700,29104,29509,29914,30318,30723,31128,31532,31937,32342,32747,33151,33556,33961,34365,34770,35175,35580,35984,36389,36794,37198,37603,38008,38412,38817,39222,39627,40031,40436,40841,41245,41650,42055,42460,42864,43269,43674,44078,44483,44888,45292,45697,46102,46507,46911,47316,47721,48125,48530,48935,49339,49744,50149,50554,50958,51363,51768,52172,52577,52982,53387,53791,54196,54601,55005,55410,55815,56219,56624,57029,57434,57838,58243,58648,59052,59457,59862,60267,60671,61076,61481,61885,62290,62695,63099,63504,63909,64314,64718,65123,65528,65932,66337,66742,67147,67551,67956,68361,68765,69170,69575,69979,70384,70789,71194,71598,72003,72408,72812,73217,73622,74027,74431,74836,75241,75645,76050,76455,76859,77264,77669,78074,78478,78883,79288,79692,80097,80502,80906,81311,81716,82121,82525,82930,83335,83739,84144,84549,84954,85358,85763,86168,86572,86977,87382,87786,88191,88596,89001,89405,89810,90215,90619,91024,91834,92238,92643,93048,93452,93857,94262,94666,95071,95476,95881,96285,96690,97095,97499,97904,98309,98714,99118,99523,99928,100332,100737,101142,101546,101951,102356,102761,103165,103570,103975,104379,104784,105189,105594,105998,106403,106808,107212,107617,108022,108426,108831,109236,109641,110045,110450,110855,111259,111664,112069,112473,112878,113283,113688,114092,114497,114902,115306,115599]",286 frames,P-399p256835613_VX-0p656366203199_LS-4p10009761764e-05_ST-341p515144691_M-TI64_XI-0p0002_XF-0p0014_XL-0p0012_TE-0p0021_DT-7p34973948918e-06_H-3c3f1974a9/gif_files/animation_ss_side.gif,False,True
WARNING,contains_screenshot_bug,new-data,P-399p256835613_VX-0p656366203199_LS-4p10009761764e-05_ST-341p515144691_M-TI64_XI-0p0002_XF-0p0014_XL-0p0012_TE-0p0021_DT-7p34973948918e-06_H-3c3f1974a9,[285],[115599],1 frames,P-399p256835613_VX-0p656366203199_LS-4p10009761764e-05_ST-341p515144691_M-TI64_XI-0p0002_XF-0p0014_XL-0p0012_TE-0p0021_DT-7p34973948918e-06_H-3c3f1974a9/gif_files/animation_ss_side.gif,False,True
WARNING,annotator_or_channel_disagreement,new-data,P-400p342090514_VX-0p84724542505_LS-4p08786684736e-05_ST-395p5494372_M-TI64_XI-0p0002_XF-0p0014_XL-0p0012_TE-0p0021_DT-5p69388805225e-06_H-39de960155,"[32,33,137,138,139,145,146,147,148,149,150,151,152,153,160,161,259]","[10962,11276,43859,44173,44486,46367,46681,46994,47308,47622,47935,48249,48562,48876,51070,51697,83363]",label_1 differs from label_2 in 17 frames; identities are unavailable,P-400p342090514_VX-0p84724542505_LS-4p08786684736e-05_ST-395p5494372_M-TI64_XI-0p0002_XF-0p0014_XL-0p0012_TE-0p0021_DT-5p69388805225e-06_H-39de960155/gif_files/animation_ss_side.gif,False,True
WARNING,bug_free_flag_zero,new-data,P-400p342090514_VX-0p84724542505_LS-4p08786684736e-05_ST-395p5494372_M-TI64_XI-0p0002_XF-0p0014_XL-0p0012_TE-0p0021_DT-5p69388805225e-06_H-39de960155,"[0,1,2,3,4,5,6,7,8,9,10,11,12,13,14,15,16,17,18,19,20,21,22,23,24,25,26,27,28,29,30,31,32,33,34,35,36,37,38,39,40,41,42,43,44,45,46,47,48,49,50,51,52,53,54,55,56,57,58,59,60,61,62,63,64,65,66,67,68,69,70,71,72,73,74,75,76,77,78,79,80,81,82,83,84,85,86,87,88,89,90,91,92,93,94,95,96,97,98,99,100,101,102,103,104,105,106,107,108,109,110,111,112,113,114,115,116,117,118,119,120,121,122,123,124,125,126,127,128,129,130,131,132,133,134,135,136,137,138,139,140,141,142,143,144,145,146,147,148,149,150,151,152,153,154,155,156,157,158,159,160,161,162,163,164,165,166,167,168,169,170,171,172,173,174,175,176,177,178,179,180,181,182,183,184,185,186,187,188,189,190,191,192,193,194,195,196,197,198,199,200,201,202,203,204,205,206,207,208,209,210,211,212,213,214,215,216,217,218,219,220,221,222,223,224,225,226,227,228,229,230,231,232,233,234,235,236,237,238,239,240,241,242,243,244,245,246,247,248,249,250,251,252,253,254,255,256,257,258,259,260,261,262,263,264,265,266,267,268,269,270,271,272,273,274,275,276,277,278,279,280,281,282,283,284,285,286,287,288,289,290,291,292,293,294,295,296,297,298,299,300,301,302,303,304,305,306,307,308,309,310,311,312,313,314,315,316,317,318,319,320,321,322,323,324,325,326,327,328,329,330,331,332,333,334,335,336,337,338,339,340,341,342,343,344,345,346,347,348,349,350,351,352,353,354,355,356,357,358,359,360,361]","[0,314,627,940,1253,1566,1879,2193,2506,2819,3132,3445,3758,4071,4385,4698,5011,5324,5637,5950,6577,6890,7516,8143,8456,8770,9083,9396,9709,10023,10336,10649,10962,11276,11589,11902,12216,12529,12842,13155,13469,13782,14095,14408,14721,15034,15347,15660,15973,16286,16599,16912,17225,17538,17851,18164,18477,18790,19103,19416,19729,20042,20355,20668,20981,21294,21607,21920,22233,22546,22859,23172,23485,23798,24111,24425,24738,25051,25364,25677,25990,26303,26616,26929,27242,27556,27869,28183,28496,28810,29123,29437,29751,30064,30378,30691,31005,31318,31632,31945,32259,32572,32886,33199,33513,33826,34140,34453,34767,35080,35394,35708,36021,36335,36648,36962,37275,37589,37902,38216,38529,38843,39156,39470,39783,40097,40410,40724,41037,41351,41665,41978,42292,42605,42919,43232,43546,43859,44173,44486,44800,45113,45427,45740,46054,46367,46681,46994,47308,47622,47935,48249,48562,48876,49189,49503,49816,50130,50443,50757,51070,51697,52011,52324,52638,52951,53265,53578,53892,54206,54519,54833,55146,55460,55773,56087,56400,56714,57027,57341,57654,57968,58281,58595,58908,59222,59535,59849,60163,60476,60790,61103,61417,61730,62044,62357,62671,62984,63298,63611,63925,64238,64552,64865,65179,65492,65806,66120,66433,66747,67060,67374,68001,68314,68628,68941,69255,69568,69882,70195,70509,70822,71449,71763,72077,72390,72704,73017,73331,73644,73958,74271,74585,74898,75212,75525,75839,76152,76466,76779,77406,77720,78033,78347,78661,78974,79288,79601,79915,80228,80542,80855,81169,81482,81796,82109,82423,82736,83050,83363,83677,84304,84618,84931,85245,85558,85872,86185,86499,86812,87126,87439,87753,88066,88380,88693,89007,89320,89634,89947,90261,90575,90888,91202,91515,91829,92142,92456,92769,93083,93396,93710,94023,94337,94650,94964,95277,95591,95904,96218,96532,96845,97159,97472,97786,98099,98413,98726,99040,99353,99667,99980,100294,100607,100921,101234,101548,101861,102175,102488,102802,103116,103429,103743,104056,104370,104683,104997,105310,105624,105937,106251,106564,106878,107191,107505,107818,108132,108445,108759,109073,109386,109700,110013,110327,110640,110954,111267,111581,111894,112208,112521,112835,113148,113462,113775,114089,114402,114716,115030,115343,115599]",362 frames,P-400p342090514_VX-0p84724542505_LS-4p08786684736e-05_ST-395p5494372_M-TI64_XI-0p0002_XF-0p0014_XL-0p0012_TE-0p0021_DT-5p69388805225e-06_H-39de960155/gif_files/animation_ss_side.gif,False,True
WARNING,contains_screenshot_bug,new-data,P-400p342090514_VX-0p84724542505_LS-4p08786684736e-05_ST-395p5494372_M-TI64_XI-0p0002_XF-0p0014_XL-0p0012_TE-0p0021_DT-5p69388805225e-06_H-39de960155,"[282,285,286,287,288,289,290,291,292,293,294,295,296,297,298,299,300,301,302,303,304,305,306,307,308,309,310,311,312,313,314,315,316,317,318,319,320,321,322,323,324,325,326,327,328,329,330,331,332,333,334,335,336,337,338,339,340,341,342,343,344,345,346,347,348,349,350,351,352,353,354,355,356,357,358,359,360,361]","[90888,91829,92142,92456,92769,93083,93396,93710,94023,94337,94650,94964,95277,95591,95904,96218,96532,96845,97159,97472,97786,98099,98413,98726,99040,99353,99667,99980,100294,100607,100921,101234,101548,101861,102175,102488,102802,103116,103429,103743,104056,104370,104683,104997,105310,105624,105937,106251,106564,106878,107191,107505,107818,108132,108445,108759,109073,109386,109700,110013,110327,110640,110954,111267,111581,111894,112208,112521,112835,113148,113462,113775,114089,114402,114716,115030,115343,115599]",78 frames,P-400p342090514_VX-0p84724542505_LS-4p08786684736e-05_ST-395p5494372_M-TI64_XI-0p0002_XF-0p0014_XL-0p0012_TE-0p0021_DT-5p69388805225e-06_H-39de960155/gif_files/animation_ss_side.gif,False,True
WARNING,repeated_keyhole_episodes,new-data,P-400p342090514_VX-0p84724542505_LS-4p08786684736e-05_ST-395p5494372_M-TI64_XI-0p0002_XF-0p0014_XL-0p0012_TE-0p0021_DT-5p69388805225e-06_H-39de960155,[],[],3 distinct segments,P-400p342090514_VX-0p84724542505_LS-4p08786684736e-05_ST-395p5494372_M-TI64_XI-0p0002_XF-0p0014_XL-0p0012_TE-0p0021_DT-5p69388805225e-06_H-39de960155/gif_files/animation_ss_side.gif,False,True
WARNING,annotator_or_channel_disagreement,new-data,P-404p674556304_VX-0p544519129004_LS-4p43635630435e-05_ST-368p185027338_M-TI64_XI-0p0002_XF-0p0014_XL-0p0012_TE-0p0021_DT-8p85941438245e-06_H-4d45e0bf17,"[32,56]","[16568,28260]",label_1 differs from label_2 in 2 frames; identities are unavailable,P-404p674556304_VX-0p544519129004_LS-4p43635630435e-05_ST-368p185027338_M-TI64_XI-0p0002_XF-0p0014_XL-0p0012_TE-0p0021_DT-8p85941438245e-06_H-4d45e0bf17/gif_files/animation_ss_side.gif,False,True
WARNING,annotator_or_channel_disagreement,new-data,P-406p350963493_VX-0p484226878203_LS-4p36170368492e-05_ST-370p554621114_M-TI64_XI-0p0002_XF-0p0014_XL-0p0012_TE-0p0021_DT-9p96252133074e-06_H-778de5c076,[58],[31783],label_1 differs from label_2 in 1 frames; identities are unavailable,P-406p350963493_VX-0p484226878203_LS-4p36170368492e-05_ST-370p554621114_M-TI64_XI-0p0002_XF-0p0014_XL-0p0012_TE-0p0021_DT-9p96252133074e-06_H-778de5c076/gif_files/animation_ss_side.gif,False,True
WARNING,annotator_or_channel_disagreement,new-data,P-413p007329362_VX-0p214914258115_LS-4p25156575745e-05_ST-342p625619244_M-TI64_XI-0p0002_XF-0p0014_XL-0p0012_TE-0p0021_DT-2p24467219873e-05_H-c87ffcf9e3,[90],[111206],label_1 differs from label_2 in 1 frames; identities are unavailable,P-413p007329362_VX-0p214914258115_LS-4p25156575745e-05_ST-342p625619244_M-TI64_XI-0p0002_XF-0p0014_XL-0p0012_TE-0p0021_DT-2p24467219873e-05_H-c87ffcf9e3/gif_files/animation_ss_side.gif,False,True
WARNING,repeated_keyhole_episodes,new-data,P-413p007329362_VX-0p214914258115_LS-4p25156575745e-05_ST-342p625619244_M-TI64_XI-0p0002_XF-0p0014_XL-0p0012_TE-0p0021_DT-2p24467219873e-05_H-c87ffcf9e3,[],[],2 distinct segments,P-413p007329362_VX-0p214914258115_LS-4p25156575745e-05_ST-342p625619244_M-TI64_XI-0p0002_XF-0p0014_XL-0p0012_TE-0p0021_DT-2p24467219873e-05_H-c87ffcf9e3/gif_files/animation_ss_side.gif,False,True
WARNING,annotator_or_channel_disagreement,new-data,P-413p458184039_VX-0p35207482727_LS-4p49853708666e-05_ST-303p358380963_M-TI64_XI-0p0002_XF-0p0014_XL-0p0012_TE-0p0021_DT-1p37019753455e-05_H-ff013f97fe,[47],[37690],label_1 differs from label_2 in 1 frames; identities are unavailable,P-413p458184039_VX-0p35207482727_LS-4p49853708666e-05_ST-303p358380963_M-TI64_XI-0p0002_XF-0p0014_XL-0p0012_TE-0p0021_DT-1p37019753455e-05_H-ff013f97fe/gif_files/animation_ss_side.gif,False,True
WARNING,final_label_differs_from_both_inputs,new-data,P-413p458184039_VX-0p35207482727_LS-4p49853708666e-05_ST-303p358380963_M-TI64_XI-0p0002_XF-0p0014_XL-0p0012_TE-0p0021_DT-1p37019753455e-05_H-ff013f97fe,[47],[37690],1 final labels differ from both label_1 and label_2,P-413p458184039_VX-0p35207482727_LS-4p49853708666e-05_ST-303p358380963_M-TI64_XI-0p0002_XF-0p0014_XL-0p0012_TE-0p0021_DT-1p37019753455e-05_H-ff013f97fe/gif_files/animation_ss_side.gif,False,True
WARNING,initial_emptiness_after_physical_onset,new-data,P-413p458184039_VX-0p35207482727_LS-4p49853708666e-05_ST-303p358380963_M-TI64_XI-0p0002_XF-0p0014_XL-0p0012_TE-0p0021_DT-1p37019753455e-05_H-ff013f97fe,[47],[37690],1 frames,P-413p458184039_VX-0p35207482727_LS-4p49853708666e-05_ST-303p358380963_M-TI64_XI-0p0002_XF-0p0014_XL-0p0012_TE-0p0021_DT-1p37019753455e-05_H-ff013f97fe/gif_files/animation_ss_side.gif,False,True
WARNING,annotator_or_channel_disagreement,new-data,P-420p548248194_VX-0p890019823061_LS-4p2728397196e-05_ST-342p58191385_M-TI64_XI-0p0002_XF-0p0014_XL-0p0012_TE-0p0021_DT-5p42023950256e-06_H-39de960155,"[80,81,82,91,92,93,94,95,96,97,101,105,256,287]","[24443,24741,25039,27722,28021,28319,28618,28916,29214,29513,30707,31901,77267,86817]",label_1 differs from label_2 in 14 frames; identities are unavailable,P-420p548248194_VX-0p890019823061_LS-4p2728397196e-05_ST-342p58191385_M-TI64_XI-0p0002_XF-0p0014_XL-0p0012_TE-0p0021_DT-5p42023950256e-06_H-39de960155/gif_files/animation_ss_side.gif,False,True
WARNING,bug_free_flag_zero,new-data,P-420p548248194_VX-0p890019823061_LS-4p2728397196e-05_ST-342p58191385_M-TI64_XI-0p0002_XF-0p0014_XL-0p0012_TE-0p0021_DT-5p42023950256e-06_H-39de960155,"[0,1,2,3,4,5,6,7,8,9,10,11,12,13,14,15,16,17,18,19,20,21,22,23,24,25,26,27,28,29,30,31,32,33,34,35,36,37,38,39,40,41,42,43,44,45,46,47,48,49,50,51,52,53,54,55,56,57,58,59,60,61,62,63,64,65,66,67,68,69,70,71,72,73,74,75,76,77,78,79,80,81,82,83,84,85,86,87,88,89,90,91,92,93,94,95,96,97,98,99,100,101,102,103,104,105,106,107,108,109,110,111,112,113,114,115,116,117,118,119,120,121,122,123,124,125,126,127,128,129,130,131,132,133,134,135,136,137,138,139,140,141,142,143,144,145,146,147,148,149,150,151,152,153,154,155,156,157,158,159,160,161,162,163,164,165,166,167,168,169,170,171,172,173,174,175,176,177,178,179,180,181,182,183,184,185,186,187,188,189,190,191,192,193,194,195,196,197,198,199,200,201,202,203,204,205,206,207,208,209,210,211,212,213,214,215,216,217,218,219,220,221,222,223,224,225,226,227,228,229,230,231,232,233,234,235,236,237,238,239,240,241,242,243,244,245,246,247,248,249,250,251,252,253,254,255,256,257,258,259,260,261,262,263,264,265,266,267,268,269,270,271,272,273,274,275,276,277,278,279,280,281,282,283,284,285,286,287,288,289,290,291,292,293,294,295,296,297,298,299,300,301,302,303,304,305,306,307,308,309,310,311,312,313,314,315,316,317,318,319,320,321,322,323,324,325,326,327,328,329,330,331,332,333,334,335,336,337,338,339,340,341,342,343,344,345,346,347,348,349,350,351,352,353,354,355,356,357,358,359,360,361,362,363,364,365,366,367,368,369,370,371,372,373,374,375,376,377,378,379,380,381,382,383,384]","[0,299,597,895,1193,1491,1789,2087,2385,2683,2982,3280,3578,3876,4174,4472,5068,5366,5664,5963,6261,6559,6857,7453,7752,8050,8348,8646,8944,9243,9541,9839,10137,10436,10734,11032,11330,11628,11927,12225,12523,12821,13120,13418,13716,14014,14312,14610,14908,15206,15504,15802,16100,16398,16696,16994,17291,17589,17887,18185,18483,18781,19079,19377,19675,19973,20271,20569,20867,21165,21463,21761,22059,22357,22655,22953,23251,23549,23847,24145,24443,24741,25039,25337,25635,25933,26231,26529,26827,27125,27424,27722,28021,28319,28618,28916,29214,29513,29811,30110,30408,30707,31005,31304,31602,31901,32199,32498,32796,33094,33393,33691,33990,34288,34587,34885,35184,35482,35781,36079,36377,36676,36974,37273,37571,37870,38168,38467,38765,39064,39362,39661,39959,40257,40556,40854,41153,41451,41750,42048,42347,42645,42944,43242,43540,43839,44137,44436,44734,45033,45331,45630,45928,46227,46525,46824,47122,47420,47719,48017,48316,48614,48913,49211,49510,49808,50107,50405,50703,51002,51300,51599,51897,52196,52494,52793,53091,53390,53688,53987,54285,54583,54882,55180,55479,55777,56076,56374,56673,56971,57270,57568,57867,58165,58463,58762,59060,59359,59657,59956,60254,60553,60851,61150,61448,61747,62045,62343,62642,62940,63239,63537,63836,64134,64433,64731,65030,65328,65627,65925,66223,66522,66820,67119,67417,67716,68014,68313,68611,68910,69208,69507,69805,70103,70402,70700,70999,71297,71596,71894,72193,72491,72790,73088,73387,73685,73983,74282,74580,74879,75177,75774,76073,76371,76670,76968,77267,77565,77863,78162,78460,78759,79057,79356,79654,79953,80251,80550,80848,81147,81445,81743,82042,82340,82639,82937,83236,83534,84131,84430,84728,85027,85325,85623,85922,86220,86519,86817,87116,87414,87713,88011,88310,88608,88907,89205,89503,89802,90100,90399,90697,90996,91294,91593,91891,92190,92488,92787,93085,93383,93682,93980,94279,94577,94876,95174,95473,95771,96070,96368,96667,96965,97263,97562,97860,98159,98457,98756,99054,99353,99651,99950,100248,100547,100845,101143,101442,101740,102039,102337,102636,102934,103233,103531,103830,104128,104427,104725,105023,105322,105620,105919,106217,106516,106814,107113,107411,107710,108008,108307,108605,108903,109202,109500,109799,110097,110396,110694,110993,111291,111590,111888,112187,112485,112783,113082,113380,113679,113977,114276,114574,114873,115171,115470,115599]",385 frames,P-420p548248194_VX-0p890019823061_LS-4p2728397196e-05_ST-342p58191385_M-TI64_XI-0p0002_XF-0p0014_XL-0p0012_TE-0p0021_DT-5p42023950256e-06_H-39de960155/gif_files/animation_ss_side.gif,False,True
WARNING,contains_screenshot_bug,new-data,P-420p548248194_VX-0p890019823061_LS-4p2728397196e-05_ST-342p58191385_M-TI64_XI-0p0002_XF-0p0014_XL-0p0012_TE-0p0021_DT-5p42023950256e-06_H-39de960155,"[287,288,289,290,291,292,293,294,295,296,297,298,299,300,301,302,303,304,305,306,307,308,309,310,311,312,313,314,315,316,317,318,319,320,321,322,323,324,325,326,327,328,329,330,331,332,333,334,335,336,337,338,339,340,341,342,343,344,345,346,347,348,349,350,351,352,353,354,355,356,357,358,359,360,361,362,363,364,365,366,367,368,369,370,371,372,373,374,375,376,377,378,379,380,381,382,383,384]","[86817,87116,87414,87713,88011,88310,88608,88907,89205,89503,89802,90100,90399,90697,90996,91294,91593,91891,92190,92488,92787,93085,93383,93682,93980,94279,94577,94876,95174,95473,95771,96070,96368,96667,96965,97263,97562,97860,98159,98457,98756,99054,99353,99651,99950,100248,100547,100845,101143,101442,101740,102039,102337,102636,102934,103233,103531,103830,104128,104427,104725,105023,105322,105620,105919,106217,106516,106814,107113,107411,107710,108008,108307,108605,108903,109202,109500,109799,110097,110396,110694,110993,111291,111590,111888,112187,112485,112783,113082,113380,113679,113977,114276,114574,114873,115171,115470,115599]",98 frames,P-420p548248194_VX-0p890019823061_LS-4p2728397196e-05_ST-342p58191385_M-TI64_XI-0p0002_XF-0p0014_XL-0p0012_TE-0p0021_DT-5p42023950256e-06_H-39de960155/gif_files/animation_ss_side.gif,False,True
WARNING,final_label_differs_from_both_inputs,new-data,P-420p548248194_VX-0p890019823061_LS-4p2728397196e-05_ST-342p58191385_M-TI64_XI-0p0002_XF-0p0014_XL-0p0012_TE-0p0021_DT-5p42023950256e-06_H-39de960155,[91],[27722],1 final labels differ from both label_1 and label_2,P-420p548248194_VX-0p890019823061_LS-4p2728397196e-05_ST-342p58191385_M-TI64_XI-0p0002_XF-0p0014_XL-0p0012_TE-0p0021_DT-5p42023950256e-06_H-39de960155/gif_files/animation_ss_side.gif,False,True
WARNING,forming_phase_returns_after_conduction_or_keyhole,new-data,P-420p548248194_VX-0p890019823061_LS-4p2728397196e-05_ST-342p58191385_M-TI64_XI-0p0002_XF-0p0014_XL-0p0012_TE-0p0021_DT-5p42023950256e-06_H-39de960155,[91],[27722],1 frames,P-420p548248194_VX-0p890019823061_LS-4p2728397196e-05_ST-342p58191385_M-TI64_XI-0p0002_XF-0p0014_XL-0p0012_TE-0p0021_DT-5p42023950256e-06_H-39de960155/gif_files/animation_ss_side.gif,False,True
WARNING,repeated_keyhole_episodes,new-data,P-420p548248194_VX-0p890019823061_LS-4p2728397196e-05_ST-342p58191385_M-TI64_XI-0p0002_XF-0p0014_XL-0p0012_TE-0p0021_DT-5p42023950256e-06_H-39de960155,[],[],3 distinct segments,P-420p548248194_VX-0p890019823061_LS-4p2728397196e-05_ST-342p58191385_M-TI64_XI-0p0002_XF-0p0014_XL-0p0012_TE-0p0021_DT-5p42023950256e-06_H-39de960155/gif_files/animation_ss_side.gif,False,True
WARNING,annotator_or_channel_disagreement,new-data,P-423p354289604_VX-0p98992750487_LS-4p35270321082e-05_ST-379p923005206_M-TI64_XI-0p0002_XF-0p0014_XL-0p0012_TE-0p0021_DT-4p87320594618e-06_H-4d45e0bf17,"[76,79,81,266,267,268,269,270]","[20637,21441,21977,71612,71880,72148,72417,72685]",label_1 differs from label_2 in 8 frames; identities are unavailable,P-423p354289604_VX-0p98992750487_LS-4p35270321082e-05_ST-379p923005206_M-TI64_XI-0p0002_XF-0p0014_XL-0p0012_TE-0p0021_DT-4p87320594618e-06_H-4d45e0bf17/gif_files/animation_ss_side.gif,False,True
WARNING,forming_phase_returns_after_conduction_or_keyhole,new-data,P-423p354289604_VX-0p98992750487_LS-4p35270321082e-05_ST-379p923005206_M-TI64_XI-0p0002_XF-0p0014_XL-0p0012_TE-0p0021_DT-4p87320594618e-06_H-4d45e0bf17,"[77,78]","[20905,21173]",2 frames,P-423p354289604_VX-0p98992750487_LS-4p35270321082e-05_ST-379p923005206_M-TI64_XI-0p0002_XF-0p0014_XL-0p0012_TE-0p0021_DT-4p87320594618e-06_H-4d45e0bf17/gif_files/animation_ss_side.gif,False,True
WARNING,repeated_keyhole_episodes,new-data,P-423p354289604_VX-0p98992750487_LS-4p35270321082e-05_ST-379p923005206_M-TI64_XI-0p0002_XF-0p0014_XL-0p0012_TE-0p0021_DT-4p87320594618e-06_H-4d45e0bf17,[],[],2 distinct segments,P-423p354289604_VX-0p98992750487_LS-4p35270321082e-05_ST-379p923005206_M-TI64_XI-0p0002_XF-0p0014_XL-0p0012_TE-0p0021_DT-4p87320594618e-06_H-4d45e0bf17/gif_files/animation_ss_side.gif,False,True
WARNING,annotator_or_channel_disagreement,new-data,P-426p513929333_VX-0p671876042338_LS-4p21074124626e-05_ST-335p829973615_M-TI64_XI-0p0002_XF-0p0014_XL-0p0012_TE-0p0021_DT-7p18007533983e-06_H-ff013f97fe,"[60,61,242,258,259,260,261,262,263]","[25271,25666,97620,103945,104341,104736,105131,105527,105922]",label_1 differs from label_2 in 9 frames; identities are unavailable,P-426p513929333_VX-0p671876042338_LS-4p21074124626e-05_ST-335p829973615_M-TI64_XI-0p0002_XF-0p0014_XL-0p0012_TE-0p0021_DT-7p18007533983e-06_H-ff013f97fe/gif_files/animation_ss_side.gif,False,True
WARNING,bug_free_flag_zero,new-data,P-426p513929333_VX-0p671876042338_LS-4p21074124626e-05_ST-335p829973615_M-TI64_XI-0p0002_XF-0p0014_XL-0p0012_TE-0p0021_DT-7p18007533983e-06_H-ff013f97fe,"[0,1,2,3,4,5,6,7,8,9,10,11,12,13,14,15,16,17,18,19,20,21,22,23,24,25,26,27,28,29,30,31,32,33,34,35,36,37,38,39,40,41,42,43,44,45,46,47,48,49,50,51,52,53,54,55,56,57,58,59,60,61,62,63,64,65,66,67,68,69,70,71,72,73,74,75,76,77,78,79,80,81,82,83,84,85,86,87,88,89,90,91,92,93,94,95,96,97,98,99,100,101,102,103,104,105,106,107,108,109,110,111,112,113,114,115,116,117,118,119,120,121,122,123,124,125,126,127,128,129,130,131,132,133,134,135,136,137,138,139,140,141,142,143,144,145,146,147,148,149,150,151,152,153,154,155,156,157,158,159,160,161,162,163,164,165,166,167,168,169,170,171,172,173,174,175,176,177,178,179,180,181,182,183,184,185,186,187,188,189,190,191,192,193,194,195,196,197,198,199,200,201,202,203,204,205,206,207,208,209,210,211,212,213,214,215,216,217,218,219,220,221,222,223,224,225,226,227,228,229,230,231,232,233,234,235,236,237,238,239,240,241,242,243,244,245,246,247,248,249,250,251,252,253,254,255,256,257,258,259,260,261,262,263,264,265,266,267,268,269,270,271,272,273,274,275,276,277,278,279,280,281,282,283,284,285,286,287,288]","[0,395,790,1185,1580,1975,2370,2765,3160,3555,4344,4739,5134,5529,5924,6319,6714,7109,7504,7899,8689,9479,9874,10664,11059,11454,11849,12244,12639,13034,13429,13824,14219,14614,15008,15403,15798,16192,16587,16982,17377,17771,18166,18561,18956,19350,19745,20140,20535,20929,21324,21719,22113,22508,22903,23298,23692,24087,24482,24877,25271,25666,26061,26455,26850,27246,27641,28036,28432,28827,29222,29618,30013,30408,30804,31199,31595,31990,32385,32781,33176,33571,33967,34362,34757,35153,35548,35944,36339,36734,37130,37525,37920,38316,38711,39106,39502,39897,40292,40688,41083,41479,41874,42269,42665,43060,43455,43851,44246,44641,45037,45432,45828,46223,46618,47014,47409,47804,48200,48595,49386,49781,50177,50572,50967,51363,51758,52153,52549,52944,53339,53735,54130,54526,54921,55316,55712,56107,56502,56898,57293,57688,58084,58479,58874,59270,59665,60061,60456,60851,61247,61642,62037,62433,62828,63223,63619,64014,64409,64805,65200,65596,65991,66386,66782,67177,67572,67968,68363,68758,69154,69549,69945,70340,70735,71131,71526,71921,72317,72712,73107,73503,73898,74293,74689,75084,75480,75875,76270,76666,77061,77456,77852,78247,78642,79038,79433,79828,80224,80619,81015,81410,81805,82201,82596,82991,83387,83782,84177,84573,84968,85364,85759,86154,86550,86945,87340,87736,88131,88526,88922,89317,89712,90108,90503,90899,91294,91689,92085,92480,92875,93271,93666,94061,94457,94852,95247,95643,96038,96434,96829,97224,97620,98015,98410,98806,99201,99596,99992,100387,100783,101178,101573,101969,102364,102759,103155,103550,103945,104341,104736,105131,105527,105922,106318,106713,107108,107504,107899,108294,108690,109085,109480,109876,110271,110666,111062,111457,111853,112248,112643,113039,113434,113829,114225,114620,115015,115411,115599]",289 frames,P-426p513929333_VX-0p671876042338_LS-4p21074124626e-05_ST-335p829973615_M-TI64_XI-0p0002_XF-0p0014_XL-0p0012_TE-0p0021_DT-7p18007533983e-06_H-ff013f97fe/gif_files/animation_ss_side.gif,False,True
WARNING,contains_screenshot_bug,new-data,P-426p513929333_VX-0p671876042338_LS-4p21074124626e-05_ST-335p829973615_M-TI64_XI-0p0002_XF-0p0014_XL-0p0012_TE-0p0021_DT-7p18007533983e-06_H-ff013f97fe,"[269,270,272,273,274,276,277,278,279,280,281,282,283,284,285,286,287,288]","[108294,108690,109480,109876,110271,111062,111457,111853,112248,112643,113039,113434,113829,114225,114620,115015,115411,115599]",18 frames,P-426p513929333_VX-0p671876042338_LS-4p21074124626e-05_ST-335p829973615_M-TI64_XI-0p0002_XF-0p0014_XL-0p0012_TE-0p0021_DT-7p18007533983e-06_H-ff013f97fe/gif_files/animation_ss_side.gif,False,True
WARNING,forming_phase_returns_after_conduction_or_keyhole,new-data,P-426p513929333_VX-0p671876042338_LS-4p21074124626e-05_ST-335p829973615_M-TI64_XI-0p0002_XF-0p0014_XL-0p0012_TE-0p0021_DT-7p18007533983e-06_H-ff013f97fe,"[60,61]","[25271,25666]",2 frames,P-426p513929333_VX-0p671876042338_LS-4p21074124626e-05_ST-335p829973615_M-TI64_XI-0p0002_XF-0p0014_XL-0p0012_TE-0p0021_DT-7p18007533983e-06_H-ff013f97fe/gif_files/animation_ss_side.gif,False,True
WARNING,repeated_keyhole_episodes,new-data,P-426p513929333_VX-0p671876042338_LS-4p21074124626e-05_ST-335p829973615_M-TI64_XI-0p0002_XF-0p0014_XL-0p0012_TE-0p0021_DT-7p18007533983e-06_H-ff013f97fe,[],[],2 distinct segments,P-426p513929333_VX-0p671876042338_LS-4p21074124626e-05_ST-335p829973615_M-TI64_XI-0p0002_XF-0p0014_XL-0p0012_TE-0p0021_DT-7p18007533983e-06_H-ff013f97fe/gif_files/animation_ss_side.gif,False,True
WARNING,annotator_or_channel_disagreement,new-data,P-429p223744451_VX-0p993777087019_LS-4p49939505126e-05_ST-337p477091824_M-TI64_XI-0p0002_XF-0p0014_XL-0p0012_TE-0p0021_DT-4p8543286679e-06_H-c87ffcf9e3,"[71,73,74,75,76,77,80,81,82,83,84,85,253,254,255,256,257,258,259,260,261,262,263]","[19490,20024,20291,20558,20824,21091,21892,22159,22426,22692,22959,23226,68394,68661,68928,69463,69730,69997,70265,70532,70799,71067,71334]",label_1 differs from label_2 in 23 frames; identities are unavailable,P-429p223744451_VX-0p993777087019_LS-4p49939505126e-05_ST-337p477091824_M-TI64_XI-0p0002_XF-0p0014_XL-0p0012_TE-0p0021_DT-4p8543286679e-06_H-c87ffcf9e3/gif_files/animation_ss_side.gif,False,True
WARNING,bug_free_flag_zero,new-data,P-429p223744451_VX-0p993777087019_LS-4p49939505126e-05_ST-337p477091824_M-TI64_XI-0p0002_XF-0p0014_XL-0p0012_TE-0p0021_DT-4p8543286679e-06_H-c87ffcf9e3,"[0,1,2,3,4,5,6,7,8,9,10,11,12,13,14,15,16,17,18,19,20,21,22,23,24,25,26,27,28,29,30,31,32,33,34,35,36,37,38,39,40,41,42,43,44,45,46,47,48,49,50,51,52,53,54,55,56,57,58,59,60,61,62,63,64,65,66,67,68,69,70,71,72,73,74,75,76,77,78,79,80,81,82,83,84,85,86,87,88,89,90,91,92,93,94,95,96,97,98,99,100,101,102,103,104,105,106,107,108,109,110,111,112,113,114,115,116,117,118,119,120,121,122,123,124,125,126,127,128,129,130,131,132,133,134,135,136,137,138,139,140,141,142,143,144,145,146,147,148,149,150,151,152,153,154,155,156,157,158,159,160,161,162,163,164,165,166,167,168,169,170,171,172,173,174,175,176,177,178,179,180,181,182,183,184,185,186,187,188,189,190,191,192,193,194,195,196,197,198,199,200,201,202,203,204,205,206,207,208,209,210,211,212,213,214,215,216,217,218,219,220,221,222,223,224,225,226,227,228,229,230,231,232,233,234,235,236,237,238,239,240,241,242,243,244,245,246,247,248,249,250,251,252,253,254,255,256,257,258,259,260,261,262,263,264,265,266,267,268,269,270,271,272,273,274,275,276,277,278,279,280,281,282,283,284,285,286,287,288,289,290,291,292,293,294,295,296,297,298,299,300,301,302,303,304,305,306,307,308,309,310,311,312,313,314,315,316,317,318,319,320,321,322,323,324,325,326,327,328,329,330,331,332,333,334,335,336,337,338,339,340,341,342,343,344,345,346,347,348,349,350,351,352,353,354,355,356,357,358,359,360,361,362,363,364,365,366,367,368,369,370,371,372,373,374,375,376,377,378,379,380,381,382,383,384,385,386,387,388,389,390,391,392,393,394,395,396,397,398,399,400,401,402,403,404,405,406,407,408,409,410,411,412,413,414,415,416,417,418,419,420,421,422,423,424,425,426,427]","[0,267,534,801,1068,1335,1602,1869,2136,2403,2670,2937,3204,3471,4005,4272,4806,5073,5340,5607,5874,6141,6408,6675,6942,7209,7476,7743,8010,8277,8545,8812,9079,9346,9613,9880,10147,10414,10681,10948,11215,11482,11750,12017,12284,12551,12818,13085,13352,13619,13886,14153,14420,14686,14953,15220,15487,15754,16021,16288,16555,16821,17088,17355,17622,17889,18156,18423,18689,18956,19223,19490,19757,20024,20291,20558,20824,21091,21358,21625,21892,22159,22426,22692,22959,23226,23493,23760,24027,24294,24561,24827,25094,25361,25628,25895,26162,26429,26696,26963,27230,27497,27764,28032,28299,28566,28834,29101,29368,29636,29903,30170,30437,30705,30972,31239,31507,31774,32041,32309,32576,32843,33110,33378,33645,33912,34180,34447,34714,34982,35249,35516,35783,36051,36318,36585,36853,37120,37387,37654,37922,38189,38456,38724,38991,39258,39526,39793,40060,40327,40595,40862,41129,41397,41664,41931,42199,42466,42733,43000,43268,43535,43802,44070,44337,44604,44872,45139,45406,45673,45941,46208,46475,46743,47010,47277,47545,47812,48079,48346,48614,48881,49148,49416,49683,49950,50217,50485,50752,51019,51287,51554,51821,52089,52356,52623,52890,53158,53425,53692,53960,54227,54494,54762,55029,55296,55563,55831,56098,56365,56633,56900,57167,57434,57702,57969,58236,58504,58771,59038,59306,59573,59840,60107,60375,60642,60909,61177,61444,61711,61979,62246,62513,62780,63048,63315,63582,63850,64117,64384,64651,64919,65186,65453,65721,65988,66255,66523,66790,67057,67324,67592,67859,68394,68661,68928,69463,69730,69997,70265,70532,70799,71067,71334,71601,71868,72136,72403,72670,72938,73205,73472,73739,74007,74274,74541,74809,75076,75343,75611,76145,76412,76680,76947,77214,77482,77749,78016,78283,78551,78818,79085,79353,79620,79887,80155,80422,80689,80956,81224,81491,81758,82293,82560,82828,83095,83362,83629,83897,84164,84431,84699,84966,85233,85500,85768,86035,86302,86570,86837,87104,87372,87639,87906,88173,88441,88708,88975,89243,89510,89777,90044,90312,90579,90846,91114,91381,91648,91916,92183,92450,92717,92985,93252,93519,93787,94054,94321,94588,94856,95123,95390,95658,95925,96192,96460,96727,96994,97261,97529,97796,98063,98331,98598,98865,99132,99400,99667,99934,100202,100469,100736,101004,101271,101538,101805,102073,102340,102607,102875,103142,103409,103677,103944,104211,104478,104746,105013,105280,105548,105815,106082,106349,106617,106884,107151,107419,107686,107953,108221,108488,108755,109022,109290,109557,109824,110092,110359,110626,110893,111161,111428,111695,111963,112230,112497,112765,113032,113299,113566,113834,114101,114368,114636,114903,115170,115437,115599]",428 frames,P-429p223744451_VX-0p993777087019_LS-4p49939505126e-05_ST-337p477091824_M-TI64_XI-0p0002_XF-0p0014_XL-0p0012_TE-0p0021_DT-4p8543286679e-06_H-c87ffcf9e3/gif_files/animation_ss_side.gif,False,True
WARNING,contains_screenshot_bug,new-data,P-429p223744451_VX-0p993777087019_LS-4p49939505126e-05_ST-337p477091824_M-TI64_XI-0p0002_XF-0p0014_XL-0p0012_TE-0p0021_DT-4p8543286679e-06_H-c87ffcf9e3,"[285,289,290,291,292,293,294,295,296,297,298,299,300,301,302,303,349,350,351,352,353,354,355,356,357,358,359,360,361,362,363,364,365,366,367,368,369,370,371,372,373,374,375,376,377,378,379,380,381,382,383,384,385,386,387,388,389,390,391,392,393,394,395,396,397,398,399,400,401,402,403,404,405,406,407,408,409,410,411,412,413,414,415,416,417,418,419,420,421,422,423,424,425,426,427]","[77482,78551,78818,79085,79353,79620,79887,80155,80422,80689,80956,81224,81491,81758,82293,82560,94856,95123,95390,95658,95925,96192,96460,96727,96994,97261,97529,97796,98063,98331,98598,98865,99132,99400,99667,99934,100202,100469,100736,101004,101271,101538,101805,102073,102340,102607,102875,103142,103409,103677,103944,104211,104478,104746,105013,105280,105548,105815,106082,106349,106617,106884,107151,107419,107686,107953,108221,108488,108755,109022,109290,109557,109824,110092,110359,110626,110893,111161,111428,111695,111963,112230,112497,112765,113032,113299,113566,113834,114101,114368,114636,114903,115170,115437,115599]",95 frames,P-429p223744451_VX-0p993777087019_LS-4p49939505126e-05_ST-337p477091824_M-TI64_XI-0p0002_XF-0p0014_XL-0p0012_TE-0p0021_DT-4p8543286679e-06_H-c87ffcf9e3/gif_files/animation_ss_side.gif,False,True
WARNING,final_label_differs_from_both_inputs,new-data,P-429p223744451_VX-0p993777087019_LS-4p49939505126e-05_ST-337p477091824_M-TI64_XI-0p0002_XF-0p0014_XL-0p0012_TE-0p0021_DT-4p8543286679e-06_H-c87ffcf9e3,[76],[20824],1 final labels differ from both label_1 and label_2,P-429p223744451_VX-0p993777087019_LS-4p49939505126e-05_ST-337p477091824_M-TI64_XI-0p0002_XF-0p0014_XL-0p0012_TE-0p0021_DT-4p8543286679e-06_H-c87ffcf9e3/gif_files/animation_ss_side.gif,False,True
WARNING,forming_phase_returns_after_conduction_or_keyhole,new-data,P-429p223744451_VX-0p993777087019_LS-4p49939505126e-05_ST-337p477091824_M-TI64_XI-0p0002_XF-0p0014_XL-0p0012_TE-0p0021_DT-4p8543286679e-06_H-c87ffcf9e3,"[73,74,75,76]","[20024,20291,20558,20824]",4 frames,P-429p223744451_VX-0p993777087019_LS-4p49939505126e-05_ST-337p477091824_M-TI64_XI-0p0002_XF-0p0014_XL-0p0012_TE-0p0021_DT-4p8543286679e-06_H-c87ffcf9e3/gif_files/animation_ss_side.gif,False,True
WARNING,repeated_keyhole_episodes,new-data,P-429p223744451_VX-0p993777087019_LS-4p49939505126e-05_ST-337p477091824_M-TI64_XI-0p0002_XF-0p0014_XL-0p0012_TE-0p0021_DT-4p8543286679e-06_H-c87ffcf9e3,[],[],2 distinct segments,P-429p223744451_VX-0p993777087019_LS-4p49939505126e-05_ST-337p477091824_M-TI64_XI-0p0002_XF-0p0014_XL-0p0012_TE-0p0021_DT-4p8543286679e-06_H-c87ffcf9e3/gif_files/animation_ss_side.gif,False,True
WARNING,annotator_or_channel_disagreement,new-data,P-433p517899565_VX-0p4209966739_LS-4p21798941345e-05_ST-396p810205947_M-TI64_XI-0p0002_XF-0p0014_XL-0p0012_TE-0p0021_DT-1p1458809302e-05_H-204261a8b1,"[33,34,35]","[21427,22057,22687]",label_1 differs from label_2 in 3 frames; identities are unavailable,P-433p517899565_VX-0p4209966739_LS-4p21798941345e-05_ST-396p810205947_M-TI64_XI-0p0002_XF-0p0014_XL-0p0012_TE-0p0021_DT-1p1458809302e-05_H-204261a8b1/gif_files/animation_ss_side.gif,False,True
WARNING,annotator_or_channel_disagreement,new-data,P-435p358668153_VX-0p616312825798_LS-4p12302442682e-05_ST-330p720611029_M-TI64_XI-0p0002_XF-0p0014_XL-0p0012_TE-0p0021_DT-7p82738960003e-06_H-4dbd940f3b,"[57,250,251,252,253,254]","[24537,107717,108148,108579,109010,109441]",label_1 differs from label_2 in 6 frames; identities are unavailable,P-435p358668153_VX-0p616312825798_LS-4p12302442682e-05_ST-330p720611029_M-TI64_XI-0p0002_XF-0p0014_XL-0p0012_TE-0p0021_DT-7p82738960003e-06_H-4dbd940f3b/gif_files/animation_ss_side.gif,False,True
WARNING,bug_free_flag_zero,new-data,P-435p358668153_VX-0p616312825798_LS-4p12302442682e-05_ST-330p720611029_M-TI64_XI-0p0002_XF-0p0014_XL-0p0012_TE-0p0021_DT-7p82738960003e-06_H-4dbd940f3b,"[0,1,2,3,4,5,6,7,8,9,10,11,12,13,14,15,16,17,18,19,20,21,22,23,24,25,26,27,28,29,30,31,32,33,34,35,36,37,38,39,40,41,42,43,44,45,46,47,48,49,50,51,52,53,54,55,56,57,58,59,60,61,62,63,64,65,66,67,68,69,70,71,72,73,74,75,76,77,78,79,80,81,82,83,84,85,86,87,88,89,90,91,92,93,94,95,96,97,98,99,100,101,102,103,104,105,106,107,108,109,110,111,112,113,114,115,116,117,118,119,120,121,122,123,124,125,126,127,128,129,130,131,132,133,134,135,136,137,138,139,140,141,142,143,144,145,146,147,148,149,150,151,152,153,154,155,156,157,158,159,160,161,162,163,164,165,166,167,168,169,170,171,172,173,174,175,176,177,178,179,180,181,182,183,184,185,186,187,188,189,190,191,192,193,194,195,196,197,198,199,200,201,202,203,204,205,206,207,208,209,210,211,212,213,214,215,216,217,218,219,220,221,222,223,224,225,226,227,228,229,230,231,232,233,234,235,236,237,238,239,240,241,242,243,244,245,246,247,248,249,250,251,252,253,254,255,256,257,258,259,260,261,262,263,264,265,266,267,268,269]","[0,431,862,1292,1722,2153,2583,3014,3444,3875,4305,4736,5166,5597,6027,6458,6888,7319,7750,8180,8611,9042,9472,9903,10334,10764,11195,11626,12056,12487,12918,13348,13779,14209,14639,15070,15500,15930,16361,16791,17221,17652,18082,18512,18942,19373,19803,20233,20664,21094,21524,21955,22385,22815,23246,23676,24106,24537,24967,25397,25828,26258,26688,27119,27550,27981,28412,28843,29274,29705,30136,30567,30998,31429,31860,32291,32722,33153,33584,34015,34446,34877,35308,35739,36170,36601,37032,37463,37894,38325,38756,39187,39618,40049,40480,40911,41342,41773,42204,42635,43066,43497,43928,44359,44790,45221,45652,46083,46514,46945,47376,47807,48238,48669,49100,49531,49962,50393,50824,51255,51686,52117,52548,52979,53410,53841,54272,54703,55134,55565,55996,56427,56858,57289,57720,58151,58582,59013,59444,59875,60306,60737,61168,61599,62030,62461,62892,63323,63754,64185,64616,65047,65478,65909,66340,66771,67202,67633,68064,68495,68926,69358,69789,70220,70651,71082,71513,71944,72375,72806,73237,73668,74099,74530,74961,75392,75823,76254,76685,77116,77547,77978,78409,78840,79271,79702,80133,80564,80995,81426,81857,82288,82719,83150,83581,84012,84443,84874,85305,85736,86167,86598,87029,87460,87891,88322,88753,89184,89615,90046,90477,90908,91339,91770,92201,92632,93063,93494,93925,94356,94787,95218,95649,96080,96511,96942,97373,97804,98235,98666,99097,99528,99959,100390,100821,101252,101683,102114,102545,102976,103407,103838,104269,104700,105131,105562,105993,106424,106855,107286,107717,108148,108579,109010,109441,109872,110303,110734,111165,111596,112027,112458,112889,113320,113751,114182,114613,115044,115475,115599]",270 frames,P-435p358668153_VX-0p616312825798_LS-4p12302442682e-05_ST-330p720611029_M-TI64_XI-0p0002_XF-0p0014_XL-0p0012_TE-0p0021_DT-7p82738960003e-06_H-4dbd940f3b/gif_files/animation_ss_side.gif,False,True
WARNING,contains_screenshot_bug,new-data,P-435p358668153_VX-0p616312825798_LS-4p12302442682e-05_ST-330p720611029_M-TI64_XI-0p0002_XF-0p0014_XL-0p0012_TE-0p0021_DT-7p82738960003e-06_H-4dbd940f3b,"[262,263,264,265,266,267,268,269]","[112889,113320,113751,114182,114613,115044,115475,115599]",8 frames,P-435p358668153_VX-0p616312825798_LS-4p12302442682e-05_ST-330p720611029_M-TI64_XI-0p0002_XF-0p0014_XL-0p0012_TE-0p0021_DT-7p82738960003e-06_H-4dbd940f3b/gif_files/animation_ss_side.gif,False,True
WARNING,annotator_or_channel_disagreement,new-data,P-438p134561959_VX-0p25154969533_LS-4p05773405909e-05_ST-340p985774893_M-TI64_XI-0p0002_XF-0p0014_XL-0p0012_TE-0p0021_DT-1p91776046347e-05_H-dfeedce527,[48],[50653],label_1 differs from label_2 in 1 frames; identities are unavailable,P-438p134561959_VX-0p25154969533_LS-4p05773405909e-05_ST-340p985774893_M-TI64_XI-0p0002_XF-0p0014_XL-0p0012_TE-0p0021_DT-1p91776046347e-05_H-dfeedce527/gif_files/animation_ss_side.gif,False,True
WARNING,annotator_or_channel_disagreement,new-data,P-440p884222701_VX-0p405879510898_LS-4p4918885946e-05_ST-386p365641032_M-TI64_XI-0p0002_XF-0p0014_XL-0p0012_TE-0p0021_DT-1p18855977537e-05_H-410a3c6302,[35],[23532],label_1 differs from label_2 in 1 frames; identities are unavailable,P-440p884222701_VX-0p405879510898_LS-4p4918885946e-05_ST-386p365641032_M-TI64_XI-0p0002_XF-0p0014_XL-0p0012_TE-0p0021_DT-1p18855977537e-05_H-410a3c6302/gif_files/animation_ss_side.gif,False,True
WARNING,annotator_or_channel_disagreement,new-data,P-441p843471056_VX-0p982124766198_LS-4p09875344609e-05_ST-327p495507906_M-TI64_XI-0p0002_XF-0p0014_XL-0p0012_TE-0p0021_DT-4p91192236368e-06_H-f55fc58583,"[74,75,76,77,78,79,80,81,82,83,84,85,86,87,88,89,90,91,92,93,94,95,96,97,98,99,100,101,257,258,259]","[20531,20801,21071,21341,21611,21881,22152,22422,22692,22962,23232,23502,23772,24042,24312,24582,24852,25122,25392,25662,25932,26202,26472,26742,27012,27283,27553,27824,70558,70828,71099]",label_1 differs from label_2 in 31 frames; identities are unavailable,P-441p843471056_VX-0p982124766198_LS-4p09875344609e-05_ST-327p495507906_M-TI64_XI-0p0002_XF-0p0014_XL-0p0012_TE-0p0021_DT-4p91192236368e-06_H-f55fc58583/gif_files/animation_ss_side.gif,False,True
WARNING,bug_free_flag_zero,new-data,P-441p843471056_VX-0p982124766198_LS-4p09875344609e-05_ST-327p495507906_M-TI64_XI-0p0002_XF-0p0014_XL-0p0012_TE-0p0021_DT-4p91192236368e-06_H-f55fc58583,"[0,1,2,3,4,5,6,7,8,9,10,11,12,13,14,15,16,17,18,19,20,21,22,23,24,25,26,27,28,29,30,31,32,33,34,35,36,37,38,39,40,41,42,43,44,45,46,47,48,49,50,51,52,53,54,55,56,57,58,59,60,61,62,63,64,65,66,67,68,69,70,71,72,73,74,75,76,77,78,79,80,81,82,83,84,85,86,87,88,89,90,91,92,93,94,95,96,97,98,99,100,101,102,103,104,105,106,107,108,109,110,111,112,113,114,115,116,117,118,119,120,121,122,123,124,125,126,127,128,129,130,131,132,133,134,135,136,137,138,139,140,141,142,143,144,145,146,147,148,149,150,151,152,153,154,155,156,157,158,159,160,161,162,163,164,165,166,167,168,169,170,171,172,173,174,175,176,177,178,179,180,181,182,183,184,185,186,187,188,189,190,191,192,193,194,195,196,197,198,199,200,201,202,203,204,205,206,207,208,209,210,211,212,213,214,215,216,217,218,219,220,221,222,223,224,225,226,227,228,229,230,231,232,233,234,235,236,237,238,239,240,241,242,243,244,245,246,247,248,249,250,251,252,253,254,255,256,257,258,259,260,261,262,263,264,265,266,267,268,269,270,271,272,273,274,275,276,277,278,279,280,281,282,283,284,285,286,287,288,289,290,291,292,293,294,295,296,297,298,299,300,301,302,303,304,305,306,307,308,309,310,311,312,313,314,315,316,317,318,319,320,321,322,323,324,325,326,327,328,329,330,331,332,333,334,335,336,337,338,339,340,341,342,343,344,345,346,347,348,349,350,351,352,353,354,355,356,357,358,359,360,361,362,363,364,365,366,367,368,369,370,371,372,373,374,375,376,377,378,379,380,381,382,383,384,385,386,387,388,389,390,391,392,393,394,395,396,397,398,399,400,401,402,403,404,405,406,407,408,409,410,411,412,413,414,415,416,417,418,419,420,421,422]","[0,271,541,811,1351,1621,1892,2162,2432,2702,2972,3242,3512,3783,4053,4323,4593,4863,5133,5403,5674,5944,6214,6484,6754,7024,7295,7565,7835,8105,8376,8646,8916,9186,9457,9727,9997,10267,10538,11078,11348,11619,11889,12159,12429,12700,12970,13240,13510,13780,14050,14321,14591,14861,15131,15401,15671,15941,16211,16481,16751,17021,17291,17561,17831,18101,18371,18641,18911,19181,19451,19721,19991,20261,20531,20801,21071,21341,21611,21881,22152,22422,22692,22962,23232,23502,23772,24042,24312,24582,24852,25122,25392,25662,25932,26202,26472,26742,27012,27283,27553,27824,28094,28365,28635,28906,29176,29447,29717,29988,30258,30528,30799,31069,31340,31610,31881,32151,32422,32692,32963,33233,33504,33774,34045,34315,34586,34856,35126,35397,35667,35938,36208,36479,36749,37020,37290,37561,37831,38102,38372,38643,38913,39183,39454,39724,39995,40265,40536,40806,41077,41347,41618,41888,42159,42429,42700,42970,43240,43511,43781,44052,44322,44593,44863,45134,45404,45675,45945,46216,46486,46757,47027,47298,47568,47838,48109,48379,48650,48920,49191,49461,49732,50002,50273,50543,50814,51084,51355,51625,51895,52166,52436,52707,52977,53248,53518,53789,54059,54330,54600,54871,55141,55412,55682,55952,56223,56493,56764,57034,57305,57575,57846,58116,58387,58657,58928,59198,59469,59739,60009,60280,60550,60821,61091,61362,61632,61903,62173,62444,62714,62985,63255,63526,63796,64067,64337,64607,64878,65148,65419,65689,65960,66230,66501,66771,67042,67312,67583,67853,68124,68394,68664,69205,69476,70017,70287,70558,70828,71099,71369,71640,71910,72181,72451,72721,72992,73262,73533,73803,74074,74344,74615,74885,75156,75426,75697,75967,76238,76508,76779,77049,77319,77590,77860,78131,78401,78942,79213,79483,79754,80024,80295,80565,80836,81106,81647,81917,82188,82458,82729,82999,83270,83540,83811,84081,84352,84622,84893,85163,85433,85704,85974,86245,86515,86786,87056,87327,87597,87868,88138,88409,88679,88950,89220,89491,89761,90031,90302,90572,90843,91113,91384,91654,91925,92195,92466,92736,93007,93277,93548,93818,94088,94359,94629,94900,95170,95441,95711,95982,96252,96523,96793,97064,97334,97605,97875,98145,98416,98686,98957,99227,99498,99768,100039,100309,100580,100850,101121,101391,101662,101932,102202,102473,102743,103014,103284,103555,103825,104096,104366,104637,104907,105178,105448,105719,105989,106260,106530,106800,107071,107341,107612,107882,108153,108423,108694,108964,109235,109505,109776,110046,110317,110587,110858,111128,111398,111669,111939,112210,112480,112751,113021,113292,113562,113833,114103,114374,114644,114915,115185,115456,115599]",423 frames,P-441p843471056_VX-0p982124766198_LS-4p09875344609e-05_ST-327p495507906_M-TI64_XI-0p0002_XF-0p0014_XL-0p0012_TE-0p0021_DT-4p91192236368e-06_H-f55fc58583/gif_files/animation_ss_side.gif,False,True
WARNING,contains_screenshot_bug,new-data,P-441p843471056_VX-0p982124766198_LS-4p09875344609e-05_ST-327p495507906_M-TI64_XI-0p0002_XF-0p0014_XL-0p0012_TE-0p0021_DT-4p91192236368e-06_H-f55fc58583,"[303,342,343,344,345,346,347,348,349,350,351,352,353,354,355,356,357,358,359,360,361,362,363,364,365,366,367,368,369,370,371,372,373,374,375,376,377,378,379,380,381,382,383,384,385,386,387,388,389,390,391,392,393,394,395,396,397,398,399,400,401,402,403,404,405,406,407,408,409,410,411,412,413,414,415,416,417,418,419,420,421,422]","[83540,94088,94359,94629,94900,95170,95441,95711,95982,96252,96523,96793,97064,97334,97605,97875,98145,98416,98686,98957,99227,99498,99768,100039,100309,100580,100850,101121,101391,101662,101932,102202,102473,102743,103014,103284,103555,103825,104096,104366,104637,104907,105178,105448,105719,105989,106260,106530,106800,107071,107341,107612,107882,108153,108423,108694,108964,109235,109505,109776,110046,110317,110587,110858,111128,111398,111669,111939,112210,112480,112751,113021,113292,113562,113833,114103,114374,114644,114915,115185,115456,115599]",82 frames,P-441p843471056_VX-0p982124766198_LS-4p09875344609e-05_ST-327p495507906_M-TI64_XI-0p0002_XF-0p0014_XL-0p0012_TE-0p0021_DT-4p91192236368e-06_H-f55fc58583/gif_files/animation_ss_side.gif,False,True
WARNING,annotator_or_channel_disagreement,new-data,P-445p244311553_VX-0p680564934933_LS-4p06442633709e-05_ST-341p721757622_M-TI64_XI-0p0002_XF-0p0014_XL-0p0012_TE-0p0021_DT-7p0884060512e-06_H-c87ffcf9e3,"[64,65,66,67,68,248,249,250,251,252,253,254,255,256,257,258,273]","[24949,25338,25728,26118,26507,96763,97154,97544,97934,98325,98715,99105,99496,99886,100276,100667,106521]",label_1 differs from label_2 in 17 frames; identities are unavailable,P-445p244311553_VX-0p680564934933_LS-4p06442633709e-05_ST-341p721757622_M-TI64_XI-0p0002_XF-0p0014_XL-0p0012_TE-0p0021_DT-7p0884060512e-06_H-c87ffcf9e3/gif_files/animation_ss_side.gif,False,True
WARNING,bug_free_flag_zero,new-data,P-445p244311553_VX-0p680564934933_LS-4p06442633709e-05_ST-341p721757622_M-TI64_XI-0p0002_XF-0p0014_XL-0p0012_TE-0p0021_DT-7p0884060512e-06_H-c87ffcf9e3,"[0,1,2,3,4,5,6,7,8,9,10,11,12,13,14,15,16,17,18,19,20,21,22,23,24,25,26,27,28,29,30,31,32,33,34,35,36,37,38,39,40,41,42,43,44,45,46,47,48,49,50,51,52,53,54,55,56,57,58,59,60,61,62,63,64,65,66,67,68,69,70,71,72,73,74,75,76,77,78,79,80,81,82,83,84,85,86,87,88,89,90,91,92,93,94,95,96,97,98,99,100,101,102,103,104,105,106,107,108,109,110,111,112,113,114,115,116,117,118,119,120,121,122,123,124,125,126,127,128,129,130,131,132,133,134,135,136,137,138,139,140,141,142,143,144,145,146,147,148,149,150,151,152,153,154,155,156,157,158,159,160,161,162,163,164,165,166,167,168,169,170,171,172,173,174,175,176,177,178,179,180,181,182,183,184,185,186,187,188,189,190,191,192,193,194,195,196,197,198,199,200,201,202,203,204,205,206,207,208,209,210,211,212,213,214,215,216,217,218,219,220,221,222,223,224,225,226,227,228,229,230,231,232,233,234,235,236,237,238,239,240,241,242,243,244,245,246,247,248,249,250,251,252,253,254,255,256,257,258,259,260,261,262,263,264,265,266,267,268,269,270,271,272,273,274,275,276,277,278,279,280,281,282,283,284,285,286,287,288,289,290,291,292,293,294,295,296,297]","[0,390,780,1170,1560,1950,2340,2729,3119,3509,3899,4289,4679,5069,5458,5848,6238,6628,7018,7408,7798,8188,8578,8968,9358,9748,10138,10528,10918,11308,11698,12088,12478,12868,13258,13648,14037,14427,14817,15206,15596,15986,16376,16765,17155,17545,17934,18324,18714,19103,19493,19883,20272,20662,21052,21442,21831,22221,22611,23000,23390,23780,24169,24559,24949,25338,25728,26118,26507,26897,27288,27678,28068,28459,28849,29239,29629,30020,30410,30800,31191,31581,31971,32362,32752,33142,33533,33923,34313,34704,35094,35484,35874,36265,36655,37045,37436,37826,38216,38607,38997,39387,39778,40168,40558,40949,41339,41729,42119,42510,42900,43290,43681,44071,44461,44852,45242,45632,46023,46413,46803,47194,47584,47974,48365,48755,49145,49535,49926,50316,50706,51097,51487,51877,52268,52658,53048,53439,53829,54219,54610,55000,55390,55780,56171,56561,56951,57342,57732,58122,58513,58903,59293,59684,60074,60464,60855,61245,61635,62026,62416,62806,63196,63587,63977,64367,64758,65148,65538,65929,66319,66709,67100,67490,67880,68271,68661,69051,69441,69832,70222,70612,71003,71393,71783,72174,72564,72954,73345,73735,74125,74516,74906,75296,75687,76077,76467,76857,77248,77638,78028,78419,78809,79199,79590,79980,80370,80761,81151,81541,81932,82322,82712,83102,83493,83883,84273,84664,85054,85444,85835,86225,86615,87006,87396,87786,88177,88567,88957,89347,89738,90128,90518,90909,91299,91689,92080,92470,92860,93251,93641,94031,94422,94812,95202,95593,95983,96373,96763,97154,97544,97934,98325,98715,99105,99496,99886,100276,100667,101057,101447,101838,102228,102618,103008,103399,103789,104179,104570,104960,105350,105741,106131,106521,106912,107302,107692,108083,108473,108863,109253,109644,110034,110424,110815,111205,111595,111986,112376,112766,113157,113547,113937,114327,114718,115108,115498,115599]",298 frames,P-445p244311553_VX-0p680564934933_LS-4p06442633709e-05_ST-341p721757622_M-TI64_XI-0p0002_XF-0p0014_XL-0p0012_TE-0p0021_DT-7p0884060512e-06_H-c87ffcf9e3/gif_files/animation_ss_side.gif,False,True
WARNING,contains_screenshot_bug,new-data,P-445p244311553_VX-0p680564934933_LS-4p06442633709e-05_ST-341p721757622_M-TI64_XI-0p0002_XF-0p0014_XL-0p0012_TE-0p0021_DT-7p0884060512e-06_H-c87ffcf9e3,"[274,275,276,277,278,279,280,281,282,283,284,285,286,287,288,289,290,291,292,293,294,295,296,297]","[106912,107302,107692,108083,108473,108863,109253,109644,110034,110424,110815,111205,111595,111986,112376,112766,113157,113547,113937,114327,114718,115108,115498,115599]",24 frames,P-445p244311553_VX-0p680564934933_LS-4p06442633709e-05_ST-341p721757622_M-TI64_XI-0p0002_XF-0p0014_XL-0p0012_TE-0p0021_DT-7p0884060512e-06_H-c87ffcf9e3/gif_files/animation_ss_side.gif,False,True
WARNING,annotator_or_channel_disagreement,new-data,P-446p579563616_VX-0p74347743801_LS-4p27116473193e-05_ST-393p115972114_M-TI64_XI-0p0002_XF-0p0014_XL-0p0012_TE-0p0021_DT-6p48859044859e-06_H-4a563c0a8f,"[193,194,195,201,202,209,211,214,225,233,246,247,248,249,250,251,259]","[69636,69994,70351,72495,72852,75353,76068,77139,81070,83928,88573,88930,89287,89645,90002,90359,93217]",label_1 differs from label_2 in 17 frames; identities are unavailable,P-446p579563616_VX-0p74347743801_LS-4p27116473193e-05_ST-393p115972114_M-TI64_XI-0p0002_XF-0p0014_XL-0p0012_TE-0p0021_DT-6p48859044859e-06_H-4a563c0a8f/gif_files/animation_ss_side.gif,False,True
WARNING,bug_free_flag_zero,new-data,P-446p579563616_VX-0p74347743801_LS-4p27116473193e-05_ST-393p115972114_M-TI64_XI-0p0002_XF-0p0014_XL-0p0012_TE-0p0021_DT-6p48859044859e-06_H-4a563c0a8f,"[0,1,2,3,4,5,6,7,8,9,10,11,12,13,14,15,16,17,18,19,20,21,22,23,24,25,26,27,28,29,30,31,32,33,34,35,36,37,38,39,40,41,42,43,44,45,46,47,48,49,50,51,52,53,54,55,56,57,58,59,60,61,62,63,64,65,66,67,68,69,70,71,72,73,74,75,76,77,78,79,80,81,82,83,84,85,86,87,88,89,90,91,92,93,94,95,96,97,98,99,100,101,102,103,104,105,106,107,108,109,110,111,112,113,114,115,116,117,118,119,120,121,122,123,124,125,126,127,128,129,130,131,132,133,134,135,136,137,138,139,140,141,142,143,144,145,146,147,148,149,150,151,152,153,154,155,156,157,158,159,160,161,162,163,164,165,166,167,168,169,170,171,172,173,174,175,176,177,178,179,180,181,182,183,184,185,186,187,188,189,190,191,192,193,194,195,196,197,198,199,200,201,202,203,204,205,206,207,208,209,210,211,212,213,214,215,216,217,218,219,220,221,222,223,224,225,226,227,228,229,230,231,232,233,234,235,236,237,238,239,240,241,242,243,244,245,246,247,248,249,250,251,252,253,254,255,256,257,258,259,260,261,262,263,264,265,266,267,268,269,270,271,272,273,274,275,276,277,278,279,280,281,282,283,284,285,286,287,288,289,290,291,292,293,294,295,296,297,298,299,300,301,302,303,304,305,306,307,308,309,310,311,312,313,314,315,316,317,318,319,320,321,322]","[0,357,1071,1428,1785,2142,2499,2855,3212,3569,3926,4283,4640,4997,5353,5710,6067,6424,6781,7138,7495,7852,8209,8566,8923,9280,9637,9994,10708,11065,11422,11779,12136,12493,12850,13207,13564,13920,14277,14634,14991,15347,15704,16061,16417,16774,17131,17488,17844,18201,18558,18914,19271,19628,19985,20341,20698,21055,21411,21768,22125,22482,22838,23195,23552,23908,24265,24622,24979,25335,25692,26049,26405,26762,27119,27477,27834,28191,28548,28906,29263,29620,29978,30335,30692,31049,31407,31764,32121,32479,32836,33193,33550,33908,34265,34622,34980,35337,35694,36051,36409,36766,37123,37481,37838,38195,38552,38910,39267,39624,39982,40339,40696,41053,41411,41768,42125,42483,42840,43197,43554,43912,44269,44626,44984,45341,45698,46055,46413,46770,47127,47485,47842,48199,48556,48914,49271,49628,49986,50343,50700,51057,51415,51772,52129,52487,52844,53201,53558,53916,54273,54630,54988,55345,55702,56059,56417,56774,57131,57489,57846,58203,58560,58918,59275,59632,59990,60347,60704,61061,61419,61776,62133,62491,62848,63205,63562,63920,64277,64634,64992,65349,65706,66063,66421,66778,67135,67493,67850,68207,68564,68922,69279,69636,69994,70351,70708,71066,71423,71780,72137,72495,72852,73209,73567,73924,74281,74638,74996,75353,75710,76068,76425,76782,77139,77497,77854,78211,78569,78926,79283,79640,79998,80355,80712,81070,81427,81784,82141,82499,82856,83213,83571,83928,84285,84642,85000,85357,85714,86072,86429,86786,87143,87501,87858,88215,88573,88930,89287,89645,90002,90359,90716,91074,91431,91788,92146,92503,92860,93217,93575,93932,94289,94647,95004,95361,95718,96076,96433,96790,97148,97505,97862,98219,98577,98934,99291,99649,100006,100363,100720,101078,101435,101792,102150,102507,102864,103221,103579,103936,104293,104651,105008,105365,105722,106080,106437,106794,107152,107509,107866,108224,108581,108938,109295,109653,110010,110367,110724,111082,111439,111796,112154,112511,112868,113225,113583,113940,114297,114655,115012,115369,115599]",323 frames,P-446p579563616_VX-0p74347743801_LS-4p27116473193e-05_ST-393p115972114_M-TI64_XI-0p0002_XF-0p0014_XL-0p0012_TE-0p0021_DT-6p48859044859e-06_H-4a563c0a8f/gif_files/animation_ss_side.gif,False,True
WARNING,contains_screenshot_bug,new-data,P-446p579563616_VX-0p74347743801_LS-4p27116473193e-05_ST-393p115972114_M-TI64_XI-0p0002_XF-0p0014_XL-0p0012_TE-0p0021_DT-6p48859044859e-06_H-4a563c0a8f,"[260,261,262,263,264,265,266,267,268,269,270,271,272,273,274,275,276,277,278,279,280,281,282,283,284,285,286,287,288,289,290,291,292,293,294,295,296,297,298,299,300,301,302,303,304,305,306,307,308,309,310,311,312,313,314,315,316,317,318,319,320,321,322]","[93575,93932,94289,94647,95004,95361,95718,96076,96433,96790,97148,97505,97862,98219,98577,98934,99291,99649,100006,100363,100720,101078,101435,101792,102150,102507,102864,103221,103579,103936,104293,104651,105008,105365,105722,106080,106437,106794,107152,107509,107866,108224,108581,108938,109295,109653,110010,110367,110724,111082,111439,111796,112154,112511,112868,113225,113583,113940,114297,114655,115012,115369,115599]",63 frames,P-446p579563616_VX-0p74347743801_LS-4p27116473193e-05_ST-393p115972114_M-TI64_XI-0p0002_XF-0p0014_XL-0p0012_TE-0p0021_DT-6p48859044859e-06_H-4a563c0a8f/gif_files/animation_ss_side.gif,False,True
WARNING,repeated_keyhole_episodes,new-data,P-446p579563616_VX-0p74347743801_LS-4p27116473193e-05_ST-393p115972114_M-TI64_XI-0p0002_XF-0p0014_XL-0p0012_TE-0p0021_DT-6p48859044859e-06_H-4a563c0a8f,[],[],9 distinct segments,P-446p579563616_VX-0p74347743801_LS-4p27116473193e-05_ST-393p115972114_M-TI64_XI-0p0002_XF-0p0014_XL-0p0012_TE-0p0021_DT-6p48859044859e-06_H-4a563c0a8f/gif_files/animation_ss_side.gif,False,True
WARNING,annotator_or_channel_disagreement,new-data,P-446p862811862_VX-0p39827443832_LS-4p33402817419e-05_ST-361p067570798_M-TI64_XI-0p0002_XF-0p0014_XL-0p0012_TE-0p0021_DT-1p21125539047e-05_H-4b0ba6b8ba,[49],[33981],label_1 differs from label_2 in 1 frames; identities are unavailable,P-446p862811862_VX-0p39827443832_LS-4p33402817419e-05_ST-361p067570798_M-TI64_XI-0p0002_XF-0p0014_XL-0p0012_TE-0p0021_DT-1p21125539047e-05_H-4b0ba6b8ba/gif_files/animation_ss_side.gif,False,True
WARNING,annotator_or_channel_disagreement,new-data,P-447p413798058_VX-0p91078629156_LS-5p3177056457e-05_ST-328p907838563_M-TI64_XI-0p0002_XF-0p0014_XL-0p0012_TE-0p0021_DT-5p29665482201e-06_H-1553ff852f,"[85,86,87,88,254,255,256,257,343,344,367]","[24759,25051,25342,25633,74046,74337,74629,74921,100003,100294,107003]",label_1 differs from label_2 in 11 frames; identities are unavailable,P-447p413798058_VX-0p91078629156_LS-5p3177056457e-05_ST-328p907838563_M-TI64_XI-0p0002_XF-0p0014_XL-0p0012_TE-0p0021_DT-5p29665482201e-06_H-1553ff852f/gif_files/animation_ss_side.gif,False,True
WARNING,bug_free_flag_zero,new-data,P-447p413798058_VX-0p91078629156_LS-5p3177056457e-05_ST-328p907838563_M-TI64_XI-0p0002_XF-0p0014_XL-0p0012_TE-0p0021_DT-5p29665482201e-06_H-1553ff852f,"[0,1,2,3,4,5,6,7,8,9,10,11,12,13,14,15,16,17,18,19,20,21,22,23,24,25,26,27,28,29,30,31,32,33,34,35,36,37,38,39,40,41,42,43,44,45,46,47,48,49,50,51,52,53,54,55,56,57,58,59,60,61,62,63,64,65,66,67,68,69,70,71,72,73,74,75,76,77,78,79,80,81,82,83,84,85,86,87,88,89,90,91,92,93,94,95,96,97,98,99,100,101,102,103,104,105,106,107,108,109,110,111,112,113,114,115,116,117,118,119,120,121,122,123,124,125,126,127,128,129,130,131,132,133,134,135,136,137,138,139,140,141,142,143,144,145,146,147,148,149,150,151,152,153,154,155,156,157,158,159,160,161,162,163,164,165,166,167,168,169,170,171,172,173,174,175,176,177,178,179,180,181,182,183,184,185,186,187,188,189,190,191,192,193,194,195,196,197,198,199,200,201,202,203,204,205,206,207,208,209,210,211,212,213,214,215,216,217,218,219,220,221,222,223,224,225,226,227,228,229,230,231,232,233,234,235,236,237,238,239,240,241,242,243,244,245,246,247,248,249,250,251,252,253,254,255,256,257,258,259,260,261,262,263,264,265,266,267,268,269,270,271,272,273,274,275,276,277,278,279,280,281,282,283,284,285,286,287,288,289,290,291,292,293,294,295,296,297,298,299,300,301,302,303,304,305,306,307,308,309,310,311,312,313,314,315,316,317,318,319,320,321,322,323,324,325,326,327,328,329,330,331,332,333,334,335,336,337,338,339,340,341,342,343,344,345,346,347,348,349,350,351,352,353,354,355,356,357,358,359,360,361,362,363,364,365,366,367,368,369,370,371,372,373,374,375,376,377,378,379,380,381,382,383,384,385,386,387,388,389,390,391,392,393,394,395,396,397]","[0,292,583,874,1166,1457,1748,2040,2331,2622,2914,3205,3496,3787,4079,4370,4661,4953,5244,5535,5827,6118,6409,6701,6992,7283,7575,7866,8158,8449,8740,9032,9323,9615,9906,10198,10489,10780,11072,11363,11655,11946,12237,12529,12820,13112,13403,13694,13986,14277,14568,14859,15150,15441,15733,16024,16315,16606,16897,17189,17480,17771,18062,18353,18645,18936,19227,19518,19809,20100,20392,20683,20974,21265,21556,21848,22139,22430,22721,23012,23304,23595,23886,24177,24468,24759,25051,25342,25633,25924,26215,26507,26798,27089,27381,27673,27964,28256,28548,28839,29131,29423,29714,30006,30298,30589,30881,31173,31464,31756,32047,32339,32631,32922,33214,33506,33797,34089,34381,34672,34964,35256,35547,35839,36131,36422,36714,37006,37297,37589,37881,38172,38464,38756,39047,39339,39630,39922,40214,40505,40797,41089,41380,41672,41964,42255,42547,42839,43130,43422,43714,44005,44297,44589,44880,45172,45464,45755,46047,46339,46630,46922,47213,47505,47797,48088,48380,48672,48963,49255,49547,49838,50130,50422,50713,51005,51297,51588,51880,52172,52463,52755,53047,53338,53630,53922,54213,54505,54796,55088,55380,55671,55963,56255,56546,56838,57130,57421,57713,58005,58296,58588,58880,59171,59463,59755,60046,60338,60630,60921,61213,61505,61796,62088,62379,62671,62963,63254,63546,63838,64129,64421,64713,65004,65296,65588,65879,66171,66463,66754,67046,67338,67629,67921,68213,68504,68796,69088,69379,69671,69962,70254,70546,70837,71129,71421,71712,72004,72296,72587,72879,73171,73462,73754,74046,74337,74629,74921,75212,75504,75796,76087,76379,76671,76962,77254,77545,77837,78129,78420,78712,79004,79295,79587,79879,80170,80462,80754,81045,81337,81629,81920,82212,82504,82795,83087,83379,83670,83962,84254,84545,84837,85128,85420,85712,86003,86295,86587,86878,87170,87462,87753,88045,88337,88628,88920,89212,89503,89795,90087,90378,90670,90962,91253,91545,91837,92128,92420,92711,93003,93295,93586,93878,94170,94461,94753,95045,95336,95628,95920,96211,96503,96795,97086,97378,97670,97961,98253,98545,98836,99128,99420,99711,100003,100294,100586,100878,101169,101461,101753,102044,102336,102628,102919,103211,103503,103794,104086,104378,104669,104961,105253,105544,105836,106128,106419,106711,107003,107294,107586,107877,108169,108461,108752,109044,109336,109627,109919,110211,110502,110794,111086,111377,111669,111961,112252,112544,112836,113127,113419,113711,114002,114294,114585,114877,115169,115460,115599]",398 frames,P-447p413798058_VX-0p91078629156_LS-5p3177056457e-05_ST-328p907838563_M-TI64_XI-0p0002_XF-0p0014_XL-0p0012_TE-0p0021_DT-5p29665482201e-06_H-1553ff852f/gif_files/animation_ss_side.gif,False,True
WARNING,contains_screenshot_bug,new-data,P-447p413798058_VX-0p91078629156_LS-5p3177056457e-05_ST-328p907838563_M-TI64_XI-0p0002_XF-0p0014_XL-0p0012_TE-0p0021_DT-5p29665482201e-06_H-1553ff852f,"[273,335,345]","[79587,97670,100586]",3 frames,P-447p413798058_VX-0p91078629156_LS-5p3177056457e-05_ST-328p907838563_M-TI64_XI-0p0002_XF-0p0014_XL-0p0012_TE-0p0021_DT-5p29665482201e-06_H-1553ff852f/gif_files/animation_ss_side.gif,False,True
WARNING,final_label_differs_from_both_inputs,new-data,P-447p413798058_VX-0p91078629156_LS-5p3177056457e-05_ST-328p907838563_M-TI64_XI-0p0002_XF-0p0014_XL-0p0012_TE-0p0021_DT-5p29665482201e-06_H-1553ff852f,[88],[25633],1 final labels differ from both label_1 and label_2,P-447p413798058_VX-0p91078629156_LS-5p3177056457e-05_ST-328p907838563_M-TI64_XI-0p0002_XF-0p0014_XL-0p0012_TE-0p0021_DT-5p29665482201e-06_H-1553ff852f/gif_files/animation_ss_side.gif,False,True
WARNING,forming_phase_returns_after_conduction_or_keyhole,new-data,P-447p413798058_VX-0p91078629156_LS-5p3177056457e-05_ST-328p907838563_M-TI64_XI-0p0002_XF-0p0014_XL-0p0012_TE-0p0021_DT-5p29665482201e-06_H-1553ff852f,"[87,88]","[25342,25633]",2 frames,P-447p413798058_VX-0p91078629156_LS-5p3177056457e-05_ST-328p907838563_M-TI64_XI-0p0002_XF-0p0014_XL-0p0012_TE-0p0021_DT-5p29665482201e-06_H-1553ff852f/gif_files/animation_ss_side.gif,False,True
WARNING,annotator_or_channel_disagreement,new-data,P-449p184068185_VX-0p980953819102_LS-4p30284180995e-05_ST-381p816740361_M-TI64_XI-0p0002_XF-0p0014_XL-0p0012_TE-0p0021_DT-4p91778563789e-06_H-c87ffcf9e3,"[68,69,70,71,74,75,76,77,78,90,91,92,239,240,241,242,243,244,245,246,247,248,249,250]","[19474,19745,20015,20285,21097,21367,21637,21908,22178,25422,25693,25963,66309,66580,66851,67122,67393,67663,67934,68205,69288,69559,69830,70100]",label_1 differs from label_2 in 24 frames; identities are unavailable,P-449p184068185_VX-0p980953819102_LS-4p30284180995e-05_ST-381p816740361_M-TI64_XI-0p0002_XF-0p0014_XL-0p0012_TE-0p0021_DT-4p91778563789e-06_H-c87ffcf9e3/gif_files/animation_ss_side.gif,False,True
WARNING,bug_free_flag_zero,new-data,P-449p184068185_VX-0p980953819102_LS-4p30284180995e-05_ST-381p816740361_M-TI64_XI-0p0002_XF-0p0014_XL-0p0012_TE-0p0021_DT-4p91778563789e-06_H-c87ffcf9e3,"[0,1,2,3,4,5,6,7,8,9,10,11,12,13,14,15,16,17,18,19,20,21,22,23,24,25,26,27,28,29,30,31,32,33,34,35,36,37,38,39,40,41,42,43,44,45,46,47,48,49,50,51,52,53,54,55,56,57,58,59,60,61,62,63,64,65,66,67,68,69,70,71,72,73,74,75,76,77,78,79,80,81,82,83,84,85,86,87,88,89,90,91,92,93,94,95,96,97,98,99,100,101,102,103,104,105,106,107,108,109,110,111,112,113,114,115,116,117,118,119,120,121,122,123,124,125,126,127,128,129,130,131,132,133,134,135,136,137,138,139,140,141,142,143,144,145,146,147,148,149,150,151,152,153,154,155,156,157,158,159,160,161,162,163,164,165,166,167,168,169,170,171,172,173,174,175,176,177,178,179,180,181,182,183,184,185,186,187,188,189,190,191,192,193,194,195,196,197,198,199,200,201,202,203,204,205,206,207,208,209,210,211,212,213,214,215,216,217,218,219,220,221,222,223,224,225,226,227,228,229,230,231,232,233,234,235,236,237,238,239,240,241,242,243,244,245,246,247,248,249,250,251,252,253,254,255,256,257,258,259,260,261,262,263,264,265,266,267,268,269,270,271,272,273,274,275,276,277,278,279,280,281,282,283,284,285,286,287,288,289,290,291,292,293,294,295,296,297,298,299,300,301,302,303,304,305,306,307,308,309,310,311,312,313,314,315,316,317,318,319,320,321,322,323,324,325,326,327,328,329,330,331,332,333,334,335,336,337,338,339,340,341,342,343,344,345,346,347,348,349,350,351,352,353,354,355,356,357,358,359,360,361,362,363,364,365,366,367,368,369,370,371,372,373,374,375,376,377,378,379,380,381,382,383,384,385,386,387,388,389,390,391,392,393,394,395,396,397,398,399,400,401,402,403,404,405,406,407,408,409,410,411,412,413,414,415,416]","[0,541,812,1353,1623,2164,2435,2705,3246,3517,3787,4058,4328,4598,4869,5139,5410,5680,5951,6221,6492,6762,7033,7303,7574,7845,8115,8386,8656,8927,9197,9468,9739,10009,10280,10550,10821,11091,11362,11633,11903,12174,12444,12715,12985,13256,13527,13797,14067,14338,14608,14878,15149,15419,15689,15960,16230,16500,16771,17041,17312,17582,17852,18123,18393,18663,18934,19204,19474,19745,20015,20285,20556,20826,21097,21367,21637,21908,22178,22448,22719,22989,23259,23530,23800,24070,24341,24611,24882,25152,25422,25693,25963,26233,26504,26774,27045,27316,27586,27857,28128,28399,28669,28940,29211,29482,29753,30023,30294,30565,30836,31107,31377,31648,31919,32190,32461,32731,33002,33273,33544,33815,34085,34356,34627,34898,35168,35439,35710,35981,36252,36522,36793,37064,37335,37606,37876,38147,38418,38689,38960,39230,39501,39772,40043,40314,40584,40855,41126,41397,41667,41938,42209,42480,42751,43021,43292,43563,43834,44105,44375,44646,44917,45188,45459,45729,46000,46271,46542,46813,47083,47354,47625,47896,48166,48437,48708,48979,49250,49520,49791,50062,50333,50604,50874,51145,51416,51687,51958,52228,52499,52770,53041,53312,53853,54124,54395,54665,54936,55207,55478,55749,56019,56290,56561,56832,57103,57644,57915,58186,58457,58727,58998,59269,59540,59810,60081,60352,60623,60894,61164,61435,61706,61977,62248,62518,62789,63060,63331,63601,63872,64143,64414,64685,64955,65226,65497,65768,66039,66309,66580,66851,67122,67393,67663,67934,68205,69288,69559,69830,70100,70371,70642,70913,71184,71454,71725,72538,72808,73079,73350,73621,73891,74162,74433,74704,74975,75245,75516,75787,76058,76329,76599,76870,77141,77412,77682,77953,78224,78495,78766,79036,79307,79578,79849,80120,80390,80661,80932,81203,81474,81744,82015,82286,82557,82827,83098,83640,83911,84181,84452,84723,84994,85265,85535,85806,86077,86348,86619,86889,87160,87431,87702,87972,88243,88514,88785,89056,89326,89597,89868,90139,90410,90680,90951,91222,91493,91763,92034,92305,92576,92847,93117,93388,93659,93930,94201,94471,94742,95013,95284,95555,95825,96096,96367,96638,96908,97179,97450,97721,97992,98262,98533,98804,99075,99346,99616,99887,100158,100429,100700,100970,101241,101512,101783,102053,102324,102595,102866,103137,103407,103678,103949,104220,104491,104761,105032,105303,105574,105844,106115,106386,106657,106928,107198,107469,107740,108011,108282,108552,108823,109094,109365,109636,109906,110177,110448,110719,110990,111260,111531,111802,112073,112344,112614,112885,113156,113427,113697,113968,114239,114510,114781,115051,115322,115593,115599]",417 frames,P-449p184068185_VX-0p980953819102_LS-4p30284180995e-05_ST-381p816740361_M-TI64_XI-0p0002_XF-0p0014_XL-0p0012_TE-0p0021_DT-4p91778563789e-06_H-c87ffcf9e3/gif_files/animation_ss_side.gif,False,True
WARNING,contains_screenshot_bug,new-data,P-449p184068185_VX-0p980953819102_LS-4p30284180995e-05_ST-381p816740361_M-TI64_XI-0p0002_XF-0p0014_XL-0p0012_TE-0p0021_DT-4p91778563789e-06_H-c87ffcf9e3,"[263,264,265,266,267,268,269,270,271,272,273,274,275,276,277,278,279,280,281,282,283,284,285,286]","[74162,74433,74704,74975,75245,75516,75787,76058,76329,76599,76870,77141,77412,77682,77953,78224,78495,78766,79036,79307,79578,79849,80120,80390]",24 frames,P-449p184068185_VX-0p980953819102_LS-4p30284180995e-05_ST-381p816740361_M-TI64_XI-0p0002_XF-0p0014_XL-0p0012_TE-0p0021_DT-4p91778563789e-06_H-c87ffcf9e3/gif_files/animation_ss_side.gif,False,True
WARNING,final_label_differs_from_both_inputs,new-data,P-449p184068185_VX-0p980953819102_LS-4p30284180995e-05_ST-381p816740361_M-TI64_XI-0p0002_XF-0p0014_XL-0p0012_TE-0p0021_DT-4p91778563789e-06_H-c87ffcf9e3,[91],[25693],1 final labels differ from both label_1 and label_2,P-449p184068185_VX-0p980953819102_LS-4p30284180995e-05_ST-381p816740361_M-TI64_XI-0p0002_XF-0p0014_XL-0p0012_TE-0p0021_DT-4p91778563789e-06_H-c87ffcf9e3/gif_files/animation_ss_side.gif,False,True
WARNING,forming_phase_returns_after_conduction_or_keyhole,new-data,P-449p184068185_VX-0p980953819102_LS-4p30284180995e-05_ST-381p816740361_M-TI64_XI-0p0002_XF-0p0014_XL-0p0012_TE-0p0021_DT-4p91778563789e-06_H-c87ffcf9e3,"[90,91]","[25422,25693]",2 frames,P-449p184068185_VX-0p980953819102_LS-4p30284180995e-05_ST-381p816740361_M-TI64_XI-0p0002_XF-0p0014_XL-0p0012_TE-0p0021_DT-4p91778563789e-06_H-c87ffcf9e3/gif_files/animation_ss_side.gif,False,True
WARNING,repeated_keyhole_episodes,new-data,P-449p184068185_VX-0p980953819102_LS-4p30284180995e-05_ST-381p816740361_M-TI64_XI-0p0002_XF-0p0014_XL-0p0012_TE-0p0021_DT-4p91778563789e-06_H-c87ffcf9e3,[],[],2 distinct segments,P-449p184068185_VX-0p980953819102_LS-4p30284180995e-05_ST-381p816740361_M-TI64_XI-0p0002_XF-0p0014_XL-0p0012_TE-0p0021_DT-4p91778563789e-06_H-c87ffcf9e3/gif_files/animation_ss_side.gif,False,True
WARNING,annotator_or_channel_disagreement,new-data,P-449p762375807_VX-0p721910835583_LS-4p02949716673e-05_ST-312p266645761_M-TI64_XI-0p0002_XF-0p0014_XL-0p0012_TE-0p0021_DT-6p68243273994e-06_H-c87ffcf9e3,"[241,242,243]","[88644,89012,89380]",label_1 differs from label_2 in 3 frames; identities are unavailable,P-449p762375807_VX-0p721910835583_LS-4p02949716673e-05_ST-312p266645761_M-TI64_XI-0p0002_XF-0p0014_XL-0p0012_TE-0p0021_DT-6p68243273994e-06_H-c87ffcf9e3/gif_files/animation_ss_side.gif,False,True
WARNING,bug_free_flag_zero,new-data,P-449p762375807_VX-0p721910835583_LS-4p02949716673e-05_ST-312p266645761_M-TI64_XI-0p0002_XF-0p0014_XL-0p0012_TE-0p0021_DT-6p68243273994e-06_H-c87ffcf9e3,"[0,1,2,3,4,5,6,7,8,9,10,11,12,13,14,15,16,17,18,19,20,21,22,23,24,25,26,27,28,29,30,31,32,33,34,35,36,37,38,39,40,41,42,43,44,45,46,47,48,49,50,51,52,53,54,55,56,57,58,59,60,61,62,63,64,65,66,67,68,69,70,71,72,73,74,75,76,77,78,79,80,81,82,83,84,85,86,87,88,89,90,91,92,93,94,95,96,97,98,99,100,101,102,103,104,105,106,107,108,109,110,111,112,113,114,115,116,117,118,119,120,121,122,123,124,125,126,127,128,129,130,131,132,133,134,135,136,137,138,139,140,141,142,143,144,145,146,147,148,149,150,151,152,153,154,155,156,157,158,159,160,161,162,163,164,165,166,167,168,169,170,171,172,173,174,175,176,177,178,179,180,181,182,183,184,185,186,187,188,189,190,191,192,193,194,195,196,197,198,199,200,201,202,203,204,205,206,207,208,209,210,211,212,213,214,215,216,217,218,219,220,221,222,223,224,225,226,227,228,229,230,231,232,233,234,235,236,237,238,239,240,241,242,243,244,245,246,247,248,249,250,251,252,253,254,255,256,257,258,259,260,261,262,263,264,265,266,267,268,269,270,271,272,273,274,275,276,277,278,279,280,281,282,283,284,285,286,287,288,289,290,291,292,293,294,295,296,297,298,299,300,301,302,303,304,305,306,307,308,309,310,311,312,313,314,315]","[0,368,736,1103,1471,1838,2206,2573,2941,3308,3676,4043,4411,4778,5146,5513,5881,6248,6616,6983,7351,7719,8086,8454,8822,9189,9557,9925,10292,10660,11028,11395,11763,12131,12498,12866,13234,13601,13969,14336,14703,15071,15438,15806,16173,16540,16908,17275,17642,18010,18377,18745,19112,19479,19847,20214,20581,20949,21316,21683,22051,22418,22786,23153,23520,23888,24255,24622,24990,25357,25725,26092,26459,26827,27195,27563,27931,28298,28666,29034,29402,29770,30138,30506,30874,31242,31610,31978,32346,32714,33082,33450,33818,34186,34554,34922,35290,35658,36026,36394,36762,37129,37497,37865,38233,38601,38969,39337,39705,40073,40441,40809,41177,41545,41913,42281,42649,43017,43385,43753,44121,44489,44857,45225,45593,45960,46328,46696,47064,47432,47800,48168,48536,48904,49272,49640,50008,50376,50744,51112,51480,51848,52216,52584,52952,53320,53688,54056,54424,54791,55159,55527,55895,56263,56631,56999,57367,57735,58103,58471,58839,59207,59575,59943,60311,60679,61047,61415,61783,62151,62519,62887,63255,63623,63991,64358,64726,65094,65462,65830,66198,66566,66934,67302,67670,68038,68406,68774,69142,69510,69878,70246,70614,70982,71350,71718,72086,72454,72822,73190,73558,73925,74293,74661,75029,75397,75765,76133,76501,76869,77237,77605,77973,78341,78709,79077,79445,79813,80181,80549,80917,81285,81653,82021,82389,82757,83125,83492,83860,84228,84596,84964,85332,85700,86068,86436,86804,87172,87540,87908,88276,88644,89012,89380,89748,90116,90484,90852,91220,91588,91956,92324,92692,93059,93427,93795,94163,94531,94899,95267,95635,96003,96371,96739,97107,97475,97843,98211,98579,98947,99315,99683,100051,100419,100787,101155,101523,101891,102259,102626,102994,103362,103730,104098,104466,104834,105202,105570,105938,106306,106674,107042,107410,107778,108146,108514,108882,109250,109618,109986,110354,110722,111090,111458,111825,112193,112561,112929,113297,113665,114033,114401,114769,115137,115505,115599]",316 frames,P-449p762375807_VX-0p721910835583_LS-4p02949716673e-05_ST-312p266645761_M-TI64_XI-0p0002_XF-0p0014_XL-0p0012_TE-0p0021_DT-6p68243273994e-06_H-c87ffcf9e3/gif_files/animation_ss_side.gif,False,True
WARNING,contains_screenshot_bug,new-data,P-449p762375807_VX-0p721910835583_LS-4p02949716673e-05_ST-312p266645761_M-TI64_XI-0p0002_XF-0p0014_XL-0p0012_TE-0p0021_DT-6p68243273994e-06_H-c87ffcf9e3,"[282,283,284,285,286,287,288,289,290,291,292,293,294,295,296,297,298,299,300,301,302,303,304,305,306,307,308,309,310,311,312,313,314,315]","[103730,104098,104466,104834,105202,105570,105938,106306,106674,107042,107410,107778,108146,108514,108882,109250,109618,109986,110354,110722,111090,111458,111825,112193,112561,112929,113297,113665,114033,114401,114769,115137,115505,115599]",34 frames,P-449p762375807_VX-0p721910835583_LS-4p02949716673e-05_ST-312p266645761_M-TI64_XI-0p0002_XF-0p0014_XL-0p0012_TE-0p0021_DT-6p68243273994e-06_H-c87ffcf9e3/gif_files/animation_ss_side.gif,False,True
WARNING,annotator_or_channel_disagreement,old-data-local,P-101p127472137_VX-0p52394730996_LS-4p5e-05_ST-300_M-TI64_XI--0p0002_XF-0p0012_XL-0p0014_TE-0p00125_DT-3p56864695376e-06_H-b0e5aed98c,"[62,63,64,65,66]","[12171,12368,12564,12760,12957]",label_1 differs from label_2 in 5 frames; identities are unavailable,P-101p127472137_VX-0p52394730996_LS-4p5e-05_ST-300_M-TI64_XI--0p0002_XF-0p0012_XL-0p0014_TE-0p00125_DT-3p56864695376e-06_H-b0e5aed98c/gif_files/animation_ss_side.gif,False,True
WARNING,annotator_or_channel_disagreement,old-data-local,P-104p101541641_VX-0p916529700054_LS-8p82882842693e-05_ST-394p968412652_M-TI64_XI-0p0002_XF-0p0014_XL-0p0012_TE-0p0021_DT-5p2634634783e-06_H-6014a1f9c3,"[63,64,236,389]","[18817,19106,69234,115599]",label_1 differs from label_2 in 4 frames; identities are unavailable,P-104p101541641_VX-0p916529700054_LS-8p82882842693e-05_ST-394p968412652_M-TI64_XI-0p0002_XF-0p0014_XL-0p0012_TE-0p0021_DT-5p2634634783e-06_H-6014a1f9c3/gif_files/animation_ss_side.gif,False,True
WARNING,annotator_or_channel_disagreement,old-data-local,P-105p276295276_VX-0p639039009111_LS-7p6636834293e-05_ST-367p44858305_M-TI64_XI-0p0002_XF-0p0014_XL-0p0012_TE-0p00125_DT-1p00822530836e-05_H-bf889bf790,"[56,57,58,59]","[33276,33831,34386,34941]",label_1 differs from label_2 in 4 frames; identities are unavailable,P-105p276295276_VX-0p639039009111_LS-7p6636834293e-05_ST-367p44858305_M-TI64_XI-0p0002_XF-0p0014_XL-0p0012_TE-0p00125_DT-1p00822530836e-05_H-bf889bf790/gif_files/animation_ss_side.gif,False,True
WARNING,annotator_or_channel_disagreement,old-data-local,P-107p176159755_VX-0p320752066655_LS-8p75302281584e-05_ST-393p859643937_M-TI64_XI-0p0002_XF-0p0014_XL-0p0012_TE-0p0021_DT-1p50400296819e-05_H-8daf8adcd4,"[36,37,38,39,40,67]","[29779,30607,31436,32264,33092,55452]",label_1 differs from label_2 in 6 frames; identities are unavailable,P-107p176159755_VX-0p320752066655_LS-8p75302281584e-05_ST-393p859643937_M-TI64_XI-0p0002_XF-0p0014_XL-0p0012_TE-0p0021_DT-1p50400296819e-05_H-8daf8adcd4/gif_files/animation_ss_side.gif,False,True
WARNING,annotator_or_channel_disagreement,old-data-local,P-109p759946449_VX-0p241926176876_LS-4p5e-05_ST-300_M-TI64_XI--0p0002_XF-0p0012_XL-0p0014_TE-0p00125_DT-7p72873359867e-06_H-fb250c7cf9,"[1,2,3,67,68,69,70,71]","[426,851,1276,28479,28904,29330,29756,30181]",label_1 differs from label_2 in 8 frames; identities are unavailable,P-109p759946449_VX-0p241926176876_LS-4p5e-05_ST-300_M-TI64_XI--0p0002_XF-0p0012_XL-0p0014_TE-0p00125_DT-7p72873359867e-06_H-fb250c7cf9/gif_files/animation_ss_side.gif,False,True
WARNING,annotator_or_channel_disagreement,old-data-local,P-110p234671953_VX-0p866589137882_LS-8p08580037422e-05_ST-348p980680204_M-TI64_XI-0p0002_XF-0p0014_XL-0p0012_TE-0p0021_DT-5p56679098795e-06_H-6705b84f8a,"[235,236,237,238,239,240,241,242,243,244,245,246]","[72000,72306,72613,72919,73226,74145,74452,74758,75065,75371,75678,75984]",label_1 differs from label_2 in 12 frames; identities are unavailable,P-110p234671953_VX-0p866589137882_LS-8p08580037422e-05_ST-348p980680204_M-TI64_XI-0p0002_XF-0p0014_XL-0p0012_TE-0p0021_DT-5p56679098795e-06_H-6705b84f8a/gif_files/animation_ss_side.gif,False,True
WARNING,annotator_or_channel_disagreement,old-data-local,P-110p642328299_VX-0p274154737479_LS-7p4676600105e-05_ST-358p612942181_M-TI64_XI-0p0002_XF-0p0014_XL-0p0012_TE-0p0021_DT-1p7596342297e-05_H-b40dbd8ddd,"[69,70,71,72,73,74,75,76,77,78,79,80]","[66821,67790,68759,69728,70697,71666,72634,73603,74572,75541,76510,77479]",label_1 differs from label_2 in 12 frames; identities are unavailable,P-110p642328299_VX-0p274154737479_LS-7p4676600105e-05_ST-358p612942181_M-TI64_XI-0p0002_XF-0p0014_XL-0p0012_TE-0p0021_DT-1p7596342297e-05_H-b40dbd8ddd/gif_files/animation_ss_side.gif,False,True
WARNING,annotator_or_channel_disagreement,old-data-local,P-112p428225508_VX-0p704865651228_LS-6p30987392704e-05_ST-309p241492678_M-TI64_XI-0p0002_XF-0p0014_XL-0p0012_TE-0p0021_DT-6p84402849623e-06_H-30d8d23b36,"[84,85,86,87,88,89,90,91,92,93,94,95,96,212,213,214]","[32375,32752,33129,33506,33883,34260,34636,35013,35390,35767,36144,36521,36898,80613,80990,81367]",label_1 differs from label_2 in 16 frames; identities are unavailable,P-112p428225508_VX-0p704865651228_LS-6p30987392704e-05_ST-309p241492678_M-TI64_XI-0p0002_XF-0p0014_XL-0p0012_TE-0p0021_DT-6p84402849623e-06_H-30d8d23b36/gif_files/animation_ss_side.gif,False,True
WARNING,annotator_or_channel_disagreement,old-data-local,P-112p904894498_VX-0p537693260466_LS-4p63068354409e-05_ST-322p169166627_M-TI64_XI-0p0002_XF-0p0014_XL-0p0012_TE-0p00125_DT-1p19825809506e-05_H-bf889bf790,"[52,53,54,55,56,57,58,59]","[36255,36915,37574,38234,38894,39554,40214,40873]",label_1 differs from label_2 in 8 frames; identities are unavailable,P-112p904894498_VX-0p537693260466_LS-4p63068354409e-05_ST-322p169166627_M-TI64_XI-0p0002_XF-0p0014_XL-0p0012_TE-0p00125_DT-1p19825809506e-05_H-bf889bf790/gif_files/animation_ss_side.gif,False,True
WARNING,annotator_or_channel_disagreement,old-data-local,P-113p286681534_VX-0p56768277259_LS-5p80401726566e-05_ST-302p148970527_M-TI64_XI-0p0002_XF-0p0014_XL-0p0012_TE-0p00125_DT-1p13495658689e-05_H-bf889bf790,"[59,60,61,62,63,64,65]","[38087,38712,39337,39962,40587,41212,41837]",label_1 differs from label_2 in 7 frames; identities are unavailable,P-113p286681534_VX-0p56768277259_LS-5p80401726566e-05_ST-302p148970527_M-TI64_XI-0p0002_XF-0p0014_XL-0p0012_TE-0p00125_DT-1p13495658689e-05_H-bf889bf790/gif_files/animation_ss_side.gif,False,True
WARNING,annotator_or_channel_disagreement,old-data-local,P-114p820217584_VX-0p948189613582_LS-6p03705790634e-05_ST-353p560035146_M-TI64_XI-0p0002_XF-0p0014_XL-0p0012_TE-0p0021_DT-5p08771719698e-06_H-d4c4d1b9c0,"[35,78,79,80,81,82,83,84,85,231,232]","[10355,22385,22664,22944,23224,23503,23783,24063,24343,65240,65520]",label_1 differs from label_2 in 11 frames; identities are unavailable,P-114p820217584_VX-0p948189613582_LS-6p03705790634e-05_ST-353p560035146_M-TI64_XI-0p0002_XF-0p0014_XL-0p0012_TE-0p0021_DT-5p08771719698e-06_H-d4c4d1b9c0/gif_files/animation_ss_side.gif,False,True
WARNING,annotator_or_channel_disagreement,old-data-local,P-115p281467344_VX-0p424433079834_LS-5p4086019252e-05_ST-352p652659088_M-TI64_XI-0p0002_XF-0p0014_XL-0p0012_TE-0p0021_DT-1p13660334979e-05_H-d616b14147,"[33,34,35,36,37,73,74,75,76]","[23128,23753,24378,25003,25628,48156,48782,49408,50034]",label_1 differs from label_2 in 9 frames; identities are unavailable,P-115p281467344_VX-0p424433079834_LS-5p4086019252e-05_ST-352p652659088_M-TI64_XI-0p0002_XF-0p0014_XL-0p0012_TE-0p0021_DT-1p13660334979e-05_H-d616b14147/gif_files/animation_ss_side.gif,False,True
WARNING,annotator_or_channel_disagreement,old-data-local,P-116p440418649_VX-0p621036488786_LS-7p33150072515e-05_ST-327p034160515_M-TI64_XI-0p0002_XF-0p0014_XL-0p0012_TE-0p0021_DT-7p76785372538e-06_H-3f4a2df486,"[88,89,90,190,191,192,193,194,195]","[38033,38461,38889,81661,82089,82517,82944,83372,83800]",label_1 differs from label_2 in 9 frames; identities are unavailable,P-116p440418649_VX-0p621036488786_LS-7p33150072515e-05_ST-327p034160515_M-TI64_XI-0p0002_XF-0p0014_XL-0p0012_TE-0p0021_DT-7p76785372538e-06_H-3f4a2df486/gif_files/animation_ss_side.gif,False,True
WARNING,annotator_or_channel_disagreement,old-data-local,P-116p693370328_VX-0p231004403842_LS-8p2871053211e-05_ST-317p198938228_M-TI64_XI-0p0002_XF-0p0014_XL-0p0012_TE-0p0021_DT-2p08832408507e-05_H-d147d48e9f,"[36,37,38,72,73,74]","[41362,42512,43662,82759,83909,85059]",label_1 differs from label_2 in 6 frames; identities are unavailable,P-116p693370328_VX-0p231004403842_LS-8p2871053211e-05_ST-317p198938228_M-TI64_XI-0p0002_XF-0p0014_XL-0p0012_TE-0p0021_DT-2p08832408507e-05_H-d147d48e9f/gif_files/animation_ss_side.gif,False,True
WARNING,initial_emptiness_after_physical_onset,old-data-local,P-116p693370328_VX-0p231004403842_LS-8p2871053211e-05_ST-317p198938228_M-TI64_XI-0p0002_XF-0p0014_XL-0p0012_TE-0p0021_DT-2p08832408507e-05_H-d147d48e9f,"[36,37,38]","[41362,42512,43662]",3 frames,P-116p693370328_VX-0p231004403842_LS-8p2871053211e-05_ST-317p198938228_M-TI64_XI-0p0002_XF-0p0014_XL-0p0012_TE-0p0021_DT-2p08832408507e-05_H-d147d48e9f/gif_files/animation_ss_side.gif,False,True
WARNING,annotator_or_channel_disagreement,old-data-local,P-118p4900546_VX-0p535113778256_LS-4p79907961621e-05_ST-385p412174328_M-TI64_XI-0p0002_XF-0p0014_XL-0p0012_TE-0p0021_DT-9p01513061154e-06_H-dd169576f0,"[80,81,82,195,196,197,198,199,200,201,202,203,204,205,206,207,208,209,210,211,212,213,214,215,216,217,218,219,220,221,222,223,224,225,226,227,228,229,230,231]","[40671,41167,41664,97757,98254,98750,99247,99743,100239,100736,101232,101729,102225,102721,103218,103714,104211,104707,105204,105700,106196,106693,107189,107686,108182,108678,109175,109671,110168,110664,111160,111657,112153,112650,113146,113642,114139,114635,115132,115599]",label_1 differs from label_2 in 40 frames; identities are unavailable,P-118p4900546_VX-0p535113778256_LS-4p79907961621e-05_ST-385p412174328_M-TI64_XI-0p0002_XF-0p0014_XL-0p0012_TE-0p0021_DT-9p01513061154e-06_H-dd169576f0/gif_files/animation_ss_side.gif,False,True
WARNING,annotator_or_channel_disagreement,old-data-local,P-119p65849417_VX-0p305673131798_LS-5p10692886867e-05_ST-393p327897391_M-TI64_XI-0p0002_XF-0p0014_XL-0p0012_TE-0p0021_DT-1p57819582462e-05_H-cb2618ba4f,"[82,83,84,85]","[71225,72094,72963,73832]",label_1 differs from label_2 in 4 frames; identities are unavailable,P-119p65849417_VX-0p305673131798_LS-5p10692886867e-05_ST-393p327897391_M-TI64_XI-0p0002_XF-0p0014_XL-0p0012_TE-0p0021_DT-1p57819582462e-05_H-cb2618ba4f/gif_files/animation_ss_side.gif,False,True
WARNING,annotator_or_channel_disagreement,old-data-local,P-122p148440758_VX-0p768953415756_LS-4p5e-05_ST-300_M-TI64_XI--0p0002_XF-0p0012_XL-0p0014_TE-0p00125_DT-2p43159459768e-06_H-306f9d252b,"[68,69,70,71,72,73,74,75,76,77,78,79,80,81,82,83,84,85]","[9095,9229,9363,9497,9630,9764,9898,10032,10166,10299,10433,10567,10701,10834,10968,11102,11236,11370]",label_1 differs from label_2 in 18 frames; identities are unavailable,P-122p148440758_VX-0p768953415756_LS-4p5e-05_ST-300_M-TI64_XI--0p0002_XF-0p0012_XL-0p0014_TE-0p00125_DT-2p43159459768e-06_H-306f9d252b/gif_files/animation_ss_side.gif,False,True
WARNING,annotator_or_channel_disagreement,old-data-local,P-122p399838052_VX-0p958262341264_LS-8p77032416896e-05_ST-376p830559352_M-TI64_XI-0p0002_XF-0p0014_XL-0p0012_TE-0p0021_DT-5p03423790676e-06_H-79d0c72bd8,"[66,67,68,237,238,239,240]","[18552,18828,19105,66217,66495,66772,67049]",label_1 differs from label_2 in 7 frames; identities are unavailable,P-122p399838052_VX-0p958262341264_LS-8p77032416896e-05_ST-376p830559352_M-TI64_XI-0p0002_XF-0p0014_XL-0p0012_TE-0p0021_DT-5p03423790676e-06_H-79d0c72bd8/gif_files/animation_ss_side.gif,False,True
WARNING,annotator_or_channel_disagreement,old-data-local,P-123p578555013_VX-0p413960648538_LS-5p40122226787e-05_ST-380p745973079_M-TI64_XI-0p0002_XF-0p0014_XL-0p0012_TE-0p0021_DT-1p16535729182e-05_H-f404b6f8f4,"[33,34,35,36,76,77,78,79,80,81,82,83,84,85,86,87,88]","[23072,23713,24354,24994,50659,51301,51942,52584,53226,53867,54509,55151,55793,56434,57076,57718,58359]",label_1 differs from label_2 in 17 frames; identities are unavailable,P-123p578555013_VX-0p413960648538_LS-5p40122226787e-05_ST-380p745973079_M-TI64_XI-0p0002_XF-0p0014_XL-0p0012_TE-0p0021_DT-1p16535729182e-05_H-f404b6f8f4/gif_files/animation_ss_side.gif,False,True
WARNING,annotator_or_channel_disagreement,old-data-local,P-124p939831153_VX-0p895565001264_LS-4p79284796095e-05_ST-395p904294171_M-TI64_XI-0p0002_XF-0p0014_XL-0p0012_TE-0p0021_DT-5p38667834965e-06_H-cf6d926251,"[35,36,37,79,80,81,82,83,84,85,86,87,88,89,90,91,206,207,208,209,210,211,212,213,214,215,216,217,218,219,220,221,222,223,224,225,226,227,228,229,230,231,232,233,234,235,236,237,238,239,240,241,242,243,244,245,246,247,248,249,250,251,252,253,254,255,256,257,258,259,260,261]","[10964,11260,11556,23996,24292,24588,24884,25180,25476,25772,26069,26365,26661,26957,27254,27550,61660,61957,62254,62550,62847,63143,63440,63737,64033,64330,64626,64923,65220,65516,65813,66110,66406,66703,66999,67296,67593,67889,68186,68482,68779,69076,69372,69669,69965,70262,70559,70855,71152,71448,71745,72042,72338,72635,72932,73228,73525,73821,74118,74415,74711,75008,75304,75601,75898,76491,76787,77084,77381,77677,77974,78270]",label_1 differs from label_2 in 72 frames; identities are unavailable,P-124p939831153_VX-0p895565001264_LS-4p79284796095e-05_ST-395p904294171_M-TI64_XI-0p0002_XF-0p0014_XL-0p0012_TE-0p0021_DT-5p38667834965e-06_H-cf6d926251/gif_files/animation_ss_side.gif,False,True
WARNING,annotator_or_channel_disagreement,old-data-local,P-126p228008246_VX-0p201684842681_LS-4p5e-05_ST-300_M-TI64_XI--0p0002_XF-0p0012_XL-0p0014_TE-0p00125_DT-9p27081552964e-06_H-306f9d252b,"[55,56,57,58,59,60,61,62,63,64,65,66,67,68,69,70]","[28042,28553,29063,29574,30084,30595,31105,31616,32126,32637,33147,33658,34168,34679,35189,35700]",label_1 differs from label_2 in 16 frames; identities are unavailable,P-126p228008246_VX-0p201684842681_LS-4p5e-05_ST-300_M-TI64_XI--0p0002_XF-0p0012_XL-0p0014_TE-0p00125_DT-9p27081552964e-06_H-306f9d252b/gif_files/animation_ss_side.gif,False,True
WARNING,annotator_or_channel_disagreement,old-data-local,P-126p429096271_VX-0p381791494837_LS-8p54596605095e-05_ST-336p470624887_M-TI64_XI-0p0002_XF-0p0014_XL-0p0012_TE-0p0021_DT-1p26354847299e-05_H-bf3689621a,"[84,85,86,87]","[58409,59105,59801,60496]",label_1 differs from label_2 in 4 frames; identities are unavailable,P-126p429096271_VX-0p381791494837_LS-8p54596605095e-05_ST-336p470624887_M-TI64_XI-0p0002_XF-0p0014_XL-0p0012_TE-0p0021_DT-1p26354847299e-05_H-bf3689621a/gif_files/animation_ss_side.gif,False,True
WARNING,annotator_or_channel_disagreement,old-data-local,P-129p840936159_VX-0p750604494449_LS-8p84568803437e-05_ST-319p185657099_M-TI64_XI-0p0002_XF-0p0014_XL-0p0012_TE-0p0021_DT-6p42698070514e-06_H-f575443233,"[31,62,63,64,215,216]","[12728,23681,24035,24388,77822,78176]",label_1 differs from label_2 in 6 frames; identities are unavailable,P-129p840936159_VX-0p750604494449_LS-8p84568803437e-05_ST-319p185657099_M-TI64_XI-0p0002_XF-0p0014_XL-0p0012_TE-0p0021_DT-6p42698070514e-06_H-f575443233/gif_files/animation_ss_side.gif,False,True
WARNING,annotator_or_channel_disagreement,old-data-local,P-133p003569327_VX-0p736244453131_LS-4p5e-05_ST-300_M-TI64_XI--0p0002_XF-0p0012_XL-0p0014_TE-0p00125_DT-2p53962249042e-06_H-306f9d252b,"[61,62,63,64,65,66,67]","[8521,8661,8801,8941,9080,9220,9360]",label_1 differs from label_2 in 7 frames; identities are unavailable,P-133p003569327_VX-0p736244453131_LS-4p5e-05_ST-300_M-TI64_XI--0p0002_XF-0p0012_XL-0p0014_TE-0p00125_DT-2p53962249042e-06_H-306f9d252b/gif_files/animation_ss_side.gif,False,True
WARNING,annotator_or_channel_disagreement,old-data-local,P-133p058435031_VX-0p81650327798_LS-4p78587303962e-05_ST-362p382821566_M-TI64_XI-0p0002_XF-0p0014_XL-0p0012_TE-0p0021_DT-5p90826850683e-06_H-dd169576f0,"[82,83,231,232,233,234,235,236,237,238,239,240,241,242,243,244,245,246,247,248,249,250]","[26968,27293,75442,75768,76093,76418,76744,77069,77394,77720,78045,78370,78696,79021,79346,79672,79997,80322,80648,80973,81298,81624]",label_1 differs from label_2 in 22 frames; identities are unavailable,P-133p058435031_VX-0p81650327798_LS-4p78587303962e-05_ST-362p382821566_M-TI64_XI-0p0002_XF-0p0014_XL-0p0012_TE-0p0021_DT-5p90826850683e-06_H-dd169576f0/gif_files/animation_ss_side.gif,False,True
WARNING,annotator_or_channel_disagreement,old-data-local,P-133p757797566_VX-0p645163458122_LS-4p5e-05_ST-300_M-TI64_XI--0p0002_XF-0p0012_XL-0p0014_TE-0p00125_DT-2p89815386795e-06_H-306f9d252b,"[77,78,79,80,81,82]","[12276,12435,12595,12754,12914,13073]",label_1 differs from label_2 in 6 frames; identities are unavailable,P-133p757797566_VX-0p645163458122_LS-4p5e-05_ST-300_M-TI64_XI--0p0002_XF-0p0012_XL-0p0014_TE-0p00125_DT-2p89815386795e-06_H-306f9d252b/gif_files/animation_ss_side.gif,False,True
WARNING,annotator_or_channel_disagreement,old-data-local,P-134p442185153_VX-0p806363522352_LS-4p5e-05_ST-300_M-TI64_XI--0p0002_XF-0p0012_XL-0p0014_TE-0p00125_DT-2p3187841709e-06_H-b0e5aed98c,"[77,78,79]","[9821,9949,10077]",label_1 differs from label_2 in 3 frames; identities are unavailable,P-134p442185153_VX-0p806363522352_LS-4p5e-05_ST-300_M-TI64_XI--0p0002_XF-0p0012_XL-0p0014_TE-0p00125_DT-2p3187841709e-06_H-b0e5aed98c/gif_files/animation_ss_side.gif,False,True
WARNING,annotator_or_channel_disagreement,old-data-local,P-135p171981101_VX-0p652238458987_LS-5p89001447273e-05_ST-362p997098414_M-TI64_XI-0p0002_XF-0p0014_XL-0p0012_TE-0p0021_DT-7p39625291417e-06_H-01d46950f6,"[89,90,91,92,93,94,95,96,97,203,204,205,206,207,208,209,210,211,212,213,214,215,216,217,218,219]","[37027,37434,37841,38248,38656,39063,39470,39878,40285,83455,83862,84269,84677,85084,85491,85898,86306,86713,87120,87527,87935,88342,88749,89156,89564,89971]",label_1 differs from label_2 in 26 frames; identities are unavailable,P-135p171981101_VX-0p652238458987_LS-5p89001447273e-05_ST-362p997098414_M-TI64_XI-0p0002_XF-0p0014_XL-0p0012_TE-0p0021_DT-7p39625291417e-06_H-01d46950f6/gif_files/animation_ss_side.gif,False,True
WARNING,annotator_or_channel_disagreement,old-data-local,P-135p208661893_VX-0p295797438033_LS-4p5e-05_ST-300_M-TI64_XI--0p0002_XF-0p0012_XL-0p0014_TE-0p00125_DT-6p32116012922e-06_H-fb250c7cf9,"[60,61,62]","[20859,21207,21554]",label_1 differs from label_2 in 3 frames; identities are unavailable,P-135p208661893_VX-0p295797438033_LS-4p5e-05_ST-300_M-TI64_XI--0p0002_XF-0p0012_XL-0p0014_TE-0p00125_DT-6p32116012922e-06_H-fb250c7cf9/gif_files/animation_ss_side.gif,False,True
WARNING,annotator_or_channel_disagreement,old-data-local,P-136p115095044_VX-0p8200930762_LS-6p39666133344e-05_ST-362p502989524_M-TI64_XI-0p0002_XF-0p0014_XL-0p0012_TE-0p0021_DT-5p88240620853e-06_H-f575443233,"[92,93,94,95,216,217,218,219,220,221,222,223,224,225,226,227,228,229,230,231,232]","[29765,30089,30413,30737,69929,70253,70577,70901,71225,71549,71873,72197,72521,72844,73168,73492,73816,74140,74464,74788,75112]",label_1 differs from label_2 in 21 frames; identities are unavailable,P-136p115095044_VX-0p8200930762_LS-6p39666133344e-05_ST-362p502989524_M-TI64_XI-0p0002_XF-0p0014_XL-0p0012_TE-0p0021_DT-5p88240620853e-06_H-f575443233/gif_files/animation_ss_side.gif,False,True
WARNING,annotator_or_channel_disagreement,old-data-local,P-136p984349172_VX-0p357723834949_LS-5p17808569448e-05_ST-373p061688931_M-TI64_XI-0p0002_XF-0p0014_XL-0p0012_TE-0p0021_DT-1p34856001521e-05_H-270d04032e,"[79,80,81,82]","[58628,59371,60113,60856]",label_1 differs from label_2 in 4 frames; identities are unavailable,P-136p984349172_VX-0p357723834949_LS-5p17808569448e-05_ST-373p061688931_M-TI64_XI-0p0002_XF-0p0014_XL-0p0012_TE-0p0021_DT-1p34856001521e-05_H-270d04032e/gif_files/animation_ss_side.gif,False,True
WARNING,annotator_or_channel_disagreement,old-data-local,P-137p340072051_VX-0p708357837186_LS-8p48461574474e-05_ST-331p337392673_M-TI64_XI-0p0002_XF-0p0014_XL-0p0012_TE-0p0021_DT-6p81028761138e-06_H-701e6757d1,"[31,82,83,84,85,86,87,88,89,90,204,205,206,207,208,209,210,211,212,213,214,215,216,217]","[13487,32591,32966,33341,33716,34091,34466,34841,35216,35591,78341,78716,79091,79466,79841,80216,80591,80966,81341,81716,82091,82466,82841,83216]",label_1 differs from label_2 in 24 frames; identities are unavailable,P-137p340072051_VX-0p708357837186_LS-8p48461574474e-05_ST-331p337392673_M-TI64_XI-0p0002_XF-0p0014_XL-0p0012_TE-0p0021_DT-6p81028761138e-06_H-701e6757d1/gif_files/animation_ss_side.gif,False,True
WARNING,annotator_or_channel_disagreement,old-data-local,P-137p601432421_VX-0p461948695475_LS-6p48780591522e-05_ST-397p490087405_M-TI64_XI-0p0002_XF-0p0014_XL-0p0012_TE-0p0021_DT-1p04429791669e-05_H-ef2aaf59fd,"[30,75,76,77,78,79,80,81]","[20102,45968,46543,47118,47693,48268,48843,49418]",label_1 differs from label_2 in 8 frames; identities are unavailable,P-137p601432421_VX-0p461948695475_LS-6p48780591522e-05_ST-397p490087405_M-TI64_XI-0p0002_XF-0p0014_XL-0p0012_TE-0p0021_DT-1p04429791669e-05_H-ef2aaf59fd/gif_files/animation_ss_side.gif,False,True
WARNING,annotator_or_channel_disagreement,old-data-local,P-138p247900083_VX-0p876957934743_LS-4p5e-05_ST-300_M-TI64_XI--0p0002_XF-0p0012_XL-0p0014_TE-0p00125_DT-2p13212389961e-06_H-306f9d252b,"[42,43,44,45,46,47,48,49,50,51,52]","[4926,5043,5160,5277,5395,5512,5629,5746,5864,5981,6098]",label_1 differs from label_2 in 11 frames; identities are unavailable,P-138p247900083_VX-0p876957934743_LS-4p5e-05_ST-300_M-TI64_XI--0p0002_XF-0p0012_XL-0p0014_TE-0p00125_DT-2p13212389961e-06_H-306f9d252b/gif_files/animation_ss_side.gif,False,True
WARNING,annotator_or_channel_disagreement,old-data-local,P-139p278080234_VX-0p813607985113_LS-8p25985701782e-05_ST-356p830860854_M-TI64_XI-0p0002_XF-0p0014_XL-0p0012_TE-0p0021_DT-5p9292935803e-06_H-6014a1f9c3,"[90,91,92,223,224,225,226,227]","[29676,30003,30329,73099,73425,73752,74078,74405]",label_1 differs from label_2 in 8 frames; identities are unavailable,P-139p278080234_VX-0p813607985113_LS-8p25985701782e-05_ST-356p830860854_M-TI64_XI-0p0002_XF-0p0014_XL-0p0012_TE-0p0021_DT-5p9292935803e-06_H-6014a1f9c3/gif_files/animation_ss_side.gif,False,True
WARNING,annotator_or_channel_disagreement,old-data-local,P-140p119887795_VX-0p222892199661_LS-4p5e-05_ST-300_M-TI64_XI--0p0002_XF-0p0012_XL-0p0014_TE-0p00125_DT-8p38873219639e-06_H-fb250c7cf9,"[44,45,46,47,48,49,50,51,52,53,54]","[20300,20761,21223,21684,22145,22606,23067,23529,23990,24451,24912]",label_1 differs from label_2 in 11 frames; identities are unavailable,P-140p119887795_VX-0p222892199661_LS-4p5e-05_ST-300_M-TI64_XI--0p0002_XF-0p0012_XL-0p0014_TE-0p00125_DT-8p38873219639e-06_H-fb250c7cf9/gif_files/animation_ss_side.gif,False,True
WARNING,annotator_or_channel_disagreement,old-data-local,P-140p320645521_VX-0p612281673664_LS-8p56006119926e-05_ST-348p910931315_M-TI64_XI-0p0002_XF-0p0014_XL-0p0012_TE-0p0021_DT-7p87892372174e-06_H-dd169576f0,"[89,90,91,92,216,217,218,219,220,221,222,223,224,225,226,227,228,229,230,231,232,233,234]","[39445,39879,40313,40747,94543,94977,95411,95845,96278,96712,97146,97580,98014,98448,98881,99315,99749,100183,100617,101051,101484,101918,102352]",label_1 differs from label_2 in 23 frames; identities are unavailable,P-140p320645521_VX-0p612281673664_LS-8p56006119926e-05_ST-348p910931315_M-TI64_XI-0p0002_XF-0p0014_XL-0p0012_TE-0p0021_DT-7p87892372174e-06_H-dd169576f0/gif_files/animation_ss_side.gif,False,True
WARNING,annotator_or_channel_disagreement,old-data-local,P-140p539865228_VX-0p255658736827_LS-4p5e-05_ST-300_M-TI64_XI--0p0002_XF-0p0012_XL-0p0014_TE-0p00125_DT-7p31358918074e-06_H-fb250c7cf9,"[55,56,57]","[22122,22524,22927]",label_1 differs from label_2 in 3 frames; identities are unavailable,P-140p539865228_VX-0p255658736827_LS-4p5e-05_ST-300_M-TI64_XI--0p0002_XF-0p0012_XL-0p0014_TE-0p00125_DT-7p31358918074e-06_H-fb250c7cf9/gif_files/animation_ss_side.gif,False,True
WARNING,annotator_or_channel_disagreement,old-data-local,P-140p573028588_VX-0p551169304036_LS-6p78791919712e-05_ST-377p8442615_M-TI64_XI-0p0002_XF-0p0014_XL-0p0012_TE-0p00125_DT-1p16896078445e-05_H-bf889bf790,[23],[17360],label_1 differs from label_2 in 1 frames; identities are unavailable,P-140p573028588_VX-0p551169304036_LS-6p78791919712e-05_ST-377p8442615_M-TI64_XI-0p0002_XF-0p0014_XL-0p0012_TE-0p00125_DT-1p16896078445e-05_H-bf889bf790/gif_files/animation_ss_side.gif,False,True
WARNING,annotator_or_channel_disagreement,old-data-local,P-140p974625597_VX-0p98622838083_LS-4p5e-05_ST-300_M-TI64_XI--0p0002_XF-0p0012_XL-0p0014_TE-0p00125_DT-1p89589248085e-06_H-b0e5aed98c,"[1,2,3,4,81,82,83,84,85,86,87,88,591,592,593,594,595,596,597,598,599,600,601,602,603,604,605,606,607,608,609,610,611,612,613,614,615,616,617,618,619,620,621,622,623,624,625,626,627,628,629,630,631,632,633,634,635,636,637,638]","[105,209,418,522,8551,8656,8760,8864,8969,9073,9177,9282,61767,61872,61976,62080,62185,62289,62394,62498,62602,62707,62811,62916,63020,63124,63229,63333,63438,63542,63646,63751,63855,63960,64064,64168,64273,64377,64482,64586,64690,64795,64899,65004,65108,65212,65317,65421,65526,65630,65734,65839,65943,66048,66152,66256,66361,66465,66570,66674]",label_1 differs from label_2 in 60 frames; identities are unavailable,P-140p974625597_VX-0p98622838083_LS-4p5e-05_ST-300_M-TI64_XI--0p0002_XF-0p0012_XL-0p0014_TE-0p00125_DT-1p89589248085e-06_H-b0e5aed98c/gif_files/animation_ss_side.gif,False,True
WARNING,annotator_or_channel_disagreement,old-data-local,P-143p879945116_VX-0p336279357485_LS-6p76007351295e-05_ST-398p207663754_M-TI64_XI-0p0002_XF-0p0014_XL-0p0012_TE-0p00125_DT-1p91595257833e-05_H-bf889bf790,"[26,60]","[27395,63265]",label_1 differs from label_2 in 2 frames; identities are unavailable,P-143p879945116_VX-0p336279357485_LS-6p76007351295e-05_ST-398p207663754_M-TI64_XI-0p0002_XF-0p0014_XL-0p0012_TE-0p00125_DT-1p91595257833e-05_H-bf889bf790/gif_files/animation_ss_side.gif,False,True
WARNING,annotator_or_channel_disagreement,old-data-local,P-143p909481867_VX-0p917293492006_LS-5p50242100517e-05_ST-352p206869428_M-TI64_XI-0p0002_XF-0p0014_XL-0p0012_TE-0p0021_DT-5p25908081225e-06_H-cf6d926251,"[77,78,79,80,224,225,226,227]","[22560,22849,23138,23427,65122,65412,65701,65991]",label_1 differs from label_2 in 8 frames; identities are unavailable,P-143p909481867_VX-0p917293492006_LS-5p50242100517e-05_ST-352p206869428_M-TI64_XI-0p0002_XF-0p0014_XL-0p0012_TE-0p0021_DT-5p25908081225e-06_H-cf6d926251/gif_files/animation_ss_side.gif,False,True
WARNING,annotator_or_channel_disagreement,old-data-local,P-144p684844876_VX-0p221020126644_LS-8p32765690701e-05_ST-337p418493583_M-TI64_XI-0p0002_XF-0p0014_XL-0p0012_TE-0p0021_DT-2p18266122469e-05_H-73ae961aa0,"[34,35,73]","[40829,42030,87701]",label_1 differs from label_2 in 3 frames; identities are unavailable,P-144p684844876_VX-0p221020126644_LS-8p32765690701e-05_ST-337p418493583_M-TI64_XI-0p0002_XF-0p0014_XL-0p0012_TE-0p0021_DT-2p18266122469e-05_H-73ae961aa0/gif_files/animation_ss_side.gif,False,True
WARNING,annotator_or_channel_disagreement,old-data-local,P-144p999955433_VX-0p569412101686_LS-7p52189895652e-05_ST-349p795043891_M-TI64_XI-0p0002_XF-0p0014_XL-0p0012_TE-0p0021_DT-8p47210761544e-06_H-24e0a43587,"[76,215,216,217,218,219,220,221]","[36353,101197,101664,102130,102597,103063,103530,103996]",label_1 differs from label_2 in 8 frames; identities are unavailable,P-144p999955433_VX-0p569412101686_LS-7p52189895652e-05_ST-349p795043891_M-TI64_XI-0p0002_XF-0p0014_XL-0p0012_TE-0p0021_DT-8p47210761544e-06_H-24e0a43587/gif_files/animation_ss_side.gif,False,True
WARNING,annotator_or_channel_disagreement,old-data-local,P-145p249113956_VX-0p501139719932_LS-7p51242767898e-05_ST-325p186450026_M-TI64_XI-0p0002_XF-0p0014_XL-0p0012_TE-0p0021_DT-9p62629863717e-06_H-30d8d23b36,"[80,212,213,214,215,216,217,218,219]","[42370,112338,112868,113398,113928,114458,114988,115518,115599]",label_1 differs from label_2 in 9 frames; identities are unavailable,P-145p249113956_VX-0p501139719932_LS-7p51242767898e-05_ST-325p186450026_M-TI64_XI-0p0002_XF-0p0014_XL-0p0012_TE-0p0021_DT-9p62629863717e-06_H-30d8d23b36/gif_files/animation_ss_side.gif,False,True
WARNING,annotator_or_channel_disagreement,old-data-local,P-145p536707456_VX-0p311971481812_LS-7p55813970315e-05_ST-356p422554756_M-TI64_XI-0p0002_XF-0p0014_XL-0p0012_TE-0p0021_DT-1p54633384276e-05_H-f404b6f8f4,[69],[58717],label_1 differs from label_2 in 1 frames; identities are unavailable,P-145p536707456_VX-0p311971481812_LS-7p55813970315e-05_ST-356p422554756_M-TI64_XI-0p0002_XF-0p0014_XL-0p0012_TE-0p0021_DT-1p54633384276e-05_H-f404b6f8f4/gif_files/animation_ss_side.gif,False,True
WARNING,annotator_or_channel_disagreement,old-data-local,P-146p427721311_VX-0p978546391515_LS-4p61745657385e-05_ST-377p807319924_M-TI64_XI-0p0002_XF-0p0014_XL-0p0012_TE-0p0021_DT-4p92988441309e-06_H-c321cc4e90,"[67,238,239,240,241]","[18709,65115,65387,65658,65930]",label_1 differs from label_2 in 5 frames; identities are unavailable,P-146p427721311_VX-0p978546391515_LS-4p61745657385e-05_ST-377p807319924_M-TI64_XI-0p0002_XF-0p0014_XL-0p0012_TE-0p0021_DT-4p92988441309e-06_H-c321cc4e90/gif_files/animation_ss_side.gif,False,True
WARNING,annotator_or_channel_disagreement,old-data-local,P-149p217972816_VX-0p206404715799_LS-4p87379527164e-05_ST-365p118947745_M-TI64_XI-0p0002_XF-0p0014_XL-0p0012_TE-0p0021_DT-2p33721433367e-05_H-b40dbd8ddd,"[68,69,70,71,72]","[87479,88766,90052,91339,92626]",label_1 differs from label_2 in 5 frames; identities are unavailable,P-149p217972816_VX-0p206404715799_LS-4p87379527164e-05_ST-365p118947745_M-TI64_XI-0p0002_XF-0p0014_XL-0p0012_TE-0p0021_DT-2p33721433367e-05_H-b40dbd8ddd/gif_files/animation_ss_side.gif,False,True
WARNING,annotator_or_channel_disagreement,old-data-local,P-149p254341218_VX-0p887957223036_LS-4p5e-05_ST-300_M-TI64_XI--0p0002_XF-0p0012_XL-0p0014_TE-0p00125_DT-2p10571289147e-06_H-306f9d252b,"[66,320,321,322,323,324,325,326,327,328,329,330,331,332,333,334,335,336,337,338,339,340,341,342,343,344,345,346,347,359,360,361,362,363,364,365,366,367,368,369,370,371,372,373,374,375,376,377,378,379,380,381,382,383,384,385,386,387,388,389,390,391,392,393,394,395,396,397,398,399,400,401,402,403,404,405,406,407,408,409,410,411,412,413,414,415,416,417,418]","[7644,37069,37185,37301,37417,37533,37649,37765,37881,37997,38113,38229,38345,38460,38576,38692,38808,38924,39040,39156,39272,39388,39504,39620,39736,39852,39968,40084,40200,41591,41707,41823,41939,42055,42171,42287,42403,42519,42635,42751,42867,42982,43098,43214,43330,43446,43562,43678,43794,43910,44026,44142,44258,44374,44490,44606,44722,44838,44954,45070,45186,45301,45417,45533,45649,45765,45881,45997,46113,46229,46345,46461,46577,46693,46809,46925,47041,47157,47273,47389,47504,47620,47736,47852,47968,48084,48200,48316,48432]",label_1 differs from label_2 in 89 frames; identities are unavailable,P-149p254341218_VX-0p887957223036_LS-4p5e-05_ST-300_M-TI64_XI--0p0002_XF-0p0012_XL-0p0014_TE-0p00125_DT-2p10571289147e-06_H-306f9d252b/gif_files/animation_ss_side.gif,False,True
WARNING,annotator_or_channel_disagreement,old-data-local,P-149p73987868_VX-0p504680707931_LS-6p9723584777e-05_ST-320p536129041_M-TI64_XI-0p0002_XF-0p0014_XL-0p0012_TE-0p0021_DT-9p55875770008e-06_H-95ed9fb76f,"[67,68,69,70,71,72,73,74]","[36283,36809,37336,37862,38388,38915,39441,39967]",label_1 differs from label_2 in 8 frames; identities are unavailable,P-149p73987868_VX-0p504680707931_LS-6p9723584777e-05_ST-320p536129041_M-TI64_XI-0p0002_XF-0p0014_XL-0p0012_TE-0p0021_DT-9p55875770008e-06_H-95ed9fb76f/gif_files/animation_ss_side.gif,False,True
WARNING,annotator_or_channel_disagreement,old-data-local,P-149p779509657_VX-0p251536582152_LS-4p84927831067e-05_ST-381p35096431_M-TI64_XI-0p0002_XF-0p0014_XL-0p0012_TE-0p0021_DT-1p91786044071e-05_H-6af407d4ba,"[68,69,70,71,72]","[71777,72833,73889,74945,76001]",label_1 differs from label_2 in 5 frames; identities are unavailable,P-149p779509657_VX-0p251536582152_LS-4p84927831067e-05_ST-381p35096431_M-TI64_XI-0p0002_XF-0p0014_XL-0p0012_TE-0p0021_DT-1p91786044071e-05_H-6af407d4ba/gif_files/animation_ss_side.gif,False,True
WARNING,annotator_or_channel_disagreement,old-data-local,P-150p924001842_VX-0p859014749555_LS-8p54585725094e-05_ST-302p841995718_M-TI64_XI-0p0002_XF-0p0014_XL-0p0012_TE-0p0021_DT-5p6158763345e-06_H-9bd689b964,"[235,236]","[73563,73872]",label_1 differs from label_2 in 2 frames; identities are unavailable,P-150p924001842_VX-0p859014749555_LS-8p54585725094e-05_ST-302p841995718_M-TI64_XI-0p0002_XF-0p0014_XL-0p0012_TE-0p0021_DT-5p6158763345e-06_H-9bd689b964/gif_files/animation_ss_side.gif,False,True
WARNING,annotator_or_channel_disagreement,old-data-local,P-151p505871803_VX-0p995509859725_LS-6p72580848008e-05_ST-301p996554082_M-TI64_XI-0p0002_XF-0p0014_XL-0p0012_TE-0p0021_DT-4p84587928074e-06_H-73846c96ef,"[228,229,230,231,232,233,234,235,236]","[61070,61337,61604,61871,62138,62404,62671,62938,63205]",label_1 differs from label_2 in 9 frames; identities are unavailable,P-151p505871803_VX-0p995509859725_LS-6p72580848008e-05_ST-301p996554082_M-TI64_XI-0p0002_XF-0p0014_XL-0p0012_TE-0p0021_DT-4p84587928074e-06_H-73846c96ef/gif_files/animation_ss_side.gif,False,True
WARNING,annotator_or_channel_disagreement,old-data-local,P-151p630328889_VX-0p596649793105_LS-5p54888002616e-05_ST-323p086654154_M-TI64_XI-0p0002_XF-0p0014_XL-0p0012_TE-0p00125_DT-1p0798550665e-05_H-bf889bf790,[55],[33264],label_1 differs from label_2 in 1 frames; identities are unavailable,P-151p630328889_VX-0p596649793105_LS-5p54888002616e-05_ST-323p086654154_M-TI64_XI-0p0002_XF-0p0014_XL-0p0012_TE-0p00125_DT-1p0798550665e-05_H-bf889bf790/gif_files/animation_ss_side.gif,False,True
WARNING,annotator_or_channel_disagreement,old-data-local,P-153p721476211_VX-0p579411174254_LS-7p49286492013e-05_ST-383p484527945_M-TI64_XI-0p0002_XF-0p0014_XL-0p0012_TE-0p0021_DT-8p32590191107e-06_H-8daf8adcd4,"[64,65,66,67,68,69,215,216]","[32516,32974,33433,33891,34350,34808,101743,102201]",label_1 differs from label_2 in 8 frames; identities are unavailable,P-153p721476211_VX-0p579411174254_LS-7p49286492013e-05_ST-383p484527945_M-TI64_XI-0p0002_XF-0p0014_XL-0p0012_TE-0p0021_DT-8p32590191107e-06_H-8daf8adcd4/gif_files/animation_ss_side.gif,False,True
WARNING,annotator_or_channel_disagreement,old-data-local,P-155p56408626_VX-0p882684317254_LS-6p13538276829e-05_ST-315p150952839_M-TI64_XI-0p0002_XF-0p0014_XL-0p0012_TE-0p0021_DT-5p46528414374e-06_H-cda596b3bb,"[77,78]","[23444,23745]",label_1 differs from label_2 in 2 frames; identities are unavailable,P-155p56408626_VX-0p882684317254_LS-6p13538276829e-05_ST-315p150952839_M-TI64_XI-0p0002_XF-0p0014_XL-0p0012_TE-0p0021_DT-5p46528414374e-06_H-cda596b3bb/gif_files/animation_ss_side.gif,False,True
WARNING,annotator_or_channel_disagreement,old-data-local,P-158p404299584_VX-0p530960738208_LS-8p44011119013e-05_ST-377p174397227_M-TI64_XI-0p0002_XF-0p0014_XL-0p0012_TE-0p0021_DT-9p08564467365e-06_H-fa25be35ef,"[91,209,210,211,212,213,214,215,216,217,218,219,220,221,222,223,224,225,226,227,228,229,230]","[46492,105526,106027,106527,107027,107528,108028,108528,109028,109529,110029,110529,111030,111530,112030,112531,113031,113531,114031,114532,115032,115532,115599]",label_1 differs from label_2 in 23 frames; identities are unavailable,P-158p404299584_VX-0p530960738208_LS-8p44011119013e-05_ST-377p174397227_M-TI64_XI-0p0002_XF-0p0014_XL-0p0012_TE-0p0021_DT-9p08564467365e-06_H-fa25be35ef/gif_files/animation_ss_side.gif,False,True
WARNING,annotator_or_channel_disagreement,old-data-local,P-158p77294915_VX-0p755822601012_LS-5p98686493415e-05_ST-315p3922311_M-TI64_XI-0p0002_XF-0p0014_XL-0p0012_TE-0p0021_DT-6p38260961839e-06_H-0d7d85a8f4,"[69,70,71,72,236,237,238,239,240,241,242,243,244,325]","[24922,25273,25623,25974,83610,83962,84313,84665,85368,85719,86071,86422,86774,115599]",label_1 differs from label_2 in 14 frames; identities are unavailable,P-158p77294915_VX-0p755822601012_LS-5p98686493415e-05_ST-315p3922311_M-TI64_XI-0p0002_XF-0p0014_XL-0p0012_TE-0p0021_DT-6p38260961839e-06_H-0d7d85a8f4/gif_files/animation_ss_side.gif,False,True
WARNING,annotator_or_channel_disagreement,old-data-local,P-159p365045029_VX-0p465685970522_LS-5p71815338387e-05_ST-335p270795676_M-TI64_XI-0p0002_XF-0p0014_XL-0p0012_TE-0p0021_DT-1p03591710045e-05_H-312d3c9a86,"[71,72,73]","[42176,42747,43317]",label_1 differs from label_2 in 3 frames; identities are unavailable,P-159p365045029_VX-0p465685970522_LS-5p71815338387e-05_ST-335p270795676_M-TI64_XI-0p0002_XF-0p0014_XL-0p0012_TE-0p0021_DT-1p03591710045e-05_H-312d3c9a86/gif_files/animation_ss_side.gif,False,True
WARNING,annotator_or_channel_disagreement,old-data-local,P-160p556282667_VX-0p957190479289_LS-5p53708249108e-05_ST-363p791890923_M-TI64_XI-0p0002_XF-0p0014_XL-0p0012_TE-0p0021_DT-5p03987524677e-06_H-0590129dfb,"[74,75,76,248]","[21066,21343,21620,69344]",label_1 differs from label_2 in 4 frames; identities are unavailable,P-160p556282667_VX-0p957190479289_LS-5p53708249108e-05_ST-363p791890923_M-TI64_XI-0p0002_XF-0p0014_XL-0p0012_TE-0p0021_DT-5p03987524677e-06_H-0590129dfb/gif_files/animation_ss_side.gif,False,True
WARNING,annotator_or_channel_disagreement,old-data-local,P-161p701140241_VX-0p559592851831_LS-7p43216837725e-05_ST-378p872335114_M-TI64_XI-0p0002_XF-0p0014_XL-0p0012_TE-0p00125_DT-1p15136442488e-05_H-bf889bf790,"[53,54,55]","[34201,34835,35469]",label_1 differs from label_2 in 3 frames; identities are unavailable,P-161p701140241_VX-0p559592851831_LS-7p43216837725e-05_ST-378p872335114_M-TI64_XI-0p0002_XF-0p0014_XL-0p0012_TE-0p00125_DT-1p15136442488e-05_H-bf889bf790/gif_files/animation_ss_side.gif,False,True
WARNING,annotator_or_channel_disagreement,old-data-local,P-163p117472792_VX-0p458171151631_LS-7p76324682791e-05_ST-309p146066051_M-TI64_XI-0p0002_XF-0p0014_XL-0p0012_TE-0p0021_DT-1p05290797682e-05_H-45d75eceb5,"[32,33,34,91,92]","[19689,20268,20847,53884,54464]",label_1 differs from label_2 in 5 frames; identities are unavailable,P-163p117472792_VX-0p458171151631_LS-7p76324682791e-05_ST-309p146066051_M-TI64_XI-0p0002_XF-0p0014_XL-0p0012_TE-0p0021_DT-1p05290797682e-05_H-45d75eceb5/gif_files/animation_ss_side.gif,False,True
WARNING,annotator_or_channel_disagreement,old-data-local,P-163p341658752_VX-0p941874162971_LS-5p45765866009e-05_ST-310p281913475_M-TI64_XI-0p0002_XF-0p0014_XL-0p0012_TE-0p0021_DT-5p12183133657e-06_H-b40dbd8ddd,"[72,248]","[20564,70190]",label_1 differs from label_2 in 2 frames; identities are unavailable,P-163p341658752_VX-0p941874162971_LS-5p45765866009e-05_ST-310p281913475_M-TI64_XI-0p0002_XF-0p0014_XL-0p0012_TE-0p0021_DT-5p12183133657e-06_H-b40dbd8ddd/gif_files/animation_ss_side.gif,False,True
WARNING,annotator_or_channel_disagreement,old-data-local,P-166p164223082_VX-0p514604075971_LS-6p70362084208e-05_ST-302p957496397_M-TI64_XI-0p0002_XF-0p0014_XL-0p0012_TE-0p00125_DT-1p25202137351e-05_H-bf889bf790,"[56,57]","[39951,40641]",label_1 differs from label_2 in 2 frames; identities are unavailable,P-166p164223082_VX-0p514604075971_LS-6p70362084208e-05_ST-302p957496397_M-TI64_XI-0p0002_XF-0p0014_XL-0p0012_TE-0p00125_DT-1p25202137351e-05_H-bf889bf790/gif_files/animation_ss_side.gif,False,True
WARNING,annotator_or_channel_disagreement,old-data-local,P-166p614725594_VX-0p931765035172_LS-5p67575778907e-05_ST-364p064697506_M-TI64_XI-0p0002_XF-0p0014_XL-0p0012_TE-0p0021_DT-5p17740033261e-06_H-0744488b5e,"[78,79,249]","[22494,22779,71237]",label_1 differs from label_2 in 3 frames; identities are unavailable,P-166p614725594_VX-0p931765035172_LS-5p67575778907e-05_ST-364p064697506_M-TI64_XI-0p0002_XF-0p0014_XL-0p0012_TE-0p0021_DT-5p17740033261e-06_H-0744488b5e/gif_files/animation_ss_side.gif,False,True
WARNING,annotator_or_channel_disagreement,old-data-local,P-167p36850481_VX-0p484912828283_LS-7p82623244153e-05_ST-326p173250025_M-TI64_XI-0p0002_XF-0p0014_XL-0p0012_TE-0p0021_DT-9p94842850435e-06_H-31e40e99ef,"[89,90,91,92,93,94,95,96]","[48720,49267,49815,50363,50911,51459,52006,52554]",label_1 differs from label_2 in 8 frames; identities are unavailable,P-167p36850481_VX-0p484912828283_LS-7p82623244153e-05_ST-326p173250025_M-TI64_XI-0p0002_XF-0p0014_XL-0p0012_TE-0p0021_DT-9p94842850435e-06_H-31e40e99ef/gif_files/animation_ss_side.gif,False,True
WARNING,annotator_or_channel_disagreement,old-data-local,P-167p779770961_VX-0p390580196452_LS-6p45833025222e-05_ST-394p852870083_M-TI64_XI-0p0002_XF-0p0014_XL-0p0012_TE-0p0021_DT-1p23511653864e-05_H-73ae961aa0,"[67,68,69]","[46892,47573,48253]",label_1 differs from label_2 in 3 frames; identities are unavailable,P-167p779770961_VX-0p390580196452_LS-6p45833025222e-05_ST-394p852870083_M-TI64_XI-0p0002_XF-0p0014_XL-0p0012_TE-0p0021_DT-1p23511653864e-05_H-73ae961aa0/gif_files/animation_ss_side.gif,False,True
WARNING,annotator_or_channel_disagreement,old-data-local,P-171p239447318_VX-0p969583751496_LS-7p40725617215e-05_ST-384p912438459_M-TI64_XI-0p0002_XF-0p0014_XL-0p0012_TE-0p0021_DT-4p97545528746e-06_H-7931c20f4a,"[232,233,234,235,236,237,238]","[64348,64622,64896,65170,65444,65718,65992]",label_1 differs from label_2 in 7 frames; identities are unavailable,P-171p239447318_VX-0p969583751496_LS-7p40725617215e-05_ST-384p912438459_M-TI64_XI-0p0002_XF-0p0014_XL-0p0012_TE-0p0021_DT-4p97545528746e-06_H-7931c20f4a/gif_files/animation_ss_side.gif,False,True
WARNING,annotator_or_channel_disagreement,old-data-local,P-171p382540224_VX-0p233605939402_LS-6p18629013601e-05_ST-355p188153249_M-TI64_XI-0p0002_XF-0p0014_XL-0p0012_TE-0p0021_DT-2p06506761573e-05_H-ba17ade68b,"[64,65,66,67,68,69,70]","[72740,73877,75014,76151,77289,78426,79563]",label_1 differs from label_2 in 7 frames; identities are unavailable,P-171p382540224_VX-0p233605939402_LS-6p18629013601e-05_ST-355p188153249_M-TI64_XI-0p0002_XF-0p0014_XL-0p0012_TE-0p0021_DT-2p06506761573e-05_H-ba17ade68b/gif_files/animation_ss_side.gif,False,True
WARNING,annotator_or_channel_disagreement,old-data-local,P-171p875575389_VX-0p916897438596_LS-6p66389080354e-05_ST-338p337187717_M-TI64_XI-0p0002_XF-0p0014_XL-0p0012_TE-0p0021_DT-5p2613524697e-06_H-30d8d23b36,"[63,64,65,66,229,230,231,232,233]","[19099,19388,19677,19967,67178,67468,67758,68047,68337]",label_1 differs from label_2 in 9 frames; identities are unavailable,P-171p875575389_VX-0p916897438596_LS-6p66389080354e-05_ST-338p337187717_M-TI64_XI-0p0002_XF-0p0014_XL-0p0012_TE-0p0021_DT-5p2613524697e-06_H-30d8d23b36/gif_files/animation_ss_side.gif,False,True
WARNING,annotator_or_channel_disagreement,old-data-local,P-173p720948038_VX-0p230617607979_LS-6p23730108092e-05_ST-383p499521736_M-TI64_XI-0p0002_XF-0p0014_XL-0p0012_TE-0p0021_DT-2p09182665855e-05_H-eb41f0639c,"[68,69,70]","[78291,79442,80594]",label_1 differs from label_2 in 3 frames; identities are unavailable,P-173p720948038_VX-0p230617607979_LS-6p23730108092e-05_ST-383p499521736_M-TI64_XI-0p0002_XF-0p0014_XL-0p0012_TE-0p0021_DT-2p09182665855e-05_H-eb41f0639c/gif_files/animation_ss_side.gif,False,True
WARNING,annotator_or_channel_disagreement,old-data-local,P-174p128102602_VX-0p994422815088_LS-7p40414236536e-05_ST-367p557277174_M-TI64_XI-0p0002_XF-0p0014_XL-0p0012_TE-0p0021_DT-4p85117651146e-06_H-6705b84f8a,"[69,70,231,232]","[19211,19477,62473,62740]",label_1 differs from label_2 in 4 frames; identities are unavailable,P-174p128102602_VX-0p994422815088_LS-7p40414236536e-05_ST-367p557277174_M-TI64_XI-0p0002_XF-0p0014_XL-0p0012_TE-0p0021_DT-4p85117651146e-06_H-6705b84f8a/gif_files/animation_ss_side.gif,False,True
WARNING,annotator_or_channel_disagreement,old-data-local,P-176p31832051_VX-0p578189015568_LS-5p80825678862e-05_ST-392p957182722_M-TI64_XI-0p0002_XF-0p0014_XL-0p0012_TE-0p0021_DT-8p34350095405e-06_H-568de84222,"[67,68,69,70]","[30747,31206,31666,32125]",label_1 differs from label_2 in 4 frames; identities are unavailable,P-176p31832051_VX-0p578189015568_LS-5p80825678862e-05_ST-392p957182722_M-TI64_XI-0p0002_XF-0p0014_XL-0p0012_TE-0p0021_DT-8p34350095405e-06_H-568de84222/gif_files/animation_ss_side.gif,False,True
WARNING,annotator_or_channel_disagreement,old-data-local,P-176p64993117_VX-0p775213670345_LS-6p57722012124e-05_ST-360p022077993_M-TI64_XI-0p0002_XF-0p0014_XL-0p0012_TE-0p0021_DT-6p222956054e-06_H-5731c00627,"[73,74,241,242,243,244,245,246,247,248,249]","[24983,25325,82889,83232,83575,83917,84260,84603,84945,85288,85631]",label_1 differs from label_2 in 11 frames; identities are unavailable,P-176p64993117_VX-0p775213670345_LS-6p57722012124e-05_ST-360p022077993_M-TI64_XI-0p0002_XF-0p0014_XL-0p0012_TE-0p0021_DT-6p222956054e-06_H-5731c00627/gif_files/animation_ss_side.gif,False,True
WARNING,annotator_or_channel_disagreement,old-data-local,P-177p868754925_VX-0p784825891065_LS-5p3694165939e-05_ST-378p775948175_M-TI64_XI-0p0002_XF-0p0014_XL-0p0012_TE-0p0021_DT-6p14673987943e-06_H-fa25be35ef,"[72,73,74,243,244,245,246]","[24677,25015,25353,82550,82889,83227,83566]",label_1 differs from label_2 in 7 frames; identities are unavailable,P-177p868754925_VX-0p784825891065_LS-5p3694165939e-05_ST-378p775948175_M-TI64_XI-0p0002_XF-0p0014_XL-0p0012_TE-0p0021_DT-6p14673987943e-06_H-fa25be35ef/gif_files/animation_ss_side.gif,False,True
WARNING,annotator_or_channel_disagreement,old-data-local,P-179p651163568_VX-0p66389382017_LS-6p65035978508e-05_ST-326p14019277_M-TI64_XI-0p0002_XF-0p0014_XL-0p0012_TE-0p0021_DT-7p26640383816e-06_H-f77f7c89dc,"[73,232,233,234,235]","[29174,92792,93192,93593,93993]",label_1 differs from label_2 in 5 frames; identities are unavailable,P-179p651163568_VX-0p66389382017_LS-6p65035978508e-05_ST-326p14019277_M-TI64_XI-0p0002_XF-0p0014_XL-0p0012_TE-0p0021_DT-7p26640383816e-06_H-f77f7c89dc/gif_files/animation_ss_side.gif,False,True
WARNING,annotator_or_channel_disagreement,old-data-local,P-181p197687991_VX-0p643443519749_LS-5p49477846524e-05_ST-320p630170488_M-TI64_XI-0p0002_XF-0p0014_XL-0p0012_TE-0p0021_DT-7p49734895908e-06_H-6014a1f9c3,"[71,72,73,230,231,232,233,234,235,236,237,238,239]","[30102,30515,30928,95743,96155,96568,96981,97394,97807,98220,98632,99045,99458]",label_1 differs from label_2 in 13 frames; identities are unavailable,P-181p197687991_VX-0p643443519749_LS-5p49477846524e-05_ST-320p630170488_M-TI64_XI-0p0002_XF-0p0014_XL-0p0012_TE-0p0021_DT-7p49734895908e-06_H-6014a1f9c3/gif_files/animation_ss_side.gif,False,True
WARNING,annotator_or_channel_disagreement,old-data-local,P-181p214517461_VX-0p293157847988_LS-6p39704529171e-05_ST-391p855294349_M-TI64_XI-0p0002_XF-0p0014_XL-0p0012_TE-0p0021_DT-1p64557102466e-05_H-e6df4d4a2d,[71],[64299],label_1 differs from label_2 in 1 frames; identities are unavailable,P-181p214517461_VX-0p293157847988_LS-6p39704529171e-05_ST-391p855294349_M-TI64_XI-0p0002_XF-0p0014_XL-0p0012_TE-0p0021_DT-1p64557102466e-05_H-e6df4d4a2d/gif_files/animation_ss_side.gif,False,True
WARNING,annotator_or_channel_disagreement,old-data-local,P-182p701235644_VX-0p787372384637_LS-5p07019733104e-05_ST-389p154544132_M-TI64_XI-0p0002_XF-0p0014_XL-0p0012_TE-0p0021_DT-6p1268602978e-06_H-d9be003c20,"[70,71,72,73,74,245]","[23923,24260,24597,24934,25271,82958]",label_1 differs from label_2 in 6 frames; identities are unavailable,P-182p701235644_VX-0p787372384637_LS-5p07019733104e-05_ST-389p154544132_M-TI64_XI-0p0002_XF-0p0014_XL-0p0012_TE-0p0021_DT-6p1268602978e-06_H-d9be003c20/gif_files/animation_ss_side.gif,False,True
WARNING,annotator_or_channel_disagreement,old-data-local,P-183p86712976_VX-0p92773562332_LS-4p77447546287e-05_ST-393p876492884_M-TI64_XI-0p0002_XF-0p0014_XL-0p0012_TE-0p0021_DT-5p19988721113e-06_H-95ed9fb76f,"[71,243,244,245,246]","[20305,69543,69829,70115,70402]",label_1 differs from label_2 in 5 frames; identities are unavailable,P-183p86712976_VX-0p92773562332_LS-4p77447546287e-05_ST-393p876492884_M-TI64_XI-0p0002_XF-0p0014_XL-0p0012_TE-0p0021_DT-5p19988721113e-06_H-95ed9fb76f/gif_files/animation_ss_side.gif,False,True
WARNING,annotator_or_channel_disagreement,old-data-local,P-184p554601264_VX-0p855768445974_LS-6p11854963854e-05_ST-316p977306706_M-TI64_XI-0p0002_XF-0p0014_XL-0p0012_TE-0p0021_DT-5p63717980689e-06_H-0011cc30ec,"[66,67,68,244,245,246]","[20772,21082,21392,76015,76325,76635]",label_1 differs from label_2 in 6 frames; identities are unavailable,P-184p554601264_VX-0p855768445974_LS-6p11854963854e-05_ST-316p977306706_M-TI64_XI-0p0002_XF-0p0014_XL-0p0012_TE-0p0021_DT-5p63717980689e-06_H-0011cc30ec/gif_files/animation_ss_side.gif,False,True
WARNING,annotator_or_channel_disagreement,old-data-local,P-186p021611878_VX-0p483877556354_LS-6p53069178085e-05_ST-388p836932905_M-TI64_XI-0p0002_XF-0p0014_XL-0p0012_TE-0p0021_DT-9p96971349398e-06_H-b40dbd8ddd,"[69,70,71,72]","[37844,38393,38942,39491]",label_1 differs from label_2 in 4 frames; identities are unavailable,P-186p021611878_VX-0p483877556354_LS-6p53069178085e-05_ST-388p836932905_M-TI64_XI-0p0002_XF-0p0014_XL-0p0012_TE-0p0021_DT-9p96971349398e-06_H-b40dbd8ddd/gif_files/animation_ss_side.gif,False,True
WARNING,forming_phase_returns_after_conduction_or_keyhole,old-data-local,P-186p021611878_VX-0p483877556354_LS-6p53069178085e-05_ST-388p836932905_M-TI64_XI-0p0002_XF-0p0014_XL-0p0012_TE-0p0021_DT-9p96971349398e-06_H-b40dbd8ddd,[71],[38942],1 frames,P-186p021611878_VX-0p483877556354_LS-6p53069178085e-05_ST-388p836932905_M-TI64_XI-0p0002_XF-0p0014_XL-0p0012_TE-0p0021_DT-9p96971349398e-06_H-b40dbd8ddd/gif_files/animation_ss_side.gif,False,True
WARNING,annotator_or_channel_disagreement,old-data-local,P-186p850960621_VX-0p845582390035_LS-8p39602076571e-05_ST-354p289806443_M-TI64_XI-0p0002_XF-0p0014_XL-0p0012_TE-0p0021_DT-5p70508641129e-06_H-f404b6f8f4,[74],[23845],label_1 differs from label_2 in 1 frames; identities are unavailable,P-186p850960621_VX-0p845582390035_LS-8p39602076571e-05_ST-354p289806443_M-TI64_XI-0p0002_XF-0p0014_XL-0p0012_TE-0p0021_DT-5p70508641129e-06_H-f404b6f8f4/gif_files/animation_ss_side.gif,False,True
WARNING,annotator_or_channel_disagreement,old-data-local,P-188p702615393_VX-0p897654681927_LS-7p37418626284e-05_ST-361p378936642_M-TI64_XI-0p0002_XF-0p0014_XL-0p0012_TE-0p0021_DT-5p37413851912e-06_H-cedd8dc36d,"[72,73,74,75,238]","[21872,22167,22463,22758,70987]",label_1 differs from label_2 in 5 frames; identities are unavailable,P-188p702615393_VX-0p897654681927_LS-7p37418626284e-05_ST-361p378936642_M-TI64_XI-0p0002_XF-0p0014_XL-0p0012_TE-0p0021_DT-5p37413851912e-06_H-cedd8dc36d/gif_files/animation_ss_side.gif,False,True
WARNING,annotator_or_channel_disagreement,old-data-local,P-190p553348142_VX-0p571798591092_LS-6p21059581714e-05_ST-350p091118048_M-TI64_XI-0p0002_XF-0p0014_XL-0p0012_TE-0p0021_DT-8p43674797065e-06_H-30d8d23b36,"[33,71,72,73,228,229,230,231,232,233,234,235,236,237,238,239,240]","[15778,33414,33878,34343,106349,106814,107278,107743,108208,108672,109137,109601,110066,110530,110995,111459,111924]",label_1 differs from label_2 in 17 frames; identities are unavailable,P-190p553348142_VX-0p571798591092_LS-6p21059581714e-05_ST-350p091118048_M-TI64_XI-0p0002_XF-0p0014_XL-0p0012_TE-0p0021_DT-8p43674797065e-06_H-30d8d23b36/gif_files/animation_ss_side.gif,False,True
WARNING,annotator_or_channel_disagreement,old-data-local,P-193p028200221_VX-0p93446669696_LS-8p62901752671e-05_ST-365p941151844_M-TI64_XI-0p0002_XF-0p0014_XL-0p0012_TE-0p0021_DT-5p16243181133e-06_H-4852b0403a,"[73,74,75,235]","[21294,21578,21862,67336]",label_1 differs from label_2 in 4 frames; identities are unavailable,P-193p028200221_VX-0p93446669696_LS-8p62901752671e-05_ST-365p941151844_M-TI64_XI-0p0002_XF-0p0014_XL-0p0012_TE-0p0021_DT-5p16243181133e-06_H-4852b0403a/gif_files/animation_ss_side.gif,False,True
WARNING,annotator_or_channel_disagreement,old-data-local,P-193p440626378_VX-0p303697281962_LS-7p07136561297e-05_ST-354p067159473_M-TI64_XI-0p0002_XF-0p0014_XL-0p0012_TE-0p0021_DT-1p58846354233e-05_H-5731c00627,"[76,77,78,79,80,81,82]","[66440,67315,68190,69064,69939,70814,71688]",label_1 differs from label_2 in 7 frames; identities are unavailable,P-193p440626378_VX-0p303697281962_LS-7p07136561297e-05_ST-354p067159473_M-TI64_XI-0p0002_XF-0p0014_XL-0p0012_TE-0p0021_DT-1p58846354233e-05_H-5731c00627/gif_files/animation_ss_side.gif,False,True
WARNING,annotator_or_channel_disagreement,old-data-local,P-194p036512211_VX-0p298398024189_LS-7p09068727373e-05_ST-343p727832606_M-TI64_XI-0p0002_XF-0p0014_XL-0p0012_TE-0p0021_DT-1p61667310503e-05_H-7931c20f4a,"[74,75,76]","[65840,66731,67621]",label_1 differs from label_2 in 3 frames; identities are unavailable,P-194p036512211_VX-0p298398024189_LS-7p09068727373e-05_ST-343p727832606_M-TI64_XI-0p0002_XF-0p0014_XL-0p0012_TE-0p0021_DT-1p61667310503e-05_H-7931c20f4a/gif_files/animation_ss_side.gif,False,True
WARNING,annotator_or_channel_disagreement,old-data-local,P-194p089464462_VX-0p388567055088_LS-7p6021762795e-05_ST-395p140888584_M-TI64_XI-0p0002_XF-0p0014_XL-0p0012_TE-0p0021_DT-1p24151559939e-05_H-7f5e3f5579,[71],[48503],label_1 differs from label_2 in 1 frames; identities are unavailable,P-194p089464462_VX-0p388567055088_LS-7p6021762795e-05_ST-395p140888584_M-TI64_XI-0p0002_XF-0p0014_XL-0p0012_TE-0p0021_DT-1p24151559939e-05_H-7f5e3f5579/gif_files/animation_ss_side.gif,False,True
WARNING,annotator_or_channel_disagreement,old-data-local,P-195p080816167_VX-0p844140965531_LS-6p21634030137e-05_ST-331p625980857_M-TI64_XI-0p0002_XF-0p0014_XL-0p0012_TE-0p0021_DT-5p71482820998e-06_H-cca0c4e3bb,"[70,71,72,73,74,247,248]","[22315,22629,22943,23258,23572,78006,78321]",label_1 differs from label_2 in 7 frames; identities are unavailable,P-195p080816167_VX-0p844140965531_LS-6p21634030137e-05_ST-331p625980857_M-TI64_XI-0p0002_XF-0p0014_XL-0p0012_TE-0p0021_DT-5p71482820998e-06_H-cca0c4e3bb/gif_files/animation_ss_side.gif,False,True
WARNING,annotator_or_channel_disagreement,old-data-local,P-196p954129245_VX-0p972458485112_LS-5p85340423111e-05_ST-310p387913302_M-TI64_XI-0p0002_XF-0p0014_XL-0p0012_TE-0p0021_DT-4p96074709293e-06_H-f575443233,"[67,68,69,70]","[19372,19644,19917,20190]",label_1 differs from label_2 in 4 frames; identities are unavailable,P-196p954129245_VX-0p972458485112_LS-5p85340423111e-05_ST-310p387913302_M-TI64_XI-0p0002_XF-0p0014_XL-0p0012_TE-0p0021_DT-4p96074709293e-06_H-f575443233/gif_files/animation_ss_side.gif,False,True
WARNING,annotator_or_channel_disagreement,old-data-local,P-197p742114875_VX-0p874617254357_LS-7p7301896977e-05_ST-350p888533369_M-TI64_XI-0p0002_XF-0p0014_XL-0p0012_TE-0p0021_DT-5p51569338357e-06_H-054022a1b4,[71],[21841],label_1 differs from label_2 in 1 frames; identities are unavailable,P-197p742114875_VX-0p874617254357_LS-7p7301896977e-05_ST-350p888533369_M-TI64_XI-0p0002_XF-0p0014_XL-0p0012_TE-0p0021_DT-5p51569338357e-06_H-054022a1b4/gif_files/animation_ss_side.gif,False,True
WARNING,annotator_or_channel_disagreement,old-data-local,P-198p603717725_VX-0p869799932432_LS-5p56307183941e-05_ST-326p836247823_M-TI64_XI-0p0002_XF-0p0014_XL-0p0012_TE-0p0021_DT-5p54624163919e-06_H-bf3689621a,"[70,71,72,73,74]","[22267,22572,22877,23182,23486]",label_1 differs from label_2 in 5 frames; identities are unavailable,P-198p603717725_VX-0p869799932432_LS-5p56307183941e-05_ST-326p836247823_M-TI64_XI-0p0002_XF-0p0014_XL-0p0012_TE-0p0021_DT-5p54624163919e-06_H-bf3689621a/gif_files/animation_ss_side.gif,False,True
WARNING,annotator_or_channel_disagreement,old-data-local,P-202p397397496_VX-0p555230188132_LS-4p52196790327e-05_ST-397p348654616_M-TI64_XI-0p0002_XF-0p0014_XL-0p0012_TE-0p0021_DT-8p68850560746e-06_H-0011cc30ec,[67],[32977],label_1 differs from label_2 in 1 frames; identities are unavailable,P-202p397397496_VX-0p555230188132_LS-4p52196790327e-05_ST-397p348654616_M-TI64_XI-0p0002_XF-0p0014_XL-0p0012_TE-0p0021_DT-8p68850560746e-06_H-0011cc30ec/gif_files/animation_ss_side.gif,False,True
WARNING,annotator_or_channel_disagreement,old-data-local,P-202p894942483_VX-0p693798608043_LS-7p43333938026e-05_ST-353p442501329_M-TI64_XI-0p0002_XF-0p0014_XL-0p0012_TE-0p0021_DT-6p95320017522e-06_H-4852b0403a,"[68,69,240,241,242]","[27149,27532,93769,94152,94534]",label_1 differs from label_2 in 5 frames; identities are unavailable,P-202p894942483_VX-0p693798608043_LS-7p43333938026e-05_ST-353p442501329_M-TI64_XI-0p0002_XF-0p0014_XL-0p0012_TE-0p0021_DT-6p95320017522e-06_H-4852b0403a/gif_files/animation_ss_side.gif,False,True
WARNING,annotator_or_channel_disagreement,old-data-local,P-203p421420958_VX-0p245041839826_LS-7p55920229368e-05_ST-393p123734832_M-TI64_XI-0p0002_XF-0p0014_XL-0p0012_TE-0p0021_DT-1p96869261447e-05_H-4852b0403a,"[69,70]","[74764,75848]",label_1 differs from label_2 in 2 frames; identities are unavailable,P-203p421420958_VX-0p245041839826_LS-7p55920229368e-05_ST-393p123734832_M-TI64_XI-0p0002_XF-0p0014_XL-0p0012_TE-0p0021_DT-1p96869261447e-05_H-4852b0403a/gif_files/animation_ss_side.gif,False,True
WARNING,annotator_or_channel_disagreement,old-data-local,P-206p272219756_VX-0p781444456167_LS-4p98713368602e-05_ST-399p182507166_M-TI64_XI-0p0002_XF-0p0014_XL-0p0012_TE-0p0021_DT-6p17333780404e-06_H-16cfaf1a76,"[77,78,245]","[26480,26820,83588]",label_1 differs from label_2 in 3 frames; identities are unavailable,P-206p272219756_VX-0p781444456167_LS-4p98713368602e-05_ST-399p182507166_M-TI64_XI-0p0002_XF-0p0014_XL-0p0012_TE-0p0021_DT-6p17333780404e-06_H-16cfaf1a76/gif_files/animation_ss_side.gif,False,True
WARNING,annotator_or_channel_disagreement,old-data-local,P-207p687789994_VX-0p40901295179_LS-7p09627718894e-05_ST-395p011679_M-TI64_XI-0p0002_XF-0p0014_XL-0p0012_TE-0p0021_DT-1p17945424024e-05_H-d9444347fb,"[73,74]","[48674,49324]",label_1 differs from label_2 in 2 frames; identities are unavailable,P-207p687789994_VX-0p40901295179_LS-7p09627718894e-05_ST-395p011679_M-TI64_XI-0p0002_XF-0p0014_XL-0p0012_TE-0p0021_DT-1p17945424024e-05_H-d9444347fb/gif_files/animation_ss_side.gif,False,True
WARNING,annotator_or_channel_disagreement,old-data-local,P-209p697266982_VX-0p34452106985_LS-7p55711119508e-05_ST-302p470939697_M-TI64_XI-0p0002_XF-0p0014_XL-0p0012_TE-0p0021_DT-1p4002396443e-05_H-b40dbd8ddd,"[73,74,75,76]","[56250,57021,57792,58563]",label_1 differs from label_2 in 4 frames; identities are unavailable,P-209p697266982_VX-0p34452106985_LS-7p55711119508e-05_ST-302p470939697_M-TI64_XI-0p0002_XF-0p0014_XL-0p0012_TE-0p0021_DT-1p4002396443e-05_H-b40dbd8ddd/gif_files/animation_ss_side.gif,False,True
WARNING,annotator_or_channel_disagreement,old-data-local,P-209p90265043_VX-0p477857533217_LS-8p77962223972e-05_ST-386p665335025_M-TI64_XI-0p0002_XF-0p0014_XL-0p0012_TE-0p0021_DT-1p00953114007e-05_H-0011cc30ec,"[79,80,81]","[44436,44992,45548]",label_1 differs from label_2 in 3 frames; identities are unavailable,P-209p90265043_VX-0p477857533217_LS-8p77962223972e-05_ST-386p665335025_M-TI64_XI-0p0002_XF-0p0014_XL-0p0012_TE-0p0021_DT-1p00953114007e-05_H-0011cc30ec/gif_files/animation_ss_side.gif,False,True
WARNING,annotator_or_channel_disagreement,old-data-local,P-210p093044543_VX-0p812610384047_LS-5p18819698292e-05_ST-390p525668596_M-TI64_XI-0p0002_XF-0p0014_XL-0p0012_TE-0p0021_DT-5p93657267704e-06_H-d9be003c20,"[245,246,247,248,249]","[80708,81034,81361,81688,82015]",label_1 differs from label_2 in 5 frames; identities are unavailable,P-210p093044543_VX-0p812610384047_LS-5p18819698292e-05_ST-390p525668596_M-TI64_XI-0p0002_XF-0p0014_XL-0p0012_TE-0p0021_DT-5p93657267704e-06_H-d9be003c20/gif_files/animation_ss_side.gif,False,True
WARNING,annotator_or_channel_disagreement,old-data-local,P-211p816522505_VX-0p520710876808_LS-4p80782604054e-05_ST-318p660442183_M-TI64_XI-0p0002_XF-0p0014_XL-0p0012_TE-0p0021_DT-9p26448979247e-06_H-5a4acb0e81,"[72,73,74,75,78,79,80,81,82,83,84,85,86,87,88,89,90,91,92,93,94,95,96]","[36695,37206,37716,38226,39756,40266,40777,41287,41797,42307,42817,43327,43837,44348,44858,45368,45878,46388,46898,47408,47918,48429,48939]",label_1 differs from label_2 in 23 frames; identities are unavailable,P-211p816522505_VX-0p520710876808_LS-4p80782604054e-05_ST-318p660442183_M-TI64_XI-0p0002_XF-0p0014_XL-0p0012_TE-0p0021_DT-9p26448979247e-06_H-5a4acb0e81/gif_files/animation_ss_side.gif,False,True
WARNING,annotator_or_channel_disagreement,old-data-local,P-212p092538093_VX-0p79096361392_LS-7p95278191784e-05_ST-347p757246585_M-TI64_XI-0p0002_XF-0p0014_XL-0p0012_TE-0p0021_DT-6p09904238086e-06_H-b40dbd8ddd,"[76,77,78,232,233]","[25491,25827,26162,78551,78887]",label_1 differs from label_2 in 5 frames; identities are unavailable,P-212p092538093_VX-0p79096361392_LS-7p95278191784e-05_ST-347p757246585_M-TI64_XI-0p0002_XF-0p0014_XL-0p0012_TE-0p0021_DT-6p09904238086e-06_H-b40dbd8ddd/gif_files/animation_ss_side.gif,False,True
WARNING,annotator_or_channel_disagreement,old-data-local,P-212p375773305_VX-0p288263650586_LS-8p35116649465e-05_ST-312p800399692_M-TI64_XI-0p0002_XF-0p0014_XL-0p0012_TE-0p0021_DT-1p67350985572e-05_H-bf3689621a,"[73,74]","[67235,68156]",label_1 differs from label_2 in 2 frames; identities are unavailable,P-212p375773305_VX-0p288263650586_LS-8p35116649465e-05_ST-312p800399692_M-TI64_XI-0p0002_XF-0p0014_XL-0p0012_TE-0p0021_DT-1p67350985572e-05_H-bf3689621a/gif_files/animation_ss_side.gif,False,True
WARNING,annotator_or_channel_disagreement,old-data-local,P-218p135837307_VX-0p411781802704_LS-5p72773552436e-05_ST-307p427986374_M-TI64_XI-0p0002_XF-0p0014_XL-0p0012_TE-0p0021_DT-1p17152350379e-05_H-b40dbd8ddd,"[70,71,72]","[47057,47702,48347]",label_1 differs from label_2 in 3 frames; identities are unavailable,P-218p135837307_VX-0p411781802704_LS-5p72773552436e-05_ST-307p427986374_M-TI64_XI-0p0002_XF-0p0014_XL-0p0012_TE-0p0021_DT-1p17152350379e-05_H-b40dbd8ddd/gif_files/animation_ss_side.gif,False,True
WARNING,annotator_or_channel_disagreement,old-data-local,P-218p170294814_VX-0p856055229722_LS-8p4878396046e-05_ST-374p889107005_M-TI64_XI-0p0002_XF-0p0014_XL-0p0012_TE-0p0021_DT-5p63529131711e-06_H-73846c96ef,"[73,74,75,76,242,243]","[23244,23554,23863,24173,75679,75989]",label_1 differs from label_2 in 6 frames; identities are unavailable,P-218p170294814_VX-0p856055229722_LS-8p4878396046e-05_ST-374p889107005_M-TI64_XI-0p0002_XF-0p0014_XL-0p0012_TE-0p0021_DT-5p63529131711e-06_H-73846c96ef/gif_files/animation_ss_side.gif,False,True
WARNING,annotator_or_channel_disagreement,old-data-local,P-218p315594294_VX-0p70315782783_LS-8p24115302242e-05_ST-319p105471156_M-TI64_XI-0p0002_XF-0p0014_XL-0p0012_TE-0p0021_DT-6p86065121098e-06_H-6c8dbbeedf,"[32,33,34,35,36,37,38,39,40,41,42,43,44,45,46,47,48,49,50,51,52,53,79,80,81,82,83,84,85,86,87,88,89,90,91,92,93]","[12454,12832,13209,13964,14341,14718,15095,15472,15850,16227,16604,16981,17358,17736,18113,18490,18867,19244,19621,19999,20376,20753,30565,30943,31321,31698,32076,32454,32832,33210,33587,33965,34343,34721,35098,35476,35854]",label_1 differs from label_2 in 37 frames; identities are unavailable,P-218p315594294_VX-0p70315782783_LS-8p24115302242e-05_ST-319p105471156_M-TI64_XI-0p0002_XF-0p0014_XL-0p0012_TE-0p0021_DT-6p86065121098e-06_H-6c8dbbeedf/gif_files/animation_ss_side.gif,False,True
WARNING,annotator_or_channel_disagreement,old-data-local,P-218p361623288_VX-0p747470791734_LS-7p1375293786e-05_ST-300p016423613_M-TI64_XI-0p0002_XF-0p0014_XL-0p0012_TE-0p0021_DT-6p45392523208e-06_H-a55a682ac9,[243],[87744],label_1 differs from label_2 in 1 frames; identities are unavailable,P-218p361623288_VX-0p747470791734_LS-7p1375293786e-05_ST-300p016423613_M-TI64_XI-0p0002_XF-0p0014_XL-0p0012_TE-0p0021_DT-6p45392523208e-06_H-a55a682ac9/gif_files/animation_ss_side.gif,False,True
WARNING,annotator_or_channel_disagreement,old-data-local,P-218p521967876_VX-0p920050491887_LS-7p11545742791e-05_ST-300p883630406_M-TI64_XI-0p0002_XF-0p0014_XL-0p0012_TE-0p0021_DT-5p24332158458e-06_H-7931c20f4a,"[77,249,396]","[22781,72722,115599]",label_1 differs from label_2 in 3 frames; identities are unavailable,P-218p521967876_VX-0p920050491887_LS-7p11545742791e-05_ST-300p883630406_M-TI64_XI-0p0002_XF-0p0014_XL-0p0012_TE-0p0021_DT-5p24332158458e-06_H-7931c20f4a/gif_files/animation_ss_side.gif,False,True
WARNING,annotator_or_channel_disagreement,old-data-local,P-218p846041052_VX-0p877499363134_LS-5p6186595533e-05_ST-332p098243358_M-TI64_XI-0p0002_XF-0p0014_XL-0p0012_TE-0p0021_DT-5p49757732676e-06_H-27d926f040,"[80,81]","[24489,24792]",label_1 differs from label_2 in 2 frames; identities are unavailable,P-218p846041052_VX-0p877499363134_LS-5p6186595533e-05_ST-332p098243358_M-TI64_XI-0p0002_XF-0p0014_XL-0p0012_TE-0p0021_DT-5p49757732676e-06_H-27d926f040/gif_files/animation_ss_side.gif,False,True
WARNING,annotator_or_channel_disagreement,old-data-local,P-219p728507107_VX-0p99152217595_LS-6p49667790705e-05_ST-393p045172137_M-TI64_XI-0p0002_XF-0p0014_XL-0p0012_TE-0p0021_DT-4p86536833974e-06_H-765e346b33,"[78,79,244,245]","[21407,21674,66138,66406]",label_1 differs from label_2 in 4 frames; identities are unavailable,P-219p728507107_VX-0p99152217595_LS-6p49667790705e-05_ST-393p045172137_M-TI64_XI-0p0002_XF-0p0014_XL-0p0012_TE-0p0021_DT-4p86536833974e-06_H-765e346b33/gif_files/animation_ss_side.gif,False,True
WARNING,annotator_or_channel_disagreement,old-data-local,P-220p072225453_VX-0p425314653287_LS-7p24382024748e-05_ST-381p760927113_M-TI64_XI-0p0002_XF-0p0014_XL-0p0012_TE-0p0021_DT-1p1342474485e-05_H-ba17ade68b,"[75,76,77,78,79,80,81]","[48681,49306,49930,50555,51179,51804,52428]",label_1 differs from label_2 in 7 frames; identities are unavailable,P-220p072225453_VX-0p425314653287_LS-7p24382024748e-05_ST-381p760927113_M-TI64_XI-0p0002_XF-0p0014_XL-0p0012_TE-0p0021_DT-1p1342474485e-05_H-ba17ade68b/gif_files/animation_ss_side.gif,False,True
WARNING,annotator_or_channel_disagreement,old-data-local,P-220p256246323_VX-0p736244453131_LS-5p8651582992e-05_ST-358p758060614_M-TI64_XI-0p0002_XF-0p0014_XL-0p0012_TE-0p00125_DT-8p75110568607e-06_H-bf889bf790,"[60,61,62]","[29360,29841,30323]",label_1 differs from label_2 in 3 frames; identities are unavailable,P-220p256246323_VX-0p736244453131_LS-5p8651582992e-05_ST-358p758060614_M-TI64_XI-0p0002_XF-0p0014_XL-0p0012_TE-0p00125_DT-8p75110568607e-06_H-bf889bf790/gif_files/animation_ss_side.gif,False,True
WARNING,annotator_or_channel_disagreement,old-data-local,P-220p462707704_VX-0p946752122114_LS-8p2300511791e-05_ST-313p968629329_M-TI64_XI-0p0002_XF-0p0014_XL-0p0012_TE-0p0021_DT-5p0954420807e-06_H-b41989dc4b,"[84,85,86,87,88,89,90,91,92,93,94,246,247,248,249,250,251,252]","[23819,24099,24379,24660,24940,25220,25500,25780,26060,26340,26620,70390,70670,70951,71232,71512,71793,72073]",label_1 differs from label_2 in 18 frames; identities are unavailable,P-220p462707704_VX-0p946752122114_LS-8p2300511791e-05_ST-313p968629329_M-TI64_XI-0p0002_XF-0p0014_XL-0p0012_TE-0p0021_DT-5p0954420807e-06_H-b41989dc4b/gif_files/animation_ss_side.gif,False,True
WARNING,annotator_or_channel_disagreement,old-data-local,P-221p576145741_VX-0p645163458122_LS-7p3903246332e-05_ST-318p590626589_M-TI64_XI-0p0002_XF-0p0014_XL-0p0012_TE-0p00125_DT-9p98654362553e-06_H-bf889bf790,"[57,58,59,60]","[31310,31860,32409,32959]",label_1 differs from label_2 in 4 frames; identities are unavailable,P-221p576145741_VX-0p645163458122_LS-7p3903246332e-05_ST-318p590626589_M-TI64_XI-0p0002_XF-0p0014_XL-0p0012_TE-0p00125_DT-9p98654362553e-06_H-bf889bf790/gif_files/animation_ss_side.gif,False,True
WARNING,annotator_or_channel_disagreement,old-data-local,P-223p185978023_VX-0p49812515056_LS-8p14092862216e-05_ST-313p14559396_M-TI64_XI-0p0002_XF-0p0014_XL-0p0012_TE-0p0021_DT-9p68455537246e-06_H-b40dbd8ddd,"[71,72,73,74,75,76,77,78,79]","[37828,38361,38894,39427,39961,40494,41027,41560,42094]",label_1 differs from label_2 in 9 frames; identities are unavailable,P-223p185978023_VX-0p49812515056_LS-8p14092862216e-05_ST-313p14559396_M-TI64_XI-0p0002_XF-0p0014_XL-0p0012_TE-0p0021_DT-9p68455537246e-06_H-b40dbd8ddd/gif_files/animation_ss_side.gif,False,True
WARNING,annotator_or_channel_disagreement,old-data-local,P-225p435545826_VX-0p86531734725_LS-6p64530039846e-05_ST-364p26873014_M-TI64_XI-0p0002_XF-0p0014_XL-0p0012_TE-0p0021_DT-5p57497271764e-06_H-d9fce10048,"[76,77,78,79,243]","[23608,23915,24221,24528,75482]",label_1 differs from label_2 in 5 frames; identities are unavailable,P-225p435545826_VX-0p86531734725_LS-6p64530039846e-05_ST-364p26873014_M-TI64_XI-0p0002_XF-0p0014_XL-0p0012_TE-0p0021_DT-5p57497271764e-06_H-d9fce10048/gif_files/animation_ss_side.gif,False,True
WARNING,annotator_or_channel_disagreement,old-data-local,P-226p380431899_VX-0p944850720806_LS-5p28066961668e-05_ST-329p382817534_M-TI64_XI-0p0002_XF-0p0014_XL-0p0012_TE-0p0021_DT-5p10569606054e-06_H-5637cba0f4,"[73,243]","[21060,68845]",label_1 differs from label_2 in 2 frames; identities are unavailable,P-226p380431899_VX-0p944850720806_LS-5p28066961668e-05_ST-329p382817534_M-TI64_XI-0p0002_XF-0p0014_XL-0p0012_TE-0p0021_DT-5p10569606054e-06_H-5637cba0f4/gif_files/animation_ss_side.gif,False,True
WARNING,annotator_or_channel_disagreement,old-data-local,P-227p786589532_VX-0p30483440954_LS-7p3391662288e-05_ST-359p259536614_M-TI64_XI-0p0002_XF-0p0014_XL-0p0012_TE-0p0021_DT-1p58253807708e-05_H-180177fd7b,[71],[61835],label_1 differs from label_2 in 1 frames; identities are unavailable,P-227p786589532_VX-0p30483440954_LS-7p3391662288e-05_ST-359p259536614_M-TI64_XI-0p0002_XF-0p0014_XL-0p0012_TE-0p0021_DT-1p58253807708e-05_H-180177fd7b/gif_files/animation_ss_side.gif,False,True
WARNING,annotator_or_channel_disagreement,old-data-local,P-228p027925635_VX-0p505215249994_LS-8p46696228038e-05_ST-384p613421136_M-TI64_XI-0p0002_XF-0p0014_XL-0p0012_TE-0p0021_DT-9p54864407413e-06_H-8eb307dfff,"[69,70]","[37296,37822]",label_1 differs from label_2 in 2 frames; identities are unavailable,P-228p027925635_VX-0p505215249994_LS-8p46696228038e-05_ST-384p613421136_M-TI64_XI-0p0002_XF-0p0014_XL-0p0012_TE-0p0021_DT-9p54864407413e-06_H-8eb307dfff/gif_files/animation_ss_side.gif,False,True
WARNING,annotator_or_channel_disagreement,old-data-local,P-228p959503311_VX-0p480404321045_LS-6p0796636822e-05_ST-336p115873803_M-TI64_XI-0p0002_XF-0p0014_XL-0p0012_TE-0p0021_DT-1p00417926977e-05_H-ba17ade68b,"[70,163,164,165,166,167,168,169,170,171,172,173,174,175,176,177,178,182]","[39777,91200,91753,92306,92859,93412,93965,94518,95071,95624,96177,96730,97283,97835,98388,98941,99494,101706]",label_1 differs from label_2 in 18 frames; identities are unavailable,P-228p959503311_VX-0p480404321045_LS-6p0796636822e-05_ST-336p115873803_M-TI64_XI-0p0002_XF-0p0014_XL-0p0012_TE-0p0021_DT-1p00417926977e-05_H-ba17ade68b/gif_files/animation_ss_side.gif,False,True
WARNING,annotator_or_channel_disagreement,old-data-local,P-229p384485496_VX-0p374546448601_LS-5p61892687884e-05_ST-346p005476369_M-TI64_XI-0p0002_XF-0p0014_XL-0p0012_TE-0p0021_DT-1p28798994652e-05_H-f404b6f8f4,"[67,68,69,70]","[48192,48901,49611,50320]",label_1 differs from label_2 in 4 frames; identities are unavailable,P-229p384485496_VX-0p374546448601_LS-5p61892687884e-05_ST-346p005476369_M-TI64_XI-0p0002_XF-0p0014_XL-0p0012_TE-0p0021_DT-1p28798994652e-05_H-f404b6f8f4/gif_files/animation_ss_side.gif,False,True
WARNING,annotator_or_channel_disagreement,old-data-local,P-229p39632192_VX-0p478464286668_LS-6p73160020334e-05_ST-313p601802213_M-TI64_XI-0p0002_XF-0p0014_XL-0p0012_TE-0p0021_DT-1p00825092644e-05_H-73ae961aa0,"[73,74,75]","[40494,41049,41604]",label_1 differs from label_2 in 3 frames; identities are unavailable,P-229p39632192_VX-0p478464286668_LS-6p73160020334e-05_ST-313p601802213_M-TI64_XI-0p0002_XF-0p0014_XL-0p0012_TE-0p0021_DT-1p00825092644e-05_H-73ae961aa0/gif_files/animation_ss_side.gif,False,True
WARNING,annotator_or_channel_disagreement,old-data-local,P-232p272231119_VX-0p829414389208_LS-6p88203473429e-05_ST-337p761722106_M-TI64_XI-0p0002_XF-0p0014_XL-0p0012_TE-0p0021_DT-5p81629721619e-06_H-24e0a43587,"[77,78,79,80,243,244,245,246,247,248,249]","[24630,24949,25269,25589,79072,79392,79712,80032,80353,80673,80993]",label_1 differs from label_2 in 11 frames; identities are unavailable,P-232p272231119_VX-0p829414389208_LS-6p88203473429e-05_ST-337p761722106_M-TI64_XI-0p0002_XF-0p0014_XL-0p0012_TE-0p0021_DT-5p81629721619e-06_H-24e0a43587/gif_files/animation_ss_side.gif,False,True
WARNING,annotator_or_channel_disagreement,old-data-local,P-234p126702838_VX-0p687075747958_LS-6p17120592739e-05_ST-378p601004081_M-TI64_XI-0p0002_XF-0p0014_XL-0p0012_TE-0p0021_DT-7p02123545672e-06_H-9aef4c9512,"[70,244]","[27415,94686]",label_1 differs from label_2 in 2 frames; identities are unavailable,P-234p126702838_VX-0p687075747958_LS-6p17120592739e-05_ST-378p601004081_M-TI64_XI-0p0002_XF-0p0014_XL-0p0012_TE-0p0021_DT-7p02123545672e-06_H-9aef4c9512/gif_files/animation_ss_side.gif,False,True
WARNING,annotator_or_channel_disagreement,old-data-local,P-236p763849841_VX-0p800191513041_LS-6p78517796151e-05_ST-355p994293515_M-TI64_XI-0p0002_XF-0p0014_XL-0p0012_TE-0p0021_DT-6p02870753363e-06_H-eb41f0639c,"[74,75]","[24535,24866]",label_1 differs from label_2 in 2 frames; identities are unavailable,P-236p763849841_VX-0p800191513041_LS-6p78517796151e-05_ST-355p994293515_M-TI64_XI-0p0002_XF-0p0014_XL-0p0012_TE-0p0021_DT-6p02870753363e-06_H-eb41f0639c/gif_files/animation_ss_side.gif,False,True
WARNING,annotator_or_channel_disagreement,old-data-local,P-237p061390501_VX-0p937687434899_LS-4p7428723532e-05_ST-371p522412287_M-TI64_XI-0p0002_XF-0p0014_XL-0p0012_TE-0p0021_DT-5p14470006046e-06_H-6445dc47a6,"[66,67,68,69]","[19241,19524,19807,20090]",label_1 differs from label_2 in 4 frames; identities are unavailable,P-237p061390501_VX-0p937687434899_LS-4p7428723532e-05_ST-371p522412287_M-TI64_XI-0p0002_XF-0p0014_XL-0p0012_TE-0p0021_DT-5p14470006046e-06_H-6445dc47a6/gif_files/animation_ss_side.gif,False,True
WARNING,annotator_or_channel_disagreement,old-data-local,P-237p334710533_VX-0p878374904385_LS-5p83506544001e-05_ST-382p29609677_M-TI64_XI-0p0002_XF-0p0014_XL-0p0012_TE-0p0021_DT-5p49209748472e-06_H-8773df93d2,"[69,70,71]","[21144,21446,21748]",label_1 differs from label_2 in 3 frames; identities are unavailable,P-237p334710533_VX-0p878374904385_LS-5p83506544001e-05_ST-382p29609677_M-TI64_XI-0p0002_XF-0p0014_XL-0p0012_TE-0p0021_DT-5p49209748472e-06_H-8773df93d2/gif_files/animation_ss_side.gif,False,True
WARNING,annotator_or_channel_disagreement,old-data-local,P-238p319282705_VX-0p253960262605_LS-5p92121677448e-05_ST-384p128817665_M-TI64_XI-0p0002_XF-0p0014_XL-0p0012_TE-0p0021_DT-1p89955725889e-05_H-452de4062d,"[58,59,60,61,62]","[60632,61678,62724,63769,64815]",label_1 differs from label_2 in 5 frames; identities are unavailable,P-238p319282705_VX-0p253960262605_LS-5p92121677448e-05_ST-384p128817665_M-TI64_XI-0p0002_XF-0p0014_XL-0p0012_TE-0p0021_DT-1p89955725889e-05_H-452de4062d/gif_files/animation_ss_side.gif,False,True
WARNING,annotator_or_channel_disagreement,old-data-local,P-238p568860016_VX-0p692328357435_LS-6p05159821767e-05_ST-343p889085336_M-TI64_XI-0p0002_XF-0p0014_XL-0p0012_TE-0p0021_DT-6p96796621315e-06_H-eb41f0639c,"[71,241]","[27591,93200]",label_1 differs from label_2 in 2 frames; identities are unavailable,P-238p568860016_VX-0p692328357435_LS-6p05159821767e-05_ST-343p889085336_M-TI64_XI-0p0002_XF-0p0014_XL-0p0012_TE-0p0021_DT-6p96796621315e-06_H-eb41f0639c/gif_files/animation_ss_side.gif,False,True
WARNING,annotator_or_channel_disagreement,old-data-local,P-240p150803131_VX-0p464417169926_LS-7p86781365033e-05_ST-312p042470117_M-TI64_XI-0p0002_XF-0p0014_XL-0p0012_TE-0p0021_DT-1p03874725471e-05_H-0744488b5e,"[72,73]","[41148,41720]",label_1 differs from label_2 in 2 frames; identities are unavailable,P-240p150803131_VX-0p464417169926_LS-7p86781365033e-05_ST-312p042470117_M-TI64_XI-0p0002_XF-0p0014_XL-0p0012_TE-0p0021_DT-1p03874725471e-05_H-0744488b5e/gif_files/animation_ss_side.gif,False,True
WARNING,annotator_or_channel_disagreement,old-data-local,P-242p540096613_VX-0p410466748632_LS-6p92043418329e-05_ST-378p456653244_M-TI64_XI-0p0002_XF-0p0014_XL-0p0012_TE-0p0021_DT-1p1752768328e-05_H-f4a4199ba7,"[66,67,68]","[44619,45266,45913]",label_1 differs from label_2 in 3 frames; identities are unavailable,P-242p540096613_VX-0p410466748632_LS-6p92043418329e-05_ST-378p456653244_M-TI64_XI-0p0002_XF-0p0014_XL-0p0012_TE-0p0021_DT-1p1752768328e-05_H-f4a4199ba7/gif_files/animation_ss_side.gif,False,True
WARNING,annotator_or_channel_disagreement,old-data-local,P-243p936893462_VX-0p545516283598_LS-5p6904291389e-05_ST-360p082453969_M-TI64_XI-0p0002_XF-0p0014_XL-0p0012_TE-0p0021_DT-8p84322017154e-06_H-e0ed0fec98,"[70,71,72,73,74,75,111]","[34051,34538,35025,35512,35999,36486,54016]",label_1 differs from label_2 in 7 frames; identities are unavailable,P-243p936893462_VX-0p545516283598_LS-5p6904291389e-05_ST-360p082453969_M-TI64_XI-0p0002_XF-0p0014_XL-0p0012_TE-0p0021_DT-8p84322017154e-06_H-e0ed0fec98/gif_files/animation_ss_side.gif,False,True
WARNING,annotator_or_channel_disagreement,old-data-local,P-244p346847818_VX-0p692297386822_LS-7p87344285445e-05_ST-312p797130588_M-TI64_XI-0p0002_XF-0p0014_XL-0p0012_TE-0p0021_DT-6p96827793206e-06_H-9bd689b964,[70],[27976],label_1 differs from label_2 in 1 frames; identities are unavailable,P-244p346847818_VX-0p692297386822_LS-7p87344285445e-05_ST-312p797130588_M-TI64_XI-0p0002_XF-0p0014_XL-0p0012_TE-0p0021_DT-6p96827793206e-06_H-9bd689b964/gif_files/animation_ss_side.gif,False,True
WARNING,annotator_or_channel_disagreement,old-data-local,P-244p476502118_VX-0p49526990633_LS-8p73976519147e-05_ST-336p403249939_M-TI64_XI-0p0002_XF-0p0014_XL-0p0012_TE-0p0021_DT-9p74038709269e-06_H-f06f0c9a83,"[67,68,69,70,71,72,73,74,75]","[35900,36437,36973,37510,38046,38582,39119,39655,40191]",label_1 differs from label_2 in 9 frames; identities are unavailable,P-244p476502118_VX-0p49526990633_LS-8p73976519147e-05_ST-336p403249939_M-TI64_XI-0p0002_XF-0p0014_XL-0p0012_TE-0p0021_DT-9p74038709269e-06_H-f06f0c9a83/gif_files/animation_ss_side.gif,False,True
WARNING,annotator_or_channel_disagreement,old-data-local,P-246p351544569_VX-0p710899222357_LS-7p68583817855e-05_ST-368p835081824_M-TI64_XI-0p0002_XF-0p0014_XL-0p0012_TE-0p0021_DT-6p78594159524e-06_H-f404b6f8f4,"[72,73,74,242]","[27243,27616,27990,91139]",label_1 differs from label_2 in 4 frames; identities are unavailable,P-246p351544569_VX-0p710899222357_LS-7p68583817855e-05_ST-368p835081824_M-TI64_XI-0p0002_XF-0p0014_XL-0p0012_TE-0p0021_DT-6p78594159524e-06_H-f404b6f8f4/gif_files/animation_ss_side.gif,False,True
WARNING,annotator_or_channel_disagreement,old-data-local,P-247p324665735_VX-0p977977830338_LS-8p14476523525e-05_ST-343p514293063_M-TI64_XI-0p0002_XF-0p0014_XL-0p0012_TE-0p0021_DT-4p93275047078e-06_H-b40dbd8ddd,"[76,77,78,79,80,81,245]","[21432,21703,21974,22245,22517,22788,67598]",label_1 differs from label_2 in 7 frames; identities are unavailable,P-247p324665735_VX-0p977977830338_LS-8p14476523525e-05_ST-343p514293063_M-TI64_XI-0p0002_XF-0p0014_XL-0p0012_TE-0p0021_DT-4p93275047078e-06_H-b40dbd8ddd/gif_files/animation_ss_side.gif,False,True
WARNING,annotator_or_channel_disagreement,old-data-local,P-248p695097131_VX-0p887957223036_LS-5p04400481913e-05_ST-333p269518536_M-TI64_XI-0p0002_XF-0p0014_XL-0p0012_TE-0p00125_DT-7p25592725977e-06_H-bf889bf790,"[52,53]","[20751,21150]",label_1 differs from label_2 in 2 frames; identities are unavailable,P-248p695097131_VX-0p887957223036_LS-5p04400481913e-05_ST-333p269518536_M-TI64_XI-0p0002_XF-0p0014_XL-0p0012_TE-0p00125_DT-7p25592725977e-06_H-bf889bf790/gif_files/animation_ss_side.gif,False,True
WARNING,annotator_or_channel_disagreement,old-data-local,P-52p5445860993_VX-0p633129978235_LS-4p5e-05_ST-300_M-TI64_XI--0p0002_XF-0p0012_XL-0p0014_TE-0p00125_DT-2p95323714861e-06_H-306f9d252b,"[41,42,43,44,45,46,47,48,49,50,51,52,53,54,55,56]","[6822,6985,7147,7310,7472,7635,7797,7960,8122,8285,8447,8610,8772,8935,9097,9260]",label_1 differs from label_2 in 16 frames; identities are unavailable,P-52p5445860993_VX-0p633129978235_LS-4p5e-05_ST-300_M-TI64_XI--0p0002_XF-0p0012_XL-0p0014_TE-0p00125_DT-2p95323714861e-06_H-306f9d252b/gif_files/animation_ss_side.gif,False,True
WARNING,annotator_or_channel_disagreement,old-data-local,P-53p4525830151_VX-0p394191978834_LS-4p5e-05_ST-300_M-TI64_XI--0p0002_XF-0p0012_XL-0p0014_TE-0p00125_DT-4p7433308439e-06_H-306f9d252b,"[29,30,31]","[7566,7827,8088]",label_1 differs from label_2 in 3 frames; identities are unavailable,P-53p4525830151_VX-0p394191978834_LS-4p5e-05_ST-300_M-TI64_XI--0p0002_XF-0p0012_XL-0p0014_TE-0p00125_DT-4p7433308439e-06_H-306f9d252b/gif_files/animation_ss_side.gif,False,True
WARNING,annotator_or_channel_disagreement,old-data-local,P-55p2363598851_VX-0p252312006514_LS-4p5e-05_ST-300_M-TI64_XI--0p0002_XF-0p0012_XL-0p0014_TE-0p00125_DT-7p41059847866e-06_H-fb250c7cf9,"[42,43,44,45,46]","[17119,17527,17934,18342,18749]",label_1 differs from label_2 in 5 frames; identities are unavailable,P-55p2363598851_VX-0p252312006514_LS-4p5e-05_ST-300_M-TI64_XI--0p0002_XF-0p0012_XL-0p0014_TE-0p00125_DT-7p41059847866e-06_H-fb250c7cf9/gif_files/animation_ss_side.gif,False,True
WARNING,annotator_or_channel_disagreement,old-data-local,P-59p3859586774_VX-0p222677981218_LS-4p5e-05_ST-300_M-TI64_XI--0p0002_XF-0p0012_XL-0p0014_TE-0p00125_DT-8p39680224058e-06_H-306f9d252b,"[55,56,57,58,59,60,61,62]","[25398,25859,26321,26783,27245,27707,28169,28632]",label_1 differs from label_2 in 8 frames; identities are unavailable,P-59p3859586774_VX-0p222677981218_LS-4p5e-05_ST-300_M-TI64_XI--0p0002_XF-0p0012_XL-0p0014_TE-0p00125_DT-8p39680224058e-06_H-306f9d252b/gif_files/animation_ss_side.gif,False,True
WARNING,annotator_or_channel_disagreement,old-data-local,P-63p4364244112_VX-0p87794698955_LS-4p5e-05_ST-300_M-TI64_XI--0p0002_XF-0p0012_XL-0p0014_TE-0p00125_DT-2p12972194663e-06_H-306f9d252b,"[46,47,48,49,50,51]","[5506,5623,5740,5857,5974,6091]",label_1 differs from label_2 in 6 frames; identities are unavailable,P-63p4364244112_VX-0p87794698955_LS-4p5e-05_ST-300_M-TI64_XI--0p0002_XF-0p0012_XL-0p0014_TE-0p00125_DT-2p12972194663e-06_H-306f9d252b/gif_files/animation_ss_side.gif,False,True
WARNING,annotator_or_channel_disagreement,old-data-local,P-67p3007401579_VX-0p639039009111_LS-4p5e-05_ST-300_M-TI64_XI--0p0002_XF-0p0012_XL-0p0014_TE-0p00125_DT-2p92592931724e-06_H-306f9d252b,"[48,49,50]","[7725,7886,8047]",label_1 differs from label_2 in 3 frames; identities are unavailable,P-67p3007401579_VX-0p639039009111_LS-4p5e-05_ST-300_M-TI64_XI--0p0002_XF-0p0012_XL-0p0014_TE-0p00125_DT-2p92592931724e-06_H-306f9d252b/gif_files/animation_ss_side.gif,False,True
WARNING,annotator_or_channel_disagreement,old-data-local,P-71p6599397131_VX-0p537693260466_LS-4p5e-05_ST-300_M-TI64_XI--0p0002_XF-0p0012_XL-0p0014_TE-0p00125_DT-3p47741567376e-06_H-306f9d252b,"[54,55,56]","[10329,10521,10712]",label_1 differs from label_2 in 3 frames; identities are unavailable,P-71p6599397131_VX-0p537693260466_LS-4p5e-05_ST-300_M-TI64_XI--0p0002_XF-0p0012_XL-0p0014_TE-0p00125_DT-3p47741567376e-06_H-306f9d252b/gif_files/animation_ss_side.gif,False,True
WARNING,annotator_or_channel_disagreement,old-data-local,P-71p8781037338_VX-0p56768277259_LS-4p5e-05_ST-300_M-TI64_XI--0p0002_XF-0p0012_XL-0p0014_TE-0p00125_DT-3p29371096306e-06_H-306f9d252b,[47],[8515],label_1 differs from label_2 in 1 frames; identities are unavailable,P-71p8781037338_VX-0p56768277259_LS-4p5e-05_ST-300_M-TI64_XI--0p0002_XF-0p0012_XL-0p0014_TE-0p00125_DT-3p29371096306e-06_H-306f9d252b/gif_files/animation_ss_side.gif,False,True
WARNING,annotator_or_channel_disagreement,old-data-local,P-72p876222127_VX-0p956216556443_LS-4p5e-05_ST-300_M-TI64_XI--0p0002_XF-0p0012_XL-0p0014_TE-0p00125_DT-1p95539698515e-06_H-306f9d252b,"[627,628,629,630,631,632,633,634,635,636]","[67475,67583,67691,67798,67906,68014,68121,68337,68444,68552]",label_1 differs from label_2 in 10 frames; identities are unavailable,P-72p876222127_VX-0p956216556443_LS-4p5e-05_ST-300_M-TI64_XI--0p0002_XF-0p0012_XL-0p0014_TE-0p00125_DT-1p95539698515e-06_H-306f9d252b/gif_files/animation_ss_side.gif,False,True
WARNING,annotator_or_channel_disagreement,old-data-local,P-74p5163352518_VX-0p201002332148_LS-4p5e-05_ST-300_M-TI64_XI--0p0002_XF-0p0012_XL-0p0014_TE-0p00125_DT-9p30229491189e-06_H-fb250c7cf9,"[40,41]","[20465,20976]",label_1 differs from label_2 in 2 frames; identities are unavailable,P-74p5163352518_VX-0p201002332148_LS-4p5e-05_ST-300_M-TI64_XI--0p0002_XF-0p0012_XL-0p0014_TE-0p00125_DT-9p30229491189e-06_H-fb250c7cf9/gif_files/animation_ss_side.gif,False,True
WARNING,annotator_or_channel_disagreement,old-data-local,P-76p2867092863_VX-0p693142102976_LS-5p97726511316e-05_ST-352p808802476_M-TI64_XI-0p0002_XF-0p0014_XL-0p0012_TE-0p0021_DT-6p95978585387e-06_H-0744488b5e,"[60,61,227,228,229,230,231]","[24114,24496,88109,88492,88875,89258,89642]",label_1 differs from label_2 in 7 frames; identities are unavailable,P-76p2867092863_VX-0p693142102976_LS-5p97726511316e-05_ST-352p808802476_M-TI64_XI-0p0002_XF-0p0014_XL-0p0012_TE-0p0021_DT-6p95978585387e-06_H-0744488b5e/gif_files/animation_ss_side.gif,False,True
WARNING,annotator_or_channel_disagreement,old-data-local,P-77p1412079225_VX-0p963213148682_LS-8p58459875102e-05_ST-347p110895162_M-TI64_XI-0p0002_XF-0p0014_XL-0p0012_TE-0p0021_DT-5p00836248925e-06_H-8eb307dfff,"[39,56,57,58,59,60,61,62,63,64,65,247,248,249,250,251]","[11296,16254,16529,16804,17080,17355,17630,17906,18181,18456,18732,69186,69462,69738,70014,70565]",label_1 differs from label_2 in 16 frames; identities are unavailable,P-77p1412079225_VX-0p963213148682_LS-8p58459875102e-05_ST-347p110895162_M-TI64_XI-0p0002_XF-0p0014_XL-0p0012_TE-0p0021_DT-5p00836248925e-06_H-8eb307dfff/gif_files/animation_ss_side.gif,False,True
WARNING,annotator_or_channel_disagreement,old-data-local,P-77p2146242418_VX-0p855104240805_LS-5p17451748821e-05_ST-369p375740917_M-TI64_XI-0p0002_XF-0p0014_XL-0p0012_TE-0p0021_DT-5p64155850575e-06_H-f404b6f8f4,"[64,65,222,223,224,225,226,227,228,229,230,231,232]","[20478,20788,69550,69861,70171,70482,70793,71103,71414,71725,72035,72346,72657]",label_1 differs from label_2 in 13 frames; identities are unavailable,P-77p2146242418_VX-0p855104240805_LS-5p17451748821e-05_ST-369p375740917_M-TI64_XI-0p0002_XF-0p0014_XL-0p0012_TE-0p0021_DT-5p64155850575e-06_H-f404b6f8f4/gif_files/animation_ss_side.gif,False,True
WARNING,annotator_or_channel_disagreement,old-data-local,P-77p6071708937_VX-0p433253784538_LS-7p48831675656e-05_ST-344p207921637_M-TI64_XI-0p0002_XF-0p0014_XL-0p0012_TE-0p0021_DT-1p11346300371e-05_H-5958772c6a,[62],[37979],label_1 differs from label_2 in 1 frames; identities are unavailable,P-77p6071708937_VX-0p433253784538_LS-7p48831675656e-05_ST-344p207921637_M-TI64_XI-0p0002_XF-0p0014_XL-0p0012_TE-0p0021_DT-1p11346300371e-05_H-5958772c6a/gif_files/animation_ss_side.gif,False,True
WARNING,annotator_or_channel_disagreement,old-data-local,P-78p18378444_VX-0p804643363326_LS-4p5e-05_ST-300_M-TI64_XI--0p0002_XF-0p0012_XL-0p0014_TE-0p00125_DT-2p32374124592e-06_H-b0e5aed98c,"[51,52,53,54,55]","[6518,6646,6774,6902,7030]",label_1 differs from label_2 in 5 frames; identities are unavailable,P-78p18378444_VX-0p804643363326_LS-4p5e-05_ST-300_M-TI64_XI--0p0002_XF-0p0012_XL-0p0014_TE-0p00125_DT-2p32374124592e-06_H-b0e5aed98c/gif_files/animation_ss_side.gif,False,True
WARNING,annotator_or_channel_disagreement,old-data-local,P-78p3109819881_VX-0p819836919071_LS-8p42620704062e-05_ST-359p367913591_M-TI64_XI-0p0002_XF-0p0014_XL-0p0012_TE-0p0021_DT-5p88424415978e-06_H-cedd8dc36d,"[64,65,66,67,68,69,237,238,239,240,241,242]","[20712,21035,21359,21682,22006,22329,77080,77404,77728,78052,78376,78700]",label_1 differs from label_2 in 12 frames; identities are unavailable,P-78p3109819881_VX-0p819836919071_LS-8p42620704062e-05_ST-359p367913591_M-TI64_XI-0p0002_XF-0p0014_XL-0p0012_TE-0p0021_DT-5p88424415978e-06_H-cedd8dc36d/gif_files/animation_ss_side.gif,False,True
WARNING,annotator_or_channel_disagreement,old-data-local,P-79p1315856604_VX-0p738156089448_LS-4p61026192486e-05_ST-370p648100327_M-TI64_XI-0p0002_XF-0p0014_XL-0p0012_TE-0p0021_DT-6p53536653287e-06_H-0d7d85a8f4,"[56,57,58,59,221]","[21566,21925,22284,22644,80934]",label_1 differs from label_2 in 5 frames; identities are unavailable,P-79p1315856604_VX-0p738156089448_LS-4p61026192486e-05_ST-370p648100327_M-TI64_XI-0p0002_XF-0p0014_XL-0p0012_TE-0p0021_DT-6p53536653287e-06_H-0d7d85a8f4/gif_files/animation_ss_side.gif,False,True
WARNING,annotator_or_channel_disagreement,old-data-local,P-82p6239965333_VX-0p567384090403_LS-6p29636633496e-05_ST-368p216750002_M-TI64_XI-0p0002_XF-0p0014_XL-0p0012_TE-0p0021_DT-8p50238962391e-06_H-e6df4d4a2d,"[64,213,214]","[29929,99686,100155]",label_1 differs from label_2 in 3 frames; identities are unavailable,P-82p6239965333_VX-0p567384090403_LS-6p29636633496e-05_ST-368p216750002_M-TI64_XI-0p0002_XF-0p0014_XL-0p0012_TE-0p0021_DT-8p50238962391e-06_H-e6df4d4a2d/gif_files/animation_ss_side.gif,False,True
WARNING,annotator_or_channel_disagreement,old-data-local,P-83p4130417347_VX-0p322492976823_LS-7p74299080266e-05_ST-371p281013063_M-TI64_XI-0p0002_XF-0p0014_XL-0p0012_TE-0p0021_DT-1p49588392607e-05_H-b41989dc4b,"[38,62]","[31266,51034]",label_1 differs from label_2 in 2 frames; identities are unavailable,P-83p4130417347_VX-0p322492976823_LS-7p74299080266e-05_ST-371p281013063_M-TI64_XI-0p0002_XF-0p0014_XL-0p0012_TE-0p0021_DT-1p49588392607e-05_H-b41989dc4b/gif_files/animation_ss_side.gif,False,True
WARNING,contains_unsure,old-data-local,P-83p4130417347_VX-0p322492976823_LS-7p74299080266e-05_ST-371p281013063_M-TI64_XI-0p0002_XF-0p0014_XL-0p0012_TE-0p0021_DT-1p49588392607e-05_H-b41989dc4b,"[39,40]","[32089,32913]",2 frames,P-83p4130417347_VX-0p322492976823_LS-7p74299080266e-05_ST-371p281013063_M-TI64_XI-0p0002_XF-0p0014_XL-0p0012_TE-0p0021_DT-1p49588392607e-05_H-b41989dc4b/gif_files/animation_ss_side.gif,False,True
WARNING,annotator_or_channel_disagreement,old-data-local,P-85p9171141482_VX-0p437191097118_LS-7p49853263212e-05_ST-320p146293033_M-TI64_XI-0p0002_XF-0p0014_XL-0p0012_TE-0p0021_DT-1p10343523343e-05_H-d4c4d1b9c0,"[60,61]","[37029,37636]",label_1 differs from label_2 in 2 frames; identities are unavailable,P-85p9171141482_VX-0p437191097118_LS-7p49853263212e-05_ST-320p146293033_M-TI64_XI-0p0002_XF-0p0014_XL-0p0012_TE-0p0021_DT-1p10343523343e-05_H-d4c4d1b9c0/gif_files/animation_ss_side.gif,False,True
WARNING,annotator_or_channel_disagreement,old-data-local,P-88p5362444224_VX-0p501389667448_LS-5p57799721508e-05_ST-306p707884961_M-TI64_XI-0p0002_XF-0p0014_XL-0p0012_TE-0p0021_DT-9p62149983578e-06_H-1422635bbf,[62],[33343],label_1 differs from label_2 in 1 frames; identities are unavailable,P-88p5362444224_VX-0p501389667448_LS-5p57799721508e-05_ST-306p707884961_M-TI64_XI-0p0002_XF-0p0014_XL-0p0012_TE-0p0021_DT-9p62149983578e-06_H-1422635bbf/gif_files/animation_ss_side.gif,False,True
WARNING,annotator_or_channel_disagreement,old-data-local,P-89p9091669401_VX-0p254822282222_LS-4p87644701271e-05_ST-380p329545658_M-TI64_XI-0p0002_XF-0p0014_XL-0p0012_TE-0p0021_DT-1p8931313859e-05_H-f4a4199ba7,[61],[63554],label_1 differs from label_2 in 1 frames; identities are unavailable,P-89p9091669401_VX-0p254822282222_LS-4p87644701271e-05_ST-380p329545658_M-TI64_XI-0p0002_XF-0p0014_XL-0p0012_TE-0p0021_DT-1p8931313859e-05_H-f4a4199ba7/gif_files/animation_ss_side.gif,False,True
WARNING,annotator_or_channel_disagreement,old-data-local,P-90p076179662_VX-0p77719101666_LS-5p40074605054e-05_ST-384p823624425_M-TI64_XI-0p0002_XF-0p0014_XL-0p0012_TE-0p0021_DT-6p20712347364e-06_H-765e346b33,"[63,226,227]","[22189,77893,78235]",label_1 differs from label_2 in 3 frames; identities are unavailable,P-90p076179662_VX-0p77719101666_LS-5p40074605054e-05_ST-384p823624425_M-TI64_XI-0p0002_XF-0p0014_XL-0p0012_TE-0p0021_DT-6p20712347364e-06_H-765e346b33/gif_files/animation_ss_side.gif,False,True
WARNING,annotator_or_channel_disagreement,old-data-local,P-90p3577538021_VX-0p606625134218_LS-7p79676391387e-05_ST-345p062824899_M-TI64_XI-0p0002_XF-0p0014_XL-0p0012_TE-0p0021_DT-7p95239156919e-06_H-e341aeefe6,"[215,216,217,218,219,220,221,222,223,224,225,226,227,228]","[95425,95863,96301,96739,97177,97615,98053,98491,98929,99366,99804,100242,100680,101118]",label_1 differs from label_2 in 14 frames; identities are unavailable,P-90p3577538021_VX-0p606625134218_LS-7p79676391387e-05_ST-345p062824899_M-TI64_XI-0p0002_XF-0p0014_XL-0p0012_TE-0p0021_DT-7p95239156919e-06_H-e341aeefe6/gif_files/animation_ss_side.gif,False,True
WARNING,annotator_or_channel_disagreement,old-data-local,P-91p2790923782_VX-0p717805590808_LS-4p80270969425e-05_ST-305p576577078_M-TI64_XI-0p0002_XF-0p0014_XL-0p0012_TE-0p0021_DT-6p72065063966e-06_H-a55a682ac9,"[64,65,66,231,232,233,234,235,236,237,238,239]","[23655,24024,24394,85450,85820,86190,86561,86931,87301,87671,88041,88411]",label_1 differs from label_2 in 12 frames; identities are unavailable,P-91p2790923782_VX-0p717805590808_LS-4p80270969425e-05_ST-305p576577078_M-TI64_XI-0p0002_XF-0p0014_XL-0p0012_TE-0p0021_DT-6p72065063966e-06_H-a55a682ac9/gif_files/animation_ss_side.gif,False,True
WARNING,annotator_or_channel_disagreement,old-data-local,P-92p0306358058_VX-0p635786516528_LS-6p85874395416e-05_ST-348p651765165_M-TI64_XI-0p0002_XF-0p0014_XL-0p0012_TE-0p0021_DT-7p58764220003e-06_H-8daf8adcd4,"[63,64,222,223,224,225,226,227,228]","[27123,27541,93553,93971,94389,94807,95225,95642,96060]",label_1 differs from label_2 in 9 frames; identities are unavailable,P-92p0306358058_VX-0p635786516528_LS-6p85874395416e-05_ST-348p651765165_M-TI64_XI-0p0002_XF-0p0014_XL-0p0012_TE-0p0021_DT-7p58764220003e-06_H-8daf8adcd4/gif_files/animation_ss_side.gif,False,True
WARNING,annotator_or_channel_disagreement,old-data-local,P-93p2349412886_VX-0p318136092994_LS-6p37701091846e-05_ST-373p005608841_M-TI64_XI-0p0002_XF-0p0014_XL-0p0012_TE-0p0021_DT-1p51637010363e-05_H-95ed9fb76f,[63],[52569],label_1 differs from label_2 in 1 frames; identities are unavailable,P-93p2349412886_VX-0p318136092994_LS-6p37701091846e-05_ST-373p005608841_M-TI64_XI-0p0002_XF-0p0014_XL-0p0012_TE-0p0021_DT-1p51637010363e-05_H-95ed9fb76f/gif_files/animation_ss_side.gif,False,True
WARNING,annotator_or_channel_disagreement,old-data-local,P-93p7887593651_VX-0p596649793105_LS-4p5e-05_ST-300_M-TI64_XI--0p0002_XF-0p0012_XL-0p0014_TE-0p00125_DT-3p13380310062e-06_H-306f9d252b,"[50,51,52]","[8619,8791,8964]",label_1 differs from label_2 in 3 frames; identities are unavailable,P-93p7887593651_VX-0p596649793105_LS-4p5e-05_ST-300_M-TI64_XI--0p0002_XF-0p0012_XL-0p0014_TE-0p00125_DT-3p13380310062e-06_H-306f9d252b/gif_files/animation_ss_side.gif,False,True
WARNING,annotator_or_channel_disagreement,old-data-local,P-95p3163706926_VX-0p805137875644_LS-4p85393429372e-05_ST-366p295455669_M-TI64_XI-0p0002_XF-0p0014_XL-0p0012_TE-0p0021_DT-5p99167018339e-06_H-270d04032e,"[64,65,225,226,227,228,229,230,231,232,233,234,235,236,237,238,239,240]","[21419,21749,74528,74858,75188,75518,75848,76178,76508,76838,77168,77498,77827,78157,78487,78817,79147,79477]",label_1 differs from label_2 in 18 frames; identities are unavailable,P-95p3163706926_VX-0p805137875644_LS-4p85393429372e-05_ST-366p295455669_M-TI64_XI-0p0002_XF-0p0014_XL-0p0012_TE-0p0021_DT-5p99167018339e-06_H-270d04032e/gif_files/animation_ss_side.gif,False,True
WARNING,annotator_or_channel_disagreement,old-data-local,P-96p3048792257_VX-0p802808589305_LS-5p4654094879e-05_ST-371p269771919_M-TI64_XI-0p0002_XF-0p0014_XL-0p0012_TE-0p0021_DT-6p00905454586e-06_H-24e0a43587,"[64,65,66,67,231,232,233,234,235,236,237,238]","[21151,21481,21812,22142,76399,76730,77061,77392,77722,78053,78384,78715]",label_1 differs from label_2 in 12 frames; identities are unavailable,P-96p3048792257_VX-0p802808589305_LS-5p4654094879e-05_ST-371p269771919_M-TI64_XI-0p0002_XF-0p0014_XL-0p0012_TE-0p0021_DT-6p00905454586e-06_H-24e0a43587/gif_files/animation_ss_side.gif,False,True
WARNING,annotator_or_channel_disagreement,old-data-local,P-97p6596954152_VX-0p666705631564_LS-4p5e-05_ST-300_M-TI64_XI--0p0002_XF-0p0012_XL-0p0014_TE-0p00125_DT-2p80451054123e-06_H-b0e5aed98c,"[51,52,53,54]","[7867,8022,8176,8330]",label_1 differs from label_2 in 4 frames; identities are unavailable,P-97p6596954152_VX-0p666705631564_LS-4p5e-05_ST-300_M-TI64_XI--0p0002_XF-0p0012_XL-0p0014_TE-0p00125_DT-2p80451054123e-06_H-b0e5aed98c/gif_files/animation_ss_side.gif,False,True
WARNING,annotator_or_channel_disagreement,old-data-local,P-98p2720448178_VX-0p404108184606_LS-6p2082238115e-05_ST-312p013044035_M-TI64_XI-0p0002_XF-0p0014_XL-0p0012_TE-0p0021_DT-1p19376958616e-05_H-e0ed0fec98,"[62,63,64]","[41378,42035,42692]",label_1 differs from label_2 in 3 frames; identities are unavailable,P-98p2720448178_VX-0p404108184606_LS-6p2082238115e-05_ST-312p013044035_M-TI64_XI-0p0002_XF-0p0014_XL-0p0012_TE-0p0021_DT-1p19376958616e-05_H-e0ed0fec98/gif_files/animation_ss_side.gif,False,True
WARNING,annotator_or_channel_disagreement,old-data-local,P-98p5137427197_VX-0p87794698955_LS-7p93698578539e-05_ST-325p506902574_M-TI64_XI-0p0002_XF-0p0014_XL-0p0012_TE-0p00125_DT-7p33865836642e-06_H-bf889bf790,"[50,51]","[20584,20988]",label_1 differs from label_2 in 2 frames; identities are unavailable,P-98p5137427197_VX-0p87794698955_LS-7p93698578539e-05_ST-325p506902574_M-TI64_XI-0p0002_XF-0p0014_XL-0p0012_TE-0p00125_DT-7p33865836642e-06_H-bf889bf790/gif_files/animation_ss_side.gif,False,True
WARNING,annotator_or_channel_disagreement,old-data-local,P-98p6430415843_VX-0p873233253177_LS-7p66258838728e-05_ST-323p115187787_M-TI64_XI-0p0002_XF-0p0014_XL-0p0012_TE-0p0021_DT-5p52443529316e-06_H-95ed9fb76f,"[63,64,65,66,67,68,69,70,71,72,237,238,239]","[19142,19446,19750,20053,20357,20661,20965,21268,21572,21876,72060,72364,72669]",label_1 differs from label_2 in 13 frames; identities are unavailable,P-98p6430415843_VX-0p873233253177_LS-7p66258838728e-05_ST-323p115187787_M-TI64_XI-0p0002_XF-0p0014_XL-0p0012_TE-0p0021_DT-5p52443529316e-06_H-95ed9fb76f/gif_files/animation_ss_side.gif,False,True
WARNING,annotator_or_channel_disagreement,old-data-local,P-99p0936052974_VX-0p300439480401_LS-4p95355776339e-05_ST-340p036700638_M-TI64_XI-0p0002_XF-0p0014_XL-0p0012_TE-0p0021_DT-1p60568797302e-05_H-701e6757d1,"[61,62]","[53899,54783]",label_1 differs from label_2 in 2 frames; identities are unavailable,P-99p0936052974_VX-0p300439480401_LS-4p95355776339e-05_ST-340p036700638_M-TI64_XI-0p0002_XF-0p0014_XL-0p0012_TE-0p0021_DT-1p60568797302e-05_H-701e6757d1/gif_files/animation_ss_side.gif,False,True
WARNING,annotator_or_channel_disagreement,old-data-local,P-99p5435087092_VX-0p559592851831_LS-4p5e-05_ST-300_M-TI64_XI--0p0002_XF-0p0012_XL-0p0014_TE-0p00125_DT-3p34132747676e-06_H-306f9d252b,[65],[11947],label_1 differs from label_2 in 1 frames; identities are unavailable,P-99p5435087092_VX-0p559592851831_LS-4p5e-05_ST-300_M-TI64_XI--0p0002_XF-0p0012_XL-0p0014_TE-0p00125_DT-3p34132747676e-06_H-306f9d252b/gif_files/animation_ss_side.gif,False,True
WARNING,annotator_or_channel_disagreement,old-data-local,P-99p7580068976_VX-0p617169232141_LS-5p71058654975e-05_ST-337p763092798_M-TI64_XI-0p0002_XF-0p0014_XL-0p0012_TE-0p0021_DT-7p81652803119e-06_H-765e346b33,"[37,38,39,40,41,42,43,44,45,46,47,48,49,50,51,52,53,54,55,56,57,58,59,60,61,62]","[15908,16338,16768,17197,17627,18057,18486,18916,19346,19776,20205,20635,21065,21495,21924,22354,22784,23213,23643,24073,24503,24932,25362,25792,26221,26651]",label_1 differs from label_2 in 26 frames; identities are unavailable,P-99p7580068976_VX-0p617169232141_LS-5p71058654975e-05_ST-337p763092798_M-TI64_XI-0p0002_XF-0p0014_XL-0p0012_TE-0p0021_DT-7p81652803119e-06_H-765e346b33/gif_files/animation_ss_side.gif,False,True
WARNING,annotator_or_channel_disagreement,old-data-remote-clean,P-100p408926704_VX-0p564694322144_LS-6p38706769001e-05_ST-381p633419878_M-TI64_XI-0p0002_XF-0p0014_XL-0p0012_TE-0p0021_DT-8p54288845105e-06_H-790e4fd6dd,"[63,228,229]","[29601,107218,107688]",label_1 differs from label_2 in 3 frames; identities are unavailable,P-100p408926704_VX-0p564694322144_LS-6p38706769001e-05_ST-381p633419878_M-TI64_XI-0p0002_XF-0p0014_XL-0p0012_TE-0p0021_DT-8p54288845105e-06_H-790e4fd6dd/gif_files/animation_ss_side.gif,False,True
WARNING,annotator_or_channel_disagreement,old-data-remote-clean,P-102p449509144_VX-0p918837420936_LS-5p51471704636e-05_ST-339p471112188_M-TI64_XI-0p0002_XF-0p0014_XL-0p0012_TE-0p0021_DT-5p25024394207e-06_H-b41981edcb,"[64,233,234]","[19059,67904,68193]",label_1 differs from label_2 in 3 frames; identities are unavailable,P-102p449509144_VX-0p918837420936_LS-5p51471704636e-05_ST-339p471112188_M-TI64_XI-0p0002_XF-0p0014_XL-0p0012_TE-0p0021_DT-5p25024394207e-06_H-b41981edcb/gif_files/animation_ss_side.gif,False,True
WARNING,annotator_or_channel_disagreement,old-data-remote-clean,P-110p110895975_VX-0p451651242475_LS-8p6859144947e-05_ST-349p969995372_M-TI64_XI-0p0002_XF-0p0014_XL-0p0012_TE-0p0021_DT-1p06810745755e-05_H-6f31342894,"[21,26,33,34,35,38,60,61,62,63,90,95,104,119,134,150]","[13514,17037,21148,21735,22322,24084,37018,37606,38195,38783,54662,57603,62896,71719,80541,89951]",label_1 differs from label_2 in 16 frames; identities are unavailable,P-110p110895975_VX-0p451651242475_LS-8p6859144947e-05_ST-349p969995372_M-TI64_XI-0p0002_XF-0p0014_XL-0p0012_TE-0p0021_DT-1p06810745755e-05_H-6f31342894/gif_files/animation_ss_side.gif,False,True
WARNING,bug_free_flag_zero,old-data-remote-clean,P-110p110895975_VX-0p451651242475_LS-8p6859144947e-05_ST-349p969995372_M-TI64_XI-0p0002_XF-0p0014_XL-0p0012_TE-0p0021_DT-1p06810745755e-05_H-6f31342894,"[0,1,2,3,4,5,6,7,8,9,10,11,12,13,14,15,16,17,18,19,20,21,22,23,24,25,26,27,28,29,30,31,32,33,34,35,36,37,38,39,40,41,42,43,44,45,46,47,48,49,50,51,52,53,54,55,56,57,58,59,60,61,62,63,64,65,66,67,68,69,70,71,72,73,74,75,76,77,78,79,80,81,82,83,84,85,86,87,88,89,90,91,92,93,94,95,96,97,98,99,100,101,102,103,104,105,106,107,108,109,110,111,112,113,114,115,116,117,118,119,120,121,122,123,124,125,126,127,128,129,130,131,132,133,134,135,136,137,138,139,140,141,142,143,144,145,146,147,148,149,150,151,152,153,154,155,156,157,158,159,160,161,162,163,164,165,166,167,168,169,170,171,172,173,174,175,176,177,178,179,180,181,182,183,184,185,186,187,188,189,190,191,192,193,194]","[0,588,1175,1763,2350,3525,4113,4700,5287,5875,6462,7050,8225,8813,9401,9988,10576,11164,11751,12339,12927,13514,14101,14689,15276,15863,17037,17625,18212,18799,19386,19973,20561,21148,21735,22322,22909,23497,24084,24671,25258,25845,26433,27020,27608,28196,28784,29373,29961,30549,31137,31725,32313,32901,33490,34078,34666,35254,35842,36430,37018,37606,38195,38783,39371,39959,40547,41135,41723,42312,42900,43488,44076,44664,45252,45840,46429,47017,47605,48193,48781,49369,49957,50546,51134,51722,52310,52898,53486,54074,54662,55251,55839,56427,57015,57603,58191,58779,59368,59956,60544,61132,61720,62308,62896,63485,64073,64661,65249,65837,66425,67013,67602,68190,68778,69366,69954,70542,71130,71719,72307,72895,73483,74071,74659,75247,75836,76424,77012,77600,78188,78776,79364,79953,80541,81129,81717,82305,82893,83481,84070,84658,85246,85834,86422,87010,87598,88187,88775,89363,89951,90539,91127,91715,92303,92892,93480,94068,94656,95244,95832,96420,97009,97597,98185,98773,99361,99949,100537,101126,101714,102302,102890,103478,104066,104654,105243,105831,106419,107007,107595,108183,108771,109360,109948,110536,111124,111712,112300,112888,113477,114065,114653,115241,115599]",195 frames,P-110p110895975_VX-0p451651242475_LS-8p6859144947e-05_ST-349p969995372_M-TI64_XI-0p0002_XF-0p0014_XL-0p0012_TE-0p0021_DT-1p06810745755e-05_H-6f31342894/gif_files/animation_ss_side.gif,False,True
WARNING,contains_screenshot_bug,old-data-remote-clean,P-110p110895975_VX-0p451651242475_LS-8p6859144947e-05_ST-349p969995372_M-TI64_XI-0p0002_XF-0p0014_XL-0p0012_TE-0p0021_DT-1p06810745755e-05_H-6f31342894,"[0,1,2,3,4,5,6,7,8,9,10,11,12,13,14,15,16,17,18,19,20,22,23,24,25,27,28,29,30,31,32,36,38,90,95,104,119,134,150]","[0,588,1175,1763,2350,3525,4113,4700,5287,5875,6462,7050,8225,8813,9401,9988,10576,11164,11751,12339,12927,14101,14689,15276,15863,17625,18212,18799,19386,19973,20561,22909,24084,54662,57603,62896,71719,80541,89951]",39 frames,P-110p110895975_VX-0p451651242475_LS-8p6859144947e-05_ST-349p969995372_M-TI64_XI-0p0002_XF-0p0014_XL-0p0012_TE-0p0021_DT-1p06810745755e-05_H-6f31342894/gif_files/animation_ss_side.gif,False,True
WARNING,annotator_or_channel_disagreement,old-data-remote-clean,P-110p131967455_VX-0p225166085115_LS-5p63312318207e-05_ST-326p092691949_M-TI64_XI-0p0002_XF-0p0014_XL-0p0012_TE-0p0021_DT-2p14247212255e-05_H-b41981edcb,"[62,63,64,65]","[73108,74288,75468,76648]",label_1 differs from label_2 in 4 frames; identities are unavailable,P-110p131967455_VX-0p225166085115_LS-5p63312318207e-05_ST-326p092691949_M-TI64_XI-0p0002_XF-0p0014_XL-0p0012_TE-0p0021_DT-2p14247212255e-05_H-b41981edcb/gif_files/animation_ss_side.gif,False,True
WARNING,annotator_or_channel_disagreement,old-data-remote-clean,P-118p139890353_VX-0p847347819728_LS-5p08934239386e-05_ST-372p913421628_M-TI64_XI-0p0002_XF-0p0014_XL-0p0012_TE-0p0021_DT-5p69319999497e-06_H-d7a336064e,"[68,69,70,71,243]","[21605,21918,22231,22544,76457]",label_1 differs from label_2 in 5 frames; identities are unavailable,P-118p139890353_VX-0p847347819728_LS-5p08934239386e-05_ST-372p913421628_M-TI64_XI-0p0002_XF-0p0014_XL-0p0012_TE-0p0021_DT-5p69319999497e-06_H-d7a336064e/gif_files/animation_ss_side.gif,False,True
WARNING,annotator_or_channel_disagreement,old-data-remote-clean,P-126p512169142_VX-0p57236868357_LS-7p44940442576e-05_ST-386p738254947_M-TI64_XI-0p0002_XF-0p0014_XL-0p0012_TE-0p0021_DT-8p42834477408e-06_H-d7a336064e,"[226,227]","[104851,105315]",label_1 differs from label_2 in 2 frames; identities are unavailable,P-126p512169142_VX-0p57236868357_LS-7p44940442576e-05_ST-386p738254947_M-TI64_XI-0p0002_XF-0p0014_XL-0p0012_TE-0p0021_DT-8p42834477408e-06_H-d7a336064e/gif_files/animation_ss_side.gif,False,True
WARNING,annotator_or_channel_disagreement,old-data-remote-clean,P-128p682231034_VX-0p601925389683_LS-8p082715257e-05_ST-394p322355105_M-TI64_XI-0p0002_XF-0p0014_XL-0p0012_TE-0p0021_DT-8p01448266795e-06_H-b41981edcb,"[66,67,68,227,228]","[29092,29533,29974,100142,100584]",label_1 differs from label_2 in 5 frames; identities are unavailable,P-128p682231034_VX-0p601925389683_LS-8p082715257e-05_ST-394p322355105_M-TI64_XI-0p0002_XF-0p0014_XL-0p0012_TE-0p0021_DT-8p01448266795e-06_H-b41981edcb/gif_files/animation_ss_side.gif,False,True
WARNING,annotator_or_channel_disagreement,old-data-remote-clean,P-129p569646497_VX-0p287154347682_LS-6p5197985882e-05_ST-393p701994752_M-TI64_XI-0p0002_XF-0p0014_XL-0p0012_TE-0p0021_DT-1p67997477383e-05_H-b41981edcb,[63],[58244],label_1 differs from label_2 in 1 frames; identities are unavailable,P-129p569646497_VX-0p287154347682_LS-6p5197985882e-05_ST-393p701994752_M-TI64_XI-0p0002_XF-0p0014_XL-0p0012_TE-0p0021_DT-1p67997477383e-05_H-b41981edcb/gif_files/animation_ss_side.gif,False,True
WARNING,annotator_or_channel_disagreement,old-data-remote-clean,P-131p049819122_VX-0p780196421599_LS-5p30845028915e-05_ST-389p742843455_M-TI64_XI-0p0002_XF-0p0014_XL-0p0012_TE-0p0021_DT-6p18321293134e-06_H-b41981edcb,"[67,68,69,70,249,250,251]","[22784,23124,23463,23803,84743,85083,85424]",label_1 differs from label_2 in 7 frames; identities are unavailable,P-131p049819122_VX-0p780196421599_LS-5p30845028915e-05_ST-389p742843455_M-TI64_XI-0p0002_XF-0p0014_XL-0p0012_TE-0p0021_DT-6p18321293134e-06_H-b41981edcb/gif_files/animation_ss_side.gif,False,True
WARNING,annotator_or_channel_disagreement,old-data-remote-clean,P-132p12166853_VX-0p788188085218_LS-6p42596953306e-05_ST-382p443068729_M-TI64_XI-0p0002_XF-0p0014_XL-0p0012_TE-0p0021_DT-6p1205195733e-06_H-b41981edcb,"[66,67,68,231,232,233,234]","[22216,22553,22889,77817,78154,78491,78828]",label_1 differs from label_2 in 7 frames; identities are unavailable,P-132p12166853_VX-0p788188085218_LS-6p42596953306e-05_ST-382p443068729_M-TI64_XI-0p0002_XF-0p0014_XL-0p0012_TE-0p0021_DT-6p1205195733e-06_H-b41981edcb/gif_files/animation_ss_side.gif,False,True
WARNING,annotator_or_channel_disagreement,old-data-remote-clean,P-134p93654729_VX-0p343298656719_LS-5p9412954069e-05_ST-389p435734624_M-TI64_XI-0p0002_XF-0p0014_XL-0p0012_TE-0p0021_DT-1p40522559835e-05_H-b41981edcb,"[66,67,68,69]","[51034,51808,52582,53356]",label_1 differs from label_2 in 4 frames; identities are unavailable,P-134p93654729_VX-0p343298656719_LS-5p9412954069e-05_ST-389p435734624_M-TI64_XI-0p0002_XF-0p0014_XL-0p0012_TE-0p0021_DT-1p40522559835e-05_H-b41981edcb/gif_files/animation_ss_side.gif,False,True
WARNING,annotator_or_channel_disagreement,old-data-remote-clean,P-137p056736091_VX-0p84145784316_LS-6p02926393206e-05_ST-342p992007776_M-TI64_XI-0p0002_XF-0p0014_XL-0p0012_TE-0p0021_DT-5p73305085006e-06_H-ddeae69a6e,"[64,65,241]","[21441,21756,77308]",label_1 differs from label_2 in 3 frames; identities are unavailable,P-137p056736091_VX-0p84145784316_LS-6p02926393206e-05_ST-342p992007776_M-TI64_XI-0p0002_XF-0p0014_XL-0p0012_TE-0p0021_DT-5p73305085006e-06_H-ddeae69a6e/gif_files/animation_ss_side.gif,False,True
WARNING,annotator_or_channel_disagreement,old-data-remote-clean,P-139p185905374_VX-0p93275027917_LS-8p26285474625e-05_ST-371p150203889_M-TI64_XI-0p0002_XF-0p0014_XL-0p0012_TE-0p0021_DT-5p17193155633e-06_H-b789300819,"[66,67,68,228,229]","[19627,19912,20196,65751,66036]",label_1 differs from label_2 in 5 frames; identities are unavailable,P-139p185905374_VX-0p93275027917_LS-8p26285474625e-05_ST-371p150203889_M-TI64_XI-0p0002_XF-0p0014_XL-0p0012_TE-0p0021_DT-5p17193155633e-06_H-b789300819/gif_files/animation_ss_side.gif,False,True
WARNING,annotator_or_channel_disagreement,old-data-remote-clean,P-140p314676599_VX-0p596196399995_LS-8p19973378232e-05_ST-342p525649343_M-TI64_XI-0p0002_XF-0p0014_XL-0p0012_TE-0p0021_DT-8p09149569346e-06_H-95fb07b078,"[67,219,220]","[31599,99322,99768]",label_1 differs from label_2 in 3 frames; identities are unavailable,P-140p314676599_VX-0p596196399995_LS-8p19973378232e-05_ST-342p525649343_M-TI64_XI-0p0002_XF-0p0014_XL-0p0012_TE-0p0021_DT-8p09149569346e-06_H-95fb07b078/gif_files/animation_ss_side.gif,False,True
WARNING,annotator_or_channel_disagreement,old-data-remote-clean,P-141p451666054_VX-0p378275685755_LS-6p85388508408e-05_ST-315p145948826_M-TI64_XI-0p0002_XF-0p0014_XL-0p0012_TE-0p0021_DT-1p27529227616e-05_H-8bf1b39107,[69],[49823],label_1 differs from label_2 in 1 frames; identities are unavailable,P-141p451666054_VX-0p378275685755_LS-6p85388508408e-05_ST-315p145948826_M-TI64_XI-0p0002_XF-0p0014_XL-0p0012_TE-0p0021_DT-1p27529227616e-05_H-8bf1b39107/gif_files/animation_ss_side.gif,False,True
WARNING,annotator_or_channel_disagreement,old-data-remote-clean,P-145p199982561_VX-0p253198682602_LS-7p7513591008e-05_ST-398p693210886_M-TI64_XI-0p0002_XF-0p0014_XL-0p0012_TE-0p0021_DT-1p90527081478e-05_H-2d34966482,[65],[68158],label_1 differs from label_2 in 1 frames; identities are unavailable,P-145p199982561_VX-0p253198682602_LS-7p7513591008e-05_ST-398p693210886_M-TI64_XI-0p0002_XF-0p0014_XL-0p0012_TE-0p0021_DT-1p90527081478e-05_H-2d34966482/gif_files/animation_ss_side.gif,False,True
WARNING,annotator_or_channel_disagreement,old-data-remote-clean,P-150p755371566_VX-0p566215971452_LS-6p88880703989e-05_ST-365p237346809_M-TI64_XI-0p0002_XF-0p0014_XL-0p0012_TE-0p0021_DT-8p51993028498e-06_H-3a501d5f99,"[70,71,223,224,225,226,227,228,229,230,231,232,233,234,235,236]","[32805,33274,104584,105053,105522,105991,106460,106929,107399,107868,108337,108806,109275,109744,110213,110683]",label_1 differs from label_2 in 16 frames; identities are unavailable,P-150p755371566_VX-0p566215971452_LS-6p88880703989e-05_ST-365p237346809_M-TI64_XI-0p0002_XF-0p0014_XL-0p0012_TE-0p0021_DT-8p51993028498e-06_H-3a501d5f99/gif_files/animation_ss_side.gif,False,True
WARNING,annotator_or_channel_disagreement,old-data-remote-clean,P-155p08939981_VX-0p967429278716_LS-6p89242148544e-05_ST-322p599938314_M-TI64_XI-0p0002_XF-0p0014_XL-0p0012_TE-0p0021_DT-4p98653566638e-06_H-765072ed36,"[66,236]","[19198,65864]",label_1 differs from label_2 in 2 frames; identities are unavailable,P-155p08939981_VX-0p967429278716_LS-6p89242148544e-05_ST-322p599938314_M-TI64_XI-0p0002_XF-0p0014_XL-0p0012_TE-0p0021_DT-4p98653566638e-06_H-765072ed36/gif_files/animation_ss_side.gif,False,True
WARNING,annotator_or_channel_disagreement,old-data-remote-clean,P-156p536166657_VX-0p9922713524_LS-8p48527663575e-05_ST-399p457924021_M-TI64_XI-0p0002_XF-0p0014_XL-0p0012_TE-0p0021_DT-4p86169492987e-06_H-17f36d0008,"[64,65,66,67,68,229,230]","[18718,18985,19252,19520,19787,62876,63143]",label_1 differs from label_2 in 7 frames; identities are unavailable,P-156p536166657_VX-0p9922713524_LS-8p48527663575e-05_ST-399p457924021_M-TI64_XI-0p0002_XF-0p0014_XL-0p0012_TE-0p0021_DT-4p86169492987e-06_H-17f36d0008/gif_files/animation_ss_side.gif,False,True
WARNING,annotator_or_channel_disagreement,old-data-remote-clean,P-162p201106716_VX-0p908426857038_LS-8p56302518524e-05_ST-395p218711567_M-TI64_XI-0p0002_XF-0p0014_XL-0p0012_TE-0p0021_DT-5p31041169208e-06_H-b41981edcb,"[66,67,68,69,70,71,229,230,231]","[19861,20153,20445,20737,21028,21320,67512,67805,68097]",label_1 differs from label_2 in 9 frames; identities are unavailable,P-162p201106716_VX-0p908426857038_LS-8p56302518524e-05_ST-395p218711567_M-TI64_XI-0p0002_XF-0p0014_XL-0p0012_TE-0p0021_DT-5p31041169208e-06_H-b41981edcb/gif_files/animation_ss_side.gif,False,True
WARNING,annotator_or_channel_disagreement,old-data-remote-clean,P-165p961555057_VX-0p261983014715_LS-5p47380727674e-05_ST-307p441799119_M-TI64_XI-0p0002_XF-0p0014_XL-0p0012_TE-0p0021_DT-1p84138678161e-05_H-b41981edcb,"[65,66,67,68,69]","[65871,66885,67899,68913,69927]",label_1 differs from label_2 in 5 frames; identities are unavailable,P-165p961555057_VX-0p261983014715_LS-5p47380727674e-05_ST-307p441799119_M-TI64_XI-0p0002_XF-0p0014_XL-0p0012_TE-0p0021_DT-1p84138678161e-05_H-b41981edcb/gif_files/animation_ss_side.gif,False,True
WARNING,annotator_or_channel_disagreement,old-data-remote-clean,P-171p793878697_VX-0p802872637148_LS-7p56304072004e-05_ST-389p149112673_M-TI64_XI-0p0002_XF-0p0014_XL-0p0012_TE-0p0021_DT-6p00857518342e-06_H-b41981edcb,"[71,72,73,74,75,239]","[23462,23792,24122,24453,24783,79371]",label_1 differs from label_2 in 6 frames; identities are unavailable,P-171p793878697_VX-0p802872637148_LS-7p56304072004e-05_ST-389p149112673_M-TI64_XI-0p0002_XF-0p0014_XL-0p0012_TE-0p0021_DT-6p00857518342e-06_H-b41981edcb/gif_files/animation_ss_side.gif,False,True
WARNING,annotator_or_channel_disagreement,old-data-remote-clean,P-178p179131994_VX-0p674364285322_LS-6p39772031663e-05_ST-392p701744041_M-TI64_XI-0p0002_XF-0p0014_XL-0p0012_TE-0p0021_DT-7p15358257846e-06_H-b41981edcb,"[67,68,247]","[27145,27539,98048]",label_1 differs from label_2 in 3 frames; identities are unavailable,P-178p179131994_VX-0p674364285322_LS-6p39772031663e-05_ST-392p701744041_M-TI64_XI-0p0002_XF-0p0014_XL-0p0012_TE-0p0021_DT-7p15358257846e-06_H-b41981edcb/gif_files/animation_ss_side.gif,False,True
WARNING,annotator_or_channel_disagreement,old-data-remote-clean,P-180p4231768_VX-0p853402947533_LS-8p92029044014e-05_ST-332p421625378_M-TI64_XI-0p0002_XF-0p0014_XL-0p0012_TE-0p0021_DT-5p65280518067e-06_H-0b12abf205,"[33,68,69,70,232,233,234,235,236,237]","[10572,21451,21762,22073,72801,73112,73424,73735,74046,74358]",label_1 differs from label_2 in 10 frames; identities are unavailable,P-180p4231768_VX-0p853402947533_LS-8p92029044014e-05_ST-332p421625378_M-TI64_XI-0p0002_XF-0p0014_XL-0p0012_TE-0p0021_DT-5p65280518067e-06_H-0b12abf205/gif_files/animation_ss_side.gif,False,True
WARNING,annotator_or_channel_disagreement,old-data-remote-clean,P-181p628478787_VX-0p952936233186_LS-6p91719476824e-05_ST-399p362560559_M-TI64_XI-0p0002_XF-0p0014_XL-0p0012_TE-0p0021_DT-5p06237504149e-06_H-2ecbc85805,"[69,248]","[20047,70211]",label_1 differs from label_2 in 2 frames; identities are unavailable,P-181p628478787_VX-0p952936233186_LS-6p91719476824e-05_ST-399p362560559_M-TI64_XI-0p0002_XF-0p0014_XL-0p0012_TE-0p0021_DT-5p06237504149e-06_H-2ecbc85805/gif_files/animation_ss_side.gif,False,True
WARNING,annotator_or_channel_disagreement,old-data-remote-clean,P-188p623199531_VX-0p253450423389_LS-5p98563054886e-05_ST-373p9812389_M-TI64_XI-0p0002_XF-0p0014_XL-0p0012_TE-0p0021_DT-1p90337839587e-05_H-b41981edcb,"[68,69]","[71234,72282]",label_1 differs from label_2 in 2 frames; identities are unavailable,P-188p623199531_VX-0p253450423389_LS-5p98563054886e-05_ST-373p9812389_M-TI64_XI-0p0002_XF-0p0014_XL-0p0012_TE-0p0021_DT-1p90337839587e-05_H-b41981edcb/gif_files/animation_ss_side.gif,False,True
WARNING,annotator_or_channel_disagreement,old-data-remote-clean,P-189p966894809_VX-0p644468304217_LS-6p74843907822e-05_ST-388p1301819_M-TI64_XI-0p0002_XF-0p0014_XL-0p0012_TE-0p0021_DT-7p48542724514e-06_H-851e5d4577,"[68,69,70,71,72,73,243,244]","[29230,29642,30054,30467,30879,31291,101773,102185]",label_1 differs from label_2 in 8 frames; identities are unavailable,P-189p966894809_VX-0p644468304217_LS-6p74843907822e-05_ST-388p1301819_M-TI64_XI-0p0002_XF-0p0014_XL-0p0012_TE-0p0021_DT-7p48542724514e-06_H-851e5d4577/gif_files/animation_ss_side.gif,False,True
WARNING,annotator_or_channel_disagreement,old-data-remote-clean,P-191p425479448_VX-0p407642571095_LS-6p68635438353e-05_ST-376p486404344_M-TI64_XI-0p0002_XF-0p0014_XL-0p0012_TE-0p0021_DT-1p18341923663e-05_H-9a0fcdd2aa,"[64,65,66,67,68,69,70,71,72,73,74]","[43625,44277,44928,45580,46232,46883,47535,48187,48838,49490,50141]",label_1 differs from label_2 in 11 frames; identities are unavailable,P-191p425479448_VX-0p407642571095_LS-6p68635438353e-05_ST-376p486404344_M-TI64_XI-0p0002_XF-0p0014_XL-0p0012_TE-0p0021_DT-1p18341923663e-05_H-9a0fcdd2aa/gif_files/animation_ss_side.gif,False,True
WARNING,annotator_or_channel_disagreement,old-data-remote-clean,P-194p299416559_VX-0p806548050335_LS-7p3474496565e-05_ST-381p946978961_M-TI64_XI-0p0002_XF-0p0014_XL-0p0012_TE-0p0021_DT-5p98119430208e-06_H-b41981edcb,"[74,75,76,243,244,245]","[24670,24999,25328,80655,80985,81314]",label_1 differs from label_2 in 6 frames; identities are unavailable,P-194p299416559_VX-0p806548050335_LS-7p3474496565e-05_ST-381p946978961_M-TI64_XI-0p0002_XF-0p0014_XL-0p0012_TE-0p0021_DT-5p98119430208e-06_H-b41981edcb/gif_files/animation_ss_side.gif,False,True
WARNING,annotator_or_channel_disagreement,old-data-remote-clean,P-196p499083559_VX-0p373706074139_LS-6p49065899682e-05_ST-353p001345311_M-TI64_XI-0p0002_XF-0p0014_XL-0p0012_TE-0p0021_DT-1p290886324e-05_H-b789300819,"[69,70]","[49722,50433]",label_1 differs from label_2 in 2 frames; identities are unavailable,P-196p499083559_VX-0p373706074139_LS-6p49065899682e-05_ST-353p001345311_M-TI64_XI-0p0002_XF-0p0014_XL-0p0012_TE-0p0021_DT-1p290886324e-05_H-b789300819/gif_files/animation_ss_side.gif,False,True
WARNING,annotator_or_channel_disagreement,old-data-remote-clean,P-199p092557979_VX-0p316505824784_LS-5p93128195415e-05_ST-330p512210532_M-TI64_XI-0p0002_XF-0p0014_XL-0p0012_TE-0p0021_DT-1p52418067071e-05_H-8bf1b39107,"[69,70,71,72,73,74]","[57875,58714,59554,60393,61232,62072]",label_1 differs from label_2 in 6 frames; identities are unavailable,P-199p092557979_VX-0p316505824784_LS-5p93128195415e-05_ST-330p512210532_M-TI64_XI-0p0002_XF-0p0014_XL-0p0012_TE-0p0021_DT-1p52418067071e-05_H-8bf1b39107/gif_files/animation_ss_side.gif,False,True
WARNING,annotator_or_channel_disagreement,old-data-remote-clean,P-202p623346674_VX-0p47308497906_LS-5p69403778977e-05_ST-355p073751689_M-TI64_XI-0p0002_XF-0p0014_XL-0p0012_TE-0p0021_DT-1p01971544575e-05_H-b41981edcb,[70],[40393],label_1 differs from label_2 in 1 frames; identities are unavailable,P-202p623346674_VX-0p47308497906_LS-5p69403778977e-05_ST-355p073751689_M-TI64_XI-0p0002_XF-0p0014_XL-0p0012_TE-0p0021_DT-1p01971544575e-05_H-b41981edcb/gif_files/animation_ss_side.gif,False,True
WARNING,annotator_or_channel_disagreement,old-data-remote-clean,P-205p507001181_VX-0p303336340291_LS-4p80706805647e-05_ST-333p622908766_M-TI64_XI-0p0002_XF-0p0014_XL-0p0012_TE-0p0021_DT-1p59035366431e-05_H-89a38ff0e6,"[69,70,71,72,73]","[60389,61265,62141,63017,63892]",label_1 differs from label_2 in 5 frames; identities are unavailable,P-205p507001181_VX-0p303336340291_LS-4p80706805647e-05_ST-333p622908766_M-TI64_XI-0p0002_XF-0p0014_XL-0p0012_TE-0p0021_DT-1p59035366431e-05_H-89a38ff0e6/gif_files/animation_ss_side.gif,False,True
WARNING,annotator_or_channel_disagreement,old-data-remote-clean,P-207p940614893_VX-0p318461267696_LS-7p4904937331e-05_ST-370p987623474_M-TI64_XI-0p0002_XF-0p0014_XL-0p0012_TE-0p0021_DT-1p51482176715e-05_H-0b12abf205,[69],[57520],label_1 differs from label_2 in 1 frames; identities are unavailable,P-207p940614893_VX-0p318461267696_LS-7p4904937331e-05_ST-370p987623474_M-TI64_XI-0p0002_XF-0p0014_XL-0p0012_TE-0p0021_DT-1p51482176715e-05_H-0b12abf205/gif_files/animation_ss_side.gif,False,True
WARNING,annotator_or_channel_disagreement,old-data-remote-clean,P-210p464738138_VX-0p237113609615_LS-6p46217439158e-05_ST-306p057190902_M-TI64_XI-0p0002_XF-0p0014_XL-0p0012_TE-0p0021_DT-2p03451864735e-05_H-12faed80a6,"[69,70]","[77265,78385]",label_1 differs from label_2 in 2 frames; identities are unavailable,P-210p464738138_VX-0p237113609615_LS-6p46217439158e-05_ST-306p057190902_M-TI64_XI-0p0002_XF-0p0014_XL-0p0012_TE-0p0021_DT-2p03451864735e-05_H-12faed80a6/gif_files/animation_ss_side.gif,False,True
WARNING,annotator_or_channel_disagreement,old-data-remote-clean,P-213p87237204_VX-0p329966780459_LS-7p13970627017e-05_ST-390p008507958_M-TI64_XI-0p0002_XF-0p0014_XL-0p0012_TE-0p0021_DT-1p46200190101e-05_H-765072ed36,"[66,67,68,69,70]","[53098,53903,54708,55513,56318]",label_1 differs from label_2 in 5 frames; identities are unavailable,P-213p87237204_VX-0p329966780459_LS-7p13970627017e-05_ST-390p008507958_M-TI64_XI-0p0002_XF-0p0014_XL-0p0012_TE-0p0021_DT-1p46200190101e-05_H-765072ed36/gif_files/animation_ss_side.gif,False,True
WARNING,annotator_or_channel_disagreement,old-data-remote-clean,P-218p352277735_VX-0p662592791038_LS-5p96508880483e-05_ST-307p55260089_M-TI64_XI-0p0002_XF-0p0014_XL-0p0012_TE-0p0021_DT-7p28067173121e-06_H-b41981edcb,"[70,71,72,240,241,242,243,244,245,246,247,248,249,250,251,252,253,254,255,256,257,258,259,260,261,262,263,264]","[29231,29632,30033,97785,98186,98587,98988,99389,99789,100190,100992,101393,101794,102195,102596,102997,103398,103798,104199,104600,105001,105402,105803,106204,106605,107006,107407,107807]",label_1 differs from label_2 in 28 frames; identities are unavailable,P-218p352277735_VX-0p662592791038_LS-5p96508880483e-05_ST-307p55260089_M-TI64_XI-0p0002_XF-0p0014_XL-0p0012_TE-0p0021_DT-7p28067173121e-06_H-b41981edcb/gif_files/animation_ss_side.gif,False,True
WARNING,annotator_or_channel_disagreement,old-data-remote-clean,P-218p623352015_VX-0p878480487228_LS-8p13012329394e-05_ST-381p006435488_M-TI64_XI-0p0002_XF-0p0014_XL-0p0012_TE-0p0021_DT-5p49143740032e-06_H-90ad187ad0,"[74,245,246,247,248]","[22651,74653,74955,75258,75560]",label_1 differs from label_2 in 5 frames; identities are unavailable,P-218p623352015_VX-0p878480487228_LS-8p13012329394e-05_ST-381p006435488_M-TI64_XI-0p0002_XF-0p0014_XL-0p0012_TE-0p0021_DT-5p49143740032e-06_H-90ad187ad0/gif_files/animation_ss_side.gif,False,True
WARNING,annotator_or_channel_disagreement,old-data-remote-clean,P-222p052357041_VX-0p997941039436_LS-5p29599486117e-05_ST-383p923575745_M-TI64_XI-0p0002_XF-0p0014_XL-0p0012_TE-0p0021_DT-4p83407377027e-06_H-02b1b704be,[72],[19940],label_1 differs from label_2 in 1 frames; identities are unavailable,P-222p052357041_VX-0p997941039436_LS-5p29599486117e-05_ST-383p923575745_M-TI64_XI-0p0002_XF-0p0014_XL-0p0012_TE-0p0021_DT-4p83407377027e-06_H-02b1b704be/gif_files/animation_ss_side.gif,False,True
WARNING,annotator_or_channel_disagreement,old-data-remote-clean,P-223p161294482_VX-0p578452940205_LS-4p86833733719e-05_ST-359p100984903_M-TI64_XI-0p0002_XF-0p0014_XL-0p0012_TE-0p0021_DT-8p33969415266e-06_H-1e85da8953,"[65,66,67]","[31651,32111,32570]",label_1 differs from label_2 in 3 frames; identities are unavailable,P-223p161294482_VX-0p578452940205_LS-4p86833733719e-05_ST-359p100984903_M-TI64_XI-0p0002_XF-0p0014_XL-0p0012_TE-0p0021_DT-8p33969415266e-06_H-1e85da8953/gif_files/animation_ss_side.gif,False,True
WARNING,annotator_or_channel_disagreement,old-data-remote-clean,P-226p648480029_VX-0p577602942666_LS-6p93800013331e-05_ST-342p653362063_M-TI64_XI-0p0002_XF-0p0014_XL-0p0012_TE-0p0021_DT-8p35196680396e-06_H-b4093437b1,"[70,71,72,73,74]","[33538,33997,34457,34917,35377]",label_1 differs from label_2 in 5 frames; identities are unavailable,P-226p648480029_VX-0p577602942666_LS-6p93800013331e-05_ST-342p653362063_M-TI64_XI-0p0002_XF-0p0014_XL-0p0012_TE-0p0021_DT-8p35196680396e-06_H-b4093437b1/gif_files/animation_ss_side.gif,False,True
WARNING,annotator_or_channel_disagreement,old-data-remote-clean,P-227p690023792_VX-0p392329282459_LS-7p92871102354e-05_ST-391p94840599_M-TI64_XI-0p0002_XF-0p0014_XL-0p0012_TE-0p0021_DT-1p22961013075e-05_H-12074f4927,[73],[50746],label_1 differs from label_2 in 1 frames; identities are unavailable,P-227p690023792_VX-0p392329282459_LS-7p92871102354e-05_ST-391p94840599_M-TI64_XI-0p0002_XF-0p0014_XL-0p0012_TE-0p0021_DT-1p22961013075e-05_H-12074f4927/gif_files/animation_ss_side.gif,False,True
WARNING,annotator_or_channel_disagreement,old-data-remote-clean,P-234p345987256_VX-0p872091919433_LS-7p00578367301e-05_ST-333p182550298_M-TI64_XI-0p0002_XF-0p0014_XL-0p0012_TE-0p0021_DT-5p53166529298e-06_H-b41981edcb,"[76,77,78,79,80,81,82,83,84,85,243]","[23425,23729,24033,24337,24641,24945,25249,25554,25858,26162,74896]",label_1 differs from label_2 in 11 frames; identities are unavailable,P-234p345987256_VX-0p872091919433_LS-7p00578367301e-05_ST-333p182550298_M-TI64_XI-0p0002_XF-0p0014_XL-0p0012_TE-0p0021_DT-5p53166529298e-06_H-b41981edcb/gif_files/animation_ss_side.gif,False,True
WARNING,annotator_or_channel_disagreement,old-data-remote-clean,P-235p890696826_VX-0p62852965691_LS-7p09715556056e-05_ST-349p581827429_M-TI64_XI-0p0002_XF-0p0014_XL-0p0012_TE-0p0021_DT-7p6752473809e-06_H-765072ed36,"[76,77,78,79,80,81,82,83,84,85,244,245,246,247,248,249,250,251,252,253]","[32085,32508,32931,33353,33776,34198,34621,35044,35466,35889,103509,103932,104355,104777,105200,105623,106045,106468,106890,107313]",label_1 differs from label_2 in 20 frames; identities are unavailable,P-235p890696826_VX-0p62852965691_LS-7p09715556056e-05_ST-349p581827429_M-TI64_XI-0p0002_XF-0p0014_XL-0p0012_TE-0p0021_DT-7p6752473809e-06_H-765072ed36/gif_files/animation_ss_side.gif,False,True
WARNING,annotator_or_channel_disagreement,old-data-remote-clean,P-236p206080041_VX-0p584146530445_LS-8p43378292301e-05_ST-319p849522294_M-TI64_XI-0p0002_XF-0p0014_XL-0p0012_TE-0p0021_DT-8p25840838144e-06_H-b41981edcb,"[72,73,74,75,76,77]","[33161,33616,34071,34526,34980,35435]",label_1 differs from label_2 in 6 frames; identities are unavailable,P-236p206080041_VX-0p584146530445_LS-8p43378292301e-05_ST-319p849522294_M-TI64_XI-0p0002_XF-0p0014_XL-0p0012_TE-0p0021_DT-8p25840838144e-06_H-b41981edcb/gif_files/animation_ss_side.gif,False,True
WARNING,annotator_or_channel_disagreement,old-data-remote-clean,P-240p318887809_VX-0p361018894241_LS-4p85509578057e-05_ST-398p513006139_M-TI64_XI-0p0002_XF-0p0014_XL-0p0012_TE-0p0021_DT-1p33625155912e-05_H-3a501d5f99,"[68,69]","[49999,50735]",label_1 differs from label_2 in 2 frames; identities are unavailable,P-240p318887809_VX-0p361018894241_LS-4p85509578057e-05_ST-398p513006139_M-TI64_XI-0p0002_XF-0p0014_XL-0p0012_TE-0p0021_DT-1p33625155912e-05_H-3a501d5f99/gif_files/animation_ss_side.gif,False,True
WARNING,annotator_or_channel_disagreement,old-data-remote-clean,P-243p325077963_VX-0p998321353283_LS-5p70160449472e-05_ST-337p156153016_M-TI64_XI-0p0002_XF-0p0014_XL-0p0012_TE-0p0021_DT-4p83223221376e-06_H-d7a336064e,"[75,244]","[20198,65155]",label_1 differs from label_2 in 2 frames; identities are unavailable,P-243p325077963_VX-0p998321353283_LS-5p70160449472e-05_ST-337p156153016_M-TI64_XI-0p0002_XF-0p0014_XL-0p0012_TE-0p0021_DT-4p83223221376e-06_H-d7a336064e/gif_files/animation_ss_side.gif,False,True
WARNING,annotator_or_channel_disagreement,old-data-remote-clean,P-246p298220115_VX-0p718479932945_LS-4p8795144948e-05_ST-311p768373355_M-TI64_XI-0p0002_XF-0p0014_XL-0p0012_TE-0p0021_DT-6p71434285331e-06_H-0b12abf205,"[72,73,74,75,76,243,244,245]","[26586,26955,27325,27694,28064,89807,90177,90546]",label_1 differs from label_2 in 8 frames; identities are unavailable,P-246p298220115_VX-0p718479932945_LS-4p8795144948e-05_ST-311p768373355_M-TI64_XI-0p0002_XF-0p0014_XL-0p0012_TE-0p0021_DT-6p71434285331e-06_H-0b12abf205/gif_files/animation_ss_side.gif,False,True
WARNING,annotator_or_channel_disagreement,old-data-remote-clean,P-246p882256304_VX-0p912145169038_LS-8p52944569156e-05_ST-321p903093968_M-TI64_XI-0p0002_XF-0p0014_XL-0p0012_TE-0p0021_DT-5p288764077e-06_H-0b12abf205,[248],[73644],label_1 differs from label_2 in 1 frames; identities are unavailable,P-246p882256304_VX-0p912145169038_LS-8p52944569156e-05_ST-321p903093968_M-TI64_XI-0p0002_XF-0p0014_XL-0p0012_TE-0p0021_DT-5p288764077e-06_H-0b12abf205/gif_files/animation_ss_side.gif,False,True
WARNING,annotator_or_channel_disagreement,old-data-remote-clean,P-76p6986127633_VX-0p686212461643_LS-6p4052091323e-05_ST-393p159111444_M-TI64_XI-0p0002_XF-0p0014_XL-0p0012_TE-0p0021_DT-7p0300684885e-06_H-b41981edcb,"[56,57,58,59,60,61,62,63,64,65,66,248,249,250,251,252,253,254,255,256,257,258,259,260,261,262,263,264,265,266,267]","[23198,23584,23970,24357,24743,25130,25516,25903,26289,26676,27063,97515,97902,98290,98677,99064,99451,99838,100225,100612,100999,101386,101773,102161,102548,102935,103322,103709,104096,104483,104870]",label_1 differs from label_2 in 31 frames; identities are unavailable,P-76p6986127633_VX-0p686212461643_LS-6p4052091323e-05_ST-393p159111444_M-TI64_XI-0p0002_XF-0p0014_XL-0p0012_TE-0p0021_DT-7p0300684885e-06_H-b41981edcb/gif_files/animation_ss_side.gif,False,True
WARNING,annotator_or_channel_disagreement,old-data-remote-clean,P-78p6311637963_VX-0p75889512334_LS-7p24228839444e-05_ST-395p823418581_M-TI64_XI-0p0002_XF-0p0014_XL-0p0012_TE-0p0021_DT-6p3567684844e-06_H-9aaaba6a78,"[255,256,257,258,259,260,261,262,263,264,265,266,267,268,269,270,271,272,273,274,275]","[89922,90272,90622,90972,91322,91672,92022,92372,92722,93073,93423,93773,94123,94473,94823,95173,95523,95873,96223,96573,96923]",label_1 differs from label_2 in 21 frames; identities are unavailable,P-78p6311637963_VX-0p75889512334_LS-7p24228839444e-05_ST-395p823418581_M-TI64_XI-0p0002_XF-0p0014_XL-0p0012_TE-0p0021_DT-6p3567684844e-06_H-9aaaba6a78/gif_files/animation_ss_side.gif,False,True
WARNING,annotator_or_channel_disagreement,old-data-remote-clean,P-80p5741190929_VX-0p403249617425_LS-8p97039861056e-05_ST-397p637850573_M-TI64_XI-0p0002_XF-0p0014_XL-0p0012_TE-0p0021_DT-1p19631126592e-05_H-6464f5e6a2,"[36,62,63,64,65,66,67,68,69,70,71]","[25658,42783,43442,44101,44759,45418,46077,46736,47394,48053,48712]",label_1 differs from label_2 in 11 frames; identities are unavailable,P-80p5741190929_VX-0p403249617425_LS-8p97039861056e-05_ST-397p637850573_M-TI64_XI-0p0002_XF-0p0014_XL-0p0012_TE-0p0021_DT-1p19631126592e-05_H-6464f5e6a2/gif_files/animation_ss_side.gif,False,True
WARNING,annotator_or_channel_disagreement,old-data-remote-clean,P-91p4898167395_VX-0p477122889388_LS-7p769973149e-05_ST-351p010780102_M-TI64_XI-0p0002_XF-0p0014_XL-0p0012_TE-0p0021_DT-1p01108555266e-05_H-b41981edcb,"[37,66,67,68,69,70,71,72]","[20575,36710,37267,37824,38381,38937,39494,40051]",label_1 differs from label_2 in 8 frames; identities are unavailable,P-91p4898167395_VX-0p477122889388_LS-7p769973149e-05_ST-351p010780102_M-TI64_XI-0p0002_XF-0p0014_XL-0p0012_TE-0p0021_DT-1p01108555266e-05_H-b41981edcb/gif_files/animation_ss_side.gif,False,True
WARNING,annotator_or_channel_disagreement,old-data-remote-clean,P-92p2921456709_VX-0p425581954559_LS-4p53091383738e-05_ST-356p588229582_M-TI64_XI-0p0002_XF-0p0014_XL-0p0012_TE-0p0021_DT-1p13353504568e-05_H-765072ed36,"[65,66,67,68,69,70,71,72,73,74,75,76,77,78,79,80,81,82,83]","[41785,42409,43033,43657,44281,44906,45530,46154,46778,47402,48026,48651,49275,49899,50523,51147,51771,52396,53020]",label_1 differs from label_2 in 19 frames; identities are unavailable,P-92p2921456709_VX-0p425581954559_LS-4p53091383738e-05_ST-356p588229582_M-TI64_XI-0p0002_XF-0p0014_XL-0p0012_TE-0p0021_DT-1p13353504568e-05_H-765072ed36/gif_files/animation_ss_side.gif,False,True
WARNING,annotator_or_channel_disagreement,old-data-remote-clean,P-92p9578294978_VX-0p909619863772_LS-6p47386544357e-05_ST-309p507384821_M-TI64_XI-0p0002_XF-0p0014_XL-0p0012_TE-0p0021_DT-5p30344685197e-06_H-765072ed36,"[234,235,236,237,238,239,240,241,242,243,244,245,246,247,248,249,250,251,252,253,254,255,256,257,258,259,260,261,262]","[68884,69176,69468,69760,70052,70344,70636,70928,71220,71512,71804,72096,72388,72680,72972,73264,73556,73849,74141,74433,74725,75017,75309,75601,75893,76185,76477,76769,77061]",label_1 differs from label_2 in 29 frames; identities are unavailable,P-92p9578294978_VX-0p909619863772_LS-6p47386544357e-05_ST-309p507384821_M-TI64_XI-0p0002_XF-0p0014_XL-0p0012_TE-0p0021_DT-5p30344685197e-06_H-765072ed36/gif_files/animation_ss_side.gif,False,True
WARNING,annotator_or_channel_disagreement,old-data-remote-clean,P-93p7392388905_VX-0p76284290369_LS-5p63100861802e-05_ST-349p958485388_M-TI64_XI-0p0002_XF-0p0014_XL-0p0012_TE-0p0021_DT-6p32387163816e-06_H-5cefbb31d2,"[65,66,233,234,235,236,237,238,239,240,241,242,243,244,245,246]","[22954,23302,81448,81796,82145,82493,82841,83189,83537,83886,84234,84582,84930,85279,85627,85975]",label_1 differs from label_2 in 16 frames; identities are unavailable,P-93p7392388905_VX-0p76284290369_LS-5p63100861802e-05_ST-349p958485388_M-TI64_XI-0p0002_XF-0p0014_XL-0p0012_TE-0p0021_DT-6p32387163816e-06_H-5cefbb31d2/gif_files/animation_ss_side.gif,False,True
WARNING,annotator_or_channel_disagreement,old-data-remote-clean,P-97p5646849269_VX-0p800614374072_LS-8p74302358335e-05_ST-345p052442693_M-TI64_XI-0p0002_XF-0p0014_XL-0p0012_TE-0p0021_DT-6p02552334713e-06_H-b41981edcb,"[69,228,229,230,231,232,233,234,235,236,237,238]","[23197,75945,76277,76609,76940,77272,77604,77936,78268,78599,78931,79263]",label_1 differs from label_2 in 12 frames; identities are unavailable,P-97p5646849269_VX-0p800614374072_LS-8p74302358335e-05_ST-345p052442693_M-TI64_XI-0p0002_XF-0p0014_XL-0p0012_TE-0p0021_DT-6p02552334713e-06_H-b41981edcb/gif_files/animation_ss_side.gif,False,True
WARNING,annotator_or_channel_disagreement,old-data-remote-clean,P-97p9405338961_VX-0p913267755474_LS-7p48831340213e-05_ST-390p809181728_M-TI64_XI-0p0002_XF-0p0014_XL-0p0012_TE-0p0021_DT-5p28226314145e-06_H-0b12abf205,"[65,66,67,233,234,235,236,237,238,239,240,241,242,243,244,245,246,247,248,249,250]","[19175,19465,19755,68027,68318,68609,68900,69190,69481,69772,70063,70354,70645,70936,71226,71517,71808,72099,72390,72681,72972]",label_1 differs from label_2 in 21 frames; identities are unavailable,P-97p9405338961_VX-0p913267755474_LS-7p48831340213e-05_ST-390p809181728_M-TI64_XI-0p0002_XF-0p0014_XL-0p0012_TE-0p0021_DT-5p28226314145e-06_H-0b12abf205/gif_files/animation_ss_side.gif,False,True
