benchmark,method,seed,query_number,budget_before_query,budget_after_query,selected_pool_index,true_boundary_distance,in_pool_boundary_band_q10,in_pool_boundary_band_q20,in_pool_boundary_band_q30,acquisition_shortlist_size,acquisition_requested_shortlist_size,acquisition_current_aggregate_uncertainty,acquisition_reference_set,acquisition_fantasy_refit,acquisition_selected_position,acquisition_selected_pool_index_check,acquisition_selected_p_plus,acquisition_selected_u_plus,acquisition_selected_u_minus,acquisition_selected_expected_future_uncertainty,acquisition_selected_expected_uncertainty_reduction,acquisition_selected_raw_straddle
ackley,lookahead_boundary_uncertainty_reduction,0,1,12,13,14,0.7310429611969838,False,False,False,30,30,0.8857766084474121,"current unlabelled pool, including the candidate",fixed current kernel hyperparameters; posterior refit only,14,14,0.5042971228041548,0.8327837869549627,0.7784187919886083,0.8058349025314031,0.07994170591600902,1.820568794340196
ackley,lookahead_boundary_uncertainty_reduction,0,2,13,14,3272,1.7816486980841013,False,False,False,30,30,0.8267537380844744,"current unlabelled pool, including the candidate",fixed current kernel hyperparameters; posterior refit only,3260,3272,0.47117988428383956,0.7879279337595564,0.7682739976058732,0.7775345369684876,0.049219201115986766,1.769907866303258
ackley,lookahead_boundary_uncertainty_reduction,0,3,14,15,2951,0.5371328748020225,False,False,True,30,30,0.8129046493950686,"current unlabelled pool, including the candidate",fixed current kernel hyperparameters; posterior refit only,2941,2951,0.4751402026194393,0.7685343223087521,0.7751313985929603,0.7719968624305857,0.04090778696448283,1.730429594842663
ackley,lookahead_boundary_uncertainty_reduction,0,4,15,16,1165,0.31032559013023686,False,True,True,30,30,0.7398637383847885,"current unlabelled pool, including the candidate",fixed current kernel hyperparameters; posterior refit only,1160,1165,0.5089734210765607,0.724810145145396,0.6771465471563358,0.7014060516856456,0.038457686699142846,1.7287967416671337
ackley,lookahead_boundary_uncertainty_reduction,0,5,16,17,2738,1.1412830871556192,False,False,False,30,30,0.67026930630255,"current unlabelled pool, including the candidate",fixed current kernel hyperparameters; posterior refit only,2728,2738,0.5337502857410797,0.6416220095808709,0.6166135678417365,0.6299618307659387,0.04030747553661129,1.7030829667814058
ackley,lookahead_boundary_uncertainty_reduction,0,6,17,18,3951,1.5403732100501912,False,False,False,30,30,0.6357584291297921,"current unlabelled pool, including the candidate",fixed current kernel hyperparameters; posterior refit only,3934,3951,0.4768159201091434,0.6027565852391468,0.5876134878330419,0.5948339577560362,0.04092447137375588,1.7552784347864776
ackley,lookahead_boundary_uncertainty_reduction,0,7,18,19,809,1.0970968077559107,False,False,False,30,30,0.6340407618697681,"current unlabelled pool, including the candidate",fixed current kernel hyperparameters; posterior refit only,804,809,0.5154388915167004,0.5734717926084801,0.6135793306931738,0.5929063457213355,0.041134416148432607,1.6220927324289764
ackley,lookahead_boundary_uncertainty_reduction,0,8,19,20,917,1.455382861083109,False,False,False,30,30,0.4945179009456575,"current unlabelled pool, including the candidate",fixed current kernel hyperparameters; posterior refit only,911,917,0.5033674845963348,0.4353274760397105,0.4827146629214092,0.4588614938586721,0.03565640708698542,1.6096728458715368
ackley,lookahead_boundary_uncertainty_reduction,0,9,20,21,2082,0.6417695504841561,False,False,False,30,30,0.32660050701460097,"current unlabelled pool, including the candidate",fixed current kernel hyperparameters; posterior refit only,2073,2082,0.5106278242621863,0.3144191977960542,0.28434323236531317,0.2997008571557972,0.026899649858803776,1.5764159319949413
ackley,lookahead_boundary_uncertainty_reduction,0,10,21,22,3593,0.2758696707642674,False,True,True,30,30,0.28524169833656143,"current unlabelled pool, including the candidate",fixed current kernel hyperparameters; posterior refit only,3574,3593,0.4883010311758544,0.26435507864594465,0.2601185587675788,0.2621872557927818,0.02305444254377964,1.2732646400743255
ackley,lookahead_boundary_uncertainty_reduction,0,11,22,23,3059,0.9314868611099509,False,False,False,30,30,0.3625769265423825,"current unlabelled pool, including the candidate",fixed current kernel hyperparameters; posterior refit only,3043,3059,0.5083817264149063,0.3443918707308984,0.3393707435604398,0.34192339285990636,0.020653533682476133,1.4480239123909444
ackley,lookahead_boundary_uncertainty_reduction,0,12,23,24,3304,0.28681164131045556,False,True,True,30,30,0.33957515828998575,"current unlabelled pool, including the candidate",fixed current kernel hyperparameters; posterior refit only,3284,3304,0.5456961756883031,0.3243078102928153,0.31293611034735863,0.3191416035186692,0.02043355477131653,1.3894328415198467
ackley,lookahead_boundary_uncertainty_reduction,0,13,24,25,3254,1.7137565614106638,False,False,False,30,30,0.35130222524534294,"current unlabelled pool, including the candidate",fixed current kernel hyperparameters; posterior refit only,3235,3254,0.5412164583835117,0.3309898132455669,0.3354477247944056,0.3330350296941562,0.01826719555118672,1.3850867389916541
ackley,lookahead_boundary_uncertainty_reduction,0,14,25,26,3712,1.5949234742723508,False,False,False,30,30,0.2850286834529305,"current unlabelled pool, including the candidate",fixed current kernel hyperparameters; posterior refit only,3688,3712,0.3005352770783118,0.28855739038973677,0.2605580255481494,0.2689728224188326,0.016055861034097896,1.3818560102077577
ackley,lookahead_boundary_uncertainty_reduction,0,15,26,27,9,0.41494156230813495,False,False,True,30,30,0.38977436951347044,"current unlabelled pool, including the candidate",fixed current kernel hyperparameters; posterior refit only,9,9,0.4891223674135688,0.36698418532791777,0.3729688670012423,0.37004162533296925,0.019732744180501194,1.3813476520411627
ackley,lookahead_boundary_uncertainty_reduction,0,16,27,28,2437,0.7654249162972846,False,False,False,30,30,0.49967237825799843,"current unlabelled pool, including the candidate",fixed current kernel hyperparameters; posterior refit only,2425,2437,0.4662721842463485,0.4873076441581503,0.4699003796834915,0.47801690291184457,0.021655475346153863,1.5195472912290975
ackley,lookahead_boundary_uncertainty_reduction,0,17,28,29,171,1.7376246051430897,False,False,False,30,30,0.6394512601958681,"current unlabelled pool, including the candidate",fixed current kernel hyperparameters; posterior refit only,169,171,0.5202644123712681,0.62594320279124,0.6062617795905316,0.6165013236666785,0.02294993652918953,1.6100737554192794
ackley,lookahead_boundary_uncertainty_reduction,0,18,29,30,3138,1.1354765391016617,False,False,False,30,30,0.7255393435946926,"current unlabelled pool, including the candidate",fixed current kernel hyperparameters; posterior refit only,3116,3138,0.487586231255435,0.7168557830819464,0.6915798398592794,0.703904041756646,0.021635301838046628,1.7555146782777304
ackley,lookahead_boundary_uncertainty_reduction,0,19,30,31,1448,3.076782124013075,False,False,False,30,30,0.83861621682973,"current unlabelled pool, including the candidate",fixed current kernel hyperparameters; posterior refit only,1438,1448,0.49861039996563017,0.7791464612394849,0.8159568716993472,0.7976028182170563,0.041013398612673724,1.6865818417343221
ackley,lookahead_boundary_uncertainty_reduction,0,20,31,32,2971,0.2700718808557365,False,True,True,30,30,0.8365540053330183,"current unlabelled pool, including the candidate",fixed current kernel hyperparameters; posterior refit only,2951,2971,0.4492808563398514,0.8257169325897404,0.7955190511982856,0.8090863812094877,0.027467624123530543,1.7154829570771737
ackley,lookahead_boundary_uncertainty_reduction,0,21,32,33,2250,1.1076300658628284,False,False,False,30,30,0.6363860504600712,"current unlabelled pool, including the candidate",fixed current kernel hyperparameters; posterior refit only,2237,2250,0.5109475279943444,0.6194860647349416,0.6081202936652035,0.6139276062970358,0.02245844416303544,1.5690375947850705
ackley,lookahead_boundary_uncertainty_reduction,0,22,33,34,137,1.8961265774220895,False,False,False,30,30,0.552707909468789,"current unlabelled pool, including the candidate",fixed current kernel hyperparameters; posterior refit only,135,137,0.5003024355094962,0.5159987686006187,0.5368783084340067,0.5264322238030451,0.026275685665743898,1.4767451000520027
ackley,lookahead_boundary_uncertainty_reduction,0,23,34,35,62,0.45326833850999826,False,False,True,30,30,0.530838116310235,"current unlabelled pool, including the candidate",fixed current kernel hyperparameters; posterior refit only,60,62,0.5274982814984209,0.5006138672554779,0.516841631996385,0.5082815139829958,0.022556602327239217,1.5134762229392438
ackley,lookahead_boundary_uncertainty_reduction,0,24,35,36,1329,0.12704471367815806,True,True,True,30,30,0.4967613527543919,"current unlabelled pool, including the candidate",fixed current kernel hyperparameters; posterior refit only,1317,1329,0.5028518393844121,0.48666919699792255,0.4748887343441558,0.4808125616584018,0.015948791095990122,1.4827664993177379
ackley,lookahead_boundary_uncertainty_reduction,0,25,36,37,2974,0.41276109489524515,False,False,True,30,30,0.623932215341852,"current unlabelled pool, including the candidate",fixed current kernel hyperparameters; posterior refit only,2949,2974,0.4713587818546345,0.5987349755820749,0.6098874715985024,0.6046306446615605,0.01930157068029148,1.5652527194387982
ackley,lookahead_boundary_uncertainty_reduction,0,26,37,38,457,0.1369928729608727,True,True,True,30,30,0.6717881248219219,"current unlabelled pool, including the candidate",fixed current kernel hyperparameters; posterior refit only,450,457,0.4933795216050799,0.6351827130478972,0.6544190514912392,0.6449282360326297,0.02685988878929213,1.6037143031046355
ackley,lookahead_boundary_uncertainty_reduction,0,27,38,39,573,0.01309136432668545,True,True,True,30,30,0.764422831908111,"current unlabelled pool, including the candidate",fixed current kernel hyperparameters; posterior refit only,565,573,0.5387022340143334,0.7347564135739246,0.7594189281504882,0.7461331764516823,0.01828965545642869,1.7161974484300138
ackley,lookahead_boundary_uncertainty_reduction,0,28,39,40,2731,0.39688733945907906,False,False,True,30,30,0.6113182656252052,"current unlabelled pool, including the candidate",fixed current kernel hyperparameters; posterior refit only,2708,2731,0.458247038197286,0.5885159377076404,0.6022306277425524,0.5959459116542601,0.015372353970945052,1.5513664619261172
ackley,lookahead_boundary_uncertainty_reduction,0,29,40,41,775,0.47952453408372087,False,False,True,30,30,0.6036344412405525,"current unlabelled pool, including the candidate",fixed current kernel hyperparameters; posterior refit only,764,775,0.565444905701766,0.5887904947694389,0.5864103277009151,0.587756181044531,0.015878260196021565,1.5725624456206688
ackley,lookahead_boundary_uncertainty_reduction,0,30,41,42,3282,0.013603625378779682,True,True,True,30,30,0.5613790356023349,"current unlabelled pool, including the candidate",fixed current kernel hyperparameters; posterior refit only,3246,3282,0.4849625258859977,0.5522821697310681,0.5409214463995976,0.5464309714823194,0.01494806412001548,1.619546311922476
ackley,lookahead_boundary_uncertainty_reduction,0,31,42,43,59,0.3580367577028767,False,True,True,30,30,0.56045392129388,"current unlabelled pool, including the candidate",fixed current kernel hyperparameters; posterior refit only,57,59,0.47766741173069627,0.5445853476179262,0.5479676790962896,0.5463520495734044,0.014101871720475612,1.6085285843255672
ackley,lookahead_boundary_uncertainty_reduction,0,32,43,44,1439,0.7865571845338017,False,False,False,30,30,0.5956167033013731,"current unlabelled pool, including the candidate",fixed current kernel hyperparameters; posterior refit only,1422,1439,0.48106744880784824,0.5852296792620789,0.5746227986801213,0.5797254236614933,0.015891279639879796,1.527369266531831
ackley,lookahead_boundary_uncertainty_reduction,0,33,44,45,1486,0.11147777875314979,True,True,True,30,30,0.6918014743122264,"current unlabelled pool, including the candidate",fixed current kernel hyperparameters; posterior refit only,1467,1486,0.5050247711733733,0.6805071549137857,0.6733417486550186,0.6769604563112167,0.014841018001009676,1.6100141067312554
ackley,lookahead_boundary_uncertainty_reduction,0,34,45,46,2567,0.9682922742965605,False,False,False,30,30,0.7757319466229555,"current unlabelled pool, including the candidate",fixed current kernel hyperparameters; posterior refit only,2540,2567,0.5709533453026263,0.743498962486135,0.7614786664902873,0.7512130943415656,0.024518852281389947,1.6761676918615807
ackley,lookahead_boundary_uncertainty_reduction,0,35,46,47,3733,1.306155815281846,False,False,False,30,30,0.8791726603755704,"current unlabelled pool, including the candidate",fixed current kernel hyperparameters; posterior refit only,3688,3733,0.5018660705005842,0.8562961128482836,0.864424668559217,0.8603452222457257,0.018827438129844665,1.7473704118327011
ackley,lookahead_boundary_uncertainty_reduction,0,36,47,48,671,1.1201450200756575,False,False,False,30,30,0.9003670929353869,"current unlabelled pool, including the candidate",fixed current kernel hyperparameters; posterior refit only,660,671,0.4992789539779104,0.8849860812671126,0.8914393469576063,0.8882173672139151,0.012149725721471771,1.829012315905425
ackley,lookahead_boundary_uncertainty_reduction,0,37,48,49,684,0.35845250071040624,False,True,True,30,30,0.8457306647315033,"current unlabelled pool, including the candidate",fixed current kernel hyperparameters; posterior refit only,672,684,0.5089790517932152,0.8250404483979272,0.8393888042740956,0.8320857917054518,0.01364487302605144,1.690346469612747
ackley,lookahead_boundary_uncertainty_reduction,0,38,49,50,211,1.7989043692559434,False,False,False,30,30,0.7361135674090074,"current unlabelled pool, including the candidate",fixed current kernel hyperparameters; posterior refit only,205,211,0.48377498342858055,0.7262127574322185,0.7218589240681212,0.7239651997316883,0.012148367677319083,1.6991613592749286
ackley,lookahead_boundary_uncertainty_reduction,0,39,50,51,2678,0.5711526595780985,False,False,True,30,30,0.7400759839370953,"current unlabelled pool, including the candidate",fixed current kernel hyperparameters; posterior refit only,2647,2678,0.49663760105481974,0.724017211815806,0.7249643385000626,0.7244939597756984,0.015582024161396868,1.6544550916460161
ackley,lookahead_boundary_uncertainty_reduction,0,40,51,52,1022,0.7014301277572148,False,False,False,30,30,0.7737440664511059,"current unlabelled pool, including the candidate",fixed current kernel hyperparameters; posterior refit only,1004,1022,0.5174054125151266,0.7558275401982548,0.7654411873851831,0.7604670342966555,0.013277032154450419,1.6916654566217229
ackley,lookahead_boundary_uncertainty_reduction,0,41,52,53,732,0.7900846874603502,False,False,False,30,30,0.6784424172713228,"current unlabelled pool, including the candidate",fixed current kernel hyperparameters; posterior refit only,718,732,0.5393832356421975,0.6644113536590901,0.667695668993127,0.6659241643613849,0.01251825290993791,1.649954247415961
ackley,lookahead_boundary_uncertainty_reduction,0,42,53,54,989,0.28714045952182765,False,True,True,30,30,0.6722445862518884,"current unlabelled pool, including the candidate",fixed current kernel hyperparameters; posterior refit only,970,989,0.5245850961414875,0.6606541507345215,0.6588724564305272,0.6598071067082828,0.012437479543605634,1.6398123933228497
ackley,lookahead_boundary_uncertainty_reduction,0,43,54,55,3004,1.0462013195486382,False,False,False,30,30,0.7079771142689347,"current unlabelled pool, including the candidate",fixed current kernel hyperparameters; posterior refit only,2963,3004,0.4962752684234898,0.6894437077187824,0.6921632662081144,0.6908136165888278,0.017163497680106943,1.6716426712706476
ackley,lookahead_boundary_uncertainty_reduction,0,44,55,56,978,0.957913396596366,False,False,False,30,30,0.6659367421160047,"current unlabelled pool, including the candidate",fixed current kernel hyperparameters; posterior refit only,959,978,0.481723819317584,0.6537686039136288,0.6552365486956525,0.6545294047287087,0.011407337387296046,1.727753793522158
ackley,lookahead_boundary_uncertainty_reduction,0,45,56,57,1110,1.6176874774723462,False,False,False,30,30,0.6218073648702167,"current unlabelled pool, including the candidate",fixed current kernel hyperparameters; posterior refit only,1088,1110,0.5034356344685017,0.6099293991349245,0.599064401423244,0.6045342284397226,0.017273136430494107,1.5910797666419763
ackley,lookahead_boundary_uncertainty_reduction,0,46,57,58,3569,0.28773767468322653,False,True,True,30,30,0.5863260447442409,"current unlabelled pool, including the candidate",fixed current kernel hyperparameters; posterior refit only,3517,3569,0.517950664914544,0.5750868974662101,0.5746586728061495,0.5748804720535606,0.01144557269068025,1.6190643574660426
ackley,lookahead_boundary_uncertainty_reduction,0,47,58,59,1196,1.0615010248977992,False,False,False,30,30,0.6108396967840534,"current unlabelled pool, including the candidate",fixed current kernel hyperparameters; posterior refit only,1172,1196,0.5059261478015841,0.599792253560007,0.598651970818463,0.599228869673297,0.011610827110756339,1.6127684894172443
ackley,lookahead_boundary_uncertainty_reduction,0,48,59,60,835,0.9604176406367539,False,False,False,30,30,0.6108000562572635,"current unlabelled pool, including the candidate",fixed current kernel hyperparameters; posterior refit only,817,835,0.4530847075740689,0.5982871002412553,0.6015762187770105,0.6000859694670614,0.010714086790202138,1.6454956243734462
ackley,lookahead_boundary_uncertainty_reduction,0,49,60,61,537,1.0479681972981147,False,False,False,30,30,0.6060051369208665,"current unlabelled pool, including the candidate",fixed current kernel hyperparameters; posterior refit only,527,537,0.5516592276873271,0.5925426949491879,0.5970815054289491,0.5945776287450648,0.011427508175801737,1.628011654571083
ackley,lookahead_boundary_uncertainty_reduction,0,50,61,62,3604,1.4191953778807704,False,False,False,30,30,0.5666272250878127,"current unlabelled pool, including the candidate",fixed current kernel hyperparameters; posterior refit only,3547,3604,0.4751747505226476,0.5564011336879671,0.5575510053940822,0.557004615392996,0.009622609694816764,1.6141376589536818
ackley,lookahead_boundary_uncertainty_reduction,0,51,62,63,3811,1.4883845959565214,False,False,False,30,30,0.5567208144712873,"current unlabelled pool, including the candidate",fixed current kernel hyperparameters; posterior refit only,3750,3811,0.4915696220680517,0.5479052044837995,0.5469260638236596,0.5474073796279161,0.009313434843371216,1.6035119483003089
ackley,lookahead_boundary_uncertainty_reduction,0,52,63,64,2442,1.8957814871745757,False,False,False,30,30,0.5759436055792632,"current unlabelled pool, including the candidate",fixed current kernel hyperparameters; posterior refit only,2405,2442,0.4727580841924893,0.5611155812665911,0.5718142242290187,0.566756354278642,0.009187251300621146,1.677426030398153
ackley,lookahead_boundary_uncertainty_reduction,0,53,64,65,3383,1.2896133557068659,False,False,False,30,30,0.5608831480684077,"current unlabelled pool, including the candidate",fixed current kernel hyperparameters; posterior refit only,3327,3383,0.538136202410078,0.5527555525258498,0.5506385701397867,0.5517777950015917,0.009105353066815924,1.6003803033649873
ackley,lookahead_boundary_uncertainty_reduction,0,54,65,66,2390,1.0075411597295467,False,False,False,30,30,0.5373195739075005,"current unlabelled pool, including the candidate",fixed current kernel hyperparameters; posterior refit only,2355,2390,0.5142198505788306,0.5219393394256653,0.5220773163933776,0.5220063658976573,0.01531320800984326,1.5523239537435016
ackley,lookahead_boundary_uncertainty_reduction,0,55,66,67,2136,1.4200230444375705,False,False,False,30,30,0.5386882381163359,"current unlabelled pool, including the candidate",fixed current kernel hyperparameters; posterior refit only,2103,2136,0.4948552771428291,0.5271960016263263,0.5273136927982115,0.5272554527007309,0.011432785415604996,1.5708736092299433
ackley,lookahead_boundary_uncertainty_reduction,0,56,67,68,2946,1.5725119375578434,False,False,False,30,30,0.5189003691729377,"current unlabelled pool, including the candidate",fixed current kernel hyperparameters; posterior refit only,2900,2946,0.40447843877351,0.5140101016327259,0.5062753333012315,0.5094038803202292,0.009496488852708485,1.5732291328458974
ackley,lookahead_boundary_uncertainty_reduction,0,57,68,69,645,1.2821775805917852,False,False,False,30,30,0.5333326061869761,"current unlabelled pool, including the candidate",fixed current kernel hyperparameters; posterior refit only,632,645,0.5072726492986246,0.5270752999159868,0.5183302005793083,0.5227663502882048,0.010566255898771248,1.741141973720936
ackley,lookahead_boundary_uncertainty_reduction,0,58,69,70,2673,0.17144427968924703,True,True,True,30,30,0.5490186024685767,"current unlabelled pool, including the candidate",fixed current kernel hyperparameters; posterior refit only,2630,2673,0.4989132219539785,0.5388775858599802,0.5383723556501575,0.5386244216819687,0.010394180786608032,1.5698752114209757
ackley,lookahead_boundary_uncertainty_reduction,0,59,70,71,367,2.2202042408681653,False,False,False,30,30,0.5491476652215073,"current unlabelled pool, including the candidate",fixed current kernel hyperparameters; posterior refit only,359,367,0.5093228645913417,0.5442521332758273,0.5287908963137139,0.536665657813383,0.012482007408124218,1.5480086088752365
ackley,lookahead_boundary_uncertainty_reduction,0,60,71,72,2489,0.7174082497673595,False,False,False,30,30,0.47536624812465866,"current unlabelled pool, including the candidate",fixed current kernel hyperparameters; posterior refit only,2447,2489,0.37295635117059134,0.47491751061951915,0.46262467863469864,0.4672093683973104,0.008156879727348243,1.51746548884275
ackley,lookahead_boundary_uncertainty_reduction,0,61,72,73,2614,0.5011715585311052,False,False,True,30,30,0.5565387883934394,"current unlabelled pool, including the candidate",fixed current kernel hyperparameters; posterior refit only,2569,2614,0.408813803893431,0.5497885399608567,0.543961034552514,0.5463433992057082,0.010195389187731219,1.5930378590603125
ackley,lookahead_boundary_uncertainty_reduction,0,62,73,74,3775,0.7850115406788838,False,False,False,30,30,0.6096995559064492,"current unlabelled pool, including the candidate",fixed current kernel hyperparameters; posterior refit only,3704,3775,0.4875010677157968,0.6032807509970137,0.5988151242565746,0.600992122060559,0.008707433845890233,1.6547712358892468
ackley,lookahead_boundary_uncertainty_reduction,0,63,74,75,757,0.999482371768309,False,False,False,30,30,0.6918922744694369,"current unlabelled pool, including the candidate",fixed current kernel hyperparameters; posterior refit only,739,757,0.5556026680096675,0.6777524495826104,0.6862598617507844,0.681533120852289,0.010359153617147898,1.7082245182745965
ackley,lookahead_boundary_uncertainty_reduction,0,64,75,76,1265,0.2731185594602845,False,True,True,30,30,0.5471042917612878,"current unlabelled pool, including the candidate",fixed current kernel hyperparameters; posterior refit only,1235,1265,0.49220760526825164,0.5355744399970437,0.5398270539406513,0.5377338850153379,0.00937040674594991,1.5451313795635928
ackley,lookahead_boundary_uncertainty_reduction,0,65,76,77,1340,0.5077784111150176,False,False,True,30,30,0.5745585078508444,"current unlabelled pool, including the candidate",fixed current kernel hyperparameters; posterior refit only,1308,1340,0.5357881906703037,0.554036581929327,0.5770773339555963,0.5647323711157584,0.009826136735086033,1.5605023930582957
ackley,lookahead_boundary_uncertainty_reduction,0,66,77,78,1878,0.592105925302608,False,False,False,30,30,0.5153645135982999,"current unlabelled pool, including the candidate",fixed current kernel hyperparameters; posterior refit only,1841,1878,0.5130364161415786,0.5082729437664902,0.5066777586389326,0.5074961466998571,0.007868366898442836,1.6465844790680455
ackley,lookahead_boundary_uncertainty_reduction,0,67,78,79,2434,1.1497734861712043,False,False,False,30,30,0.5241864788649834,"current unlabelled pool, including the candidate",fixed current kernel hyperparameters; posterior refit only,2391,2434,0.5085336738200666,0.5147336047289303,0.5185207796514028,0.5165948736746786,0.007591605190304773,1.633094297174095
ackley,lookahead_boundary_uncertainty_reduction,0,68,79,80,2465,0.4210517373747624,False,False,True,30,30,0.5015692345974659,"current unlabelled pool, including the candidate",fixed current kernel hyperparameters; posterior refit only,2418,2465,0.4997329790699119,0.4996692706956102,0.48988755852222843,0.4947758026870369,0.006793431910429026,1.5430439814467942
ackley,lookahead_boundary_uncertainty_reduction,1,1,12,13,610,0.3356569607154434,False,True,True,30,30,0.32791244977124917,"current unlabelled pool, including the candidate",fixed current kernel hyperparameters; posterior refit only,610,610,0.4190692508159399,0.2586951405967433,0.24242256051267155,0.24924189845734585,0.07867055131390333,1.4407117885869831
ackley,lookahead_boundary_uncertainty_reduction,1,2,13,14,669,1.0866272352823838,False,False,False,30,30,0.3746384464141546,"current unlabelled pool, including the candidate",fixed current kernel hyperparameters; posterior refit only,668,669,0.4399400847936723,0.3007967677483653,0.31592788051377146,0.30927109748073606,0.06536734893341856,1.4449048262056232
ackley,lookahead_boundary_uncertainty_reduction,1,3,14,15,371,1.8205676769134893,False,False,False,30,30,0.3794702990181947,"current unlabelled pool, including the candidate",fixed current kernel hyperparameters; posterior refit only,371,371,0.518331470255057,0.33845007546182504,0.33636175625213327,0.3374441978184547,0.042026101199739985,1.4525043289157429
ackley,lookahead_boundary_uncertainty_reduction,1,4,15,16,538,1.3064249596256463,False,False,False,30,30,0.3540785116692257,"current unlabelled pool, including the candidate",fixed current kernel hyperparameters; posterior refit only,537,538,0.51348013820598,0.3338167756490328,0.3008101850845913,0.3177584137693289,0.03632009789989682,1.384620766475797
ackley,lookahead_boundary_uncertainty_reduction,1,5,16,17,1064,0.9640952589684151,False,False,False,30,30,0.4438252182945575,"current unlabelled pool, including the candidate",fixed current kernel hyperparameters; posterior refit only,1057,1064,0.4969425345726128,0.3784814990124999,0.38507187182112385,0.3817968352538278,0.06202838304072972,1.4098056316821264
ackley,lookahead_boundary_uncertainty_reduction,1,6,17,18,3272,0.9124696139525383,False,False,False,30,30,0.31497483077857585,"current unlabelled pool, including the candidate",fixed current kernel hyperparameters; posterior refit only,3255,3272,0.5214222733562642,0.22486931183072614,0.31160148567989215,0.2663773984183293,0.04859743236024655,1.1924931514599426
ackley,lookahead_boundary_uncertainty_reduction,1,7,18,19,3130,0.7844677785936067,False,False,False,30,30,0.4168045724332492,"current unlabelled pool, including the candidate",fixed current kernel hyperparameters; posterior refit only,3113,3130,0.4975217985734589,0.34040720123759477,0.4118038031335099,0.37628243734622097,0.04052213508702823,1.3869245040531837
ackley,lookahead_boundary_uncertainty_reduction,1,8,19,20,3030,0.6225581899714836,False,False,True,30,30,0.32489600018800124,"current unlabelled pool, including the candidate",fixed current kernel hyperparameters; posterior refit only,3013,3030,0.6008709199597622,0.28169375524468704,0.31784044501252484,0.29612095027822405,0.028775049909777195,1.223679320988503
ackley,lookahead_boundary_uncertainty_reduction,1,9,20,21,2418,2.1331611699120536,False,False,False,30,30,0.392791822669774,"current unlabelled pool, including the candidate",fixed current kernel hyperparameters; posterior refit only,2402,2418,0.6396350227936606,0.35689453713449637,0.3895010765584542,0.36864479197078853,0.024147030698985494,1.4072231764073555
ackley,lookahead_boundary_uncertainty_reduction,1,10,21,22,2181,1.3353822594596796,False,False,False,30,30,0.32169525929473125,"current unlabelled pool, including the candidate",fixed current kernel hyperparameters; posterior refit only,2167,2181,0.5267131168833842,0.28587411805311325,0.3102604835716057,0.297415864979903,0.02427939431482823,1.2947818785899858
ackley,lookahead_boundary_uncertainty_reduction,1,11,22,23,3709,0.8547080882095237,False,False,False,30,30,0.3259048237381279,"current unlabelled pool, including the candidate",fixed current kernel hyperparameters; posterior refit only,3687,3709,0.5117997718349038,0.286532561726642,0.31875681114578697,0.3022644476455175,0.023640376092610382,1.2481411970316854
ackley,lookahead_boundary_uncertainty_reduction,1,12,23,24,2753,6.86147664499474,False,False,False,30,30,0.3190902115657131,"current unlabelled pool, including the candidate",fixed current kernel hyperparameters; posterior refit only,2734,2753,0.5543495022327289,0.24533154231221704,0.3220038700350104,0.2795006033268552,0.039589608238857876,1.247251337584533
ackley,lookahead_boundary_uncertainty_reduction,1,13,24,25,620,1.1652151542067877,False,False,False,30,30,0.32471371615429717,"current unlabelled pool, including the candidate",fixed current kernel hyperparameters; posterior refit only,617,620,0.49547500045080556,0.29080096329151833,0.31188654959903483,0.3014391687138126,0.023274547440484572,1.270463203297637
ackley,lookahead_boundary_uncertainty_reduction,1,14,25,26,557,0.0662000962404079,True,True,True,30,30,0.365172565499845,"current unlabelled pool, including the candidate",fixed current kernel hyperparameters; posterior refit only,555,557,0.4978255151430282,0.3186903348121044,0.35643255843473537,0.33764351651715574,0.027529048982689264,1.3179111580211456
ackley,lookahead_boundary_uncertainty_reduction,1,15,26,27,3973,1.591442232876025,False,False,False,30,30,0.43900464984537857,"current unlabelled pool, including the candidate",fixed current kernel hyperparameters; posterior refit only,3947,3973,0.5618008264442095,0.4084834156291835,0.41458644949459417,0.41115776002518944,0.027846889820189125,1.471388558729007
ackley,lookahead_boundary_uncertainty_reduction,1,16,27,28,524,0.8512695843068965,False,False,False,30,30,0.4061801661949874,"current unlabelled pool, including the candidate",fixed current kernel hyperparameters; posterior refit only,523,524,0.48641858293957646,0.3940527480429674,0.38454320737673997,0.38916882467201264,0.017011341522974788,1.54036774413746
ackley,lookahead_boundary_uncertainty_reduction,1,17,28,29,2168,1.4298000957793224,False,False,False,30,30,0.39553989532309786,"current unlabelled pool, including the candidate",fixed current kernel hyperparameters; posterior refit only,2151,2168,0.46586458080356274,0.3953689564536918,0.36036971678029966,0.3766746228991879,0.01886527242390995,1.6042516816311392
ackley,lookahead_boundary_uncertainty_reduction,1,18,29,30,3268,1.9700812146160498,False,False,False,30,30,0.41892748351278714,"current unlabelled pool, including the candidate",fixed current kernel hyperparameters; posterior refit only,3242,3268,0.551212814192078,0.3937374304373633,0.4147643347714259,0.40317403565969967,0.015753447853087466,1.4112050684705728
ackley,lookahead_boundary_uncertainty_reduction,1,19,30,31,1609,2.293952317990275,False,False,False,30,30,0.33120020580025206,"current unlabelled pool, including the candidate",fixed current kernel hyperparameters; posterior refit only,1597,1609,0.4288200109823267,0.3171103836528695,0.31739845679328615,0.31727492526604895,0.01392528053420311,1.3716418048434331
ackley,lookahead_boundary_uncertainty_reduction,1,20,31,32,1859,0.9248783695876828,False,False,False,30,30,0.30796427626157175,"current unlabelled pool, including the candidate",fixed current kernel hyperparameters; posterior refit only,1843,1859,0.5336435181485212,0.29699544730553673,0.29398867330174494,0.2955932187594059,0.012371057502165828,1.387803281446751
ackley,lookahead_boundary_uncertainty_reduction,1,21,32,33,355,0.723104245460302,False,False,False,30,30,0.29306990689216555,"current unlabelled pool, including the candidate",fixed current kernel hyperparameters; posterior refit only,355,355,0.39071166835016025,0.28653563736302146,0.27720495736800077,0.28085056291569677,0.012219343976468788,1.2631274979069627
ackley,lookahead_boundary_uncertainty_reduction,1,22,33,34,2566,0.6113325289193572,False,False,True,30,30,0.39097653053074255,"current unlabelled pool, including the candidate",fixed current kernel hyperparameters; posterior refit only,2541,2566,0.4761935948553001,0.36467251012332835,0.3789480507198431,0.372150129724686,0.018826400806056576,1.324405471726668
ackley,lookahead_boundary_uncertainty_reduction,1,23,34,35,324,1.9539792849099413,False,False,False,30,30,0.3978503355182464,"current unlabelled pool, including the candidate",fixed current kernel hyperparameters; posterior refit only,324,324,0.6416545409312091,0.3692501715316183,0.39614392863200054,0.37888742726583935,0.01896290825240704,1.4401094386192452
ackley,lookahead_boundary_uncertainty_reduction,1,24,35,36,1977,1.8883597461061274,False,False,False,30,30,0.306151463229733,"current unlabelled pool, including the candidate",fixed current kernel hyperparameters; posterior refit only,1958,1977,0.464016644257993,0.2918340085648589,0.2983917090415175,0.29534882687228936,0.010802636357443662,1.3281144988901896
ackley,lookahead_boundary_uncertainty_reduction,1,25,36,37,1492,1.3524519889319127,False,False,False,30,30,0.2827264328668924,"current unlabelled pool, including the candidate",fixed current kernel hyperparameters; posterior refit only,1478,1492,0.6730002894872252,0.2628181483243377,0.27560260814098436,0.2669986629834433,0.015727769883449094,1.247150887843023
ackley,lookahead_boundary_uncertainty_reduction,1,26,37,38,2821,0.018148857370951177,True,True,True,30,30,0.2542900622761577,"current unlabelled pool, including the candidate",fixed current kernel hyperparameters; posterior refit only,2790,2821,0.6573759627292517,0.2322775591074035,0.25256664672423773,0.23922908821922317,0.015060974056934517,1.0766430919604084
ackley,lookahead_boundary_uncertainty_reduction,1,27,38,39,591,0.5265696197267893,False,False,True,30,30,0.30753624559516785,"current unlabelled pool, including the candidate",fixed current kernel hyperparameters; posterior refit only,585,591,0.48625476068673373,0.2831671045785912,0.30195854810088624,0.29282111922799436,0.014715126367173481,1.4266253341493809
ackley,lookahead_boundary_uncertainty_reduction,1,28,39,40,1776,1.2557399975865255,False,False,False,30,30,0.3173278108777443,"current unlabelled pool, including the candidate",fixed current kernel hyperparameters; posterior refit only,1759,1776,0.47587750110231536,0.2915697863771447,0.3087304820940172,0.3005640930990947,0.0167637177786496,1.2791001212655169
ackley,lookahead_boundary_uncertainty_reduction,1,29,40,41,2878,0.40147205849476997,False,True,True,30,30,0.40130129115478685,"current unlabelled pool, including the candidate",fixed current kernel hyperparameters; posterior refit only,2844,2878,0.6163861344680637,0.382443412424268,0.3963221409709043,0.3877674851307116,0.013533806024075279,1.3325581241795448
ackley,lookahead_boundary_uncertainty_reduction,1,30,41,42,699,1.2251537157589265,False,False,False,30,30,0.35458034506540925,"current unlabelled pool, including the candidate",fixed current kernel hyperparameters; posterior refit only,689,699,0.3811933044433507,0.3468983114932179,0.3381045933879598,0.3414566998508465,0.013123645214562774,1.3169908521696887
ackley,lookahead_boundary_uncertainty_reduction,1,31,42,43,2880,2.4351210067003812,False,False,False,30,30,0.48767529627875605,"current unlabelled pool, including the candidate",fixed current kernel hyperparameters; posterior refit only,2844,2880,0.5146122460807627,0.4490970812473475,0.47685052336518885,0.46256826218045405,0.025107034098302006,1.378233927161359
ackley,lookahead_boundary_uncertainty_reduction,1,32,43,44,2837,2.3802159881419573,False,False,False,30,30,0.6715201737569174,"current unlabelled pool, including the candidate",fixed current kernel hyperparameters; posterior refit only,2802,2837,0.5146285026007793,0.6329503510841711,0.656554957764401,0.6444073543740739,0.02711281938284349,1.5740616959635485
ackley,lookahead_boundary_uncertainty_reduction,1,33,44,45,437,1.5495677250813387,False,False,False,30,30,0.834242038478017,"current unlabelled pool, including the candidate",fixed current kernel hyperparameters; posterior refit only,434,437,0.4955127772547185,0.7991212757721188,0.8194298957423876,0.8093667150587089,0.024875323419308093,1.7002151800098224
ackley,lookahead_boundary_uncertainty_reduction,1,34,45,46,129,1.7346057261045829,False,False,False,30,30,0.877458826545124,"current unlabelled pool, including the candidate",fixed current kernel hyperparameters; posterior refit only,129,129,0.5139786718298812,0.8496040968849848,0.8635437598857172,0.8563790704108446,0.02107975613427937,1.7246932533863533
ackley,lookahead_boundary_uncertainty_reduction,1,35,46,47,2180,0.6062680221845351,False,False,True,30,30,0.9269182713365345,"current unlabelled pool, including the candidate",fixed current kernel hyperparameters; posterior refit only,2151,2180,0.50360657198825,0.909538552172648,0.9046995786119689,0.9071365174988043,0.019781753837730176,1.7780482088851226
ackley,lookahead_boundary_uncertainty_reduction,1,36,47,48,3833,0.6956634964674002,False,False,False,30,30,0.8636733556574907,"current unlabelled pool, including the candidate",fixed current kernel hyperparameters; posterior refit only,3787,3833,0.5305173261415893,0.8461010753569009,0.8493841746187594,0.8476424335769008,0.01603092208058987,1.7244208713310096
ackley,lookahead_boundary_uncertainty_reduction,1,37,48,49,2019,0.7165762799330615,False,False,False,30,30,0.8769659407361362,"current unlabelled pool, including the candidate",fixed current kernel hyperparameters; posterior refit only,1991,2019,0.4852577677384508,0.8670055267630447,0.8608847087533874,0.8638548832374869,0.01311105749864927,1.7591204675854328
ackley,lookahead_boundary_uncertainty_reduction,1,38,49,50,2367,0.22188833751208215,False,True,True,30,30,0.8920540270221876,"current unlabelled pool, including the candidate",fixed current kernel hyperparameters; posterior refit only,2333,2367,0.500550818243718,0.8785661281206286,0.8796390850996479,0.8791020156058595,0.012952011416328069,1.7209952959423327
ackley,lookahead_boundary_uncertainty_reduction,1,39,50,51,2934,1.1714800850078557,False,False,False,30,30,0.8911554139527607,"current unlabelled pool, including the candidate",fixed current kernel hyperparameters; posterior refit only,2891,2934,0.5180597704964726,0.8647669538083026,0.8801240827844622,0.8721681720715883,0.0189872418811724,1.7401277858141555
ackley,lookahead_boundary_uncertainty_reduction,1,40,51,52,2219,2.6825909484152124,False,False,False,30,30,0.9736352986031094,"current unlabelled pool, including the candidate",fixed current kernel hyperparameters; posterior refit only,2187,2219,0.4803749421376007,0.9537360300242501,0.9557327539205634,0.9547735777944072,0.018861720808702187,1.773455349681767
ackley,lookahead_boundary_uncertainty_reduction,1,41,52,53,3412,0.3775061617375375,False,True,True,30,30,0.9436797026401887,"current unlabelled pool, including the candidate",fixed current kernel hyperparameters; posterior refit only,3363,3412,0.5068705966296578,0.9267611414458969,0.9354259621206363,0.9310340192955422,0.012645683344646552,1.7752452947521535
ackley,lookahead_boundary_uncertainty_reduction,1,42,53,54,2159,0.48362322719572326,False,False,True,30,30,0.909404960830073,"current unlabelled pool, including the candidate",fixed current kernel hyperparameters; posterior refit only,2130,2159,0.5003515261229631,0.8977167094270404,0.8923468323326083,0.8950336585319001,0.014371302298172961,1.7664987032651567
ackley,lookahead_boundary_uncertainty_reduction,1,43,54,55,1530,0.7783000226267873,False,False,False,30,30,0.9061167165441578,"current unlabelled pool, including the candidate",fixed current kernel hyperparameters; posterior refit only,1511,1530,0.5151882130133972,0.8882878259554022,0.8980520090392025,0.8930216170047238,0.013095099539433996,1.7564015636347303
ackley,lookahead_boundary_uncertainty_reduction,1,44,55,56,3738,0.5650133991130577,False,False,True,30,30,0.9472974133527815,"current unlabelled pool, including the candidate",fixed current kernel hyperparameters; posterior refit only,3685,3738,0.523283883615977,0.9355735656703754,0.9341281858716087,0.9348845298260074,0.012412883526774054,1.8116679405719522
ackley,lookahead_boundary_uncertainty_reduction,1,45,56,57,3292,1.2980859787831687,False,False,False,30,30,0.9065076865136062,"current unlabelled pool, including the candidate",fixed current kernel hyperparameters; posterior refit only,3241,3292,0.5008453658680246,0.8908926231542135,0.8927419531371115,0.8918157247852162,0.014691961728390046,1.7774935865451424
ackley,lookahead_boundary_uncertainty_reduction,1,46,57,58,2649,2.02332947051619,False,False,False,30,30,0.92333300191372,"current unlabelled pool, including the candidate",fixed current kernel hyperparameters; posterior refit only,2609,2649,0.5343675348996421,0.9081048540234012,0.914967334101226,0.9113002475387408,0.012032754374979193,1.803868015772974
ackley,lookahead_boundary_uncertainty_reduction,1,47,58,59,2952,0.6026569859724429,False,False,True,30,30,0.8575493974224987,"current unlabelled pool, including the candidate",fixed current kernel hyperparameters; posterior refit only,2904,2952,0.5062666087046063,0.8488988148227731,0.8422848975665995,0.8456333030261354,0.01191609439636332,1.799885419766661
ackley,lookahead_boundary_uncertainty_reduction,1,48,59,60,54,0.3620184216582718,False,True,True,30,30,0.8747583444515725,"current unlabelled pool, including the candidate",fixed current kernel hyperparameters; posterior refit only,54,54,0.47909808400125997,0.8650853857123154,0.8634904776054817,0.8642545950236238,0.010503749427948739,1.7566818708606835
ackley,lookahead_boundary_uncertainty_reduction,1,49,60,61,2921,0.5174412238233312,False,False,True,30,30,0.8693424531831895,"current unlabelled pool, including the candidate",fixed current kernel hyperparameters; posterior refit only,2873,2921,0.5033300887770882,0.8595292740837354,0.859367333285346,0.8594488429617759,0.009893610221413551,1.7655386689141839
ackley,lookahead_boundary_uncertainty_reduction,1,50,61,62,2701,1.6549415154611733,False,False,False,30,30,0.8546427243619222,"current unlabelled pool, including the candidate",fixed current kernel hyperparameters; posterior refit only,2659,2701,0.47528051244835434,0.8456514826038944,0.8432183437438778,0.8443747672281245,0.01026795713379769,1.7451543711850261
ackley,lookahead_boundary_uncertainty_reduction,1,51,62,63,261,0.6455679990765031,False,False,False,30,30,0.8184910809236178,"current unlabelled pool, including the candidate",fixed current kernel hyperparameters; posterior refit only,259,261,0.49106756667955115,0.80262612925056,0.8094981078462773,0.8061235020390044,0.012367578884613373,1.7229068441743094
ackley,lookahead_boundary_uncertainty_reduction,1,52,63,64,1691,0.32014766037833553,False,True,True,30,30,0.7889374882049106,"current unlabelled pool, including the candidate",fixed current kernel hyperparameters; posterior refit only,1668,1691,0.4991511569808499,0.7804497604410348,0.7777630035893239,0.7791041013803817,0.009833386824528945,1.7571059971787406
ackley,lookahead_boundary_uncertainty_reduction,1,53,64,65,3031,0.5286081068677184,False,False,True,30,30,0.7977469869898425,"current unlabelled pool, including the candidate",fixed current kernel hyperparameters; posterior refit only,2976,3031,0.5349501628301168,0.7823203756996977,0.7853814863518953,0.7837439447100611,0.01400304227978133,1.7023520688494322
ackley,lookahead_boundary_uncertainty_reduction,1,54,65,66,2485,0.3689093071630918,False,True,True,30,30,0.8025857562073954,"current unlabelled pool, including the candidate",fixed current kernel hyperparameters; posterior refit only,2443,2485,0.5691929180112607,0.7877695254108387,0.7951410114510074,0.7909452138017246,0.011640542405670806,1.7127852266362518
ackley,lookahead_boundary_uncertainty_reduction,1,55,66,67,1926,1.408387227938091,False,False,False,30,30,0.7558389412785502,"current unlabelled pool, including the candidate",fixed current kernel hyperparameters; posterior refit only,1897,1926,0.4871749845733691,0.7386219133800069,0.7458646140348383,0.7423361514550513,0.01350278982349895,1.6928387708253592
ackley,lookahead_boundary_uncertainty_reduction,1,56,67,68,614,0.42382592684195153,False,False,True,30,30,0.7840233146217886,"current unlabelled pool, including the candidate",fixed current kernel hyperparameters; posterior refit only,602,614,0.5037386509474,0.772400208496799,0.7723130186811108,0.772356939561242,0.011666375060546685,1.748666841704129
ackley,lookahead_boundary_uncertainty_reduction,1,57,68,69,3018,1.3002849291793055,False,False,False,30,30,0.8073377468860776,"current unlabelled pool, including the candidate",fixed current kernel hyperparameters; posterior refit only,2961,3018,0.4914516902116238,0.7952034477280312,0.7986205711249026,0.7969412200558484,0.01039652683022918,1.8295415987220185
ackley,lookahead_boundary_uncertainty_reduction,1,58,69,70,1417,0.44386787369152536,False,False,True,30,30,0.7756655920252138,"current unlabelled pool, including the candidate",fixed current kernel hyperparameters; posterior refit only,1396,1417,0.4982448687140745,0.7619219952838922,0.7689105060507878,0.765428516421229,0.010237075603984791,1.7368014959728757
ackley,lookahead_boundary_uncertainty_reduction,1,59,70,71,3768,0.03516834062212304,True,True,True,30,30,0.7269676876495166,"current unlabelled pool, including the candidate",fixed current kernel hyperparameters; posterior refit only,3700,3768,0.5066963270501491,0.71629637937834,0.7171704194872658,0.7167275465743785,0.010240141075138043,1.695826682258532
ackley,lookahead_boundary_uncertainty_reduction,1,60,71,72,3023,1.287120114483912,False,False,False,30,30,0.7324751784828032,"current unlabelled pool, including the candidate",fixed current kernel hyperparameters; posterior refit only,2964,3023,0.5218665685777267,0.7215986366105432,0.7250517153452047,0.7232496689949182,0.00922550948788503,1.7803810249711343
ackley,lookahead_boundary_uncertainty_reduction,1,61,72,73,3051,1.1260907434768317,False,False,False,30,30,0.7066211797871058,"current unlabelled pool, including the candidate",fixed current kernel hyperparameters; posterior refit only,2989,3051,0.5563871171246115,0.6973364423858112,0.6959916015341936,0.6967398536586165,0.009881326128489354,1.6793895522680515
ackley,lookahead_boundary_uncertainty_reduction,1,62,73,74,2580,0.772765392602329,False,False,False,30,30,0.6947417818915897,"current unlabelled pool, including the candidate",fixed current kernel hyperparameters; posterior refit only,2533,2580,0.5125642507486817,0.6865689954086304,0.684663300544601,0.6856400916047378,0.009101690286851927,1.7356904988960151
ackley,lookahead_boundary_uncertainty_reduction,1,63,74,75,2381,0.45463197367634045,False,False,True,30,30,0.6883398734191329,"current unlabelled pool, including the candidate",fixed current kernel hyperparameters; posterior refit only,2337,2381,0.48310452410519084,0.6789102108723661,0.6798301936886235,0.6793857458279906,0.008954127591142336,1.673760468901158
ackley,lookahead_boundary_uncertainty_reduction,1,64,75,76,2433,0.0054757996338103965,True,True,True,30,30,0.7124322356395808,"current unlabelled pool, including the candidate",fixed current kernel hyperparameters; posterior refit only,2387,2433,0.47550372170782934,0.7021786419433214,0.7044286232348852,0.7033587487569737,0.009073486882607118,1.6639969471317315
ackley,lookahead_boundary_uncertainty_reduction,1,65,76,77,858,0.4843087620066395,False,False,True,30,30,0.6862494629171294,"current unlabelled pool, including the candidate",fixed current kernel hyperparameters; posterior refit only,841,858,0.5182486516484623,0.6799481693512328,0.6747801007674881,0.6774584453426405,0.008791017574488857,1.6227628958976374
ackley,lookahead_boundary_uncertainty_reduction,1,66,77,78,2528,0.9944148288856383,False,False,False,30,30,0.6875672082687919,"current unlabelled pool, including the candidate",fixed current kernel hyperparameters; posterior refit only,2479,2528,0.4480107267070531,0.6742338296447985,0.6829720094741546,0.6790572111787079,0.008509997090084043,1.6406265614561344
ackley,lookahead_boundary_uncertainty_reduction,1,67,78,79,1480,1.0052362155422045,False,False,False,30,30,0.6679554946489062,"current unlabelled pool, including the candidate",fixed current kernel hyperparameters; posterior refit only,1457,1480,0.4834179173186375,0.6628663887804233,0.6562383393764949,0.659442457215227,0.00851303743367926,1.6310697090941335
ackley,lookahead_boundary_uncertainty_reduction,1,68,79,80,1944,0.28451512018872016,False,True,True,30,30,0.6239956160131682,"current unlabelled pool, including the candidate",fixed current kernel hyperparameters; posterior refit only,1910,1944,0.47009681175370127,0.6125294547238608,0.6191572331925359,0.6160415356654019,0.007954080347766346,1.6859783250602403
ackley,lookahead_boundary_uncertainty_reduction,2,1,12,13,1385,0.07925566317648247,True,True,True,30,30,0.8472285061885639,"current unlabelled pool, including the candidate",fixed current kernel hyperparameters; posterior refit only,1380,1385,0.49560329755962873,0.7400520445064268,0.6830332710170073,0.7112919631811692,0.13593654300739477,1.8254416111092802
ackley,lookahead_boundary_uncertainty_reduction,2,2,13,14,2321,1.5226324993257663,False,False,False,30,30,0.7443536924310078,"current unlabelled pool, including the candidate",fixed current kernel hyperparameters; posterior refit only,2312,2321,0.501450127180318,0.6837871797901278,0.6499658365013008,0.6669255533948923,0.07742813903611545,1.7819489900618652
ackley,lookahead_boundary_uncertainty_reduction,2,3,14,15,3315,0.9023171549797944,False,False,False,30,30,0.6952303057390256,"current unlabelled pool, including the candidate",fixed current kernel hyperparameters; posterior refit only,3303,3315,0.5056181350964256,0.6358751225650503,0.6391848240085636,0.6375113789369684,0.05771892680205715,1.6945110210204577
ackley,lookahead_boundary_uncertainty_reduction,2,4,15,16,1250,1.7773555890984785,False,False,False,30,30,0.6626264338661658,"current unlabelled pool, including the candidate",fixed current kernel hyperparameters; posterior refit only,1245,1250,0.47894969433182755,0.5974792890321854,0.6274871445894136,0.6131148913427256,0.049511542523440255,1.6870492721697088
ackley,lookahead_boundary_uncertainty_reduction,2,5,16,17,3422,0.9775372129579143,False,False,False,30,30,0.595442133281683,"current unlabelled pool, including the candidate",fixed current kernel hyperparameters; posterior refit only,3408,3422,0.49208915148662974,0.5734816491737964,0.5256781402262733,0.5492017283823436,0.04624040489933945,1.6731841378622017
ackley,lookahead_boundary_uncertainty_reduction,2,6,17,18,1922,0.4243178409404802,False,False,True,30,30,0.6213592065814078,"current unlabelled pool, including the candidate",fixed current kernel hyperparameters; posterior refit only,1914,1922,0.4939065261170456,0.5870107547839091,0.5748648091631777,0.5808637709711197,0.04049543561028801,1.6648701027154034
ackley,lookahead_boundary_uncertainty_reduction,2,7,18,19,93,0.8667406188799625,False,False,False,30,30,0.6302417520583372,"current unlabelled pool, including the candidate",fixed current kernel hyperparameters; posterior refit only,92,93,0.5213798024108879,0.58598847944714,0.6076254040677151,0.5963443485842603,0.03389740347407688,1.6293774440426776
ackley,lookahead_boundary_uncertainty_reduction,2,8,19,20,1919,0.7183438894011118,False,False,False,30,30,0.5931723041747843,"current unlabelled pool, including the candidate",fixed current kernel hyperparameters; posterior refit only,1910,1919,0.5261485655001605,0.567538348810613,0.5558130952405717,0.5619823205865746,0.03118998358820968,1.6356036062664905
ackley,lookahead_boundary_uncertainty_reduction,2,9,20,21,1783,0.6146284116953193,False,False,True,30,30,0.5702481128724097,"current unlabelled pool, including the candidate",fixed current kernel hyperparameters; posterior refit only,1774,1783,0.514305712810334,0.5419125835060087,0.5399618983736147,0.5409651468810992,0.029282965991310528,1.7060355316785514
ackley,lookahead_boundary_uncertainty_reduction,2,10,21,22,2671,2.262211115004842,False,False,False,30,30,0.5406825813320468,"current unlabelled pool, including the candidate",fixed current kernel hyperparameters; posterior refit only,2655,2671,0.523235692799771,0.5265470089337624,0.5039948398549302,0.5157949396670305,0.024887641665016336,1.59810375943005
ackley,lookahead_boundary_uncertainty_reduction,2,11,22,23,2706,1.5656687301435213,False,False,False,30,30,0.5202488563657061,"current unlabelled pool, including the candidate",fixed current kernel hyperparameters; posterior refit only,2689,2706,0.49653251459908515,0.4831539801472815,0.5046850486411161,0.49399417305986726,0.0262546833058388,1.5263365763671657
ackley,lookahead_boundary_uncertainty_reduction,2,12,23,24,3259,0.8733070744099649,False,False,False,30,30,0.5242383028096435,"current unlabelled pool, including the candidate",fixed current kernel hyperparameters; posterior refit only,3240,3259,0.5211411235749394,0.46419623143399324,0.5187866476610156,0.49033733681204156,0.033900965997601895,1.4955608712524342
ackley,lookahead_boundary_uncertainty_reduction,2,13,24,25,3702,1.9425918275081955,False,False,False,30,30,0.6153155944768471,"current unlabelled pool, including the candidate",fixed current kernel hyperparameters; posterior refit only,3680,3702,0.4200660139735292,0.6023299188837737,0.5783665796586739,0.588432764048457,0.026882830428390125,1.5664158170546485
ackley,lookahead_boundary_uncertainty_reduction,2,14,25,26,3678,4.7964727135947935,False,False,False,30,30,0.6819534306796688,"current unlabelled pool, including the candidate",fixed current kernel hyperparameters; posterior refit only,3656,3678,0.48225007728283165,0.596200027416412,0.6609380618103206,0.6297181397207194,0.05223529095894941,1.5554403788055018
ackley,lookahead_boundary_uncertainty_reduction,2,15,26,27,1613,0.09596284659802379,True,True,True,30,30,0.624654263165172,"current unlabelled pool, including the candidate",fixed current kernel hyperparameters; posterior refit only,1605,1613,0.4913732977544575,0.6044160837813394,0.5930971917327126,0.598658993045573,0.025995270119599012,1.5480085571483133
ackley,lookahead_boundary_uncertainty_reduction,2,16,27,28,1426,2.019281790867984,False,False,False,30,30,0.5494789722473169,"current unlabelled pool, including the candidate",fixed current kernel hyperparameters; posterior refit only,1418,1426,0.5064819446410664,0.5388396406811051,0.5237923523226816,0.5314135321920308,0.018065440055286097,1.5609988774743813
ackley,lookahead_boundary_uncertainty_reduction,2,17,28,29,362,2.095893153591435,False,False,False,30,30,0.5234695717071548,"current unlabelled pool, including the candidate",fixed current kernel hyperparameters; posterior refit only,359,362,0.46271619673355574,0.5026226909965966,0.5061326359589509,0.5045085275752261,0.018961044131928673,1.4898500519478248
ackley,lookahead_boundary_uncertainty_reduction,2,18,29,30,2969,0.7185703375262253,False,False,False,30,30,0.4682026362510846,"current unlabelled pool, including the candidate",fixed current kernel hyperparameters; posterior refit only,2948,2969,0.5150755333715664,0.4321292129727773,0.4586981354315361,0.4450131335249831,0.023189502726101485,1.3257770931171924
ackley,lookahead_boundary_uncertainty_reduction,2,19,30,31,1397,1.1347850863558602,False,False,False,30,30,0.6263183361979848,"current unlabelled pool, including the candidate",fixed current kernel hyperparameters; posterior refit only,1388,1397,0.5486876943816171,0.5908361430211554,0.6108434124586063,0.5998656699200995,0.02645266627788534,1.5502706817258378
ackley,lookahead_boundary_uncertainty_reduction,2,20,31,32,2084,0.6705238607011506,False,False,False,30,30,0.5781514611057021,"current unlabelled pool, including the candidate",fixed current kernel hyperparameters; posterior refit only,2067,2084,0.5039479228249836,0.5591419192244813,0.5491692459243199,0.5541949539189485,0.023956507186753684,1.4913754213223753
ackley,lookahead_boundary_uncertainty_reduction,2,21,32,33,3161,0.7640424482396977,False,False,False,30,30,0.5382847411542186,"current unlabelled pool, including the candidate",fixed current kernel hyperparameters; posterior refit only,3136,3161,0.5093355621732012,0.5177253668873697,0.5113489830496173,0.514596702096251,0.02368803905796768,1.4281180751655647
ackley,lookahead_boundary_uncertainty_reduction,2,22,33,34,3044,0.15867038329563243,True,True,True,30,30,0.5572188748723981,"current unlabelled pool, including the candidate",fixed current kernel hyperparameters; posterior refit only,3020,3044,0.5019688188213107,0.5180799705674254,0.5509193953750083,0.5344350280935747,0.02278384677882339,1.5305950897648268
ackley,lookahead_boundary_uncertainty_reduction,2,23,34,35,3872,0.581635146252772,False,False,True,30,30,0.5401605423910631,"current unlabelled pool, including the candidate",fixed current kernel hyperparameters; posterior refit only,3840,3872,0.5341057724050262,0.5054319527373293,0.5362283885421838,0.5197798344093102,0.020380707981752955,1.4384100798909112
ackley,lookahead_boundary_uncertainty_reduction,2,24,35,36,1680,0.7850241830876019,False,False,False,30,30,0.5858195475689391,"current unlabelled pool, including the candidate",fixed current kernel hyperparameters; posterior refit only,1668,1680,0.5409114635049939,0.5634482637506338,0.5665102710426042,0.5648539961970416,0.020965551371897484,1.477103157674861
ackley,lookahead_boundary_uncertainty_reduction,2,25,36,37,1381,0.1608078754077802,True,True,True,30,30,0.5617399311543502,"current unlabelled pool, including the candidate",fixed current kernel hyperparameters; posterior refit only,1373,1381,0.5460019284294366,0.5331991602346792,0.5497549556193557,0.5407154594126392,0.02102447174171096,1.5592952397755635
ackley,lookahead_boundary_uncertainty_reduction,2,26,37,38,758,3.94767238168979,False,False,False,30,30,0.5386822168033703,"current unlabelled pool, including the candidate",fixed current kernel hyperparameters; posterior refit only,752,758,0.5001301993755893,0.4931606138550514,0.5280498563056572,0.5106006925227724,0.028081524280597847,1.4694850952246805
ackley,lookahead_boundary_uncertainty_reduction,2,27,38,39,1793,0.10196215310973678,True,True,True,30,30,0.5324098745304503,"current unlabelled pool, including the candidate",fixed current kernel hyperparameters; posterior refit only,1776,1793,0.4568141045126318,0.5145678238419271,0.5102696825573342,0.5122331341193243,0.02017674041112605,1.4736361292622482
ackley,lookahead_boundary_uncertainty_reduction,2,28,39,40,2432,1.1441071879727431,False,False,False,30,30,0.491997976478037,"current unlabelled pool, including the candidate",fixed current kernel hyperparameters; posterior refit only,2408,2432,0.6170494256617973,0.4675524611337026,0.4865849701707361,0.4748409714005316,0.017157005077505394,1.5112093221480403
ackley,lookahead_boundary_uncertainty_reduction,2,29,40,41,1245,0.046061642035150285,True,True,True,30,30,0.4421496750460734,"current unlabelled pool, including the candidate",fixed current kernel hyperparameters; posterior refit only,1237,1245,0.5361325829248159,0.41818417628869253,0.4342735532631196,0.42564751402816897,0.016502161017904415,1.3888551585483135
ackley,lookahead_boundary_uncertainty_reduction,2,30,41,42,2753,0.5153718381425403,False,False,True,30,30,0.4365132177580266,"current unlabelled pool, including the candidate",fixed current kernel hyperparameters; posterior refit only,2724,2753,0.49142830075404587,0.4191589824079875,0.4227247482267359,0.42097242998954154,0.015540787768485054,1.4690270545167847
ackley,lookahead_boundary_uncertainty_reduction,2,31,42,43,3117,1.543015253639906,False,False,False,30,30,0.43720955929009675,"current unlabelled pool, including the candidate",fixed current kernel hyperparameters; posterior refit only,3085,3117,0.4637766447555903,0.41623363809328845,0.42748019478373517,0.4222643044567863,0.01494525483331044,1.4809321148041823
ackley,lookahead_boundary_uncertainty_reduction,2,32,43,44,1750,0.9252268642784802,False,False,False,30,30,0.38743705923772626,"current unlabelled pool, including the candidate",fixed current kernel hyperparameters; posterior refit only,1733,1750,0.5316311668828434,0.3742903319567704,0.371824982019628,0.37313563888348555,0.014301420354240701,1.4098072863230422
ackley,lookahead_boundary_uncertainty_reduction,2,33,44,45,1500,2.144456707733859,False,False,False,30,30,0.3963094803913286,"current unlabelled pool, including the candidate",fixed current kernel hyperparameters; posterior refit only,1486,1500,0.3180379759233246,0.38746390891370874,0.3859296689503964,0.3864176155229089,0.009891864868419697,1.3510149698488554
ackley,lookahead_boundary_uncertainty_reduction,2,34,45,46,3352,1.7407012680142682,False,False,False,30,30,0.4591575568627762,"current unlabelled pool, including the candidate",fixed current kernel hyperparameters; posterior refit only,3313,3352,0.5110582293555407,0.43267392123075377,0.4513155856327821,0.44178860963124134,0.01736894723153487,1.419491957012152
ackley,lookahead_boundary_uncertainty_reduction,2,35,46,47,2239,0.93942977545478,False,False,False,30,30,0.5394097243013104,"current unlabelled pool, including the candidate",fixed current kernel hyperparameters; posterior refit only,2213,2239,0.5367993924948027,0.5235507116712119,0.5248589585510662,0.5241566924207273,0.015253031880583134,1.4471255047834715
ackley,lookahead_boundary_uncertainty_reduction,2,36,47,48,2901,2.247116219770298,False,False,False,30,30,0.4805160293537164,"current unlabelled pool, including the candidate",fixed current kernel hyperparameters; posterior refit only,2868,2901,0.506922743819327,0.46636260880026215,0.46040734188217924,0.4634262021284703,0.0170898272252461,1.407438874073884
ackley,lookahead_boundary_uncertainty_reduction,2,37,48,49,865,0.6759427421109692,False,False,False,30,30,0.46117220858058183,"current unlabelled pool, including the candidate",fixed current kernel hyperparameters; posterior refit only,858,865,0.5099922954342136,0.44464729543477033,0.45194892800712766,0.44822515165113397,0.012947056929447864,1.4751211970675513
ackley,lookahead_boundary_uncertainty_reduction,2,38,49,50,963,2.0311430903455108,False,False,False,30,30,0.42710131078012964,"current unlabelled pool, including the candidate",fixed current kernel hyperparameters; posterior refit only,955,963,0.6351010275400807,0.41056200195113696,0.41930538666864897,0.41375245405037886,0.01334885672975078,1.483964127576443
ackley,lookahead_boundary_uncertainty_reduction,2,39,50,51,1532,0.4506240583143235,False,False,True,30,30,0.3916478029090205,"current unlabelled pool, including the candidate",fixed current kernel hyperparameters; posterior refit only,1515,1532,0.5648150422415007,0.3755298299381608,0.3833798737121398,0.3789460509063422,0.012701752002678313,1.4099265599969386
ackley,lookahead_boundary_uncertainty_reduction,2,40,51,52,2676,0.11706070514824418,True,True,True,30,30,0.4216841829742576,"current unlabelled pool, including the candidate",fixed current kernel hyperparameters; posterior refit only,2642,2676,0.5342124666623114,0.4097340190007361,0.4099642642211793,0.4098412643540291,0.01184291862022846,1.3306956826255594
ackley,lookahead_boundary_uncertainty_reduction,2,41,52,53,41,0.25160360322554887,False,True,True,30,30,0.42579963711425006,"current unlabelled pool, including the candidate",fixed current kernel hyperparameters; posterior refit only,40,41,0.5690654485888569,0.4090175726799497,0.42172555935465406,0.4144938832169522,0.011305753897297877,1.3676555164331172
ackley,lookahead_boundary_uncertainty_reduction,2,42,53,54,1724,0.6874657270886146,False,False,False,30,30,0.3894255205782906,"current unlabelled pool, including the candidate",fixed current kernel hyperparameters; posterior refit only,1702,1724,0.5308065116194263,0.3776635821648147,0.38120284134832355,0.3793241795274082,0.010101341050882395,1.3227594215050131
ackley,lookahead_boundary_uncertainty_reduction,2,43,54,55,267,1.0510356073916451,False,False,False,30,30,0.37858106803582897,"current unlabelled pool, including the candidate",fixed current kernel hyperparameters; posterior refit only,263,267,0.5316405561659803,0.3686755071011182,0.37086325049613905,0.3697001573808617,0.008880910654967267,1.4824157844192918
ackley,lookahead_boundary_uncertainty_reduction,2,44,55,56,623,0.9216450340651221,False,False,False,30,30,0.36510496605965903,"current unlabelled pool, including the candidate",fixed current kernel hyperparameters; posterior refit only,615,623,0.48759056741399937,0.3542890798348291,0.34811648093535436,0.3511261819351683,0.013978784124490717,1.2941157415841313
ackley,lookahead_boundary_uncertainty_reduction,2,45,56,57,2779,1.2400037153021923,False,False,False,30,30,0.3621268936085714,"current unlabelled pool, including the candidate",fixed current kernel hyperparameters; posterior refit only,2738,2779,0.5897727219493267,0.3527998135566668,0.3533392950774543,0.3530211235924981,0.009105770016073322,1.3358866839587793
ackley,lookahead_boundary_uncertainty_reduction,2,46,57,58,1653,0.9628749090079118,False,False,False,30,30,0.3757575134074392,"current unlabelled pool, including the candidate",fixed current kernel hyperparameters; posterior refit only,1631,1653,0.5789808951064224,0.36274858389714154,0.3702689640540215,0.36591480761925055,0.009842705788188633,1.345828952016065
ackley,lookahead_boundary_uncertainty_reduction,2,47,58,59,3228,0.18225899571603144,True,True,True,30,30,0.43002566716301044,"current unlabelled pool, including the candidate",fixed current kernel hyperparameters; posterior refit only,3179,3228,0.49956355075670766,0.4196267033089873,0.42245443211667416,0.42104180187292906,0.008983865290081383,1.4175851282764753
ackley,lookahead_boundary_uncertainty_reduction,2,48,59,60,149,3.2817709859258795,False,False,False,30,30,0.4576887908398503,"current unlabelled pool, including the candidate",fixed current kernel hyperparameters; posterior refit only,146,149,0.483125591634622,0.4480804193805552,0.43816425931149444,0.44295501001160303,0.014733780828247278,1.4120316063278646
ackley,lookahead_boundary_uncertainty_reduction,2,49,60,61,2322,0.29970616205396006,False,True,True,30,30,0.4379609143900495,"current unlabelled pool, including the candidate",fixed current kernel hyperparameters; posterior refit only,2285,2322,0.5175420360185763,0.426510115107486,0.4314063821059305,0.42887235811466495,0.009088556275384574,1.43784613429831
ackley,lookahead_boundary_uncertainty_reduction,2,50,61,62,2128,0.6393409998540687,False,False,False,30,30,0.46687404538316496,"current unlabelled pool, including the candidate",fixed current kernel hyperparameters; posterior refit only,2093,2128,0.48735252274690305,0.4587129465395066,0.45880074973764523,0.4587579586275271,0.008116086755637852,1.6927794750035754
ackley,lookahead_boundary_uncertainty_reduction,2,51,62,63,1776,1.6960208602873106,False,False,False,30,30,0.4410487203525178,"current unlabelled pool, including the candidate",fixed current kernel hyperparameters; posterior refit only,1748,1776,0.5220651216013943,0.4351250073392489,0.428731940325479,0.43206953763342865,0.008979182719089152,1.3739667965620985
ackley,lookahead_boundary_uncertainty_reduction,2,52,63,64,788,0.22926458073473377,False,True,True,30,30,0.491844901187786,"current unlabelled pool, including the candidate",fixed current kernel hyperparameters; posterior refit only,777,788,0.5671680790509601,0.47418128949742977,0.48484285896828355,0.4787959570918311,0.013048944095954917,1.4524318199878934
ackley,lookahead_boundary_uncertainty_reduction,2,53,64,65,132,0.3820493485083034,False,True,True,30,30,0.5651904730615558,"current unlabelled pool, including the candidate",fixed current kernel hyperparameters; posterior refit only,129,132,0.5089443311801134,0.5475082267342093,0.5557972280841423,0.5515785878359496,0.01361188522560619,1.5498248456326165
ackley,lookahead_boundary_uncertainty_reduction,2,54,65,66,3837,0.3057330031844607,False,True,True,30,30,0.6469836093864878,"current unlabelled pool, including the candidate",fixed current kernel hyperparameters; posterior refit only,3775,3837,0.4872626731261414,0.6389586460257004,0.6373138220262095,0.6381152833650234,0.008868326021464368,1.6461643650831799
ackley,lookahead_boundary_uncertainty_reduction,2,55,66,67,503,2.729722746001066,False,False,False,30,30,0.6697747282253735,"current unlabelled pool, including the candidate",fixed current kernel hyperparameters; posterior refit only,494,503,0.5054835213603751,0.6539802699315241,0.6617065021979062,0.6578010191050472,0.011973709120326359,1.6122051461335851
ackley,lookahead_boundary_uncertainty_reduction,2,56,67,68,1009,0.8955255332843617,False,False,False,30,30,0.7681186388570335,"current unlabelled pool, including the candidate",fixed current kernel hyperparameters; posterior refit only,993,1009,0.5596188968843885,0.7461605610788445,0.7659839394083117,0.7548904022950533,0.013228236561980133,1.6711031325756414
ackley,lookahead_boundary_uncertainty_reduction,2,57,68,69,3824,1.1578034644294384,False,False,False,30,30,0.9699424153330285,"current unlabelled pool, including the candidate",fixed current kernel hyperparameters; posterior refit only,3760,3824,0.5061095409234745,0.9685016734423134,0.9464826154936901,0.9576266708036352,0.012315744529393324,1.787514017574799
ackley,lookahead_boundary_uncertainty_reduction,2,58,69,70,2380,0.4462531712705804,False,False,True,30,30,0.7576761303459137,"current unlabelled pool, including the candidate",fixed current kernel hyperparameters; posterior refit only,2336,2380,0.528134488294446,0.7430275210071499,0.7490159439464354,0.7458532512617051,0.011822879084208648,1.6720433753500274
ackley,lookahead_boundary_uncertainty_reduction,2,59,70,71,1023,1.4836882129103177,False,False,False,30,30,0.7121039278759429,"current unlabelled pool, including the candidate",fixed current kernel hyperparameters; posterior refit only,1006,1023,0.5370150653902485,0.6994912013602991,0.7073750486935486,0.7031413039023569,0.008962623973586048,1.71131818339077
ackley,lookahead_boundary_uncertainty_reduction,2,60,71,72,2098,1.2761454918132369,False,False,False,30,30,0.6766344008767863,"current unlabelled pool, including the candidate",fixed current kernel hyperparameters; posterior refit only,2057,2098,0.5543541516639942,0.6663827498703667,0.6657134593063265,0.6660844833091717,0.010549917567614586,1.6063653222778176
ackley,lookahead_boundary_uncertainty_reduction,2,61,72,73,2938,1.25803916090711,False,False,False,30,30,0.7209321352272497,"current unlabelled pool, including the candidate",fixed current kernel hyperparameters; posterior refit only,2883,2938,0.42023157437637165,0.710984513064146,0.7109472776511424,0.7109629251473715,0.009969210079878277,1.6557718731618905
ackley,lookahead_boundary_uncertainty_reduction,2,62,73,74,3967,0.12132576605027445,True,True,True,30,30,0.7515242914361324,"current unlabelled pool, including the candidate",fixed current kernel hyperparameters; posterior refit only,3894,3967,0.5083187903777648,0.7344155137635845,0.7433479539301149,0.7388074267495424,0.012716864686590057,1.6463497979560007
ackley,lookahead_boundary_uncertainty_reduction,2,63,74,75,3759,0.4663019624719116,False,False,True,30,30,0.8093389419162994,"current unlabelled pool, including the candidate",fixed current kernel hyperparameters; posterior refit only,3691,3759,0.4959057288109759,0.7981927133674311,0.8050808789558007,0.8016649981795296,0.007673943736769773,1.8256542728452603
ackley,lookahead_boundary_uncertainty_reduction,2,64,75,76,197,0.8911363107042103,False,False,False,30,30,0.8268388272985979,"current unlabelled pool, including the candidate",fixed current kernel hyperparameters; posterior refit only,192,197,0.5069798064319779,0.8190182643001225,0.8196827707902079,0.8193458794184916,0.007492947880106349,1.7236824308436542
ackley,lookahead_boundary_uncertainty_reduction,2,65,76,77,824,0.47386231487662656,False,False,True,30,30,0.8174793286156721,"current unlabelled pool, including the candidate",fixed current kernel hyperparameters; posterior refit only,809,824,0.5022450948148643,0.8115083301549221,0.8075012129282364,0.8095137678996874,0.007965560715984643,1.7025123137731217
ackley,lookahead_boundary_uncertainty_reduction,2,66,77,78,1673,0.5119046964796627,False,False,True,30,30,0.7653215540390057,"current unlabelled pool, including the candidate",fixed current kernel hyperparameters; posterior refit only,1642,1673,0.5041238350723609,0.7547753394410603,0.7610341371877362,0.7578789280647398,0.007442625974265926,1.70338606278017
ackley,lookahead_boundary_uncertainty_reduction,2,67,78,79,3115,0.9577534120684685,False,False,False,30,30,0.755293881172045,"current unlabelled pool, including the candidate",fixed current kernel hyperparameters; posterior refit only,3054,3115,0.5225510582088815,0.7478482879185,0.7463211081161525,0.7471191375379445,0.008174743634100534,1.6788770630253724
ackley,lookahead_boundary_uncertainty_reduction,2,68,79,80,1383,1.0132041302569217,False,False,False,30,30,0.7771398176992708,"current unlabelled pool, including the candidate",fixed current kernel hyperparameters; posterior refit only,1359,1383,0.5195826474426287,0.7671557423350237,0.7732684356766358,0.770092386287196,0.007047431412074756,1.7236252719856098
ackley,lookahead_boundary_uncertainty_reduction,3,1,12,13,53,2.5343442890343084,False,False,False,30,30,1.9418568853615192,"current unlabelled pool, including the candidate",fixed current kernel hyperparameters; posterior refit only,53,53,0.5,1.9390404639044052,1.9390404610156553,1.9390404624600301,0.0028164229014890907,1.9618925544575827
ackley,lookahead_boundary_uncertainty_reduction,3,2,13,14,115,1.6592451581307106,False,False,False,30,30,1.93938164902665,"current unlabelled pool, including the candidate",fixed current kernel hyperparameters; posterior refit only,114,115,0.5,1.9366564012334062,1.9366564100517147,1.9366564056425606,0.0027252433840894152,1.9617469623927486
ackley,lookahead_boundary_uncertainty_reduction,3,3,14,15,579,0.6048462759263149,False,False,True,30,30,1.9370178724068183,"current unlabelled pool, including the candidate",fixed current kernel hyperparameters; posterior refit only,576,579,0.5,1.9346101546434789,1.934610109542623,1.9346101320930509,0.002407740313767448,1.961622160337062
ackley,lookahead_boundary_uncertainty_reduction,3,4,15,16,2824,1.306168590637947,False,False,False,30,30,1.934987859158701,"current unlabelled pool, including the candidate",fixed current kernel hyperparameters; posterior refit only,2815,2824,0.5000000000001319,1.9325750648406657,1.9325757226775575,1.9325753937591115,0.002412465399589614,1.9615139921253557
ackley,lookahead_boundary_uncertainty_reduction,3,5,16,17,2711,0.6927723362490354,False,False,False,30,30,1.9329662403148764,"current unlabelled pool, including the candidate",fixed current kernel hyperparameters; posterior refit only,2702,2711,0.49999999999796785,1.9305579165242235,1.9305578083384152,1.9305578624313193,0.002408377883557078,1.961419035917441
ackley,lookahead_boundary_uncertainty_reduction,3,6,17,18,1591,1.0527299247313966,False,False,False,30,30,1.9309596292620421,"current unlabelled pool, including the candidate",fixed current kernel hyperparameters; posterior refit only,1587,1591,0.5000000000006734,1.9287233215238444,1.928722943086155,1.9287231323049996,0.002236496957042533,1.9613357978797579
ackley,lookahead_boundary_uncertainty_reduction,3,7,18,19,3979,0.5259286919767536,False,False,True,30,30,1.9291337940009325,"current unlabelled pool, including the candidate",fixed current kernel hyperparameters; posterior refit only,3961,3979,0.4999999999866284,1.9265410254731523,1.9265462239755904,1.9265436247243712,0.002590169276561305,1.961261573301526
ackley,lookahead_boundary_uncertainty_reduction,3,8,19,20,3509,0.9942282081711973,False,False,False,30,30,1.9269544967224423,"current unlabelled pool, including the candidate",fixed current kernel hyperparameters; posterior refit only,3494,3509,0.4999999999916061,1.9249255911910197,1.9249232620548178,1.9249244266229188,0.0020300700995234955,1.961185540352189
ackley,lookahead_boundary_uncertainty_reduction,3,9,20,21,69,0.22564781212165386,False,True,True,30,30,1.9253592436080709,"current unlabelled pool, including the candidate",fixed current kernel hyperparameters; posterior refit only,68,69,0.4999999998266327,1.9232232937359368,1.9232212388431629,1.9232222662895495,0.0021369773185213603,1.9611352878725823
ackley,lookahead_boundary_uncertainty_reduction,3,10,21,22,3461,0.7808292592759472,False,False,False,30,30,1.9236528356185725,"current unlabelled pool, including the candidate",fixed current kernel hyperparameters; posterior refit only,3445,3461,0.49999999959147395,1.9211288182401645,1.9211328850209737,1.9211308516305707,0.0025219839880017414,1.9610811983322596
ackley,lookahead_boundary_uncertainty_reduction,3,11,22,23,3721,1.1502149585570187,False,False,False,30,30,1.9215669318752135,"current unlabelled pool, including the candidate",fixed current kernel hyperparameters; posterior refit only,3703,3721,0.5000000012730311,1.9190575273905053,1.9190652562445345,1.9190613918175101,0.002505540057703426,1.961032030206046
ackley,lookahead_boundary_uncertainty_reduction,3,12,23,24,90,1.315909518194717,False,False,False,30,30,1.9194954445916392,"current unlabelled pool, including the candidate",fixed current kernel hyperparameters; posterior refit only,88,90,0.5000000009715159,1.9172205701983434,1.9172148323140494,1.917217701256202,0.002277743335437288,1.9609871452129102
ackley,lookahead_boundary_uncertainty_reduction,3,13,24,25,2722,0.4155183595110934,False,False,True,30,30,1.9176618670985521,"current unlabelled pool, including the candidate",fixed current kernel hyperparameters; posterior refit only,2709,2722,0.5000000027487931,1.914895716551913,1.9148908457763818,1.9148932811641606,0.002768585934391554,1.9609459866336238
ackley,lookahead_boundary_uncertainty_reduction,3,14,25,26,2615,0.4550506537485166,False,False,True,30,30,1.9153398301983302,"current unlabelled pool, including the candidate",fixed current kernel hyperparameters; posterior refit only,2604,2615,0.5000000013438329,1.9130702933074972,1.9130806747423872,1.9130754840249282,0.0022643461734019876,1.9609081248647933
ackley,lookahead_boundary_uncertainty_reduction,3,15,26,27,1628,6.774374135483688,False,False,False,30,30,1.9135273497756584,"current unlabelled pool, including the candidate",fixed current kernel hyperparameters; posterior refit only,1621,1628,0.49999998106168325,1.910923748427224,1.9108918508120605,1.910907799619038,0.0026195501566204094,1.960873123080428
ackley,lookahead_boundary_uncertainty_reduction,3,16,27,28,2322,3.095331388841842,False,False,False,30,30,1.9113406867011993,"current unlabelled pool, including the candidate",fixed current kernel hyperparameters; posterior refit only,2312,2322,0.5000000141380141,1.9090487068156488,1.9090098304135716,1.9090292686151598,0.0023114180860395184,1.96084077293333
ackley,lookahead_boundary_uncertainty_reduction,3,17,28,29,518,1.7729081472609298,False,False,False,30,30,1.9094604069621761,"current unlabelled pool, including the candidate",fixed current kernel hyperparameters; posterior refit only,513,518,0.4999999869969593,1.907599171824424,1.9076048430681583,1.9076020074463647,0.0018583995158114597,1.9608105160777924
ackley,lookahead_boundary_uncertainty_reduction,3,18,29,30,444,1.3316634687712021,False,False,False,30,30,1.9080516720118694,"current unlabelled pool, including the candidate",fixed current kernel hyperparameters; posterior refit only,439,444,0.49999999303098164,1.9062243826813479,1.9062134250757086,1.9062189038784518,0.001832768133417595,1.9607824356243373
ackley,lookahead_boundary_uncertainty_reduction,3,19,30,31,352,1.9444715864270368,False,False,False,30,30,1.906678724721896,"current unlabelled pool, including the candidate",fixed current kernel hyperparameters; posterior refit only,347,352,0.49999999502284276,1.9048530829737076,1.904847059364582,1.9048500711691148,0.0018286535527811676,1.960756422365138
ackley,lookahead_boundary_uncertainty_reduction,3,20,31,32,1770,0.32593979557780983,False,True,True,30,30,1.9053088214415586,"current unlabelled pool, including the candidate",fixed current kernel hyperparameters; posterior refit only,1758,1770,0.4999999373905993,1.903427537618681,1.90338816872297,1.9034078531683607,0.001900968273197856,1.960731888348361
ackley,lookahead_boundary_uncertainty_reduction,3,21,32,33,2017,1.5880078425598114,False,False,False,30,30,1.903845255003669,"current unlabelled pool, including the candidate",fixed current kernel hyperparameters; posterior refit only,2004,2017,0.5000000595232347,1.9019736397120457,1.9019791650319737,1.9019764023716808,0.001868852631988327,1.96070911312256
ackley,lookahead_boundary_uncertainty_reduction,3,22,33,34,2948,2.806637430041464,False,False,False,30,30,1.9024372193923726,"current unlabelled pool, including the candidate",fixed current kernel hyperparameters; posterior refit only,2924,2948,0.5000001515978424,1.9000006212958767,1.8999156339189682,1.8999581276203064,0.0024790917720662886,1.960687303941951
ackley,lookahead_boundary_uncertainty_reduction,3,23,34,35,2129,1.6835958393318524,False,False,False,30,30,1.900374879842409,"current unlabelled pool, including the candidate",fixed current kernel hyperparameters; posterior refit only,2114,2129,0.5000000427634549,1.8986161960610237,1.8986325783595206,1.8986243872095716,0.0017504926328373305,1.960667609659395
ackley,lookahead_boundary_uncertainty_reduction,3,24,35,36,1336,1.3314003646023451,False,False,False,30,30,1.8990759423079209,"current unlabelled pool, including the candidate",fixed current kernel hyperparameters; posterior refit only,1327,1336,0.5000001585434337,1.8967705431121307,1.8967822678865498,1.8967764054974814,0.002299536810439484,1.9606480562743644
ackley,lookahead_boundary_uncertainty_reduction,3,25,36,37,3284,2.0342147543531137,False,False,False,30,30,1.8972428510311563,"current unlabelled pool, including the candidate",fixed current kernel hyperparameters; posterior refit only,3255,3284,0.4999998397781419,1.8954008503597544,1.8954197638819077,1.8954103071238615,0.0018325439072948146,1.9606299736126813
ackley,lookahead_boundary_uncertainty_reduction,3,26,37,38,2185,1.7684404498516315,False,False,False,30,30,1.8958622979389539,"current unlabelled pool, including the candidate",fixed current kernel hyperparameters; posterior refit only,2168,2185,0.5000000814069839,1.8941821463896786,1.8941828613685139,1.894182503879038,0.0016797940599158068,1.9606131918596417
ackley,lookahead_boundary_uncertainty_reduction,3,27,38,39,3276,2.487584222726783,False,False,False,30,30,1.8946442082334933,"current unlabelled pool, including the candidate",fixed current kernel hyperparameters; posterior refit only,3246,3276,0.49999966498159165,1.8929177376880133,1.8929588827867052,1.8929383102511437,0.0017058979823496578,1.9605963822346817
ackley,lookahead_boundary_uncertainty_reduction,3,28,39,40,595,0.17106476471883347,True,True,True,30,30,1.8933801940813872,"current unlabelled pool, including the candidate",fixed current kernel hyperparameters; posterior refit only,586,595,0.49999974597090235,1.891689591619381,1.891706989853299,1.8916982907407598,0.0016819033406274553,1.9605810010636502
ackley,lookahead_boundary_uncertainty_reduction,3,29,40,41,1525,0.8846680624408503,False,False,False,30,30,1.8921531610044642,"current unlabelled pool, including the candidate",fixed current kernel hyperparameters; posterior refit only,1514,1525,0.5000004336452478,1.8900137241105552,1.8900326993283734,1.8900232117112359,0.002129949293228295,1.9605662949283955
ackley,lookahead_boundary_uncertainty_reduction,3,30,41,42,1788,2.1744282558339343,False,False,False,30,30,1.8904771780940308,"current unlabelled pool, including the candidate",fixed current kernel hyperparameters; posterior refit only,1772,1788,0.49999953795214064,1.8887514506313667,1.8887053329545227,1.888728391771636,0.0017487863223948352,1.960552146595452
ackley,lookahead_boundary_uncertainty_reduction,3,31,42,43,915,1.3169221845086057,False,False,False,30,30,1.8892157916520975,"current unlabelled pool, including the candidate",fixed current kernel hyperparameters; posterior refit only,905,915,0.5000002981953972,1.8870094594501146,1.8869907845814307,1.8870001220213415,0.002215669630756034,1.9605387792184208
ackley,lookahead_boundary_uncertainty_reduction,3,32,43,44,2323,1.061908165909994,False,False,False,30,30,1.8874736019129188,"current unlabelled pool, including the candidate",fixed current kernel hyperparameters; posterior refit only,2300,2323,0.4999994742128705,1.885604000821424,1.8856202417206158,1.8856121212795594,0.001861480633359447,1.960526124113869
ackley,lookahead_boundary_uncertainty_reduction,3,33,44,45,3658,1.9739771050039607,False,False,False,30,30,1.8860688455945018,"current unlabelled pool, including the candidate",fixed current kernel hyperparameters; posterior refit only,3619,3658,0.4999992865020421,1.8840137779924258,1.883983073202756,1.883998425575683,0.0020704200188188526,1.9605137423366636
ackley,lookahead_boundary_uncertainty_reduction,3,34,45,46,2985,1.256366940605977,False,False,False,30,30,1.884479048865271,"current unlabelled pool, including the candidate",fixed current kernel hyperparameters; posterior refit only,2951,2985,0.5000007206606173,1.8825015321823053,1.8825096836249156,1.882505607897736,0.001973440967534934,1.96050251356935
ackley,lookahead_boundary_uncertainty_reduction,3,35,46,47,2067,0.6206601480892662,False,False,False,30,30,1.882966711575928,"current unlabelled pool, including the candidate",fixed current kernel hyperparameters; posterior refit only,2048,2067,0.4999987525414124,1.88057542952571,1.880505040411255,1.8805402348806748,0.00242647669525331,1.9604901522623561
ackley,lookahead_boundary_uncertainty_reduction,3,36,47,48,682,1.2767461020284916,False,False,False,30,30,1.8809702769775034,"current unlabelled pool, including the candidate",fixed current kernel hyperparameters; posterior refit only,672,682,0.5000015515619579,1.8785498400759144,1.8785066264313548,1.8785282333206834,0.002442043656819992,1.960478762887063
ackley,lookahead_boundary_uncertainty_reduction,3,37,48,49,3455,1.9304881796867566,False,False,False,30,30,1.8789721072398584,"current unlabelled pool, including the candidate",fixed current kernel hyperparameters; posterior refit only,3415,3455,0.5000010089031574,1.8769051611124161,1.8767820684020018,1.8768436148813976,0.0021284923584607984,1.9604699480779146
ackley,lookahead_boundary_uncertainty_reduction,3,38,49,50,627,1.2360159700943356,False,False,False,30,30,1.3190574036395266,"current unlabelled pool, including the candidate",fixed current kernel hyperparameters; posterior refit only,617,627,0.5013318948909464,1.3046111728280616,1.3054724787722882,1.3050406786311883,0.014016725008338282,1.9532478500776302
ackley,lookahead_boundary_uncertainty_reduction,3,39,50,51,343,0.7427135782070788,False,False,False,30,30,1.3247572877524059,"current unlabelled pool, including the candidate",fixed current kernel hyperparameters; posterior refit only,338,343,0.4984092153259521,1.3169711008115264,1.3089995286379073,1.312972633669875,0.011784654082530821,1.9688276023897238
ackley,lookahead_boundary_uncertainty_reduction,3,40,51,52,2833,0.6975751227346016,False,False,False,30,30,1.2491649164848393,"current unlabelled pool, including the candidate",fixed current kernel hyperparameters; posterior refit only,2798,2833,0.5100128963610845,1.2388127256803265,1.2361402283160354,1.2375032364373149,0.011661680047524436,1.9267357591320875
ackley,lookahead_boundary_uncertainty_reduction,3,41,52,53,844,1.7810487723266224,False,False,False,30,30,1.8713441411293805,"current unlabelled pool, including the candidate",fixed current kernel hyperparameters; posterior refit only,831,844,0.5000023127934066,1.8686614335283829,1.8686987344600812,1.8686800839079627,0.002664057221417826,1.9604303028392567
ackley,lookahead_boundary_uncertainty_reduction,3,42,53,54,3859,0.12063822632780408,True,True,True,30,30,1.1990283664088006,"current unlabelled pool, including the candidate",fixed current kernel hyperparameters; posterior refit only,3809,3859,0.5120091557156876,1.1893218478206002,1.1880190047546868,1.1886860723328951,0.010342294075905478,1.927560310856175
ackley,lookahead_boundary_uncertainty_reduction,3,43,54,55,3990,0.23826138991340606,False,True,True,30,30,1.1909423981910876,"current unlabelled pool, including the candidate",fixed current kernel hyperparameters; posterior refit only,3936,3990,0.4929024769449059,1.1830745261765951,1.1798693851617377,1.1814492071069185,0.009493191084169128,1.928562278259438
ackley,lookahead_boundary_uncertainty_reduction,3,44,55,56,2039,0.8862358896741096,False,False,False,30,30,1.1628780334882305,"current unlabelled pool, including the candidate",fixed current kernel hyperparameters; posterior refit only,2016,2039,0.5023791342553268,1.1506664596083183,1.146645928638002,1.1486657595061163,0.01421227398211422,1.9005974333725102
ackley,lookahead_boundary_uncertainty_reduction,3,45,56,57,1381,0.1859167764246017,True,True,True,30,30,1.1254469960465063,"current unlabelled pool, including the candidate",fixed current kernel hyperparameters; posterior refit only,1365,1381,0.49715232386152264,1.1189711392911301,1.1135172931877637,1.1162286854520354,0.00921831059447098,1.9177332578154553
ackley,lookahead_boundary_uncertainty_reduction,3,46,57,58,2128,0.9648872403479345,False,False,False,30,30,1.0899961901129165,"current unlabelled pool, including the candidate",fixed current kernel hyperparameters; posterior refit only,2101,2128,0.5088593427963078,1.081387840688723,1.0767443487532924,1.0791072330078355,0.010888957105080976,1.8927754604908105
ackley,lookahead_boundary_uncertainty_reduction,3,47,58,59,3417,0.8009827190588421,False,False,False,30,30,1.0438354340376983,"current unlabelled pool, including the candidate",fixed current kernel hyperparameters; posterior refit only,3370,3417,0.48660075390119145,1.034858651320379,1.032356468256147,1.0335740324216012,0.010261401616097121,1.8963806347494898
ackley,lookahead_boundary_uncertainty_reduction,3,48,59,60,1527,1.445116822539152,False,False,False,30,30,1.0478501979020227,"current unlabelled pool, including the candidate",fixed current kernel hyperparameters; posterior refit only,1509,1527,0.49077000073248805,1.0376934263211806,1.0384415637539315,1.0380744003455122,0.00977579755651048,1.907962918239831
ackley,lookahead_boundary_uncertainty_reduction,3,49,60,61,3289,0.19899745336809183,False,True,True,30,30,1.0181338571836906,"current unlabelled pool, including the candidate",fixed current kernel hyperparameters; posterior refit only,3241,3289,0.49117612731617766,1.0098018269721625,1.0072109301134073,1.0084835167987665,0.009650340384924183,1.9189870436166423
ackley,lookahead_boundary_uncertainty_reduction,3,50,61,62,1062,1.9424526905024457,False,False,False,30,30,0.9866746971195836,"current unlabelled pool, including the candidate",fixed current kernel hyperparameters; posterior refit only,1047,1062,0.45628425789790267,0.981337318938881,0.9757218403179145,0.9782840948132238,0.008390602306359796,1.8721541244106505
ackley,lookahead_boundary_uncertainty_reduction,3,51,62,63,796,0.02696591789283964,True,True,True,30,30,1.0805122591377614,"current unlabelled pool, including the candidate",fixed current kernel hyperparameters; posterior refit only,783,796,0.5032953392874288,1.072118923164153,1.0712920349816855,1.0717082039500334,0.008804055187727977,1.8781725383340526
ackley,lookahead_boundary_uncertainty_reduction,3,52,63,64,1665,0.6979682789436783,False,False,False,30,30,0.9762000443413044,"current unlabelled pool, including the candidate",fixed current kernel hyperparameters; posterior refit only,1642,1665,0.5032385353497866,0.9652213019656765,0.9682117439478791,0.9667068383047069,0.009493206036597424,1.8375951395108914
ackley,lookahead_boundary_uncertainty_reduction,3,53,64,65,2361,0.01628792105879029,True,True,True,30,30,0.9327011486937529,"current unlabelled pool, including the candidate",fixed current kernel hyperparameters; posterior refit only,2325,2361,0.5089759904360229,0.9223807895917105,0.9226199849571353,0.9224982402591105,0.010202908434642333,1.8218239028288519
ackley,lookahead_boundary_uncertainty_reduction,3,54,65,66,3407,0.5978215573680092,False,False,True,30,30,0.8858952135586464,"current unlabelled pool, including the candidate",fixed current kernel hyperparameters; posterior refit only,3354,3407,0.49983891935015146,0.8811756688514536,0.870665403155324,0.8759188430029604,0.00997637055568601,1.8023248948289512
ackley,lookahead_boundary_uncertainty_reduction,3,55,66,67,2494,0.23178022028982959,False,True,True,30,30,0.8068970185145674,"current unlabelled pool, including the candidate",fixed current kernel hyperparameters; posterior refit only,2456,2494,0.5100251288390842,0.8001142006070194,0.796001828514249,0.7980992416206985,0.008797776893868958,1.7639215666282109
ackley,lookahead_boundary_uncertainty_reduction,3,56,67,68,1813,1.1866912706297015,False,False,False,30,30,0.8381652445311698,"current unlabelled pool, including the candidate",fixed current kernel hyperparameters; posterior refit only,1786,1813,0.479905318225716,0.8286771723008409,0.8303165773526165,0.8295298181495434,0.008635426381626399,1.8366183613092737
ackley,lookahead_boundary_uncertainty_reduction,3,57,68,69,2733,0.09623423088970284,True,True,True,30,30,0.7993562681559979,"current unlabelled pool, including the candidate",fixed current kernel hyperparameters; posterior refit only,2688,2733,0.4814788139376859,0.7887125984252679,0.7894980909076724,0.7891198929188873,0.010236375237110629,1.7532074013265477
ackley,lookahead_boundary_uncertainty_reduction,3,58,69,70,918,0.13308590966080658,True,True,True,30,30,0.7424991792697281,"current unlabelled pool, including the candidate",fixed current kernel hyperparameters; posterior refit only,902,918,0.5634908193556086,0.7315476925094684,0.7323182872163482,0.7318840641735774,0.010615115096150651,1.7318757280369728
ackley,lookahead_boundary_uncertainty_reduction,3,59,70,71,522,0.9433038442725099,False,False,False,30,30,0.7677463794183625,"current unlabelled pool, including the candidate",fixed current kernel hyperparameters; posterior refit only,513,522,0.49253512806865984,0.7562942296346934,0.7615944318285967,0.7589838960622327,0.008762483356129835,1.8387298862762278
ackley,lookahead_boundary_uncertainty_reduction,3,60,71,72,1504,0.05569294702106298,True,True,True,30,30,0.7441278351464792,"current unlabelled pool, including the candidate",fixed current kernel hyperparameters; posterior refit only,1483,1504,0.5748600993491175,0.7343865227173361,0.7368126323288596,0.7354179587165472,0.008709876429931929,1.764087358252306
ackley,lookahead_boundary_uncertainty_reduction,3,61,72,73,1307,0.7307146331849044,False,False,False,30,30,0.8953239332864881,"current unlabelled pool, including the candidate",fixed current kernel hyperparameters; posterior refit only,1288,1307,0.5102094032512733,0.8874036572604617,0.8872833480832208,0.8873447309567466,0.007979202329741475,1.8267917720393765
ackley,lookahead_boundary_uncertainty_reduction,3,62,73,74,776,2.224249493806516,False,False,False,30,30,1.8411950833224957,"current unlabelled pool, including the candidate",fixed current kernel hyperparameters; posterior refit only,762,776,0.49999299328747643,1.8389965638601375,1.8389422312530381,1.838969397175895,0.0022256861466007916,1.9603780044741117
ackley,lookahead_boundary_uncertainty_reduction,3,63,74,75,1908,4.082643305620552,False,False,False,30,30,1.8394603303445547,"current unlabelled pool, including the candidate",fixed current kernel hyperparameters; posterior refit only,1875,1908,0.4999921449700348,1.8373611230702673,1.8372265059376902,1.837293813446557,0.002166516897997628,1.960370592508501
ackley,lookahead_boundary_uncertainty_reduction,3,64,75,76,3207,0.4951524466980306,False,False,True,30,30,1.8376889336677442,"current unlabelled pool, including the candidate",fixed current kernel hyperparameters; posterior refit only,3148,3207,0.4999763367795649,1.835781288373347,1.8357506768939058,1.8357659819092604,0.0019229517584837819,1.9603256061542425
ackley,lookahead_boundary_uncertainty_reduction,3,65,76,77,1262,1.2394842471978844,False,False,False,30,30,1.836245669646883,"current unlabelled pool, including the candidate",fixed current kernel hyperparameters; posterior refit only,1242,1262,0.4999822683146404,1.8343272384054217,1.8345437484103666,1.8344354972469814,0.001810172399901555,1.9602832003638448
ackley,lookahead_boundary_uncertainty_reduction,3,66,77,78,739,0.01125497433088185,True,True,True,30,30,1.8350060842576532,"current unlabelled pool, including the candidate",fixed current kernel hyperparameters; posterior refit only,725,739,0.49995672057355867,1.8333325240550875,1.8332630055003922,1.8332977617690167,0.0017083224886365045,1.960267560082061
ackley,lookahead_boundary_uncertainty_reduction,3,67,78,79,3640,0.6808799493016071,False,False,False,30,30,1.8337978937188502,"current unlabelled pool, including the candidate",fixed current kernel hyperparameters; posterior refit only,3570,3640,0.4999483798070303,1.8319891289459664,1.8317512055286667,1.8318701549556637,0.0019277387631864151,1.9602446302158452
ackley,lookahead_boundary_uncertainty_reduction,3,68,79,80,3559,2.575819525171225,False,False,False,30,30,1.8324548540322319,"current unlabelled pool, including the candidate",fixed current kernel hyperparameters; posterior refit only,3489,3559,0.4999468707858449,1.830457671692351,1.8302141430865115,1.8303358944509478,0.0021189595812840523,1.9602376257360632
ackley,lookahead_boundary_uncertainty_reduction,4,1,12,13,1563,0.5006045435165376,False,False,True,30,30,1.7370548793624423,"current unlabelled pool, including the candidate",fixed current kernel hyperparameters; posterior refit only,1554,1563,0.4999994921132655,1.7197107640585696,1.7161780371481183,1.7179443988091188,0.01911048055332354,1.9557521806033893
ackley,lookahead_boundary_uncertainty_reduction,4,2,13,14,3992,0.5075142517252864,False,False,True,30,30,1.719342632618201,"current unlabelled pool, including the candidate",fixed current kernel hyperparameters; posterior refit only,3979,3992,0.49996816566182467,1.6979453991128446,1.6960748785765003,1.6970100792978893,0.02233255332031181,1.9559717031236235
ackley,lookahead_boundary_uncertainty_reduction,4,3,14,15,3480,0.09037347825122666,True,True,True,30,30,1.7019495735252859,"current unlabelled pool, including the candidate",fixed current kernel hyperparameters; posterior refit only,3469,3480,0.499797758165694,1.6831299799916508,1.6805228402141879,1.6818258828301884,0.02012369069509745,1.9555056710373846
ackley,lookahead_boundary_uncertainty_reduction,4,4,15,16,2599,0.7867422646908704,False,False,False,30,30,1.6919817137159174,"current unlabelled pool, including the candidate",fixed current kernel hyperparameters; posterior refit only,2588,2599,0.5001467079923888,1.6723454725532323,1.6756399668771023,1.673992236386519,0.017989477329398484,1.9562069901625128
ackley,lookahead_boundary_uncertainty_reduction,4,5,16,17,848,2.421324835925267,False,False,False,30,30,1.665441968763144,"current unlabelled pool, including the candidate",fixed current kernel hyperparameters; posterior refit only,842,848,0.4999051520600478,1.6408265784247298,1.6448012274483483,1.642814279923811,0.022627688839333082,1.9546943450157184
ackley,lookahead_boundary_uncertainty_reduction,4,6,17,18,3038,0.5726810869486023,False,False,True,30,30,1.6563620502720224,"current unlabelled pool, including the candidate",fixed current kernel hyperparameters; posterior refit only,3025,3038,0.5006035905854317,1.637418588838101,1.6356440989461087,1.6365324149574976,0.019829635314524863,1.9552291905695762
ackley,lookahead_boundary_uncertainty_reduction,4,7,18,19,1106,0.5820486035128738,False,False,True,30,30,1.6358397980234807,"current unlabelled pool, including the candidate",fixed current kernel hyperparameters; posterior refit only,1099,1106,0.4998476365932372,1.6199234266178482,1.615657861154493,1.6177899939700848,0.018049804053395846,1.9551004488100867
ackley,lookahead_boundary_uncertainty_reduction,4,8,19,20,1549,0.802490757763362,False,False,False,30,30,1.6439730930988583,"current unlabelled pool, including the candidate",fixed current kernel hyperparameters; posterior refit only,1539,1549,0.4996905529738627,1.6293597901542611,1.6286225778266719,1.6289909558623044,0.01498213723655395,1.9561436567721706
ackley,lookahead_boundary_uncertainty_reduction,4,9,20,21,13,0.02770213696999413,True,True,True,30,30,1.662958118343434,"current unlabelled pool, including the candidate",fixed current kernel hyperparameters; posterior refit only,13,13,0.49964175516399795,1.6474754769139381,1.650082689498777,1.6487800172268023,0.014178101116631758,1.9800598976374462
ackley,lookahead_boundary_uncertainty_reduction,4,10,21,22,1533,0.3088530287741307,False,True,True,30,30,1.60180586394804,"current unlabelled pool, including the candidate",fixed current kernel hyperparameters; posterior refit only,1522,1533,0.5007985557369083,1.5895764966089758,1.5874819209647262,1.588530881422248,0.013274982525791845,1.953858447400313
ackley,lookahead_boundary_uncertainty_reduction,4,11,22,23,3603,0.007392623322106218,True,True,True,30,30,1.5905246972063969,"current unlabelled pool, including the candidate",fixed current kernel hyperparameters; posterior refit only,3583,3603,0.50012621815606,1.5746146776829253,1.5703188526515077,1.5724673073783308,0.01805738982806604,1.953094908645028
ackley,lookahead_boundary_uncertainty_reduction,4,12,23,24,176,1.2056624514367904,False,False,False,30,30,1.6017695318352383,"current unlabelled pool, including the candidate",fixed current kernel hyperparameters; posterior refit only,174,176,0.5001890932692721,1.588826988764018,1.589079707277357,1.5889533002333176,0.012816231601920691,1.9559926101524625
ackley,lookahead_boundary_uncertainty_reduction,4,13,24,25,2223,0.8025673667364206,False,False,False,30,30,1.5973684999147415,"current unlabelled pool, including the candidate",fixed current kernel hyperparameters; posterior refit only,2206,2223,0.4993707568331917,1.5835917010923994,1.5866551571818597,1.5851253567959405,0.012243143118801036,1.9546029059679995
ackley,lookahead_boundary_uncertainty_reduction,4,14,25,26,1001,1.0769186782249651,False,False,False,30,30,1.583002321497723,"current unlabelled pool, including the candidate",fixed current kernel hyperparameters; posterior refit only,992,1001,0.4998363631607063,1.5696264999985492,1.5640559182550053,1.5668402975743878,0.0161620239233351,1.9528455765781931
ackley,lookahead_boundary_uncertainty_reduction,4,15,26,27,2553,0.850361233473059,False,False,False,30,30,1.5068270404001245,"current unlabelled pool, including the candidate",fixed current kernel hyperparameters; posterior refit only,2534,2553,0.5003462803114359,1.4933481003600013,1.4942615483338242,1.493804508037864,0.013022532362260586,1.9497663920693893
ackley,lookahead_boundary_uncertainty_reduction,4,16,27,28,3643,2.7500618366289853,False,False,False,30,30,1.5111812084350877,"current unlabelled pool, including the candidate",fixed current kernel hyperparameters; posterior refit only,3618,3643,0.5006648512449778,1.4923558593101287,1.4996980136710287,1.496022055050111,0.015159153384976642,1.9472825401222533
ackley,lookahead_boundary_uncertainty_reduction,4,17,28,29,2771,2.222343980043684,False,False,False,30,30,1.52054598112337,"current unlabelled pool, including the candidate",fixed current kernel hyperparameters; posterior refit only,2750,2771,0.5007871789064082,1.5019583625670718,1.5064437036311684,1.5041975023332463,0.016348478790123577,1.952124784330704
ackley,lookahead_boundary_uncertainty_reduction,4,18,29,30,3930,0.12964136452897534,True,True,True,30,30,1.4877898679548605,"current unlabelled pool, including the candidate",fixed current kernel hyperparameters; posterior refit only,3902,3930,0.5014115661226053,1.4699660532897274,1.4753258110064311,1.472638366495661,0.015151501459199412,1.9481672221261435
ackley,lookahead_boundary_uncertainty_reduction,4,19,30,31,2143,0.877376169938282,False,False,False,30,30,1.5250094283662787,"current unlabelled pool, including the candidate",fixed current kernel hyperparameters; posterior refit only,2125,2143,0.49910844634163587,1.5128912558510152,1.513472798897814,1.5131825458512456,0.011826882515033166,1.9520049661567558
ackley,lookahead_boundary_uncertainty_reduction,4,20,31,32,1725,0.623594915375854,False,False,False,30,30,1.5362824581161079,"current unlabelled pool, including the candidate",fixed current kernel hyperparameters; posterior refit only,1707,1725,0.5020938341960886,1.5251267020522719,1.526607603911154,1.5258640522187599,0.010418405897347993,1.9531552177902944
ackley,lookahead_boundary_uncertainty_reduction,4,21,32,33,383,0.7907597990572803,False,False,False,30,30,1.4513201720824103,"current unlabelled pool, including the candidate",fixed current kernel hyperparameters; posterior refit only,378,383,0.4943001984176823,1.4386109532565834,1.4398322908739296,1.4392285834473406,0.01209158863506965,1.9430497120538794
ackley,lookahead_boundary_uncertainty_reduction,4,22,33,34,2795,1.4988821645468562,False,False,False,30,30,1.5003275157194773,"current unlabelled pool, including the candidate",fixed current kernel hyperparameters; posterior refit only,2770,2795,0.49845309339169436,1.4865040864974028,1.4891055355232057,1.4878088352089933,0.012518680510483993,1.9455713302859363
ackley,lookahead_boundary_uncertainty_reduction,4,23,34,35,3936,1.386798839737855,False,False,False,30,30,1.5593979571008971,"current unlabelled pool, including the candidate",fixed current kernel hyperparameters; posterior refit only,3903,3936,0.5004078583403181,1.550890512469841,1.5471215563923044,1.5490075716312433,0.010390385469653873,1.951465951169192
ackley,lookahead_boundary_uncertainty_reduction,4,24,35,36,497,0.15633212303828614,True,True,True,30,30,1.5333199135306113,"current unlabelled pool, including the candidate",fixed current kernel hyperparameters; posterior refit only,490,497,0.4961504436629772,1.5241253668503352,1.5226051542836128,1.5233594084230542,0.009960505107557083,1.948262356209983
ackley,lookahead_boundary_uncertainty_reduction,4,25,36,37,1944,0.965105555936411,False,False,False,30,30,1.5817063368865079,"current unlabelled pool, including the candidate",fixed current kernel hyperparameters; posterior refit only,1923,1944,0.4983540167199144,1.573580592353682,1.5731416870480386,1.5733604172700657,0.008345919616442155,1.952883087443589
ackley,lookahead_boundary_uncertainty_reduction,4,26,37,38,3691,1.5380192847279872,False,False,False,30,30,1.5585342192749367,"current unlabelled pool, including the candidate",fixed current kernel hyperparameters; posterior refit only,3658,3691,0.5022352776972143,1.5508640232243283,1.5512216567694335,1.5510420405865937,0.007492178688343065,1.9524576556551847
ackley,lookahead_boundary_uncertainty_reduction,4,27,38,39,3815,1.0681889610458324,False,False,False,30,30,1.521833648415697,"current unlabelled pool, including the candidate",fixed current kernel hyperparameters; posterior refit only,3780,3815,0.4983047598601655,1.5099436201528478,1.5133595403633366,1.5116573710631473,0.010176277352549556,1.9485891660166776
ackley,lookahead_boundary_uncertainty_reduction,4,28,39,40,3813,1.1751933022857983,False,False,False,30,30,1.550192220998789,"current unlabelled pool, including the candidate",fixed current kernel hyperparameters; posterior refit only,3778,3813,0.5043880798171202,1.5425346256567145,1.5420525678558812,1.5422957120644043,0.00789650893438476,1.9473008722915415
ackley,lookahead_boundary_uncertainty_reduction,4,29,40,41,423,1.082781237583843,False,False,False,30,30,1.5071514822512433,"current unlabelled pool, including the candidate",fixed current kernel hyperparameters; posterior refit only,416,423,0.49722951808306476,1.4951011926163322,1.4980671262561855,1.4965923765017748,0.0105591057494685,1.9385923229061326
ackley,lookahead_boundary_uncertainty_reduction,4,30,41,42,722,0.232981108783461,False,True,True,30,30,1.511722862365594,"current unlabelled pool, including the candidate",fixed current kernel hyperparameters; posterior refit only,712,722,0.49942814298897636,1.4995862105061186,1.5058184298975834,1.5027058841402043,0.009016978225389716,1.9407737602903523
ackley,lookahead_boundary_uncertainty_reduction,4,31,42,43,3442,1.0013866701107972,False,False,False,30,30,1.5530905193713713,"current unlabelled pool, including the candidate",fixed current kernel hyperparameters; posterior refit only,3411,3442,0.4979657151118279,1.5436969206881708,1.5469436190441535,1.5453268745755642,0.007763644795807156,1.9463289560366843
ackley,lookahead_boundary_uncertainty_reduction,4,32,43,44,3422,1.0825729535359354,False,False,False,30,30,1.516641540902892,"current unlabelled pool, including the candidate",fixed current kernel hyperparameters; posterior refit only,3391,3422,0.5028141310510666,1.5093720319124224,1.5066686614888598,1.5080279543392927,0.00861358656359923,1.9438254354797222
ackley,lookahead_boundary_uncertainty_reduction,4,33,44,45,2541,0.5154144447043283,False,False,True,30,30,1.5134281677317316,"current unlabelled pool, including the candidate",fixed current kernel hyperparameters; posterior refit only,2515,2541,0.495061306062515,1.5049214050182036,1.5078718970140412,1.5064112225930548,0.007016945138676789,1.9437338161520101
ackley,lookahead_boundary_uncertainty_reduction,4,34,45,46,3086,0.5970169223876347,False,False,False,30,30,1.5018460027156457,"current unlabelled pool, including the candidate",fixed current kernel hyperparameters; posterior refit only,3054,3086,0.5045853131886245,1.4913620408053032,1.4948686362942585,1.4930992597112382,0.008746743004407476,1.9393853768119935
ackley,lookahead_boundary_uncertainty_reduction,4,35,46,47,212,1.8033843616638432,False,False,False,30,30,1.5314825290264644,"current unlabelled pool, including the candidate",fixed current kernel hyperparameters; posterior refit only,208,212,0.497923672305128,1.5251372082958459,1.5244487422380217,1.5247915457857908,0.006690983240673631,1.9513356872912195
ackley,lookahead_boundary_uncertainty_reduction,4,36,47,48,2236,0.12454167453597798,True,True,True,30,30,1.5382361912280211,"current unlabelled pool, including the candidate",fixed current kernel hyperparameters; posterior refit only,2209,2236,0.5036120049018938,1.530037499560952,1.5331261774543805,1.5315706821879749,0.006665509040046258,1.943713072749436
ackley,lookahead_boundary_uncertainty_reduction,4,37,48,49,3830,0.5398403275967318,False,False,True,30,30,1.4585111824092285,"current unlabelled pool, including the candidate",fixed current kernel hyperparameters; posterior refit only,3785,3830,0.49631832312859553,1.452593443678424,1.4497947455745408,1.4511837907244032,0.007327391684825324,1.937985083084615
ackley,lookahead_boundary_uncertainty_reduction,4,38,49,50,1098,1.0241804207417786,False,False,False,30,30,1.2880098344987854,"current unlabelled pool, including the candidate",fixed current kernel hyperparameters; posterior refit only,1083,1098,0.5085992240808643,1.276528030394035,1.2822992708010248,1.2793640224080458,0.008645812090739557,1.9076528775381212
ackley,lookahead_boundary_uncertainty_reduction,4,39,50,51,3306,0.6483734580019167,False,False,False,30,30,1.0663149189449936,"current unlabelled pool, including the candidate",fixed current kernel hyperparameters; posterior refit only,3270,3306,0.4969771166358069,1.0552548256398737,1.0584037987736934,1.056838831185284,0.00947608775970954,1.924202209667617
ackley,lookahead_boundary_uncertainty_reduction,4,40,51,52,2880,2.242077479561729,False,False,False,30,30,0.8136412377905051,"current unlabelled pool, including the candidate",fixed current kernel hyperparameters; posterior refit only,2846,2880,0.51791569211202,0.8025874606052689,0.8032032889583959,0.8028843417906639,0.010756895999841198,1.8421904925624577
ackley,lookahead_boundary_uncertainty_reduction,4,41,52,53,808,2.6045064932365793,False,False,False,30,30,0.8287860216548768,"current unlabelled pool, including the candidate",fixed current kernel hyperparameters; posterior refit only,796,808,0.5828590766571138,0.8144754301088805,0.8237498229569213,0.8183441589049569,0.010441862749919872,1.770153970901113
ackley,lookahead_boundary_uncertainty_reduction,4,42,53,54,3861,1.284405953542601,False,False,False,30,30,0.7470910794693952,"current unlabelled pool, including the candidate",fixed current kernel hyperparameters; posterior refit only,3811,3861,0.4988773583840273,0.7331984578519779,0.7405250113741041,0.7368699597069266,0.010221119762468645,1.7265456006622586
ackley,lookahead_boundary_uncertainty_reduction,4,43,54,55,207,0.04318337530656002,True,True,True,30,30,0.671246237128364,"current unlabelled pool, including the candidate",fixed current kernel hyperparameters; posterior refit only,203,207,0.4915385709239064,0.6545559721609532,0.6672032940227447,0.6609866475087851,0.010259589619578846,1.7198254420671824
ackley,lookahead_boundary_uncertainty_reduction,4,44,55,56,3634,1.2525348665965659,False,False,False,30,30,0.6182272470002107,"current unlabelled pool, including the candidate",fixed current kernel hyperparameters; posterior refit only,3589,3634,0.4859899791803124,0.606149919465785,0.6085632034735085,0.6073903716288387,0.010836875371372012,1.6514731750070966
ackley,lookahead_boundary_uncertainty_reduction,4,45,56,57,405,1.119463525807154,False,False,False,30,30,0.582669474009496,"current unlabelled pool, including the candidate",fixed current kernel hyperparameters; posterior refit only,396,405,0.5050744498788976,0.5701496226598881,0.571056382123899,0.5705984010864412,0.01207107292305476,1.6045669554519373
ackley,lookahead_boundary_uncertainty_reduction,4,46,57,58,3166,1.051400182498817,False,False,False,30,30,0.5610582587979912,"current unlabelled pool, including the candidate",fixed current kernel hyperparameters; posterior refit only,3126,3166,0.481308019950349,0.5460767010162737,0.555634806075337,0.5510344134548819,0.010023845343109294,1.6308174198888525
ackley,lookahead_boundary_uncertainty_reduction,4,47,58,59,2353,1.808518126646451,False,False,False,30,30,0.5452263072757024,"current unlabelled pool, including the candidate",fixed current kernel hyperparameters; posterior refit only,2321,2353,0.45764720711350715,0.5363675657954278,0.535102324923353,0.5356813588747839,0.009544948400918574,1.6672883023496679
ackley,lookahead_boundary_uncertainty_reduction,4,48,59,60,502,0.4979412617183616,False,False,True,30,30,0.5378117775099511,"current unlabelled pool, including the candidate",fixed current kernel hyperparameters; posterior refit only,490,502,0.48197862317254814,0.5232357618250948,0.5328099057402091,0.5281953730379465,0.009616404472004625,1.5051668592838983
ackley,lookahead_boundary_uncertainty_reduction,4,49,60,61,2071,0.26858595992055534,False,True,True,30,30,0.5108223293180439,"current unlabelled pool, including the candidate",fixed current kernel hyperparameters; posterior refit only,2041,2071,0.5068320372883034,0.5059462428389142,0.4979219482383434,0.5019889178185523,0.008833411499491683,1.5601088223442239
ackley,lookahead_boundary_uncertainty_reduction,4,50,61,62,1207,1.6361270942222994,False,False,False,30,30,0.5108068522500847,"current unlabelled pool, including the candidate",fixed current kernel hyperparameters; posterior refit only,1186,1207,0.470458788246617,0.5011562865528084,0.5025721481624975,0.5019060436252782,0.008900808624806467,1.637939481991771
ackley,lookahead_boundary_uncertainty_reduction,4,51,62,63,1101,0.810125538619749,False,False,False,30,30,0.5400364760811769,"current unlabelled pool, including the candidate",fixed current kernel hyperparameters; posterior refit only,1081,1101,0.44678073292016085,0.5329728734651779,0.5303005828617319,0.5314945108161151,0.00854196526506179,1.585734094071367
ackley,lookahead_boundary_uncertainty_reduction,4,52,63,64,932,0.2835935180856275,False,True,True,30,30,0.6063592848573582,"current unlabelled pool, including the candidate",fixed current kernel hyperparameters; posterior refit only,914,932,0.5065567099606808,0.5965091499144459,0.5925799969884316,0.5945703357675658,0.011788949089792444,1.665221805729029
ackley,lookahead_boundary_uncertainty_reduction,4,53,64,65,1741,0.7571199661986778,False,False,False,30,30,0.6237557817029573,"current unlabelled pool, including the candidate",fixed current kernel hyperparameters; posterior refit only,1709,1741,0.4848627912567167,0.612233496812097,0.6141351575220108,0.6132131130021787,0.010542668700778579,1.608878252786486
ackley,lookahead_boundary_uncertainty_reduction,4,54,65,66,77,0.08776422085924374,True,True,True,30,30,0.6434223212925925,"current unlabelled pool, including the candidate",fixed current kernel hyperparameters; posterior refit only,76,77,0.5892168141316844,0.6332770815689747,0.635351094326372,0.6341290511369899,0.009293270155602551,1.6133733746296113
ackley,lookahead_boundary_uncertainty_reduction,4,55,66,67,2302,1.8923254443906146,False,False,False,30,30,0.5758590199747379,"current unlabelled pool, including the candidate",fixed current kernel hyperparameters; posterior refit only,2263,2302,0.4917279155348955,0.5634104988001568,0.5622092391558299,0.5627999320567509,0.013059087917986933,1.5657245273569615
ackley,lookahead_boundary_uncertainty_reduction,4,56,67,68,2964,0.1368319216831555,True,True,True,30,30,0.5169348874246983,"current unlabelled pool, including the candidate",fixed current kernel hyperparameters; posterior refit only,2917,2964,0.5004155751588791,0.5080125989389215,0.504940450143022,0.5064778012496958,0.010457086175002517,1.5581306358339353
ackley,lookahead_boundary_uncertainty_reduction,4,57,68,69,3610,0.8928673943810832,False,False,False,30,30,0.49012253816245943,"current unlabelled pool, including the candidate",fixed current kernel hyperparameters; posterior refit only,3553,3610,0.4833541059487194,0.4772366655038471,0.48347753743770544,0.4804609863637749,0.009661551798684553,1.5113484571915654
ackley,lookahead_boundary_uncertainty_reduction,4,58,69,70,2695,0.49948706933301956,False,False,True,30,30,0.48475165370852935,"current unlabelled pool, including the candidate",fixed current kernel hyperparameters; posterior refit only,2651,2695,0.5052608316720246,0.47936398226215465,0.4743295204029532,0.47687323678895444,0.007878416919574915,1.505440042672376
ackley,lookahead_boundary_uncertainty_reduction,4,59,70,71,826,0.4252093055052786,False,False,True,30,30,0.48423867670405285,"current unlabelled pool, including the candidate",fixed current kernel hyperparameters; posterior refit only,808,826,0.47951803585273417,0.47505083314464636,0.47638846317361455,0.47574704544942603,0.008491631254626819,1.5241779203408332
ackley,lookahead_boundary_uncertainty_reduction,4,60,71,72,648,0.45723974871559925,False,False,True,30,30,0.47607681268053514,"current unlabelled pool, including the candidate",fixed current kernel hyperparameters; posterior refit only,633,648,0.506399673763405,0.4636695603676872,0.4720697454309036,0.46781589445533855,0.00826091822519659,1.715803513589015
ackley,lookahead_boundary_uncertainty_reduction,4,61,72,73,3846,1.3587704149348134,False,False,False,30,30,0.43359966739673106,"current unlabelled pool, including the candidate",fixed current kernel hyperparameters; posterior refit only,3778,3846,0.5167736271701215,0.42477245380638906,0.4264572543925808,0.4255865938825961,0.008013073514134939,1.7355659476706335
ackley,lookahead_boundary_uncertainty_reduction,4,62,73,74,363,1.8471545771193885,False,False,False,30,30,0.41663614385830794,"current unlabelled pool, including the candidate",fixed current kernel hyperparameters; posterior refit only,355,363,0.5345124209032531,0.41089999387996196,0.40696726326538024,0.40906935662694066,0.007566787231367278,1.5242460404135074
ackley,lookahead_boundary_uncertainty_reduction,4,63,74,75,163,0.9955459703569325,False,False,False,30,30,0.42517772917809377,"current unlabelled pool, including the candidate",fixed current kernel hyperparameters; posterior refit only,160,163,0.5016106409261485,0.41728805825085435,0.41557333382851047,0.4164334578450141,0.008744271333079645,1.547894809507456
ackley,lookahead_boundary_uncertainty_reduction,4,64,75,76,14,0.259892679573527,False,True,True,30,30,0.3954414844347016,"current unlabelled pool, including the candidate",fixed current kernel hyperparameters; posterior refit only,13,14,0.5007664477821157,0.3817427042697909,0.39389605861576044,0.3878100665312919,0.00763141790340971,1.4069866256575545
ackley,lookahead_boundary_uncertainty_reduction,4,65,76,77,1450,0.8621071107568987,False,False,False,30,30,0.4436287512561419,"current unlabelled pool, including the candidate",fixed current kernel hyperparameters; posterior refit only,1418,1450,0.49293937646062125,0.43386489161029745,0.4390329751340397,0.4364854232643498,0.00714332799179207,1.5106837756999631
ackley,lookahead_boundary_uncertainty_reduction,4,66,77,78,3011,1.3152143296019307,False,False,False,30,30,0.4520638552064585,"current unlabelled pool, including the candidate",fixed current kernel hyperparameters; posterior refit only,2956,3011,0.5639259034716566,0.4394748418509552,0.45107011553664156,0.44453124034743974,0.007532614859018738,1.4199404981655823
ackley,lookahead_boundary_uncertainty_reduction,4,67,78,79,336,0.4014673970182283,False,False,True,30,30,0.4264501790926866,"current unlabelled pool, including the candidate",fixed current kernel hyperparameters; posterior refit only,326,336,0.4980059280094367,0.4244429502176602,0.41479503834409864,0.419599755650045,0.00685042344264164,1.4078115075402662
ackley,lookahead_boundary_uncertainty_reduction,4,68,79,80,1338,0.8425754634417579,False,False,False,30,30,0.4001337847220921,"current unlabelled pool, including the candidate",fixed current kernel hyperparameters; posterior refit only,1306,1338,0.4894812260866242,0.39673795378561905,0.39033558893037584,0.3934694263295742,0.006664358392517888,1.408812335834039
