target,method_a,method_b,simulation_id,numeric_simulation_id,absolute_error_a_um,absolute_error_b_um,absolute_error_difference_b_minus_a_um,method_b_outcome
depth,A_tiny_jitter,B_learned_nugget,sim_00001,1,1.6077862549860529,5.808272348922685,4.200486093936632,worsened
depth,A_tiny_jitter,B_learned_nugget,sim_00002,2,8.681068926194829,1.1234935909009032,-7.557575335293926,improved
depth,A_tiny_jitter,B_learned_nugget,sim_00003,3,4.077514370636862,2.759012528147061,-1.3185018424898014,improved
depth,A_tiny_jitter,B_learned_nugget,sim_00004,4,7.548035330637525,5.848117503177164,-1.6999178274603608,improved
depth,A_tiny_jitter,B_learned_nugget,sim_00005,5,11.044764195993508,12.615113310839902,1.570349114846394,worsened
depth,A_tiny_jitter,B_learned_nugget,sim_00006,6,1.8498729854863,1.4249834481520622,-0.42488953733423784,improved
depth,A_tiny_jitter,B_learned_nugget,sim_00007,7,1.3761914615049733,0.9441892894412688,-0.4320021720637045,improved
depth,A_tiny_jitter,B_learned_nugget,sim_00008,8,0.0118982688655435,1.1083853222618671,1.0964870533963236,worsened
depth,A_tiny_jitter,B_learned_nugget,sim_00009,9,0.5125560516117247,1.4866375859195171,0.9740815343077924,worsened
depth,A_tiny_jitter,B_learned_nugget,sim_00010,10,0.6795172980280455,0.1320808620582596,-0.5474364359697859,improved
depth,A_tiny_jitter,B_learned_nugget,sim_00011,11,3.356244292609581,1.4196585163494646,-1.9365857762601162,improved
depth,A_tiny_jitter,B_learned_nugget,sim_00012,12,4.17044675390872,3.0514217980466185,-1.119024955862102,improved
depth,A_tiny_jitter,B_learned_nugget,sim_00013,13,1.9026994963508344,0.1240925524710974,-1.778606943879737,improved
depth,A_tiny_jitter,B_learned_nugget,sim_00014,14,2.827062117789524,0.7122751353783912,-2.114786982411133,improved
depth,A_tiny_jitter,B_learned_nugget,sim_00015,15,3.4848266228000853,3.237315130772849,-0.2475114920272361,improved
depth,A_tiny_jitter,B_learned_nugget,sim_00016,16,0.93487271783561,0.7232208431358913,-0.2116518746997187,improved
depth,A_tiny_jitter,B_learned_nugget,sim_00017,17,2.790500435319167,1.8497931414825568,-0.9407072938366103,improved
depth,A_tiny_jitter,B_learned_nugget,sim_00018,18,0.4349340796427867,1.3445424897315448,0.909608410088758,worsened
depth,A_tiny_jitter,B_learned_nugget,sim_00019,19,2.1074760651233437,1.2950375466053146,-0.8124385185180292,improved
depth,A_tiny_jitter,B_learned_nugget,sim_00020,20,3.654237257876176,0.1383464482859437,-3.5158908095902324,improved
depth,A_tiny_jitter,B_learned_nugget,sim_00021,21,15.441660894013388,15.284111306810942,-0.15754958720244616,improved
depth,A_tiny_jitter,B_learned_nugget,sim_00022,22,2.6360975711858003,1.7863575254036022,-0.8497400457821982,improved
depth,A_tiny_jitter,B_learned_nugget,sim_00023,23,3.5579267469245863,0.5007240359211025,-3.057202711003484,improved
depth,A_tiny_jitter,B_learned_nugget,sim_00024,24,1.6208294390531537,0.5957606988547255,-1.0250687401984282,improved
depth,A_tiny_jitter,B_learned_nugget,sim_00025,25,1.1634198791365264,0.5298845861708656,-0.6335352929656608,improved
depth,A_tiny_jitter,B_learned_nugget,sim_00026,26,2.2256335915691,1.2842891660467828,-0.9413444255223173,improved
depth,A_tiny_jitter,B_learned_nugget,sim_00027,27,0.6822366327865552,0.7706777590453484,0.08844112625879319,worsened
depth,A_tiny_jitter,B_learned_nugget,sim_00028,28,0.7802900830038482,0.2624090940679977,-0.5178809889358504,improved
depth,A_tiny_jitter,B_learned_nugget,sim_00029,29,20.81945938321499,32.29881403520065,11.479354651985659,worsened
depth,A_tiny_jitter,B_learned_nugget,sim_00030,30,0.1629284451890029,0.2059209389765044,0.0429924937875015,worsened
depth,A_tiny_jitter,B_learned_nugget,sim_00031,31,1.9416778017367449,1.67732918159534,-0.2643486201414049,improved
depth,A_tiny_jitter,B_learned_nugget,sim_00032,32,0.9088505635871869,0.4068508560944224,-0.5019997074927645,improved
depth,A_tiny_jitter,B_learned_nugget,sim_00033,33,2.573267721043159,2.8127191818138257,0.2394514607706668,worsened
depth,A_tiny_jitter,B_learned_nugget,sim_00034,34,4.021234476288932,3.325271035118142,-0.6959634411707896,improved
depth,A_tiny_jitter,B_learned_nugget,sim_00035,35,1.2014934003431534,1.7380923353159474,0.536598934972794,worsened
depth,A_tiny_jitter,B_learned_nugget,sim_00036,36,23.87650077615721,15.430762126085796,-8.445738650071416,improved
depth,A_tiny_jitter,B_learned_nugget,sim_00037,37,0.5050547801329088,0.6037451954322819,0.09869041529937306,worsened
depth,A_tiny_jitter,B_learned_nugget,sim_00038,38,19.543071211968865,31.77921668894048,12.236145476971615,worsened
depth,A_tiny_jitter,B_learned_nugget,sim_00039,39,7.366422344929163,6.306113356616343,-1.0603089883128192,improved
depth,A_tiny_jitter,B_learned_nugget,sim_00040,40,0.9403249654149164,0.8633402804188535,-0.07698468499606292,improved
depth,A_tiny_jitter,B_learned_nugget,sim_00041,41,3.008245347666538,2.8576310473605275,-0.1506143003060103,improved
depth,A_tiny_jitter,B_learned_nugget,sim_00042,42,2.61779187867306,1.5438243669877494,-1.0739675116853107,improved
depth,A_tiny_jitter,B_learned_nugget,sim_00043,43,0.1098552887583039,0.9522233175088316,0.8423680287505277,worsened
depth,A_tiny_jitter,B_learned_nugget,sim_00044,44,1.3979774268031022,0.8815602597443402,-0.5164171670587621,improved
depth,A_tiny_jitter,B_learned_nugget,sim_00045,45,0.3872547039083684,1.1751714956493302,0.7879167917409617,worsened
depth,A_tiny_jitter,B_learned_nugget,sim_00046,46,1.0535626028783869,1.5796694430823734,0.5261068402039866,worsened
depth,A_tiny_jitter,B_learned_nugget,sim_00047,47,0.1769985033361933,0.3826250093478123,0.205626506011619,worsened
depth,A_tiny_jitter,B_learned_nugget,sim_00048,48,1.2273520067218726,1.3918031420324866,0.16445113531061395,worsened
depth,A_tiny_jitter,B_learned_nugget,sim_00049,49,6.273985078466332,3.503851448975709,-2.7701336294906227,improved
depth,A_tiny_jitter,B_learned_nugget,sim_00050,50,3.834377281572756,3.413765135029984,-0.42061214654277235,improved
depth,A_tiny_jitter,B_learned_nugget,sim_00051,51,0.750880505660632,0.8451670897294861,0.09428658406885404,worsened
depth,A_tiny_jitter,B_learned_nugget,sim_00052,52,5.0297208877609805,1.6472105565310995,-3.3825103312298808,improved
depth,A_tiny_jitter,B_learned_nugget,sim_00053,53,2.274679090188279,1.358390705644176,-0.916288384544103,improved
depth,A_tiny_jitter,B_learned_nugget,sim_00054,54,2.5514495501691528,1.416548561723765,-1.1349009884453878,improved
depth,A_tiny_jitter,B_learned_nugget,sim_00055,55,5.589721133334479,3.4184917616820627,-2.1712293716524167,improved
depth,A_tiny_jitter,B_learned_nugget,sim_00056,56,1.3669971770714966,0.7592593556284228,-0.6077378214430738,improved
depth,A_tiny_jitter,B_learned_nugget,sim_00057,57,5.095104754749833,4.257418324681581,-0.8376864300682527,improved
depth,A_tiny_jitter,B_learned_nugget,sim_00058,58,0.9624126632364352,0.4475926593159158,-0.5148200039205193,improved
depth,A_tiny_jitter,B_learned_nugget,sim_00059,59,0.3210727070438537,0.0427402662250244,-0.2783324408188293,improved
depth,A_tiny_jitter,B_learned_nugget,sim_00060,60,2.5970692726072717,1.7879807174915854,-0.8090885551156863,improved
depth,A_tiny_jitter,B_learned_nugget,sim_00061,61,6.3946380077983065,4.806836942698972,-1.5878010650993346,improved
depth,A_tiny_jitter,B_learned_nugget,sim_00062,62,0.116029365029199,0.3634725627098945,0.24744319768069548,worsened
depth,A_tiny_jitter,B_learned_nugget,sim_00063,63,3.200247282284032,1.5499466240951063,-1.650300658188926,improved
depth,A_tiny_jitter,B_learned_nugget,sim_00064,64,4.547092412685032,3.237429750745882,-1.30966266193915,improved
depth,A_tiny_jitter,B_learned_nugget,sim_00065,65,2.447320543271424,1.4752072892745005,-0.9721132539969233,improved
depth,A_tiny_jitter,B_learned_nugget,sim_00066,66,0.7701562304300467,0.3590542868848487,-0.41110194354519797,improved
depth,A_tiny_jitter,B_learned_nugget,sim_00067,67,0.1773650116390683,1.0858668538521954,0.9085018422131271,worsened
depth,A_tiny_jitter,B_learned_nugget,sim_00068,68,0.3601756238389555,0.984828345245063,0.6246527214061075,worsened
depth,A_tiny_jitter,B_learned_nugget,sim_00069,69,1.5379257237703428,2.642121785403475,1.1041960616331323,worsened
depth,A_tiny_jitter,B_learned_nugget,sim_00070,70,2.130205470828173,1.3021260017098155,-0.8280794691183575,improved
depth,A_tiny_jitter,B_learned_nugget,sim_00071,71,0.2857212128566857,2.32210444936581,2.036383236509124,worsened
depth,A_tiny_jitter,B_learned_nugget,sim_00072,72,0.2213492463828643,1.3629472592742786,1.1415980128914143,worsened
depth,A_tiny_jitter,B_learned_nugget,sim_00073,73,1.6266486430545015,2.8879002111979304,1.2612515681434289,worsened
depth,A_tiny_jitter,B_learned_nugget,sim_00074,74,1.6070276456737176,1.450423811202782,-0.1566038344709355,improved
depth,A_tiny_jitter,B_learned_nugget,sim_00075,75,2.302310709235975,1.054142397271562,-1.2481683119644131,improved
depth,A_tiny_jitter,B_learned_nugget,sim_00076,76,1.596616422916,0.1616041904179681,-1.435012232498032,improved
depth,A_tiny_jitter,B_learned_nugget,sim_00077,77,5.144587047901624,5.004458953552756,-0.1401280943488672,improved
depth,A_tiny_jitter,B_learned_nugget,sim_00078,78,1.745712464270639,1.5966707228222816,-0.14904174144835736,improved
depth,A_tiny_jitter,B_learned_nugget,sim_00079,79,1.2082011440052582,0.9404899702787404,-0.26771117372651787,improved
depth,A_tiny_jitter,B_learned_nugget,sim_00080,80,0.1651058029058845,0.1355998364023918,-0.029505966503492714,improved
depth,A_tiny_jitter,B_learned_nugget,sim_00081,81,2.2164673088889515,2.3583547710015864,0.14188746211263492,worsened
depth,A_tiny_jitter,B_learned_nugget,sim_00082,82,3.5450853799355144,3.541359358954722,-0.003726020980792555,improved
depth,A_tiny_jitter,B_learned_nugget,sim_00083,83,1.8243926691138483,1.7023168658150991,-0.12207580329874923,improved
depth,A_tiny_jitter,B_learned_nugget,sim_00084,84,0.9354382778492648,0.4016597728503299,-0.533778504998935,improved
depth,A_tiny_jitter,B_learned_nugget,sim_00085,85,4.112567854404162,5.481716591823385,1.3691487374192235,worsened
depth,A_tiny_jitter,B_learned_nugget,sim_00086,86,2.6300314358485863,0.6132276361691851,-2.0168037996794013,improved
depth,A_tiny_jitter,B_learned_nugget,sim_00087,87,2.7840445375314147,2.7876784295848296,0.003633892053414911,worsened
depth,A_tiny_jitter,B_learned_nugget,sim_00088,88,0.6877901920786655,0.0477578831457137,-0.6400323089329518,improved
depth,A_tiny_jitter,B_learned_nugget,sim_00089,89,1.2576910910426733,2.061622496808724,0.8039314057660505,worsened
depth,A_tiny_jitter,B_learned_nugget,sim_00090,90,0.5943100339913769,3.5083408952803268,2.91403086128895,worsened
depth,A_tiny_jitter,B_learned_nugget,sim_00091,91,0.240361226183964,1.094272961901801,0.853911735717837,worsened
depth,A_tiny_jitter,B_learned_nugget,sim_00092,92,1.8341893441464092,1.0827791867731875,-0.7514101573732217,improved
depth,A_tiny_jitter,B_learned_nugget,sim_00093,93,1.6955820459072228,1.5498640208174237,-0.14571802508979914,improved
depth,A_tiny_jitter,B_learned_nugget,sim_00094,94,1.049536572961138,0.9922390698742304,-0.05729750308690751,improved
depth,A_tiny_jitter,B_learned_nugget,sim_00095,95,0.3585122313328241,6.022972808586005,5.66446057725318,worsened
depth,A_tiny_jitter,B_learned_nugget,sim_00096,96,0.3873864910177644,0.9686161976285064,0.5812297066107419,worsened
depth,A_tiny_jitter,B_learned_nugget,sim_00097,97,1.1474620989463773,1.669096729712109,0.5216346307657318,worsened
depth,A_tiny_jitter,B_learned_nugget,sim_00098,98,0.982288722389086,2.45330809334358,1.4710193709544939,worsened
depth,A_tiny_jitter,B_learned_nugget,sim_00099,99,0.4848826232261487,0.9574829697156132,0.4726003464894645,worsened
depth,A_tiny_jitter,B_learned_nugget,sim_00100,100,2.1349771799976622,3.6520705031614256,1.5170933231637633,worsened
depth,A_tiny_jitter,B_learned_nugget,sim_00101,101,20.257079125701168,22.04904280263449,1.791963676933321,worsened
depth,A_tiny_jitter,B_learned_nugget,sim_00102,102,3.5589911428822205,2.7270513402569776,-0.8319398026252429,improved
depth,A_tiny_jitter,B_learned_nugget,sim_00103,103,6.241557035034475,2.9646289920309528,-3.2769280430035224,improved
depth,A_tiny_jitter,B_learned_nugget,sim_00104,104,0.112695723654653,0.276371101363388,0.163675377708735,worsened
depth,A_tiny_jitter,B_learned_nugget,sim_00105,105,3.4928922281226136,2.32190089801378,-1.1709913301088335,improved
depth,A_tiny_jitter,B_learned_nugget,sim_00106,106,0.547408086015821,0.9670927780087551,0.4196846919929341,worsened
depth,A_tiny_jitter,B_learned_nugget,sim_00107,107,3.372973785588954,1.5344617916322676,-1.8385119939566863,improved
depth,A_tiny_jitter,B_learned_nugget,sim_00108,108,2.2578118734563333,1.9153597912879547,-0.3424520821683785,improved
depth,A_tiny_jitter,B_learned_nugget,sim_00109,109,0.1267088694286968,0.6391914915383339,0.512482622109637,worsened
depth,A_tiny_jitter,B_learned_nugget,sim_00110,110,0.0486479256367431,0.6223596572580377,0.5737117316212945,worsened
depth,A_tiny_jitter,B_learned_nugget,sim_00111,111,0.5366142608180553,0.7127948145829208,0.17618055376486552,worsened
depth,A_tiny_jitter,B_learned_nugget,sim_00112,112,0.4339046072078645,0.0006661475233258,-0.4332384596845387,improved
depth,A_tiny_jitter,B_learned_nugget,sim_00113,113,0.4242145306274025,0.0296787806353719,-0.3945357499920306,improved
depth,A_tiny_jitter,B_learned_nugget,sim_00114,114,0.4718942957366181,0.7553519178769434,0.2834576221403253,worsened
depth,A_tiny_jitter,B_learned_nugget,sim_00115,115,2.949529782131308,5.790407883785733,2.840878101654425,worsened
depth,A_tiny_jitter,B_learned_nugget,sim_00116,116,0.3373378418176287,1.0018567709291943,0.6645189291115656,worsened
depth,A_tiny_jitter,B_learned_nugget,sim_00117,117,3.435757035417822,2.0443488778989263,-1.391408157518896,improved
depth,A_tiny_jitter,B_learned_nugget,sim_00118,118,0.6240318709782571,1.644908683989101,1.0208768130108439,worsened
depth,A_tiny_jitter,B_learned_nugget,sim_00119,119,2.7815050821913587,1.5087072672611157,-1.272797814930243,improved
depth,A_tiny_jitter,B_learned_nugget,sim_00120,120,0.4551954548118715,0.4319600793872382,-0.02323537542463333,improved
depth,A_tiny_jitter,B_learned_nugget,sim_00121,121,0.4619972645209174,0.871565408035984,0.40956814351506665,worsened
depth,A_tiny_jitter,B_learned_nugget,sim_00122,122,4.497059591055944,0.4642326037601663,-4.032826987295778,improved
depth,A_tiny_jitter,B_learned_nugget,sim_00123,123,5.230632152542228,6.327577137713945,1.0969449851717172,worsened
depth,A_tiny_jitter,B_learned_nugget,sim_00124,124,7.271127849145728,8.2215458943609,0.9504180452151729,worsened
depth,A_tiny_jitter,B_learned_nugget,sim_00125,125,0.1666860415878375,2.05192314330003,1.8852371017121925,worsened
depth,A_tiny_jitter,B_learned_nugget,sim_00126,126,2.906108555107678,4.325543736400263,1.419435181292585,worsened
depth,A_tiny_jitter,B_learned_nugget,sim_00127,127,0.019672074737592,0.240296240765339,0.220624166027747,worsened
depth,A_tiny_jitter,B_learned_nugget,sim_00128,128,1.7738900938141882,1.8264679497676468,0.05257785595345865,worsened
depth,A_tiny_jitter,B_learned_nugget,sim_00129,129,1.863881792619168,1.56113941269912,-0.30274237992004793,improved
depth,A_tiny_jitter,B_learned_nugget,sim_00130,130,0.053577867195024,0.3245930046511702,0.2710151374561462,worsened
depth,A_tiny_jitter,B_learned_nugget,sim_00131,131,2.067311512292626,1.166209953803282,-0.9011015584893443,improved
depth,A_tiny_jitter,B_learned_nugget,sim_00132,132,1.3226384198975722,0.3251924874819494,-0.9974459324156228,improved
depth,A_tiny_jitter,B_learned_nugget,sim_00133,133,8.50840345969553,0.2647136849229383,-8.24368977477259,improved
depth,A_tiny_jitter,B_learned_nugget,sim_00134,134,0.2316544182873201,0.3026817144997977,0.07102729621247758,worsened
depth,A_tiny_jitter,B_learned_nugget,sim_00135,135,5.727232807507733,2.9411233216558657,-2.786109485851867,improved
depth,A_tiny_jitter,B_learned_nugget,sim_00137,137,1.5787464701504916,3.932507513032249,2.3537610428817572,worsened
depth,A_tiny_jitter,B_learned_nugget,sim_00138,138,2.751798911330127,0.2041457471198526,-2.547653164210274,improved
depth,A_tiny_jitter,B_learned_nugget,sim_00139,139,7.414523817712251,1.5038972204162633,-5.9106265972959875,improved
depth,A_tiny_jitter,B_learned_nugget,sim_00140,140,4.178113243949582,0.0865249593308732,-4.091588284618709,improved
depth,A_tiny_jitter,B_learned_nugget,sim_00141,141,0.9428216864022616,0.965294701328972,0.02247301492671039,worsened
depth,A_tiny_jitter,B_learned_nugget,sim_00142,142,0.0796559520092046,1.5388758772050863,1.4592199251958817,worsened
depth,A_tiny_jitter,B_learned_nugget,sim_00143,143,7.33068780301604,0.6382084936383734,-6.692479309377666,improved
depth,A_tiny_jitter,B_learned_nugget,sim_00144,144,6.242776420889175,1.595398510261365,-4.64737791062781,improved
depth,A_tiny_jitter,B_learned_nugget,sim_00145,145,3.218357985464777,1.874521651186868,-1.343836334277909,improved
depth,A_tiny_jitter,B_learned_nugget,sim_00146,146,3.912501329472661,2.09264318783584,-1.819858141636821,improved
depth,A_tiny_jitter,B_learned_nugget,sim_00147,147,4.896408313203537,1.5975268848815,-3.298881428322037,improved
depth,A_tiny_jitter,B_learned_nugget,sim_00148,148,1.7839651554243154,1.6205837096637978,-0.1633814457605176,improved
depth,A_tiny_jitter,B_learned_nugget,sim_00149,149,0.0017762272860295,1.0586872704327843,1.0569110431467548,worsened
depth,A_tiny_jitter,B_learned_nugget,sim_00150,150,0.120545668475863,0.5240545082939647,0.4035088398181017,worsened
depth,A_tiny_jitter,B_learned_nugget,sim_00151,151,1.8981559324320576,0.4407356180772588,-1.4574203143547988,improved
depth,A_tiny_jitter,B_learned_nugget,sim_00152,152,9.116795439771153,2.03994161751816,-7.076853822252993,improved
depth,A_tiny_jitter,B_learned_nugget,sim_00153,153,3.5177396067040547,0.9952442654338328,-2.522495341270222,improved
depth,A_tiny_jitter,B_learned_nugget,sim_00154,154,15.76539611808982,3.316528755474673,-12.448867362615147,improved
depth,A_tiny_jitter,B_learned_nugget,sim_00155,155,6.799086255638358,1.2331645373444822,-5.565921718293875,improved
depth,A_tiny_jitter,B_learned_nugget,sim_00156,156,3.7595871247539314,0.0982000400823146,-3.6613870846716168,improved
depth,A_tiny_jitter,B_learned_nugget,sim_00157,157,3.295482418988776,1.0160366029808543,-2.2794458160079216,improved
depth,A_tiny_jitter,B_learned_nugget,sim_00158,158,2.901141855730877,1.3939704689579244,-1.5071713867729524,improved
depth,A_tiny_jitter,B_learned_nugget,sim_00159,159,4.132823107113495,0.3293771194631034,-3.8034459876503917,improved
depth,A_tiny_jitter,B_learned_nugget,sim_00160,160,1.6400046198896518,1.4669826976883868,-0.173021922201265,improved
depth,A_tiny_jitter,B_learned_nugget,sim_00161,161,3.223758235741613,1.860068117231009,-1.363690118510604,improved
depth,A_tiny_jitter,B_learned_nugget,sim_00162,162,5.037594112433922,1.0542577143497525,-3.9833363980841696,improved
depth,A_tiny_jitter,B_learned_nugget,sim_00163,163,4.584798086929126,3.741647178760502,-0.8431509081686244,improved
depth,A_tiny_jitter,B_learned_nugget,sim_00164,164,3.955669113306613,2.007453584424944,-1.948215528881669,improved
depth,A_tiny_jitter,B_learned_nugget,sim_00165,165,2.1614300084230145,0.7625236536295255,-1.398906354793489,improved
depth,A_tiny_jitter,B_learned_nugget,sim_00166,166,4.307692678771282,1.4248811699964603,-2.8828115087748216,improved
depth,A_tiny_jitter,B_learned_nugget,sim_00167,167,1.856831426317143,0.3524943291386009,-1.5043370971785421,improved
depth,A_tiny_jitter,B_learned_nugget,sim_00168,168,1.0573191637033723,0.4525947623628639,-0.6047244013405084,improved
depth,A_tiny_jitter,B_learned_nugget,sim_00169,169,4.915127943884393,1.5233262470862172,-3.3918016967981757,improved
depth,A_tiny_jitter,B_learned_nugget,sim_00170,170,0.2316887205892754,1.0176075334701338,0.7859188128808584,worsened
depth,A_tiny_jitter,B_learned_nugget,sim_00171,171,0.922287303750501,0.358819599391353,-0.5634677043591481,improved
depth,A_tiny_jitter,B_learned_nugget,sim_00172,172,2.789557891155251,1.002699331858821,-1.7868585592964301,improved
depth,A_tiny_jitter,B_learned_nugget,sim_00173,173,2.301529314861213,0.7249842570578551,-1.576545057803358,improved
depth,A_tiny_jitter,B_learned_nugget,sim_00174,174,1.76822875410614,0.8750684530601447,-0.8931603010459954,improved
depth,A_tiny_jitter,B_learned_nugget,sim_00175,175,0.8166489396256829,1.9704356172247053,1.1537866775990224,worsened
depth,A_tiny_jitter,B_learned_nugget,sim_00176,176,1.4031519646920323,0.5296183256956724,-0.8735336389963599,improved
depth,A_tiny_jitter,B_learned_nugget,sim_00177,177,2.167363929691412,1.6880163748727597,-0.4793475548186521,improved
depth,A_tiny_jitter,B_learned_nugget,sim_00178,178,0.7526278233891759,1.2326424993595708,0.48001467597039493,worsened
depth,A_tiny_jitter,B_learned_nugget,sim_00179,179,0.0771835374128784,0.8940623825059006,0.8168788450930222,worsened
depth,A_tiny_jitter,B_learned_nugget,sim_00180,180,2.6163848755593198,3.124068495006036,0.5076836194467162,worsened
depth,A_tiny_jitter,B_learned_nugget,sim_00181,181,0.4688177791201582,1.506835334920055,1.0380175557998967,worsened
depth,A_tiny_jitter,B_learned_nugget,sim_00182,182,0.0679358128303775,2.0356338308663453,1.9676980180359678,worsened
depth,A_tiny_jitter,B_learned_nugget,sim_00183,183,3.3712478322955235,0.9884158241164088,-2.382832008179115,improved
depth,A_tiny_jitter,B_learned_nugget,sim_00184,184,1.340016353375674,1.000672259768102,-0.339344093607572,improved
depth,A_tiny_jitter,B_learned_nugget,sim_00185,185,1.0428722268089032,1.5342208925494203,0.49134866574051705,worsened
depth,A_tiny_jitter,B_learned_nugget,sim_00186,186,0.9988616927195012,1.5102260360832886,0.5113643433637874,worsened
depth,A_tiny_jitter,B_learned_nugget,sim_00187,187,1.2776118533617264,2.827400416339181,1.5497885629774544,worsened
depth,A_tiny_jitter,B_learned_nugget,sim_00188,188,3.032127202560744,0.3760316727387547,-2.6560955298219895,improved
depth,A_tiny_jitter,B_learned_nugget,sim_00189,189,3.1832583218782204,2.4875531069012595,-0.6957052149769609,improved
depth,A_tiny_jitter,B_learned_nugget,sim_00190,190,1.8343587548876528,1.9719742813520256,0.1376155264643728,worsened
depth,A_tiny_jitter,B_learned_nugget,sim_00191,191,0.1908153755780262,0.0736106101041258,-0.1172047654739004,improved
depth,A_tiny_jitter,B_learned_nugget,sim_00192,192,1.7838741258311543,0.2325415990522472,-1.551332526778907,improved
depth,A_tiny_jitter,B_learned_nugget,sim_00193,193,0.4284379736399089,0.6128217263399591,0.18438375270005025,worsened
depth,A_tiny_jitter,B_learned_nugget,sim_00194,194,1.2426943463610556,1.2846802403833308,0.04198589402227526,worsened
depth,A_tiny_jitter,B_learned_nugget,sim_00195,195,0.3195339055004851,0.7386023969388091,0.41906849143832403,worsened
depth,A_tiny_jitter,B_learned_nugget,sim_00196,196,5.149678405470475,3.4317706745534267,-1.717907730917048,improved
depth,A_tiny_jitter,B_learned_nugget,sim_00197,197,1.2778119686843752,1.6334744808393324,0.35566251215495726,worsened
depth,A_tiny_jitter,B_learned_nugget,sim_00198,198,2.0062051668319967,1.4815967652386988,-0.5246084015932979,improved
depth,A_tiny_jitter,B_learned_nugget,sim_00199,199,7.183650345759219,3.9847387985212,-3.1989115472380187,improved
depth,A_tiny_jitter,B_learned_nugget,sim_00200,200,0.6810285913946075,0.5100145573817088,-0.17101403401289872,improved
depth,A_tiny_jitter,B_learned_nugget,sim_00201,201,3.838024200251297,1.4790886830705574,-2.35893551718074,improved
depth,A_tiny_jitter,B_learned_nugget,sim_00202,202,1.9318333854016885,0.8238809464155707,-1.1079524389861177,improved
depth,A_tiny_jitter,B_learned_nugget,sim_00203,203,16.50563577756374,19.18466722855481,2.679031450991072,worsened
depth,A_tiny_jitter,B_learned_nugget,sim_00204,204,1.845220748437633,0.517564050117997,-1.327656698319636,improved
depth,A_tiny_jitter,B_learned_nugget,sim_00205,205,0.9583672593513696,0.3592316587557533,-0.5991356005956163,improved
depth,A_tiny_jitter,B_learned_nugget,sim_00206,206,0.8571085180983999,1.5076860522486086,0.6505775341502087,worsened
depth,A_tiny_jitter,B_learned_nugget,sim_00207,207,0.4083205284454436,0.9037147908364176,0.495394262390974,worsened
depth,A_tiny_jitter,B_learned_nugget,sim_00208,208,5.570353483556616,4.093681386035968,-1.4766720975206482,improved
depth,A_tiny_jitter,B_learned_nugget,sim_00209,209,0.649248609723216,1.5017318344667956,0.8524832247435796,worsened
depth,A_tiny_jitter,B_learned_nugget,sim_00210,210,0.8107204069662544,1.284259125611129,0.47353871864487473,worsened
depth,A_tiny_jitter,B_learned_nugget,sim_00211,211,1.7933915355811365,1.1313498277628256,-0.662041707818311,improved
depth,A_tiny_jitter,B_learned_nugget,sim_00212,212,1.1621086104852196,0.4363224955084632,-0.7257861149767564,improved
depth,A_tiny_jitter,B_learned_nugget,sim_00213,213,0.6098565644694247,0.97782746372107,0.3679708992516453,worsened
depth,A_tiny_jitter,B_learned_nugget,sim_00214,214,1.9311652475289092,3.980513093403246,2.049347845874337,worsened
depth,A_tiny_jitter,B_learned_nugget,sim_00215,215,0.7122431590294838,10.642164141676702,9.929920982647218,worsened
depth,A_tiny_jitter,B_learned_nugget,sim_00216,216,2.160899097781765,1.5995357941087605,-0.5613633036730046,improved
depth,A_tiny_jitter,B_learned_nugget,sim_00217,217,1.720702321010748,5.851285927363122,4.130583606352374,worsened
depth,A_tiny_jitter,B_learned_nugget,sim_00218,218,0.5186045746675774,0.1466502289541296,-0.37195434571344776,improved
depth,A_tiny_jitter,B_learned_nugget,sim_00219,219,2.1044855100620765,2.824008730216434,0.7195232201543575,worsened
depth,A_tiny_jitter,B_learned_nugget,sim_00220,220,0.310565840102555,0.6888464176109608,0.37828057750840577,worsened
depth,A_tiny_jitter,B_learned_nugget,sim_00221,221,0.4211459573468019,0.7460127165801751,0.3248667592333732,worsened
depth,A_tiny_jitter,B_learned_nugget,sim_00222,222,8.671266148887483,6.531959088203934,-2.1393070606835494,improved
depth,A_tiny_jitter,B_learned_nugget,sim_00223,223,3.192824165486371,1.233766277414972,-1.9590578880713991,improved
depth,A_tiny_jitter,B_learned_nugget,sim_00224,224,3.9392556972921255,5.0584707916674745,1.119215094375349,worsened
depth,A_tiny_jitter,B_learned_nugget,sim_00225,225,8.626353307965601,5.625703877476028,-3.000649430489573,improved
depth,A_tiny_jitter,B_learned_nugget,sim_00226,226,2.310150324886166,3.0222110246448324,0.7120606997586663,worsened
depth,A_tiny_jitter,B_learned_nugget,sim_00227,227,1.76862481833421,0.9105988629708506,-0.8580259553633593,improved
depth,A_tiny_jitter,B_learned_nugget,sim_00228,228,1.005100436088142,2.5392887668092783,1.5341883307211364,worsened
depth,A_tiny_jitter,B_learned_nugget,sim_00229,229,1.6411742655905783,2.783286872662728,1.1421126070721495,worsened
depth,A_tiny_jitter,B_learned_nugget,sim_00230,230,24.845952519084165,15.019955680080628,-9.825996839003537,improved
depth,A_tiny_jitter,B_learned_nugget,sim_00231,231,1.0559375435549825,1.5914436863522567,0.5355061427972743,worsened
depth,A_tiny_jitter,B_learned_nugget,sim_00232,232,6.487534549105931,2.351823515339888,-4.135711033766043,improved
depth,A_tiny_jitter,B_learned_nugget,sim_00233,233,3.353000035568698,2.303890945293098,-1.0491090902756,improved
depth,A_tiny_jitter,B_learned_nugget,sim_00234,234,3.0886464742019406,0.682235337934582,-2.4064111362673586,improved
depth,A_tiny_jitter,B_learned_nugget,sim_00235,235,7.268785539648299,0.8952806011552568,-6.373504938493042,improved
depth,A_tiny_jitter,B_learned_nugget,sim_00236,236,19.095675830221097,8.500182843004659,-10.595492987216439,improved
depth,A_tiny_jitter,B_learned_nugget,sim_00237,237,1.387805292004515,0.0703339139147303,-1.3174713780897847,improved
depth,A_tiny_jitter,B_learned_nugget,sim_00238,238,1.3747674222357986,0.6320920708429014,-0.7426753513928972,improved
depth,A_tiny_jitter,B_learned_nugget,sim_00239,239,8.942270324135205,0.8070431014711055,-8.1352272226641,improved
depth,A_tiny_jitter,B_learned_nugget,sim_00240,240,1.0878234625190544,0.7990120557968226,-0.2888114067222318,improved
depth,A_tiny_jitter,B_learned_nugget,sim_00241,241,2.216279206006682,0.4844388282906635,-1.7318403777160185,improved
depth,A_tiny_jitter,B_learned_nugget,sim_00242,242,2.8533144855828354,0.3026835106362284,-2.550630974946607,improved
depth,A_tiny_jitter,C_heteroskedastic,sim_00001,1,1.6077862549860529,3.746570787737405,2.1387845327513517,worsened
depth,A_tiny_jitter,C_heteroskedastic,sim_00002,2,8.681068926194829,3.697807959285893,-4.9832609669089365,improved
depth,A_tiny_jitter,C_heteroskedastic,sim_00003,3,4.077514370636862,4.403589991106799,0.3260756204699362,worsened
depth,A_tiny_jitter,C_heteroskedastic,sim_00004,4,7.548035330637525,7.84194119685062,0.29390586621309467,worsened
depth,A_tiny_jitter,C_heteroskedastic,sim_00005,5,11.044764195993508,15.289137289735152,4.244373093741643,worsened
depth,A_tiny_jitter,C_heteroskedastic,sim_00006,6,1.8498729854863,0.2203508849785826,-1.6295221005077174,improved
depth,A_tiny_jitter,C_heteroskedastic,sim_00007,7,1.3761914615049733,0.7422290608880928,-0.6339624006168805,improved
depth,A_tiny_jitter,C_heteroskedastic,sim_00008,8,0.0118982688655435,1.396274745186318,1.3843764763207744,worsened
depth,A_tiny_jitter,C_heteroskedastic,sim_00009,9,0.5125560516117247,2.4304076268635697,1.917851575251845,worsened
depth,A_tiny_jitter,C_heteroskedastic,sim_00010,10,0.6795172980280455,0.5915305918740827,-0.08798670615396276,improved
depth,A_tiny_jitter,C_heteroskedastic,sim_00011,11,3.356244292609581,1.6209177238546673,-1.7353265687549135,improved
depth,A_tiny_jitter,C_heteroskedastic,sim_00012,12,4.17044675390872,3.020879525782533,-1.1495672281261875,improved
depth,A_tiny_jitter,C_heteroskedastic,sim_00013,13,1.9026994963508344,1.8950604231904504,-0.007639073160383925,improved
depth,A_tiny_jitter,C_heteroskedastic,sim_00014,14,2.827062117789524,1.5882288332519965,-1.2388332845375276,improved
depth,A_tiny_jitter,C_heteroskedastic,sim_00015,15,3.4848266228000853,3.313011488419079,-0.17181513438100637,improved
depth,A_tiny_jitter,C_heteroskedastic,sim_00016,16,0.93487271783561,1.322549446869168,0.3876767290335581,worsened
depth,A_tiny_jitter,C_heteroskedastic,sim_00017,17,2.790500435319167,3.1949478011823658,0.4044473658631986,worsened
depth,A_tiny_jitter,C_heteroskedastic,sim_00018,18,0.4349340796427867,2.297146865132458,1.862212785489671,worsened
depth,A_tiny_jitter,C_heteroskedastic,sim_00019,19,2.1074760651233437,2.412030968369052,0.30455490324570844,worsened
depth,A_tiny_jitter,C_heteroskedastic,sim_00020,20,3.654237257876176,1.8171170256854692,-1.837120232190707,improved
depth,A_tiny_jitter,C_heteroskedastic,sim_00021,21,15.441660894013388,7.74079461745437,-7.700866276559019,improved
depth,A_tiny_jitter,C_heteroskedastic,sim_00022,22,2.6360975711858003,2.405488412597101,-0.23060915858869935,improved
depth,A_tiny_jitter,C_heteroskedastic,sim_00023,23,3.5579267469245863,1.0694571297505888,-2.4884696171739975,improved
depth,A_tiny_jitter,C_heteroskedastic,sim_00024,24,1.6208294390531537,1.1955100346044318,-0.42531940444872185,improved
depth,A_tiny_jitter,C_heteroskedastic,sim_00025,25,1.1634198791365264,1.650723612563091,0.48730373342656463,worsened
depth,A_tiny_jitter,C_heteroskedastic,sim_00026,26,2.2256335915691,1.2613506904392011,-0.964282901129899,improved
depth,A_tiny_jitter,C_heteroskedastic,sim_00027,27,0.6822366327865552,0.4565804922645853,-0.22565614052196992,improved
depth,A_tiny_jitter,C_heteroskedastic,sim_00028,28,0.7802900830038482,0.8160252785011792,0.03573519549733106,worsened
depth,A_tiny_jitter,C_heteroskedastic,sim_00029,29,20.81945938321499,15.9013103040443,-4.918149079170691,improved
depth,A_tiny_jitter,C_heteroskedastic,sim_00030,30,0.1629284451890029,0.2259268994345404,0.06299845424553749,worsened
depth,A_tiny_jitter,C_heteroskedastic,sim_00031,31,1.9416778017367449,2.8774769434735106,0.9357991417367657,worsened
depth,A_tiny_jitter,C_heteroskedastic,sim_00032,32,0.9088505635871869,0.1651554760267828,-0.743695087560404,improved
depth,A_tiny_jitter,C_heteroskedastic,sim_00033,33,2.573267721043159,3.274598988701989,0.7013312676588299,worsened
depth,A_tiny_jitter,C_heteroskedastic,sim_00034,34,4.021234476288932,3.829106869889735,-0.1921276063991968,improved
depth,A_tiny_jitter,C_heteroskedastic,sim_00035,35,1.2014934003431534,1.3980786428677376,0.1965852425245842,worsened
depth,A_tiny_jitter,C_heteroskedastic,sim_00036,36,23.87650077615721,18.638118481982247,-5.238382294174965,improved
depth,A_tiny_jitter,C_heteroskedastic,sim_00037,37,0.5050547801329088,0.1832466517470123,-0.32180812838589656,improved
depth,A_tiny_jitter,C_heteroskedastic,sim_00038,38,19.543071211968865,19.403431468547595,-0.13963974342127017,improved
depth,A_tiny_jitter,C_heteroskedastic,sim_00039,39,7.366422344929163,7.562819278748229,0.19639693381906653,worsened
depth,A_tiny_jitter,C_heteroskedastic,sim_00040,40,0.9403249654149164,0.7052129066027035,-0.23511205881221287,improved
depth,A_tiny_jitter,C_heteroskedastic,sim_00041,41,3.008245347666538,3.175448222209077,0.16720287454253935,worsened
depth,A_tiny_jitter,C_heteroskedastic,sim_00042,42,2.61779187867306,2.7987342649444784,0.18094238627141834,worsened
depth,A_tiny_jitter,C_heteroskedastic,sim_00043,43,0.1098552887583039,1.271392930442147,1.161537641683843,worsened
depth,A_tiny_jitter,C_heteroskedastic,sim_00044,44,1.3979774268031022,1.7468517117834494,0.3488742849803472,worsened
depth,A_tiny_jitter,C_heteroskedastic,sim_00045,45,0.3872547039083684,0.3319670694979848,-0.05528763441038359,improved
depth,A_tiny_jitter,C_heteroskedastic,sim_00046,46,1.0535626028783869,0.4235114767319814,-0.6300511261464055,improved
depth,A_tiny_jitter,C_heteroskedastic,sim_00047,47,0.1769985033361933,1.749199017064143,1.5722005137279496,worsened
depth,A_tiny_jitter,C_heteroskedastic,sim_00048,48,1.2273520067218726,1.1204672227036383,-0.10688478401823431,improved
depth,A_tiny_jitter,C_heteroskedastic,sim_00049,49,6.273985078466332,6.329860963862792,0.05587588539646049,worsened
depth,A_tiny_jitter,C_heteroskedastic,sim_00050,50,3.834377281572756,3.437459704904512,-0.396917576668244,improved
depth,A_tiny_jitter,C_heteroskedastic,sim_00051,51,0.750880505660632,0.6037669750615962,-0.14711353059903587,improved
depth,A_tiny_jitter,C_heteroskedastic,sim_00052,52,5.0297208877609805,2.4293269404869804,-2.600393947274,improved
depth,A_tiny_jitter,C_heteroskedastic,sim_00053,53,2.274679090188279,0.2761354616978408,-1.998543628490438,improved
depth,A_tiny_jitter,C_heteroskedastic,sim_00054,54,2.5514495501691528,2.7936237331455445,0.2421741829763917,worsened
depth,A_tiny_jitter,C_heteroskedastic,sim_00055,55,5.589721133334479,5.859939799483684,0.270218666149205,worsened
depth,A_tiny_jitter,C_heteroskedastic,sim_00056,56,1.3669971770714966,0.7520042863621939,-0.6149928907093027,improved
depth,A_tiny_jitter,C_heteroskedastic,sim_00057,57,5.095104754749833,6.800778264206869,1.7056735094570357,worsened
depth,A_tiny_jitter,C_heteroskedastic,sim_00058,58,0.9624126632364352,0.9010907641647988,-0.06132189907163632,improved
depth,A_tiny_jitter,C_heteroskedastic,sim_00059,59,0.3210727070438537,1.466849917512377,1.1457772104685233,worsened
depth,A_tiny_jitter,C_heteroskedastic,sim_00060,60,2.5970692726072717,2.476024571246441,-0.12104470136083068,improved
depth,A_tiny_jitter,C_heteroskedastic,sim_00061,61,6.3946380077983065,6.645399516393312,0.2507615085950059,worsened
depth,A_tiny_jitter,C_heteroskedastic,sim_00062,62,0.116029365029199,0.397950229822861,0.28192086479366196,worsened
depth,A_tiny_jitter,C_heteroskedastic,sim_00063,63,3.200247282284032,2.7700958678919463,-0.43015141439208593,improved
depth,A_tiny_jitter,C_heteroskedastic,sim_00064,64,4.547092412685032,3.36445615872951,-1.182636253955522,improved
depth,A_tiny_jitter,C_heteroskedastic,sim_00065,65,2.447320543271424,2.3936467284159733,-0.05367381485545053,improved
depth,A_tiny_jitter,C_heteroskedastic,sim_00066,66,0.7701562304300467,0.8503874770039843,0.08023124657393765,worsened
depth,A_tiny_jitter,C_heteroskedastic,sim_00067,67,0.1773650116390683,0.0263183258830395,-0.15104668575602878,improved
depth,A_tiny_jitter,C_heteroskedastic,sim_00068,68,0.3601756238389555,0.0910135200651254,-0.2691621037738301,improved
depth,A_tiny_jitter,C_heteroskedastic,sim_00069,69,1.5379257237703428,1.947602077148531,0.4096763533781882,worsened
depth,A_tiny_jitter,C_heteroskedastic,sim_00070,70,2.130205470828173,2.099568077498091,-0.030637393330081863,improved
depth,A_tiny_jitter,C_heteroskedastic,sim_00071,71,0.2857212128566857,0.2897211528672869,0.003999940010601166,worsened
depth,A_tiny_jitter,C_heteroskedastic,sim_00072,72,0.2213492463828643,1.1225872784748248,0.9012380320919604,worsened
depth,A_tiny_jitter,C_heteroskedastic,sim_00073,73,1.6266486430545015,1.3708578548606027,-0.2557907881938988,improved
depth,A_tiny_jitter,C_heteroskedastic,sim_00074,74,1.6070276456737176,1.8625697636293737,0.25554211795565607,worsened
depth,A_tiny_jitter,C_heteroskedastic,sim_00075,75,2.302310709235975,2.7966180628994763,0.4943073536635012,worsened
depth,A_tiny_jitter,C_heteroskedastic,sim_00076,76,1.596616422916,2.497040747146229,0.900424324230229,worsened
depth,A_tiny_jitter,C_heteroskedastic,sim_00077,77,5.144587047901624,4.604663899111216,-0.5399231487904075,improved
depth,A_tiny_jitter,C_heteroskedastic,sim_00078,78,1.745712464270639,1.532913143062629,-0.21279932120800993,improved
depth,A_tiny_jitter,C_heteroskedastic,sim_00079,79,1.2082011440052582,1.7152352056631983,0.5070340616579401,worsened
depth,A_tiny_jitter,C_heteroskedastic,sim_00080,80,0.1651058029058845,0.5759993844308937,0.4108935815250092,worsened
depth,A_tiny_jitter,C_heteroskedastic,sim_00081,81,2.2164673088889515,2.2555602697454877,0.03909296085653624,worsened
depth,A_tiny_jitter,C_heteroskedastic,sim_00082,82,3.5450853799355144,3.6958171234572745,0.1507317435217601,worsened
depth,A_tiny_jitter,C_heteroskedastic,sim_00083,83,1.8243926691138483,1.4860978747427325,-0.33829479437111587,improved
depth,A_tiny_jitter,C_heteroskedastic,sim_00084,84,0.9354382778492648,0.5622024168499351,-0.3732358609993297,improved
depth,A_tiny_jitter,C_heteroskedastic,sim_00085,85,4.112567854404162,3.0564991660392025,-1.0560686883649595,improved
depth,A_tiny_jitter,C_heteroskedastic,sim_00086,86,2.6300314358485863,1.59504982888717,-1.0349816069614164,improved
depth,A_tiny_jitter,C_heteroskedastic,sim_00087,87,2.7840445375314147,2.990680867088642,0.20663632955722733,worsened
depth,A_tiny_jitter,C_heteroskedastic,sim_00088,88,0.6877901920786655,1.1685878728162535,0.480797680737588,worsened
depth,A_tiny_jitter,C_heteroskedastic,sim_00089,89,1.2576910910426733,1.8935377024475173,0.635846611404844,worsened
depth,A_tiny_jitter,C_heteroskedastic,sim_00090,90,0.5943100339913769,0.3251893961599137,-0.2691206378314632,improved
depth,A_tiny_jitter,C_heteroskedastic,sim_00091,91,0.240361226183964,0.0101736118335082,-0.2301876143504558,improved
depth,A_tiny_jitter,C_heteroskedastic,sim_00092,92,1.8341893441464092,1.9773226746036627,0.14313333045725352,worsened
depth,A_tiny_jitter,C_heteroskedastic,sim_00093,93,1.6955820459072228,1.4883209734003415,-0.2072610725068813,improved
depth,A_tiny_jitter,C_heteroskedastic,sim_00094,94,1.049536572961138,1.034412064394118,-0.015124508567019967,improved
depth,A_tiny_jitter,C_heteroskedastic,sim_00095,95,0.3585122313328241,4.60978616869528,4.2512739373624555,worsened
depth,A_tiny_jitter,C_heteroskedastic,sim_00096,96,0.3873864910177644,0.8948713596990601,0.5074848686812956,worsened
depth,A_tiny_jitter,C_heteroskedastic,sim_00097,97,1.1474620989463773,0.842513737982145,-0.3049483609642323,improved
depth,A_tiny_jitter,C_heteroskedastic,sim_00098,98,0.982288722389086,0.7105937263651754,-0.2716949960239107,improved
depth,A_tiny_jitter,C_heteroskedastic,sim_00099,99,0.4848826232261487,0.2755975743739398,-0.20928504885220894,improved
depth,A_tiny_jitter,C_heteroskedastic,sim_00100,100,2.1349771799976622,1.096809908254869,-1.0381672717427932,improved
depth,A_tiny_jitter,C_heteroskedastic,sim_00101,101,20.257079125701168,18.93744076289549,-1.3196383628056765,improved
depth,A_tiny_jitter,C_heteroskedastic,sim_00102,102,3.5589911428822205,1.48377995855067,-2.0752111843315504,improved
depth,A_tiny_jitter,C_heteroskedastic,sim_00103,103,6.241557035034475,6.266102306182063,0.024545271147587755,worsened
depth,A_tiny_jitter,C_heteroskedastic,sim_00104,104,0.112695723654653,0.0074751769623659,-0.1052205466922871,improved
depth,A_tiny_jitter,C_heteroskedastic,sim_00105,105,3.4928922281226136,2.0187199930145425,-1.474172235108071,improved
depth,A_tiny_jitter,C_heteroskedastic,sim_00106,106,0.547408086015821,0.3783211941020283,-0.16908689191379273,improved
depth,A_tiny_jitter,C_heteroskedastic,sim_00107,107,3.372973785588954,0.6901820106631078,-2.682791774925846,improved
depth,A_tiny_jitter,C_heteroskedastic,sim_00108,108,2.2578118734563333,0.5389684682358507,-1.7188434052204826,improved
depth,A_tiny_jitter,C_heteroskedastic,sim_00109,109,0.1267088694286968,0.2718680135308986,0.14515914410220182,worsened
depth,A_tiny_jitter,C_heteroskedastic,sim_00110,110,0.0486479256367431,0.1788963304187589,0.13024840478201583,worsened
depth,A_tiny_jitter,C_heteroskedastic,sim_00111,111,0.5366142608180553,1.2764410161006907,0.7398267552826354,worsened
depth,A_tiny_jitter,C_heteroskedastic,sim_00112,112,0.4339046072078645,1.2454223659755002,0.8115177587676357,worsened
depth,A_tiny_jitter,C_heteroskedastic,sim_00113,113,0.4242145306274025,0.2308267429303399,-0.1933877876970626,improved
depth,A_tiny_jitter,C_heteroskedastic,sim_00114,114,0.4718942957366181,0.523311774077051,0.051417478340432865,worsened
depth,A_tiny_jitter,C_heteroskedastic,sim_00115,115,2.949529782131308,2.945535682119768,-0.003994100011539992,improved
depth,A_tiny_jitter,C_heteroskedastic,sim_00116,116,0.3373378418176287,0.6110183798323021,0.2736805380146734,worsened
depth,A_tiny_jitter,C_heteroskedastic,sim_00117,117,3.435757035417822,2.1326209198738795,-1.3031361155439427,improved
depth,A_tiny_jitter,C_heteroskedastic,sim_00118,118,0.6240318709782571,1.5749974145956571,0.9509655436174,worsened
depth,A_tiny_jitter,C_heteroskedastic,sim_00119,119,2.7815050821913587,1.638480231992034,-1.1430248501993248,improved
depth,A_tiny_jitter,C_heteroskedastic,sim_00120,120,0.4551954548118715,0.3799303923600163,-0.07526506245185521,improved
depth,A_tiny_jitter,C_heteroskedastic,sim_00121,121,0.4619972645209174,0.7487122607986691,0.28671499627775177,worsened
depth,A_tiny_jitter,C_heteroskedastic,sim_00122,122,4.497059591055944,2.8964767592731846,-1.6005828317827593,improved
depth,A_tiny_jitter,C_heteroskedastic,sim_00123,123,5.230632152542228,7.344832406702935,2.114200254160707,worsened
depth,A_tiny_jitter,C_heteroskedastic,sim_00124,124,7.271127849145728,7.602489930308423,0.3313620811626947,worsened
depth,A_tiny_jitter,C_heteroskedastic,sim_00125,125,0.1666860415878375,2.245660703004773,2.0789746614169355,worsened
depth,A_tiny_jitter,C_heteroskedastic,sim_00126,126,2.906108555107678,0.0053951950749535,-2.9007133600327246,improved
depth,A_tiny_jitter,C_heteroskedastic,sim_00127,127,0.019672074737592,0.0806125647113091,0.06094048997371711,worsened
depth,A_tiny_jitter,C_heteroskedastic,sim_00128,128,1.7738900938141882,1.733731298184729,-0.04015879562945912,improved
depth,A_tiny_jitter,C_heteroskedastic,sim_00129,129,1.863881792619168,0.7274499335884883,-1.1364318590306797,improved
depth,A_tiny_jitter,C_heteroskedastic,sim_00130,130,0.053577867195024,0.2502876836401455,0.19670981644512148,worsened
depth,A_tiny_jitter,C_heteroskedastic,sim_00131,131,2.067311512292626,0.1882910798918686,-1.8790204324007576,improved
depth,A_tiny_jitter,C_heteroskedastic,sim_00132,132,1.3226384198975722,0.3414262728171877,-0.9812121470803845,improved
depth,A_tiny_jitter,C_heteroskedastic,sim_00133,133,8.50840345969553,5.344521660049793,-3.1638817996457362,improved
depth,A_tiny_jitter,C_heteroskedastic,sim_00134,134,0.2316544182873201,0.3001463673170832,0.0684919490297631,worsened
depth,A_tiny_jitter,C_heteroskedastic,sim_00135,135,5.727232807507733,3.1825702126190265,-2.544662594888706,improved
depth,A_tiny_jitter,C_heteroskedastic,sim_00137,137,1.5787464701504916,5.20728021573089,3.6285337455803983,worsened
depth,A_tiny_jitter,C_heteroskedastic,sim_00138,138,2.751798911330127,0.8535968825840996,-1.8982020287460273,improved
depth,A_tiny_jitter,C_heteroskedastic,sim_00139,139,7.414523817712251,4.002567571665935,-3.4119562460463158,improved
depth,A_tiny_jitter,C_heteroskedastic,sim_00140,140,4.178113243949582,2.1637124714977176,-2.0144007724518644,improved
depth,A_tiny_jitter,C_heteroskedastic,sim_00141,141,0.9428216864022616,0.4881750531588622,-0.4546466332433994,improved
depth,A_tiny_jitter,C_heteroskedastic,sim_00142,142,0.0796559520092046,1.8978214402931428,1.8181654882839382,worsened
depth,A_tiny_jitter,C_heteroskedastic,sim_00143,143,7.33068780301604,3.431387021966845,-3.8993007810491944,improved
depth,A_tiny_jitter,C_heteroskedastic,sim_00144,144,6.242776420889175,4.15857772398201,-2.0841986969071655,improved
depth,A_tiny_jitter,C_heteroskedastic,sim_00145,145,3.218357985464777,3.729512535292862,0.5111545498280852,worsened
depth,A_tiny_jitter,C_heteroskedastic,sim_00146,146,3.912501329472661,4.088945147383136,0.1764438179104748,worsened
depth,A_tiny_jitter,C_heteroskedastic,sim_00147,147,4.896408313203537,2.7772429188466923,-2.1191653943568447,improved
depth,A_tiny_jitter,C_heteroskedastic,sim_00148,148,1.7839651554243154,0.9717738386339932,-0.8121913167903222,improved
depth,A_tiny_jitter,C_heteroskedastic,sim_00149,149,0.0017762272860295,0.1789197077894968,0.17714348050346732,worsened
depth,A_tiny_jitter,C_heteroskedastic,sim_00150,150,0.120545668475863,0.0250695646309679,-0.0954761038448951,improved
depth,A_tiny_jitter,C_heteroskedastic,sim_00151,151,1.8981559324320576,1.3910430120233706,-0.507112920408687,improved
depth,A_tiny_jitter,C_heteroskedastic,sim_00152,152,9.116795439771153,11.324664484335097,2.207869044563944,worsened
depth,A_tiny_jitter,C_heteroskedastic,sim_00153,153,3.5177396067040547,0.3615294283723429,-3.156210178331712,improved
depth,A_tiny_jitter,C_heteroskedastic,sim_00154,154,15.76539611808982,8.375962098358505,-7.389434019731315,improved
depth,A_tiny_jitter,C_heteroskedastic,sim_00155,155,6.799086255638358,3.089913938414419,-3.7091723172239384,improved
depth,A_tiny_jitter,C_heteroskedastic,sim_00156,156,3.7595871247539314,1.170534783878857,-2.5890523408750745,improved
depth,A_tiny_jitter,C_heteroskedastic,sim_00157,157,3.295482418988776,2.3544019242998075,-0.9410804946889684,improved
depth,A_tiny_jitter,C_heteroskedastic,sim_00158,158,2.901141855730877,1.4293946280026262,-1.4717472277282506,improved
depth,A_tiny_jitter,C_heteroskedastic,sim_00159,159,4.132823107113495,0.1961921450578678,-3.9366309620556272,improved
depth,A_tiny_jitter,C_heteroskedastic,sim_00160,160,1.6400046198896518,0.1027448620989055,-1.5372597577907463,improved
depth,A_tiny_jitter,C_heteroskedastic,sim_00161,161,3.223758235741613,0.6673733748067718,-2.556384860934841,improved
depth,A_tiny_jitter,C_heteroskedastic,sim_00162,162,5.037594112433922,0.8533316615543072,-4.184262450879615,improved
depth,A_tiny_jitter,C_heteroskedastic,sim_00163,163,4.584798086929126,1.2598930755130056,-3.3249050114161207,improved
depth,A_tiny_jitter,C_heteroskedastic,sim_00164,164,3.955669113306613,0.9464240129240976,-3.009245100382515,improved
depth,A_tiny_jitter,C_heteroskedastic,sim_00165,165,2.1614300084230145,1.3265328041908937,-0.8348972042321208,improved
depth,A_tiny_jitter,C_heteroskedastic,sim_00166,166,4.307692678771282,2.9438812923328967,-1.3638113864383854,improved
depth,A_tiny_jitter,C_heteroskedastic,sim_00167,167,1.856831426317143,0.6839705274429164,-1.1728608988742266,improved
depth,A_tiny_jitter,C_heteroskedastic,sim_00168,168,1.0573191637033723,0.9424720957159778,-0.11484706798739452,improved
depth,A_tiny_jitter,C_heteroskedastic,sim_00169,169,4.915127943884393,3.747865559292613,-1.1672623845917798,improved
depth,A_tiny_jitter,C_heteroskedastic,sim_00170,170,0.2316887205892754,0.1598597335572478,-0.07182898703202759,improved
depth,A_tiny_jitter,C_heteroskedastic,sim_00171,171,0.922287303750501,0.0678319609055222,-0.8544553428449788,improved
depth,A_tiny_jitter,C_heteroskedastic,sim_00172,172,2.789557891155251,1.4365409951551769,-1.3530168960000744,improved
depth,A_tiny_jitter,C_heteroskedastic,sim_00173,173,2.301529314861213,2.673046120168429,0.37151680530721576,worsened
depth,A_tiny_jitter,C_heteroskedastic,sim_00174,174,1.76822875410614,1.826512888632081,0.058284134525940834,worsened
depth,A_tiny_jitter,C_heteroskedastic,sim_00175,175,0.8166489396256829,1.4463729855926033,0.6297240459669204,worsened
depth,A_tiny_jitter,C_heteroskedastic,sim_00176,176,1.4031519646920323,1.1294625426801872,-0.2736894220118451,improved
depth,A_tiny_jitter,C_heteroskedastic,sim_00177,177,2.167363929691412,2.889292473188256,0.7219285434968441,worsened
depth,A_tiny_jitter,C_heteroskedastic,sim_00178,178,0.7526278233891759,1.3687653533735542,0.6161375299843783,worsened
depth,A_tiny_jitter,C_heteroskedastic,sim_00179,179,0.0771835374128784,0.8314108031466745,0.7542272657337961,worsened
depth,A_tiny_jitter,C_heteroskedastic,sim_00180,180,2.6163848755593198,4.121818686929679,1.505433811370359,worsened
depth,A_tiny_jitter,C_heteroskedastic,sim_00181,181,0.4688177791201582,1.212692483037486,0.7438747039173277,worsened
depth,A_tiny_jitter,C_heteroskedastic,sim_00182,182,0.0679358128303775,2.542149953907781,2.4742141410774035,worsened
depth,A_tiny_jitter,C_heteroskedastic,sim_00183,183,3.3712478322955235,0.8335978235985806,-2.537650008696943,improved
depth,A_tiny_jitter,C_heteroskedastic,sim_00184,184,1.340016353375674,4.321889373011068,2.981873019635394,worsened
depth,A_tiny_jitter,C_heteroskedastic,sim_00185,185,1.0428722268089032,1.0273514776935144,-0.01552074911538881,improved
depth,A_tiny_jitter,C_heteroskedastic,sim_00186,186,0.9988616927195012,0.3230816557767326,-0.6757800369427687,improved
depth,A_tiny_jitter,C_heteroskedastic,sim_00187,187,1.2776118533617264,1.4991786944246996,0.2215668410629732,worsened
depth,A_tiny_jitter,C_heteroskedastic,sim_00188,188,3.032127202560744,6.423438226552179,3.3913110239914346,worsened
depth,A_tiny_jitter,C_heteroskedastic,sim_00189,189,3.1832583218782204,3.59145821826548,0.40819989638725973,worsened
depth,A_tiny_jitter,C_heteroskedastic,sim_00190,190,1.8343587548876528,1.553568020112067,-0.2807907347755858,improved
depth,A_tiny_jitter,C_heteroskedastic,sim_00191,191,0.1908153755780262,0.8173756077338794,0.6265602321558532,worsened
depth,A_tiny_jitter,C_heteroskedastic,sim_00192,192,1.7838741258311543,2.5721702766776176,0.7882961508464632,worsened
depth,A_tiny_jitter,C_heteroskedastic,sim_00193,193,0.4284379736399089,1.454525386851401,1.026087413211492,worsened
depth,A_tiny_jitter,C_heteroskedastic,sim_00194,194,1.2426943463610556,1.7527642953519589,0.5100699489909033,worsened
depth,A_tiny_jitter,C_heteroskedastic,sim_00195,195,0.3195339055004851,0.7232340371618093,0.40370013166132424,worsened
depth,A_tiny_jitter,C_heteroskedastic,sim_00196,196,5.149678405470475,4.562827357301103,-0.5868510481693718,improved
depth,A_tiny_jitter,C_heteroskedastic,sim_00197,197,1.2778119686843752,2.1396366532481537,0.8618246845637785,worsened
depth,A_tiny_jitter,C_heteroskedastic,sim_00198,198,2.0062051668319967,1.552379218175055,-0.4538259486569416,improved
depth,A_tiny_jitter,C_heteroskedastic,sim_00199,199,7.183650345759219,7.707584650147602,0.5239343043883835,worsened
depth,A_tiny_jitter,C_heteroskedastic,sim_00200,200,0.6810285913946075,1.382294025968157,0.7012654345735496,worsened
depth,A_tiny_jitter,C_heteroskedastic,sim_00201,201,3.838024200251297,2.267447466084647,-1.5705767341666501,improved
depth,A_tiny_jitter,C_heteroskedastic,sim_00202,202,1.9318333854016885,1.5019187221115828,-0.42991466329010564,improved
depth,A_tiny_jitter,C_heteroskedastic,sim_00203,203,16.50563577756374,16.6887156917268,0.18307991416305924,worsened
depth,A_tiny_jitter,C_heteroskedastic,sim_00204,204,1.845220748437633,1.961152887611583,0.11593213917394984,worsened
depth,A_tiny_jitter,C_heteroskedastic,sim_00205,205,0.9583672593513696,1.1679421384374675,0.20957487908609795,worsened
depth,A_tiny_jitter,C_heteroskedastic,sim_00206,206,0.8571085180983999,0.6242693886882407,-0.23283912941015927,improved
depth,A_tiny_jitter,C_heteroskedastic,sim_00207,207,0.4083205284454436,0.2776991844287693,-0.1306213440166743,improved
depth,A_tiny_jitter,C_heteroskedastic,sim_00208,208,5.570353483556616,5.6481539333818205,0.07780044982520451,worsened
depth,A_tiny_jitter,C_heteroskedastic,sim_00209,209,0.649248609723216,0.7497424156752857,0.10049380595206969,worsened
depth,A_tiny_jitter,C_heteroskedastic,sim_00210,210,0.8107204069662544,0.699038342635788,-0.11168206433046635,improved
depth,A_tiny_jitter,C_heteroskedastic,sim_00211,211,1.7933915355811365,2.048726257075828,0.2553347214946915,worsened
depth,A_tiny_jitter,C_heteroskedastic,sim_00212,212,1.1621086104852196,1.991349378958418,0.8292407684731984,worsened
depth,A_tiny_jitter,C_heteroskedastic,sim_00213,213,0.6098565644694247,1.050347954913022,0.4404913904435972,worsened
depth,A_tiny_jitter,C_heteroskedastic,sim_00214,214,1.9311652475289092,2.783989919120657,0.8528246715917478,worsened
depth,A_tiny_jitter,C_heteroskedastic,sim_00215,215,0.7122431590294838,3.137769865573162,2.4255267065436783,worsened
depth,A_tiny_jitter,C_heteroskedastic,sim_00216,216,2.160899097781765,2.0261279801244143,-0.13477111765735073,improved
depth,A_tiny_jitter,C_heteroskedastic,sim_00217,217,1.720702321010748,1.0263484395430569,-0.6943538814676911,improved
depth,A_tiny_jitter,C_heteroskedastic,sim_00218,218,0.5186045746675774,0.4466627798948508,-0.07194179477272655,improved
depth,A_tiny_jitter,C_heteroskedastic,sim_00219,219,2.1044855100620765,2.469597639924814,0.36511212986273733,worsened
depth,A_tiny_jitter,C_heteroskedastic,sim_00220,220,0.310565840102555,0.5473211468138501,0.23675530671129513,worsened
depth,A_tiny_jitter,C_heteroskedastic,sim_00221,221,0.4211459573468019,0.3227744719465022,-0.09837148540029966,improved
depth,A_tiny_jitter,C_heteroskedastic,sim_00222,222,8.671266148887483,6.181332549603724,-2.4899335992837592,improved
depth,A_tiny_jitter,C_heteroskedastic,sim_00223,223,3.192824165486371,3.0924140946084435,-0.10041007087792764,improved
depth,A_tiny_jitter,C_heteroskedastic,sim_00224,224,3.9392556972921255,3.891501876713477,-0.04775382057864874,improved
depth,A_tiny_jitter,C_heteroskedastic,sim_00225,225,8.626353307965601,5.191677433503585,-3.434675874462016,improved
depth,A_tiny_jitter,C_heteroskedastic,sim_00226,226,2.310150324886166,0.3140255585997948,-1.9961247662863713,improved
depth,A_tiny_jitter,C_heteroskedastic,sim_00227,227,1.76862481833421,1.965639332785095,0.19701451445088503,worsened
depth,A_tiny_jitter,C_heteroskedastic,sim_00228,228,1.005100436088142,0.7497269346483222,-0.25537350143981974,improved
depth,A_tiny_jitter,C_heteroskedastic,sim_00229,229,1.6411742655905783,1.8498224417086675,0.20864817611808917,worsened
depth,A_tiny_jitter,C_heteroskedastic,sim_00230,230,24.845952519084165,14.198444424820352,-10.647508094263813,improved
depth,A_tiny_jitter,C_heteroskedastic,sim_00231,231,1.0559375435549825,1.5865865512842063,0.5306490077292239,worsened
depth,A_tiny_jitter,C_heteroskedastic,sim_00232,232,6.487534549105931,2.846204347325127,-3.6413302017808036,improved
depth,A_tiny_jitter,C_heteroskedastic,sim_00233,233,3.353000035568698,2.5483908854998703,-0.8046091500688277,improved
depth,A_tiny_jitter,C_heteroskedastic,sim_00234,234,3.0886464742019406,1.770643953403507,-1.3180025207984336,improved
depth,A_tiny_jitter,C_heteroskedastic,sim_00235,235,7.268785539648299,3.2634443543867384,-4.00534118526156,improved
depth,A_tiny_jitter,C_heteroskedastic,sim_00236,236,19.095675830221097,13.879797482965778,-5.21587834725532,improved
depth,A_tiny_jitter,C_heteroskedastic,sim_00237,237,1.387805292004515,1.1689831761568144,-0.21882211584770062,improved
depth,A_tiny_jitter,C_heteroskedastic,sim_00238,238,1.3747674222357986,1.5034887088296642,0.1287212865938656,worsened
depth,A_tiny_jitter,C_heteroskedastic,sim_00239,239,8.942270324135205,2.2369231567708816,-6.705347167364323,improved
depth,A_tiny_jitter,C_heteroskedastic,sim_00240,240,1.0878234625190544,0.002378649664493,-1.0854448128545613,improved
depth,A_tiny_jitter,C_heteroskedastic,sim_00241,241,2.216279206006682,0.8626553405702246,-1.3536238654364574,improved
depth,A_tiny_jitter,C_heteroskedastic,sim_00242,242,2.8533144855828354,1.2437614678581037,-1.6095530177247317,improved
depth,B_learned_nugget,C_heteroskedastic,sim_00001,1,5.808272348922685,3.746570787737405,-2.0617015611852803,improved
depth,B_learned_nugget,C_heteroskedastic,sim_00002,2,1.1234935909009032,3.697807959285893,2.57431436838499,worsened
depth,B_learned_nugget,C_heteroskedastic,sim_00003,3,2.759012528147061,4.403589991106799,1.6445774629597376,worsened
depth,B_learned_nugget,C_heteroskedastic,sim_00004,4,5.848117503177164,7.84194119685062,1.9938236936734555,worsened
depth,B_learned_nugget,C_heteroskedastic,sim_00005,5,12.615113310839902,15.289137289735152,2.6740239788952493,worsened
depth,B_learned_nugget,C_heteroskedastic,sim_00006,6,1.4249834481520622,0.2203508849785826,-1.2046325631734796,improved
depth,B_learned_nugget,C_heteroskedastic,sim_00007,7,0.9441892894412688,0.7422290608880928,-0.20196022855317597,improved
depth,B_learned_nugget,C_heteroskedastic,sim_00008,8,1.1083853222618671,1.396274745186318,0.28788942292445086,worsened
depth,B_learned_nugget,C_heteroskedastic,sim_00009,9,1.4866375859195171,2.4304076268635697,0.9437700409440526,worsened
depth,B_learned_nugget,C_heteroskedastic,sim_00010,10,0.1320808620582596,0.5915305918740827,0.4594497298158231,worsened
depth,B_learned_nugget,C_heteroskedastic,sim_00011,11,1.4196585163494646,1.6209177238546673,0.20125920750520265,worsened
depth,B_learned_nugget,C_heteroskedastic,sim_00012,12,3.0514217980466185,3.020879525782533,-0.030542272264085568,improved
depth,B_learned_nugget,C_heteroskedastic,sim_00013,13,0.1240925524710974,1.8950604231904504,1.770967870719353,worsened
depth,B_learned_nugget,C_heteroskedastic,sim_00014,14,0.7122751353783912,1.5882288332519965,0.8759536978736053,worsened
depth,B_learned_nugget,C_heteroskedastic,sim_00015,15,3.237315130772849,3.313011488419079,0.07569635764622973,worsened
depth,B_learned_nugget,C_heteroskedastic,sim_00016,16,0.7232208431358913,1.322549446869168,0.5993286037332768,worsened
depth,B_learned_nugget,C_heteroskedastic,sim_00017,17,1.8497931414825568,3.1949478011823658,1.345154659699809,worsened
depth,B_learned_nugget,C_heteroskedastic,sim_00018,18,1.3445424897315448,2.297146865132458,0.952604375400913,worsened
depth,B_learned_nugget,C_heteroskedastic,sim_00019,19,1.2950375466053146,2.412030968369052,1.1169934217637376,worsened
depth,B_learned_nugget,C_heteroskedastic,sim_00020,20,0.1383464482859437,1.8171170256854692,1.6787705773995254,worsened
depth,B_learned_nugget,C_heteroskedastic,sim_00021,21,15.284111306810942,7.74079461745437,-7.543316689356573,improved
depth,B_learned_nugget,C_heteroskedastic,sim_00022,22,1.7863575254036022,2.405488412597101,0.6191308871934988,worsened
depth,B_learned_nugget,C_heteroskedastic,sim_00023,23,0.5007240359211025,1.0694571297505888,0.5687330938294863,worsened
depth,B_learned_nugget,C_heteroskedastic,sim_00024,24,0.5957606988547255,1.1955100346044318,0.5997493357497063,worsened
depth,B_learned_nugget,C_heteroskedastic,sim_00025,25,0.5298845861708656,1.650723612563091,1.1208390263922254,worsened
depth,B_learned_nugget,C_heteroskedastic,sim_00026,26,1.2842891660467828,1.2613506904392011,-0.022938475607581665,improved
depth,B_learned_nugget,C_heteroskedastic,sim_00027,27,0.7706777590453484,0.4565804922645853,-0.3140972667807631,improved
depth,B_learned_nugget,C_heteroskedastic,sim_00028,28,0.2624090940679977,0.8160252785011792,0.5536161844331815,worsened
depth,B_learned_nugget,C_heteroskedastic,sim_00029,29,32.29881403520065,15.9013103040443,-16.39750373115635,improved
depth,B_learned_nugget,C_heteroskedastic,sim_00030,30,0.2059209389765044,0.2259268994345404,0.020005960458035987,worsened
depth,B_learned_nugget,C_heteroskedastic,sim_00031,31,1.67732918159534,2.8774769434735106,1.2001477618781706,worsened
depth,B_learned_nugget,C_heteroskedastic,sim_00032,32,0.4068508560944224,0.1651554760267828,-0.2416953800676396,improved
depth,B_learned_nugget,C_heteroskedastic,sim_00033,33,2.8127191818138257,3.274598988701989,0.4618798068881631,worsened
depth,B_learned_nugget,C_heteroskedastic,sim_00034,34,3.325271035118142,3.829106869889735,0.5038358347715928,worsened
depth,B_learned_nugget,C_heteroskedastic,sim_00035,35,1.7380923353159474,1.3980786428677376,-0.3400136924482098,improved
depth,B_learned_nugget,C_heteroskedastic,sim_00036,36,15.430762126085796,18.638118481982247,3.207356355896451,worsened
depth,B_learned_nugget,C_heteroskedastic,sim_00037,37,0.6037451954322819,0.1832466517470123,-0.4204985436852696,improved
depth,B_learned_nugget,C_heteroskedastic,sim_00038,38,31.77921668894048,19.403431468547595,-12.375785220392885,improved
depth,B_learned_nugget,C_heteroskedastic,sim_00039,39,6.306113356616343,7.562819278748229,1.2567059221318857,worsened
depth,B_learned_nugget,C_heteroskedastic,sim_00040,40,0.8633402804188535,0.7052129066027035,-0.15812737381614994,improved
depth,B_learned_nugget,C_heteroskedastic,sim_00041,41,2.8576310473605275,3.175448222209077,0.31781717484854966,worsened
depth,B_learned_nugget,C_heteroskedastic,sim_00042,42,1.5438243669877494,2.7987342649444784,1.254909897956729,worsened
depth,B_learned_nugget,C_heteroskedastic,sim_00043,43,0.9522233175088316,1.271392930442147,0.31916961293331536,worsened
depth,B_learned_nugget,C_heteroskedastic,sim_00044,44,0.8815602597443402,1.7468517117834494,0.8652914520391093,worsened
depth,B_learned_nugget,C_heteroskedastic,sim_00045,45,1.1751714956493302,0.3319670694979848,-0.8432044261513454,improved
depth,B_learned_nugget,C_heteroskedastic,sim_00046,46,1.5796694430823734,0.4235114767319814,-1.156157966350392,improved
depth,B_learned_nugget,C_heteroskedastic,sim_00047,47,0.3826250093478123,1.749199017064143,1.3665740077163306,worsened
depth,B_learned_nugget,C_heteroskedastic,sim_00048,48,1.3918031420324866,1.1204672227036383,-0.27133591932884826,improved
depth,B_learned_nugget,C_heteroskedastic,sim_00049,49,3.503851448975709,6.329860963862792,2.826009514887083,worsened
depth,B_learned_nugget,C_heteroskedastic,sim_00050,50,3.413765135029984,3.437459704904512,0.023694569874528337,worsened
depth,B_learned_nugget,C_heteroskedastic,sim_00051,51,0.8451670897294861,0.6037669750615962,-0.2414001146678899,improved
depth,B_learned_nugget,C_heteroskedastic,sim_00052,52,1.6472105565310995,2.4293269404869804,0.7821163839558809,worsened
depth,B_learned_nugget,C_heteroskedastic,sim_00053,53,1.358390705644176,0.2761354616978408,-1.082255243946335,improved
depth,B_learned_nugget,C_heteroskedastic,sim_00054,54,1.416548561723765,2.7936237331455445,1.3770751714217795,worsened
depth,B_learned_nugget,C_heteroskedastic,sim_00055,55,3.4184917616820627,5.859939799483684,2.4414480378016217,worsened
depth,B_learned_nugget,C_heteroskedastic,sim_00056,56,0.7592593556284228,0.7520042863621939,-0.007255069266228986,improved
depth,B_learned_nugget,C_heteroskedastic,sim_00057,57,4.257418324681581,6.800778264206869,2.5433599395252884,worsened
depth,B_learned_nugget,C_heteroskedastic,sim_00058,58,0.4475926593159158,0.9010907641647988,0.45349810484888303,worsened
depth,B_learned_nugget,C_heteroskedastic,sim_00059,59,0.0427402662250244,1.466849917512377,1.4241096512873526,worsened
depth,B_learned_nugget,C_heteroskedastic,sim_00060,60,1.7879807174915854,2.476024571246441,0.6880438537548557,worsened
depth,B_learned_nugget,C_heteroskedastic,sim_00061,61,4.806836942698972,6.645399516393312,1.8385625736943405,worsened
depth,B_learned_nugget,C_heteroskedastic,sim_00062,62,0.3634725627098945,0.397950229822861,0.034477667112966515,worsened
depth,B_learned_nugget,C_heteroskedastic,sim_00063,63,1.5499466240951063,2.7700958678919463,1.22014924379684,worsened
depth,B_learned_nugget,C_heteroskedastic,sim_00064,64,3.237429750745882,3.36445615872951,0.12702640798362808,worsened
depth,B_learned_nugget,C_heteroskedastic,sim_00065,65,1.4752072892745005,2.3936467284159733,0.9184394391414727,worsened
depth,B_learned_nugget,C_heteroskedastic,sim_00066,66,0.3590542868848487,0.8503874770039843,0.4913331901191356,worsened
depth,B_learned_nugget,C_heteroskedastic,sim_00067,67,1.0858668538521954,0.0263183258830395,-1.0595485279691559,improved
depth,B_learned_nugget,C_heteroskedastic,sim_00068,68,0.984828345245063,0.0910135200651254,-0.8938148251799376,improved
depth,B_learned_nugget,C_heteroskedastic,sim_00069,69,2.642121785403475,1.947602077148531,-0.6945197082549441,improved
depth,B_learned_nugget,C_heteroskedastic,sim_00070,70,1.3021260017098155,2.099568077498091,0.7974420757882756,worsened
depth,B_learned_nugget,C_heteroskedastic,sim_00071,71,2.32210444936581,0.2897211528672869,-2.032383296498523,improved
depth,B_learned_nugget,C_heteroskedastic,sim_00072,72,1.3629472592742786,1.1225872784748248,-0.24035998079945387,improved
depth,B_learned_nugget,C_heteroskedastic,sim_00073,73,2.8879002111979304,1.3708578548606027,-1.5170423563373276,improved
depth,B_learned_nugget,C_heteroskedastic,sim_00074,74,1.450423811202782,1.8625697636293737,0.4121459524265916,worsened
depth,B_learned_nugget,C_heteroskedastic,sim_00075,75,1.054142397271562,2.7966180628994763,1.7424756656279143,worsened
depth,B_learned_nugget,C_heteroskedastic,sim_00076,76,0.1616041904179681,2.497040747146229,2.335436556728261,worsened
depth,B_learned_nugget,C_heteroskedastic,sim_00077,77,5.004458953552756,4.604663899111216,-0.3997950544415403,improved
depth,B_learned_nugget,C_heteroskedastic,sim_00078,78,1.5966707228222816,1.532913143062629,-0.06375757975965257,improved
depth,B_learned_nugget,C_heteroskedastic,sim_00079,79,0.9404899702787404,1.7152352056631983,0.7747452353844579,worsened
depth,B_learned_nugget,C_heteroskedastic,sim_00080,80,0.1355998364023918,0.5759993844308937,0.4403995480285019,worsened
depth,B_learned_nugget,C_heteroskedastic,sim_00081,81,2.3583547710015864,2.2555602697454877,-0.10279450125609868,improved
depth,B_learned_nugget,C_heteroskedastic,sim_00082,82,3.541359358954722,3.6958171234572745,0.15445776450255266,worsened
depth,B_learned_nugget,C_heteroskedastic,sim_00083,83,1.7023168658150991,1.4860978747427325,-0.21621899107236664,improved
depth,B_learned_nugget,C_heteroskedastic,sim_00084,84,0.4016597728503299,0.5622024168499351,0.16054264399960522,worsened
depth,B_learned_nugget,C_heteroskedastic,sim_00085,85,5.481716591823385,3.0564991660392025,-2.425217425784183,improved
depth,B_learned_nugget,C_heteroskedastic,sim_00086,86,0.6132276361691851,1.59504982888717,0.9818221927179849,worsened
depth,B_learned_nugget,C_heteroskedastic,sim_00087,87,2.7876784295848296,2.990680867088642,0.20300243750381242,worsened
depth,B_learned_nugget,C_heteroskedastic,sim_00088,88,0.0477578831457137,1.1685878728162535,1.1208299896705398,worsened
depth,B_learned_nugget,C_heteroskedastic,sim_00089,89,2.061622496808724,1.8935377024475173,-0.1680847943612065,improved
depth,B_learned_nugget,C_heteroskedastic,sim_00090,90,3.5083408952803268,0.3251893961599137,-3.183151499120413,improved
depth,B_learned_nugget,C_heteroskedastic,sim_00091,91,1.094272961901801,0.0101736118335082,-1.0840993500682927,improved
depth,B_learned_nugget,C_heteroskedastic,sim_00092,92,1.0827791867731875,1.9773226746036627,0.8945434878304752,worsened
depth,B_learned_nugget,C_heteroskedastic,sim_00093,93,1.5498640208174237,1.4883209734003415,-0.061543047417082164,improved
depth,B_learned_nugget,C_heteroskedastic,sim_00094,94,0.9922390698742304,1.034412064394118,0.04217299451988754,worsened
depth,B_learned_nugget,C_heteroskedastic,sim_00095,95,6.022972808586005,4.60978616869528,-1.413186639890725,improved
depth,B_learned_nugget,C_heteroskedastic,sim_00096,96,0.9686161976285064,0.8948713596990601,-0.0737448379294463,improved
depth,B_learned_nugget,C_heteroskedastic,sim_00097,97,1.669096729712109,0.842513737982145,-0.8265829917299641,improved
depth,B_learned_nugget,C_heteroskedastic,sim_00098,98,2.45330809334358,0.7105937263651754,-1.7427143669784044,improved
depth,B_learned_nugget,C_heteroskedastic,sim_00099,99,0.9574829697156132,0.2755975743739398,-0.6818853953416735,improved
depth,B_learned_nugget,C_heteroskedastic,sim_00100,100,3.6520705031614256,1.096809908254869,-2.5552605949065565,improved
depth,B_learned_nugget,C_heteroskedastic,sim_00101,101,22.04904280263449,18.93744076289549,-3.1116020397389974,improved
depth,B_learned_nugget,C_heteroskedastic,sim_00102,102,2.7270513402569776,1.48377995855067,-1.2432713817063077,improved
depth,B_learned_nugget,C_heteroskedastic,sim_00103,103,2.9646289920309528,6.266102306182063,3.30147331415111,worsened
depth,B_learned_nugget,C_heteroskedastic,sim_00104,104,0.276371101363388,0.0074751769623659,-0.2688959244010221,improved
depth,B_learned_nugget,C_heteroskedastic,sim_00105,105,2.32190089801378,2.0187199930145425,-0.30318090499923755,improved
depth,B_learned_nugget,C_heteroskedastic,sim_00106,106,0.9670927780087551,0.3783211941020283,-0.5887715839067269,improved
depth,B_learned_nugget,C_heteroskedastic,sim_00107,107,1.5344617916322676,0.6901820106631078,-0.8442797809691598,improved
depth,B_learned_nugget,C_heteroskedastic,sim_00108,108,1.9153597912879547,0.5389684682358507,-1.376391323052104,improved
depth,B_learned_nugget,C_heteroskedastic,sim_00109,109,0.6391914915383339,0.2718680135308986,-0.36732347800743526,improved
depth,B_learned_nugget,C_heteroskedastic,sim_00110,110,0.6223596572580377,0.1788963304187589,-0.44346332683927875,improved
depth,B_learned_nugget,C_heteroskedastic,sim_00111,111,0.7127948145829208,1.2764410161006907,0.5636462015177699,worsened
depth,B_learned_nugget,C_heteroskedastic,sim_00112,112,0.0006661475233258,1.2454223659755002,1.2447562184521743,worsened
depth,B_learned_nugget,C_heteroskedastic,sim_00113,113,0.0296787806353719,0.2308267429303399,0.20114796229496798,worsened
depth,B_learned_nugget,C_heteroskedastic,sim_00114,114,0.7553519178769434,0.523311774077051,-0.23204014379989246,improved
depth,B_learned_nugget,C_heteroskedastic,sim_00115,115,5.790407883785733,2.945535682119768,-2.844872201665965,improved
depth,B_learned_nugget,C_heteroskedastic,sim_00116,116,1.0018567709291943,0.6110183798323021,-0.3908383910968922,improved
depth,B_learned_nugget,C_heteroskedastic,sim_00117,117,2.0443488778989263,2.1326209198738795,0.0882720419749532,worsened
depth,B_learned_nugget,C_heteroskedastic,sim_00118,118,1.644908683989101,1.5749974145956571,-0.06991126939344383,improved
depth,B_learned_nugget,C_heteroskedastic,sim_00119,119,1.5087072672611157,1.638480231992034,0.12977296473091826,worsened
depth,B_learned_nugget,C_heteroskedastic,sim_00120,120,0.4319600793872382,0.3799303923600163,-0.05202968702722188,improved
depth,B_learned_nugget,C_heteroskedastic,sim_00121,121,0.871565408035984,0.7487122607986691,-0.12285314723731489,improved
depth,B_learned_nugget,C_heteroskedastic,sim_00122,122,0.4642326037601663,2.8964767592731846,2.4322441555130183,worsened
depth,B_learned_nugget,C_heteroskedastic,sim_00123,123,6.327577137713945,7.344832406702935,1.0172552689889898,worsened
depth,B_learned_nugget,C_heteroskedastic,sim_00124,124,8.2215458943609,7.602489930308423,-0.6190559640524782,improved
depth,B_learned_nugget,C_heteroskedastic,sim_00125,125,2.05192314330003,2.245660703004773,0.19373755970474305,worsened
depth,B_learned_nugget,C_heteroskedastic,sim_00126,126,4.325543736400263,0.0053951950749535,-4.32014854132531,improved
depth,B_learned_nugget,C_heteroskedastic,sim_00127,127,0.240296240765339,0.0806125647113091,-0.1596836760540299,improved
depth,B_learned_nugget,C_heteroskedastic,sim_00128,128,1.8264679497676468,1.733731298184729,-0.09273665158291777,improved
depth,B_learned_nugget,C_heteroskedastic,sim_00129,129,1.56113941269912,0.7274499335884883,-0.8336894791106317,improved
depth,B_learned_nugget,C_heteroskedastic,sim_00130,130,0.3245930046511702,0.2502876836401455,-0.07430532101102472,improved
depth,B_learned_nugget,C_heteroskedastic,sim_00131,131,1.166209953803282,0.1882910798918686,-0.9779188739114133,improved
depth,B_learned_nugget,C_heteroskedastic,sim_00132,132,0.3251924874819494,0.3414262728171877,0.016233785335238282,worsened
depth,B_learned_nugget,C_heteroskedastic,sim_00133,133,0.2647136849229383,5.344521660049793,5.079807975126855,worsened
depth,B_learned_nugget,C_heteroskedastic,sim_00134,134,0.3026817144997977,0.3001463673170832,-0.002535347182714476,improved
depth,B_learned_nugget,C_heteroskedastic,sim_00135,135,2.9411233216558657,3.1825702126190265,0.24144689096316085,worsened
depth,B_learned_nugget,C_heteroskedastic,sim_00137,137,3.932507513032249,5.20728021573089,1.274772702698641,worsened
depth,B_learned_nugget,C_heteroskedastic,sim_00138,138,0.2041457471198526,0.8535968825840996,0.649451135464247,worsened
depth,B_learned_nugget,C_heteroskedastic,sim_00139,139,1.5038972204162633,4.002567571665935,2.4986703512496717,worsened
depth,B_learned_nugget,C_heteroskedastic,sim_00140,140,0.0865249593308732,2.1637124714977176,2.0771875121668444,worsened
depth,B_learned_nugget,C_heteroskedastic,sim_00141,141,0.965294701328972,0.4881750531588622,-0.47711964817010977,improved
depth,B_learned_nugget,C_heteroskedastic,sim_00142,142,1.5388758772050863,1.8978214402931428,0.3589455630880565,worsened
depth,B_learned_nugget,C_heteroskedastic,sim_00143,143,0.6382084936383734,3.431387021966845,2.793178528328472,worsened
depth,B_learned_nugget,C_heteroskedastic,sim_00144,144,1.595398510261365,4.15857772398201,2.5631792137206446,worsened
depth,B_learned_nugget,C_heteroskedastic,sim_00145,145,1.874521651186868,3.729512535292862,1.854990884105994,worsened
depth,B_learned_nugget,C_heteroskedastic,sim_00146,146,2.09264318783584,4.088945147383136,1.9963019595472957,worsened
depth,B_learned_nugget,C_heteroskedastic,sim_00147,147,1.5975268848815,2.7772429188466923,1.1797160339651922,worsened
depth,B_learned_nugget,C_heteroskedastic,sim_00148,148,1.6205837096637978,0.9717738386339932,-0.6488098710298046,improved
depth,B_learned_nugget,C_heteroskedastic,sim_00149,149,1.0586872704327843,0.1789197077894968,-0.8797675626432875,improved
depth,B_learned_nugget,C_heteroskedastic,sim_00150,150,0.5240545082939647,0.0250695646309679,-0.49898494366299684,improved
depth,B_learned_nugget,C_heteroskedastic,sim_00151,151,0.4407356180772588,1.3910430120233706,0.9503073939461117,worsened
depth,B_learned_nugget,C_heteroskedastic,sim_00152,152,2.03994161751816,11.324664484335097,9.284722866816937,worsened
depth,B_learned_nugget,C_heteroskedastic,sim_00153,153,0.9952442654338328,0.3615294283723429,-0.6337148370614899,improved
depth,B_learned_nugget,C_heteroskedastic,sim_00154,154,3.316528755474673,8.375962098358505,5.059433342883832,worsened
depth,B_learned_nugget,C_heteroskedastic,sim_00155,155,1.2331645373444822,3.089913938414419,1.856749401069937,worsened
depth,B_learned_nugget,C_heteroskedastic,sim_00156,156,0.0982000400823146,1.170534783878857,1.0723347437965423,worsened
depth,B_learned_nugget,C_heteroskedastic,sim_00157,157,1.0160366029808543,2.3544019242998075,1.3383653213189532,worsened
depth,B_learned_nugget,C_heteroskedastic,sim_00158,158,1.3939704689579244,1.4293946280026262,0.03542415904470175,worsened
depth,B_learned_nugget,C_heteroskedastic,sim_00159,159,0.3293771194631034,0.1961921450578678,-0.13318497440523558,improved
depth,B_learned_nugget,C_heteroskedastic,sim_00160,160,1.4669826976883868,0.1027448620989055,-1.3642378355894813,improved
depth,B_learned_nugget,C_heteroskedastic,sim_00161,161,1.860068117231009,0.6673733748067718,-1.1926947424242371,improved
depth,B_learned_nugget,C_heteroskedastic,sim_00162,162,1.0542577143497525,0.8533316615543072,-0.2009260527954453,improved
depth,B_learned_nugget,C_heteroskedastic,sim_00163,163,3.741647178760502,1.2598930755130056,-2.4817541032474963,improved
depth,B_learned_nugget,C_heteroskedastic,sim_00164,164,2.007453584424944,0.9464240129240976,-1.0610295715008462,improved
depth,B_learned_nugget,C_heteroskedastic,sim_00165,165,0.7625236536295255,1.3265328041908937,0.5640091505613682,worsened
depth,B_learned_nugget,C_heteroskedastic,sim_00166,166,1.4248811699964603,2.9438812923328967,1.5190001223364364,worsened
depth,B_learned_nugget,C_heteroskedastic,sim_00167,167,0.3524943291386009,0.6839705274429164,0.3314761983043155,worsened
depth,B_learned_nugget,C_heteroskedastic,sim_00168,168,0.4525947623628639,0.9424720957159778,0.4898773333531139,worsened
depth,B_learned_nugget,C_heteroskedastic,sim_00169,169,1.5233262470862172,3.747865559292613,2.224539312206396,worsened
depth,B_learned_nugget,C_heteroskedastic,sim_00170,170,1.0176075334701338,0.1598597335572478,-0.857747799912886,improved
depth,B_learned_nugget,C_heteroskedastic,sim_00171,171,0.358819599391353,0.0678319609055222,-0.2909876384858308,improved
depth,B_learned_nugget,C_heteroskedastic,sim_00172,172,1.002699331858821,1.4365409951551769,0.43384166329635576,worsened
depth,B_learned_nugget,C_heteroskedastic,sim_00173,173,0.7249842570578551,2.673046120168429,1.9480618631105737,worsened
depth,B_learned_nugget,C_heteroskedastic,sim_00174,174,0.8750684530601447,1.826512888632081,0.9514444355719363,worsened
depth,B_learned_nugget,C_heteroskedastic,sim_00175,175,1.9704356172247053,1.4463729855926033,-0.524062631632102,improved
depth,B_learned_nugget,C_heteroskedastic,sim_00176,176,0.5296183256956724,1.1294625426801872,0.5998442169845148,worsened
depth,B_learned_nugget,C_heteroskedastic,sim_00177,177,1.6880163748727597,2.889292473188256,1.2012760983154962,worsened
depth,B_learned_nugget,C_heteroskedastic,sim_00178,178,1.2326424993595708,1.3687653533735542,0.13612285401398339,worsened
depth,B_learned_nugget,C_heteroskedastic,sim_00179,179,0.8940623825059006,0.8314108031466745,-0.06265157935922616,improved
depth,B_learned_nugget,C_heteroskedastic,sim_00180,180,3.124068495006036,4.121818686929679,0.9977501919236427,worsened
depth,B_learned_nugget,C_heteroskedastic,sim_00181,181,1.506835334920055,1.212692483037486,-0.29414285188256906,improved
depth,B_learned_nugget,C_heteroskedastic,sim_00182,182,2.0356338308663453,2.542149953907781,0.5065161230414357,worsened
depth,B_learned_nugget,C_heteroskedastic,sim_00183,183,0.9884158241164088,0.8335978235985806,-0.15481800051782824,improved
depth,B_learned_nugget,C_heteroskedastic,sim_00184,184,1.000672259768102,4.321889373011068,3.321217113242966,worsened
depth,B_learned_nugget,C_heteroskedastic,sim_00185,185,1.5342208925494203,1.0273514776935144,-0.5068694148559059,improved
depth,B_learned_nugget,C_heteroskedastic,sim_00186,186,1.5102260360832886,0.3230816557767326,-1.187144380306556,improved
depth,B_learned_nugget,C_heteroskedastic,sim_00187,187,2.827400416339181,1.4991786944246996,-1.3282217219144812,improved
depth,B_learned_nugget,C_heteroskedastic,sim_00188,188,0.3760316727387547,6.423438226552179,6.047406553813424,worsened
depth,B_learned_nugget,C_heteroskedastic,sim_00189,189,2.4875531069012595,3.59145821826548,1.1039051113642206,worsened
depth,B_learned_nugget,C_heteroskedastic,sim_00190,190,1.9719742813520256,1.553568020112067,-0.4184062612399586,improved
depth,B_learned_nugget,C_heteroskedastic,sim_00191,191,0.0736106101041258,0.8173756077338794,0.7437649976297536,worsened
depth,B_learned_nugget,C_heteroskedastic,sim_00192,192,0.2325415990522472,2.5721702766776176,2.3396286776253703,worsened
depth,B_learned_nugget,C_heteroskedastic,sim_00193,193,0.6128217263399591,1.454525386851401,0.8417036605114419,worsened
depth,B_learned_nugget,C_heteroskedastic,sim_00194,194,1.2846802403833308,1.7527642953519589,0.46808405496862804,worsened
depth,B_learned_nugget,C_heteroskedastic,sim_00195,195,0.7386023969388091,0.7232340371618093,-0.015368359776999796,improved
depth,B_learned_nugget,C_heteroskedastic,sim_00196,196,3.4317706745534267,4.562827357301103,1.1310566827476762,worsened
depth,B_learned_nugget,C_heteroskedastic,sim_00197,197,1.6334744808393324,2.1396366532481537,0.5061621724088212,worsened
depth,B_learned_nugget,C_heteroskedastic,sim_00198,198,1.4815967652386988,1.552379218175055,0.07078245293635632,worsened
depth,B_learned_nugget,C_heteroskedastic,sim_00199,199,3.9847387985212,7.707584650147602,3.7228458516264022,worsened
depth,B_learned_nugget,C_heteroskedastic,sim_00200,200,0.5100145573817088,1.382294025968157,0.8722794685864483,worsened
depth,B_learned_nugget,C_heteroskedastic,sim_00201,201,1.4790886830705574,2.267447466084647,0.7883587830140897,worsened
depth,B_learned_nugget,C_heteroskedastic,sim_00202,202,0.8238809464155707,1.5019187221115828,0.6780377756960121,worsened
depth,B_learned_nugget,C_heteroskedastic,sim_00203,203,19.18466722855481,16.6887156917268,-2.495951536828013,improved
depth,B_learned_nugget,C_heteroskedastic,sim_00204,204,0.517564050117997,1.961152887611583,1.443588837493586,worsened
depth,B_learned_nugget,C_heteroskedastic,sim_00205,205,0.3592316587557533,1.1679421384374675,0.8087104796817142,worsened
depth,B_learned_nugget,C_heteroskedastic,sim_00206,206,1.5076860522486086,0.6242693886882407,-0.883416663560368,improved
depth,B_learned_nugget,C_heteroskedastic,sim_00207,207,0.9037147908364176,0.2776991844287693,-0.6260156064076483,improved
depth,B_learned_nugget,C_heteroskedastic,sim_00208,208,4.093681386035968,5.6481539333818205,1.5544725473458527,worsened
depth,B_learned_nugget,C_heteroskedastic,sim_00209,209,1.5017318344667956,0.7497424156752857,-0.7519894187915099,improved
depth,B_learned_nugget,C_heteroskedastic,sim_00210,210,1.284259125611129,0.699038342635788,-0.5852207829753411,improved
depth,B_learned_nugget,C_heteroskedastic,sim_00211,211,1.1313498277628256,2.048726257075828,0.9173764293130025,worsened
depth,B_learned_nugget,C_heteroskedastic,sim_00212,212,0.4363224955084632,1.991349378958418,1.5550268834499548,worsened
depth,B_learned_nugget,C_heteroskedastic,sim_00213,213,0.97782746372107,1.050347954913022,0.07252049119195192,worsened
depth,B_learned_nugget,C_heteroskedastic,sim_00214,214,3.980513093403246,2.783989919120657,-1.1965231742825893,improved
depth,B_learned_nugget,C_heteroskedastic,sim_00215,215,10.642164141676702,3.137769865573162,-7.50439427610354,improved
depth,B_learned_nugget,C_heteroskedastic,sim_00216,216,1.5995357941087605,2.0261279801244143,0.42659218601565385,worsened
depth,B_learned_nugget,C_heteroskedastic,sim_00217,217,5.851285927363122,1.0263484395430569,-4.8249374878200655,improved
depth,B_learned_nugget,C_heteroskedastic,sim_00218,218,0.1466502289541296,0.4466627798948508,0.3000125509407212,worsened
depth,B_learned_nugget,C_heteroskedastic,sim_00219,219,2.824008730216434,2.469597639924814,-0.3544110902916202,improved
depth,B_learned_nugget,C_heteroskedastic,sim_00220,220,0.6888464176109608,0.5473211468138501,-0.14152527079711064,improved
depth,B_learned_nugget,C_heteroskedastic,sim_00221,221,0.7460127165801751,0.3227744719465022,-0.4232382446336729,improved
depth,B_learned_nugget,C_heteroskedastic,sim_00222,222,6.531959088203934,6.181332549603724,-0.35062653860020987,improved
depth,B_learned_nugget,C_heteroskedastic,sim_00223,223,1.233766277414972,3.0924140946084435,1.8586478171934715,worsened
depth,B_learned_nugget,C_heteroskedastic,sim_00224,224,5.0584707916674745,3.891501876713477,-1.1669689149539977,improved
depth,B_learned_nugget,C_heteroskedastic,sim_00225,225,5.625703877476028,5.191677433503585,-0.43402644397244305,improved
depth,B_learned_nugget,C_heteroskedastic,sim_00226,226,3.0222110246448324,0.3140255585997948,-2.7081854660450375,improved
depth,B_learned_nugget,C_heteroskedastic,sim_00227,227,0.9105988629708506,1.965639332785095,1.0550404698142444,worsened
depth,B_learned_nugget,C_heteroskedastic,sim_00228,228,2.5392887668092783,0.7497269346483222,-1.789561832160956,improved
depth,B_learned_nugget,C_heteroskedastic,sim_00229,229,2.783286872662728,1.8498224417086675,-0.9334644309540603,improved
depth,B_learned_nugget,C_heteroskedastic,sim_00230,230,15.019955680080628,14.198444424820352,-0.8215112552602761,improved
depth,B_learned_nugget,C_heteroskedastic,sim_00231,231,1.5914436863522567,1.5865865512842063,-0.004857135068050411,improved
depth,B_learned_nugget,C_heteroskedastic,sim_00232,232,2.351823515339888,2.846204347325127,0.49438083198523897,worsened
depth,B_learned_nugget,C_heteroskedastic,sim_00233,233,2.303890945293098,2.5483908854998703,0.24449994020677224,worsened
depth,B_learned_nugget,C_heteroskedastic,sim_00234,234,0.682235337934582,1.770643953403507,1.088408615468925,worsened
depth,B_learned_nugget,C_heteroskedastic,sim_00235,235,0.8952806011552568,3.2634443543867384,2.3681637532314816,worsened
depth,B_learned_nugget,C_heteroskedastic,sim_00236,236,8.500182843004659,13.879797482965778,5.379614639961119,worsened
depth,B_learned_nugget,C_heteroskedastic,sim_00237,237,0.0703339139147303,1.1689831761568144,1.098649262242084,worsened
depth,B_learned_nugget,C_heteroskedastic,sim_00238,238,0.6320920708429014,1.5034887088296642,0.8713966379867628,worsened
depth,B_learned_nugget,C_heteroskedastic,sim_00239,239,0.8070431014711055,2.2369231567708816,1.4298800552997761,worsened
depth,B_learned_nugget,C_heteroskedastic,sim_00240,240,0.7990120557968226,0.002378649664493,-0.7966334061323296,improved
depth,B_learned_nugget,C_heteroskedastic,sim_00241,241,0.4844388282906635,0.8626553405702246,0.37821651227956116,worsened
depth,B_learned_nugget,C_heteroskedastic,sim_00242,242,0.3026835106362284,1.2437614678581037,0.9410779572218753,worsened
length,A_tiny_jitter,B_learned_nugget,sim_00001,1,1.0216079239406213,2.625083881162709,1.6034759572220878,worsened
length,A_tiny_jitter,B_learned_nugget,sim_00002,2,12.92548811092422,9.908520234080186,-3.016967876844035,improved
length,A_tiny_jitter,B_learned_nugget,sim_00003,3,6.843338931550193,14.11673200916681,7.273393077616618,worsened
length,A_tiny_jitter,B_learned_nugget,sim_00004,4,4.454014356038215,13.632638229270071,9.178623873231857,worsened
length,A_tiny_jitter,B_learned_nugget,sim_00005,5,4.500775274404845,1.4561477329558272,-3.0446275414490174,improved
length,A_tiny_jitter,B_learned_nugget,sim_00006,6,18.089152567721385,3.156033706986761,-14.933118860734623,improved
length,A_tiny_jitter,B_learned_nugget,sim_00007,7,10.562926972121318,0.8440713569097511,-9.718855615211567,improved
length,A_tiny_jitter,B_learned_nugget,sim_00008,8,8.125976001298625,9.45062917568589,1.3246531743872652,worsened
length,A_tiny_jitter,B_learned_nugget,sim_00009,9,10.140066033628386,19.3387409048608,9.198674871232413,worsened
length,A_tiny_jitter,B_learned_nugget,sim_00010,10,0.2016258894621501,7.816878020495835,7.615252131033685,worsened
length,A_tiny_jitter,B_learned_nugget,sim_00011,11,8.964717221227033,3.880096850315113,-5.084620370911921,improved
length,A_tiny_jitter,B_learned_nugget,sim_00012,12,10.103924756450285,9.640458130682646,-0.463466625767639,improved
length,A_tiny_jitter,B_learned_nugget,sim_00013,13,10.951579812007424,4.376796494788891,-6.574783317218532,improved
length,A_tiny_jitter,B_learned_nugget,sim_00014,14,31.563327264657147,8.948701099528023,-22.614626165129124,improved
length,A_tiny_jitter,B_learned_nugget,sim_00015,15,11.19715223566385,14.332964284286165,3.1358120486223147,worsened
length,A_tiny_jitter,B_learned_nugget,sim_00016,16,0.3037877518764844,5.673140501460864,5.36935274958438,worsened
length,A_tiny_jitter,B_learned_nugget,sim_00017,17,14.957390519094076,15.727778419399783,0.7703879003057068,worsened
length,A_tiny_jitter,B_learned_nugget,sim_00018,18,2.813883592160437,1.847749439868608,-0.9661341522918288,improved
length,A_tiny_jitter,B_learned_nugget,sim_00019,19,0.1106686678809865,2.7670607227695427,2.6563920548885562,worsened
length,A_tiny_jitter,B_learned_nugget,sim_00020,20,7.02450304373258,1.566506060527388,-5.457996983205192,improved
length,A_tiny_jitter,B_learned_nugget,sim_00021,21,5.134289920903797,4.209284828213214,-0.9250050926905828,improved
length,A_tiny_jitter,B_learned_nugget,sim_00022,22,27.88047772758398,16.897334783850795,-10.983142943733185,improved
length,A_tiny_jitter,B_learned_nugget,sim_00023,23,1.8729344266141648,2.366755987911347,0.49382156129718213,worsened
length,A_tiny_jitter,B_learned_nugget,sim_00024,24,41.2596522537483,12.051263842083358,-29.20838841166494,improved
length,A_tiny_jitter,B_learned_nugget,sim_00025,25,0.2153329135198305,3.634105782656832,3.4187728691370016,worsened
length,A_tiny_jitter,B_learned_nugget,sim_00026,26,20.23992070527845,2.552733764162724,-17.687186941115726,improved
length,A_tiny_jitter,B_learned_nugget,sim_00027,27,65.57277402125598,24.082348042298293,-41.49042597895769,improved
length,A_tiny_jitter,B_learned_nugget,sim_00028,28,3.128573137493106,3.164509280727032,0.03593614323392602,worsened
length,A_tiny_jitter,B_learned_nugget,sim_00029,29,3.889184373607861,2.030112247556872,-1.859072126050989,improved
length,A_tiny_jitter,B_learned_nugget,sim_00030,30,3.123221815113425,3.094609487750404,-0.028612327363020995,improved
length,A_tiny_jitter,B_learned_nugget,sim_00031,31,14.251372118382848,4.9080576946139445,-9.343314423768904,improved
length,A_tiny_jitter,B_learned_nugget,sim_00032,32,2.118561313783289,0.2235522346360881,-1.8950090791472007,improved
length,A_tiny_jitter,B_learned_nugget,sim_00033,33,65.97685220538665,31.508178233461702,-34.46867397192494,improved
length,A_tiny_jitter,B_learned_nugget,sim_00034,34,116.23514376761204,114.78557560627412,-1.4495681613379219,improved
length,A_tiny_jitter,B_learned_nugget,sim_00035,35,2.673692573473488,8.921283969731235,6.2475913962577465,worsened
length,A_tiny_jitter,B_learned_nugget,sim_00036,36,1.5620754784428073,5.2309739466884935,3.668898468245686,worsened
length,A_tiny_jitter,B_learned_nugget,sim_00037,37,1.0006901492529323,3.460688598188142,2.4599984489352096,worsened
length,A_tiny_jitter,B_learned_nugget,sim_00038,38,1.4331914822635667,0.7824616732009417,-0.650729809062625,improved
length,A_tiny_jitter,B_learned_nugget,sim_00039,39,40.9029648594053,28.855234108453374,-12.047730750951928,improved
length,A_tiny_jitter,B_learned_nugget,sim_00040,40,118.32969916486256,39.91209103448568,-78.41760813037689,improved
length,A_tiny_jitter,B_learned_nugget,sim_00041,41,100.00236749259663,102.86486496919753,2.8624974766008933,worsened
length,A_tiny_jitter,B_learned_nugget,sim_00042,42,4.411602792249312,0.7090074047026178,-3.702595387546694,improved
length,A_tiny_jitter,B_learned_nugget,sim_00043,43,37.53148783375204,25.015825152749898,-12.51566268100214,improved
length,A_tiny_jitter,B_learned_nugget,sim_00044,44,1.7301955044846975,3.373007860952896,1.6428123564681985,worsened
length,A_tiny_jitter,B_learned_nugget,sim_00045,45,7.225593285368859,1.1765988013594892,-6.04899448400937,improved
length,A_tiny_jitter,B_learned_nugget,sim_00046,46,7.008037560340711,6.904014663824228,-0.10402289651648289,improved
length,A_tiny_jitter,B_learned_nugget,sim_00047,47,0.9390492516299104,4.184506040362351,3.24545678873244,worsened
length,A_tiny_jitter,B_learned_nugget,sim_00048,48,26.17098197820033,17.108758208880147,-9.062223769320184,improved
length,A_tiny_jitter,B_learned_nugget,sim_00049,49,109.140521062678,33.32466210590718,-75.81585895677082,improved
length,A_tiny_jitter,B_learned_nugget,sim_00050,50,5.428710585083252,5.348061602545158,-0.0806489825380936,improved
length,A_tiny_jitter,B_learned_nugget,sim_00051,51,12.883460401907996,8.83735812987672,-4.046102272031277,improved
length,A_tiny_jitter,B_learned_nugget,sim_00052,52,3.74059154371065,1.0780110030436845,-2.6625805406669656,improved
length,A_tiny_jitter,B_learned_nugget,sim_00053,53,13.126200501460914,6.468430734397373,-6.657769767063542,improved
length,A_tiny_jitter,B_learned_nugget,sim_00054,54,20.07790154371321,27.37988137148153,7.301979827768321,worsened
length,A_tiny_jitter,B_learned_nugget,sim_00055,55,48.66491945719059,17.671802578681024,-30.993116878509568,improved
length,A_tiny_jitter,B_learned_nugget,sim_00056,56,10.971595505609116,6.21733683059233,-4.754258675016786,improved
length,A_tiny_jitter,B_learned_nugget,sim_00057,57,9.896040036222132,2.1908314011749326,-7.7052086350471996,improved
length,A_tiny_jitter,B_learned_nugget,sim_00058,58,5.529883708315992,10.566268115674006,5.036384407358014,worsened
length,A_tiny_jitter,B_learned_nugget,sim_00059,59,12.64787014228125,8.801808566589614,-3.8460615756916354,improved
length,A_tiny_jitter,B_learned_nugget,sim_00060,60,0.0844283311173512,0.638929795240017,0.5545014641226659,worsened
length,A_tiny_jitter,B_learned_nugget,sim_00061,61,58.16342892078211,55.6294728808756,-2.5339560399065064,improved
length,A_tiny_jitter,B_learned_nugget,sim_00062,62,27.1896901604664,26.853231710004422,-0.3364584504619792,improved
length,A_tiny_jitter,B_learned_nugget,sim_00063,63,28.823871739813853,2.9886681139996654,-25.835203625814188,improved
length,A_tiny_jitter,B_learned_nugget,sim_00064,64,53.0154020627117,53.95261873983833,0.9372166771266279,worsened
length,A_tiny_jitter,B_learned_nugget,sim_00065,65,0.7820015845700254,0.0123269494835653,-0.7696746350864602,improved
length,A_tiny_jitter,B_learned_nugget,sim_00066,66,2.455229585872246,6.97021138289125,4.514981797019004,worsened
length,A_tiny_jitter,B_learned_nugget,sim_00067,67,32.56841990569092,20.092140470000917,-12.47627943569,improved
length,A_tiny_jitter,B_learned_nugget,sim_00068,68,0.876248150431195,4.407981329083384,3.531733178652189,worsened
length,A_tiny_jitter,B_learned_nugget,sim_00069,69,6.16371096538407,7.278025091950809,1.1143141265667396,worsened
length,A_tiny_jitter,B_learned_nugget,sim_00070,70,6.43120692392273,5.2943744844910725,-1.1368324394316573,improved
length,A_tiny_jitter,B_learned_nugget,sim_00071,71,8.924630377647901,11.638181015914428,2.7135506382665273,worsened
length,A_tiny_jitter,B_learned_nugget,sim_00072,72,10.213702903005696,8.709092908504203,-1.504609994501493,improved
length,A_tiny_jitter,B_learned_nugget,sim_00073,73,22.911424913844428,9.7677551918797,-13.143669721964727,improved
length,A_tiny_jitter,B_learned_nugget,sim_00074,74,3.4468423396338608,4.050401953125629,0.6035596134917682,worsened
length,A_tiny_jitter,B_learned_nugget,sim_00075,75,1.783160943761743,0.1645066937819592,-1.6186542499797838,improved
length,A_tiny_jitter,B_learned_nugget,sim_00076,76,19.18813432373804,10.758300432503177,-8.429833891234864,improved
length,A_tiny_jitter,B_learned_nugget,sim_00077,77,1.516492954914611,3.4723681447503054,1.9558751898356945,worsened
length,A_tiny_jitter,B_learned_nugget,sim_00078,78,8.717583542526882,17.083337262302166,8.365753719775284,worsened
length,A_tiny_jitter,B_learned_nugget,sim_00079,79,1.0578668418291954,1.5142843531222638,0.4564175112930684,worsened
length,A_tiny_jitter,B_learned_nugget,sim_00080,80,1.6521214152624566,3.664223303530946,2.0121018882684893,worsened
length,A_tiny_jitter,B_learned_nugget,sim_00081,81,2.9892763312032,4.328594550651587,1.3393182194483875,worsened
length,A_tiny_jitter,B_learned_nugget,sim_00082,82,5.146759737919012,7.342893698271041,2.1961339603520287,worsened
length,A_tiny_jitter,B_learned_nugget,sim_00083,83,3.0165266517379337,0.7017181675306006,-2.314808484207333,improved
length,A_tiny_jitter,B_learned_nugget,sim_00084,84,3.0010271662914647,0.1778117581540073,-2.8232154081374574,improved
length,A_tiny_jitter,B_learned_nugget,sim_00085,85,7.805955707573105,4.667941045367627,-3.138014662205478,improved
length,A_tiny_jitter,B_learned_nugget,sim_00086,86,0.5003639307003027,5.332484818595219,4.8321208878949165,worsened
length,A_tiny_jitter,B_learned_nugget,sim_00087,87,15.312328597952444,11.353502004877557,-3.958826593074887,improved
length,A_tiny_jitter,B_learned_nugget,sim_00088,88,8.600778505136589,2.7755908967155847,-5.825187608421004,improved
length,A_tiny_jitter,B_learned_nugget,sim_00089,89,11.03984575461817,3.5059803680953223,-7.533865386522848,improved
length,A_tiny_jitter,B_learned_nugget,sim_00090,90,25.98798996327139,23.093986723971568,-2.8940032392998205,improved
length,A_tiny_jitter,B_learned_nugget,sim_00091,91,3.227431124994382,3.770294107729967,0.5428629827355849,worsened
length,A_tiny_jitter,B_learned_nugget,sim_00092,92,1.4022876991274984,1.4221804175107309,0.019892718383232477,worsened
length,A_tiny_jitter,B_learned_nugget,sim_00093,93,1.404316373927884,0.7590416067557157,-0.6452747671721684,improved
length,A_tiny_jitter,B_learned_nugget,sim_00094,94,6.658294587471914,4.952616659043031,-1.7056779284288837,improved
length,A_tiny_jitter,B_learned_nugget,sim_00095,95,34.503700191636256,23.0503829139538,-11.453317277682455,improved
length,A_tiny_jitter,B_learned_nugget,sim_00096,96,17.397250297880703,9.500048013281855,-7.897202284598848,improved
length,A_tiny_jitter,B_learned_nugget,sim_00097,97,2.3347286972098686,10.481513532682357,8.146784835472488,worsened
length,A_tiny_jitter,B_learned_nugget,sim_00098,98,0.938661283630836,7.911658969454663,6.972997685823827,worsened
length,A_tiny_jitter,B_learned_nugget,sim_00099,99,1.7368124598838222,13.933834245674008,12.197021785790186,worsened
length,A_tiny_jitter,B_learned_nugget,sim_00100,100,9.499175777123696,7.107050947426842,-2.3921248296968542,improved
length,A_tiny_jitter,B_learned_nugget,sim_00101,101,130.46028874752352,129.92754453008268,-0.5327442174408361,improved
length,A_tiny_jitter,B_learned_nugget,sim_00102,102,15.542916373186417,12.171647473798656,-3.3712688993877613,improved
length,A_tiny_jitter,B_learned_nugget,sim_00103,103,9.572530714601498,9.268293410403714,-0.30423730419778394,improved
length,A_tiny_jitter,B_learned_nugget,sim_00104,104,0.2640945091702065,4.165856720628256,3.90176221145805,worsened
length,A_tiny_jitter,B_learned_nugget,sim_00105,105,40.331651745835984,45.8436315502031,5.511979804367115,worsened
length,A_tiny_jitter,B_learned_nugget,sim_00106,106,6.228456605801739,1.0459877964816542,-5.182468809320085,improved
length,A_tiny_jitter,B_learned_nugget,sim_00107,107,49.14867755835496,37.95983760567299,-11.188839952681974,improved
length,A_tiny_jitter,B_learned_nugget,sim_00108,108,2.0056898888200863,1.5318310257176222,-0.47385886310246406,improved
length,A_tiny_jitter,B_learned_nugget,sim_00109,109,1.5813530259112554,8.15507326029882,6.573720234387565,worsened
length,A_tiny_jitter,B_learned_nugget,sim_00110,110,6.032951483016745,0.5730582632474466,-5.459893219769299,improved
length,A_tiny_jitter,B_learned_nugget,sim_00111,111,26.42982555859965,12.3116693533741,-14.11815620522555,improved
length,A_tiny_jitter,B_learned_nugget,sim_00112,112,0.2258791375244868,0.8072751644816094,0.5813960269571226,worsened
length,A_tiny_jitter,B_learned_nugget,sim_00113,113,5.054033828011711,1.518720508581282,-3.535313319430429,improved
length,A_tiny_jitter,B_learned_nugget,sim_00114,114,18.95517372700533,6.885483836205992,-12.069689890799339,improved
length,A_tiny_jitter,B_learned_nugget,sim_00115,115,5.249558760646494,12.879438978244425,7.629880217597931,worsened
length,A_tiny_jitter,B_learned_nugget,sim_00116,116,36.08019216063576,29.84806997291929,-6.23212218771647,improved
length,A_tiny_jitter,B_learned_nugget,sim_00117,117,0.8587785609904586,1.750489923151633,0.8917113621611745,worsened
length,A_tiny_jitter,B_learned_nugget,sim_00118,118,72.59760221803162,67.31379134503129,-5.283810873000334,improved
length,A_tiny_jitter,B_learned_nugget,sim_00119,119,11.85543906908515,14.153582420765131,2.2981433516799807,worsened
length,A_tiny_jitter,B_learned_nugget,sim_00120,120,30.05237867267857,9.850305348331176,-20.202073324347396,improved
length,A_tiny_jitter,B_learned_nugget,sim_00121,121,18.754467751679613,7.797068163912058,-10.957399587767554,improved
length,A_tiny_jitter,B_learned_nugget,sim_00122,122,5.396831877780983,0.5341725176165824,-4.8626593601644,improved
length,A_tiny_jitter,B_learned_nugget,sim_00123,123,0.9163598870830468,8.241977335546721,7.3256174484636745,worsened
length,A_tiny_jitter,B_learned_nugget,sim_00124,124,5.190294201639574,6.160009008760198,0.9697148071206243,worsened
length,A_tiny_jitter,B_learned_nugget,sim_00125,125,5.381116293757827,0.9258795813699408,-4.455236712387887,improved
length,A_tiny_jitter,B_learned_nugget,sim_00126,126,37.079654720134215,24.16161178819817,-12.918042931936046,improved
length,A_tiny_jitter,B_learned_nugget,sim_00127,127,35.62991743807936,31.04555553738203,-4.584361900697331,improved
length,A_tiny_jitter,B_learned_nugget,sim_00128,128,8.004032881131195,3.303059655592733,-4.700973225538462,improved
length,A_tiny_jitter,B_learned_nugget,sim_00129,129,11.723055679677714,9.779077658574693,-1.943978021103021,improved
length,A_tiny_jitter,B_learned_nugget,sim_00130,130,23.865967906502988,9.414760417912872,-14.451207488590116,improved
length,A_tiny_jitter,B_learned_nugget,sim_00131,131,12.922118147941148,1.183994089174746,-11.738124058766402,improved
length,A_tiny_jitter,B_learned_nugget,sim_00132,132,1.601983122890033,1.9780745621341111,0.3760914392440782,worsened
length,A_tiny_jitter,B_learned_nugget,sim_00133,133,17.886998244243955,6.959609459398905,-10.92738878484505,improved
length,A_tiny_jitter,B_learned_nugget,sim_00134,134,4.175631200948601,5.821208466213193,1.645577265264592,worsened
length,A_tiny_jitter,B_learned_nugget,sim_00135,135,6.262050790750834,18.191153718234204,11.92910292748337,worsened
length,A_tiny_jitter,B_learned_nugget,sim_00137,137,48.884906405158176,40.17750380010847,-8.707402605049708,improved
length,A_tiny_jitter,B_learned_nugget,sim_00138,138,32.838366836411524,9.956126644595372,-22.88224019181615,improved
length,A_tiny_jitter,B_learned_nugget,sim_00139,139,22.73517729975828,3.707685499037666,-19.027491800720615,improved
length,A_tiny_jitter,B_learned_nugget,sim_00140,140,6.150459365517918,3.483490117872975,-2.6669692476449427,improved
length,A_tiny_jitter,B_learned_nugget,sim_00141,141,53.11832342676741,15.069198871146227,-38.049124555621184,improved
length,A_tiny_jitter,B_learned_nugget,sim_00142,142,10.76838868001505,24.0846340753925,13.31624539537745,worsened
length,A_tiny_jitter,B_learned_nugget,sim_00143,143,21.747310521314887,12.925835283169278,-8.82147523814561,improved
length,A_tiny_jitter,B_learned_nugget,sim_00144,144,2.997776139244252,6.594317308937775,3.596541169693523,worsened
length,A_tiny_jitter,B_learned_nugget,sim_00145,145,1.082334840595081,2.362706089925581,1.2803712493305,worsened
length,A_tiny_jitter,B_learned_nugget,sim_00146,146,0.7039265179281244,1.9141313259506203,1.2102048080224959,worsened
length,A_tiny_jitter,B_learned_nugget,sim_00147,147,22.022737057443123,4.748946330238852,-17.273790727204272,improved
length,A_tiny_jitter,B_learned_nugget,sim_00148,148,3.247985483814375,0.8639674608363066,-2.3840180229780685,improved
length,A_tiny_jitter,B_learned_nugget,sim_00149,149,0.4820575987479003,0.6352910695699165,0.15323347082201627,worsened
length,A_tiny_jitter,B_learned_nugget,sim_00150,150,0.9559951019558072,1.4265315721094112,0.470536470153604,worsened
length,A_tiny_jitter,B_learned_nugget,sim_00151,151,15.251546470383031,1.2002906093793513,-14.05125586100368,improved
length,A_tiny_jitter,B_learned_nugget,sim_00152,152,1.183621724241647,4.743494114015164,3.559872389773517,worsened
length,A_tiny_jitter,B_learned_nugget,sim_00153,153,12.61586996776063,6.133180556459195,-6.482689411301436,improved
length,A_tiny_jitter,B_learned_nugget,sim_00154,154,37.515782609873725,57.5497424612862,20.033959851412476,worsened
length,A_tiny_jitter,B_learned_nugget,sim_00155,155,21.36377080159434,5.04425239909591,-16.31951840249843,improved
length,A_tiny_jitter,B_learned_nugget,sim_00156,156,0.0269077333690574,0.7823745864153011,0.7554668530462437,worsened
length,A_tiny_jitter,B_learned_nugget,sim_00157,157,20.28129109884233,8.667281758748572,-11.614009340093759,improved
length,A_tiny_jitter,B_learned_nugget,sim_00158,158,35.432431828044315,18.567067889009337,-16.865363939034978,improved
length,A_tiny_jitter,B_learned_nugget,sim_00159,159,10.960914616624422,1.7303437989094732,-9.230570817714948,improved
length,A_tiny_jitter,B_learned_nugget,sim_00160,160,5.271479310024375,13.027213822396192,7.755734512371816,worsened
length,A_tiny_jitter,B_learned_nugget,sim_00161,161,12.028236442580692,4.68807325200396,-7.340163190576732,improved
length,A_tiny_jitter,B_learned_nugget,sim_00162,162,12.12717489186619,2.123335987395592,-10.003838904470598,improved
length,A_tiny_jitter,B_learned_nugget,sim_00163,163,3.433236087057338,3.25103353214368,-0.18220255491365833,improved
length,A_tiny_jitter,B_learned_nugget,sim_00164,164,31.750880337171598,1.572667363946266,-30.17821297322533,improved
length,A_tiny_jitter,B_learned_nugget,sim_00165,165,0.7003499615668431,0.5080990218636998,-0.19225093970314333,improved
length,A_tiny_jitter,B_learned_nugget,sim_00166,166,1.4481653821362386,6.6965501440533615,5.248384761917123,worsened
length,A_tiny_jitter,B_learned_nugget,sim_00167,167,2.863924131359994,2.1929096445996663,-0.6710144867603276,improved
length,A_tiny_jitter,B_learned_nugget,sim_00168,168,6.033621047675467,3.7480941604267457,-2.2855268872487216,improved
length,A_tiny_jitter,B_learned_nugget,sim_00169,169,9.294037534035738,15.266890561168452,5.9728530271327145,worsened
length,A_tiny_jitter,B_learned_nugget,sim_00170,170,0.2980919615363291,2.6720277710339246,2.3739358094975955,worsened
length,A_tiny_jitter,B_learned_nugget,sim_00171,171,4.220966842611404,0.3295874300649188,-3.8913794125464856,improved
length,A_tiny_jitter,B_learned_nugget,sim_00172,172,7.822732131332089,2.4373112259453933,-5.385420905386695,improved
length,A_tiny_jitter,B_learned_nugget,sim_00173,173,1.4895522246611677,5.445528117173694,3.9559758925125266,worsened
length,A_tiny_jitter,B_learned_nugget,sim_00174,174,13.998555965641174,15.848426688271616,1.8498707226304418,worsened
length,A_tiny_jitter,B_learned_nugget,sim_00175,175,37.18171477743479,38.85417564252359,1.6724608650888015,worsened
length,A_tiny_jitter,B_learned_nugget,sim_00176,176,32.99664129410914,11.915558559708757,-21.081082734400383,improved
length,A_tiny_jitter,B_learned_nugget,sim_00177,177,11.857984453319771,2.8788503144506308,-8.97913413886914,improved
length,A_tiny_jitter,B_learned_nugget,sim_00178,178,0.2501973302843794,1.6812680533217872,1.4310707230374078,worsened
length,A_tiny_jitter,B_learned_nugget,sim_00179,179,3.106900091162913,0.4228396884064409,-2.6840604027564723,improved
length,A_tiny_jitter,B_learned_nugget,sim_00180,180,7.095455853663111,0.4489621921651405,-6.646493661497971,improved
length,A_tiny_jitter,B_learned_nugget,sim_00181,181,13.097827551767637,8.702562557185672,-4.395264994581964,improved
length,A_tiny_jitter,B_learned_nugget,sim_00182,182,11.590457897356773,3.5743438488101447,-8.016114048546628,improved
length,A_tiny_jitter,B_learned_nugget,sim_00183,183,14.477798076071792,1.015548491856407,-13.462249584215385,improved
length,A_tiny_jitter,B_learned_nugget,sim_00184,184,24.689761008217232,15.57903641108095,-9.110724597136283,improved
length,A_tiny_jitter,B_learned_nugget,sim_00185,185,1.930561043312764,0.7658348553148926,-1.1647261879978714,improved
length,A_tiny_jitter,B_learned_nugget,sim_00186,186,1.51084514301931,1.4460790947979376,-0.06476604822137233,improved
length,A_tiny_jitter,B_learned_nugget,sim_00187,187,1.218831689418721,14.388835614653315,13.170003925234594,worsened
length,A_tiny_jitter,B_learned_nugget,sim_00188,188,25.08756276493364,0.2886349063729767,-24.798927858560663,improved
length,A_tiny_jitter,B_learned_nugget,sim_00189,189,71.71595877921945,28.62311232699659,-43.09284645222286,improved
length,A_tiny_jitter,B_learned_nugget,sim_00190,190,4.794765507043678,4.726050407432069,-0.06871509961160882,improved
length,A_tiny_jitter,B_learned_nugget,sim_00191,191,5.276717157211635,9.922437811941393,4.645720654729757,worsened
length,A_tiny_jitter,B_learned_nugget,sim_00192,192,19.657893790392563,12.452172565358184,-7.205721225034379,improved
length,A_tiny_jitter,B_learned_nugget,sim_00193,193,2.8309082551766096,1.9377866449383987,-0.8931216102382109,improved
length,A_tiny_jitter,B_learned_nugget,sim_00194,194,6.5651960815391135,0.7460456440299481,-5.819150437509165,improved
length,A_tiny_jitter,B_learned_nugget,sim_00195,195,2.691645998789511,5.482001650929874,2.790355652140363,worsened
length,A_tiny_jitter,B_learned_nugget,sim_00196,196,21.063207251190704,21.512575896024487,0.4493686448337826,worsened
length,A_tiny_jitter,B_learned_nugget,sim_00197,197,12.865662056710905,9.716631690510953,-3.149030366199952,improved
length,A_tiny_jitter,B_learned_nugget,sim_00198,198,16.519132653760437,12.587301964614651,-3.9318306891457855,improved
length,A_tiny_jitter,B_learned_nugget,sim_00199,199,40.82701467242464,8.021326371072234,-32.805688301352404,improved
length,A_tiny_jitter,B_learned_nugget,sim_00200,200,11.56185849674364,6.749895450379313,-4.811963046364328,improved
length,A_tiny_jitter,B_learned_nugget,sim_00201,201,8.405910709434067,0.0577291567688007,-8.348181552665267,improved
length,A_tiny_jitter,B_learned_nugget,sim_00202,202,1.793757044263543,0.6370486620365341,-1.156708382227009,improved
length,A_tiny_jitter,B_learned_nugget,sim_00203,203,5.6626025309792,12.091606454394707,6.429003923415507,worsened
length,A_tiny_jitter,B_learned_nugget,sim_00204,204,9.173966499121434,1.5506223149469631,-7.623344184174471,improved
length,A_tiny_jitter,B_learned_nugget,sim_00205,205,0.9874186060300758,2.313017487072443,1.3255988810423673,worsened
length,A_tiny_jitter,B_learned_nugget,sim_00206,206,2.259400886680851,3.0710233642909657,0.8116224776101149,worsened
length,A_tiny_jitter,B_learned_nugget,sim_00207,207,1.3723191058838324,1.5387780411287508,0.1664589352449184,worsened
length,A_tiny_jitter,B_learned_nugget,sim_00208,208,42.17908016221247,22.61779772665892,-19.56128243555355,improved
length,A_tiny_jitter,B_learned_nugget,sim_00209,209,7.174509432217121,3.296761238541535,-3.877748193675586,improved
length,A_tiny_jitter,B_learned_nugget,sim_00210,210,7.605061241401529,12.458734812772889,4.85367357137136,worsened
length,A_tiny_jitter,B_learned_nugget,sim_00211,211,5.498395436499891,2.5129012524253085,-2.9854941840745823,improved
length,A_tiny_jitter,B_learned_nugget,sim_00212,212,0.1199307319331524,9.759646837581611,9.639716105648459,worsened
length,A_tiny_jitter,B_learned_nugget,sim_00213,213,16.178258869502656,7.223407119414389,-8.954851750088267,improved
length,A_tiny_jitter,B_learned_nugget,sim_00214,214,7.883436056077187,2.269975159481021,-5.613460896596166,improved
length,A_tiny_jitter,B_learned_nugget,sim_00215,215,28.02439198015952,16.118644367566617,-11.905747612592904,improved
length,A_tiny_jitter,B_learned_nugget,sim_00216,216,1.176345459208676,6.276581417724231,5.1002359585155554,worsened
length,A_tiny_jitter,B_learned_nugget,sim_00217,217,49.93996418172219,27.20448176410099,-22.7354824176212,improved
length,A_tiny_jitter,B_learned_nugget,sim_00218,218,10.39800354158058,4.149047632323743,-6.248955909256837,improved
length,A_tiny_jitter,B_learned_nugget,sim_00219,219,0.926196976438689,2.6004578434166774,1.6742608669779884,worsened
length,A_tiny_jitter,B_learned_nugget,sim_00220,220,6.375070737010105,2.508823219962892,-3.8662475170472135,improved
length,A_tiny_jitter,B_learned_nugget,sim_00221,221,2.0236526285151517,2.862378468832389,0.8387258403172373,worsened
length,A_tiny_jitter,B_learned_nugget,sim_00222,222,3.178623611578928,2.2601758765748627,-0.9184477350040652,improved
length,A_tiny_jitter,B_learned_nugget,sim_00223,223,5.828742456023235,1.6389571449894331,-4.189785311033802,improved
length,A_tiny_jitter,B_learned_nugget,sim_00224,224,5.921826396965855,4.0447332962826295,-1.8770931006832257,improved
length,A_tiny_jitter,B_learned_nugget,sim_00225,225,0.6578768200937475,9.9971111825094,9.339234362415652,worsened
length,A_tiny_jitter,B_learned_nugget,sim_00226,226,1.7711440430086327,12.427862293090811,10.656718250082179,worsened
length,A_tiny_jitter,B_learned_nugget,sim_00227,227,6.3000606951854365,2.769950474038694,-3.5301102211467423,improved
length,A_tiny_jitter,B_learned_nugget,sim_00228,228,9.691166488966587,3.0908933934932747,-6.600273095473312,improved
length,A_tiny_jitter,B_learned_nugget,sim_00229,229,6.132594894177487,1.557152186505505,-4.575442707671982,improved
length,A_tiny_jitter,B_learned_nugget,sim_00230,230,9.053183889079548,14.127670561967932,5.0744866728883835,worsened
length,A_tiny_jitter,B_learned_nugget,sim_00231,231,74.49229720442173,49.8882991816098,-24.60399802281193,improved
length,A_tiny_jitter,B_learned_nugget,sim_00232,232,15.165911561092116,29.403506627457038,14.237595066364921,worsened
length,A_tiny_jitter,B_learned_nugget,sim_00233,233,3.3905975587402963,8.278188939387405,4.887591380647109,worsened
length,A_tiny_jitter,B_learned_nugget,sim_00234,234,13.97501478035366,2.4979141569823184,-11.477100623371342,improved
length,A_tiny_jitter,B_learned_nugget,sim_00235,235,10.100198436322245,7.1410135169448665,-2.9591849193773783,improved
length,A_tiny_jitter,B_learned_nugget,sim_00236,236,22.626872421600268,9.067829703365843,-13.559042718234425,improved
length,A_tiny_jitter,B_learned_nugget,sim_00237,237,4.582471742788016,3.9219135970560046,-0.6605581457320113,improved
length,A_tiny_jitter,B_learned_nugget,sim_00238,238,1.4361013267060514,3.964789503586133,2.5286881768800815,worsened
length,A_tiny_jitter,B_learned_nugget,sim_00239,239,36.74440116586163,3.01487441239081,-33.72952675347082,improved
length,A_tiny_jitter,B_learned_nugget,sim_00240,240,6.297185364610584,5.967730981865543,-0.32945438274504113,improved
length,A_tiny_jitter,B_learned_nugget,sim_00241,241,10.534244480738494,4.684351313892762,-5.849893166845732,improved
length,A_tiny_jitter,B_learned_nugget,sim_00242,242,1.601778494553912,3.0424185218855087,1.4406400273315967,worsened
length,A_tiny_jitter,C_heteroskedastic,sim_00001,1,1.0216079239406213,1.0194830683943223,-0.0021248555462989316,improved
length,A_tiny_jitter,C_heteroskedastic,sim_00002,2,12.92548811092422,12.822112260215135,-0.10337585070908517,improved
length,A_tiny_jitter,C_heteroskedastic,sim_00003,3,6.843338931550193,6.85150695061327,0.008168019063077736,worsened
length,A_tiny_jitter,C_heteroskedastic,sim_00004,4,4.454014356038215,4.387626238545181,-0.06638811749303386,improved
length,A_tiny_jitter,C_heteroskedastic,sim_00005,5,4.500775274404845,4.469371274013696,-0.031404000391148656,improved
length,A_tiny_jitter,C_heteroskedastic,sim_00006,6,18.089152567721385,18.05707791238143,-0.03207465533995446,improved
length,A_tiny_jitter,C_heteroskedastic,sim_00007,7,10.562926972121318,10.567841133860838,0.00491416173952075,worsened
length,A_tiny_jitter,C_heteroskedastic,sim_00008,8,8.125976001298625,8.122485995849331,-0.003490005449293676,improved
length,A_tiny_jitter,C_heteroskedastic,sim_00009,9,10.140066033628386,10.150945643239083,0.010879609610697116,worsened
length,A_tiny_jitter,C_heteroskedastic,sim_00010,10,0.2016258894621501,0.1821411539148698,-0.019484735547280307,improved
length,A_tiny_jitter,C_heteroskedastic,sim_00011,11,8.964717221227033,8.950884235699675,-0.013832985527358233,improved
length,A_tiny_jitter,C_heteroskedastic,sim_00012,12,10.103924756450285,10.01355779621781,-0.09036696023247437,improved
length,A_tiny_jitter,C_heteroskedastic,sim_00013,13,10.951579812007424,10.987117646093338,0.03553783408591471,worsened
length,A_tiny_jitter,C_heteroskedastic,sim_00014,14,31.563327264657147,31.38367465356632,-0.17965261109082675,improved
length,A_tiny_jitter,C_heteroskedastic,sim_00015,15,11.19715223566385,11.185313241640358,-0.011838994023491978,improved
length,A_tiny_jitter,C_heteroskedastic,sim_00016,16,0.3037877518764844,0.2706065851691051,-0.033181166707379306,improved
length,A_tiny_jitter,C_heteroskedastic,sim_00017,17,14.957390519094076,14.872410053482554,-0.0849804656115225,improved
length,A_tiny_jitter,C_heteroskedastic,sim_00018,18,2.813883592160437,2.7861887961970524,-0.027694795963384422,improved
length,A_tiny_jitter,C_heteroskedastic,sim_00019,19,0.1106686678809865,0.103925665867564,-0.006743002013422511,improved
length,A_tiny_jitter,C_heteroskedastic,sim_00020,20,7.02450304373258,6.973280775516514,-0.05122226821606635,improved
length,A_tiny_jitter,C_heteroskedastic,sim_00021,21,5.134289920903797,5.106486447844333,-0.027803473059464068,improved
length,A_tiny_jitter,C_heteroskedastic,sim_00022,22,27.88047772758398,27.796407574423423,-0.08407015316055677,improved
length,A_tiny_jitter,C_heteroskedastic,sim_00023,23,1.8729344266141648,1.9126647539109167,0.039730327296751966,worsened
length,A_tiny_jitter,C_heteroskedastic,sim_00024,24,41.2596522537483,40.96343817085557,-0.29621408289273177,improved
length,A_tiny_jitter,C_heteroskedastic,sim_00025,25,0.2153329135198305,0.2095310361646056,-0.005801877355224888,improved
length,A_tiny_jitter,C_heteroskedastic,sim_00026,26,20.23992070527845,20.112857014967854,-0.12706369031059594,improved
length,A_tiny_jitter,C_heteroskedastic,sim_00027,27,65.57277402125598,65.12500010345866,-0.44777391779732056,improved
length,A_tiny_jitter,C_heteroskedastic,sim_00028,28,3.128573137493106,3.125621589708089,-0.0029515477850172722,improved
length,A_tiny_jitter,C_heteroskedastic,sim_00029,29,3.889184373607861,3.8845977070211006,-0.004586666586760213,improved
length,A_tiny_jitter,C_heteroskedastic,sim_00030,30,3.123221815113425,3.1203336102479966,-0.002888204865428179,improved
length,A_tiny_jitter,C_heteroskedastic,sim_00031,31,14.251372118382848,14.178866432788029,-0.07250568559481962,improved
length,A_tiny_jitter,C_heteroskedastic,sim_00032,32,2.118561313783289,2.1048343856066936,-0.013726928176595266,improved
length,A_tiny_jitter,C_heteroskedastic,sim_00033,33,65.97685220538665,66.00657402328704,0.029721817900394853,worsened
length,A_tiny_jitter,C_heteroskedastic,sim_00034,34,116.23514376761204,116.23562205676626,0.000478289154216327,worsened
length,A_tiny_jitter,C_heteroskedastic,sim_00035,35,2.673692573473488,2.6704279026700988,-0.0032646708033894356,improved
length,A_tiny_jitter,C_heteroskedastic,sim_00036,36,1.5620754784428073,1.5708124630861562,0.008736984643348933,worsened
length,A_tiny_jitter,C_heteroskedastic,sim_00037,37,1.0006901492529323,0.985808780858747,-0.014881368394185301,improved
length,A_tiny_jitter,C_heteroskedastic,sim_00038,38,1.4331914822635667,1.438713186261623,0.005521703998056182,worsened
length,A_tiny_jitter,C_heteroskedastic,sim_00039,39,40.9029648594053,40.918679374845965,0.01571451544066349,worsened
length,A_tiny_jitter,C_heteroskedastic,sim_00040,40,118.32969916486256,117.64814758446045,-0.6815515804021146,improved
length,A_tiny_jitter,C_heteroskedastic,sim_00041,41,100.00236749259663,100.0408193915847,0.038451898988071775,worsened
length,A_tiny_jitter,C_heteroskedastic,sim_00042,42,4.411602792249312,4.4133914554735725,0.0017886632242607448,worsened
length,A_tiny_jitter,C_heteroskedastic,sim_00043,43,37.53148783375204,37.41339811203105,-0.11808972172099175,improved
length,A_tiny_jitter,C_heteroskedastic,sim_00044,44,1.7301955044846975,1.7506337215306758,0.020438217045978258,worsened
length,A_tiny_jitter,C_heteroskedastic,sim_00045,45,7.225593285368859,7.229660788230262,0.004067502861403227,worsened
length,A_tiny_jitter,C_heteroskedastic,sim_00046,46,7.008037560340711,6.9800514300942496,-0.027986130246461016,improved
length,A_tiny_jitter,C_heteroskedastic,sim_00047,47,0.9390492516299104,0.9346623964177638,-0.004386855212146545,improved
length,A_tiny_jitter,C_heteroskedastic,sim_00048,48,26.17098197820033,26.013302875774087,-0.1576791024262434,improved
length,A_tiny_jitter,C_heteroskedastic,sim_00049,49,109.140521062678,108.47558937774797,-0.6649316849300391,improved
length,A_tiny_jitter,C_heteroskedastic,sim_00050,50,5.428710585083252,5.418517529061035,-0.010193056022217206,improved
length,A_tiny_jitter,C_heteroskedastic,sim_00051,51,12.883460401907996,12.842180455011032,-0.04127994689696379,improved
length,A_tiny_jitter,C_heteroskedastic,sim_00052,52,3.74059154371065,3.709965784677024,-0.030625759033625854,improved
length,A_tiny_jitter,C_heteroskedastic,sim_00053,53,13.126200501460914,13.115494269378305,-0.010706232082609901,improved
length,A_tiny_jitter,C_heteroskedastic,sim_00054,54,20.07790154371321,20.07978068441929,0.0018791407060803067,worsened
length,A_tiny_jitter,C_heteroskedastic,sim_00055,55,48.66491945719059,48.65899198858523,-0.0059274686053640835,improved
length,A_tiny_jitter,C_heteroskedastic,sim_00056,56,10.971595505609116,10.910670093052945,-0.060925412556171565,improved
length,A_tiny_jitter,C_heteroskedastic,sim_00057,57,9.896040036222132,9.871930154234178,-0.02410988198795394,improved
length,A_tiny_jitter,C_heteroskedastic,sim_00058,58,5.529883708315992,5.539438706588157,0.009554998272164994,worsened
length,A_tiny_jitter,C_heteroskedastic,sim_00059,59,12.64787014228125,12.584608057827438,-0.06326208445381098,improved
length,A_tiny_jitter,C_heteroskedastic,sim_00060,60,0.0844283311173512,0.0761626576356775,-0.008265673481673688,improved
length,A_tiny_jitter,C_heteroskedastic,sim_00061,61,58.16342892078211,58.157506855299005,-0.005922065483105143,improved
length,A_tiny_jitter,C_heteroskedastic,sim_00062,62,27.1896901604664,27.170806501130755,-0.018883659335646286,improved
length,A_tiny_jitter,C_heteroskedastic,sim_00063,63,28.823871739813853,28.642365315740108,-0.18150642407374562,improved
length,A_tiny_jitter,C_heteroskedastic,sim_00064,64,53.0154020627117,53.03826707862408,0.022865015912380215,worsened
length,A_tiny_jitter,C_heteroskedastic,sim_00065,65,0.7820015845700254,0.7755501143069523,-0.0064514702630731335,improved
length,A_tiny_jitter,C_heteroskedastic,sim_00066,66,2.455229585872246,2.42968813470128,-0.025541451170965956,improved
length,A_tiny_jitter,C_heteroskedastic,sim_00067,67,32.56841990569092,32.54903119248115,-0.01938871320976432,improved
length,A_tiny_jitter,C_heteroskedastic,sim_00068,68,0.876248150431195,0.8555902511664044,-0.020657899264790558,improved
length,A_tiny_jitter,C_heteroskedastic,sim_00069,69,6.16371096538407,6.075956370277112,-0.08775459510695782,improved
length,A_tiny_jitter,C_heteroskedastic,sim_00070,70,6.43120692392273,6.428207935141415,-0.002998988781314438,improved
length,A_tiny_jitter,C_heteroskedastic,sim_00071,71,8.924630377647901,8.851129183808922,-0.0735011938389789,improved
length,A_tiny_jitter,C_heteroskedastic,sim_00072,72,10.213702903005696,10.178445770785572,-0.035257132220124277,improved
length,A_tiny_jitter,C_heteroskedastic,sim_00073,73,22.911424913844428,22.947616057479365,0.03619114363493736,worsened
length,A_tiny_jitter,C_heteroskedastic,sim_00074,74,3.4468423396338608,3.47150438998392,0.024662050350059417,worsened
length,A_tiny_jitter,C_heteroskedastic,sim_00075,75,1.783160943761743,1.8001060012581434,0.016945057496400295,worsened
length,A_tiny_jitter,C_heteroskedastic,sim_00076,76,19.18813432373804,19.19109009114578,0.00295576740774095,worsened
length,A_tiny_jitter,C_heteroskedastic,sim_00077,77,1.516492954914611,1.4750484317164592,-0.04144452319815173,improved
length,A_tiny_jitter,C_heteroskedastic,sim_00078,78,8.717583542526882,8.690882065016524,-0.026701477510357563,improved
length,A_tiny_jitter,C_heteroskedastic,sim_00079,79,1.0578668418291954,1.063602602756248,0.0057357609270525245,worsened
length,A_tiny_jitter,C_heteroskedastic,sim_00080,80,1.6521214152624566,1.6765187790853702,0.024397363822913576,worsened
length,A_tiny_jitter,C_heteroskedastic,sim_00081,81,2.9892763312032,2.964415083560596,-0.02486124764260378,improved
length,A_tiny_jitter,C_heteroskedastic,sim_00082,82,5.146759737919012,5.139994268379098,-0.006765469539914193,improved
length,A_tiny_jitter,C_heteroskedastic,sim_00083,83,3.0165266517379337,2.99927949527347,-0.017247156464463842,improved
length,A_tiny_jitter,C_heteroskedastic,sim_00084,84,3.0010271662914647,2.988697007189103,-0.012330159102361904,improved
length,A_tiny_jitter,C_heteroskedastic,sim_00085,85,7.805955707573105,7.798679211328192,-0.007276496244912778,improved
length,A_tiny_jitter,C_heteroskedastic,sim_00086,86,0.5003639307003027,0.4576296081577879,-0.0427343225425148,improved
length,A_tiny_jitter,C_heteroskedastic,sim_00087,87,15.312328597952444,15.290794453860428,-0.021534144092015595,improved
length,A_tiny_jitter,C_heteroskedastic,sim_00088,88,8.600778505136589,8.615026670933673,0.014248165797084766,worsened
length,A_tiny_jitter,C_heteroskedastic,sim_00089,89,11.03984575461817,11.014407159229904,-0.025438595388266094,improved
length,A_tiny_jitter,C_heteroskedastic,sim_00090,90,25.98798996327139,26.00488918540617,0.01689922213478212,worsened
length,A_tiny_jitter,C_heteroskedastic,sim_00091,91,3.227431124994382,3.2080874829620143,-0.019343642032367825,improved
length,A_tiny_jitter,C_heteroskedastic,sim_00092,92,1.4022876991274984,1.453375922106261,0.05108822297876259,worsened
length,A_tiny_jitter,C_heteroskedastic,sim_00093,93,1.404316373927884,1.4173066371686218,0.01299026324073771,worsened
length,A_tiny_jitter,C_heteroskedastic,sim_00094,94,6.658294587471914,6.647838011074896,-0.01045657639701858,improved
length,A_tiny_jitter,C_heteroskedastic,sim_00095,95,34.503700191636256,34.47047941238702,-0.033220779249234056,improved
length,A_tiny_jitter,C_heteroskedastic,sim_00096,96,17.397250297880703,17.428890742009628,0.03164044412892508,worsened
length,A_tiny_jitter,C_heteroskedastic,sim_00097,97,2.3347286972098686,2.3205848350639258,-0.014143862145942876,improved
length,A_tiny_jitter,C_heteroskedastic,sim_00098,98,0.938661283630836,0.920981526226626,-0.017679757404210017,improved
length,A_tiny_jitter,C_heteroskedastic,sim_00099,99,1.7368124598838222,1.7912538429060303,0.054441383022208134,worsened
length,A_tiny_jitter,C_heteroskedastic,sim_00100,100,9.499175777123696,9.52714082848604,0.02796505136234373,worsened
length,A_tiny_jitter,C_heteroskedastic,sim_00101,101,130.46028874752352,130.28535324831734,-0.17493549920618534,improved
length,A_tiny_jitter,C_heteroskedastic,sim_00102,102,15.542916373186417,15.508932059995573,-0.03398431319084416,improved
length,A_tiny_jitter,C_heteroskedastic,sim_00103,103,9.572530714601498,9.490528478376632,-0.08200223622486646,improved
length,A_tiny_jitter,C_heteroskedastic,sim_00104,104,0.2640945091702065,0.2196611357238111,-0.04443337344639539,improved
length,A_tiny_jitter,C_heteroskedastic,sim_00105,105,40.331651745835984,40.3091349108862,-0.022516834949783515,improved
length,A_tiny_jitter,C_heteroskedastic,sim_00106,106,6.228456605801739,6.181058835244016,-0.04739777055772265,improved
length,A_tiny_jitter,C_heteroskedastic,sim_00107,107,49.14867755835496,49.1498759355909,0.001198377235937187,worsened
length,A_tiny_jitter,C_heteroskedastic,sim_00108,108,2.0056898888200863,2.093184108416437,0.08749421959635084,worsened
length,A_tiny_jitter,C_heteroskedastic,sim_00109,109,1.5813530259112554,1.6100921685660978,0.028739142654842453,worsened
length,A_tiny_jitter,C_heteroskedastic,sim_00110,110,6.032951483016745,6.084841067769901,0.051889584753155304,worsened
length,A_tiny_jitter,C_heteroskedastic,sim_00111,111,26.42982555859965,26.417076225716755,-0.012749332882894038,improved
length,A_tiny_jitter,C_heteroskedastic,sim_00112,112,0.2258791375244868,0.0677028775666599,-0.15817625995782691,improved
length,A_tiny_jitter,C_heteroskedastic,sim_00113,113,5.054033828011711,5.095596032011429,0.04156220399971744,worsened
length,A_tiny_jitter,C_heteroskedastic,sim_00114,114,18.95517372700533,18.79670997658866,-0.15846375041667216,improved
length,A_tiny_jitter,C_heteroskedastic,sim_00115,115,5.249558760646494,5.25175124913676,0.002192488490265987,worsened
length,A_tiny_jitter,C_heteroskedastic,sim_00116,116,36.08019216063576,36.0323191041378,-0.04787305649796281,improved
length,A_tiny_jitter,C_heteroskedastic,sim_00117,117,0.8587785609904586,0.8564204687585857,-0.002358092231872888,improved
length,A_tiny_jitter,C_heteroskedastic,sim_00118,118,72.59760221803162,72.55111224630684,-0.04648997172478175,improved
length,A_tiny_jitter,C_heteroskedastic,sim_00119,119,11.85543906908515,11.869023488071264,0.013584418986113178,worsened
length,A_tiny_jitter,C_heteroskedastic,sim_00120,120,30.05237867267857,30.082683715531687,0.030305042853115083,worsened
length,A_tiny_jitter,C_heteroskedastic,sim_00121,121,18.754467751679613,18.73636920193394,-0.018098549745673154,improved
length,A_tiny_jitter,C_heteroskedastic,sim_00122,122,5.396831877780983,5.363517862043352,-0.0333140157376306,improved
length,A_tiny_jitter,C_heteroskedastic,sim_00123,123,0.9163598870830468,0.9664218472630636,0.05006196018001674,worsened
length,A_tiny_jitter,C_heteroskedastic,sim_00124,124,5.190294201639574,5.21920483567817,0.028910634038595617,worsened
length,A_tiny_jitter,C_heteroskedastic,sim_00125,125,5.381116293757827,5.437295644643086,0.05617935088525883,worsened
length,A_tiny_jitter,C_heteroskedastic,sim_00126,126,37.079654720134215,37.03104186499098,-0.04861285514323299,improved
length,A_tiny_jitter,C_heteroskedastic,sim_00127,127,35.62991743807936,35.650952606381,0.021035168301636986,worsened
length,A_tiny_jitter,C_heteroskedastic,sim_00128,128,8.004032881131195,8.015128665370582,0.011095784239387285,worsened
length,A_tiny_jitter,C_heteroskedastic,sim_00129,129,11.723055679677714,11.82576742432542,0.10271174464770638,worsened
length,A_tiny_jitter,C_heteroskedastic,sim_00130,130,23.865967906502988,23.86724504261861,0.0012771361156218575,worsened
length,A_tiny_jitter,C_heteroskedastic,sim_00131,131,12.922118147941148,12.833956656786713,-0.08816149115443572,improved
length,A_tiny_jitter,C_heteroskedastic,sim_00132,132,1.601983122890033,1.6591779036706953,0.05719478078066231,worsened
length,A_tiny_jitter,C_heteroskedastic,sim_00133,133,17.886998244243955,18.022095204883385,0.1350969606394301,worsened
length,A_tiny_jitter,C_heteroskedastic,sim_00134,134,4.175631200948601,4.215780277466138,0.04014907651753674,worsened
length,A_tiny_jitter,C_heteroskedastic,sim_00135,135,6.262050790750834,6.175761125961287,-0.0862896647895468,improved
length,A_tiny_jitter,C_heteroskedastic,sim_00137,137,48.884906405158176,48.82054601486391,-0.06436039029426865,improved
length,A_tiny_jitter,C_heteroskedastic,sim_00138,138,32.838366836411524,32.7507359650196,-0.08763087139192294,improved
length,A_tiny_jitter,C_heteroskedastic,sim_00139,139,22.73517729975828,22.56855974759844,-0.16661755215984186,improved
length,A_tiny_jitter,C_heteroskedastic,sim_00140,140,6.150459365517918,5.98709002619006,-0.1633693393278577,improved
length,A_tiny_jitter,C_heteroskedastic,sim_00141,141,53.11832342676741,52.96779344860829,-0.1505299781591205,improved
length,A_tiny_jitter,C_heteroskedastic,sim_00142,142,10.76838868001505,10.815746142059766,0.04735746204471525,worsened
length,A_tiny_jitter,C_heteroskedastic,sim_00143,143,21.747310521314887,21.60672299541187,-0.14058752590301538,improved
length,A_tiny_jitter,C_heteroskedastic,sim_00144,144,2.997776139244252,2.9001813720733765,-0.09759476717087567,improved
length,A_tiny_jitter,C_heteroskedastic,sim_00145,145,1.082334840595081,1.0828033958808874,0.0004685552858063602,worsened
length,A_tiny_jitter,C_heteroskedastic,sim_00146,146,0.7039265179281244,0.6918055480182375,-0.01212096990988698,improved
length,A_tiny_jitter,C_heteroskedastic,sim_00147,147,22.022737057443123,21.896301142530262,-0.12643591491286088,improved
length,A_tiny_jitter,C_heteroskedastic,sim_00148,148,3.247985483814375,3.2263069843537835,-0.021678499460591638,improved
length,A_tiny_jitter,C_heteroskedastic,sim_00149,149,0.4820575987479003,0.4878800012614306,0.005822402513530334,worsened
length,A_tiny_jitter,C_heteroskedastic,sim_00150,150,0.9559951019558072,0.9567284566005584,0.0007333546447512163,worsened
length,A_tiny_jitter,C_heteroskedastic,sim_00151,151,15.251546470383031,15.215194125865736,-0.03635234451729552,improved
length,A_tiny_jitter,C_heteroskedastic,sim_00152,152,1.183621724241647,1.191717615443821,0.008095891202174021,worsened
length,A_tiny_jitter,C_heteroskedastic,sim_00153,153,12.61586996776063,12.518806366526576,-0.09706360123405489,improved
length,A_tiny_jitter,C_heteroskedastic,sim_00154,154,37.515782609873725,37.7477003326199,0.23191772274617506,worsened
length,A_tiny_jitter,C_heteroskedastic,sim_00155,155,21.36377080159434,21.23562919232924,-0.1281416092651,improved
length,A_tiny_jitter,C_heteroskedastic,sim_00156,156,0.0269077333690574,0.1056342054537822,0.0787264720847248,worsened
length,A_tiny_jitter,C_heteroskedastic,sim_00157,157,20.28129109884233,20.190578813066253,-0.09071228577607826,improved
length,A_tiny_jitter,C_heteroskedastic,sim_00158,158,35.432431828044315,35.31251581546442,-0.1199160125798926,improved
length,A_tiny_jitter,C_heteroskedastic,sim_00159,159,10.960914616624422,10.822905660170363,-0.1380089564540583,improved
length,A_tiny_jitter,C_heteroskedastic,sim_00160,160,5.271479310024375,5.229627020622303,-0.04185228940207253,improved
length,A_tiny_jitter,C_heteroskedastic,sim_00161,161,12.028236442580692,11.916523493891075,-0.11171294868961645,improved
length,A_tiny_jitter,C_heteroskedastic,sim_00162,162,12.12717489186619,12.053744225677775,-0.07343066618841476,improved
length,A_tiny_jitter,C_heteroskedastic,sim_00163,163,3.433236087057338,3.419306710783104,-0.013929376274234073,improved
length,A_tiny_jitter,C_heteroskedastic,sim_00164,164,31.750880337171598,31.542417014660515,-0.2084633225110828,improved
length,A_tiny_jitter,C_heteroskedastic,sim_00165,165,0.7003499615668431,0.6880103759225449,-0.012339585644298268,improved
length,A_tiny_jitter,C_heteroskedastic,sim_00166,166,1.4481653821362386,1.5074065881330796,0.05924120599684102,worsened
length,A_tiny_jitter,C_heteroskedastic,sim_00167,167,2.863924131359994,2.863495599073275,-0.0004285322867190189,improved
length,A_tiny_jitter,C_heteroskedastic,sim_00168,168,6.033621047675467,6.005638063934327,-0.027982983741139833,improved
length,A_tiny_jitter,C_heteroskedastic,sim_00169,169,9.294037534035738,9.273163740053576,-0.020873793982161715,improved
length,A_tiny_jitter,C_heteroskedastic,sim_00170,170,0.2980919615363291,0.2969235997669273,-0.0011683617694018267,improved
length,A_tiny_jitter,C_heteroskedastic,sim_00171,171,4.220966842611404,4.176184519755282,-0.044782322856122825,improved
length,A_tiny_jitter,C_heteroskedastic,sim_00172,172,7.822732131332089,7.780155693473716,-0.042576437858372174,improved
length,A_tiny_jitter,C_heteroskedastic,sim_00173,173,1.4895522246611677,1.4843343155805542,-0.005217909080613481,improved
length,A_tiny_jitter,C_heteroskedastic,sim_00174,174,13.998555965641174,13.996931085456763,-0.0016248801844103156,improved
length,A_tiny_jitter,C_heteroskedastic,sim_00175,175,37.18171477743479,37.17049095579554,-0.0112238216392484,improved
length,A_tiny_jitter,C_heteroskedastic,sim_00176,176,32.99664129410914,33.010989070547,0.014347776437858784,worsened
length,A_tiny_jitter,C_heteroskedastic,sim_00177,177,11.857984453319771,11.883728932254684,0.025744478934912607,worsened
length,A_tiny_jitter,C_heteroskedastic,sim_00178,178,0.2501973302843794,0.2496398355950191,-0.0005574946893603105,improved
length,A_tiny_jitter,C_heteroskedastic,sim_00179,179,3.106900091162913,3.083352961663365,-0.02354712949954818,improved
length,A_tiny_jitter,C_heteroskedastic,sim_00180,180,7.095455853663111,7.059925410876758,-0.03553044278635298,improved
length,A_tiny_jitter,C_heteroskedastic,sim_00181,181,13.097827551767637,13.074680105692437,-0.023147446075199696,improved
length,A_tiny_jitter,C_heteroskedastic,sim_00182,182,11.590457897356773,11.612674630631377,0.02221673327460394,worsened
length,A_tiny_jitter,C_heteroskedastic,sim_00183,183,14.477798076071792,14.447931356017191,-0.029866720054601004,improved
length,A_tiny_jitter,C_heteroskedastic,sim_00184,184,24.689761008217232,24.59034248156766,-0.09941852664957196,improved
length,A_tiny_jitter,C_heteroskedastic,sim_00185,185,1.930561043312764,1.920432194299508,-0.010128849013256058,improved
length,A_tiny_jitter,C_heteroskedastic,sim_00186,186,1.51084514301931,1.5264030438050895,0.015557900785779566,worsened
length,A_tiny_jitter,C_heteroskedastic,sim_00187,187,1.218831689418721,1.2172615997957337,-0.0015700896229873251,improved
length,A_tiny_jitter,C_heteroskedastic,sim_00188,188,25.08756276493364,25.169279273497864,0.08171650856422374,worsened
length,A_tiny_jitter,C_heteroskedastic,sim_00189,189,71.71595877921945,71.78860575912012,0.07264697990066793,worsened
length,A_tiny_jitter,C_heteroskedastic,sim_00190,190,4.794765507043678,4.769150337574217,-0.025615169469460852,improved
length,A_tiny_jitter,C_heteroskedastic,sim_00191,191,5.276717157211635,5.253222608972976,-0.023494548238659263,improved
length,A_tiny_jitter,C_heteroskedastic,sim_00192,192,19.657893790392563,19.68406026515709,0.02616647476452627,worsened
length,A_tiny_jitter,C_heteroskedastic,sim_00193,193,2.8309082551766096,2.8658631840187354,0.03495492884212581,worsened
length,A_tiny_jitter,C_heteroskedastic,sim_00194,194,6.5651960815391135,6.555300304586694,-0.009895776952419055,improved
length,A_tiny_jitter,C_heteroskedastic,sim_00195,195,2.691645998789511,2.6823783660314007,-0.009267632758110267,improved
length,A_tiny_jitter,C_heteroskedastic,sim_00196,196,21.063207251190704,21.03418916149809,-0.029018089692613103,improved
length,A_tiny_jitter,C_heteroskedastic,sim_00197,197,12.865662056710905,12.969933906789777,0.10427185007887196,worsened
length,A_tiny_jitter,C_heteroskedastic,sim_00198,198,16.519132653760437,16.505314769756637,-0.013817884003799463,improved
length,A_tiny_jitter,C_heteroskedastic,sim_00199,199,40.82701467242464,40.84002054449053,0.013005872065889434,worsened
length,A_tiny_jitter,C_heteroskedastic,sim_00200,200,11.56185849674364,11.573956188373243,0.01209769162960228,worsened
length,A_tiny_jitter,C_heteroskedastic,sim_00201,201,8.405910709434067,8.340968448000012,-0.06494226143405513,improved
length,A_tiny_jitter,C_heteroskedastic,sim_00202,202,1.793757044263543,1.7940922096017855,0.0003351653382424047,worsened
length,A_tiny_jitter,C_heteroskedastic,sim_00203,203,5.6626025309792,5.555513449785337,-0.10708908119386251,improved
length,A_tiny_jitter,C_heteroskedastic,sim_00204,204,9.173966499121434,9.206703379888609,0.032736880767174625,worsened
length,A_tiny_jitter,C_heteroskedastic,sim_00205,205,0.9874186060300758,0.9736344889982432,-0.013784117031832577,improved
length,A_tiny_jitter,C_heteroskedastic,sim_00206,206,2.259400886680851,2.1617764621796027,-0.09762442450124809,improved
length,A_tiny_jitter,C_heteroskedastic,sim_00207,207,1.3723191058838324,1.43635878108131,0.06403967519747766,worsened
length,A_tiny_jitter,C_heteroskedastic,sim_00208,208,42.17908016221247,42.07851104392847,-0.10056911828399961,improved
length,A_tiny_jitter,C_heteroskedastic,sim_00209,209,7.174509432217121,7.178681613928745,0.0041721817116240345,worsened
length,A_tiny_jitter,C_heteroskedastic,sim_00210,210,7.605061241401529,7.589734762724163,-0.01532647867736614,improved
length,A_tiny_jitter,C_heteroskedastic,sim_00211,211,5.498395436499891,5.468879265068608,-0.0295161714312826,improved
length,A_tiny_jitter,C_heteroskedastic,sim_00212,212,0.1199307319331524,0.0475289617255043,-0.0724017702076481,improved
length,A_tiny_jitter,C_heteroskedastic,sim_00213,213,16.178258869502656,16.149201647996563,-0.029057221506093356,improved
length,A_tiny_jitter,C_heteroskedastic,sim_00214,214,7.883436056077187,7.857012986171583,-0.02642306990560428,improved
length,A_tiny_jitter,C_heteroskedastic,sim_00215,215,28.02439198015952,27.938526125316912,-0.08586585484260922,improved
length,A_tiny_jitter,C_heteroskedastic,sim_00216,216,1.176345459208676,1.215966063725716,0.03962060451703997,worsened
length,A_tiny_jitter,C_heteroskedastic,sim_00217,217,49.93996418172219,49.78022794320316,-0.15973623851903085,improved
length,A_tiny_jitter,C_heteroskedastic,sim_00218,218,10.39800354158058,10.38785964926558,-0.010143892314999903,improved
length,A_tiny_jitter,C_heteroskedastic,sim_00219,219,0.926196976438689,0.9368710333239392,0.010674056885250138,worsened
length,A_tiny_jitter,C_heteroskedastic,sim_00220,220,6.375070737010105,6.347293195726593,-0.02777754128351262,improved
length,A_tiny_jitter,C_heteroskedastic,sim_00221,221,2.0236526285151517,2.069363714833912,0.04571108631876042,worsened
length,A_tiny_jitter,C_heteroskedastic,sim_00222,222,3.178623611578928,3.228686002662471,0.050062391083542934,worsened
length,A_tiny_jitter,C_heteroskedastic,sim_00223,223,5.828742456023235,5.996759438959657,0.16801698293642175,worsened
length,A_tiny_jitter,C_heteroskedastic,sim_00224,224,5.921826396965855,5.936920478180582,0.015094081214726884,worsened
length,A_tiny_jitter,C_heteroskedastic,sim_00225,225,0.6578768200937475,0.6157150952452071,-0.042161724848540416,improved
length,A_tiny_jitter,C_heteroskedastic,sim_00226,226,1.7711440430086327,1.783136991483218,0.011992948474585319,worsened
length,A_tiny_jitter,C_heteroskedastic,sim_00227,227,6.3000606951854365,6.298720106913549,-0.0013405882718870998,improved
length,A_tiny_jitter,C_heteroskedastic,sim_00228,228,9.691166488966587,9.713905199946057,0.022738710979469445,worsened
length,A_tiny_jitter,C_heteroskedastic,sim_00229,229,6.132594894177487,6.170434333015066,0.037839438837579564,worsened
length,A_tiny_jitter,C_heteroskedastic,sim_00230,230,9.053183889079548,9.21859610662426,0.16541221754471103,worsened
length,A_tiny_jitter,C_heteroskedastic,sim_00231,231,74.49229720442173,74.38126824287247,-0.11102896154926611,improved
length,A_tiny_jitter,C_heteroskedastic,sim_00232,232,15.165911561092116,15.369229559353698,0.20331799826158203,worsened
length,A_tiny_jitter,C_heteroskedastic,sim_00233,233,3.3905975587402963,3.1712246135174382,-0.2193729452228581,improved
length,A_tiny_jitter,C_heteroskedastic,sim_00234,234,13.97501478035366,13.884519195885076,-0.09049558446858441,improved
length,A_tiny_jitter,C_heteroskedastic,sim_00235,235,10.100198436322245,9.956194857117652,-0.14400357920459328,improved
length,A_tiny_jitter,C_heteroskedastic,sim_00236,236,22.626872421600268,22.38079322000877,-0.24607920159149899,improved
length,A_tiny_jitter,C_heteroskedastic,sim_00237,237,4.582471742788016,4.595891785089066,0.013420042301049762,worsened
length,A_tiny_jitter,C_heteroskedastic,sim_00238,238,1.4361013267060514,1.5613085855334816,0.12520725882743022,worsened
length,A_tiny_jitter,C_heteroskedastic,sim_00239,239,36.74440116586163,36.6620214139632,-0.08237975189842928,improved
length,A_tiny_jitter,C_heteroskedastic,sim_00240,240,6.297185364610584,6.269835661798084,-0.02734970281249982,improved
length,A_tiny_jitter,C_heteroskedastic,sim_00241,241,10.534244480738494,10.593563435426972,0.0593189546884787,worsened
length,A_tiny_jitter,C_heteroskedastic,sim_00242,242,1.601778494553912,1.6338761002648994,0.03209760571098741,worsened
length,B_learned_nugget,C_heteroskedastic,sim_00001,1,2.625083881162709,1.0194830683943223,-1.6056008127683867,improved
length,B_learned_nugget,C_heteroskedastic,sim_00002,2,9.908520234080186,12.822112260215135,2.9135920261349497,worsened
length,B_learned_nugget,C_heteroskedastic,sim_00003,3,14.11673200916681,6.85150695061327,-7.26522505855354,improved
length,B_learned_nugget,C_heteroskedastic,sim_00004,4,13.632638229270071,4.387626238545181,-9.24501199072489,improved
length,B_learned_nugget,C_heteroskedastic,sim_00005,5,1.4561477329558272,4.469371274013696,3.0132235410578687,worsened
length,B_learned_nugget,C_heteroskedastic,sim_00006,6,3.156033706986761,18.05707791238143,14.901044205394669,worsened
length,B_learned_nugget,C_heteroskedastic,sim_00007,7,0.8440713569097511,10.567841133860838,9.723769776951087,worsened
length,B_learned_nugget,C_heteroskedastic,sim_00008,8,9.45062917568589,8.122485995849331,-1.3281431798365588,improved
length,B_learned_nugget,C_heteroskedastic,sim_00009,9,19.3387409048608,10.150945643239083,-9.187795261621716,improved
length,B_learned_nugget,C_heteroskedastic,sim_00010,10,7.816878020495835,0.1821411539148698,-7.634736866580965,improved
length,B_learned_nugget,C_heteroskedastic,sim_00011,11,3.880096850315113,8.950884235699675,5.070787385384563,worsened
length,B_learned_nugget,C_heteroskedastic,sim_00012,12,9.640458130682646,10.01355779621781,0.3730996655351646,worsened
length,B_learned_nugget,C_heteroskedastic,sim_00013,13,4.376796494788891,10.987117646093338,6.610321151304447,worsened
length,B_learned_nugget,C_heteroskedastic,sim_00014,14,8.948701099528023,31.38367465356632,22.434973554038297,worsened
length,B_learned_nugget,C_heteroskedastic,sim_00015,15,14.332964284286165,11.185313241640358,-3.1476510426458066,improved
length,B_learned_nugget,C_heteroskedastic,sim_00016,16,5.673140501460864,0.2706065851691051,-5.402533916291759,improved
length,B_learned_nugget,C_heteroskedastic,sim_00017,17,15.727778419399783,14.872410053482554,-0.8553683659172293,improved
length,B_learned_nugget,C_heteroskedastic,sim_00018,18,1.847749439868608,2.7861887961970524,0.9384393563284443,worsened
length,B_learned_nugget,C_heteroskedastic,sim_00019,19,2.7670607227695427,0.103925665867564,-2.6631350569019787,improved
length,B_learned_nugget,C_heteroskedastic,sim_00020,20,1.566506060527388,6.973280775516514,5.406774714989126,worsened
length,B_learned_nugget,C_heteroskedastic,sim_00021,21,4.209284828213214,5.106486447844333,0.8972016196311188,worsened
length,B_learned_nugget,C_heteroskedastic,sim_00022,22,16.897334783850795,27.796407574423423,10.899072790572628,worsened
length,B_learned_nugget,C_heteroskedastic,sim_00023,23,2.366755987911347,1.9126647539109167,-0.45409123400043017,improved
length,B_learned_nugget,C_heteroskedastic,sim_00024,24,12.051263842083358,40.96343817085557,28.91217432877221,worsened
length,B_learned_nugget,C_heteroskedastic,sim_00025,25,3.634105782656832,0.2095310361646056,-3.4245747464922265,improved
length,B_learned_nugget,C_heteroskedastic,sim_00026,26,2.552733764162724,20.112857014967854,17.56012325080513,worsened
length,B_learned_nugget,C_heteroskedastic,sim_00027,27,24.082348042298293,65.12500010345866,41.04265206116037,worsened
length,B_learned_nugget,C_heteroskedastic,sim_00028,28,3.164509280727032,3.125621589708089,-0.03888769101894329,improved
length,B_learned_nugget,C_heteroskedastic,sim_00029,29,2.030112247556872,3.8845977070211006,1.8544854594642288,worsened
length,B_learned_nugget,C_heteroskedastic,sim_00030,30,3.094609487750404,3.1203336102479966,0.025724122497592816,worsened
length,B_learned_nugget,C_heteroskedastic,sim_00031,31,4.9080576946139445,14.178866432788029,9.270808738174084,worsened
length,B_learned_nugget,C_heteroskedastic,sim_00032,32,0.2235522346360881,2.1048343856066936,1.8812821509706055,worsened
length,B_learned_nugget,C_heteroskedastic,sim_00033,33,31.508178233461702,66.00657402328704,34.49839578982534,worsened
length,B_learned_nugget,C_heteroskedastic,sim_00034,34,114.78557560627412,116.23562205676626,1.4500464504921382,worsened
length,B_learned_nugget,C_heteroskedastic,sim_00035,35,8.921283969731235,2.6704279026700988,-6.250856067061136,improved
length,B_learned_nugget,C_heteroskedastic,sim_00036,36,5.2309739466884935,1.5708124630861562,-3.6601614836023373,improved
length,B_learned_nugget,C_heteroskedastic,sim_00037,37,3.460688598188142,0.985808780858747,-2.474879817329395,improved
length,B_learned_nugget,C_heteroskedastic,sim_00038,38,0.7824616732009417,1.438713186261623,0.6562515130606812,worsened
length,B_learned_nugget,C_heteroskedastic,sim_00039,39,28.855234108453374,40.918679374845965,12.063445266392591,worsened
length,B_learned_nugget,C_heteroskedastic,sim_00040,40,39.91209103448568,117.64814758446045,77.73605654997476,worsened
length,B_learned_nugget,C_heteroskedastic,sim_00041,41,102.86486496919753,100.0408193915847,-2.8240455776128215,improved
length,B_learned_nugget,C_heteroskedastic,sim_00042,42,0.7090074047026178,4.4133914554735725,3.7043840507709547,worsened
length,B_learned_nugget,C_heteroskedastic,sim_00043,43,25.015825152749898,37.41339811203105,12.397572959281149,worsened
length,B_learned_nugget,C_heteroskedastic,sim_00044,44,3.373007860952896,1.7506337215306758,-1.6223741394222202,improved
length,B_learned_nugget,C_heteroskedastic,sim_00045,45,1.1765988013594892,7.229660788230262,6.053061986870773,worsened
length,B_learned_nugget,C_heteroskedastic,sim_00046,46,6.904014663824228,6.9800514300942496,0.07603676627002187,worsened
length,B_learned_nugget,C_heteroskedastic,sim_00047,47,4.184506040362351,0.9346623964177638,-3.249843643944587,improved
length,B_learned_nugget,C_heteroskedastic,sim_00048,48,17.108758208880147,26.013302875774087,8.90454466689394,worsened
length,B_learned_nugget,C_heteroskedastic,sim_00049,49,33.32466210590718,108.47558937774797,75.15092727184079,worsened
length,B_learned_nugget,C_heteroskedastic,sim_00050,50,5.348061602545158,5.418517529061035,0.0704559265158764,worsened
length,B_learned_nugget,C_heteroskedastic,sim_00051,51,8.83735812987672,12.842180455011032,4.004822325134313,worsened
length,B_learned_nugget,C_heteroskedastic,sim_00052,52,1.0780110030436845,3.709965784677024,2.6319547816333397,worsened
length,B_learned_nugget,C_heteroskedastic,sim_00053,53,6.468430734397373,13.115494269378305,6.647063534980932,worsened
length,B_learned_nugget,C_heteroskedastic,sim_00054,54,27.37988137148153,20.07978068441929,-7.3001006870622405,improved
length,B_learned_nugget,C_heteroskedastic,sim_00055,55,17.671802578681024,48.65899198858523,30.987189409904204,worsened
length,B_learned_nugget,C_heteroskedastic,sim_00056,56,6.21733683059233,10.910670093052945,4.693333262460614,worsened
length,B_learned_nugget,C_heteroskedastic,sim_00057,57,2.1908314011749326,9.871930154234178,7.681098753059246,worsened
length,B_learned_nugget,C_heteroskedastic,sim_00058,58,10.566268115674006,5.539438706588157,-5.026829409085849,improved
length,B_learned_nugget,C_heteroskedastic,sim_00059,59,8.801808566589614,12.584608057827438,3.7827994912378244,worsened
length,B_learned_nugget,C_heteroskedastic,sim_00060,60,0.638929795240017,0.0761626576356775,-0.5627671376043395,improved
length,B_learned_nugget,C_heteroskedastic,sim_00061,61,55.6294728808756,58.157506855299005,2.5280339744234013,worsened
length,B_learned_nugget,C_heteroskedastic,sim_00062,62,26.853231710004422,27.170806501130755,0.3175747911263329,worsened
length,B_learned_nugget,C_heteroskedastic,sim_00063,63,2.9886681139996654,28.642365315740108,25.653697201740442,worsened
length,B_learned_nugget,C_heteroskedastic,sim_00064,64,53.95261873983833,53.03826707862408,-0.9143516612142477,improved
length,B_learned_nugget,C_heteroskedastic,sim_00065,65,0.0123269494835653,0.7755501143069523,0.763223164823387,worsened
length,B_learned_nugget,C_heteroskedastic,sim_00066,66,6.97021138289125,2.42968813470128,-4.54052324818997,improved
length,B_learned_nugget,C_heteroskedastic,sim_00067,67,20.092140470000917,32.54903119248115,12.456890722480235,worsened
length,B_learned_nugget,C_heteroskedastic,sim_00068,68,4.407981329083384,0.8555902511664044,-3.5523910779169796,improved
length,B_learned_nugget,C_heteroskedastic,sim_00069,69,7.278025091950809,6.075956370277112,-1.2020687216736974,improved
length,B_learned_nugget,C_heteroskedastic,sim_00070,70,5.2943744844910725,6.428207935141415,1.133833450650343,worsened
length,B_learned_nugget,C_heteroskedastic,sim_00071,71,11.638181015914428,8.851129183808922,-2.787051832105506,improved
length,B_learned_nugget,C_heteroskedastic,sim_00072,72,8.709092908504203,10.178445770785572,1.4693528622813687,worsened
length,B_learned_nugget,C_heteroskedastic,sim_00073,73,9.7677551918797,22.947616057479365,13.179860865599665,worsened
length,B_learned_nugget,C_heteroskedastic,sim_00074,74,4.050401953125629,3.47150438998392,-0.5788975631417088,improved
length,B_learned_nugget,C_heteroskedastic,sim_00075,75,0.1645066937819592,1.8001060012581434,1.635599307476184,worsened
length,B_learned_nugget,C_heteroskedastic,sim_00076,76,10.758300432503177,19.19109009114578,8.432789658642605,worsened
length,B_learned_nugget,C_heteroskedastic,sim_00077,77,3.4723681447503054,1.4750484317164592,-1.9973197130338463,improved
length,B_learned_nugget,C_heteroskedastic,sim_00078,78,17.083337262302166,8.690882065016524,-8.392455197285642,improved
length,B_learned_nugget,C_heteroskedastic,sim_00079,79,1.5142843531222638,1.063602602756248,-0.4506817503660159,improved
length,B_learned_nugget,C_heteroskedastic,sim_00080,80,3.664223303530946,1.6765187790853702,-1.9877045244455758,improved
length,B_learned_nugget,C_heteroskedastic,sim_00081,81,4.328594550651587,2.964415083560596,-1.3641794670909912,improved
length,B_learned_nugget,C_heteroskedastic,sim_00082,82,7.342893698271041,5.139994268379098,-2.202899429891943,improved
length,B_learned_nugget,C_heteroskedastic,sim_00083,83,0.7017181675306006,2.99927949527347,2.2975613277428693,worsened
length,B_learned_nugget,C_heteroskedastic,sim_00084,84,0.1778117581540073,2.988697007189103,2.8108852490350955,worsened
length,B_learned_nugget,C_heteroskedastic,sim_00085,85,4.667941045367627,7.798679211328192,3.1307381659605653,worsened
length,B_learned_nugget,C_heteroskedastic,sim_00086,86,5.332484818595219,0.4576296081577879,-4.874855210437431,improved
length,B_learned_nugget,C_heteroskedastic,sim_00087,87,11.353502004877557,15.290794453860428,3.9372924489828716,worsened
length,B_learned_nugget,C_heteroskedastic,sim_00088,88,2.7755908967155847,8.615026670933673,5.839435774218089,worsened
length,B_learned_nugget,C_heteroskedastic,sim_00089,89,3.5059803680953223,11.014407159229904,7.508426791134582,worsened
length,B_learned_nugget,C_heteroskedastic,sim_00090,90,23.093986723971568,26.00488918540617,2.9109024614346026,worsened
length,B_learned_nugget,C_heteroskedastic,sim_00091,91,3.770294107729967,3.2080874829620143,-0.5622066247679527,improved
length,B_learned_nugget,C_heteroskedastic,sim_00092,92,1.4221804175107309,1.453375922106261,0.03119550459553011,worsened
length,B_learned_nugget,C_heteroskedastic,sim_00093,93,0.7590416067557157,1.4173066371686218,0.6582650304129061,worsened
length,B_learned_nugget,C_heteroskedastic,sim_00094,94,4.952616659043031,6.647838011074896,1.695221352031865,worsened
length,B_learned_nugget,C_heteroskedastic,sim_00095,95,23.0503829139538,34.47047941238702,11.420096498433221,worsened
length,B_learned_nugget,C_heteroskedastic,sim_00096,96,9.500048013281855,17.428890742009628,7.928842728727773,worsened
length,B_learned_nugget,C_heteroskedastic,sim_00097,97,10.481513532682357,2.3205848350639258,-8.16092869761843,improved
length,B_learned_nugget,C_heteroskedastic,sim_00098,98,7.911658969454663,0.920981526226626,-6.990677443228037,improved
length,B_learned_nugget,C_heteroskedastic,sim_00099,99,13.933834245674008,1.7912538429060303,-12.142580402767978,improved
length,B_learned_nugget,C_heteroskedastic,sim_00100,100,7.107050947426842,9.52714082848604,2.420089881059198,worsened
length,B_learned_nugget,C_heteroskedastic,sim_00101,101,129.92754453008268,130.28535324831734,0.35780871823465077,worsened
length,B_learned_nugget,C_heteroskedastic,sim_00102,102,12.171647473798656,15.508932059995573,3.337284586196917,worsened
length,B_learned_nugget,C_heteroskedastic,sim_00103,103,9.268293410403714,9.490528478376632,0.22223506797291748,worsened
length,B_learned_nugget,C_heteroskedastic,sim_00104,104,4.165856720628256,0.2196611357238111,-3.946195584904445,improved
length,B_learned_nugget,C_heteroskedastic,sim_00105,105,45.8436315502031,40.3091349108862,-5.534496639316899,improved
length,B_learned_nugget,C_heteroskedastic,sim_00106,106,1.0459877964816542,6.181058835244016,5.135071038762362,worsened
length,B_learned_nugget,C_heteroskedastic,sim_00107,107,37.95983760567299,49.1498759355909,11.190038329917911,worsened
length,B_learned_nugget,C_heteroskedastic,sim_00108,108,1.5318310257176222,2.093184108416437,0.5613530826988149,worsened
length,B_learned_nugget,C_heteroskedastic,sim_00109,109,8.15507326029882,1.6100921685660978,-6.544981091732723,improved
length,B_learned_nugget,C_heteroskedastic,sim_00110,110,0.5730582632474466,6.084841067769901,5.511782804522454,worsened
length,B_learned_nugget,C_heteroskedastic,sim_00111,111,12.3116693533741,26.417076225716755,14.105406872342655,worsened
length,B_learned_nugget,C_heteroskedastic,sim_00112,112,0.8072751644816094,0.0677028775666599,-0.7395722869149495,improved
length,B_learned_nugget,C_heteroskedastic,sim_00113,113,1.518720508581282,5.095596032011429,3.5768755234301466,worsened
length,B_learned_nugget,C_heteroskedastic,sim_00114,114,6.885483836205992,18.79670997658866,11.911226140382666,worsened
length,B_learned_nugget,C_heteroskedastic,sim_00115,115,12.879438978244425,5.25175124913676,-7.627687729107665,improved
length,B_learned_nugget,C_heteroskedastic,sim_00116,116,29.84806997291929,36.0323191041378,6.1842491312185075,worsened
length,B_learned_nugget,C_heteroskedastic,sim_00117,117,1.750489923151633,0.8564204687585857,-0.8940694543930474,improved
length,B_learned_nugget,C_heteroskedastic,sim_00118,118,67.31379134503129,72.55111224630684,5.237320901275552,worsened
length,B_learned_nugget,C_heteroskedastic,sim_00119,119,14.153582420765131,11.869023488071264,-2.2845589326938676,improved
length,B_learned_nugget,C_heteroskedastic,sim_00120,120,9.850305348331176,30.082683715531687,20.23237836720051,worsened
length,B_learned_nugget,C_heteroskedastic,sim_00121,121,7.797068163912058,18.73636920193394,10.939301038021881,worsened
length,B_learned_nugget,C_heteroskedastic,sim_00122,122,0.5341725176165824,5.363517862043352,4.82934534442677,worsened
length,B_learned_nugget,C_heteroskedastic,sim_00123,123,8.241977335546721,0.9664218472630636,-7.275555488283658,improved
length,B_learned_nugget,C_heteroskedastic,sim_00124,124,6.160009008760198,5.21920483567817,-0.9408041730820287,improved
length,B_learned_nugget,C_heteroskedastic,sim_00125,125,0.9258795813699408,5.437295644643086,4.5114160632731455,worsened
length,B_learned_nugget,C_heteroskedastic,sim_00126,126,24.16161178819817,37.03104186499098,12.869430076792813,worsened
length,B_learned_nugget,C_heteroskedastic,sim_00127,127,31.04555553738203,35.650952606381,4.605397068998968,worsened
length,B_learned_nugget,C_heteroskedastic,sim_00128,128,3.303059655592733,8.015128665370582,4.712069009777849,worsened
length,B_learned_nugget,C_heteroskedastic,sim_00129,129,9.779077658574693,11.82576742432542,2.0466897657507275,worsened
length,B_learned_nugget,C_heteroskedastic,sim_00130,130,9.414760417912872,23.86724504261861,14.452484624705738,worsened
length,B_learned_nugget,C_heteroskedastic,sim_00131,131,1.183994089174746,12.833956656786713,11.649962567611967,worsened
length,B_learned_nugget,C_heteroskedastic,sim_00132,132,1.9780745621341111,1.6591779036706953,-0.31889665846341586,improved
length,B_learned_nugget,C_heteroskedastic,sim_00133,133,6.959609459398905,18.022095204883385,11.06248574548448,worsened
length,B_learned_nugget,C_heteroskedastic,sim_00134,134,5.821208466213193,4.215780277466138,-1.6054281887470552,improved
length,B_learned_nugget,C_heteroskedastic,sim_00135,135,18.191153718234204,6.175761125961287,-12.015392592272917,improved
length,B_learned_nugget,C_heteroskedastic,sim_00137,137,40.17750380010847,48.82054601486391,8.64304221475544,worsened
length,B_learned_nugget,C_heteroskedastic,sim_00138,138,9.956126644595372,32.7507359650196,22.79460932042423,worsened
length,B_learned_nugget,C_heteroskedastic,sim_00139,139,3.707685499037666,22.56855974759844,18.860874248560773,worsened
length,B_learned_nugget,C_heteroskedastic,sim_00140,140,3.483490117872975,5.98709002619006,2.503599908317085,worsened
length,B_learned_nugget,C_heteroskedastic,sim_00141,141,15.069198871146227,52.96779344860829,37.89859457746206,worsened
length,B_learned_nugget,C_heteroskedastic,sim_00142,142,24.0846340753925,10.815746142059766,-13.268887933332735,improved
length,B_learned_nugget,C_heteroskedastic,sim_00143,143,12.925835283169278,21.60672299541187,8.680887712242594,worsened
length,B_learned_nugget,C_heteroskedastic,sim_00144,144,6.594317308937775,2.9001813720733765,-3.6941359368643987,improved
length,B_learned_nugget,C_heteroskedastic,sim_00145,145,2.362706089925581,1.0828033958808874,-1.2799026940446936,improved
length,B_learned_nugget,C_heteroskedastic,sim_00146,146,1.9141313259506203,0.6918055480182375,-1.2223257779323828,improved
length,B_learned_nugget,C_heteroskedastic,sim_00147,147,4.748946330238852,21.896301142530262,17.14735481229141,worsened
length,B_learned_nugget,C_heteroskedastic,sim_00148,148,0.8639674608363066,3.2263069843537835,2.362339523517477,worsened
length,B_learned_nugget,C_heteroskedastic,sim_00149,149,0.6352910695699165,0.4878800012614306,-0.14741106830848594,improved
length,B_learned_nugget,C_heteroskedastic,sim_00150,150,1.4265315721094112,0.9567284566005584,-0.4698031155088528,improved
length,B_learned_nugget,C_heteroskedastic,sim_00151,151,1.2002906093793513,15.215194125865736,14.014903516486385,worsened
length,B_learned_nugget,C_heteroskedastic,sim_00152,152,4.743494114015164,1.191717615443821,-3.5517764985713427,improved
length,B_learned_nugget,C_heteroskedastic,sim_00153,153,6.133180556459195,12.518806366526576,6.385625810067381,worsened
length,B_learned_nugget,C_heteroskedastic,sim_00154,154,57.5497424612862,37.7477003326199,-19.8020421286663,improved
length,B_learned_nugget,C_heteroskedastic,sim_00155,155,5.04425239909591,21.23562919232924,16.19137679323333,worsened
length,B_learned_nugget,C_heteroskedastic,sim_00156,156,0.7823745864153011,0.1056342054537822,-0.6767403809615189,improved
length,B_learned_nugget,C_heteroskedastic,sim_00157,157,8.667281758748572,20.190578813066253,11.52329705431768,worsened
length,B_learned_nugget,C_heteroskedastic,sim_00158,158,18.567067889009337,35.31251581546442,16.745447926455086,worsened
length,B_learned_nugget,C_heteroskedastic,sim_00159,159,1.7303437989094732,10.822905660170363,9.09256186126089,worsened
length,B_learned_nugget,C_heteroskedastic,sim_00160,160,13.027213822396192,5.229627020622303,-7.797586801773889,improved
length,B_learned_nugget,C_heteroskedastic,sim_00161,161,4.68807325200396,11.916523493891075,7.228450241887115,worsened
length,B_learned_nugget,C_heteroskedastic,sim_00162,162,2.123335987395592,12.053744225677775,9.930408238282183,worsened
length,B_learned_nugget,C_heteroskedastic,sim_00163,163,3.25103353214368,3.419306710783104,0.16827317863942426,worsened
length,B_learned_nugget,C_heteroskedastic,sim_00164,164,1.572667363946266,31.542417014660515,29.96974965071425,worsened
length,B_learned_nugget,C_heteroskedastic,sim_00165,165,0.5080990218636998,0.6880103759225449,0.17991135405884506,worsened
length,B_learned_nugget,C_heteroskedastic,sim_00166,166,6.6965501440533615,1.5074065881330796,-5.189143555920282,improved
length,B_learned_nugget,C_heteroskedastic,sim_00167,167,2.1929096445996663,2.863495599073275,0.6705859544736086,worsened
length,B_learned_nugget,C_heteroskedastic,sim_00168,168,3.7480941604267457,6.005638063934327,2.2575439035075817,worsened
length,B_learned_nugget,C_heteroskedastic,sim_00169,169,15.266890561168452,9.273163740053576,-5.993726821114876,improved
length,B_learned_nugget,C_heteroskedastic,sim_00170,170,2.6720277710339246,0.2969235997669273,-2.3751041712669974,improved
length,B_learned_nugget,C_heteroskedastic,sim_00171,171,0.3295874300649188,4.176184519755282,3.8465970896903627,worsened
length,B_learned_nugget,C_heteroskedastic,sim_00172,172,2.4373112259453933,7.780155693473716,5.342844467528323,worsened
length,B_learned_nugget,C_heteroskedastic,sim_00173,173,5.445528117173694,1.4843343155805542,-3.96119380159314,improved
length,B_learned_nugget,C_heteroskedastic,sim_00174,174,15.848426688271616,13.996931085456763,-1.8514956028148521,improved
length,B_learned_nugget,C_heteroskedastic,sim_00175,175,38.85417564252359,37.17049095579554,-1.68368468672805,improved
length,B_learned_nugget,C_heteroskedastic,sim_00176,176,11.915558559708757,33.010989070547,21.09543051083824,worsened
length,B_learned_nugget,C_heteroskedastic,sim_00177,177,2.8788503144506308,11.883728932254684,9.004878617804053,worsened
length,B_learned_nugget,C_heteroskedastic,sim_00178,178,1.6812680533217872,0.2496398355950191,-1.431628217726768,improved
length,B_learned_nugget,C_heteroskedastic,sim_00179,179,0.4228396884064409,3.083352961663365,2.660513273256924,worsened
length,B_learned_nugget,C_heteroskedastic,sim_00180,180,0.4489621921651405,7.059925410876758,6.610963218711618,worsened
length,B_learned_nugget,C_heteroskedastic,sim_00181,181,8.702562557185672,13.074680105692437,4.372117548506765,worsened
length,B_learned_nugget,C_heteroskedastic,sim_00182,182,3.5743438488101447,11.612674630631377,8.038330781821232,worsened
length,B_learned_nugget,C_heteroskedastic,sim_00183,183,1.015548491856407,14.447931356017191,13.432382864160784,worsened
length,B_learned_nugget,C_heteroskedastic,sim_00184,184,15.57903641108095,24.59034248156766,9.011306070486711,worsened
length,B_learned_nugget,C_heteroskedastic,sim_00185,185,0.7658348553148926,1.920432194299508,1.1545973389846154,worsened
length,B_learned_nugget,C_heteroskedastic,sim_00186,186,1.4460790947979376,1.5264030438050895,0.0803239490071519,worsened
length,B_learned_nugget,C_heteroskedastic,sim_00187,187,14.388835614653315,1.2172615997957337,-13.171574014857582,improved
length,B_learned_nugget,C_heteroskedastic,sim_00188,188,0.2886349063729767,25.169279273497864,24.880644367124887,worsened
length,B_learned_nugget,C_heteroskedastic,sim_00189,189,28.62311232699659,71.78860575912012,43.165493432123526,worsened
length,B_learned_nugget,C_heteroskedastic,sim_00190,190,4.726050407432069,4.769150337574217,0.04309993014214797,worsened
length,B_learned_nugget,C_heteroskedastic,sim_00191,191,9.922437811941393,5.253222608972976,-4.669215202968417,improved
length,B_learned_nugget,C_heteroskedastic,sim_00192,192,12.452172565358184,19.68406026515709,7.2318876997989054,worsened
length,B_learned_nugget,C_heteroskedastic,sim_00193,193,1.9377866449383987,2.8658631840187354,0.9280765390803367,worsened
length,B_learned_nugget,C_heteroskedastic,sim_00194,194,0.7460456440299481,6.555300304586694,5.809254660556746,worsened
length,B_learned_nugget,C_heteroskedastic,sim_00195,195,5.482001650929874,2.6823783660314007,-2.7996232848984732,improved
length,B_learned_nugget,C_heteroskedastic,sim_00196,196,21.512575896024487,21.03418916149809,-0.4783867345263957,improved
length,B_learned_nugget,C_heteroskedastic,sim_00197,197,9.716631690510953,12.969933906789777,3.253302216278824,worsened
length,B_learned_nugget,C_heteroskedastic,sim_00198,198,12.587301964614651,16.505314769756637,3.918012805141986,worsened
length,B_learned_nugget,C_heteroskedastic,sim_00199,199,8.021326371072234,40.84002054449053,32.818694173418294,worsened
length,B_learned_nugget,C_heteroskedastic,sim_00200,200,6.749895450379313,11.573956188373243,4.82406073799393,worsened
length,B_learned_nugget,C_heteroskedastic,sim_00201,201,0.0577291567688007,8.340968448000012,8.283239291231212,worsened
length,B_learned_nugget,C_heteroskedastic,sim_00202,202,0.6370486620365341,1.7940922096017855,1.1570435475652514,worsened
length,B_learned_nugget,C_heteroskedastic,sim_00203,203,12.091606454394707,5.555513449785337,-6.53609300460937,improved
length,B_learned_nugget,C_heteroskedastic,sim_00204,204,1.5506223149469631,9.206703379888609,7.656081064941645,worsened
length,B_learned_nugget,C_heteroskedastic,sim_00205,205,2.313017487072443,0.9736344889982432,-1.3393829980741998,improved
length,B_learned_nugget,C_heteroskedastic,sim_00206,206,3.0710233642909657,2.1617764621796027,-0.9092469021113629,improved
length,B_learned_nugget,C_heteroskedastic,sim_00207,207,1.5387780411287508,1.43635878108131,-0.10241926004744073,improved
length,B_learned_nugget,C_heteroskedastic,sim_00208,208,22.61779772665892,42.07851104392847,19.46071331726955,worsened
length,B_learned_nugget,C_heteroskedastic,sim_00209,209,3.296761238541535,7.178681613928745,3.8819203753872102,worsened
length,B_learned_nugget,C_heteroskedastic,sim_00210,210,12.458734812772889,7.589734762724163,-4.869000050048726,improved
length,B_learned_nugget,C_heteroskedastic,sim_00211,211,2.5129012524253085,5.468879265068608,2.9559780126432997,worsened
length,B_learned_nugget,C_heteroskedastic,sim_00212,212,9.759646837581611,0.0475289617255043,-9.712117875856107,improved
length,B_learned_nugget,C_heteroskedastic,sim_00213,213,7.223407119414389,16.149201647996563,8.925794528582173,worsened
length,B_learned_nugget,C_heteroskedastic,sim_00214,214,2.269975159481021,7.857012986171583,5.587037826690562,worsened
length,B_learned_nugget,C_heteroskedastic,sim_00215,215,16.118644367566617,27.938526125316912,11.819881757750295,worsened
length,B_learned_nugget,C_heteroskedastic,sim_00216,216,6.276581417724231,1.215966063725716,-5.060615353998515,improved
length,B_learned_nugget,C_heteroskedastic,sim_00217,217,27.20448176410099,49.78022794320316,22.57574617910217,worsened
length,B_learned_nugget,C_heteroskedastic,sim_00218,218,4.149047632323743,10.38785964926558,6.2388120169418375,worsened
length,B_learned_nugget,C_heteroskedastic,sim_00219,219,2.6004578434166774,0.9368710333239392,-1.6635868100927382,improved
length,B_learned_nugget,C_heteroskedastic,sim_00220,220,2.508823219962892,6.347293195726593,3.838469975763701,worsened
length,B_learned_nugget,C_heteroskedastic,sim_00221,221,2.862378468832389,2.069363714833912,-0.7930147539984769,improved
length,B_learned_nugget,C_heteroskedastic,sim_00222,222,2.2601758765748627,3.228686002662471,0.9685101260876081,worsened
length,B_learned_nugget,C_heteroskedastic,sim_00223,223,1.6389571449894331,5.996759438959657,4.357802293970224,worsened
length,B_learned_nugget,C_heteroskedastic,sim_00224,224,4.0447332962826295,5.936920478180582,1.8921871818979525,worsened
length,B_learned_nugget,C_heteroskedastic,sim_00225,225,9.9971111825094,0.6157150952452071,-9.381396087264193,improved
length,B_learned_nugget,C_heteroskedastic,sim_00226,226,12.427862293090811,1.783136991483218,-10.644725301607593,improved
length,B_learned_nugget,C_heteroskedastic,sim_00227,227,2.769950474038694,6.298720106913549,3.5287696328748552,worsened
length,B_learned_nugget,C_heteroskedastic,sim_00228,228,3.0908933934932747,9.713905199946057,6.623011806452782,worsened
length,B_learned_nugget,C_heteroskedastic,sim_00229,229,1.557152186505505,6.170434333015066,4.613282146509562,worsened
length,B_learned_nugget,C_heteroskedastic,sim_00230,230,14.127670561967932,9.21859610662426,-4.9090744553436725,improved
length,B_learned_nugget,C_heteroskedastic,sim_00231,231,49.8882991816098,74.38126824287247,24.492969061262663,worsened
length,B_learned_nugget,C_heteroskedastic,sim_00232,232,29.403506627457038,15.369229559353698,-14.03427706810334,improved
length,B_learned_nugget,C_heteroskedastic,sim_00233,233,8.278188939387405,3.1712246135174382,-5.106964325869967,improved
length,B_learned_nugget,C_heteroskedastic,sim_00234,234,2.4979141569823184,13.884519195885076,11.386605038902758,worsened
length,B_learned_nugget,C_heteroskedastic,sim_00235,235,7.1410135169448665,9.956194857117652,2.815181340172785,worsened
length,B_learned_nugget,C_heteroskedastic,sim_00236,236,9.067829703365843,22.38079322000877,13.312963516642926,worsened
length,B_learned_nugget,C_heteroskedastic,sim_00237,237,3.9219135970560046,4.595891785089066,0.6739781880330611,worsened
length,B_learned_nugget,C_heteroskedastic,sim_00238,238,3.964789503586133,1.5613085855334816,-2.4034809180526513,improved
length,B_learned_nugget,C_heteroskedastic,sim_00239,239,3.01487441239081,36.6620214139632,33.64714700157239,worsened
length,B_learned_nugget,C_heteroskedastic,sim_00240,240,5.967730981865543,6.269835661798084,0.3021046799325413,worsened
length,B_learned_nugget,C_heteroskedastic,sim_00241,241,4.684351313892762,10.593563435426972,5.90921212153421,worsened
length,B_learned_nugget,C_heteroskedastic,sim_00242,242,3.0424185218855087,1.6338761002648994,-1.4085424216206093,improved
width,A_tiny_jitter,B_learned_nugget,sim_00001,1,3.455335742603509,0.4929438375394142,-2.962391905064095,improved
width,A_tiny_jitter,B_learned_nugget,sim_00002,2,2.133658497898068,4.171335469695976,2.037676971797908,worsened
width,A_tiny_jitter,B_learned_nugget,sim_00003,3,16.664672951464667,15.848389949781904,-0.8162830016827627,improved
width,A_tiny_jitter,B_learned_nugget,sim_00004,4,1.2132600921167125,0.4684393282210521,-0.7448207638956603,improved
width,A_tiny_jitter,B_learned_nugget,sim_00005,5,0.6095611636035017,3.3464349606257144,2.736873797022213,worsened
width,A_tiny_jitter,B_learned_nugget,sim_00006,6,10.47922421404938,4.287210038478207,-6.192014175571172,improved
width,A_tiny_jitter,B_learned_nugget,sim_00007,7,0.2936200973799998,2.2180068828813546,1.9243867855013548,worsened
width,A_tiny_jitter,B_learned_nugget,sim_00008,8,5.036895231571805,3.767440892922309,-1.2694543386494956,improved
width,A_tiny_jitter,B_learned_nugget,sim_00009,9,1.6709416681741658,3.983156536502449,2.312214868328283,worsened
width,A_tiny_jitter,B_learned_nugget,sim_00010,10,4.306587079849521,6.031121304398681,1.72453422454916,worsened
width,A_tiny_jitter,B_learned_nugget,sim_00011,11,0.5237328604298455,2.696823739483591,2.1730908790537455,worsened
width,A_tiny_jitter,B_learned_nugget,sim_00012,12,1.9009787406317853,1.8301123058430164,-0.07086643478876886,improved
width,A_tiny_jitter,B_learned_nugget,sim_00013,13,5.445856203006031,2.3667996770210777,-3.079056525984953,improved
width,A_tiny_jitter,B_learned_nugget,sim_00014,14,8.68657099594742,2.0101159541105744,-6.676455041836846,improved
width,A_tiny_jitter,B_learned_nugget,sim_00015,15,3.6993527022132175,2.698608766723339,-1.0007439354898784,improved
width,A_tiny_jitter,B_learned_nugget,sim_00016,16,3.604218268433272,0.2523331835856766,-3.3518850848475954,improved
width,A_tiny_jitter,B_learned_nugget,sim_00017,17,0.5318064255968835,0.197267123380243,-0.3345393022166405,improved
width,A_tiny_jitter,B_learned_nugget,sim_00018,18,0.6123637945747333,0.5256006503333026,-0.08676314424143072,improved
width,A_tiny_jitter,B_learned_nugget,sim_00019,19,4.069474243500963,4.557065957216139,0.48759171371517596,worsened
width,A_tiny_jitter,B_learned_nugget,sim_00020,20,1.002241354762063,2.0293819251161835,1.0271405703541205,worsened
width,A_tiny_jitter,B_learned_nugget,sim_00021,21,0.2971603734871451,1.6296076647882105,1.3324472913010654,worsened
width,A_tiny_jitter,B_learned_nugget,sim_00022,22,0.0633893115838475,3.1064508827383577,3.04306157115451,worsened
width,A_tiny_jitter,B_learned_nugget,sim_00023,23,5.591807806015879,4.430168856854095,-1.1616389491617838,improved
width,A_tiny_jitter,B_learned_nugget,sim_00024,24,0.4021993618181056,0.5199255912292955,0.11772622941118988,worsened
width,A_tiny_jitter,B_learned_nugget,sim_00025,25,0.7783589798359145,0.2666097931256246,-0.5117491867102899,improved
width,A_tiny_jitter,B_learned_nugget,sim_00026,26,2.587817326314479,1.1885688854372347,-1.399248440877244,improved
width,A_tiny_jitter,B_learned_nugget,sim_00027,27,1.3959940431639666,0.9752516409495088,-0.4207424022144578,improved
width,A_tiny_jitter,B_learned_nugget,sim_00028,28,1.1783018776739027,2.047048363443281,0.8687464857693783,worsened
width,A_tiny_jitter,B_learned_nugget,sim_00029,29,0.2180924659737115,0.081114925896145,-0.13697754007756652,improved
width,A_tiny_jitter,B_learned_nugget,sim_00030,30,1.104521944327132,3.819412922113429,2.714890977786297,worsened
width,A_tiny_jitter,B_learned_nugget,sim_00031,31,4.940099683446107,1.2629472191908917,-3.677152464255215,improved
width,A_tiny_jitter,B_learned_nugget,sim_00032,32,3.0690765502845068,1.4255793316021936,-1.6434972186823131,improved
width,A_tiny_jitter,B_learned_nugget,sim_00033,33,18.55571776772595,3.396262642319812,-15.15945512540614,improved
width,A_tiny_jitter,B_learned_nugget,sim_00034,34,1.4944738402496114,0.3590779162309161,-1.1353959240186953,improved
width,A_tiny_jitter,B_learned_nugget,sim_00035,35,1.099921064317556,5.5484800040786695,4.448558939761114,worsened
width,A_tiny_jitter,B_learned_nugget,sim_00036,36,0.5363880885229833,1.226089768469535,0.6897016799465518,worsened
width,A_tiny_jitter,B_learned_nugget,sim_00037,37,0.0326481638001041,1.351441363874784,1.3187932000746798,worsened
width,A_tiny_jitter,B_learned_nugget,sim_00038,38,0.2882106395988728,0.4340154615257461,0.14580482192687333,worsened
width,A_tiny_jitter,B_learned_nugget,sim_00039,39,18.631296837025676,14.726899874246357,-3.9043969627793196,improved
width,A_tiny_jitter,B_learned_nugget,sim_00040,40,4.575830346598821,1.3535792594880434,-3.2222510871107772,improved
width,A_tiny_jitter,B_learned_nugget,sim_00041,41,27.091070863062072,25.211404469058408,-1.8796663940036638,improved
width,A_tiny_jitter,B_learned_nugget,sim_00042,42,0.1293928554629673,1.315391281395037,1.1859984259320697,worsened
width,A_tiny_jitter,B_learned_nugget,sim_00043,43,2.3587514914528924,4.151657672513323,1.792906181060431,worsened
width,A_tiny_jitter,B_learned_nugget,sim_00044,44,1.838869077220636,1.5234782011288246,-0.3153908760918114,improved
width,A_tiny_jitter,B_learned_nugget,sim_00045,45,1.1333864451104034,0.8699016443165419,-0.2634848007938615,improved
width,A_tiny_jitter,B_learned_nugget,sim_00046,46,2.2137318519917244,7.545190645105748,5.331458793114024,worsened
width,A_tiny_jitter,B_learned_nugget,sim_00047,47,2.983946357072199,0.3670717732394024,-2.6168745838327965,improved
width,A_tiny_jitter,B_learned_nugget,sim_00048,48,4.654912512961516,4.012738147898915,-0.6421743650626013,improved
width,A_tiny_jitter,B_learned_nugget,sim_00049,49,0.5369931380064372,0.2069706937886906,-0.3300224442177466,improved
width,A_tiny_jitter,B_learned_nugget,sim_00050,50,3.71783457466924,1.057908626844437,-2.659925947824803,improved
width,A_tiny_jitter,B_learned_nugget,sim_00051,51,3.162050905071794,3.235399770496457,0.07334886542466279,worsened
width,A_tiny_jitter,B_learned_nugget,sim_00052,52,0.7925443180487832,1.270287430687972,0.47774311263918867,worsened
width,A_tiny_jitter,B_learned_nugget,sim_00053,53,0.8532408994436764,0.1163294100048801,-0.7369114894387964,improved
width,A_tiny_jitter,B_learned_nugget,sim_00054,54,2.9655580027013286,5.736481908688688,2.7709239059873596,worsened
width,A_tiny_jitter,B_learned_nugget,sim_00055,55,21.60362915927979,2.4234896694499355,-19.180139489829855,improved
width,A_tiny_jitter,B_learned_nugget,sim_00056,56,0.3711148836893017,1.3205030318232789,0.9493881481339772,worsened
width,A_tiny_jitter,B_learned_nugget,sim_00057,57,6.687350766079504,0.9897735083305575,-5.6975772577489465,improved
width,A_tiny_jitter,B_learned_nugget,sim_00058,58,1.2105519597369891,2.1073832765292764,0.8968313167922872,worsened
width,A_tiny_jitter,B_learned_nugget,sim_00059,59,3.288694112920865,0.7540839553198282,-2.534610157601037,improved
width,A_tiny_jitter,B_learned_nugget,sim_00060,60,0.0449413719788651,0.2834745591596572,0.23853318718079208,worsened
width,A_tiny_jitter,B_learned_nugget,sim_00061,61,25.62691438489037,27.82718459079948,2.20027020590911,worsened
width,A_tiny_jitter,B_learned_nugget,sim_00062,62,4.288051384031746,0.8092672451008696,-3.4787841389308767,improved
width,A_tiny_jitter,B_learned_nugget,sim_00063,63,0.3757392995694602,2.90458872675228,2.52884942718282,worsened
width,A_tiny_jitter,B_learned_nugget,sim_00064,64,15.191536670069668,18.350050728879097,3.1585140588094287,worsened
width,A_tiny_jitter,B_learned_nugget,sim_00065,65,0.2688902680276328,0.8086491693483566,0.5397589013207238,worsened
width,A_tiny_jitter,B_learned_nugget,sim_00066,66,2.800309327451941,3.328767390303682,0.5284580628517408,worsened
width,A_tiny_jitter,B_learned_nugget,sim_00067,67,7.562854882331607,4.570140160835024,-2.992714721496583,improved
width,A_tiny_jitter,B_learned_nugget,sim_00068,68,1.177415476383857,0.4531064130279674,-0.7243090633558895,improved
width,A_tiny_jitter,B_learned_nugget,sim_00069,69,8.366832233106749,5.5609728501299855,-2.805859382976763,improved
width,A_tiny_jitter,B_learned_nugget,sim_00070,70,0.6234857383779513,1.2960744935595585,0.6725887551816072,worsened
width,A_tiny_jitter,B_learned_nugget,sim_00071,71,1.2649858316186453,5.132983344266194,3.8679975126475483,worsened
width,A_tiny_jitter,B_learned_nugget,sim_00072,72,3.497420471462334,2.016980530206581,-1.480439941255753,improved
width,A_tiny_jitter,B_learned_nugget,sim_00073,73,4.928620968984319,1.8444285593454024,-3.0841924096389164,improved
width,A_tiny_jitter,B_learned_nugget,sim_00074,74,5.542438024147856,1.000388136163764,-4.542049887984092,improved
width,A_tiny_jitter,B_learned_nugget,sim_00075,75,1.759010539160954,0.5753868552446306,-1.1836236839163234,improved
width,A_tiny_jitter,B_learned_nugget,sim_00076,76,5.245688206151868,0.3094155438135146,-4.936272662338354,improved
width,A_tiny_jitter,B_learned_nugget,sim_00077,77,2.849410645307444,0.586646144427533,-2.262764500879911,improved
width,A_tiny_jitter,B_learned_nugget,sim_00078,78,1.965285913124745,10.189861266224796,8.22457535310005,worsened
width,A_tiny_jitter,B_learned_nugget,sim_00079,79,0.590373167746435,0.5300819743217176,-0.06029119342471745,improved
width,A_tiny_jitter,B_learned_nugget,sim_00080,80,2.2618875429963907,0.6631549074409548,-1.5987326355554359,improved
width,A_tiny_jitter,B_learned_nugget,sim_00081,81,0.5553686738250292,1.4496481318002168,0.8942794579751876,worsened
width,A_tiny_jitter,B_learned_nugget,sim_00082,82,3.0893080892848275,2.128702590311775,-0.9606054989730524,improved
width,A_tiny_jitter,B_learned_nugget,sim_00083,83,0.8744548029065982,2.669891517474639,1.7954367145680408,worsened
width,A_tiny_jitter,B_learned_nugget,sim_00084,84,5.057681866188545,4.499754538215029,-0.5579273279735162,improved
width,A_tiny_jitter,B_learned_nugget,sim_00085,85,1.4867353499350315,0.6667159175300696,-0.8200194324049619,improved
width,A_tiny_jitter,B_learned_nugget,sim_00086,86,0.6192946304927602,0.1212729315477361,-0.4980216989450241,improved
width,A_tiny_jitter,B_learned_nugget,sim_00087,87,5.153186980479859,3.3446009679308304,-1.8085860125490285,improved
width,A_tiny_jitter,B_learned_nugget,sim_00088,88,2.913207956629265,0.4304755291398408,-2.4827324274894242,improved
width,A_tiny_jitter,B_learned_nugget,sim_00089,89,4.931451008707143,3.399969827425508,-1.5314811812816345,improved
width,A_tiny_jitter,B_learned_nugget,sim_00090,90,1.8506923758895653,0.33771640853098,-1.5129759673585852,improved
width,A_tiny_jitter,B_learned_nugget,sim_00091,91,0.6831234676284055,0.6920487690871084,0.008925301458702961,worsened
width,A_tiny_jitter,B_learned_nugget,sim_00092,92,0.4394927065404488,0.4926511572739684,0.0531584507335196,worsened
width,A_tiny_jitter,B_learned_nugget,sim_00093,93,1.8986844265694172,1.542714014391407,-0.35597041217801006,improved
width,A_tiny_jitter,B_learned_nugget,sim_00094,94,1.0426084360375114,1.564722651011209,0.5221142149736977,worsened
width,A_tiny_jitter,B_learned_nugget,sim_00095,95,4.853835971869245,6.665096884815256,1.811260912946011,worsened
width,A_tiny_jitter,B_learned_nugget,sim_00096,96,1.5154038125197644,1.6111263255911297,0.09572251307136526,worsened
width,A_tiny_jitter,B_learned_nugget,sim_00097,97,1.79215043998596,5.895816144354939,4.103665704368979,worsened
width,A_tiny_jitter,B_learned_nugget,sim_00098,98,1.1519466853028746,5.248188771813119,4.0962420865102445,worsened
width,A_tiny_jitter,B_learned_nugget,sim_00099,99,0.9289336456791376,1.8050775619751107,0.8761439162959731,worsened
width,A_tiny_jitter,B_learned_nugget,sim_00100,100,4.919413004877981,0.3393743194359615,-4.58003868544202,improved
width,A_tiny_jitter,B_learned_nugget,sim_00101,101,66.00418401099788,70.70996314676657,4.705779135768694,worsened
width,A_tiny_jitter,B_learned_nugget,sim_00102,102,2.6107779332829466,7.9119823748440865,5.30120444156114,worsened
width,A_tiny_jitter,B_learned_nugget,sim_00103,103,3.689394675628364,6.618454612622003,2.9290599369936388,worsened
width,A_tiny_jitter,B_learned_nugget,sim_00104,104,0.6975613678934849,1.6452604301412634,0.9476990622477786,worsened
width,A_tiny_jitter,B_learned_nugget,sim_00105,105,3.7413719650666337,5.764477949547683,2.023105984481049,worsened
width,A_tiny_jitter,B_learned_nugget,sim_00106,106,4.586134089920648,4.459889107051197,-0.1262449828694514,improved
width,A_tiny_jitter,B_learned_nugget,sim_00107,107,10.437210343848278,8.30286196808919,-2.134348375759089,improved
width,A_tiny_jitter,B_learned_nugget,sim_00108,108,1.8323561821763972,1.2463631505008266,-0.5859930316755706,improved
width,A_tiny_jitter,B_learned_nugget,sim_00109,109,1.5198044748242694,0.5201189821534626,-0.9996854926708068,improved
width,A_tiny_jitter,B_learned_nugget,sim_00110,110,6.51231180397042,0.1893807414442676,-6.322931062526153,improved
width,A_tiny_jitter,B_learned_nugget,sim_00111,111,13.541975535404276,3.428159878295702,-10.113815657108574,improved
width,A_tiny_jitter,B_learned_nugget,sim_00112,112,9.574306615213942,0.4249786042460357,-9.149328010967906,improved
width,A_tiny_jitter,B_learned_nugget,sim_00113,113,2.418864242473745,2.955004127455368,0.5361398849816226,worsened
width,A_tiny_jitter,B_learned_nugget,sim_00114,114,3.2600088699033165,0.1781232860770956,-3.081885583826221,improved
width,A_tiny_jitter,B_learned_nugget,sim_00115,115,2.476553030991312,1.3362819906743368,-1.1402710403169753,improved
width,A_tiny_jitter,B_learned_nugget,sim_00116,116,14.20576932082355,9.294769741563442,-4.910999579260107,improved
width,A_tiny_jitter,B_learned_nugget,sim_00117,117,0.4728680547527233,2.2763640771593714,1.803496022406648,worsened
width,A_tiny_jitter,B_learned_nugget,sim_00118,118,26.138790247579067,27.341073196768463,1.2022829491893958,worsened
width,A_tiny_jitter,B_learned_nugget,sim_00119,119,1.402620445464919,1.867517019424099,0.46489657395918016,worsened
width,A_tiny_jitter,B_learned_nugget,sim_00120,120,15.932505568013624,3.917258801621358,-12.015246766392266,improved
width,A_tiny_jitter,B_learned_nugget,sim_00121,121,0.2753795708085533,2.4055575064266748,2.1301779356181214,worsened
width,A_tiny_jitter,B_learned_nugget,sim_00122,122,11.112154261191703,8.309321227486294,-2.8028330337054097,improved
width,A_tiny_jitter,B_learned_nugget,sim_00123,123,3.553018707484256,3.520990744346534,-0.03202796313772183,improved
width,A_tiny_jitter,B_learned_nugget,sim_00124,124,4.917159273255862,1.2631524650252857,-3.6540068082305766,improved
width,A_tiny_jitter,B_learned_nugget,sim_00125,125,0.9750656473189564,4.1599461217324745,3.184880474413518,worsened
width,A_tiny_jitter,B_learned_nugget,sim_00126,126,6.1798646254052585,1.7840674030478,-4.395797222357459,improved
width,A_tiny_jitter,B_learned_nugget,sim_00127,127,17.245456757508606,15.205218852369484,-2.040237905139122,improved
width,A_tiny_jitter,B_learned_nugget,sim_00128,128,0.0595504181447381,2.0652759376439747,2.0057255194992365,worsened
width,A_tiny_jitter,B_learned_nugget,sim_00129,129,2.01502659697249,2.186157335304017,0.17113073833152725,worsened
width,A_tiny_jitter,B_learned_nugget,sim_00130,130,11.006586326445388,3.1148122362307618,-7.891774090214627,improved
width,A_tiny_jitter,B_learned_nugget,sim_00131,131,1.837113399739465,0.8084291586270211,-1.028684241112444,improved
width,A_tiny_jitter,B_learned_nugget,sim_00132,132,0.5160012602994186,3.721410937140434,3.205409676841015,worsened
width,A_tiny_jitter,B_learned_nugget,sim_00133,133,36.9689927394486,10.912335121358836,-26.056657618089766,improved
width,A_tiny_jitter,B_learned_nugget,sim_00134,134,5.4610996791512605,3.8308256086103833,-1.6302740705408771,improved
width,A_tiny_jitter,B_learned_nugget,sim_00135,135,0.2743183080983726,0.5083146488603347,0.23399634076196213,worsened
width,A_tiny_jitter,B_learned_nugget,sim_00137,137,3.9047430619813497,1.9179884969304624,-1.9867545650508873,improved
width,A_tiny_jitter,B_learned_nugget,sim_00138,138,6.8338956459350015,0.299066225834764,-6.5348294201002375,improved
width,A_tiny_jitter,B_learned_nugget,sim_00139,139,5.552363567696119,1.883876402585884,-3.668487165110235,improved
width,A_tiny_jitter,B_learned_nugget,sim_00140,140,5.579056276779937,3.0934442198447414,-2.485612056935196,improved
width,A_tiny_jitter,B_learned_nugget,sim_00141,141,3.4674617961528043,5.706757099336954,2.23929530318415,worsened
width,A_tiny_jitter,B_learned_nugget,sim_00142,142,4.671731959854242,2.0388938093321656,-2.632838150522076,improved
width,A_tiny_jitter,B_learned_nugget,sim_00143,143,1.5508778693708791,1.5593811802931583,0.008503310922279184,worsened
width,A_tiny_jitter,B_learned_nugget,sim_00144,144,3.74991040014595,6.6475286557582365,2.8976182556122865,worsened
width,A_tiny_jitter,B_learned_nugget,sim_00145,145,0.7352230240138908,3.3182012452201377,2.582978221206247,worsened
width,A_tiny_jitter,B_learned_nugget,sim_00146,146,1.037145720259474,2.449310621919864,1.41216490166039,worsened
width,A_tiny_jitter,B_learned_nugget,sim_00147,147,2.7246152078010084,0.2719103059838517,-2.4527049018171567,improved
width,A_tiny_jitter,B_learned_nugget,sim_00148,148,0.0503938193604653,0.990526389159612,0.9401325697991467,worsened
width,A_tiny_jitter,B_learned_nugget,sim_00149,149,0.0592334424257927,0.0776336713596634,0.0184002289338707,worsened
width,A_tiny_jitter,B_learned_nugget,sim_00150,150,0.046497159080971,0.8112822681608094,0.7647851090798384,worsened
width,A_tiny_jitter,B_learned_nugget,sim_00151,151,0.636772030378367,3.611007168083504,2.974235137705137,worsened
width,A_tiny_jitter,B_learned_nugget,sim_00152,152,3.454309740130441,3.580735150027664,0.12642540989722306,worsened
width,A_tiny_jitter,B_learned_nugget,sim_00153,153,3.779704435956617,1.2981893191143143,-2.481515116842303,improved
width,A_tiny_jitter,B_learned_nugget,sim_00154,154,0.0008032094668948,2.6286141255493334,2.6278109160824386,worsened
width,A_tiny_jitter,B_learned_nugget,sim_00155,155,3.768297002049593,0.8429349746774335,-2.9253620273721594,improved
width,A_tiny_jitter,B_learned_nugget,sim_00156,156,3.4223569080161558,2.632121790497848,-0.790235117518308,improved
width,A_tiny_jitter,B_learned_nugget,sim_00157,157,1.8829159212238693,0.8658084025748991,-1.0171075186489702,improved
width,A_tiny_jitter,B_learned_nugget,sim_00158,158,12.022733154833546,15.110617907769054,3.0878847529355085,worsened
width,A_tiny_jitter,B_learned_nugget,sim_00159,159,2.579091177288916,1.597014172377598,-0.9820770049113181,improved
width,A_tiny_jitter,B_learned_nugget,sim_00160,160,3.5760126791798825,1.922121025258491,-1.6538916539213915,improved
width,A_tiny_jitter,B_learned_nugget,sim_00161,161,0.5368760285994654,0.659167109308612,0.12229108070914663,worsened
width,A_tiny_jitter,B_learned_nugget,sim_00162,162,3.2470079093149598,0.9957441104744192,-2.2512637988405406,improved
width,A_tiny_jitter,B_learned_nugget,sim_00163,163,2.661228379348188,1.157769945873525,-1.5034584334746628,improved
width,A_tiny_jitter,B_learned_nugget,sim_00164,164,1.4482682640332598,1.8424054888052692,0.3941372247720094,worsened
width,A_tiny_jitter,B_learned_nugget,sim_00165,165,1.534283578446875,0.8049329842181692,-0.7293505942287057,improved
width,A_tiny_jitter,B_learned_nugget,sim_00166,166,5.8914632889033385,3.049211463969698,-2.8422518249336406,improved
width,A_tiny_jitter,B_learned_nugget,sim_00167,167,1.7856185905712891,0.5783006679105824,-1.2073179226607067,improved
width,A_tiny_jitter,B_learned_nugget,sim_00168,168,2.678161811618424,3.4962003918982987,0.8180385802798749,worsened
width,A_tiny_jitter,B_learned_nugget,sim_00169,169,10.313733356366924,0.657090395236736,-9.656642961130188,improved
width,A_tiny_jitter,B_learned_nugget,sim_00170,170,3.102383297087144,2.372331548204073,-0.7300517488830707,improved
width,A_tiny_jitter,B_learned_nugget,sim_00171,171,0.7341863992689781,0.5390017524610045,-0.19518464680797365,improved
width,A_tiny_jitter,B_learned_nugget,sim_00172,172,0.1616664097267488,0.0991814303969818,-0.062484979329767015,improved
width,A_tiny_jitter,B_learned_nugget,sim_00173,173,2.706029077174975,0.7952651481155044,-1.9107639290594705,improved
width,A_tiny_jitter,B_learned_nugget,sim_00174,174,2.6867956187103914,2.3274196332615986,-0.3593759854487928,improved
width,A_tiny_jitter,B_learned_nugget,sim_00175,175,10.05425532631979,10.185503695282094,0.13124836896230363,worsened
width,A_tiny_jitter,B_learned_nugget,sim_00176,176,8.93028056399946,1.4165880776447324,-7.513692486354728,improved
width,A_tiny_jitter,B_learned_nugget,sim_00177,177,1.6347088081443817,0.426515534453614,-1.2081932736907677,improved
width,A_tiny_jitter,B_learned_nugget,sim_00178,178,2.6233092387917623,1.5020843765378658,-1.1212248622538965,improved
width,A_tiny_jitter,B_learned_nugget,sim_00179,179,3.624928386332499,1.7896996089464778,-1.8352287773860212,improved
width,A_tiny_jitter,B_learned_nugget,sim_00180,180,2.4455483760418133,1.5284969937364394,-0.9170513823053739,improved
width,A_tiny_jitter,B_learned_nugget,sim_00181,181,0.2346981384201001,0.962488475436345,0.7277903370162448,worsened
width,A_tiny_jitter,B_learned_nugget,sim_00182,182,1.1096268080905531,1.7140549222165191,0.604428114125966,worsened
width,A_tiny_jitter,B_learned_nugget,sim_00183,183,1.5982243252476849,0.6575774028502224,-0.9406469223974625,improved
width,A_tiny_jitter,B_learned_nugget,sim_00184,184,1.7585121731088122,0.6996241842608129,-1.0588879888479994,improved
width,A_tiny_jitter,B_learned_nugget,sim_00185,185,0.3188018777911878,0.4563553914874632,0.1375535136962754,worsened
width,A_tiny_jitter,B_learned_nugget,sim_00186,186,2.733103615699406,0.7433974454656607,-1.9897061702337453,improved
width,A_tiny_jitter,B_learned_nugget,sim_00187,187,1.5585781915011694,5.34179990876757,3.7832217172664,worsened
width,A_tiny_jitter,B_learned_nugget,sim_00188,188,14.139416649047035,4.028783360572561,-10.110633288474475,improved
width,A_tiny_jitter,B_learned_nugget,sim_00189,189,20.207490066650134,4.6808328147714064,-15.526657251878728,improved
width,A_tiny_jitter,B_learned_nugget,sim_00190,190,0.1139758174289369,0.1502763714567407,0.036300554027803786,worsened
width,A_tiny_jitter,B_learned_nugget,sim_00191,191,0.2277291543367994,2.65508583421763,2.4273566798808304,worsened
width,A_tiny_jitter,B_learned_nugget,sim_00192,192,5.824317742829777,6.652585144826389,0.8282674019966123,worsened
width,A_tiny_jitter,B_learned_nugget,sim_00193,193,4.111156454991772,0.4522090043767264,-3.6589474506150452,improved
width,A_tiny_jitter,B_learned_nugget,sim_00194,194,1.9974796779374344,0.5371052554039295,-1.460374422533505,improved
width,A_tiny_jitter,B_learned_nugget,sim_00195,195,1.2063765826889608,1.4415309931695504,0.2351544104805896,worsened
width,A_tiny_jitter,B_learned_nugget,sim_00196,196,0.9783427131229416,2.1406822498069857,1.162339536684044,worsened
width,A_tiny_jitter,B_learned_nugget,sim_00197,197,8.262372951028652,5.316928412093773,-2.945444538934879,improved
width,A_tiny_jitter,B_learned_nugget,sim_00198,198,4.274455813234596,7.743090886188042,3.468635072953446,worsened
width,A_tiny_jitter,B_learned_nugget,sim_00199,199,20.443164248838144,2.3989150222255944,-18.04424922661255,improved
width,A_tiny_jitter,B_learned_nugget,sim_00200,200,1.7168931221328876,3.758205623648678,2.0413125015157902,worsened
width,A_tiny_jitter,B_learned_nugget,sim_00201,201,1.6421428417916104,1.6704960671915217,0.028353225399911253,worsened
width,A_tiny_jitter,B_learned_nugget,sim_00202,202,0.5686105708309128,0.8155725592284853,0.24696198839757244,worsened
width,A_tiny_jitter,B_learned_nugget,sim_00203,203,7.751246800691774,4.25771088423113,-3.493535916460644,improved
width,A_tiny_jitter,B_learned_nugget,sim_00204,204,1.6316448868253133,3.62420569949009,1.992560812664777,worsened
width,A_tiny_jitter,B_learned_nugget,sim_00205,205,1.7739643610006794,1.375171186902577,-0.39879317409810255,improved
width,A_tiny_jitter,B_learned_nugget,sim_00206,206,2.9572231149940365,1.049504929309478,-1.9077181856845584,improved
width,A_tiny_jitter,B_learned_nugget,sim_00207,207,0.5923509798301723,1.364024638806541,0.7716736589763686,worsened
width,A_tiny_jitter,B_learned_nugget,sim_00208,208,14.912545746834011,6.36337427812353,-8.549171468710481,improved
width,A_tiny_jitter,B_learned_nugget,sim_00209,209,6.105542766579589,0.9540619614853084,-5.15148080509428,improved
width,A_tiny_jitter,B_learned_nugget,sim_00210,210,6.426753368406082,4.861181388416071,-1.5655719799900112,improved
width,A_tiny_jitter,B_learned_nugget,sim_00211,211,5.176737709840182,1.4408856349642465,-3.735852074875936,improved
width,A_tiny_jitter,B_learned_nugget,sim_00212,212,5.530528351121376,4.1754441783994025,-1.3550841727219733,improved
width,A_tiny_jitter,B_learned_nugget,sim_00213,213,1.6170204877071512,4.482631582856811,2.86561109514966,worsened
width,A_tiny_jitter,B_learned_nugget,sim_00214,214,1.4445483641320038,4.060024486946787,2.6154761228147834,worsened
width,A_tiny_jitter,B_learned_nugget,sim_00215,215,1.4083192998779737,2.048479882548662,0.6401605826706884,worsened
width,A_tiny_jitter,B_learned_nugget,sim_00216,216,2.1854851970778952,3.3428044720539845,1.1573192749760892,worsened
width,A_tiny_jitter,B_learned_nugget,sim_00217,217,3.130351909005725,0.2461667465686048,-2.88418516243712,improved
width,A_tiny_jitter,B_learned_nugget,sim_00218,218,5.258266001844731,6.475780993989645,1.2175149921449133,worsened
width,A_tiny_jitter,B_learned_nugget,sim_00219,219,0.1347825470945167,0.6629173292098187,0.528134782115302,worsened
width,A_tiny_jitter,B_learned_nugget,sim_00220,220,3.810730839941215,2.693016395356068,-1.1177144445851472,improved
width,A_tiny_jitter,B_learned_nugget,sim_00221,221,0.873534005672937,0.1702192975427721,-0.703314708130165,improved
width,A_tiny_jitter,B_learned_nugget,sim_00222,222,4.755758453134575,3.718470728831648,-1.0372877243029275,improved
width,A_tiny_jitter,B_learned_nugget,sim_00223,223,18.70287291315711,4.98953957822485,-13.713333334932258,improved
width,A_tiny_jitter,B_learned_nugget,sim_00224,224,7.212752651908687,2.396586979010493,-4.816165672898194,improved
width,A_tiny_jitter,B_learned_nugget,sim_00225,225,1.7121888513328258,3.5040699255399943,1.7918810742071685,worsened
width,A_tiny_jitter,B_learned_nugget,sim_00226,226,8.479375643446787,1.5328021621480443,-6.946573481298742,improved
width,A_tiny_jitter,B_learned_nugget,sim_00227,227,3.6869121039544552,3.71118674814835,0.0242746441938948,worsened
width,A_tiny_jitter,B_learned_nugget,sim_00228,228,5.913697659809515,0.0745773525768527,-5.839120307232662,improved
width,A_tiny_jitter,B_learned_nugget,sim_00229,229,2.1322393142698104,2.6292730971864278,0.4970337829166174,worsened
width,A_tiny_jitter,B_learned_nugget,sim_00230,230,13.516225486831187,4.416841206848233,-9.099384279982955,improved
width,A_tiny_jitter,B_learned_nugget,sim_00231,231,1.8632525231150223,1.9076913946065588,0.04443887149153647,worsened
width,A_tiny_jitter,B_learned_nugget,sim_00232,232,3.477118603667805,1.423351859608772,-2.053766744059033,improved
width,A_tiny_jitter,B_learned_nugget,sim_00233,233,3.4652608674354326,2.1936143221382736,-1.271646545297159,improved
width,A_tiny_jitter,B_learned_nugget,sim_00234,234,6.290457875854429,0.086788816631099,-6.20366905922333,improved
width,A_tiny_jitter,B_learned_nugget,sim_00235,235,5.480581932374292,2.0800016134094506,-3.400580318964842,improved
width,A_tiny_jitter,B_learned_nugget,sim_00236,236,2.5997236680226194,2.3256880636822643,-0.2740356043403551,improved
width,A_tiny_jitter,B_learned_nugget,sim_00237,237,1.042773139649995,0.6523058351715179,-0.3904673044784772,improved
width,A_tiny_jitter,B_learned_nugget,sim_00238,238,1.1173455938391328,0.0480606705665422,-1.0692849232725905,improved
width,A_tiny_jitter,B_learned_nugget,sim_00239,239,9.398458813902849,1.996418349311455,-7.402040464591394,improved
width,A_tiny_jitter,B_learned_nugget,sim_00240,240,3.626654619689745,2.635210240319949,-0.991444379369796,improved
width,A_tiny_jitter,B_learned_nugget,sim_00241,241,5.168167137903978,1.5046598021882005,-3.663507335715778,improved
width,A_tiny_jitter,B_learned_nugget,sim_00242,242,2.606185912143218,0.0068893250473109,-2.599296587095907,improved
width,A_tiny_jitter,C_heteroskedastic,sim_00001,1,3.455335742603509,3.455233499960329,-0.00010224264318026144,improved
width,A_tiny_jitter,C_heteroskedastic,sim_00002,2,2.133658497898068,2.129325458626994,-0.004333039271074313,improved
width,A_tiny_jitter,C_heteroskedastic,sim_00003,3,16.664672951464667,16.672772098409922,0.008099146945255598,worsened
width,A_tiny_jitter,C_heteroskedastic,sim_00004,4,1.2132600921167125,1.214940580754984,0.0016804886382715267,worsened
width,A_tiny_jitter,C_heteroskedastic,sim_00005,5,0.6095611636035017,0.6093079214346631,-0.0002532421688385966,improved
width,A_tiny_jitter,C_heteroskedastic,sim_00006,6,10.47922421404938,10.456505962495456,-0.022718251553923707,improved
width,A_tiny_jitter,C_heteroskedastic,sim_00007,7,0.2936200973799998,0.2952710162117284,0.0016509188317286316,worsened
width,A_tiny_jitter,C_heteroskedastic,sim_00008,8,5.036895231571805,5.0423599738414,0.005464742269595035,worsened
width,A_tiny_jitter,C_heteroskedastic,sim_00009,9,1.6709416681741658,1.6697383656854043,-0.0012033024887614374,improved
width,A_tiny_jitter,C_heteroskedastic,sim_00010,10,4.306587079849521,4.308007262462212,0.0014201826126907235,worsened
width,A_tiny_jitter,C_heteroskedastic,sim_00011,11,0.5237328604298455,0.5231279474616315,-0.0006049129682139665,improved
width,A_tiny_jitter,C_heteroskedastic,sim_00012,12,1.9009787406317853,1.900493610432875,-0.00048513019891038844,improved
width,A_tiny_jitter,C_heteroskedastic,sim_00013,13,5.445856203006031,5.4384584469405866,-0.007397756065444128,improved
width,A_tiny_jitter,C_heteroskedastic,sim_00014,14,8.68657099594742,8.687287621955164,0.0007166260077440256,worsened
width,A_tiny_jitter,C_heteroskedastic,sim_00015,15,3.6993527022132175,3.695490312615817,-0.003862389597400373,improved
width,A_tiny_jitter,C_heteroskedastic,sim_00016,16,3.604218268433272,3.6050966696113846,0.0008784011781126644,worsened
width,A_tiny_jitter,C_heteroskedastic,sim_00017,17,0.5318064255968835,0.5317778825399984,-2.8543056885155238e-05,improved
width,A_tiny_jitter,C_heteroskedastic,sim_00018,18,0.6123637945747333,0.6697827735386568,0.05741897896392345,worsened
width,A_tiny_jitter,C_heteroskedastic,sim_00019,19,4.069474243500963,4.068549563581684,-0.0009246799192785815,improved
width,A_tiny_jitter,C_heteroskedastic,sim_00020,20,1.002241354762063,1.0041648373950665,0.0019234826330034593,worsened
width,A_tiny_jitter,C_heteroskedastic,sim_00021,21,0.2971603734871451,0.2971875335169329,2.7160029787809403e-05,worsened
width,A_tiny_jitter,C_heteroskedastic,sim_00022,22,0.0633893115838475,0.0643888309367923,0.0009995193529448027,worsened
width,A_tiny_jitter,C_heteroskedastic,sim_00023,23,5.591807806015879,5.581399475189471,-0.010408330826408019,improved
width,A_tiny_jitter,C_heteroskedastic,sim_00024,24,0.4021993618181056,0.4020632605195828,-0.00013610129852281716,improved
width,A_tiny_jitter,C_heteroskedastic,sim_00025,25,0.7783589798359145,0.7839970048692493,0.00563802503333477,worsened
width,A_tiny_jitter,C_heteroskedastic,sim_00026,26,2.587817326314479,2.587810102398649,-7.223915829968064e-06,improved
width,A_tiny_jitter,C_heteroskedastic,sim_00027,27,1.3959940431639666,1.3958280784688384,-0.00016596469512819567,improved
width,A_tiny_jitter,C_heteroskedastic,sim_00028,28,1.1783018776739027,1.1779722766922305,-0.00032960098167222895,improved
width,A_tiny_jitter,C_heteroskedastic,sim_00029,29,0.2180924659737115,0.2181719569832978,7.949100958629107e-05,worsened
width,A_tiny_jitter,C_heteroskedastic,sim_00030,30,1.104521944327132,1.1067612719463682,0.0022393276192362865,worsened
width,A_tiny_jitter,C_heteroskedastic,sim_00031,31,4.940099683446107,4.939475986290034,-0.0006236971560724669,improved
width,A_tiny_jitter,C_heteroskedastic,sim_00032,32,3.0690765502845068,3.0674827450962425,-0.0015938051882642412,improved
width,A_tiny_jitter,C_heteroskedastic,sim_00033,33,18.55571776772595,18.556526477334277,0.0008087096083251311,worsened
width,A_tiny_jitter,C_heteroskedastic,sim_00034,34,1.4944738402496114,1.4941791156815043,-0.00029472456810708536,improved
width,A_tiny_jitter,C_heteroskedastic,sim_00035,35,1.099921064317556,1.1083736811938536,0.008452616876297503,worsened
width,A_tiny_jitter,C_heteroskedastic,sim_00036,36,0.5363880885229833,0.5363137682751358,-7.432024784748137e-05,improved
width,A_tiny_jitter,C_heteroskedastic,sim_00037,37,0.0326481638001041,0.0346802223352824,0.0020320585351783008,worsened
width,A_tiny_jitter,C_heteroskedastic,sim_00038,38,0.2882106395988728,0.2881384178320729,-7.222176679988479e-05,improved
width,A_tiny_jitter,C_heteroskedastic,sim_00039,39,18.631296837025676,18.634140459330155,0.0028436223044785436,worsened
width,A_tiny_jitter,C_heteroskedastic,sim_00040,40,4.575830346598821,4.574427967620451,-0.0014023789783692564,improved
width,A_tiny_jitter,C_heteroskedastic,sim_00041,41,27.091070863062072,27.09240561529492,0.0013347522328466255,worsened
width,A_tiny_jitter,C_heteroskedastic,sim_00042,42,0.1293928554629673,0.1307253057749022,0.0013324503119349074,worsened
width,A_tiny_jitter,C_heteroskedastic,sim_00043,43,2.3587514914528924,2.363475980512902,0.004724489060009773,worsened
width,A_tiny_jitter,C_heteroskedastic,sim_00044,44,1.838869077220636,1.8368985420661657,-0.001970535154470321,improved
width,A_tiny_jitter,C_heteroskedastic,sim_00045,45,1.1333864451104034,1.1359566680660578,0.0025702229556543443,worsened
width,A_tiny_jitter,C_heteroskedastic,sim_00046,46,2.2137318519917244,2.2134031799385525,-0.00032867205317188564,improved
width,A_tiny_jitter,C_heteroskedastic,sim_00047,47,2.983946357072199,2.9852316616064485,0.0012853045342495761,worsened
width,A_tiny_jitter,C_heteroskedastic,sim_00048,48,4.654912512961516,4.654577183492393,-0.0003353294691237352,improved
width,A_tiny_jitter,C_heteroskedastic,sim_00049,49,0.5369931380064372,0.5362336026492756,-0.000759535357161667,improved
width,A_tiny_jitter,C_heteroskedastic,sim_00050,50,3.71783457466924,3.716988705776117,-0.0008458688931232139,improved
width,A_tiny_jitter,C_heteroskedastic,sim_00051,51,3.162050905071794,3.1626101955561694,0.0005592904843751967,worsened
width,A_tiny_jitter,C_heteroskedastic,sim_00052,52,0.7925443180487832,0.7967960169538628,0.004251698905079593,worsened
width,A_tiny_jitter,C_heteroskedastic,sim_00053,53,0.8532408994436764,0.854256749511336,0.001015850067659585,worsened
width,A_tiny_jitter,C_heteroskedastic,sim_00054,54,2.9655580027013286,2.966629682058681,0.0010716793573521954,worsened
width,A_tiny_jitter,C_heteroskedastic,sim_00055,55,21.60362915927979,21.61506073522449,0.011431575944698125,worsened
width,A_tiny_jitter,C_heteroskedastic,sim_00056,56,0.3711148836893017,0.3713149434431102,0.0002000597538085458,worsened
width,A_tiny_jitter,C_heteroskedastic,sim_00057,57,6.687350766079504,6.68143580752627,-0.005914958553233873,improved
width,A_tiny_jitter,C_heteroskedastic,sim_00058,58,1.2105519597369891,1.2100460149785874,-0.0005059447584017107,improved
width,A_tiny_jitter,C_heteroskedastic,sim_00059,59,3.288694112920865,3.288519586722174,-0.0001745261986911828,improved
width,A_tiny_jitter,C_heteroskedastic,sim_00060,60,0.0449413719788651,0.044870121382047,-7.125059681810375e-05,improved
width,A_tiny_jitter,C_heteroskedastic,sim_00061,61,25.62691438489037,25.631671447764063,0.004757062873693485,worsened
width,A_tiny_jitter,C_heteroskedastic,sim_00062,62,4.288051384031746,4.289078734585615,0.0010273505538691552,worsened
width,A_tiny_jitter,C_heteroskedastic,sim_00063,63,0.3757392995694602,0.3774519133833678,0.0017126138139076375,worsened
width,A_tiny_jitter,C_heteroskedastic,sim_00064,64,15.191536670069668,15.190783092283963,-0.0007535777857050618,improved
width,A_tiny_jitter,C_heteroskedastic,sim_00065,65,0.2688902680276328,0.269138153869136,0.0002478858415032037,worsened
width,A_tiny_jitter,C_heteroskedastic,sim_00066,66,2.800309327451941,2.8004895575030275,0.00018023005108647183,worsened
width,A_tiny_jitter,C_heteroskedastic,sim_00067,67,7.562854882331607,7.562653265798616,-0.00020161653299055615,improved
width,A_tiny_jitter,C_heteroskedastic,sim_00068,68,1.177415476383857,1.173303472150053,-0.004112004233803868,improved
width,A_tiny_jitter,C_heteroskedastic,sim_00069,69,8.366832233106749,8.365638799321346,-0.0011934337854029309,improved
width,A_tiny_jitter,C_heteroskedastic,sim_00070,70,0.6234857383779513,0.6239404770422539,0.0004547386643025675,worsened
width,A_tiny_jitter,C_heteroskedastic,sim_00071,71,1.2649858316186453,1.2637032772410637,-0.001282554377581624,improved
width,A_tiny_jitter,C_heteroskedastic,sim_00072,72,3.497420471462334,3.491647860121958,-0.005772611340375988,improved
width,A_tiny_jitter,C_heteroskedastic,sim_00073,73,4.928620968984319,4.928569210959864,-5.175802445478439e-05,improved
width,A_tiny_jitter,C_heteroskedastic,sim_00074,74,5.542438024147856,5.542344552938289,-9.347120956704202e-05,improved
width,A_tiny_jitter,C_heteroskedastic,sim_00075,75,1.759010539160954,1.758076933072033,-0.000933606088921124,improved
width,A_tiny_jitter,C_heteroskedastic,sim_00076,76,5.245688206151868,5.244811304787532,-0.0008769013643359358,improved
width,A_tiny_jitter,C_heteroskedastic,sim_00077,77,2.849410645307444,2.85022448371268,0.000813838405235856,worsened
width,A_tiny_jitter,C_heteroskedastic,sim_00078,78,1.965285913124745,1.968062438518388,0.0027765253936429257,worsened
width,A_tiny_jitter,C_heteroskedastic,sim_00079,79,0.590373167746435,0.5901939437860619,-0.00017922396037306498,improved
width,A_tiny_jitter,C_heteroskedastic,sim_00080,80,2.2618875429963907,2.259957618470594,-0.0019299245257968778,improved
width,A_tiny_jitter,C_heteroskedastic,sim_00081,81,0.5553686738250292,0.5555037469752051,0.00013507315017591282,worsened
width,A_tiny_jitter,C_heteroskedastic,sim_00082,82,3.0893080892848275,3.087045581449928,-0.002262507834899452,improved
width,A_tiny_jitter,C_heteroskedastic,sim_00083,83,0.8744548029065982,0.8752196439695297,0.0007648410629315094,worsened
width,A_tiny_jitter,C_heteroskedastic,sim_00084,84,5.057681866188545,5.0549011750183865,-0.0027806911701588888,improved
width,A_tiny_jitter,C_heteroskedastic,sim_00085,85,1.4867353499350315,1.4867387760846782,3.426149646656995e-06,worsened
width,A_tiny_jitter,C_heteroskedastic,sim_00086,86,0.6192946304927602,0.6142845836865831,-0.005010046806177115,improved
width,A_tiny_jitter,C_heteroskedastic,sim_00087,87,5.153186980479859,5.151671036963592,-0.0015159435162672708,improved
width,A_tiny_jitter,C_heteroskedastic,sim_00088,88,2.913207956629265,2.911573614296259,-0.001634342333006078,improved
width,A_tiny_jitter,C_heteroskedastic,sim_00089,89,4.931451008707143,4.930349222857814,-0.0011017858493289623,improved
width,A_tiny_jitter,C_heteroskedastic,sim_00090,90,1.8506923758895653,1.850968698316677,0.0002763224271118414,worsened
width,A_tiny_jitter,C_heteroskedastic,sim_00091,91,0.6831234676284055,0.6836632639532638,0.0005397963248583437,worsened
width,A_tiny_jitter,C_heteroskedastic,sim_00092,92,0.4394927065404488,0.4399201460589381,0.00042743951848928097,worsened
width,A_tiny_jitter,C_heteroskedastic,sim_00093,93,1.8986844265694172,1.895582370780545,-0.0031020557888721267,improved
width,A_tiny_jitter,C_heteroskedastic,sim_00094,94,1.0426084360375114,1.042146723685704,-0.00046171235180736403,improved
width,A_tiny_jitter,C_heteroskedastic,sim_00095,95,4.853835971869245,4.853194409623313,-0.0006415622459314818,improved
width,A_tiny_jitter,C_heteroskedastic,sim_00096,96,1.5154038125197644,1.5137921636118392,-0.0016116489079252005,improved
width,A_tiny_jitter,C_heteroskedastic,sim_00097,97,1.79215043998596,1.792484716223356,0.00033427623739590295,worsened
width,A_tiny_jitter,C_heteroskedastic,sim_00098,98,1.1519466853028746,1.1518715667046138,-7.51185982608149e-05,improved
width,A_tiny_jitter,C_heteroskedastic,sim_00099,99,0.9289336456791376,0.9293579559194995,0.0004243102403619359,worsened
width,A_tiny_jitter,C_heteroskedastic,sim_00100,100,4.919413004877981,4.918515549341265,-0.0008974555367160519,improved
width,A_tiny_jitter,C_heteroskedastic,sim_00101,101,66.00418401099788,66.00474236422338,0.000558353225500241,worsened
width,A_tiny_jitter,C_heteroskedastic,sim_00102,102,2.6107779332829466,2.610688491131725,-8.944215122141941e-05,improved
width,A_tiny_jitter,C_heteroskedastic,sim_00103,103,3.689394675628364,3.685726499803252,-0.00366817582511203,improved
width,A_tiny_jitter,C_heteroskedastic,sim_00104,104,0.6975613678934849,0.698195851329217,0.0006344834357321361,worsened
width,A_tiny_jitter,C_heteroskedastic,sim_00105,105,3.7413719650666337,3.741225853685677,-0.00014611138095688148,improved
width,A_tiny_jitter,C_heteroskedastic,sim_00106,106,4.586134089920648,4.584713443181073,-0.0014206467395752043,improved
width,A_tiny_jitter,C_heteroskedastic,sim_00107,107,10.437210343848278,10.43188708134224,-0.005323262506038873,improved
width,A_tiny_jitter,C_heteroskedastic,sim_00108,108,1.8323561821763972,1.831297187834025,-0.0010589943423722215,improved
width,A_tiny_jitter,C_heteroskedastic,sim_00109,109,1.5198044748242694,1.5154106730163903,-0.004393801807879072,improved
width,A_tiny_jitter,C_heteroskedastic,sim_00110,110,6.51231180397042,6.512448067495143,0.000136263524722402,worsened
width,A_tiny_jitter,C_heteroskedastic,sim_00111,111,13.541975535404276,13.542576724893678,0.0006011894894015768,worsened
width,A_tiny_jitter,C_heteroskedastic,sim_00112,112,9.574306615213942,9.573950931134334,-0.0003556840796079541,improved
width,A_tiny_jitter,C_heteroskedastic,sim_00113,113,2.418864242473745,2.418013127424217,-0.0008511150495280617,improved
width,A_tiny_jitter,C_heteroskedastic,sim_00114,114,3.2600088699033165,3.262388276429192,0.002379406525875538,worsened
width,A_tiny_jitter,C_heteroskedastic,sim_00115,115,2.476553030991312,2.4739144855962536,-0.002638545395058589,improved
width,A_tiny_jitter,C_heteroskedastic,sim_00116,116,14.20576932082355,14.202155751582469,-0.003613569241080583,improved
width,A_tiny_jitter,C_heteroskedastic,sim_00117,117,0.4728680547527233,0.4728167541339019,-5.13006188214149e-05,improved
width,A_tiny_jitter,C_heteroskedastic,sim_00118,118,26.138790247579067,26.13963400891862,0.0008437613395528842,worsened
width,A_tiny_jitter,C_heteroskedastic,sim_00119,119,1.402620445464919,1.402674237426652,5.379196173316281e-05,worsened
width,A_tiny_jitter,C_heteroskedastic,sim_00120,120,15.932505568013624,15.931035911476071,-0.0014696565375533766,improved
width,A_tiny_jitter,C_heteroskedastic,sim_00121,121,0.2753795708085533,0.2761274395476505,0.0007478687390972127,worsened
width,A_tiny_jitter,C_heteroskedastic,sim_00122,122,11.112154261191703,11.110284320148793,-0.0018699410429103835,improved
width,A_tiny_jitter,C_heteroskedastic,sim_00123,123,3.553018707484256,3.552087948647028,-0.0009307588372280406,improved
width,A_tiny_jitter,C_heteroskedastic,sim_00124,124,4.917159273255862,4.916471507893789,-0.0006877653620733781,improved
width,A_tiny_jitter,C_heteroskedastic,sim_00125,125,0.9750656473189564,0.9746891887041896,-0.00037645861476676146,improved
width,A_tiny_jitter,C_heteroskedastic,sim_00126,126,6.1798646254052585,6.179890896327692,2.6270922433901944e-05,worsened
width,A_tiny_jitter,C_heteroskedastic,sim_00127,127,17.245456757508606,17.244934957817577,-0.0005217996910289457,improved
width,A_tiny_jitter,C_heteroskedastic,sim_00128,128,0.0595504181447381,0.0613573683630193,0.0018069502182812003,worsened
width,A_tiny_jitter,C_heteroskedastic,sim_00129,129,2.01502659697249,2.012825977116762,-0.0022006198557278367,improved
width,A_tiny_jitter,C_heteroskedastic,sim_00130,130,11.006586326445388,11.002592133911833,-0.003994192533555818,improved
width,A_tiny_jitter,C_heteroskedastic,sim_00131,131,1.837113399739465,1.8380522230655885,0.0009388233261233836,worsened
width,A_tiny_jitter,C_heteroskedastic,sim_00132,132,0.5160012602994186,0.5140405363767684,-0.0019607239226502315,improved
width,A_tiny_jitter,C_heteroskedastic,sim_00133,133,36.9689927394486,36.959733904604434,-0.009258834844168007,improved
width,A_tiny_jitter,C_heteroskedastic,sim_00134,134,5.4610996791512605,5.464243898424883,0.003144219273622184,worsened
width,A_tiny_jitter,C_heteroskedastic,sim_00135,135,0.2743183080983726,0.2739500495141271,-0.0003682585842454955,improved
width,A_tiny_jitter,C_heteroskedastic,sim_00137,137,3.9047430619813497,3.906140040384514,0.0013969784031644394,worsened
width,A_tiny_jitter,C_heteroskedastic,sim_00138,138,6.8338956459350015,6.832803883191502,-0.0010917627434992028,improved
width,A_tiny_jitter,C_heteroskedastic,sim_00139,139,5.552363567696119,5.551764238161269,-0.0005993295348503125,improved
width,A_tiny_jitter,C_heteroskedastic,sim_00140,140,5.579056276779937,5.574636531830237,-0.004419744949700544,improved
width,A_tiny_jitter,C_heteroskedastic,sim_00141,141,3.4674617961528043,3.466468973442346,-0.0009928227104580856,improved
width,A_tiny_jitter,C_heteroskedastic,sim_00142,142,4.671731959854242,4.6711670751076895,-0.0005648847465522522,improved
width,A_tiny_jitter,C_heteroskedastic,sim_00143,143,1.5508778693708791,1.550213191351432,-0.0006646780194470292,improved
width,A_tiny_jitter,C_heteroskedastic,sim_00144,144,3.74991040014595,3.749346218972392,-0.0005641811735581648,improved
width,A_tiny_jitter,C_heteroskedastic,sim_00145,145,0.7352230240138908,0.7352669147133497,4.3890699458870586e-05,worsened
width,A_tiny_jitter,C_heteroskedastic,sim_00146,146,1.037145720259474,1.0372119719876594,6.6251728185307e-05,worsened
width,A_tiny_jitter,C_heteroskedastic,sim_00147,147,2.7246152078010084,2.7245555129058943,-5.9694895114148494e-05,improved
width,A_tiny_jitter,C_heteroskedastic,sim_00148,148,0.0503938193604653,0.0504125545897977,1.8735229332399184e-05,worsened
width,A_tiny_jitter,C_heteroskedastic,sim_00149,149,0.0592334424257927,0.0592820072821069,4.8564856314201044e-05,worsened
width,A_tiny_jitter,C_heteroskedastic,sim_00150,150,0.046497159080971,0.0464712969898784,-2.5862091092600237e-05,improved
width,A_tiny_jitter,C_heteroskedastic,sim_00151,151,0.636772030378367,0.6367008279056705,-7.120247269654101e-05,improved
width,A_tiny_jitter,C_heteroskedastic,sim_00152,152,3.454309740130441,3.4540948792883626,-0.00021486084207822387,improved
width,A_tiny_jitter,C_heteroskedastic,sim_00153,153,3.779704435956617,3.783214868527125,0.00351043257050776,worsened
width,A_tiny_jitter,C_heteroskedastic,sim_00154,154,0.0008032094668948,0.0534309066597842,0.0526276971928894,worsened
width,A_tiny_jitter,C_heteroskedastic,sim_00155,155,3.768297002049593,3.768081642873881,-0.00021535917571213758,improved
width,A_tiny_jitter,C_heteroskedastic,sim_00156,156,3.4223569080161558,3.4233134854056857,0.0009565773895299223,worsened
width,A_tiny_jitter,C_heteroskedastic,sim_00157,157,1.8829159212238693,1.883137860541268,0.00022193931739877826,worsened
width,A_tiny_jitter,C_heteroskedastic,sim_00158,158,12.022733154833546,12.006549425515686,-0.016183729317859274,improved
width,A_tiny_jitter,C_heteroskedastic,sim_00159,159,2.579091177288916,2.582541544840751,0.003450367551835143,worsened
width,A_tiny_jitter,C_heteroskedastic,sim_00160,160,3.5760126791798825,3.574577512757827,-0.001435166422055545,improved
width,A_tiny_jitter,C_heteroskedastic,sim_00161,161,0.5368760285994654,0.5307527116787298,-0.006123316920735533,improved
width,A_tiny_jitter,C_heteroskedastic,sim_00162,162,3.2470079093149598,3.260284428968504,0.013276519653544039,worsened
width,A_tiny_jitter,C_heteroskedastic,sim_00163,163,2.661228379348188,2.6610303488883176,-0.0001980304598703242,improved
width,A_tiny_jitter,C_heteroskedastic,sim_00164,164,1.4482682640332598,1.4482103542439972,-5.7909789262566846e-05,improved
width,A_tiny_jitter,C_heteroskedastic,sim_00165,165,1.534283578446875,1.5312021403388485,-0.003081438108026413,improved
width,A_tiny_jitter,C_heteroskedastic,sim_00166,166,5.8914632889033385,5.887034894119694,-0.004428394783644762,improved
width,A_tiny_jitter,C_heteroskedastic,sim_00167,167,1.7856185905712891,1.7834555929059093,-0.002162997665379862,improved
width,A_tiny_jitter,C_heteroskedastic,sim_00168,168,2.678161811618424,2.6803325974251493,0.0021707858067254726,worsened
width,A_tiny_jitter,C_heteroskedastic,sim_00169,169,10.313733356366924,10.315066426155653,0.0013330697887283804,worsened
width,A_tiny_jitter,C_heteroskedastic,sim_00170,170,3.102383297087144,3.102238522732222,-0.00014477435492210589,improved
width,A_tiny_jitter,C_heteroskedastic,sim_00171,171,0.7341863992689781,0.7302195015790431,-0.003966897689934967,improved
width,A_tiny_jitter,C_heteroskedastic,sim_00172,172,0.1616664097267488,0.1576201711177702,-0.004046238608978597,improved
width,A_tiny_jitter,C_heteroskedastic,sim_00173,173,2.706029077174975,2.7053897817702506,-0.0006392954047242938,improved
width,A_tiny_jitter,C_heteroskedastic,sim_00174,174,2.6867956187103914,2.686890883172339,9.526446194740856e-05,worsened
width,A_tiny_jitter,C_heteroskedastic,sim_00175,175,10.05425532631979,10.052595916421112,-0.001659409898678632,improved
width,A_tiny_jitter,C_heteroskedastic,sim_00176,176,8.93028056399946,8.919786685302043,-0.010493878697417358,improved
width,A_tiny_jitter,C_heteroskedastic,sim_00177,177,1.6347088081443817,1.6338312502690826,-0.0008775578752990842,improved
width,A_tiny_jitter,C_heteroskedastic,sim_00178,178,2.6233092387917623,2.6233378387470765,2.859995531423465e-05,worsened
width,A_tiny_jitter,C_heteroskedastic,sim_00179,179,3.624928386332499,3.623954450341557,-0.0009739359909421985,improved
width,A_tiny_jitter,C_heteroskedastic,sim_00180,180,2.4455483760418133,2.449826314534363,0.004277938492549538,worsened
width,A_tiny_jitter,C_heteroskedastic,sim_00181,181,0.2346981384201001,0.2368134141833024,0.0021152757632023067,worsened
width,A_tiny_jitter,C_heteroskedastic,sim_00182,182,1.1096268080905531,1.1059501520143158,-0.00367665607623735,improved
width,A_tiny_jitter,C_heteroskedastic,sim_00183,183,1.5982243252476849,1.596429937794312,-0.0017943874533727922,improved
width,A_tiny_jitter,C_heteroskedastic,sim_00184,184,1.7585121731088122,1.7593680918667474,0.0008559187579351146,worsened
width,A_tiny_jitter,C_heteroskedastic,sim_00185,185,0.3188018777911878,0.319992399450669,0.0011905216594811918,worsened
width,A_tiny_jitter,C_heteroskedastic,sim_00186,186,2.733103615699406,2.734251317774124,0.0011477020747179267,worsened
width,A_tiny_jitter,C_heteroskedastic,sim_00187,187,1.5585781915011694,1.5569943910039683,-0.0015838004972010822,improved
width,A_tiny_jitter,C_heteroskedastic,sim_00188,188,14.139416649047035,14.148628641801196,0.009211992754160292,worsened
width,A_tiny_jitter,C_heteroskedastic,sim_00189,189,20.207490066650134,20.209054520088443,0.0015644534383092434,worsened
width,A_tiny_jitter,C_heteroskedastic,sim_00190,190,0.1139758174289369,0.1109988771465566,-0.002976940282380311,improved
width,A_tiny_jitter,C_heteroskedastic,sim_00191,191,0.2277291543367994,0.2292472877170723,0.0015181333802729013,worsened
width,A_tiny_jitter,C_heteroskedastic,sim_00192,192,5.824317742829777,5.82432347338019,5.730550412863522e-06,worsened
width,A_tiny_jitter,C_heteroskedastic,sim_00193,193,4.111156454991772,4.107646783087063,-0.0035096719047089664,improved
width,A_tiny_jitter,C_heteroskedastic,sim_00194,194,1.9974796779374344,2.018457926391278,0.020978248453843662,worsened
width,A_tiny_jitter,C_heteroskedastic,sim_00195,195,1.2063765826889608,1.203402939155609,-0.002973643533351833,improved
width,A_tiny_jitter,C_heteroskedastic,sim_00196,196,0.9783427131229416,0.9802672677035388,0.0019245545805971487,worsened
width,A_tiny_jitter,C_heteroskedastic,sim_00197,197,8.262372951028652,8.262853868758185,0.00048091772953284817,worsened
width,A_tiny_jitter,C_heteroskedastic,sim_00198,198,4.274455813234596,4.287522899657205,0.013067086422609009,worsened
width,A_tiny_jitter,C_heteroskedastic,sim_00199,199,20.443164248838144,20.44531106953812,0.00214682069997707,worsened
width,A_tiny_jitter,C_heteroskedastic,sim_00200,200,1.7168931221328876,1.7200464550737706,0.003153332940883047,worsened
width,A_tiny_jitter,C_heteroskedastic,sim_00201,201,1.6421428417916104,1.6325009630363354,-0.009641878755275002,improved
width,A_tiny_jitter,C_heteroskedastic,sim_00202,202,0.5686105708309128,0.5718877123673849,0.0032771415364720724,worsened
width,A_tiny_jitter,C_heteroskedastic,sim_00203,203,7.751246800691774,7.750381372721193,-0.0008654279705808676,improved
width,A_tiny_jitter,C_heteroskedastic,sim_00204,204,1.6316448868253133,1.646724420440307,0.015079533614993812,worsened
width,A_tiny_jitter,C_heteroskedastic,sim_00205,205,1.7739643610006794,1.7725942111205484,-0.0013701498801310663,improved
width,A_tiny_jitter,C_heteroskedastic,sim_00206,206,2.9572231149940365,2.959996266118452,0.0027731511244155627,worsened
width,A_tiny_jitter,C_heteroskedastic,sim_00207,207,0.5923509798301723,0.5941433228291828,0.0017923429990105433,worsened
width,A_tiny_jitter,C_heteroskedastic,sim_00208,208,14.912545746834011,14.907225457262626,-0.005320289571384862,improved
width,A_tiny_jitter,C_heteroskedastic,sim_00209,209,6.105542766579589,6.101496359968763,-0.00404640661082567,improved
width,A_tiny_jitter,C_heteroskedastic,sim_00210,210,6.426753368406082,6.426219763218199,-0.000533605187882813,improved
width,A_tiny_jitter,C_heteroskedastic,sim_00211,211,5.176737709840182,5.173172620874254,-0.0035650889659279983,improved
width,A_tiny_jitter,C_heteroskedastic,sim_00212,212,5.530528351121376,5.529054055706268,-0.0014742954151074628,improved
width,A_tiny_jitter,C_heteroskedastic,sim_00213,213,1.6170204877071512,1.6160946634530546,-0.0009258242540965966,improved
width,A_tiny_jitter,C_heteroskedastic,sim_00214,214,1.4445483641320038,1.444870102180403,0.0003217380483990784,worsened
width,A_tiny_jitter,C_heteroskedastic,sim_00215,215,1.4083192998779737,1.40856579143545,0.0002464915574762472,worsened
width,A_tiny_jitter,C_heteroskedastic,sim_00216,216,2.1854851970778952,2.183079768626669,-0.0024054284512260438,improved
width,A_tiny_jitter,C_heteroskedastic,sim_00217,217,3.130351909005725,3.133200224204046,0.002848315198320961,worsened
width,A_tiny_jitter,C_heteroskedastic,sim_00218,218,5.258266001844731,5.255292578453691,-0.002973423391040342,improved
width,A_tiny_jitter,C_heteroskedastic,sim_00219,219,0.1347825470945167,0.1347812374194177,-1.3096750990093664e-06,improved
width,A_tiny_jitter,C_heteroskedastic,sim_00220,220,3.810730839941215,3.803853226885821,-0.006877613055394249,improved
width,A_tiny_jitter,C_heteroskedastic,sim_00221,221,0.873534005672937,0.8727364852652357,-0.0007975204077013132,improved
width,A_tiny_jitter,C_heteroskedastic,sim_00222,222,4.755758453134575,4.755304067329803,-0.000454385804772528,improved
width,A_tiny_jitter,C_heteroskedastic,sim_00223,223,18.70287291315711,18.698555123683377,-0.004317789473731182,improved
width,A_tiny_jitter,C_heteroskedastic,sim_00224,224,7.212752651908687,7.211355316774501,-0.0013973351341860507,improved
width,A_tiny_jitter,C_heteroskedastic,sim_00225,225,1.7121888513328258,1.706752172659833,-0.005436678672992912,improved
width,A_tiny_jitter,C_heteroskedastic,sim_00226,226,8.479375643446787,8.476901329474089,-0.002474313972697928,improved
width,A_tiny_jitter,C_heteroskedastic,sim_00227,227,3.6869121039544552,3.684629712479449,-0.002282391475006307,improved
width,A_tiny_jitter,C_heteroskedastic,sim_00228,228,5.913697659809515,5.9098901121493554,-0.0038075476601591163,improved
width,A_tiny_jitter,C_heteroskedastic,sim_00229,229,2.1322393142698104,2.132086485098597,-0.00015282917121339779,improved
width,A_tiny_jitter,C_heteroskedastic,sim_00230,230,13.516225486831187,13.514816226700331,-0.0014092601308561825,improved
width,A_tiny_jitter,C_heteroskedastic,sim_00231,231,1.8632525231150223,1.861668739615368,-0.0015837834996543787,improved
width,A_tiny_jitter,C_heteroskedastic,sim_00232,232,3.477118603667805,3.477625416071504,0.0005068124036990973,worsened
width,A_tiny_jitter,C_heteroskedastic,sim_00233,233,3.4652608674354326,3.463871522293033,-0.001389345142399634,improved
width,A_tiny_jitter,C_heteroskedastic,sim_00234,234,6.290457875854429,6.295186413409965,0.00472853755553615,worsened
width,A_tiny_jitter,C_heteroskedastic,sim_00235,235,5.480581932374292,5.483368286544788,0.002786354170495997,worsened
width,A_tiny_jitter,C_heteroskedastic,sim_00236,236,2.5997236680226194,2.609616755135164,0.009893087112544663,worsened
width,A_tiny_jitter,C_heteroskedastic,sim_00237,237,1.042773139649995,1.039894856237595,-0.002878283412400151,improved
width,A_tiny_jitter,C_heteroskedastic,sim_00238,238,1.1173455938391328,1.1199831004955456,0.0026375066564128247,worsened
width,A_tiny_jitter,C_heteroskedastic,sim_00239,239,9.398458813902849,9.367001742159786,-0.03145707174306267,improved
width,A_tiny_jitter,C_heteroskedastic,sim_00240,240,3.626654619689745,3.6292626790946514,0.002608059404906271,worsened
width,A_tiny_jitter,C_heteroskedastic,sim_00241,241,5.168167137903978,5.137874594980914,-0.030292542923064047,improved
width,A_tiny_jitter,C_heteroskedastic,sim_00242,242,2.606185912143218,2.5882734679756254,-0.017912444167592412,improved
width,B_learned_nugget,C_heteroskedastic,sim_00001,1,0.4929438375394142,3.455233499960329,2.9622896624209147,worsened
width,B_learned_nugget,C_heteroskedastic,sim_00002,2,4.171335469695976,2.129325458626994,-2.0420100110689825,improved
width,B_learned_nugget,C_heteroskedastic,sim_00003,3,15.848389949781904,16.672772098409922,0.8243821486280183,worsened
width,B_learned_nugget,C_heteroskedastic,sim_00004,4,0.4684393282210521,1.214940580754984,0.7465012525339318,worsened
width,B_learned_nugget,C_heteroskedastic,sim_00005,5,3.3464349606257144,0.6093079214346631,-2.7371270391910514,improved
width,B_learned_nugget,C_heteroskedastic,sim_00006,6,4.287210038478207,10.456505962495456,6.1692959240172485,worsened
width,B_learned_nugget,C_heteroskedastic,sim_00007,7,2.2180068828813546,0.2952710162117284,-1.9227358666696261,improved
width,B_learned_nugget,C_heteroskedastic,sim_00008,8,3.767440892922309,5.0423599738414,1.2749190809190907,worsened
width,B_learned_nugget,C_heteroskedastic,sim_00009,9,3.983156536502449,1.6697383656854043,-2.3134181708170445,improved
width,B_learned_nugget,C_heteroskedastic,sim_00010,10,6.031121304398681,4.308007262462212,-1.7231140419364692,improved
width,B_learned_nugget,C_heteroskedastic,sim_00011,11,2.696823739483591,0.5231279474616315,-2.1736957920219595,improved
width,B_learned_nugget,C_heteroskedastic,sim_00012,12,1.8301123058430164,1.900493610432875,0.07038130458985847,worsened
width,B_learned_nugget,C_heteroskedastic,sim_00013,13,2.3667996770210777,5.4384584469405866,3.071658769919509,worsened
width,B_learned_nugget,C_heteroskedastic,sim_00014,14,2.0101159541105744,8.687287621955164,6.67717166784459,worsened
width,B_learned_nugget,C_heteroskedastic,sim_00015,15,2.698608766723339,3.695490312615817,0.996881545892478,worsened
width,B_learned_nugget,C_heteroskedastic,sim_00016,16,0.2523331835856766,3.6050966696113846,3.352763486025708,worsened
width,B_learned_nugget,C_heteroskedastic,sim_00017,17,0.197267123380243,0.5317778825399984,0.33451075915975537,worsened
width,B_learned_nugget,C_heteroskedastic,sim_00018,18,0.5256006503333026,0.6697827735386568,0.14418212320535417,worsened
width,B_learned_nugget,C_heteroskedastic,sim_00019,19,4.557065957216139,4.068549563581684,-0.48851639363445454,improved
width,B_learned_nugget,C_heteroskedastic,sim_00020,20,2.0293819251161835,1.0041648373950665,-1.025217087721117,improved
width,B_learned_nugget,C_heteroskedastic,sim_00021,21,1.6296076647882105,0.2971875335169329,-1.3324201312712776,improved
width,B_learned_nugget,C_heteroskedastic,sim_00022,22,3.1064508827383577,0.0643888309367923,-3.0420620518015653,improved
width,B_learned_nugget,C_heteroskedastic,sim_00023,23,4.430168856854095,5.581399475189471,1.1512306183353758,worsened
width,B_learned_nugget,C_heteroskedastic,sim_00024,24,0.5199255912292955,0.4020632605195828,-0.11786233070971269,improved
width,B_learned_nugget,C_heteroskedastic,sim_00025,25,0.2666097931256246,0.7839970048692493,0.5173872117436247,worsened
width,B_learned_nugget,C_heteroskedastic,sim_00026,26,1.1885688854372347,2.587810102398649,1.3992412169614141,worsened
width,B_learned_nugget,C_heteroskedastic,sim_00027,27,0.9752516409495088,1.3958280784688384,0.4205764375193296,worsened
width,B_learned_nugget,C_heteroskedastic,sim_00028,28,2.047048363443281,1.1779722766922305,-0.8690760867510505,improved
width,B_learned_nugget,C_heteroskedastic,sim_00029,29,0.081114925896145,0.2181719569832978,0.1370570310871528,worsened
width,B_learned_nugget,C_heteroskedastic,sim_00030,30,3.819412922113429,1.1067612719463682,-2.712651650167061,improved
width,B_learned_nugget,C_heteroskedastic,sim_00031,31,1.2629472191908917,4.939475986290034,3.6765287670991427,worsened
width,B_learned_nugget,C_heteroskedastic,sim_00032,32,1.4255793316021936,3.0674827450962425,1.641903413494049,worsened
width,B_learned_nugget,C_heteroskedastic,sim_00033,33,3.396262642319812,18.556526477334277,15.160263835014465,worsened
width,B_learned_nugget,C_heteroskedastic,sim_00034,34,0.3590779162309161,1.4941791156815043,1.1351011994505882,worsened
width,B_learned_nugget,C_heteroskedastic,sim_00035,35,5.5484800040786695,1.1083736811938536,-4.440106322884816,improved
width,B_learned_nugget,C_heteroskedastic,sim_00036,36,1.226089768469535,0.5363137682751358,-0.6897760001943993,improved
width,B_learned_nugget,C_heteroskedastic,sim_00037,37,1.351441363874784,0.0346802223352824,-1.3167611415395015,improved
width,B_learned_nugget,C_heteroskedastic,sim_00038,38,0.4340154615257461,0.2881384178320729,-0.14587704369367321,improved
width,B_learned_nugget,C_heteroskedastic,sim_00039,39,14.726899874246357,18.634140459330155,3.907240585083798,worsened
width,B_learned_nugget,C_heteroskedastic,sim_00040,40,1.3535792594880434,4.574427967620451,3.220848708132408,worsened
width,B_learned_nugget,C_heteroskedastic,sim_00041,41,25.211404469058408,27.09240561529492,1.8810011462365104,worsened
width,B_learned_nugget,C_heteroskedastic,sim_00042,42,1.315391281395037,0.1307253057749022,-1.1846659756201348,improved
width,B_learned_nugget,C_heteroskedastic,sim_00043,43,4.151657672513323,2.363475980512902,-1.7881816920004212,improved
width,B_learned_nugget,C_heteroskedastic,sim_00044,44,1.5234782011288246,1.8368985420661657,0.31342034093734106,worsened
width,B_learned_nugget,C_heteroskedastic,sim_00045,45,0.8699016443165419,1.1359566680660578,0.26605502374951584,worsened
width,B_learned_nugget,C_heteroskedastic,sim_00046,46,7.545190645105748,2.2134031799385525,-5.331787465167196,improved
width,B_learned_nugget,C_heteroskedastic,sim_00047,47,0.3670717732394024,2.9852316616064485,2.618159888367046,worsened
width,B_learned_nugget,C_heteroskedastic,sim_00048,48,4.012738147898915,4.654577183492393,0.6418390355934775,worsened
width,B_learned_nugget,C_heteroskedastic,sim_00049,49,0.2069706937886906,0.5362336026492756,0.32926290886058496,worsened
width,B_learned_nugget,C_heteroskedastic,sim_00050,50,1.057908626844437,3.716988705776117,2.6590800789316797,worsened
width,B_learned_nugget,C_heteroskedastic,sim_00051,51,3.235399770496457,3.1626101955561694,-0.0727895749402876,improved
width,B_learned_nugget,C_heteroskedastic,sim_00052,52,1.270287430687972,0.7967960169538628,-0.4734914137341091,improved
width,B_learned_nugget,C_heteroskedastic,sim_00053,53,0.1163294100048801,0.854256749511336,0.737927339506456,worsened
width,B_learned_nugget,C_heteroskedastic,sim_00054,54,5.736481908688688,2.966629682058681,-2.7698522266300074,improved
width,B_learned_nugget,C_heteroskedastic,sim_00055,55,2.4234896694499355,21.61506073522449,19.191571065774554,worsened
width,B_learned_nugget,C_heteroskedastic,sim_00056,56,1.3205030318232789,0.3713149434431102,-0.9491880883801687,improved
width,B_learned_nugget,C_heteroskedastic,sim_00057,57,0.9897735083305575,6.68143580752627,5.691662299195713,worsened
width,B_learned_nugget,C_heteroskedastic,sim_00058,58,2.1073832765292764,1.2100460149785874,-0.8973372615506889,improved
width,B_learned_nugget,C_heteroskedastic,sim_00059,59,0.7540839553198282,3.288519586722174,2.5344356314023457,worsened
width,B_learned_nugget,C_heteroskedastic,sim_00060,60,0.2834745591596572,0.044870121382047,-0.2386044377776102,improved
width,B_learned_nugget,C_heteroskedastic,sim_00061,61,27.82718459079948,25.631671447764063,-2.1955131430354164,improved
width,B_learned_nugget,C_heteroskedastic,sim_00062,62,0.8092672451008696,4.289078734585615,3.479811489484746,worsened
width,B_learned_nugget,C_heteroskedastic,sim_00063,63,2.90458872675228,0.3774519133833678,-2.5271368133689123,improved
width,B_learned_nugget,C_heteroskedastic,sim_00064,64,18.350050728879097,15.190783092283963,-3.1592676365951338,improved
width,B_learned_nugget,C_heteroskedastic,sim_00065,65,0.8086491693483566,0.269138153869136,-0.5395110154792206,improved
width,B_learned_nugget,C_heteroskedastic,sim_00066,66,3.328767390303682,2.8004895575030275,-0.5282778328006543,improved
width,B_learned_nugget,C_heteroskedastic,sim_00067,67,4.570140160835024,7.562653265798616,2.9925131049635922,worsened
width,B_learned_nugget,C_heteroskedastic,sim_00068,68,0.4531064130279674,1.173303472150053,0.7201970591220856,worsened
width,B_learned_nugget,C_heteroskedastic,sim_00069,69,5.5609728501299855,8.365638799321346,2.80466594919136,worsened
width,B_learned_nugget,C_heteroskedastic,sim_00070,70,1.2960744935595585,0.6239404770422539,-0.6721340165173046,improved
width,B_learned_nugget,C_heteroskedastic,sim_00071,71,5.132983344266194,1.2637032772410637,-3.86928006702513,improved
width,B_learned_nugget,C_heteroskedastic,sim_00072,72,2.016980530206581,3.491647860121958,1.474667329915377,worsened
width,B_learned_nugget,C_heteroskedastic,sim_00073,73,1.8444285593454024,4.928569210959864,3.0841406516144616,worsened
width,B_learned_nugget,C_heteroskedastic,sim_00074,74,1.000388136163764,5.542344552938289,4.541956416774525,worsened
width,B_learned_nugget,C_heteroskedastic,sim_00075,75,0.5753868552446306,1.758076933072033,1.1826900778274023,worsened
width,B_learned_nugget,C_heteroskedastic,sim_00076,76,0.3094155438135146,5.244811304787532,4.935395760974018,worsened
width,B_learned_nugget,C_heteroskedastic,sim_00077,77,0.586646144427533,2.85022448371268,2.263578339285147,worsened
width,B_learned_nugget,C_heteroskedastic,sim_00078,78,10.189861266224796,1.968062438518388,-8.221798827706408,improved
width,B_learned_nugget,C_heteroskedastic,sim_00079,79,0.5300819743217176,0.5901939437860619,0.060111969464344384,worsened
width,B_learned_nugget,C_heteroskedastic,sim_00080,80,0.6631549074409548,2.259957618470594,1.596802711029639,worsened
width,B_learned_nugget,C_heteroskedastic,sim_00081,81,1.4496481318002168,0.5555037469752051,-0.8941443848250117,improved
width,B_learned_nugget,C_heteroskedastic,sim_00082,82,2.128702590311775,3.087045581449928,0.9583429911381529,worsened
width,B_learned_nugget,C_heteroskedastic,sim_00083,83,2.669891517474639,0.8752196439695297,-1.7946718735051093,improved
width,B_learned_nugget,C_heteroskedastic,sim_00084,84,4.499754538215029,5.0549011750183865,0.5551466368033573,worsened
width,B_learned_nugget,C_heteroskedastic,sim_00085,85,0.6667159175300696,1.4867387760846782,0.8200228585546085,worsened
width,B_learned_nugget,C_heteroskedastic,sim_00086,86,0.1212729315477361,0.6142845836865831,0.493011652138847,worsened
width,B_learned_nugget,C_heteroskedastic,sim_00087,87,3.3446009679308304,5.151671036963592,1.8070700690327612,worsened
width,B_learned_nugget,C_heteroskedastic,sim_00088,88,0.4304755291398408,2.911573614296259,2.481098085156418,worsened
width,B_learned_nugget,C_heteroskedastic,sim_00089,89,3.399969827425508,4.930349222857814,1.5303793954323055,worsened
width,B_learned_nugget,C_heteroskedastic,sim_00090,90,0.33771640853098,1.850968698316677,1.513252289785697,worsened
width,B_learned_nugget,C_heteroskedastic,sim_00091,91,0.6920487690871084,0.6836632639532638,-0.008385505133844617,improved
width,B_learned_nugget,C_heteroskedastic,sim_00092,92,0.4926511572739684,0.4399201460589381,-0.05273101121503032,improved
width,B_learned_nugget,C_heteroskedastic,sim_00093,93,1.542714014391407,1.895582370780545,0.35286835638913794,worsened
width,B_learned_nugget,C_heteroskedastic,sim_00094,94,1.564722651011209,1.042146723685704,-0.5225759273255051,improved
width,B_learned_nugget,C_heteroskedastic,sim_00095,95,6.665096884815256,4.853194409623313,-1.8119024751919426,improved
width,B_learned_nugget,C_heteroskedastic,sim_00096,96,1.6111263255911297,1.5137921636118392,-0.09733416197929046,improved
width,B_learned_nugget,C_heteroskedastic,sim_00097,97,5.895816144354939,1.792484716223356,-4.1033314281315825,improved
width,B_learned_nugget,C_heteroskedastic,sim_00098,98,5.248188771813119,1.1518715667046138,-4.096317205108505,improved
width,B_learned_nugget,C_heteroskedastic,sim_00099,99,1.8050775619751107,0.9293579559194995,-0.8757196060556112,improved
width,B_learned_nugget,C_heteroskedastic,sim_00100,100,0.3393743194359615,4.918515549341265,4.579141229905304,worsened
width,B_learned_nugget,C_heteroskedastic,sim_00101,101,70.70996314676657,66.00474236422338,-4.7052207825431935,improved
width,B_learned_nugget,C_heteroskedastic,sim_00102,102,7.9119823748440865,2.610688491131725,-5.301293883712361,improved
width,B_learned_nugget,C_heteroskedastic,sim_00103,103,6.618454612622003,3.685726499803252,-2.932728112818751,improved
width,B_learned_nugget,C_heteroskedastic,sim_00104,104,1.6452604301412634,0.698195851329217,-0.9470645788120464,improved
width,B_learned_nugget,C_heteroskedastic,sim_00105,105,5.764477949547683,3.741225853685677,-2.0232520958620057,improved
width,B_learned_nugget,C_heteroskedastic,sim_00106,106,4.459889107051197,4.584713443181073,0.1248243361298762,worsened
width,B_learned_nugget,C_heteroskedastic,sim_00107,107,8.30286196808919,10.43188708134224,2.12902511325305,worsened
width,B_learned_nugget,C_heteroskedastic,sim_00108,108,1.2463631505008266,1.831297187834025,0.5849340373331984,worsened
width,B_learned_nugget,C_heteroskedastic,sim_00109,109,0.5201189821534626,1.5154106730163903,0.9952916908629277,worsened
width,B_learned_nugget,C_heteroskedastic,sim_00110,110,0.1893807414442676,6.512448067495143,6.323067326050875,worsened
width,B_learned_nugget,C_heteroskedastic,sim_00111,111,3.428159878295702,13.542576724893678,10.114416846597976,worsened
width,B_learned_nugget,C_heteroskedastic,sim_00112,112,0.4249786042460357,9.573950931134334,9.148972326888298,worsened
width,B_learned_nugget,C_heteroskedastic,sim_00113,113,2.955004127455368,2.418013127424217,-0.5369910000311506,improved
width,B_learned_nugget,C_heteroskedastic,sim_00114,114,0.1781232860770956,3.262388276429192,3.0842649903520964,worsened
width,B_learned_nugget,C_heteroskedastic,sim_00115,115,1.3362819906743368,2.4739144855962536,1.1376324949219168,worsened
width,B_learned_nugget,C_heteroskedastic,sim_00116,116,9.294769741563442,14.202155751582469,4.907386010019026,worsened
width,B_learned_nugget,C_heteroskedastic,sim_00117,117,2.2763640771593714,0.4728167541339019,-1.8035473230254695,improved
width,B_learned_nugget,C_heteroskedastic,sim_00118,118,27.341073196768463,26.13963400891862,-1.201439187849843,improved
width,B_learned_nugget,C_heteroskedastic,sim_00119,119,1.867517019424099,1.402674237426652,-0.464842781997447,improved
width,B_learned_nugget,C_heteroskedastic,sim_00120,120,3.917258801621358,15.931035911476071,12.013777109854713,worsened
width,B_learned_nugget,C_heteroskedastic,sim_00121,121,2.4055575064266748,0.2761274395476505,-2.1294300668790243,improved
width,B_learned_nugget,C_heteroskedastic,sim_00122,122,8.309321227486294,11.110284320148793,2.8009630926624993,worsened
width,B_learned_nugget,C_heteroskedastic,sim_00123,123,3.520990744346534,3.552087948647028,0.031097204300493786,worsened
width,B_learned_nugget,C_heteroskedastic,sim_00124,124,1.2631524650252857,4.916471507893789,3.653319042868503,worsened
width,B_learned_nugget,C_heteroskedastic,sim_00125,125,4.1599461217324745,0.9746891887041896,-3.1852569330282847,improved
width,B_learned_nugget,C_heteroskedastic,sim_00126,126,1.7840674030478,6.179890896327692,4.3958234932798925,worsened
width,B_learned_nugget,C_heteroskedastic,sim_00127,127,15.205218852369484,17.244934957817577,2.0397161054480932,worsened
width,B_learned_nugget,C_heteroskedastic,sim_00128,128,2.0652759376439747,0.0613573683630193,-2.0039185692809554,improved
width,B_learned_nugget,C_heteroskedastic,sim_00129,129,2.186157335304017,2.012825977116762,-0.1733313581872551,improved
width,B_learned_nugget,C_heteroskedastic,sim_00130,130,3.1148122362307618,11.002592133911833,7.887779897681071,worsened
width,B_learned_nugget,C_heteroskedastic,sim_00131,131,0.8084291586270211,1.8380522230655885,1.0296230644385673,worsened
width,B_learned_nugget,C_heteroskedastic,sim_00132,132,3.721410937140434,0.5140405363767684,-3.2073704007636654,improved
width,B_learned_nugget,C_heteroskedastic,sim_00133,133,10.912335121358836,36.959733904604434,26.047398783245598,worsened
width,B_learned_nugget,C_heteroskedastic,sim_00134,134,3.8308256086103833,5.464243898424883,1.6334182898144993,worsened
width,B_learned_nugget,C_heteroskedastic,sim_00135,135,0.5083146488603347,0.2739500495141271,-0.23436459934620762,improved
width,B_learned_nugget,C_heteroskedastic,sim_00137,137,1.9179884969304624,3.906140040384514,1.9881515434540518,worsened
width,B_learned_nugget,C_heteroskedastic,sim_00138,138,0.299066225834764,6.832803883191502,6.533737657356738,worsened
width,B_learned_nugget,C_heteroskedastic,sim_00139,139,1.883876402585884,5.551764238161269,3.667887835575385,worsened
width,B_learned_nugget,C_heteroskedastic,sim_00140,140,3.0934442198447414,5.574636531830237,2.4811923119854953,worsened
width,B_learned_nugget,C_heteroskedastic,sim_00141,141,5.706757099336954,3.466468973442346,-2.240288125894608,improved
width,B_learned_nugget,C_heteroskedastic,sim_00142,142,2.0388938093321656,4.6711670751076895,2.632273265775524,worsened
width,B_learned_nugget,C_heteroskedastic,sim_00143,143,1.5593811802931583,1.550213191351432,-0.009167988941726213,improved
width,B_learned_nugget,C_heteroskedastic,sim_00144,144,6.6475286557582365,3.749346218972392,-2.8981824367858446,improved
width,B_learned_nugget,C_heteroskedastic,sim_00145,145,3.3182012452201377,0.7352669147133497,-2.582934330506788,improved
width,B_learned_nugget,C_heteroskedastic,sim_00146,146,2.449310621919864,1.0372119719876594,-1.4120986499322048,improved
width,B_learned_nugget,C_heteroskedastic,sim_00147,147,0.2719103059838517,2.7245555129058943,2.4526452069220426,worsened
width,B_learned_nugget,C_heteroskedastic,sim_00148,148,0.990526389159612,0.0504125545897977,-0.9401138345698143,improved
width,B_learned_nugget,C_heteroskedastic,sim_00149,149,0.0776336713596634,0.0592820072821069,-0.0183516640775565,improved
width,B_learned_nugget,C_heteroskedastic,sim_00150,150,0.8112822681608094,0.0464712969898784,-0.764810971170931,improved
width,B_learned_nugget,C_heteroskedastic,sim_00151,151,3.611007168083504,0.6367008279056705,-2.9743063401778334,improved
width,B_learned_nugget,C_heteroskedastic,sim_00152,152,3.580735150027664,3.4540948792883626,-0.12664027073930129,improved
width,B_learned_nugget,C_heteroskedastic,sim_00153,153,1.2981893191143143,3.783214868527125,2.4850255494128106,worsened
width,B_learned_nugget,C_heteroskedastic,sim_00154,154,2.6286141255493334,0.0534309066597842,-2.575183218889549,improved
width,B_learned_nugget,C_heteroskedastic,sim_00155,155,0.8429349746774335,3.768081642873881,2.9251466681964473,worsened
width,B_learned_nugget,C_heteroskedastic,sim_00156,156,2.632121790497848,3.4233134854056857,0.7911916949078379,worsened
width,B_learned_nugget,C_heteroskedastic,sim_00157,157,0.8658084025748991,1.883137860541268,1.017329457966369,worsened
width,B_learned_nugget,C_heteroskedastic,sim_00158,158,15.110617907769054,12.006549425515686,-3.1040684822533677,improved
width,B_learned_nugget,C_heteroskedastic,sim_00159,159,1.597014172377598,2.582541544840751,0.9855273724631533,worsened
width,B_learned_nugget,C_heteroskedastic,sim_00160,160,1.922121025258491,3.574577512757827,1.652456487499336,worsened
width,B_learned_nugget,C_heteroskedastic,sim_00161,161,0.659167109308612,0.5307527116787298,-0.12841439762988216,improved
width,B_learned_nugget,C_heteroskedastic,sim_00162,162,0.9957441104744192,3.260284428968504,2.2645403184940847,worsened
width,B_learned_nugget,C_heteroskedastic,sim_00163,163,1.157769945873525,2.6610303488883176,1.5032604030147925,worsened
width,B_learned_nugget,C_heteroskedastic,sim_00164,164,1.8424054888052692,1.4482103542439972,-0.394195134561272,improved
width,B_learned_nugget,C_heteroskedastic,sim_00165,165,0.8049329842181692,1.5312021403388485,0.7262691561206793,worsened
width,B_learned_nugget,C_heteroskedastic,sim_00166,166,3.049211463969698,5.887034894119694,2.837823430149996,worsened
width,B_learned_nugget,C_heteroskedastic,sim_00167,167,0.5783006679105824,1.7834555929059093,1.2051549249953268,worsened
width,B_learned_nugget,C_heteroskedastic,sim_00168,168,3.4962003918982987,2.6803325974251493,-0.8158677944731494,improved
width,B_learned_nugget,C_heteroskedastic,sim_00169,169,0.657090395236736,10.315066426155653,9.657976030918917,worsened
width,B_learned_nugget,C_heteroskedastic,sim_00170,170,2.372331548204073,3.102238522732222,0.7299069745281486,worsened
width,B_learned_nugget,C_heteroskedastic,sim_00171,171,0.5390017524610045,0.7302195015790431,0.19121774911803868,worsened
width,B_learned_nugget,C_heteroskedastic,sim_00172,172,0.0991814303969818,0.1576201711177702,0.05843874072078842,worsened
width,B_learned_nugget,C_heteroskedastic,sim_00173,173,0.7952651481155044,2.7053897817702506,1.9101246336547462,worsened
width,B_learned_nugget,C_heteroskedastic,sim_00174,174,2.3274196332615986,2.686890883172339,0.3594712499107402,worsened
width,B_learned_nugget,C_heteroskedastic,sim_00175,175,10.185503695282094,10.052595916421112,-0.13290777886098226,improved
width,B_learned_nugget,C_heteroskedastic,sim_00176,176,1.4165880776447324,8.919786685302043,7.5031986076573105,worsened
width,B_learned_nugget,C_heteroskedastic,sim_00177,177,0.426515534453614,1.6338312502690826,1.2073157158154686,worsened
width,B_learned_nugget,C_heteroskedastic,sim_00178,178,1.5020843765378658,2.6233378387470765,1.1212534622092107,worsened
width,B_learned_nugget,C_heteroskedastic,sim_00179,179,1.7896996089464778,3.623954450341557,1.834254841395079,worsened
width,B_learned_nugget,C_heteroskedastic,sim_00180,180,1.5284969937364394,2.449826314534363,0.9213293207979234,worsened
width,B_learned_nugget,C_heteroskedastic,sim_00181,181,0.962488475436345,0.2368134141833024,-0.7256750612530426,improved
width,B_learned_nugget,C_heteroskedastic,sim_00182,182,1.7140549222165191,1.1059501520143158,-0.6081047702022033,improved
width,B_learned_nugget,C_heteroskedastic,sim_00183,183,0.6575774028502224,1.596429937794312,0.9388525349440897,worsened
width,B_learned_nugget,C_heteroskedastic,sim_00184,184,0.6996241842608129,1.7593680918667474,1.0597439076059345,worsened
width,B_learned_nugget,C_heteroskedastic,sim_00185,185,0.4563553914874632,0.319992399450669,-0.1363629920367942,improved
width,B_learned_nugget,C_heteroskedastic,sim_00186,186,0.7433974454656607,2.734251317774124,1.9908538723084632,worsened
width,B_learned_nugget,C_heteroskedastic,sim_00187,187,5.34179990876757,1.5569943910039683,-3.7848055177636013,improved
width,B_learned_nugget,C_heteroskedastic,sim_00188,188,4.028783360572561,14.148628641801196,10.119845281228635,worsened
width,B_learned_nugget,C_heteroskedastic,sim_00189,189,4.6808328147714064,20.209054520088443,15.528221705317037,worsened
width,B_learned_nugget,C_heteroskedastic,sim_00190,190,0.1502763714567407,0.1109988771465566,-0.0392774943101841,improved
width,B_learned_nugget,C_heteroskedastic,sim_00191,191,2.65508583421763,0.2292472877170723,-2.4258385465005574,improved
width,B_learned_nugget,C_heteroskedastic,sim_00192,192,6.652585144826389,5.82432347338019,-0.8282616714461994,improved
width,B_learned_nugget,C_heteroskedastic,sim_00193,193,0.4522090043767264,4.107646783087063,3.6554377787103363,worsened
width,B_learned_nugget,C_heteroskedastic,sim_00194,194,0.5371052554039295,2.018457926391278,1.4813526709873486,worsened
width,B_learned_nugget,C_heteroskedastic,sim_00195,195,1.4415309931695504,1.203402939155609,-0.23812805401394144,improved
width,B_learned_nugget,C_heteroskedastic,sim_00196,196,2.1406822498069857,0.9802672677035388,-1.1604149821034468,improved
width,B_learned_nugget,C_heteroskedastic,sim_00197,197,5.316928412093773,8.262853868758185,2.945925456664412,worsened
width,B_learned_nugget,C_heteroskedastic,sim_00198,198,7.743090886188042,4.287522899657205,-3.455567986530837,improved
width,B_learned_nugget,C_heteroskedastic,sim_00199,199,2.3989150222255944,20.44531106953812,18.046396047312527,worsened
width,B_learned_nugget,C_heteroskedastic,sim_00200,200,3.758205623648678,1.7200464550737706,-2.038159168574907,improved
width,B_learned_nugget,C_heteroskedastic,sim_00201,201,1.6704960671915217,1.6325009630363354,-0.037995104155186255,improved
width,B_learned_nugget,C_heteroskedastic,sim_00202,202,0.8155725592284853,0.5718877123673849,-0.24368484686110037,improved
width,B_learned_nugget,C_heteroskedastic,sim_00203,203,4.25771088423113,7.750381372721193,3.492670488490063,worsened
width,B_learned_nugget,C_heteroskedastic,sim_00204,204,3.62420569949009,1.646724420440307,-1.977481279049783,improved
width,B_learned_nugget,C_heteroskedastic,sim_00205,205,1.375171186902577,1.7725942111205484,0.3974230242179715,worsened
width,B_learned_nugget,C_heteroskedastic,sim_00206,206,1.049504929309478,2.959996266118452,1.910491336808974,worsened
width,B_learned_nugget,C_heteroskedastic,sim_00207,207,1.364024638806541,0.5941433228291828,-0.7698813159773581,improved
width,B_learned_nugget,C_heteroskedastic,sim_00208,208,6.36337427812353,14.907225457262626,8.543851179139097,worsened
width,B_learned_nugget,C_heteroskedastic,sim_00209,209,0.9540619614853084,6.101496359968763,5.147434398483455,worsened
width,B_learned_nugget,C_heteroskedastic,sim_00210,210,4.861181388416071,6.426219763218199,1.5650383748021284,worsened
width,B_learned_nugget,C_heteroskedastic,sim_00211,211,1.4408856349642465,5.173172620874254,3.732286985910008,worsened
width,B_learned_nugget,C_heteroskedastic,sim_00212,212,4.1754441783994025,5.529054055706268,1.3536098773068659,worsened
width,B_learned_nugget,C_heteroskedastic,sim_00213,213,4.482631582856811,1.6160946634530546,-2.8665369194037567,improved
width,B_learned_nugget,C_heteroskedastic,sim_00214,214,4.060024486946787,1.444870102180403,-2.6151543847663845,improved
width,B_learned_nugget,C_heteroskedastic,sim_00215,215,2.048479882548662,1.40856579143545,-0.6399140911132122,improved
width,B_learned_nugget,C_heteroskedastic,sim_00216,216,3.3428044720539845,2.183079768626669,-1.1597247034273153,improved
width,B_learned_nugget,C_heteroskedastic,sim_00217,217,0.2461667465686048,3.133200224204046,2.887033477635441,worsened
width,B_learned_nugget,C_heteroskedastic,sim_00218,218,6.475780993989645,5.255292578453691,-1.2204884155359537,improved
width,B_learned_nugget,C_heteroskedastic,sim_00219,219,0.6629173292098187,0.1347812374194177,-0.528136091790401,improved
width,B_learned_nugget,C_heteroskedastic,sim_00220,220,2.693016395356068,3.803853226885821,1.110836831529753,worsened
width,B_learned_nugget,C_heteroskedastic,sim_00221,221,0.1702192975427721,0.8727364852652357,0.7025171877224636,worsened
width,B_learned_nugget,C_heteroskedastic,sim_00222,222,3.718470728831648,4.755304067329803,1.036833338498155,worsened
width,B_learned_nugget,C_heteroskedastic,sim_00223,223,4.98953957822485,18.698555123683377,13.709015545458527,worsened
width,B_learned_nugget,C_heteroskedastic,sim_00224,224,2.396586979010493,7.211355316774501,4.814768337764008,worsened
width,B_learned_nugget,C_heteroskedastic,sim_00225,225,3.5040699255399943,1.706752172659833,-1.7973177528801614,improved
width,B_learned_nugget,C_heteroskedastic,sim_00226,226,1.5328021621480443,8.476901329474089,6.944099167326044,worsened
width,B_learned_nugget,C_heteroskedastic,sim_00227,227,3.71118674814835,3.684629712479449,-0.026557035668901108,improved
width,B_learned_nugget,C_heteroskedastic,sim_00228,228,0.0745773525768527,5.9098901121493554,5.835312759572503,worsened
width,B_learned_nugget,C_heteroskedastic,sim_00229,229,2.6292730971864278,2.132086485098597,-0.49718661208783077,improved
width,B_learned_nugget,C_heteroskedastic,sim_00230,230,4.416841206848233,13.514816226700331,9.097975019852099,worsened
width,B_learned_nugget,C_heteroskedastic,sim_00231,231,1.9076913946065588,1.861668739615368,-0.04602265499119085,improved
width,B_learned_nugget,C_heteroskedastic,sim_00232,232,1.423351859608772,3.477625416071504,2.054273556462732,worsened
width,B_learned_nugget,C_heteroskedastic,sim_00233,233,2.1936143221382736,3.463871522293033,1.2702572001547594,worsened
width,B_learned_nugget,C_heteroskedastic,sim_00234,234,0.086788816631099,6.295186413409965,6.208397596778866,worsened
width,B_learned_nugget,C_heteroskedastic,sim_00235,235,2.0800016134094506,5.483368286544788,3.403366673135338,worsened
width,B_learned_nugget,C_heteroskedastic,sim_00236,236,2.3256880636822643,2.609616755135164,0.2839286914528998,worsened
width,B_learned_nugget,C_heteroskedastic,sim_00237,237,0.6523058351715179,1.039894856237595,0.38758902106607707,worsened
width,B_learned_nugget,C_heteroskedastic,sim_00238,238,0.0480606705665422,1.1199831004955456,1.0719224299290033,worsened
width,B_learned_nugget,C_heteroskedastic,sim_00239,239,1.996418349311455,9.367001742159786,7.3705833928483315,worsened
width,B_learned_nugget,C_heteroskedastic,sim_00240,240,2.635210240319949,3.6292626790946514,0.9940524387747023,worsened
width,B_learned_nugget,C_heteroskedastic,sim_00241,241,1.5046598021882005,5.137874594980914,3.633214792792714,worsened
width,B_learned_nugget,C_heteroskedastic,sim_00242,242,0.0068893250473109,2.5882734679756254,2.5813841429283144,worsened
