analysis_label,phase,phase3_config_fingerprint,run_fingerprint,target,target_label,target_definition,gp_configuration,gp_configuration_label,kernel_family,matern_nu,learned_nugget,fold_index,heldout_simulation_id,heldout_numeric_simulation_id,observed_target_um,predicted_mean_um,residual_um,absolute_error_um,squared_error_um2,latent_predictive_std_um,latent_predictive_variance_um2,total_predictive_std_um,total_predictive_variance_um2,evaluation_predictive_std_um,evaluation_variance_definition,latent_nlpd,total_nlpd,evaluation_nlpd,latent_interval_lower_um,latent_interval_upper_um,total_interval_lower_um,total_interval_upper_um,latent_interval_contains_observed,total_interval_contains_observed,optimized_kernel,optimized_signal_variance_normalized,optimized_length_scale,optimized_noise_variance_normalized,optimized_noise_std_normalized,optimized_noise_variance_um2,optimized_noise_std_um,noise_std_fraction_training_target_std,noise_std_fraction_dataset_target_median,dataset_target_median_um_reporting_only,dataset_target_median_used_for_fitting,numerical_alpha_normalized,numerical_alpha_interpretation,training_size,population_size,heldout_excluded_from_training,heldout_target_used_for_scaling,heldout_target_used_for_fitting,heldout_target_used_for_tuning,x_scaler_fit_on_training_only,y_scaler_fit_on_training_only,normalize_y,feature_columns,training_y_mean_um,training_y_std_um,x_training_mean,x_training_scale,outer_training_simulation_ids_sha256,heldout_P,heldout_VX,heldout_LS,heldout_ST,fold_random_seed,optimizer,n_restarts_optimizer,log_marginal_likelihood,runtime_seconds,warning_count,convergence_warning_count,warnings,convergence_status,failed_fold,constant_bound_hit,constant_bound_side,length_scale_bound_hit,length_scale_bound_side,noise_bound_hit,noise_bound_side,any_hyperparameter_bound_hit
phase3b_kernel_noise,Phase 3B,F7F71204D643D1027D0FF4736F24213619BF6A09C2361C3C11F169797AC98A9C,8EE00E603AA7622051F531FE6427BE9BC382D7D2507FEA27865D18BFBDDC8756,width,Melt-pool width,T0,matern52_no_nugget,"Matérn 5/2, no nugget",Matern,2.5,False,0,sim_00001,1,126.26144,122.20553094746823,4.05590905253176,4.05590905253176,16.45039824240908,1.651191631075148,2.7264338025326076,,,1.651191631075148,latent predictive variance; numerical jitter excluded,4.437270101102744,,4.437270101102744,118.96919535056094,125.44186654437553,,,False,,"0.777**2 * Matern(length_scale=1.15, nu=2.5)",0.6044940872081291,1.1453214817586839,,,,,,,159.00522,False,1e-06,numerical jitter only; separate from WhiteKernel nugget,240,241,True,False,False,False,True,True,False,"[""P"",""VX"",""LS"",""ST""]",159.66457739582123,37.45349438785815,"[158.41685668854458,0.6174309603939917,6.476530180872957e-05,348.6835952922249]","[52.94868432117492,0.24073330218794772,1.3358446857885196e-05,32.34583139550507]",C1A71F1D3A2422A611F80239EE2F839B1B41D0A7D4B834310A9FD22BAB071E75,101.127472137,0.52394730996,4.5e-05,300.0,2792328634,fmin_l_bfgs_b,1,-65.39744704305471,1.0732128999661654,0,0,,completed_without_convergence_warning,False,False,,False,,False,,False
phase3b_kernel_noise,Phase 3B,F7F71204D643D1027D0FF4736F24213619BF6A09C2361C3C11F169797AC98A9C,8EE00E603AA7622051F531FE6427BE9BC382D7D2507FEA27865D18BFBDDC8756,width,Melt-pool width,T0,matern52_no_nugget,"Matérn 5/2, no nugget",Matern,2.5,False,1,sim_00002,2,126.32872499999999,124.32580124349963,2.0029237565003655,2.0029237565003655,4.011703574353535,14.744595956004316,217.40310990581884,,,14.744595956004316,latent predictive variance; numerical jitter excluded,3.619041590169552,,3.619041590169552,95.42639316973117,153.22520931726808,,,True,,"0.773**2 * Matern(length_scale=1.13, nu=2.5)",0.5972723703746272,1.1308536193779455,,,,,,,159.00522,False,1e-06,numerical jitter only; separate from WhiteKernel nugget,240,241,True,False,False,False,True,True,False,"[""P"",""VX"",""LS"",""ST""]",159.66429704165458,37.453744169796835,"[158.40446473227792,0.6157952004352666,6.458493395760749e-05,348.28789357284154]","[52.961741081080795,0.24002814447852902,1.3331834273979293e-05,32.35808136104498]",FA446B729C2F19C80593618A398F5542870501B1F85B0093CCF7085D009B5698,104.101541641,0.916529700054,8.82882842693e-05,394.968412652,2979949255,fmin_l_bfgs_b,1,-66.13877648940476,1.1031355999875814,0,0,,completed_without_convergence_warning,False,False,,False,,False,,False
phase3b_kernel_noise,Phase 3B,F7F71204D643D1027D0FF4736F24213619BF6A09C2361C3C11F169797AC98A9C,8EE00E603AA7622051F531FE6427BE9BC382D7D2507FEA27865D18BFBDDC8756,width,Melt-pool width,T0,matern52_no_nugget,"Matérn 5/2, no nugget",Matern,2.5,False,2,sim_00003,3,127.94122499989999,143.8164872844259,-15.875262284525917,15.875262284525917,252.02395260249102,10.430608469397889,108.79759304187498,,,10.430608469397889,latent predictive variance; numerical jitter excluded,4.421907073626816,,4.421907073626816,123.37249468440604,164.26047988444577,,,True,,"0.77**2 * Matern(length_scale=1.13, nu=2.5)",0.5936482046476003,1.1291812127755971,,,,,,,159.00522,False,1e-06,numerical jitter only; separate from WhiteKernel nugget,240,241,True,False,False,False,True,True,False,"[""P"",""VX"",""LS"",""ST""]",159.65757829165497,37.459578480809114,"[158.3995699254654,0.6169514116475291,6.463348166584206e-05,348.40255952951645]","[52.96670509691898,0.2408044033443286,1.3396689281503218e-05,32.47432872676716]",5673D08E997648C3B4BFBAB58729D083D268FAAD12401130F9A80580C9D9FD19,105.276295276,0.639039009111,7.6636834293e-05,367.44858305,3838770277,fmin_l_bfgs_b,1,-65.31883194432993,0.9075374999665655,0,0,,completed_without_convergence_warning,False,False,,False,,False,,False
phase3b_kernel_noise,Phase 3B,F7F71204D643D1027D0FF4736F24213619BF6A09C2361C3C11F169797AC98A9C,8EE00E603AA7622051F531FE6427BE9BC382D7D2507FEA27865D18BFBDDC8756,width,Melt-pool width,T0,matern52_no_nugget,"Matérn 5/2, no nugget",Matern,2.5,False,3,sim_00004,4,203.32255,202.23709702734487,1.0854529726551334,1.0854529726551334,1.1782081558458657,13.688146257718499,187.36534797269294,,,13.688146257718499,latent predictive variance; numerical jitter excluded,3.5386129012084666,,3.5386129012084666,175.40833036221662,229.06586369247313,,,True,,"0.773**2 * Matern(length_scale=1.13, nu=2.5)",0.5968620864377634,1.1292575549778379,,,,,,,159.00522,False,1e-06,numerical jitter only; separate from WhiteKernel nugget,240,241,True,False,False,False,True,True,False,"[""P"",""VX"",""LS"",""ST""]",159.3434894374879,37.40813334402345,"[158.39165382346957,0.6182776072410958,6.458809252473623e-05,348.2925134424874]","[52.9745014621117,0.24004473767101805,1.3337358734301948e-05,32.36466594117993]",3D71E35401DFDC45453821EF0A53158C5CD45C9E9B63F8790644DC88758BBBA6,107.176159755,0.320752066655,8.75302281584e-05,393.859643937,1896248502,fmin_l_bfgs_b,1,-66.50215013586123,1.3173852000036277,0,0,,completed_without_convergence_warning,False,False,,False,,False,,False
phase3b_kernel_noise,Phase 3B,F7F71204D643D1027D0FF4736F24213619BF6A09C2361C3C11F169797AC98A9C,8EE00E603AA7622051F531FE6427BE9BC382D7D2507FEA27865D18BFBDDC8756,width,Melt-pool width,T0,matern52_no_nugget,"Matérn 5/2, no nugget",Matern,2.5,False,4,sim_00005,5,166.993245,169.02841894463586,-2.035173944635858,2.035173944635858,4.1419329849246775,4.669970276565888,21.808622384008874,,,4.669970276565888,latent predictive variance; numerical jitter excluded,2.5550521439153573,,2.5550521439153573,159.8752772025667,178.181560686705,,,True,,"0.769**2 * Matern(length_scale=1.13, nu=2.5)",0.5919296705314453,1.128767833842672,,,,,,,159.00522,False,1e-06,numerical jitter only; separate from WhiteKernel nugget,240,241,True,False,False,False,True,True,False,"[""P"",""VX"",""LS"",""ST""]",159.4948615416546,37.51214055879507,"[158.3808880455779,0.6186060484485084,6.476530180872957e-05,348.6835952922249]","[52.98464515358333,0.2395830529147136,1.3358446857885196e-05,32.34583139550507]",02334BC0EC5436E61A7F9210AA2228227887F252488785F8869DBE76D699F9AA,109.759946449,0.241926176876,4.5e-05,300.0,2692745098,fmin_l_bfgs_b,1,-66.80218721337798,0.8608573999954388,0,0,,completed_without_convergence_warning,False,False,,False,,False,,False
phase3b_kernel_noise,Phase 3B,F7F71204D643D1027D0FF4736F24213619BF6A09C2361C3C11F169797AC98A9C,8EE00E603AA7622051F531FE6427BE9BC382D7D2507FEA27865D18BFBDDC8756,width,Melt-pool width,T0,matern52_no_nugget,"Matérn 5/2, no nugget",Matern,2.5,False,5,sim_00006,6,128.06481,114.58743696127254,13.47737303872745,13.47737303872745,181.63958402501757,9.46488072292222,89.58396709914466,,,9.46488072292222,latent predictive variance; numerical jitter excluded,4.180321873128297,,4.180321873128297,96.03627074434499,133.1386031782001,,,True,,"0.768**2 * Matern(length_scale=1.13, nu=2.5)",0.589339643140211,1.1263394501608464,,,,,,,159.00522,False,1e-06,numerical jitter only; separate from WhiteKernel nugget,240,241,True,False,False,False,True,True,False,"[""P"",""VX"",""LS"",""ST""]",159.6570633541546,37.46001361365955,"[158.37891002264456,0.6160032861109832,6.461589345980373e-05,348.4795091247081]","[52.986451341788005,0.24026700149970834,1.3378135022634581e-05,32.49747951712133]",EC508C39681D1A517DE8CF818879044CE7DDA531EA9FB37276409A41A2CC6C01,110.234671953,0.866589137882,8.08580037422e-05,348.980680204,195346156,fmin_l_bfgs_b,1,-65.5470680505031,1.0350039000040852,0,0,,completed_without_convergence_warning,False,False,,False,,False,,False
phase3b_kernel_noise,Phase 3B,F7F71204D643D1027D0FF4736F24213619BF6A09C2361C3C11F169797AC98A9C,8EE00E603AA7622051F531FE6427BE9BC382D7D2507FEA27865D18BFBDDC8756,width,Melt-pool width,T0,matern52_no_nugget,"Matérn 5/2, no nugget",Matern,2.5,False,6,sim_00007,7,202.28875,202.14786898898393,0.14088101101606298,0.14088101101606298,0.01984745926490806,10.02053790172979,100.41117984000327,,,10.02053790172979,latent predictive variance; numerical jitter excluded,3.2236741411513767,,3.2236741411513767,182.50761470159355,221.7881232763743,,,True,,"0.772**2 * Matern(length_scale=1.13, nu=2.5)",0.5955536872727851,1.1264557802560065,,,,,,,159.00522,False,1e-06,numerical jitter only; separate from WhiteKernel nugget,240,241,True,False,False,False,True,True,False,"[""P"",""VX"",""LS"",""ST""]",159.3477969374879,37.41313737503083,"[158.37721145453625,0.6184717627793292,6.464164930829206e-05,348.43937469980403]","[52.987988101203044,0.2397850262103685,1.3403405712270068e-05,32.490887191220146]",47E5D61FE025540C84720EF3B6946A1054A8253A357677BB0CACF477630B612D,110.642328299,0.274154737479,7.4676600105e-05,358.612942181,3062494622,fmin_l_bfgs_b,1,-66.77807122089052,1.0478538000024855,0,0,,completed_without_convergence_warning,False,False,,False,,False,,False
phase3b_kernel_noise,Phase 3B,F7F71204D643D1027D0FF4736F24213619BF6A09C2361C3C11F169797AC98A9C,8EE00E603AA7622051F531FE6427BE9BC382D7D2507FEA27865D18BFBDDC8756,width,Melt-pool width,T0,matern52_no_nugget,"Matérn 5/2, no nugget",Matern,2.5,False,7,sim_00008,8,133.3735999999,128.26609230701303,5.107507692886969,5.107507692886969,26.08663483289957,11.125996088870984,123.78778896957243,,,11.125996088870984,latent predictive variance; numerical jitter excluded,3.4335912622512943,,3.4335912622512943,106.4591399728259,150.07304464120014,,,True,,"0.771**2 * Matern(length_scale=1.13, nu=2.5)",0.5938708557814085,1.126151015606196,,,,,,,159.00522,False,1e-06,numerical jitter only; separate from WhiteKernel nugget,240,241,True,False,False,False,True,True,False,"[""P"",""VX"",""LS"",""ST""]",159.63494339582167,37.4770908567498,"[158.3697702161654,0.6166771339720416,6.46898903951029e-05,348.6450890727332]","[52.994565302894024,0.24074159257097874,1.3418592428444363e-05,32.39822083701424]",D68F4A8001756D53C04EA03737D32DFF0E97B392C3BD792D97F6C9182A9593E9,112.428225508,0.704865651228,6.30987392704e-05,309.241492678,408324923,fmin_l_bfgs_b,1,-66.17271177257749,0.8672482999972999,0,0,,completed_without_convergence_warning,False,False,,False,,False,,False
phase3b_kernel_noise,Phase 3B,F7F71204D643D1027D0FF4736F24213619BF6A09C2361C3C11F169797AC98A9C,8EE00E603AA7622051F531FE6427BE9BC382D7D2507FEA27865D18BFBDDC8756,width,Melt-pool width,T0,matern52_no_nugget,"Matérn 5/2, no nugget",Matern,2.5,False,8,sim_00009,9,127.16849,128.23258848723742,-1.0640984872374162,1.0640984872374162,1.1323055905409576,12.9447714208782,167.567107138785,,,12.9447714208782,latent predictive variance; numerical jitter excluded,3.483009151599035,,3.483009151599035,102.86083650231615,153.6043404721587,,,True,,"0.772**2 * Matern(length_scale=1.13, nu=2.5)",0.5954485077074835,1.1269390528290917,,,,,,,159.00522,False,1e-06,numerical jitter only; separate from WhiteKernel nugget,240,241,True,False,False,False,True,True,False,"[""P"",""VX"",""LS"",""ST""]",159.66079802082126,37.45681894475749,"[158.36778409537374,0.6173736856002167,6.475985666105916e-05,348.5912237646123]","[52.99627809469381,0.24075390073481917,1.3366233832592893e-05,32.45289559521182]",F9B11A3FCE1E562647087FCED6CD5B92226595E705D76E955F6B492586AFA8CF,112.904894498,0.537693260466,4.63068354409e-05,322.169166627,1847676368,fmin_l_bfgs_b,1,-66.27288366762346,0.4139159999904223,0,0,,completed_without_convergence_warning,False,False,,False,,False,,False
phase3b_kernel_noise,Phase 3B,F7F71204D643D1027D0FF4736F24213619BF6A09C2361C3C11F169797AC98A9C,8EE00E603AA7622051F531FE6427BE9BC382D7D2507FEA27865D18BFBDDC8756,width,Melt-pool width,T0,matern52_no_nugget,"Matérn 5/2, no nugget",Matern,2.5,False,9,sim_00010,10,133.94807,137.3314208397482,-3.3833508397482035,3.3833508397482035,11.447062904824874,9.865875855944765,97.33550640491384,,,9.865875855944765,latent predictive variance; numerical jitter excluded,3.266822545431996,,3.266822545431996,117.99430416209647,156.66853751739995,,,True,,"0.771**2 * Matern(length_scale=1.13, nu=2.5)",0.593826425587386,1.1263520047267934,,,,,,,159.00522,False,1e-06,numerical jitter only; separate from WhiteKernel nugget,240,241,True,False,False,False,True,True,False,"[""P"",""VX"",""LS"",""ST""]",159.63254977082124,37.4787496844022,"[158.36619331605706,0.6172487292997,6.471096775599373e-05,348.6746412483623]","[52.99763697439272,0.2407874391839439,1.3412102099912544e-05,32.35900673090017]",10B9323F0E9890207C54E75E7EFB7A8E7062030760479D8B38D8D8A42E49C650,113.286681534,0.56768277259,5.80401726566e-05,302.148970527,2022083980,fmin_l_bfgs_b,1,-66.32630172942436,0.9036566999857314,0,0,,completed_without_convergence_warning,False,False,,False,,False,,False
phase3b_kernel_noise,Phase 3B,F7F71204D643D1027D0FF4736F24213619BF6A09C2361C3C11F169797AC98A9C,8EE00E603AA7622051F531FE6427BE9BC382D7D2507FEA27865D18BFBDDC8756,width,Melt-pool width,T0,matern52_no_nugget,"Matérn 5/2, no nugget",Matern,2.5,False,10,sim_00011,11,115.63943,117.05192704235827,-1.4124970423582681,1.4124970423582681,1.9951478946708552,10.50260838669968,110.30478292437446,,,10.50260838669968,latent predictive variance; numerical jitter excluded,3.2796059732326954,,3.2796059732326954,96.4668146044269,137.63703948028964,,,True,,"0.772**2 * Matern(length_scale=1.13, nu=2.5)",0.5958350249279176,1.1260868024202821,,,,,,,159.00522,False,1e-06,numerical jitter only; separate from WhiteKernel nugget,240,241,True,False,False,False,True,True,False,"[""P"",""VX"",""LS"",""ST""]",159.70883577082125,37.40769216342608,"[158.35980358251538,0.6156632841288999,6.470125772929873e-05,348.4604284791165]","[53.00297894732937,0.23985406544869675,1.341608390486672e-05,32.495835248697766]",9BA3E0C8047B39646CD2366F44B4D478189AEA1C20FECA99FBC6EAE827F18B71,114.820217584,0.948189613582,6.03705790634e-05,353.560035146,993251171,fmin_l_bfgs_b,1,-66.76352049717084,0.7310769999749027,0,0,,completed_without_convergence_warning,False,False,,False,,False,,False
phase3b_kernel_noise,Phase 3B,F7F71204D643D1027D0FF4736F24213619BF6A09C2361C3C11F169797AC98A9C,8EE00E603AA7622051F531FE6427BE9BC382D7D2507FEA27865D18BFBDDC8756,width,Melt-pool width,T0,matern52_no_nugget,"Matérn 5/2, no nugget",Matern,2.5,False,11,sim_00012,12,157.77781,154.8231741760976,2.954635823902379,2.954635823902379,8.72987285188729,10.634804505377309,113.0990668675935,,,10.634804505377309,latent predictive variance; numerical jitter excluded,3.321664520265744,,3.321664520265744,133.9789573455581,175.66739100663713,,,True,,"0.769**2 * Matern(length_scale=1.13, nu=2.5)",0.5920893053671794,1.125311173997418,,,,,,,159.00522,False,1e-06,numerical jitter only; separate from WhiteKernel nugget,240,241,True,False,False,False,True,True,False,"[""P"",""VX"",""LS"",""ST""]",159.53325918748791,37.515079694157315,"[158.3578817085154,0.6178456030195166,6.472744339517956e-05,348.46420921269146]","[53.004549260701374,0.2404860981421402,1.3401464578945536e-05,32.49637555447874]",128B75EE035221C8B0AB5937784B34FD1F99969E5DF8FA95F4BA2635C579F476,115.281467344,0.424433079834,5.4086019252e-05,352.652659088,784561400,fmin_l_bfgs_b,1,-66.04757891850903,0.8569610999547876,0,0,,completed_without_convergence_warning,False,False,,False,,False,,False
phase3b_kernel_noise,Phase 3B,F7F71204D643D1027D0FF4736F24213619BF6A09C2361C3C11F169797AC98A9C,8EE00E603AA7622051F531FE6427BE9BC382D7D2507FEA27865D18BFBDDC8756,width,Melt-pool width,T0,matern52_no_nugget,"Matérn 5/2, no nugget",Matern,2.5,False,12,sim_00013,13,151.41887,158.02078797240515,-6.601917972405147,6.601917972405147,43.585320914366086,9.926156399026677,98.52858085793825,,,9.926156399026677,latent predictive variance; numerical jitter excluded,3.435292972446283,,3.435292972446283,138.56552143031286,177.47605451449743,,,True,,"0.771**2 * Matern(length_scale=1.13, nu=2.5)",0.5939871015241383,1.126919081112912,,,,,,,159.00522,False,1e-06,numerical jitter only; separate from WhiteKernel nugget,240,241,True,False,False,False,True,True,False,"[""P"",""VX"",""LS"",""ST""]",159.55975477082126,37.511584814799384,"[158.3530527447446,0.6170264221488834,6.464732261184832e-05,348.5709529567457]","[53.00842057037782,0.24080846801739864,1.3407363290962404e-05,32.4678702279507]",7F0A396E35F7C57501124C7A7DAB33A88F4CDE64246BC9E777DA4B1874A4312C,116.440418649,0.621036488786,7.33150072515e-05,327.034160515,650999911,fmin_l_bfgs_b,1,-65.95893758726598,1.4012364000082016,0,0,,completed_without_convergence_warning,False,False,,False,,False,,False
phase3b_kernel_noise,Phase 3B,F7F71204D643D1027D0FF4736F24213619BF6A09C2361C3C11F169797AC98A9C,8EE00E603AA7622051F531FE6427BE9BC382D7D2507FEA27865D18BFBDDC8756,width,Melt-pool width,T0,matern52_no_nugget,"Matérn 5/2, no nugget",Matern,2.5,False,13,sim_00014,14,217.4983,204.09450116713637,13.403798832863629,13.403798832863629,179.66182315187638,16.33840457079386,266.94346391893765,,,16.33840457079386,latent predictive variance; numerical jitter excluded,4.048973596011317,,4.048973596011317,172.0712282083804,236.11777412589234,,,True,,"0.772**2 * Matern(length_scale=1.13, nu=2.5)",0.5955287929166233,1.1270811947796622,,,,,,,159.00522,False,1e-06,numerical jitter only; separate from WhiteKernel nugget,240,241,True,False,False,False,True,True,False,"[""P"",""VX"",""LS"",""ST""]",159.28442381248792,37.327367314137135,"[158.3519987794154,0.6186515558361501,6.460750575368374e-05,348.6119330496082]","[53.00925138670884,0.23951045220989403,1.3367313618197329e-05,32.434437099168925]",7A06422EB93744E4AAFE39E242228B2F4A12E0BBF5E83666A6EB649FA16BB3B6,116.693370328,0.231004403842,8.2871053211e-05,317.198938228,3492629008,fmin_l_bfgs_b,1,-66.49266060543906,0.8630927999620326,0,0,,completed_without_convergence_warning,False,False,,False,,False,,False
phase3b_kernel_noise,Phase 3B,F7F71204D643D1027D0FF4736F24213619BF6A09C2361C3C11F169797AC98A9C,8EE00E603AA7622051F531FE6427BE9BC382D7D2507FEA27865D18BFBDDC8756,width,Melt-pool width,T0,matern52_no_nugget,"Matérn 5/2, no nugget",Matern,2.5,False,14,sim_00015,15,135.91084,142.45894572761355,-6.548105727613546,6.548105727613546,42.87768862000532,13.14430818721487,172.77283772048386,,,13.14430818721487,latent predictive variance; numerical jitter excluded,3.619014251815293,,3.619014251815293,116.69610168067241,168.2217897745547,,,True,,"0.771**2 * Matern(length_scale=1.13, nu=2.5)",0.5937839904249055,1.1268971237860912,,,,,,,159.00522,False,1e-06,numerical jitter only; separate from WhiteKernel nugget,240,241,True,False,False,False,True,True,False,"[""P"",""VX"",""LS"",""ST""]",159.6243715624879,37.484138847438054,"[158.34451259494875,0.6173844334427584,6.475284015805415e-05,348.3277112325249]","[53.015006880890596,0.24075028576165886,1.3375473579595644e-05,32.40957813550829]",E15D742E6A9148F72FF7D5557C433C7EF00FA07AEF36013E6E0DAFCC632944E4,118.4900546,0.535113778256,4.79907961621e-05,385.412174328,1743781243,fmin_l_bfgs_b,1,-65.95041551228545,0.5613049000385217,0,0,,completed_without_convergence_warning,False,False,,False,,False,,False
phase3b_kernel_noise,Phase 3B,F7F71204D643D1027D0FF4736F24213619BF6A09C2361C3C11F169797AC98A9C,8EE00E603AA7622051F531FE6427BE9BC382D7D2507FEA27865D18BFBDDC8756,width,Melt-pool width,T0,matern52_no_nugget,"Matérn 5/2, no nugget",Matern,2.5,False,15,sim_00016,16,170.73953,173.9877691881939,-3.2482391881939066,3.2482391881939066,10.55105782371861,10.417250751185586,108.51911321307665,,,10.417250751185586,latent predictive variance; numerical jitter excluded,3.3110155138000765,,3.3110155138000765,153.56995771587015,194.40558066051767,,,True,,"0.771**2 * Matern(length_scale=1.13, nu=2.5)",0.5939358106392764,1.1284964455469821,,,,,,,159.00522,False,1e-06,numerical jitter only; separate from WhiteKernel nugget,240,241,True,False,False,False,True,True,False,"[""P"",""VX"",""LS"",""ST""]",159.47925202082124,37.50823743641233,"[158.33964409674041,0.6183404361363334,6.474001310586831e-05,348.29472905309564]","[53.018612817079,0.23996486897297997,1.3390058109921748e-05,32.3677669366823]",21310EF52409DF63A071F3166021A8B8B4638DA5722F79E3A8E8DA6A998A1F13,119.65849417,0.305673131798,5.10692886867e-05,393.327897391,2626467134,fmin_l_bfgs_b,1,-66.07153353202082,0.7563537000096403,0,0,,completed_without_convergence_warning,False,False,,False,,False,,False
phase3b_kernel_noise,Phase 3B,F7F71204D643D1027D0FF4736F24213619BF6A09C2361C3C11F169797AC98A9C,8EE00E603AA7622051F531FE6427BE9BC382D7D2507FEA27865D18BFBDDC8756,width,Melt-pool width,T0,matern52_no_nugget,"Matérn 5/2, no nugget",Matern,2.5,False,16,sim_00017,17,112.61138,110.90231248039899,1.7090675196010068,1.7090675196010068,2.9209117865551377,3.1036437601981963,9.632604590217198,,,3.1036437601981963,latent predictive variance; numerical jitter excluded,2.2031312483991266,,2.2031312483991266,104.81917071041053,116.98545425038745,,,True,,"0.772**2 * Matern(length_scale=1.13, nu=2.5)",0.59603905339684,1.127490699290545,,,,,,,159.00522,False,1e-06,numerical jitter only; separate from WhiteKernel nugget,240,241,True,False,False,False,True,True,False,"[""P"",""VX"",""LS"",""ST""]",159.72145264582122,37.3923124841444,"[158.3292693192904,0.6164101016198417,6.476530180872957e-05,348.6835952922249]","[53.02593687445433,0.24060804476663916,1.3358446857885196e-05,32.34583139550507]",F8CB5EA1B8A225B73595E15A8B961749C49D61ED4048B21D121F413CC914030B,122.148440758,0.768953415756,4.5e-05,300.0,2964905532,fmin_l_bfgs_b,1,-67.94846037934084,0.6154564999742433,0,0,,completed_without_convergence_warning,False,False,,False,,False,,False
phase3b_kernel_noise,Phase 3B,F7F71204D643D1027D0FF4736F24213619BF6A09C2361C3C11F169797AC98A9C,8EE00E603AA7622051F531FE6427BE9BC382D7D2507FEA27865D18BFBDDC8756,width,Melt-pool width,T0,matern52_no_nugget,"Matérn 5/2, no nugget",Matern,2.5,False,17,sim_00018,18,128.57057,128.60933543757568,-0.03876543757567674,0.03876543757567674,0.0015027591504336902,9.842211963080873,96.86913632621224,,,9.842211963080873,latent predictive variance; numerical jitter excluded,3.2056267686484547,,3.2056267686484547,109.31859998993717,147.90007088521418,,,True,,"0.771**2 * Matern(length_scale=1.13, nu=2.5)",0.594800874228184,1.1284065054118004,,,,,,,159.00522,False,1e-06,numerical jitter only; separate from WhiteKernel nugget,240,241,True,False,False,False,True,True,False,"[""P"",""VX"",""LS"",""ST""]",159.65495602082126,37.46177652630658,"[158.3282218305654,0.6156213144302249,6.45873716350229e-05,348.36346796159154]","[53.026649102130804,0.23979498773279057,1.333611394915862e-05,32.44571873291249]",9A4BC5080E1946D772D12516B1B5CA70EB8E10D146FF787AAC63B7AA745C910E,122.399838052,0.958262341264,8.77032416896e-05,376.830559352,2710828566,fmin_l_bfgs_b,1,-66.49583829774937,0.6596586999949068,0,0,,completed_without_convergence_warning,False,False,,False,,False,,False
phase3b_kernel_noise,Phase 3B,F7F71204D643D1027D0FF4736F24213619BF6A09C2361C3C11F169797AC98A9C,8EE00E603AA7622051F531FE6427BE9BC382D7D2507FEA27865D18BFBDDC8756,width,Melt-pool width,T0,matern52_no_nugget,"Matérn 5/2, no nugget",Matern,2.5,False,18,sim_00019,19,165.79511,160.1793171365115,5.615792863488508,5.615792863488508,31.537129485608457,6.417224438648849,41.18076949599203,,,6.417224438648849,latent predictive variance; numerical jitter excluded,3.1608351083565354,,3.1608351083565354,147.60155723675973,172.75707703626324,,,True,,"0.77**2 * Matern(length_scale=1.13, nu=2.5)",0.5925552209048516,1.1273234362200046,,,,,,,159.00522,False,1e-06,numerical jitter only; separate from WhiteKernel nugget,240,241,True,False,False,False,True,True,False,"[""P"",""VX"",""LS"",""ST""]",159.49985377082123,37.51305839721897,"[158.32331050989458,0.6178892381499167,6.472775088090165e-05,348.34715373772906]","[53.02992186917029,0.24045004755325144,1.3401219567741526e-05,32.43041294837297]",828B99CBBD55357CE4A2DA5E304765692A3B5C97DCCEF6DBB98E516C755D1040,123.578555013,0.413960648538,5.40122226787e-05,380.745973079,2687771923,fmin_l_bfgs_b,1,-66.20684889340001,0.8979987999773584,0,0,,completed_without_convergence_warning,False,False,,False,,False,,False
phase3b_kernel_noise,Phase 3B,F7F71204D643D1027D0FF4736F24213619BF6A09C2361C3C11F169797AC98A9C,8EE00E603AA7622051F531FE6427BE9BC382D7D2507FEA27865D18BFBDDC8756,width,Melt-pool width,T0,matern52_no_nugget,"Matérn 5/2, no nugget",Matern,2.5,False,19,sim_00020,20,111.25722999999999,114.96895169428839,-3.7117216942884,3.7117216942884,13.77687793585115,12.604683807896189,158.87805389704036,,,12.604683807896189,latent predictive variance; numerical jitter excluded,3.49636377715485,,3.49636377715485,90.26377143081186,139.67413195776493,,,True,,"0.773**2 * Matern(length_scale=1.13, nu=2.5)",0.5968238014815368,1.127786912348176,,,,,,,159.00522,False,1e-06,numerical jitter only; separate from WhiteKernel nugget,240,241,True,False,False,False,True,True,False,"[""P"",""VX"",""LS"",""ST""]",159.7270949374879,37.38510054856846,"[158.3176385259779,0.6158825533468916,6.475309981035664e-05,348.2839940665123]","[53.033564876701114,0.2401337361807569,1.3375147573906206e-05,32.352398716737454]",EBC90B981E56010E8A2BCE56A7DBA205AFBAC72295F00DE73AB53AD97B02C6A0,124.939831153,0.895565001264,4.79284796095e-05,395.904294171,3602856035,fmin_l_bfgs_b,1,-66.68577111138896,0.8377708999905735,0,0,,completed_without_convergence_warning,False,False,,False,,False,,False
phase3b_kernel_noise,Phase 3B,F7F71204D643D1027D0FF4736F24213619BF6A09C2361C3C11F169797AC98A9C,8EE00E603AA7622051F531FE6427BE9BC382D7D2507FEA27865D18BFBDDC8756,width,Melt-pool width,T0,matern52_no_nugget,"Matérn 5/2, no nugget",Matern,2.5,False,20,sim_00021,21,178.12134,178.0259374340047,0.09540256599530039,0.09540256599530039,0.009101649598487646,3.10815800846374,9.660646205577281,,,3.10815800846374,latent predictive variance; numerical jitter excluded,2.053439872055435,,2.053439872055435,171.93394773741576,184.11792713059364,,,True,,"0.769**2 * Matern(length_scale=1.13, nu=2.5)",0.591974744586648,1.128226674684727,,,,,,,159.00522,False,1e-06,numerical jitter only; separate from WhiteKernel nugget,240,241,True,False,False,False,True,True,False,"[""P"",""VX"",""LS"",""ST""]",159.4484944791546,37.49596253322507,"[158.31227112142372,0.6187737206743209,6.476530180872957e-05,348.6835952922249]","[53.036877405681054,0.23930513214495497,1.3358446857885196e-05,32.34583139550507]",818A2BC02D91CA870A37287B45A94BF1DB32B5797D5BB86CAB7A612F2E8A983C,126.228008246,0.201684842681,4.5e-05,300.0,2572045319,fmin_l_bfgs_b,1,-67.39257960781364,1.2731836999882944,0,0,,completed_without_convergence_warning,False,False,,False,,False,,False
phase3b_kernel_noise,Phase 3B,F7F71204D643D1027D0FF4736F24213619BF6A09C2361C3C11F169797AC98A9C,8EE00E603AA7622051F531FE6427BE9BC382D7D2507FEA27865D18BFBDDC8756,width,Melt-pool width,T0,matern52_no_nugget,"Matérn 5/2, no nugget",Matern,2.5,False,21,sim_00022,22,205.0187,205.97059470173565,-0.9518947017356538,0.9518947017356538,0.9061035231924094,10.280263137286253,105.6838101718466,,,10.280263137286253,latent predictive variance; numerical jitter excluded,3.253451250513656,,3.253451250513656,185.8212789526546,226.1199104508167,,,True,,"0.772**2 * Matern(length_scale=1.13, nu=2.5)",0.5965062208509712,1.1267967501390712,,,,,,,159.00522,False,1e-06,numerical jitter only; separate from WhiteKernel nugget,240,241,True,False,False,False,True,True,False,"[""P"",""VX"",""LS"",""ST""]",159.33642214582125,37.39966279867272,"[158.3114332546529,0.6180232762903375,6.459671988993998e-05,348.5316343551957]","[53.03738266952572,0.24032733321604594,1.3351519029611394e-05,32.488207333204784]",41AA397489E828B3BF2D106B12EAFA06C29986EC27E86AA6B5453CF7DB5A229A,126.429096271,0.381791494837,8.54596605095e-05,336.470624887,1696317601,fmin_l_bfgs_b,1,-66.85258526715964,1.191498700005468,0,0,,completed_without_convergence_warning,False,False,,False,,False,,False
phase3b_kernel_noise,Phase 3B,F7F71204D643D1027D0FF4736F24213619BF6A09C2361C3C11F169797AC98A9C,8EE00E603AA7622051F531FE6427BE9BC382D7D2507FEA27865D18BFBDDC8756,width,Melt-pool width,T0,matern52_no_nugget,"Matérn 5/2, no nugget",Matern,2.5,False,22,sim_00023,23,157.41665999990002,150.2893269440513,7.127333055848709,7.127333055848709,50.79887648899369,10.253318022908774,105.13053047890588,,,10.253318022908774,latent predictive variance; numerical jitter excluded,3.488138964552533,,3.488138964552533,130.19282361915012,170.3858302689525,,,True,,"0.771**2 * Matern(length_scale=1.13, nu=2.5)",0.5937409031088476,1.1285494894866646,,,,,,,159.00522,False,1e-06,numerical jitter only; separate from WhiteKernel nugget,240,241,True,False,False,False,True,True,False,"[""P"",""VX"",""LS"",""ST""]",159.53476397915497,37.51500200677653,"[158.29721725511956,0.6164865554586209,6.458423147396415e-05,348.60365505431236]","[53.04546855481787,0.24065358414047325,1.3330580773079952e-05,32.442198886820144]",1CBCC2070069FA96AB352F8C376B37E0981029A74F3BFA8ECC8BF97728C494E2,129.840936159,0.750604494449,8.84568803437e-05,319.185657099,2479265633,fmin_l_bfgs_b,1,-65.88891126932455,0.7294299000059254,0,0,,completed_without_convergence_warning,False,False,,False,,False,,False
phase3b_kernel_noise,Phase 3B,F7F71204D643D1027D0FF4736F24213619BF6A09C2361C3C11F169797AC98A9C,8EE00E603AA7622051F531FE6427BE9BC382D7D2507FEA27865D18BFBDDC8756,width,Melt-pool width,T0,matern52_no_nugget,"Matérn 5/2, no nugget",Matern,2.5,False,23,sim_00024,24,118.38922,117.98993227888954,0.3992877211104542,0.3992877211104542,0.15943068422957984,2.299387710565274,5.287183843498612,,,2.299387710565274,latent predictive variance; numerical jitter excluded,1.7666584970424377,,1.7666584970424377,113.48313236618161,122.49673219159747,,,True,,"0.771**2 * Matern(length_scale=1.13, nu=2.5)",0.5937817236155202,1.125772033666334,,,,,,,159.00522,False,1e-06,numerical jitter only; separate from WhiteKernel nugget,240,241,True,False,False,False,True,True,False,"[""P"",""VX"",""LS"",""ST""]",159.69737831248793,37.42076486226244,"[158.28403961691956,0.6165463889641124,6.476530180872957e-05,348.6835952922249]","[53.05214281881532,0.24068513510575304,1.3358446857885196e-05,32.34583139550507]",C5B92F4A61F4370C16869A206A6328E20C3A6E907D5245F9356186BE00A4F4D7,133.003569327,0.736244453131,4.5e-05,300.0,596414105,fmin_l_bfgs_b,1,-68.20138852189646,0.7386378000373952,0,0,,completed_without_convergence_warning,False,False,,False,,False,,False
phase3b_kernel_noise,Phase 3B,F7F71204D643D1027D0FF4736F24213619BF6A09C2361C3C11F169797AC98A9C,8EE00E603AA7622051F531FE6427BE9BC382D7D2507FEA27865D18BFBDDC8756,width,Melt-pool width,T0,matern52_no_nugget,"Matérn 5/2, no nugget",Matern,2.5,False,24,sim_00025,25,116.672535,117.74773145203119,-1.075196452031193,1.075196452031193,1.1560474104604654,9.456825932635601,89.43155672016921,,,9.456825932635601,latent predictive variance; numerical jitter excluded,3.1721386429791365,,3.1721386429791365,99.2123526240654,136.28311027999698,,,True,,"0.772**2 * Matern(length_scale=1.13, nu=2.5)",0.595910657896045,1.125971846318981,,,,,,,159.00522,False,1e-06,numerical jitter only; separate from WhiteKernel nugget,240,241,True,False,False,False,True,True,False,"[""P"",""VX"",""LS"",""ST""]",159.7045311666546,37.41270332455744,"[158.28381100981957,0.6162119771939083,6.475339043207874e-05,348.4236668690331]","[53.05225163612784,0.24046273318519476,1.3374781234415735e-05,32.48505314381646]",A9D5BF99B50EE6D5951EFC8AA1ADD01F4ECBE63F2D1F92ADBEB0CC1039679974,133.058435031,0.81650327798,4.78587303962e-05,362.382821566,2737461526,fmin_l_bfgs_b,1,-66.85504368579879,0.5666823999490589,0,0,,completed_without_convergence_warning,False,False,,False,,False,,False
phase3b_kernel_noise,Phase 3B,F7F71204D643D1027D0FF4736F24213619BF6A09C2361C3C11F169797AC98A9C,8EE00E603AA7622051F531FE6427BE9BC382D7D2507FEA27865D18BFBDDC8756,width,Melt-pool width,T0,matern52_no_nugget,"Matérn 5/2, no nugget",Matern,2.5,False,25,sim_00026,26,126.32101,122.52013485485497,3.800875145145028,3.800875145145028,14.446651868981238,5.111114220670755,26.123488576742822,,,5.111114220670755,latent predictive variance; numerical jitter excluded,2.8268629025107375,,2.8268629025107375,112.50235098234029,132.53791872736966,,,True,,"0.772**2 * Matern(length_scale=1.13, nu=2.5)",0.5953505645920989,1.1284502258813418,,,,,,,159.00522,False,1e-06,numerical jitter only; separate from WhiteKernel nugget,240,241,True,False,False,False,True,True,False,"[""P"",""VX"",""LS"",""ST""]",159.6643291874879,37.45371555517645,"[158.28089699925707,0.6169258931099832,6.476530180872957e-05,348.6835952922249]","[53.05361789026125,0.2408017367991145,1.3358446857885196e-05,32.34583139550507]",610463685B999281BF56CDCBAE2D9FF4BF867A49C2C9C7454EC2834EFD0EF0ED,133.757797566,0.645163458122,4.5e-05,300.0,1608356851,fmin_l_bfgs_b,1,-66.9301451957094,0.5260577000444755,0,0,,completed_without_convergence_warning,False,False,,False,,False,,False
phase3b_kernel_noise,Phase 3B,F7F71204D643D1027D0FF4736F24213619BF6A09C2361C3C11F169797AC98A9C,8EE00E603AA7622051F531FE6427BE9BC382D7D2507FEA27865D18BFBDDC8756,width,Melt-pool width,T0,matern52_no_nugget,"Matérn 5/2, no nugget",Matern,2.5,False,26,sim_00027,27,112.75596,114.49023902399185,-1.7342790239918457,1.7342790239918457,3.0077237330581093,1.9464375071514404,3.7886189692459133,,,1.9464375071514404,latent predictive variance; numerical jitter excluded,1.9818812826932433,,1.9818812826932433,110.67522150997502,118.30525653800868,,,True,,"0.771**2 * Matern(length_scale=1.13, nu=2.5)",0.5942678888504382,1.1271159671132607,,,,,,,159.00522,False,1e-06,numerical jitter only; separate from WhiteKernel nugget,240,241,True,False,False,False,True,True,False,"[""P"",""VX"",""LS"",""ST""]",159.72085022915456,37.393070283642835,"[158.27804538431124,0.6162542261756916,6.476530180872957e-05,348.6835952922249]","[53.05491751362914,0.24049702717207022,1.3358446857885196e-05,32.34583139550507]",11A7FD43E2592A38813F189512A885FDFD02F5986F2E08365A4DC0AB48199A8F,134.442185153,0.806363522352,4.5e-05,300.0,1835232596,fmin_l_bfgs_b,1,-68.15771467585975,0.376833499991335,0,0,,completed_without_convergence_warning,False,False,,False,,False,,False
phase3b_kernel_noise,Phase 3B,F7F71204D643D1027D0FF4736F24213619BF6A09C2361C3C11F169797AC98A9C,8EE00E603AA7622051F531FE6427BE9BC382D7D2507FEA27865D18BFBDDC8756,width,Melt-pool width,T0,matern52_no_nugget,"Matérn 5/2, no nugget",Matern,2.5,False,27,sim_00028,28,143.341645,147.6462511955175,-4.3046061955174935,4.3046061955174935,18.52963449848759,10.691657336884587,114.31153660935801,,,10.691657336884587,latent predictive variance; numerical jitter excluded,3.369451120740229,,3.369451120740229,126.6906028152237,168.60189957581127,,,True,,"0.77**2 * Matern(length_scale=1.12, nu=2.5)",0.5929320630722484,1.1249124681485392,,,,,,,159.00522,False,1e-06,numerical jitter only; separate from WhiteKernel nugget,240,241,True,False,False,False,True,True,False,"[""P"",""VX"",""LS"",""ST""]",159.5934098749879,37.50064076990094,"[158.27500456786123,0.6168964139397125,6.470738453903248e-05,348.42110738216644]","[53.05626263607044,0.24079784503047216,1.3413768830750554e-05,32.48392898689824]",C5A7318A28BE94C54188AEAA9BECC5A76401D64A6C0DB567A5AD2116E1AB9B3E,135.171981101,0.652238458987,5.89001447273e-05,362.997098414,4223357962,fmin_l_bfgs_b,1,-66.09001612600528,0.5887370000127703,0,0,,completed_without_convergence_warning,False,False,,False,,False,,False
phase3b_kernel_noise,Phase 3B,F7F71204D643D1027D0FF4736F24213619BF6A09C2361C3C11F169797AC98A9C,8EE00E603AA7622051F531FE6427BE9BC382D7D2507FEA27865D18BFBDDC8756,width,Melt-pool width,T0,matern52_no_nugget,"Matérn 5/2, no nugget",Matern,2.5,False,28,sim_00029,29,167.08695,167.17282066081657,-0.08587066081656758,0.08587066081656758,0.007373770389073994,2.2769865815926082,5.184667892752792,,,2.2769865815926082,latent predictive variance; numerical jitter excluded,1.7425025403363574,,1.7425025403363574,162.70992696089505,171.6357143607381,,,True,,"0.769**2 * Matern(length_scale=1.13, nu=2.5)",0.5910766569107336,1.1269674567618673,,,,,,,159.00522,False,1e-06,numerical jitter only; separate from WhiteKernel nugget,240,241,True,False,False,False,True,True,False,"[""P"",""VX"",""LS"",""ST""]",159.49447110415457,37.512062023624175,"[158.2748517312279,0.6183815848603541,6.476530180872957e-05,348.6835952922249]","[53.05632913474896,0.23991039692887753,1.3358446857885196e-05,32.34583139550507]",42C68E975C31F3F63EDEE01755CCB33070C6597AD5814361DCF3D94E801855AC,135.208661893,0.295797438033,4.5e-05,300.0,29120314,fmin_l_bfgs_b,1,-67.61460196197055,1.0543413000414148,0,0,,completed_without_convergence_warning,False,False,,False,,False,,False
phase3b_kernel_noise,Phase 3B,F7F71204D643D1027D0FF4736F24213619BF6A09C2361C3C11F169797AC98A9C,8EE00E603AA7622051F531FE6427BE9BC382D7D2507FEA27865D18BFBDDC8756,width,Melt-pool width,T0,matern52_no_nugget,"Matérn 5/2, no nugget",Matern,2.5,False,29,sim_00030,30,135.32405500000002,134.07101949184124,1.2530355081587743,1.2530355081587743,1.5700979847067178,7.989505007770551,63.83219026919071,,,7.989505007770551,latent predictive variance; numerical jitter excluded,3.009365977462379,,3.009365977462379,118.41158967661096,149.73044930707152,,,True,,"0.77**2 * Matern(length_scale=1.12, nu=2.5)",0.5927997051178774,1.124534718210075,,,,,,,159.00522,False,1e-06,numerical jitter only; separate from WhiteKernel nugget,240,241,True,False,False,False,True,True,False,"[""P"",""VX"",""LS"",""ST""]",159.6268164999879,37.4825728612444,"[158.27107492643205,0.6161970197013249,6.468627425316957e-05,348.4231661692082]","[53.05793867615184,0.24045016203258276,1.341890379222665e-05,32.484837057389946]",721E6840A9AF80B3D125518F518D7245EB90ADA5F6F177B360358EB9BEBED448,136.115095044,0.8200930762,6.39666133344e-05,362.502989524,1670370075,fmin_l_bfgs_b,1,-66.55714068633281,1.1786260000080802,0,0,,completed_without_convergence_warning,False,False,,False,,False,,False
phase3b_kernel_noise,Phase 3B,F7F71204D643D1027D0FF4736F24213619BF6A09C2361C3C11F169797AC98A9C,8EE00E603AA7622051F531FE6427BE9BC382D7D2507FEA27865D18BFBDDC8756,width,Melt-pool width,T0,matern52_no_nugget,"Matérn 5/2, no nugget",Matern,2.5,False,30,sim_00031,31,171.66867,177.1786012884258,-5.509931288425804,5.509931288425804,30.35934280317364,7.502557134433363,56.28836355543695,,,7.502557134433363,latent predictive variance; numerical jitter excluded,3.2038593471051673,,3.2038593471051673,162.4735893049364,191.88361327191518,,,True,,"0.77**2 * Matern(length_scale=1.13, nu=2.5)",0.5921320564371357,1.126561472324031,,,,,,,159.00522,False,1e-06,numerical jitter only; separate from WhiteKernel nugget,240,241,True,False,False,False,True,True,False,"[""P"",""VX"",""LS"",""ST""]",159.47538060415457,37.50702703567233,"[158.26745303423206,0.6181235582065375,6.473704823812624e-05,348.3791715883456]","[53.05942129575933,0.24022369560848622,1.3393005692171873e-05,32.45857830701988]",88B25698199B51B9092B517377A8B0969CB0D01A334C808C7575404C31248592,136.984349172,0.357723834949,5.17808569448e-05,373.061688931,3907237073,fmin_l_bfgs_b,1,-66.19771885089025,0.7295872999820858,0,0,,completed_without_convergence_warning,False,False,,False,,False,,False
phase3b_kernel_noise,Phase 3B,F7F71204D643D1027D0FF4736F24213619BF6A09C2361C3C11F169797AC98A9C,8EE00E603AA7622051F531FE6427BE9BC382D7D2507FEA27865D18BFBDDC8756,width,Melt-pool width,T0,matern52_no_nugget,"Matérn 5/2, no nugget",Matern,2.5,False,31,sim_00032,32,160.39622,164.5526794691448,-4.1564594691448065,4.1564594691448065,17.276155318643525,7.614701625821559,57.983680850289495,,,7.614701625821559,latent predictive variance; numerical jitter excluded,3.097993625893005,,3.097993625893005,149.62786428253455,179.47749465575507,,,True,,"0.77**2 * Matern(length_scale=1.13, nu=2.5)",0.5930313757989384,1.126753147873228,,,,,,,159.00522,False,1e-06,numerical jitter only; separate from WhiteKernel nugget,240,241,True,False,False,False,True,True,False,"[""P"",""VX"",""LS"",""ST""]",159.52234914582127,37.515207883141514,"[158.26597085556958,0.6166625831972166,6.459927615269874e-05,348.55302282275403]","[53.06001083230195,0.2407361562901615,1.3355453863678809e-05,32.47856883036284]",F2016BFC3BB5C4D748D6BF26904A5F6D551D3EEBE84CC4910534907D1918B2CD,137.340072051,0.708357837186,8.48461574474e-05,331.337392673,3109097110,fmin_l_bfgs_b,1,-66.27658556722568,0.9780825999914669,0,0,,completed_without_convergence_warning,False,False,,False,,False,,False
phase3b_kernel_noise,Phase 3B,F7F71204D643D1027D0FF4736F24213619BF6A09C2361C3C11F169797AC98A9C,8EE00E603AA7622051F531FE6427BE9BC382D7D2507FEA27865D18BFBDDC8756,width,Melt-pool width,T0,matern52_no_nugget,"Matérn 5/2, no nugget",Matern,2.5,False,32,sim_00033,33,175.24007,152.53873229699633,22.701337703003674,22.701337703003674,515.3507335058162,8.353028972052114,69.773093007942,,,8.353028972052114,latent predictive variance; numerical jitter excluded,6.7346105448313,,6.7346105448313,136.16679551177418,168.91066908221848,,,False,,"0.774**2 * Matern(length_scale=1.14, nu=2.5)",0.5989698821550261,1.1434088831143305,,,,,,,159.00522,False,1e-06,numerical jitter only; separate from WhiteKernel nugget,240,241,True,False,False,False,True,True,False,"[""P"",""VX"",""LS"",""ST""]",159.46049977082123,37.50147753879463,"[158.2648818540279,0.6176892879543457,6.468247656226207e-05,348.27738659470396]","[53.060437619646,0.2405995454934628,1.3418977951861284e-05,32.34250889159797]",62F7F4C24C285B71CEA0DECD132E561AB2E4EBA0FBB80729DDE596AF9E269828,137.601432421,0.461948695475,6.48780591522e-05,397.490087405,3345052907,fmin_l_bfgs_b,1,-62.76793319337884,0.46685289999004453,0,0,,completed_without_convergence_warning,False,False,,False,,False,,False
phase3b_kernel_noise,Phase 3B,F7F71204D643D1027D0FF4736F24213619BF6A09C2361C3C11F169797AC98A9C,8EE00E603AA7622051F531FE6427BE9BC382D7D2507FEA27865D18BFBDDC8756,width,Melt-pool width,T0,matern52_no_nugget,"Matérn 5/2, no nugget",Matern,2.5,False,33,sim_00034,34,110.64032,108.61505238637868,2.025267613621324,2.025267613621324,4.101708906783412,2.399466376054678,5.757438889816969,,,2.399466376054678,latent predictive variance; numerical jitter excluded,2.150394406897723,,2.150394406897723,103.91209828931152,113.31800648344584,,,True,,"0.771**2 * Matern(length_scale=1.13, nu=2.5)",0.5939889369462291,1.1268657100537636,,,,,,,159.00522,False,1e-06,numerical jitter only; separate from WhiteKernel nugget,240,241,True,False,False,False,True,True,False,"[""P"",""VX"",""LS"",""ST""]",159.72966539582123,37.38174649667106,"[158.2621882387696,0.6159600827907291,6.476530180872957e-05,348.6835952922249]","[53.0614701130961,0.24022100219396322,1.3358446857885196e-05,32.34583139550507]",1B9DAFC87E720A759E81497CB29BD148FC548A5899C542DEDB347ED5D7E85E17,138.247900083,0.876957934743,4.5e-05,300.0,2908772294,fmin_l_bfgs_b,1,-68.05445299410295,0.4352565999724902,0,0,,completed_without_convergence_warning,False,False,,False,,False,,False
phase3b_kernel_noise,Phase 3B,F7F71204D643D1027D0FF4736F24213619BF6A09C2361C3C11F169797AC98A9C,8EE00E603AA7622051F531FE6427BE9BC382D7D2507FEA27865D18BFBDDC8756,width,Melt-pool width,T0,matern52_no_nugget,"Matérn 5/2, no nugget",Matern,2.5,False,34,sim_00035,35,151.05829,152.1313949996163,-1.0731049996163051,1.0731049996163051,1.1515543402015103,8.828997972985517,77.95120520698237,,,8.828997972985517,latent predictive variance; numerical jitter excluded,3.1043664408580094,,3.1043664408580094,134.8265589725647,169.4362310266679,,,True,,"0.769**2 * Matern(length_scale=1.13, nu=2.5)",0.5921044746733978,1.1254662619343416,,,,,,,159.00522,False,1e-06,numerical jitter only; separate from WhiteKernel nugget,240,241,True,False,False,False,True,True,False,"[""P"",""VX"",""LS"",""ST""]",159.5612571874879,37.51125150294652,"[158.2578958214737,0.6162240409141874,6.460864109965373e-05,348.44680003866654]","[53.06304730722061,0.24047270841784027,1.336885311482355e-05,32.49300766551444]",5CF05867F803260870AB0ADE73F71882224592F1BB343F552CBF9B650980B464,139.278080234,0.813607985113,8.25985701782e-05,356.830860854,2772465572,fmin_l_bfgs_b,1,-66.28893207248734,0.6371997999958694,0,0,,completed_without_convergence_warning,False,False,,False,,False,,False
phase3b_kernel_noise,Phase 3B,F7F71204D643D1027D0FF4736F24213619BF6A09C2361C3C11F169797AC98A9C,8EE00E603AA7622051F531FE6427BE9BC382D7D2507FEA27865D18BFBDDC8756,width,Melt-pool width,T0,matern52_no_nugget,"Matérn 5/2, no nugget",Matern,2.5,False,35,sim_00036,36,180.1840599999,179.79836995402883,0.38569004587117206,0.38569004587117206,0.1487568114841068,1.3581455036036698,1.8445592089588658,,,1.3581455036036698,latent predictive variance; numerical jitter excluded,1.265381834804827,,1.265381834804827,177.13640476696563,182.46033514109203,,,True,,"0.769**2 * Matern(length_scale=1.13, nu=2.5)",0.59094844805364,1.127159877883772,,,,,,,159.00522,False,1e-06,numerical jitter only; separate from WhiteKernel nugget,240,241,True,False,False,False,True,True,False,"[""P"",""VX"",""LS"",""ST""]",159.43989981248833,37.49144476101146,"[158.25438828996957,0.6186853566869043,6.476530180872957e-05,348.6835952922249]","[53.06427394359831,0.23945516442296244,1.3358446857885196e-05,32.34583139550507]",EFF9183E36B8AA24C75F7EFEA1901B4D736BE9C52D03FD0B2812F21CB8639C5F,140.119887795,0.222892199661,4.5e-05,300.0,3181988344,fmin_l_bfgs_b,1,-68.2094666561805,0.5101780999684706,0,0,,completed_without_convergence_warning,False,False,,False,,False,,False
phase3b_kernel_noise,Phase 3B,F7F71204D643D1027D0FF4736F24213619BF6A09C2361C3C11F169797AC98A9C,8EE00E603AA7622051F531FE6427BE9BC382D7D2507FEA27865D18BFBDDC8756,width,Melt-pool width,T0,matern52_no_nugget,"Matérn 5/2, no nugget",Matern,2.5,False,36,sim_00037,37,173.99099,174.59970964407395,-0.6087196440739433,0.6087196440739433,0.37053960508150824,6.668493507287335,44.46880565673334,,,6.668493507287335,latent predictive variance; numerical jitter excluded,2.8204987935470363,,2.8204987935470363,161.5294623697908,187.66995691835712,,,True,,"0.77**2 * Matern(length_scale=1.13, nu=2.5)",0.5927441011500996,1.12556274951208,,,,,,,159.00522,False,1e-06,numerical jitter only; separate from WhiteKernel nugget,240,241,True,False,False,False,True,True,False,"[""P"",""VX"",""LS"",""ST""]",159.46570427082125,37.50358035195511,"[158.25355179944458,0.617062900545225,6.459613259209373e-05,348.479799745079]","[53.064558221144885,0.24080840960854635,1.335059817957493e-05,32.497483685846525]",9955F98A22AC37B5A3AFD05796AF966FE0D481207F9E4776F35C60EF1A100CC7,140.320645521,0.612281673664,8.56006119926e-05,348.910931315,461275010,fmin_l_bfgs_b,1,-66.63256347987343,0.6284693999914452,0,0,,completed_without_convergence_warning,False,False,,False,,False,,False
phase3b_kernel_noise,Phase 3B,F7F71204D643D1027D0FF4736F24213619BF6A09C2361C3C11F169797AC98A9C,8EE00E603AA7622051F531FE6427BE9BC382D7D2507FEA27865D18BFBDDC8756,width,Melt-pool width,T0,matern52_no_nugget,"Matérn 5/2, no nugget",Matern,2.5,False,37,sim_00038,38,175.08367,175.30187063515717,-0.21820063515716015,0.21820063515716015,0.04761151718298812,1.079727544581739,1.165811570528511,,,1.079727544581739,latent predictive variance; numerical jitter excluded,1.0160671714686997,,1.0160671714686997,173.18560464777696,177.4181366225374,,,True,,"0.769**2 * Matern(length_scale=1.13, nu=2.5)",0.5908803311140105,1.1269603473372563,,,,,,,159.00522,False,1e-06,numerical jitter only; separate from WhiteKernel nugget,240,241,True,False,False,False,True,True,False,"[""P"",""VX"",""LS"",""ST""]",159.4611514374879,37.5017503763124,"[158.25263838399871,0.6185488294487126,6.476530180872957e-05,348.6835952922249]","[53.06486500990506,0.23967135143267473,1.3358446857885196e-05,32.34583139550507]",881EB5455281875545B3DEDEA162803F883F52FFDBC4048D52355A0F20297424,140.539865228,0.255658736827,4.5e-05,300.0,3098371453,fmin_l_bfgs_b,1,-68.39856971561531,0.914938899979461,0,0,,completed_without_convergence_warning,False,False,,False,,False,,False
phase3b_kernel_noise,Phase 3B,F7F71204D643D1027D0FF4736F24213619BF6A09C2361C3C11F169797AC98A9C,8EE00E603AA7622051F531FE6427BE9BC382D7D2507FEA27865D18BFBDDC8756,width,Melt-pool width,T0,matern52_no_nugget,"Matérn 5/2, no nugget",Matern,2.5,False,38,sim_00039,39,149.31158,170.90366320986195,-21.592083209861954,21.592083209861954,466.2180573416025,5.7525848357304445,33.09223229227587,,,5.7525848357304445,latent predictive variance; numerical jitter excluded,9.712809761051826,,9.712809761051826,159.6285969318303,182.1787294878936,,,False,,"0.777**2 * Matern(length_scale=1.16, nu=2.5)",0.6040627535006342,1.1574551356450644,,,,,,,159.00522,False,1e-06,numerical jitter only; separate from WhiteKernel nugget,240,241,True,False,False,False,True,True,False,"[""P"",""VX"",""LS"",""ST""]",159.56853514582124,37.50943155240065,"[158.25250020333206,0.617317535418675,6.46699718421829e-05,348.35924420264143]","[53.06491109050712,0.24077090568540163,1.3417391444226926e-05,32.441946432936575]",0361B5F668132ED2BE756A7D6DFA6310845833C9BE9DD1A4DDD82C6D3EC2BE98,140.573028588,0.551169304036,6.78791919712e-05,377.8442615,3978030060,fmin_l_bfgs_b,1,-59.985451894778635,0.5889084999798797,0,0,,completed_without_convergence_warning,False,False,,False,,False,,False
phase3b_kernel_noise,Phase 3B,F7F71204D643D1027D0FF4736F24213619BF6A09C2361C3C11F169797AC98A9C,8EE00E603AA7622051F531FE6427BE9BC382D7D2507FEA27865D18BFBDDC8756,width,Melt-pool width,T0,matern52_no_nugget,"Matérn 5/2, no nugget",Matern,2.5,False,39,sim_00040,40,104.20475,112.67938770154197,-8.474637701541965,8.474637701541965,71.81948417239649,8.519890693842516,72.5885374350243,,,8.519890693842516,latent predictive variance; numerical jitter excluded,3.5560446981493374,,3.5560446981493374,95.98040194161064,129.3783734614733,,,True,,"0.77**2 * Matern(length_scale=1.13, nu=2.5)",0.5936441941038784,1.1270780966800855,,,,,,,159.00522,False,1e-06,numerical jitter only; separate from WhiteKernel nugget,240,241,True,False,False,False,True,True,False,"[""P"",""VX"",""LS"",""ST""]",159.75648027082124,37.34419678849061,"[158.25082688246124,0.6155047892653667,6.476530180872957e-05,348.6835952922249]","[53.06546222450574,0.23962160005309666,1.3358446857885196e-05,32.34583139550507]",D8F9F84DC8CB74F4B6C2DC631E53EF1B097765E689507656D025FBBE3700D55A,140.974625597,0.98622838083,4.5e-05,300.0,3297611334,fmin_l_bfgs_b,1,-66.87513965070752,1.2854743000352755,0,0,,completed_without_convergence_warning,False,False,,False,,False,,False
phase3b_kernel_noise,Phase 3B,F7F71204D643D1027D0FF4736F24213619BF6A09C2361C3C11F169797AC98A9C,8EE00E603AA7622051F531FE6427BE9BC382D7D2507FEA27865D18BFBDDC8756,width,Melt-pool width,T0,matern52_no_nugget,"Matérn 5/2, no nugget",Matern,2.5,False,40,sim_00041,41,175.03381999989998,202.1421164994128,-27.108296499512818,27.108296499512818,734.8597391054989,5.3893522588851415,29.045117770350377,,,5.3893522588851415,latent predictive variance; numerical jitter excluded,15.25367806650496,,15.25367806650496,191.57898607199792,212.70524692682767,,,False,,"0.763**2 * Matern(length_scale=1.16, nu=2.5)",0.5823146035857603,1.161869729421955,,,,,,,159.00522,False,1e-06,numerical jitter only; separate from WhiteKernel nugget,240,241,True,False,False,False,True,True,False,"[""P"",""VX"",""LS"",""ST""]",159.46135914582163,37.50183676494317,"[158.2387213844654,0.6182129101959709,6.467113207902331e-05,348.2743966932499]","[53.069070448405476,0.2401228131074909,1.3417656861629136e-05,32.33792579510291]",18BB1F4E19DE8422A264EAA0542A51CD179483E4AA0B1029472468767BAD57B3,143.879945116,0.336279357485,6.76007351295e-05,398.207663754,3004642763,fmin_l_bfgs_b,1,-54.885734398407436,0.6218716000439599,0,0,,completed_without_convergence_warning,False,False,,False,,False,,False
phase3b_kernel_noise,Phase 3B,F7F71204D643D1027D0FF4736F24213619BF6A09C2361C3C11F169797AC98A9C,8EE00E603AA7622051F531FE6427BE9BC382D7D2507FEA27865D18BFBDDC8756,width,Melt-pool width,T0,matern52_no_nugget,"Matérn 5/2, no nugget",Matern,2.5,False,41,sim_00042,42,119.34365000000001,118.53540946547878,0.8082405345212322,0.8082405345212322,0.6532527616431671,7.099616701367025,50.4045573063296,,,7.099616701367025,latent predictive variance; numerical jitter excluded,2.88545942628278,,2.88545942628278,104.62016073079941,132.45065820015816,,,True,,"0.771**2 * Matern(length_scale=1.13, nu=2.5)",0.5947209364706532,1.1252999945301354,,,,,,,159.00522,False,1e-06,numerical jitter only; separate from WhiteKernel nugget,240,241,True,False,False,False,True,True,False,"[""P"",""VX"",""LS"",""ST""]",159.69340152082123,37.42510359868196,"[158.23859831466956,0.6157920179688,6.472353426684748e-05,348.46606666960815]","[53.06910371271516,0.24002415200561472,1.3404430888942473e-05,32.49660216734778]",EEDDF515CF85A7FA5BE49044C7B9E7D9E601623A3DDE32D4CE63AB3153ADB626,143.909481867,0.917293492006,5.50242100517e-05,352.206869428,1977643109,fmin_l_bfgs_b,1,-67.04360664115885,1.194992100005038,0,0,,completed_without_convergence_warning,False,False,,False,,False,,False
phase3b_kernel_noise,Phase 3B,F7F71204D643D1027D0FF4736F24213619BF6A09C2361C3C11F169797AC98A9C,8EE00E603AA7622051F531FE6427BE9BC382D7D2507FEA27865D18BFBDDC8756,width,Melt-pool width,T0,matern52_no_nugget,"Matérn 5/2, no nugget",Matern,2.5,False,42,sim_00043,43,233.5733,231.37227016841257,2.2010298315874195,2.2010298315874195,4.844532319537744,14.02948605803658,196.82647905264278,,,14.02948605803658,latent predictive variance; numerical jitter excluded,3.5724064021814055,,3.5724064021814055,203.87447749466088,258.87006284216426,,,True,,"0.776**2 * Matern(length_scale=1.13, nu=2.5)",0.602214807502586,1.1273622264620535,,,,,,,159.00522,False,1e-06,numerical jitter only; separate from WhiteKernel nugget,240,241,True,False,False,False,True,True,False,"[""P"",""VX"",""LS"",""ST""]",159.21744464582122,37.20823753499521,"[158.23536763546542,0.6186931569911418,6.460581610427081e-05,348.5276849022957]","[53.069952318063436,0.23944224040708512,1.3364979137590056e-05,32.48961565395927]",60B009235D1981E5539EAF7C3E417BC6191DF00EB70D06F4E38E63BBB4936CB3,144.684844876,0.221020126644,8.32765690701e-05,337.418493583,4017130338,fmin_l_bfgs_b,1,-67.73327784923899,0.9661352999974042,0,0,,completed_without_convergence_warning,False,False,,False,,False,,False
phase3b_kernel_noise,Phase 3B,F7F71204D643D1027D0FF4736F24213619BF6A09C2361C3C11F169797AC98A9C,8EE00E603AA7622051F531FE6427BE9BC382D7D2507FEA27865D18BFBDDC8756,width,Melt-pool width,T0,matern52_no_nugget,"Matérn 5/2, no nugget",Matern,2.5,False,43,sim_00044,44,171.50607,176.68965475797737,-5.183584757977371,5.183584757977371,26.869550943135323,7.361215796679462,54.18749800528324,,,7.361215796679462,latent predictive variance; numerical jitter excluded,3.163094917107338,,3.163094917107338,162.26167179648562,191.11763771946912,,,True,,"0.771**2 * Matern(length_scale=1.13, nu=2.5)",0.5940748657659058,1.1265614473561592,,,,,,,159.00522,False,1e-06,numerical jitter only; separate from WhiteKernel nugget,240,241,True,False,False,False,True,True,False,"[""P"",""VX"",""LS"",""ST""]",159.47605810415456,37.50724581119333,"[158.23405467481126,0.6172415237618,6.46393893522079e-05,348.47611594267903]","[53.07028364533539,0.240788896452587,1.3401667683827158e-05,32.49738449534682]",8D03F2A0559BDA503DB8BEA45A6F9BF878896ACD147C06876C669448A294E371,144.999955433,0.569412101686,7.52189895652e-05,349.795043891,1810281295,fmin_l_bfgs_b,1,-66.25294066923209,0.8936902999994345,0,0,,completed_without_convergence_warning,False,False,,False,,False,,False
phase3b_kernel_noise,Phase 3B,F7F71204D643D1027D0FF4736F24213619BF6A09C2361C3C11F169797AC98A9C,8EE00E603AA7622051F531FE6427BE9BC382D7D2507FEA27865D18BFBDDC8756,width,Melt-pool width,T0,matern52_no_nugget,"Matérn 5/2, no nugget",Matern,2.5,False,44,sim_00045,45,181.20564,182.6355464716594,-1.4299064716594216,1.4299064716594216,2.0446325176934965,5.747591505244316,33.034808111156615,,,5.747591505244316,latent predictive variance; numerical jitter excluded,2.698666069938666,,2.698666069938666,171.37026712138055,193.90082582193827,,,True,,"0.77**2 * Matern(length_scale=1.12, nu=2.5)",0.5923484882872798,1.1245219636530408,,,,,,,159.00522,False,1e-06,numerical jitter only; separate from WhiteKernel nugget,240,241,True,False,False,False,True,True,False,"[""P"",""VX"",""LS"",""ST""]",159.43564322915458,37.48903126537169,"[158.23301651429875,0.6175259920191084,6.463978398877207e-05,348.5786517504499]","[53.07054008289851,0.2406918746084161,1.340197781557004e-05,32.46254300084371]",E3D9C385AF54FD4E7A256D3D4C1E892FED82DAA2A0555577A6759D5F4D79D7D8,145.249113956,0.501139719932,7.51242767898e-05,325.186450026,1461112370,fmin_l_bfgs_b,1,-66.82711509226732,0.5554722000379115,0,0,,completed_without_convergence_warning,False,False,,False,,False,,False
phase3b_kernel_noise,Phase 3B,F7F71204D643D1027D0FF4736F24213619BF6A09C2361C3C11F169797AC98A9C,8EE00E603AA7622051F531FE6427BE9BC382D7D2507FEA27865D18BFBDDC8756,width,Melt-pool width,T0,matern52_no_nugget,"Matérn 5/2, no nugget",Matern,2.5,False,45,sim_00046,46,219.07139999999998,217.67897903116827,1.3924209688317148,1.3924209688317148,1.9388361544422514,9.948444195769127,98.97154191633244,,,9.948444195769127,latent predictive variance; numerical jitter excluded,3.226149627306984,,3.226149627306984,198.18002840746078,237.17792965487575,,,True,,"0.773**2 * Matern(length_scale=1.13, nu=2.5)",0.5981572637045419,1.1254637017314988,,,,,,,159.00522,False,1e-06,numerical jitter only; separate from WhiteKernel nugget,240,241,True,False,False,False,True,True,False,"[""P"",""VX"",""LS"",""ST""]",159.27786922915456,37.317004987293046,"[158.23181820804874,0.618314193011275,6.463787932109831e-05,348.4485013140748]","[53.07082999174481,0.23999871478503687,1.340045507175401e-05,32.49343590340503]",DC735690FECF085E4235573C0E14BED247AC2612A9EE67A8B038A53CFC2C9D78,145.536707456,0.311971481812,7.55813970315e-05,356.422554756,145048693,fmin_l_bfgs_b,1,-67.38675397923154,0.42574730003252625,0,0,,completed_without_convergence_warning,False,False,,False,,False,,False
phase3b_kernel_noise,Phase 3B,F7F71204D643D1027D0FF4736F24213619BF6A09C2361C3C11F169797AC98A9C,8EE00E603AA7622051F531FE6427BE9BC382D7D2507FEA27865D18BFBDDC8756,width,Melt-pool width,T0,matern52_no_nugget,"Matérn 5/2, no nugget",Matern,2.5,False,46,sim_00047,47,107.70817000000001,112.09452247388751,-4.386352473887499,4.386352473887499,19.24008802517898,12.010906285716313,144.26186980425965,,,12.010906285716313,latent predictive variance; numerical jitter excluded,3.471438219954174,,3.471438219954174,88.55314615388353,135.63589879389147,,,True,,"0.772**2 * Matern(length_scale=1.13, nu=2.5)",0.5966709355387956,1.127202562906195,,,,,,,159.00522,False,1e-06,numerical jitter only; separate from WhiteKernel nugget,240,241,True,False,False,False,True,True,False,"[""P"",""VX"",""LS"",""ST""]",159.7418826874879,37.365218067697,"[158.22810565031958,0.6155367975541791,6.476040778481916e-05,348.35939812587486]","[53.0716867731968,0.23967060052438596,1.3365470207589456e-05,32.44208623849676]",600BA3088AABB8B162687993250169DC8FFD02A88D8B86395932334D8C8FF576,146.427721311,0.978546391515,4.61745657385e-05,377.807319924,955041409,fmin_l_bfgs_b,1,-66.83549956799484,0.5591975999996066,0,0,,completed_without_convergence_warning,False,False,,False,,False,,False
phase3b_kernel_noise,Phase 3B,F7F71204D643D1027D0FF4736F24213619BF6A09C2361C3C11F169797AC98A9C,8EE00E603AA7622051F531FE6427BE9BC382D7D2507FEA27865D18BFBDDC8756,width,Melt-pool width,T0,matern52_no_nugget,"Matérn 5/2, no nugget",Matern,2.5,False,47,sim_00048,48,186.0660249999,190.26839941492122,-4.202374415021211,4.202374415021211,17.659950724024867,11.729874174049023,137.58994813902225,,,11.729874174049023,latent predictive variance; numerical jitter excluded,3.445253489677968,,3.445253489677968,167.27784603378512,213.25895279605732,,,True,,"0.771**2 * Matern(length_scale=1.13, nu=2.5)",0.5950250071622545,1.1284937471997671,,,,,,,159.00522,False,1e-06,numerical jitter only; separate from WhiteKernel nugget,240,241,True,False,False,False,True,True,False,"[""P"",""VX"",""LS"",""ST""]",159.41539162498833,37.47595055206505,"[158.21647960238207,0.6187540545363291,6.474972700574456e-05,348.41226634328734]","[53.07396485903032,0.23933921140786796,1.3379287102329097e-05,32.47967165940289]",393A5E56A67372625DA2E38783F1A8D7BB4B88ED69D2EC4B40ECDBB64341342B,149.217972816,0.206404715799,4.87379527164e-05,365.118947745,3927175747,fmin_l_bfgs_b,1,-66.13602314955017,0.7910844999714755,0,0,,completed_without_convergence_warning,False,False,,False,,False,,False
phase3b_kernel_noise,Phase 3B,F7F71204D643D1027D0FF4736F24213619BF6A09C2361C3C11F169797AC98A9C,8EE00E603AA7622051F531FE6427BE9BC382D7D2507FEA27865D18BFBDDC8756,width,Melt-pool width,T0,matern52_no_nugget,"Matérn 5/2, no nugget",Matern,2.5,False,48,sim_00049,49,112.30330000000001,113.22537693293947,-0.9220769329394614,0.9220769329394614,0.850225870259044,4.31523811274112,18.621279969653546,,,4.31523811274112,latent predictive variance; numerical jitter excluded,2.403920454145332,,2.403920454145332,104.76751023196687,121.68324363391207,,,True,,"0.772**2 * Matern(length_scale=1.13, nu=2.5)",0.5961012439611504,1.1274214373820748,,,,,,,159.00522,False,1e-06,numerical jitter only; separate from WhiteKernel nugget,240,241,True,False,False,False,True,True,False,"[""P"",""VX"",""LS"",""ST""]",159.7227363124879,37.39068986435306,"[158.21632806737372,0.6159142524228416,6.476530180872957e-05,348.6835952922249]","[53.073990499124314,0.24017014893211627,1.3358446857885196e-05,32.34583139550507]",0B964A6E9E0406ABF9FBBFE6BC8E1D2CA4D1A8593D04F4671011D3D5F01AB086,149.254341218,0.887957223036,4.5e-05,300.0,2076686448,fmin_l_bfgs_b,1,-67.74086109978967,0.6308284000260755,0,0,,completed_without_convergence_warning,False,False,,False,,False,,False
phase3b_kernel_noise,Phase 3B,F7F71204D643D1027D0FF4736F24213619BF6A09C2361C3C11F169797AC98A9C,8EE00E603AA7622051F531FE6427BE9BC382D7D2507FEA27865D18BFBDDC8756,width,Melt-pool width,T0,matern52_no_nugget,"Matérn 5/2, no nugget",Matern,2.5,False,49,sim_00050,50,175.6206,171.91919409858775,3.701405901412244,3.701405901412244,13.700405647009385,6.304994205160972,39.75295192711344,,,6.304994205160972,latent predictive variance; numerical jitter excluded,2.9325999332038855,,2.9325999332038855,159.56140545647224,184.27698274070326,,,True,,"0.77**2 * Matern(length_scale=1.13, nu=2.5)",0.5922409627168432,1.1250837657144388,,,,,,,159.00522,False,1e-06,numerical jitter only; separate from WhiteKernel nugget,240,241,True,False,False,False,True,True,False,"[""P"",""VX"",""LS"",""ST""]",159.45891422915457,37.500802303423384,"[158.2143049946154,0.6175112379024459,6.466228687215873e-05,348.5980280878873]","[53.07432281841771,0.2406988998602861,1.3415022716508509e-05,32.4471833301835]",043F11B38EEED14DC278AB0749D8B007780A5680E66D7BF093AA2DB06FA9671B,149.73987868,0.504680707931,6.9723584777e-05,320.536129041,130252211,fmin_l_bfgs_b,1,-66.51241518749163,0.6152733000344597,0,0,,completed_without_convergence_warning,False,False,,False,,False,,False
phase3b_kernel_noise,Phase 3B,F7F71204D643D1027D0FF4736F24213619BF6A09C2361C3C11F169797AC98A9C,8EE00E603AA7622051F531FE6427BE9BC382D7D2507FEA27865D18BFBDDC8756,width,Melt-pool width,T0,matern52_no_nugget,"Matérn 5/2, no nugget",Matern,2.5,False,50,sim_00051,51,185.73009999989998,181.65035911798984,4.079740881910141,4.079740881910141,16.644285663528933,9.567474967311304,91.53657725012843,,,9.567474967311304,latent predictive variance; numerical jitter excluded,3.268223891954482,,3.268223891954482,162.89810818205967,200.40261005392,,,True,,"0.771**2 * Matern(length_scale=1.13, nu=2.5)",0.5938144251685836,1.1277400651327205,,,,,,,159.00522,False,1e-06,numerical jitter only; separate from WhiteKernel nugget,240,241,True,False,False,False,True,True,False,"[""P"",""VX"",""LS"",""ST""]",159.41679131248833,37.47693961289368,"[158.21413986554455,0.6185660050931917,6.475074854578498e-05,348.34463294093314]","[53.074349122814546,0.23964519577798124,1.3378055110341086e-05,32.42787089692531]",105961F70DC6623E1F1E8698F79C75F28280EB3DE7B4CF1E11B6A6F07C12F6D4,149.779509657,0.251536582152,4.84927831067e-05,381.35096431,2909824327,fmin_l_bfgs_b,1,-66.30784513109415,1.0085155999986455,0,0,,completed_without_convergence_warning,False,False,,False,,False,,False
phase3b_kernel_noise,Phase 3B,F7F71204D643D1027D0FF4736F24213619BF6A09C2361C3C11F169797AC98A9C,8EE00E603AA7622051F531FE6427BE9BC382D7D2507FEA27865D18BFBDDC8756,width,Melt-pool width,T0,matern52_no_nugget,"Matérn 5/2, no nugget",Matern,2.5,False,51,sim_00052,52,151.56012,152.98895406057298,-1.4288340605729672,1.4288340605729672,2.0415667726534337,16.803094593763422,282.3439879269615,,,16.803094593763422,latent predictive variance; numerical jitter excluded,3.7441169937956587,,3.7441169937956587,120.05488865679666,185.9230194643493,,,True,,"0.771**2 * Matern(length_scale=1.13, nu=2.5)",0.5949506334549484,1.1291260053641834,,,,,,,159.00522,False,1e-06,numerical jitter only; separate from WhiteKernel nugget,240,241,True,False,False,False,True,True,False,"[""P"",""VX"",""LS"",""ST""]",159.55916622915458,37.51171142909609,"[158.20937114810707,0.6160348460623458,6.459672442327373e-05,348.6717536433998]","[53.07505533719403,0.24029941514887462,1.3351526113162792e-05,32.36312720681544]",05321497B6D501B181A7C8C36B9531B1E7A7CC76130D8BC386D99A4E51B81583,150.924001842,0.859014749555,8.54585725094e-05,302.841995718,3993619749,fmin_l_bfgs_b,1,-65.62743927877654,0.9703112000133842,0,0,,completed_without_convergence_warning,False,False,,False,,False,,False
phase3b_kernel_noise,Phase 3B,F7F71204D643D1027D0FF4736F24213619BF6A09C2361C3C11F169797AC98A9C,8EE00E603AA7622051F531FE6427BE9BC382D7D2507FEA27865D18BFBDDC8756,width,Melt-pool width,T0,matern52_no_nugget,"Matérn 5/2, no nugget",Matern,2.5,False,52,sim_00053,53,127.03549999999998,129.54955213530118,-2.514052135301199,2.514052135301199,6.320458139012518,13.536772826030962,183.24421854357027,,,13.536772826030962,latent predictive variance; numerical jitter excluded,3.541594424612144,,3.541594424612144,103.0174773962805,156.08162687432187,,,True,,"0.771**2 * Matern(length_scale=1.13, nu=2.5)",0.5949462807539088,1.1277669563488204,,,,,,,159.00522,False,1e-06,numerical jitter only; separate from WhiteKernel nugget,240,241,True,False,False,False,True,True,False,"[""P"",""VX"",""LS"",""ST""]",159.66135214582124,37.4563372723474,"[158.20694668993622,0.6154661164366374,6.467255978872623e-05,348.6752763168831]","[53.07537478525341,0.23956100875445052,1.341795027782825e-05,32.358092116725196]",C43BF0BB00E5BD5E51CEC7853F6DBC93738E9527EC2377DBAC52EF17B12947CF,151.505871803,0.995509859725,6.72580848008e-05,301.996554082,528714859,fmin_l_bfgs_b,1,-66.15268411968259,1.0280303999898024,0,0,,completed_without_convergence_warning,False,False,,False,,False,,False
phase3b_kernel_noise,Phase 3B,F7F71204D643D1027D0FF4736F24213619BF6A09C2361C3C11F169797AC98A9C,8EE00E603AA7622051F531FE6427BE9BC382D7D2507FEA27865D18BFBDDC8756,width,Melt-pool width,T0,matern52_no_nugget,"Matérn 5/2, no nugget",Matern,2.5,False,53,sim_00054,54,141.63121999999998,144.31756005838278,-2.6863400583827968,2.6863400583827968,7.2164229092720875,8.509385203857319,72.40963654762587,,,8.509385203857319,latent predictive variance; numerical jitter excluded,3.1099387714837117,,3.1099387714837117,127.63916505882244,160.99595505794312,,,True,,"0.77**2 * Matern(length_scale=1.12, nu=2.5)",0.5926633626237557,1.1247973345105582,,,,,,,159.00522,False,1e-06,numerical jitter only; separate from WhiteKernel nugget,240,241,True,False,False,False,True,True,False,"[""P"",""VX"",""LS"",""ST""]",159.60053664582125,37.49738887372678,"[158.20642811874455,0.6171280333808874,6.472159847430624e-05,348.58740089991653]","[53.07543964730879,0.2408049935476302,1.3405797854578483e-05,32.45595363515902]",5D828BF4A57E1AF15F781C199E535D2CFD2E0327C641FDAFD78F2D544D5E57F5,151.630328889,0.596649793105,5.54888002616e-05,323.086654154,1993090078,fmin_l_bfgs_b,1,-66.36664757856701,0.9430924999760464,0,0,,completed_without_convergence_warning,False,False,,False,,False,,False
phase3b_kernel_noise,Phase 3B,F7F71204D643D1027D0FF4736F24213619BF6A09C2361C3C11F169797AC98A9C,8EE00E603AA7622051F531FE6427BE9BC382D7D2507FEA27865D18BFBDDC8756,width,Melt-pool width,T0,matern52_no_nugget,"Matérn 5/2, no nugget",Matern,2.5,False,54,sim_00055,55,173.01361,150.96049026862977,22.05311973137023,22.05311973137023,486.340089886151,3.1322371922805075,9.810909828705277,,,3.1322371922805075,latent predictive variance; numerical jitter excluded,26.846363331120227,,26.846363331120227,144.82130537175996,157.09967516549958,,,False,,"0.783**2 * Matern(length_scale=1.22, nu=2.5)",0.6135761903281262,1.2185419473004666,,,,,,,159.00522,False,1e-06,numerical jitter only; separate from WhiteKernel nugget,240,241,True,False,False,False,True,True,False,"[""P"",""VX"",""LS"",""ST""]",159.4697766874879,37.5051042974654,"[158.1977150049029,0.6171998609594332,6.464059910372415e-05,348.335743092454]","[53.076346841455965,0.24079630342926744,1.3402609498875246e-05,32.41852745346964]",90094DD588FB98F6D76A65EB27EDE4E724109FE9F684EF502AB418E027933365,153.721476211,0.579411174254,7.49286492013e-05,383.484527945,462947682,fmin_l_bfgs_b,1,-45.78502247162356,0.44731259997934103,0,0,,completed_without_convergence_warning,False,False,,False,,False,,False
phase3b_kernel_noise,Phase 3B,F7F71204D643D1027D0FF4736F24213619BF6A09C2361C3C11F169797AC98A9C,8EE00E603AA7622051F531FE6427BE9BC382D7D2507FEA27865D18BFBDDC8756,width,Melt-pool width,T0,matern52_no_nugget,"Matérn 5/2, no nugget",Matern,2.5,False,55,sim_00056,56,131.7857899999,130.89437151395788,0.8914184859421255,0.8914184859421255,0.7946269170793513,6.557795398651274,43.00468049057182,,,6.557795398651274,latent predictive variance; numerical jitter excluded,2.8088318546364444,,2.8088318546364444,118.04109253260138,143.7476504953144,,,True,,"0.77**2 * Matern(length_scale=1.13, nu=2.5)",0.5927997527950151,1.125072936873778,,,,,,,159.00522,False,1e-06,numerical jitter only; separate from WhiteKernel nugget,240,241,True,False,False,False,True,True,False,"[""P"",""VX"",""LS"",""ST""]",159.64155927082166,37.47231387347617,"[158.19003746303207,0.6159362228636,6.469716086005082e-05,348.6204663220624]","[53.07686050809345,0.24019479160724883,1.341725556011928e-05,32.42590090990646]",341E84805911D3A98FECAE44BE20585374673721005F42BD23FFF76578104F18,155.56408626,0.882684317254,6.13538276829e-05,315.150952839,2698464364,fmin_l_bfgs_b,1,-66.8077654072022,1.2698553999653086,0,0,,completed_without_convergence_warning,False,False,,False,,False,,False
phase3b_kernel_noise,Phase 3B,F7F71204D643D1027D0FF4736F24213619BF6A09C2361C3C11F169797AC98A9C,8EE00E603AA7622051F531FE6427BE9BC382D7D2507FEA27865D18BFBDDC8756,width,Melt-pool width,T0,matern52_no_nugget,"Matérn 5/2, no nugget",Matern,2.5,False,56,sim_00057,57,190.14991,179.39121540519326,10.758694594806741,10.758694594806741,115.74950938432379,11.733930381131724,137.6851221892461,,,11.733930381131724,latent predictive variance; numerical jitter excluded,3.801764593693161,,3.801764593693161,156.3927118581751,202.38971895221144,,,True,,"0.773**2 * Matern(length_scale=1.13, nu=2.5)",0.5977102277657214,1.1300667783446727,,,,,,,159.00522,False,1e-06,numerical jitter only; separate from WhiteKernel nugget,240,241,True,False,False,False,True,True,False,"[""P"",""VX"",""LS"",""ST""]",159.3983754374879,37.46291638044576,"[158.17820324084872,0.6174017377762916,6.460113050914082e-05,348.362035303779]","[53.07712804788169,0.24074422246769622,1.3358233755353366e-05,32.44445410604073]",2636D2EA8DA0FA9D07C49291FD1E9B6F88E18055D5947F0DDBA61EA7CC50311F,158.404299584,0.530960738208,8.44011119013e-05,377.174397227,1052320012,fmin_l_bfgs_b,1,-65.89834537037066,1.308606599981431,0,0,,completed_without_convergence_warning,False,False,,False,,False,,False
phase3b_kernel_noise,Phase 3B,F7F71204D643D1027D0FF4736F24213619BF6A09C2361C3C11F169797AC98A9C,8EE00E603AA7622051F531FE6427BE9BC382D7D2507FEA27865D18BFBDDC8756,width,Melt-pool width,T0,matern52_no_nugget,"Matérn 5/2, no nugget",Matern,2.5,False,57,sim_00058,58,140.2139349999,139.61123010724467,0.6027048926553391,0.6027048926553391,0.3632531876306838,7.65780490634371,58.6419759836218,,,7.65780490634371,latent predictive variance; numerical jitter excluded,2.9577611214915103,,2.9577611214915103,124.601932490811,154.62052772367832,,,True,,"0.77**2 * Matern(length_scale=1.12, nu=2.5)",0.5926643235483097,1.1248521874926518,,,,,,,159.00522,False,1e-06,numerical jitter only; separate from WhiteKernel nugget,240,241,True,False,False,False,True,True,False,"[""P"",""VX"",""LS"",""ST""]",159.60644199998833,37.49444675610685,"[158.17666720099038,0.6164648133479417,6.470334910313999e-05,348.61946099597486]","[53.077116148161195,0.24064123009189184,1.3415369510741596e-05,32.426934819608576]",9797B797A182415F1B6A916A219C4C210EA5393B833B5E8832CE52C4A8064AD0,158.77294915,0.755822601012,5.98686493415e-05,315.3922311,4196114588,fmin_l_bfgs_b,1,-66.52788628458856,0.954079199989792,0,0,,completed_without_convergence_warning,False,False,,False,,False,,False
phase3b_kernel_noise,Phase 3B,F7F71204D643D1027D0FF4736F24213619BF6A09C2361C3C11F169797AC98A9C,8EE00E603AA7622051F531FE6427BE9BC382D7D2507FEA27865D18BFBDDC8756,width,Melt-pool width,T0,matern52_no_nugget,"Matérn 5/2, no nugget",Matern,2.5,False,58,sim_00059,59,167.93076,171.60124820393128,-3.670488203931285,3.670488203931285,13.47248365519871,10.58646835951179,112.07331232694423,,,10.58646835951179,latent predictive variance; numerical jitter excluded,3.3386208216422637,,3.3386208216422637,150.85177021928817,192.35072618857438,,,True,,"0.77**2 * Matern(length_scale=1.13, nu=2.5)",0.5925269424177597,1.125006894718841,,,,,,,159.00522,False,1e-06,numerical jitter only; separate from WhiteKernel nugget,240,241,True,False,False,False,True,True,False,"[""P"",""VX"",""LS"",""ST""]",159.49095522915457,37.51131069102879,"[158.1742001348279,0.6176737159749833,6.471454541773499e-05,348.5366336435748]","[53.0770746146133,0.24060950361735162,1.3410207542120482e-05,32.48625862593653]",79B95B582952D97941394C26257CC8A6192FE67D83DEA2E9AC3EEBDB7EA3A6BC,159.365045029,0.465685970522,5.71815338387e-05,335.270795676,4027438893,fmin_l_bfgs_b,1,-66.04361805869166,1.059240700036753,0,0,,completed_without_convergence_warning,False,False,,False,,False,,False
phase3b_kernel_noise,Phase 3B,F7F71204D643D1027D0FF4736F24213619BF6A09C2361C3C11F169797AC98A9C,8EE00E603AA7622051F531FE6427BE9BC382D7D2507FEA27865D18BFBDDC8756,width,Melt-pool width,T0,matern52_no_nugget,"Matérn 5/2, no nugget",Matern,2.5,False,59,sim_00060,60,122.50959,122.73607100416969,-0.22648100416968475,0.22648100416968475,0.05129364524970876,3.464897971599859,12.005517953596817,,,3.464897971599859,latent predictive variance; numerical jitter excluded,2.163757972893992,,2.163757972893992,115.94487097983396,129.52727102850542,,,True,,"0.771**2 * Matern(length_scale=1.13, nu=2.5)",0.5938876001908745,1.1253733752058765,,,,,,,159.00522,False,1e-06,numerical jitter only; separate from WhiteKernel nugget,240,241,True,False,False,False,True,True,False,"[""P"",""VX"",""LS"",""ST""]",159.68021010415455,37.43876310582839,"[158.16923664466955,0.6156257805217874,6.47220900382679e-05,348.41779574671233]","[53.07690732153559,0.23980135918544612,1.340545712991622e-05,32.482402291987356]",4ADDB26F110E096DB21E7CD5FF57C9779CA99AA2F8F51991903499E2700B2BAF,160.556282667,0.957190479289,5.53708249108e-05,363.791890923,2503427484,fmin_l_bfgs_b,1,-67.6688015891448,0.35574650001944974,0,0,,completed_without_convergence_warning,False,False,,False,,False,,False
phase3b_kernel_noise,Phase 3B,F7F71204D643D1027D0FF4736F24213619BF6A09C2361C3C11F169797AC98A9C,8EE00E603AA7622051F531FE6427BE9BC382D7D2507FEA27865D18BFBDDC8756,width,Melt-pool width,T0,matern52_no_nugget,"Matérn 5/2, no nugget",Matern,2.5,False,60,sim_00061,61,150.99865,176.60982270358917,-25.611172703589176,25.611172703589176,655.9321672530713,3.224934106078542,10.400199988548605,,,3.224934106078542,latent predictive variance; numerical jitter excluded,33.6244449999489,,33.6244449999489,170.28895185567524,182.9306935515031,,,False,,"0.785**2 * Matern(length_scale=1.24, nu=2.5)",0.616877596905046,1.239235702489894,,,,,,,159.00522,False,1e-06,numerical jitter only; separate from WhiteKernel nugget,240,241,True,False,False,False,True,True,False,"[""P"",""VX"",""LS"",""ST""]",159.56150568748794,37.51119497510474,"[158.1644664047779,0.6172824373028624,6.464312812634415e-05,348.35496056258313]","[53.07664112633825,0.24077993167746867,1.3404493178666309e-05,32.43798482810248]",333AD5CC055AF3189C42EB055B5AF19981757DDF82639F9D18C09EEFD6A0C95F,161.701140241,0.559592851831,7.43216837725e-05,378.872335114,2381141266,fmin_l_bfgs_b,1,-40.714732028876966,0.5580128000001423,0,0,,completed_without_convergence_warning,False,False,,False,,False,,False
phase3b_kernel_noise,Phase 3B,F7F71204D643D1027D0FF4736F24213619BF6A09C2361C3C11F169797AC98A9C,8EE00E603AA7622051F531FE6427BE9BC382D7D2507FEA27865D18BFBDDC8756,width,Melt-pool width,T0,matern52_no_nugget,"Matérn 5/2, no nugget",Matern,2.5,False,61,sim_00062,62,197.12752,192.49617805056965,4.63134194943035,4.63134194943035,21.449328252553318,10.444133074671731,109.07991568145198,,,10.444133074671731,latent predictive variance; numerical jitter excluded,3.3632982547779777,,3.3632982547779777,172.02567722421307,212.96667887692624,,,True,,"0.771**2 * Matern(length_scale=1.13, nu=2.5)",0.5944104977310278,1.1258793669098626,,,,,,,159.00522,False,1e-06,numerical jitter only; separate from WhiteKernel nugget,240,241,True,False,False,False,True,True,False,"[""P"",""VX"",""LS"",""ST""]",159.36930206248792,37.436323190221025,"[158.15856501914874,0.6177050277203625,6.462933319089998e-05,348.64548668367905]","[53.07616882887162,0.24058923281247338,1.339281691495357e-05,32.39773666015443]",AA71CBE924725BBF95AC18277AD00C80B1F2F27479348E01F8D5382ADEC6DADF,163.117472792,0.458171151631,7.76324682791e-05,309.146066051,2981733037,fmin_l_bfgs_b,1,-66.48873802930663,0.6672233999706805,0,0,,completed_without_convergence_warning,False,False,,False,,False,,False
phase3b_kernel_noise,Phase 3B,F7F71204D643D1027D0FF4736F24213619BF6A09C2361C3C11F169797AC98A9C,8EE00E603AA7622051F531FE6427BE9BC382D7D2507FEA27865D18BFBDDC8756,width,Melt-pool width,T0,matern52_no_nugget,"Matérn 5/2, no nugget",Matern,2.5,False,62,sim_00063,63,119.666035,118.77625064043103,0.8897843595689636,0.8897843595689636,0.7917162065335508,9.264455109477808,85.83012847552946,,,9.264455109477808,latent predictive variance; numerical jitter excluded,3.1497356907742695,,3.1497356907742695,100.61791862585453,136.93458265500755,,,True,,"0.771**2 * Matern(length_scale=1.13, nu=2.5)",0.5951830880844028,1.1266182238618998,,,,,,,159.00522,False,1e-06,numerical jitter only; separate from WhiteKernel nugget,240,241,True,False,False,False,True,True,False,"[""P"",""VX"",""LS"",""ST""]",159.6920582499879,37.4265460042205,"[158.15763091098205,0.6156895985064458,6.472539936455915e-05,348.640753986079]","[53.076079574059456,0.23989019629702218,1.3403049979074729e-05,32.403422972062216]",2534FD693271C3F6497F70E3814EAA2A5F7959826E4A94CB4E4AE11647F58531,163.341658752,0.941874162971,5.45765866009e-05,310.281913475,3186027900,fmin_l_bfgs_b,1,-66.75397551795461,1.287873999972362,0,0,,completed_without_convergence_warning,False,False,,False,,False,,False
phase3b_kernel_noise,Phase 3B,F7F71204D643D1027D0FF4736F24213619BF6A09C2361C3C11F169797AC98A9C,8EE00E603AA7622051F531FE6427BE9BC382D7D2507FEA27865D18BFBDDC8756,width,Melt-pool width,T0,matern52_no_nugget,"Matérn 5/2, no nugget",Matern,2.5,False,63,sim_00064,64,158.71867999999998,173.2016068771148,-14.482926877114835,14.482926877114835,209.75517092785526,11.91111269928402,141.87460573504507,,,11.91111269928402,latent predictive variance; numerical jitter excluded,4.135637664116196,,4.135637664116196,149.85582598651814,196.54738776771148,,,True,,"0.768**2 * Matern(length_scale=1.13, nu=2.5)",0.5897674023261693,1.126243685888495,,,,,,,159.00522,False,1e-06,numerical jitter only; separate from WhiteKernel nugget,240,241,True,False,False,False,True,True,False,"[""P"",""VX"",""LS"",""ST""]",159.52933889582124,37.51521377189672,"[158.14587022627376,0.6174698905356125,6.467348427364291e-05,348.6712723905706]","[53.074616851326596,0.24071742535561108,1.3418120741742592e-05,32.3638078443994]",C753880186047F4D92EBC52B31AF97AF6A7A477B29FAA21363F0730E80B1E7A6,166.164223082,0.514604075971,6.70362084208e-05,302.957496397,1697992938,fmin_l_bfgs_b,1,-65.20770266949981,0.5299292000127025,0,0,,completed_without_convergence_warning,False,False,,False,,False,,False
phase3b_kernel_noise,Phase 3B,F7F71204D643D1027D0FF4736F24213619BF6A09C2361C3C11F169797AC98A9C,8EE00E603AA7622051F531FE6427BE9BC382D7D2507FEA27865D18BFBDDC8756,width,Melt-pool width,T0,matern52_no_nugget,"Matérn 5/2, no nugget",Matern,2.5,False,64,sim_00065,65,127.16725,126.78694176747545,0.38030823252454127,0.38030823252454127,0.14463435172594055,3.6286089260977272,13.1668027385561,,,3.6286089260977272,latent predictive variance; numerical jitter excluded,2.213280279059345,,2.213280279059345,119.6748682723239,133.899015262627,,,True,,"0.77**2 * Matern(length_scale=1.13, nu=2.5)",0.5931870004127437,1.125034742609335,,,,,,,159.00522,False,1e-06,numerical jitter only; separate from WhiteKernel nugget,240,241,True,False,False,False,True,True,False,"[""P"",""VX"",""LS"",""ST""]",159.66080318748791,37.45681446279249,"[158.14399313247375,0.615731719872275,6.471631190085166e-05,348.41665905261647]","[53.074325265191085,0.23994657191483162,1.3409187164616423e-05,32.48185949083532]",803547B1FBFF5762B46954AE5969B75BBC5ECA65B9B8604983C5829472D7135B,166.614725594,0.931765035172,5.67575778907e-05,364.064697506,1614033575,fmin_l_bfgs_b,1,-67.50617908532723,0.9403942000353709,0,0,,completed_without_convergence_warning,False,False,,False,,False,,False
phase3b_kernel_noise,Phase 3B,F7F71204D643D1027D0FF4736F24213619BF6A09C2361C3C11F169797AC98A9C,8EE00E603AA7622051F531FE6427BE9BC382D7D2507FEA27865D18BFBDDC8756,width,Melt-pool width,T0,matern52_no_nugget,"Matérn 5/2, no nugget",Matern,2.5,False,65,sim_00066,66,192.46097,194.39792944620942,-1.9369594462094142,1.9369594462094142,3.7518118962598805,8.203537748403967,67.29803158948883,,,8.203537748403967,latent predictive variance; numerical jitter excluded,3.0513786306851918,,3.0513786306851918,178.31899545933766,210.47686343308118,,,True,,"0.77**2 * Matern(length_scale=1.12, nu=2.5)",0.5936326863954716,1.1248837254867203,,,,,,,159.00522,False,1e-06,numerical jitter only; separate from WhiteKernel nugget,240,241,True,False,False,False,True,True,False,"[""P"",""VX"",""LS"",""ST""]",159.38874602082123,37.45471289656403,"[158.1408523857404,0.6175936040676457,6.462670879033248e-05,348.5745400837873]","[53.07380159938412,0.24065688971891847,1.3390206651317124e-05,32.46544294561761]",5A79EA16A00331B86750CB55D8021475D86BF99EE25A9FB63472355BC135AE11,167.36850481,0.484912828283,7.82623244153e-05,326.173250025,2993042055,fmin_l_bfgs_b,1,-66.69479910381753,1.2566809999989346,0,0,,completed_without_convergence_warning,False,False,,False,,False,,False
phase3b_kernel_noise,Phase 3B,F7F71204D643D1027D0FF4736F24213619BF6A09C2361C3C11F169797AC98A9C,8EE00E603AA7622051F531FE6427BE9BC382D7D2507FEA27865D18BFBDDC8756,width,Melt-pool width,T0,matern52_no_nugget,"Matérn 5/2, no nugget",Matern,2.5,False,66,sim_00067,67,197.0053949999,187.5082465550412,9.497148444858794,9.497148444858794,90.19582858368382,5.3286121358729925,28.394107294572937,,,5.3286121358729925,latent predictive variance; numerical jitter excluded,4.180313631310092,,4.180313631310092,177.06416676873016,197.95232634135226,,,True,,"0.772**2 * Matern(length_scale=1.13, nu=2.5)",0.5956196376888507,1.1322889942780006,,,,,,,159.00522,False,1e-06,numerical jitter only; separate from WhiteKernel nugget,240,241,True,False,False,False,True,True,False,"[""P"",""VX"",""LS"",""ST""]",159.36981091665498,37.43683558279213,"[158.1391387767779,0.617986656700275,6.468370471488706e-05,348.28837500021234]","[53.07349699566796,0.24036265378191513,1.3418982307484932e-05,32.35877500879813]",0B420939EB884A56BE4001F0FC13E8D9E5CF37B54E8C333B27910AB58173F0AD,167.779770961,0.390580196452,6.45833025222e-05,394.852870083,2852549520,fmin_l_bfgs_b,1,-65.6594532087548,1.6261419000220485,0,0,,completed_without_convergence_warning,False,False,,False,,False,,False
phase3b_kernel_noise,Phase 3B,F7F71204D643D1027D0FF4736F24213619BF6A09C2361C3C11F169797AC98A9C,8EE00E603AA7622051F531FE6427BE9BC382D7D2507FEA27865D18BFBDDC8756,width,Melt-pool width,T0,matern52_no_nugget,"Matérn 5/2, no nugget",Matern,2.5,False,67,sim_00068,68,141.05757,138.12125198726397,2.9363180127360238,2.9363180127360238,8.621963471918033,7.815679844677973,61.08485143450551,,,7.815679844677973,latent predictive variance; numerical jitter excluded,3.045644148844481,,3.045644148844481,122.80251949169515,153.4399844828328,,,True,,"0.77**2 * Matern(length_scale=1.13, nu=2.5)",0.5931798727904392,1.127170287004271,,,,,,,159.00522,False,1e-06,numerical jitter only; separate from WhiteKernel nugget,240,241,True,False,False,False,True,True,False,"[""P"",""VX"",""LS"",""ST""]",159.6029268541546,37.49622507227362,"[158.12472345862372,0.6155741418875916,6.464416613488998e-05,348.32979346531226]","[53.070406609070716,0.2397264552775122,1.3405232954170398e-05,32.41194451108173]",B01CF3F5F11F735A3D5360142153FDCC16DDDB8B4A693F81403E6BE76D7D18C3,171.239447318,0.969583751496,7.40725617215e-05,384.912438459,2346412156,fmin_l_bfgs_b,1,-66.40610502936411,0.9301245000096969,0,0,,completed_without_convergence_warning,False,False,,False,,False,,False
phase3b_kernel_noise,Phase 3B,F7F71204D643D1027D0FF4736F24213619BF6A09C2361C3C11F169797AC98A9C,8EE00E603AA7622051F531FE6427BE9BC382D7D2507FEA27865D18BFBDDC8756,width,Melt-pool width,T0,matern52_no_nugget,"Matérn 5/2, no nugget",Matern,2.5,False,68,sim_00069,69,217.8064,208.64104351129495,9.165356488705044,9.165356488705044,84.00375956504764,11.333758396945102,128.45407940032362,,,11.333758396945102,latent predictive variance; numerical jitter excluded,3.6737040008144146,,3.6737040008144146,186.42687705328257,230.85520996930734,,,True,,"0.772**2 * Matern(length_scale=1.13, nu=2.5)",0.5957757490128066,1.1254258296615407,,,,,,,159.00522,False,1e-06,numerical jitter only; separate from WhiteKernel nugget,240,241,True,False,False,False,True,True,False,"[""P"",""VX"",""LS"",""ST""]",159.2831400624879,37.32535986840599,"[158.12412723818207,0.6186407161046501,6.469503971972915e-05,348.4536446536874]","[53.07025846412278,0.2395279365385799,1.3417743692858114e-05,32.49459998120398]",B60BF786DA9DC7A389E3AAB4F3FF9C9E24937FC8BD417A47F3703102521BCCD1,171.382540224,0.233605939402,6.18629013601e-05,355.188153249,578542286,fmin_l_bfgs_b,1,-66.86955055297884,1.295592000009492,0,0,,completed_without_convergence_warning,False,False,,False,,False,,False
phase3b_kernel_noise,Phase 3B,F7F71204D643D1027D0FF4736F24213619BF6A09C2361C3C11F169797AC98A9C,8EE00E603AA7622051F531FE6427BE9BC382D7D2507FEA27865D18BFBDDC8756,width,Melt-pool width,T0,matern52_no_nugget,"Matérn 5/2, no nugget",Matern,2.5,False,69,sim_00070,70,139.50626499999998,137.97526063353317,1.5310043664668171,1.5310043664668171,2.3439743701404603,8.310503668595697,69.06447122574254,,,8.310503668595697,latent predictive variance; numerical jitter excluded,3.053428216012424,,3.053428216012424,121.6866734430856,154.26384782398074,,,True,,"0.77**2 * Matern(length_scale=1.13, nu=2.5)",0.5926211917928774,1.1251686554049494,,,,,,,159.00522,False,1e-06,numerical jitter only; separate from WhiteKernel nugget,240,241,True,False,False,False,True,True,False,"[""P"",""VX"",""LS"",""ST""]",159.6093906249879,37.49289372316838,"[158.12207292499457,0.6157936681913416,6.46751396919154e-05,348.52385701007074]","[53.06973565521754,0.2400262235231237,1.341838762276257e-05,32.4908701576498]",2C5AB838B69EF6991AB9DC4D3FC58CA9BAC9608A6FBD41636B23B0B9B21E2916,171.875575389,0.916897438596,6.66389080354e-05,338.337187717,1375492783,fmin_l_bfgs_b,1,-66.43510598343855,0.5259373000008054,0,0,,completed_without_convergence_warning,False,False,,False,,False,,False
phase3b_kernel_noise,Phase 3B,F7F71204D643D1027D0FF4736F24213619BF6A09C2361C3C11F169797AC98A9C,8EE00E603AA7622051F531FE6427BE9BC382D7D2507FEA27865D18BFBDDC8756,width,Melt-pool width,T0,matern52_no_nugget,"Matérn 5/2, no nugget",Matern,2.5,False,70,sim_00071,71,218.06499999989998,215.96136014716723,2.103639852732755,2.103639852732755,4.425300630005487,6.567623669609112,43.133680665609866,,,6.567623669609112,latent predictive variance; numerical jitter excluded,2.8523881138258496,,2.8523881138258496,203.08881775473336,228.8339025396011,,,True,,"0.773**2 * Matern(length_scale=1.13, nu=2.5)",0.5978254257186196,1.1265474499215942,,,,,,,159.00522,False,1e-06,numerical jitter only; separate from WhiteKernel nugget,240,241,True,False,False,False,True,True,False,"[""P"",""VX"",""LS"",""ST""]",159.2820625624883,37.32366664568729,"[158.1143838722904,0.6186531674855792,6.469291426369124e-05,348.3356806183248]","[53.06760868378144,0.23950784243775555,1.3418151744767807e-05,32.41845970325067]",87A250E2DE9DC47DF9FCE576C64D8D89209760EE7EF1AD95E7A9F6B0842F1F68,173.720948038,0.230617607979,6.23730108092e-05,383.499521736,357128798,fmin_l_bfgs_b,1,-67.69208289491235,0.9877561999601312,0,0,,completed_without_convergence_warning,False,False,,False,,False,,False
phase3b_kernel_noise,Phase 3B,F7F71204D643D1027D0FF4736F24213619BF6A09C2361C3C11F169797AC98A9C,8EE00E603AA7622051F531FE6427BE9BC382D7D2507FEA27865D18BFBDDC8756,width,Melt-pool width,T0,matern52_no_nugget,"Matérn 5/2, no nugget",Matern,2.5,False,71,sim_00072,72,138.6717599999,144.5369165245207,-5.865156524620716,5.865156524620716,34.40006105830095,8.039072512783353,64.62668686578884,,,8.039072512783353,latent predictive variance; numerical jitter excluded,3.269396646445447,,3.269396646445447,128.78033439946535,160.29349864957607,,,True,,"0.769**2 * Matern(length_scale=1.13, nu=2.5)",0.5917372720008959,1.1264251821558535,,,,,,,159.00522,False,1e-06,numerical jitter only; separate from WhiteKernel nugget,240,241,True,False,False,False,True,True,False,"[""P"",""VX"",""LS"",""ST""]",159.61286772915497,37.490990446532194,"[158.11268739494042,0.6154706457892917,6.464429587683956e-05,348.40210663733313]","[53.067103232070096,0.23956818377155417,1.3405324054855183e-05,32.47406234569295]",B8518609567E926EB261E0BABA8CA596CAB8733E8F20A58C8C455A7F6B10DC8C,174.128102602,0.994422815088,7.40414236536e-05,367.557277174,1975971264,fmin_l_bfgs_b,1,-66.22023185380539,0.7830959999701008,0,0,,completed_without_convergence_warning,False,False,,False,,False,,False
phase3b_kernel_noise,Phase 3B,F7F71204D643D1027D0FF4736F24213619BF6A09C2361C3C11F169797AC98A9C,8EE00E603AA7622051F531FE6427BE9BC382D7D2507FEA27865D18BFBDDC8756,width,Melt-pool width,T0,matern52_no_nugget,"Matérn 5/2, no nugget",Matern,2.5,False,72,sim_00073,73,159.804935,164.40545102876072,-4.6005160287607225,4.6005160287607225,21.16474773088433,9.493072395375387,90.11842350383819,,,9.493072395375387,latent predictive variance; numerical jitter excluded,3.2869282631387344,,3.2869282631387344,145.79902913382497,183.01187292369647,,,True,,"0.77**2 * Matern(length_scale=1.13, nu=2.5)",0.5929950164464661,1.126370382186482,,,,,,,159.00522,False,1e-06,numerical jitter only; separate from WhiteKernel nugget,240,241,True,False,False,False,True,True,False,"[""P"",""VX"",""LS"",""ST""]",159.52481283332125,37.51524577546446,"[158.1035614869904,0.6172049532872916,6.471079110920374e-05,348.2962736975498]","[53.06415988239191,0.24079549130096103,1.341218967832528e-05,32.36990704229088]",E172EF945B92249EFA67E6271A4F1CD5B6FD60535235A229DB222FE437BA1AD5,176.31832051,0.578189015568,5.80825678862e-05,392.957182722,3505901144,fmin_l_bfgs_b,1,-66.06199440184633,1.2374308000435121,0,0,,completed_without_convergence_warning,False,False,,False,,False,,False
phase3b_kernel_noise,Phase 3B,F7F71204D643D1027D0FF4736F24213619BF6A09C2361C3C11F169797AC98A9C,8EE00E603AA7622051F531FE6427BE9BC382D7D2507FEA27865D18BFBDDC8756,width,Melt-pool width,T0,matern52_no_nugget,"Matérn 5/2, no nugget",Matern,2.5,False,73,sim_00074,74,149.77721,159.78036788450808,-10.003157884508084,10.003157884508084,100.06316766239625,9.068972361939338,82.24625970161956,,,9.068972361939338,latent predictive variance; numerical jitter excluded,3.732111886590771,,3.732111886590771,142.00518205510699,177.55555371390918,,,True,,"0.772**2 * Matern(length_scale=1.13, nu=2.5)",0.5952787905382592,1.1288567835046333,,,,,,,159.00522,False,1e-06,numerical jitter only; separate from WhiteKernel nugget,240,241,True,False,False,False,True,True,False,"[""P"",""VX"",""LS"",""ST""]",159.56659502082124,37.50994998383689,"[158.10217977590708,0.6163840172257208,6.467875097034456e-05,348.4335033005873]","[53.063681259934796,0.240591166153765,1.3418799009681861e-05,32.48892082307571]",4929B1E71942D1548254592E083BA60C9E175F6761E0E4EE5C53EEBA044090AC,176.64993117,0.775213670345,6.57722012124e-05,360.022077993,2171764957,fmin_l_bfgs_b,1,-65.66079843647572,0.5897232000133954,0,0,,completed_without_convergence_warning,False,False,,False,,False,,False
phase3b_kernel_noise,Phase 3B,F7F71204D643D1027D0FF4736F24213619BF6A09C2361C3C11F169797AC98A9C,8EE00E603AA7622051F531FE6427BE9BC382D7D2507FEA27865D18BFBDDC8756,width,Melt-pool width,T0,matern52_no_nugget,"Matérn 5/2, no nugget",Matern,2.5,False,74,sim_00075,75,135.46609,132.82809421285017,2.6379957871498334,2.6379957871498334,6.959021773020269,6.539560459586889,42.765851004592285,,,6.539560459586889,latent predictive variance; numerical jitter excluded,2.8781703882527245,,2.8781703882527245,120.01055571205987,145.64563271364048,,,True,,"0.77**2 * Matern(length_scale=1.13, nu=2.5)",0.5935567326722178,1.1258902282705396,,,,,,,159.00522,False,1e-06,numerical jitter only; separate from WhiteKernel nugget,240,241,True,False,False,False,True,True,False,"[""P"",""VX"",""LS"",""ST""]",159.6262246874879,37.48295544972735,"[158.09710134359457,0.6163439663060541,6.472907611731706e-05,348.35536217482894]","[53.061847558783064,0.24056392103039265,1.3400144082427815e-05,32.43836206005785]",B0CD456EE617916651EC581422CA6C17A3BF21C954F44C52F6C9D94DD77EF556,177.868754925,0.784825891065,5.3694165939e-05,378.775948175,4184673586,fmin_l_bfgs_b,1,-66.68598693190992,1.189349599997513,0,0,,completed_without_convergence_warning,False,False,,False,,False,,False
phase3b_kernel_noise,Phase 3B,F7F71204D643D1027D0FF4736F24213619BF6A09C2361C3C11F169797AC98A9C,8EE00E603AA7622051F531FE6427BE9BC382D7D2507FEA27865D18BFBDDC8756,width,Melt-pool width,T0,matern52_no_nugget,"Matérn 5/2, no nugget",Matern,2.5,False,75,sim_00076,76,159.62537500000002,154.29612732226525,5.32924767773477,5.32924767773477,28.40088081064144,10.06071586799615,101.21800377654952,,,10.06071586799615,latent predictive variance; numerical jitter excluded,3.3678724535518634,,3.3678724535518634,134.5771242209928,174.0151304235377,,,True,,"0.769**2 * Matern(length_scale=1.12, nu=2.5)",0.5919444702758974,1.1248141473304196,,,,,,,159.00522,False,1e-06,numerical jitter only; separate from WhiteKernel nugget,240,241,True,False,False,False,True,True,False,"[""P"",""VX"",""LS"",""ST""]",159.5255609999879,37.51524956399836,"[158.0896746409154,0.6168478499347833,6.467570348435123e-05,348.5746778223498]","[53.05895492177852,0.24078953689755506,1.3418467278547977e-05,32.46534783488296]",B543FE9FF20212E4870C44D2D9CA5CC307AFA35715DC9E976F75BBBB8AA1C247,179.651163568,0.66389382017,6.65035978508e-05,326.14019277,2964127832,fmin_l_bfgs_b,1,-65.99230487652656,1.4092918999958783,0,0,,completed_without_convergence_warning,False,False,,False,,False,,False
phase3b_kernel_noise,Phase 3B,F7F71204D643D1027D0FF4736F24213619BF6A09C2361C3C11F169797AC98A9C,8EE00E603AA7622051F531FE6427BE9BC382D7D2507FEA27865D18BFBDDC8756,width,Melt-pool width,T0,matern52_no_nugget,"Matérn 5/2, no nugget",Matern,2.5,False,76,sim_00077,77,148.44292,146.22117171387595,2.22174828612404,2.22174828612404,4.936165446895108,8.378210069922355,70.19440397574836,,,8.378210069922355,latent predictive variance; numerical jitter excluded,3.0797335058115993,,3.0797335058115993,129.79987997682812,162.64246345092377,,,True,,"0.77**2 * Matern(length_scale=1.12, nu=2.5)",0.5922888657809523,1.1249269750388589,,,,,,,159.00522,False,1e-06,numerical jitter only; separate from WhiteKernel nugget,240,241,True,False,False,False,True,True,False,"[""P"",""VX"",""LS"",""ST""]",159.5721545624879,37.50839972396533,"[158.0832307891529,0.6169330595198708,6.472385270601124e-05,348.5976362485249]","[53.05624197224228,0.24080255146542665,1.3404199555691769e-05,32.44752163992074]",B22F0DDDA7F885E4B2619D98AE26D1009B161DBE2EEDA2BFC37E6D9729CBD1AE,181.197687991,0.643443519749,5.49477846524e-05,320.630170488,3451717835,fmin_l_bfgs_b,1,-66.3275817762979,1.444475499971304,0,0,,completed_without_convergence_warning,False,False,,False,,False,,False
phase3b_kernel_noise,Phase 3B,F7F71204D643D1027D0FF4736F24213619BF6A09C2361C3C11F169797AC98A9C,8EE00E603AA7622051F531FE6427BE9BC382D7D2507FEA27865D18BFBDDC8756,width,Melt-pool width,T0,matern52_no_nugget,"Matérn 5/2, no nugget",Matern,2.5,False,77,sim_00078,78,218.88739999999999,219.46963690779762,-0.5822369077976361,0.5822369077976361,0.33899981680175306,5.716100209322538,32.67380160301716,,,5.716100209322538,latent predictive variance; numerical jitter excluded,2.6674129641311297,,2.6674129641311297,208.26608049752545,230.6731933180698,,,True,,"0.773**2 * Matern(length_scale=1.13, nu=2.5)",0.5980451678835577,1.1262517470350544,,,,,,,159.00522,False,1e-06,numerical jitter only; separate from WhiteKernel nugget,240,241,True,False,False,False,True,True,False,"[""P"",""VX"",""LS"",""ST""]",159.27863589582122,37.31823150929125,"[158.08316066636124,0.6183925831522082,6.468625825490831e-05,348.30086489910394]","[53.0562114114035,0.23989554738143604,1.3418904647921118e-05,32.37616247064586]",D2E84CB7B06E6A4CB9E60A73890FB0CA17B76CC9D0469A13B68A850714BFE4FC,181.214517461,0.293157847988,6.39704529171e-05,391.855294349,4053463642,fmin_l_bfgs_b,1,-67.91785395554339,1.2540145000093617,0,0,,completed_without_convergence_warning,False,False,,False,,False,,False
phase3b_kernel_noise,Phase 3B,F7F71204D643D1027D0FF4736F24213619BF6A09C2361C3C11F169797AC98A9C,8EE00E603AA7622051F531FE6427BE9BC382D7D2507FEA27865D18BFBDDC8756,width,Melt-pool width,T0,matern52_no_nugget,"Matérn 5/2, no nugget",Matern,2.5,False,78,sim_00079,79,131.92373999999998,131.66348438309566,0.26025561690431687,0.26025561690431687,0.06773298613024654,5.953521776074751,35.44442153819626,,,5.953521776074751,latent predictive variance; numerical jitter excluded,2.703876954413043,,2.703876954413043,119.99458170198915,143.33238706420218,,,True,,"0.77**2 * Matern(length_scale=1.13, nu=2.5)",0.5935518389679124,1.1260187661134244,,,,,,,159.00522,False,1e-06,numerical jitter only; separate from WhiteKernel nugget,240,241,True,False,False,False,True,True,False,"[""P"",""VX"",""LS"",""ST""]",159.64098447915458,37.47274009113202,"[158.0769660072654,0.6163333559161708,6.474154358660289e-05,348.3121180250082]","[53.053423447557975,0.2405564334035301,1.338847437592873e-05,32.39082624397154]",38C728592D2FEFAB19BBD54E937ED498DA8FB6EC28BD14069CD9332EC5132341,182.701235644,0.787372384637,5.07019733104e-05,389.154544132,3091014339,fmin_l_bfgs_b,1,-66.92420982870638,0.8999279999989085,0,0,,completed_without_convergence_warning,False,False,,False,,False,,False
phase3b_kernel_noise,Phase 3B,F7F71204D643D1027D0FF4736F24213619BF6A09C2361C3C11F169797AC98A9C,8EE00E603AA7622051F531FE6427BE9BC382D7D2507FEA27865D18BFBDDC8756,width,Melt-pool width,T0,matern52_no_nugget,"Matérn 5/2, no nugget",Matern,2.5,False,79,sim_00080,80,119.10249999999999,122.98395849355967,-3.881458493559677,3.881458493559677,15.065720037226557,11.694109298032743,136.75219227433584,,,11.694109298032743,latent predictive variance; numerical jitter excluded,3.433107785941417,,3.433107785941417,100.06350426941549,145.90441271770385,,,True,,"0.772**2 * Matern(length_scale=1.13, nu=2.5)",0.5958858450409709,1.1281188359805736,,,,,,,159.00522,False,1e-06,numerical jitter only; separate from WhiteKernel nugget,240,241,True,False,False,False,True,True,False,"[""P"",""VX"",""LS"",""ST""]",159.6944063124879,37.424017019406136,"[158.0721081151154,0.615748509088325,6.475386533110998e-05,348.2924432385415]","[53.05111504979482,0.23996854240577986,1.337417930942306e-05,32.364567080553684]",38896D78AF14E798D69DA7C271146269516D7AD3F094CBEE1C468F63860E66D7,183.86712976,0.92773562332,4.77447546287e-05,393.876492884,369005252,fmin_l_bfgs_b,1,-66.49341808764268,0.5135351999779232,0,0,,completed_without_convergence_warning,False,False,,False,,False,,False
phase3b_kernel_noise,Phase 3B,F7F71204D643D1027D0FF4736F24213619BF6A09C2361C3C11F169797AC98A9C,8EE00E603AA7622051F531FE6427BE9BC382D7D2507FEA27865D18BFBDDC8756,width,Melt-pool width,T0,matern52_no_nugget,"Matérn 5/2, no nugget",Matern,2.5,False,80,sim_00081,81,139.88122,140.4409231076819,-0.5597031076818837,0.5597031076818837,0.3132675687487583,6.083543439935388,37.0095007855809,,,6.083543439935388,latent predictive variance; numerical jitter excluded,2.7287581208129454,,2.7287581208129454,128.51717796540854,152.36466824995526,,,True,,"0.77**2 * Matern(length_scale=1.13, nu=2.5)",0.5924217098058263,1.1251844159237274,,,,,,,159.00522,False,1e-06,numerical jitter only; separate from WhiteKernel nugget,240,241,True,False,False,False,True,True,False,"[""P"",""VX"",""LS"",""ST""]",159.60782831248792,37.493723557790325,"[158.0692436505154,0.6160483723272666,6.469786224045707e-05,348.6128565142832]","[53.04970360643785,0.24031300016574073,1.3417076369782633e-05,32.433539536044634]",181A5C0C53A4B336130E6DD18A6836DDCFADB1FF8ED832E9BDC8D09C2ACC4DCE,184.554601264,0.855768445974,6.11854963854e-05,316.977306706,682336409,fmin_l_bfgs_b,1,-66.75746886927055,0.4205123000429012,0,0,,completed_without_convergence_warning,False,False,,False,,False,,False
phase3b_kernel_noise,Phase 3B,F7F71204D643D1027D0FF4736F24213619BF6A09C2361C3C11F169797AC98A9C,8EE00E603AA7622051F531FE6427BE9BC382D7D2507FEA27865D18BFBDDC8756,width,Melt-pool width,T0,matern52_no_nugget,"Matérn 5/2, no nugget",Matern,2.5,False,81,sim_00082,82,183.60647,187.64504016965944,-4.038570169659437,4.038570169659437,16.31004901526305,5.648194198974343,31.90209770932742,,,5.648194198974343,latent predictive variance; numerical jitter excluded,2.9059010082419245,,2.9059010082419245,176.5745795396697,198.71550079964916,,,True,,"0.77**2 * Matern(length_scale=1.13, nu=2.5)",0.5930916922426027,1.126180743449471,,,,,,,159.00522,False,1e-06,numerical jitter only; separate from WhiteKernel nugget,240,241,True,False,False,False,True,True,False,"[""P"",""VX"",""LS"",""ST""]",159.42563977082125,37.48290007500407,"[158.0631311062904,0.6175979177006833,6.468068965119415e-05,348.31344140512067]","[53.04656692342115,0.24065450216531858,1.3418923234366423e-05,32.39248837005812]",890B4D85BC06CC98A22E3A773E44C2D657E74EB2F346A051CC47E6A918843C82,186.021611878,0.483877556354,6.53069178085e-05,388.836932905,766205805,fmin_l_bfgs_b,1,-66.6474693841688,0.7016929000383243,0,0,,completed_without_convergence_warning,False,False,,False,,False,,False
phase3b_kernel_noise,Phase 3B,F7F71204D643D1027D0FF4736F24213619BF6A09C2361C3C11F169797AC98A9C,8EE00E603AA7622051F531FE6427BE9BC382D7D2507FEA27865D18BFBDDC8756,width,Melt-pool width,T0,matern52_no_nugget,"Matérn 5/2, no nugget",Matern,2.5,False,82,sim_00083,83,167.11939999999998,167.86943118135463,-0.7500311813546432,0.7500311813546432,0.5625467730042417,7.5424676723742605,56.88881858881079,,,7.5424676723742605,latent predictive variance; numerical jitter excluded,2.944432204041106,,2.944432204041106,153.08619454350108,182.65266781920818,,,True,,"0.769**2 * Matern(length_scale=1.13, nu=2.5)",0.5920748336706327,1.125847930289035,,,,,,,159.00522,False,1e-06,numerical jitter only; separate from WhiteKernel nugget,240,241,True,False,False,False,True,True,False,"[""P"",""VX"",""LS"",""ST""]",159.49433589582125,37.51203459858717,"[158.05967548652788,0.6160908142270125,6.460296761015831e-05,348.45738776537905]","[53.04471846233532,0.24035443054465422,1.3360926047022726e-05,32.495323776673864]",A9169F2BAA7133F9DA962B98EE6FFB50AF88786DA8B5E2B1AA8A541A7AAD0237,186.850960621,0.845582390035,8.39602076571e-05,354.289806443,2546096486,fmin_l_bfgs_b,1,-66.44375582394267,0.6474074000143446,0,0,,completed_without_convergence_warning,False,False,,False,,False,,False
phase3b_kernel_noise,Phase 3B,F7F71204D643D1027D0FF4736F24213619BF6A09C2361C3C11F169797AC98A9C,8EE00E603AA7622051F531FE6427BE9BC382D7D2507FEA27865D18BFBDDC8756,width,Melt-pool width,T0,matern52_no_nugget,"Matérn 5/2, no nugget",Matern,2.5,False,83,sim_00084,84,155.04631,148.67192719020088,6.37438280979913,6.37438280979913,40.63275620586265,5.630628919411459,31.70398202811265,,,5.630628919411459,latent predictive variance; numerical jitter excluded,3.287974389411259,,3.287974389411259,137.63589450815442,159.70795987224733,,,True,,"0.769**2 * Matern(length_scale=1.13, nu=2.5)",0.5914586051828633,1.127326290977087,,,,,,,159.00522,False,1e-06,numerical jitter only; separate from WhiteKernel nugget,240,241,True,False,False,False,True,True,False,"[""P"",""VX"",""LS"",""ST""]",159.5446404374879,37.51413105257294,"[158.05196025831123,0.6158738463441291,6.46455440477779e-05,348.42784972288314]","[53.04039544171588,0.24012355692386556,1.3406184990442728e-05,32.48678561145017]",EAE11CCACD8E0DB4B9159B8BD5EFFCEE4E4B6A01DCFF7C4B05ADCF3202B1B6FF,188.702615393,0.897654681927,7.37418626284e-05,361.378936642,3033624250,fmin_l_bfgs_b,1,-66.07043466337686,0.6279336999868974,0,0,,completed_without_convergence_warning,False,False,,False,,False,,False
phase3b_kernel_noise,Phase 3B,F7F71204D643D1027D0FF4736F24213619BF6A09C2361C3C11F169797AC98A9C,8EE00E603AA7622051F531FE6427BE9BC382D7D2507FEA27865D18BFBDDC8756,width,Melt-pool width,T0,matern52_no_nugget,"Matérn 5/2, no nugget",Matern,2.5,False,84,sim_00085,85,169.61128,172.39157296080774,-2.780292960807742,2.780292960807742,7.730028947917081,8.59995092509435,73.95915591403116,,,8.59995092509435,latent predictive variance; numerical jitter excluded,3.122953799463861,,3.122953799463861,155.5356691476228,189.24747677399267,,,True,,"0.77**2 * Matern(length_scale=1.12, nu=2.5)",0.5925611100613977,1.1246803512762666,,,,,,,159.00522,False,1e-06,numerical jitter only; separate from WhiteKernel nugget,240,241,True,False,False,False,True,True,False,"[""P"",""VX"",""LS"",""ST""]",159.48395306248793,37.50957770500951,"[158.04424887185706,0.6172315800559416,6.46940269830154e-05,348.4748823003582]","[53.035803937896816,0.24079082214411265,1.3417948242933122e-05,32.49732878401321]",D1D82DC6CFBD83DB06C96D6ECD9E9AE77D4A83FE5E6B79A482A39EC1887C1FAD,190.553348142,0.571798591092,6.21059581714e-05,350.091118048,856184112,fmin_l_bfgs_b,1,-66.28008216571152,0.8489374999771826,0,0,,completed_without_convergence_warning,False,False,,False,,False,,False
phase3b_kernel_noise,Phase 3B,F7F71204D643D1027D0FF4736F24213619BF6A09C2361C3C11F169797AC98A9C,8EE00E603AA7622051F531FE6427BE9BC382D7D2507FEA27865D18BFBDDC8756,width,Melt-pool width,T0,matern52_no_nugget,"Matérn 5/2, no nugget",Matern,2.5,False,85,sim_00086,86,161.4233999999,160.90519395617096,0.5182060437290374,0.5182060437290374,0.26853750375730107,10.117424276972443,102.36227400027136,,,10.117424276972443,latent predictive variance; numerical jitter excluded,3.234509348117517,,3.234509348117517,141.07504237330497,180.73534553903696,,,True,,"0.77**2 * Matern(length_scale=1.13, nu=2.5)",0.5930437876434375,1.1277155239636507,,,,,,,159.00522,False,1e-06,numerical jitter only; separate from WhiteKernel nugget,240,241,True,False,False,False,True,True,False,"[""P"",""VX"",""LS"",""ST""]",159.518069229155,37.515049350413626,"[158.03393698819457,0.6157204629481582,6.459325941178331e-05,348.40884049287484]","[53.02924110826093,0.2399316813354627,1.3346002508031872e-05,32.47786590025847]",E497D21510DE7B7A4934B6ED62430388E103C90225308EA881460452DEA7F41A,193.028200221,0.93446669696,8.62901752671e-05,365.941151844,3515799144,fmin_l_bfgs_b,1,-66.12729477463384,0.4468520000227727,0,0,,completed_without_convergence_warning,False,False,,False,,False,,False
phase3b_kernel_noise,Phase 3B,F7F71204D643D1027D0FF4736F24213619BF6A09C2361C3C11F169797AC98A9C,8EE00E603AA7622051F531FE6427BE9BC382D7D2507FEA27865D18BFBDDC8756,width,Melt-pool width,T0,matern52_no_nugget,"Matérn 5/2, no nugget",Matern,2.5,False,86,sim_00087,87,226.01739999999998,220.29516282692663,5.722237173073353,5.722237173073353,32.743998264902515,4.701061307652653,22.09997741830887,,,4.701061307652653,latent predictive variance; numerical jitter excluded,3.2075420239126755,,3.2075420239126755,211.08108266392742,229.50924298992584,,,True,,"0.775**2 * Matern(length_scale=1.13, nu=2.5)",0.5999237921284103,1.1282607568243768,,,,,,,159.00522,False,1e-06,numerical jitter only; separate from WhiteKernel nugget,240,241,True,False,False,False,True,True,False,"[""P"",""VX"",""LS"",""ST""]",159.24892756248792,37.26789430477837,"[158.03221854587372,0.6183486688439833,6.465816157485582e-05,348.4583154610873]","[53.02810037695689,0.23995410771610318,1.3413313327082474e-05,32.49548709222804]",34672B73AEC3F46F8CA0B368F1EB5D2293A26D00AA30F5A76F6BB7318B27CD21,193.440626378,0.303697281962,7.07136561297e-05,354.067159473,4266544826,fmin_l_bfgs_b,1,-67.72228843416372,0.7260011999751441,0,0,,completed_without_convergence_warning,False,False,,False,,False,,False
phase3b_kernel_noise,Phase 3B,F7F71204D643D1027D0FF4736F24213619BF6A09C2361C3C11F169797AC98A9C,8EE00E603AA7622051F531FE6427BE9BC382D7D2507FEA27865D18BFBDDC8756,width,Melt-pool width,T0,matern52_no_nugget,"Matérn 5/2, no nugget",Matern,2.5,False,87,sim_00088,88,143.44961500000002,138.5697279650799,4.879887034920131,4.879887034920131,23.813297473581585,9.38387125359896,88.05703970412091,,,9.38387125359896,latent predictive variance; numerical jitter excluded,3.2931461076691892,,3.2931461076691892,120.17734030802593,156.96211562213387,,,True,,"0.77**2 * Matern(length_scale=1.13, nu=2.5)",0.5935717426351926,1.1259309859173101,,,,,,,159.00522,False,1e-06,numerical jitter only; separate from WhiteKernel nugget,240,241,True,False,False,False,True,True,False,"[""P"",""VX"",""LS"",""ST""]",159.59295999998793,37.50083508274464,"[158.03066292915707,0.6166249891336,6.472367540928831e-05,348.5151241837623]","[53.02705613703249,0.24072112899028045,1.3404328580083385e-05,32.49332517956446]",4E70075A13E6872D65C76CE722A1B655DA3ADF8F4A1C1D728D4353A6FC0B1452,193.81397439,0.717380412454,5.49903358659e-05,340.433066031,2883212166,fmin_l_bfgs_b,1,-66.17005358945372,0.6958008999936283,0,0,,completed_without_convergence_warning,False,False,,False,,False,,False
phase3b_kernel_noise,Phase 3B,F7F71204D643D1027D0FF4736F24213619BF6A09C2361C3C11F169797AC98A9C,8EE00E603AA7622051F531FE6427BE9BC382D7D2507FEA27865D18BFBDDC8756,width,Melt-pool width,T0,matern52_no_nugget,"Matérn 5/2, no nugget",Matern,2.5,False,88,sim_00089,89,228.18175,234.49671159765455,-6.314961597654559,6.314961597654559,39.87873997985182,6.090772086894086,37.09750461448814,,,6.090772086894086,latent predictive variance; numerical jitter excluded,3.263198864067472,,3.263198864067472,222.55879830734216,246.43462488796695,,,True,,"0.775**2 * Matern(length_scale=1.13, nu=2.5)",0.5998853906647905,1.1271748496687466,,,,,,,159.00522,False,1e-06,numerical jitter only; separate from WhiteKernel nugget,240,241,True,False,False,False,True,True,False,"[""P"",""VX"",""LS"",""ST""]",159.23990943748788,37.25147102257451,"[158.02973568823623,0.6183707490847041,6.465735650565749e-05,348.50139598969986]","[53.026428465932966,0.2399249073286805,1.341294404764737e-05,32.49604076948702]",C5EC3EF4AA629CF5A6AE00AF36F93B56FC870A42559F1A19056E2E60538E94B2,194.036512211,0.298398024189,7.09068727373e-05,343.727832606,3096943560,fmin_l_bfgs_b,1,-67.77137433627334,1.1707959999912418,0,0,,completed_without_convergence_warning,False,False,,False,,False,,False
phase3b_kernel_noise,Phase 3B,F7F71204D643D1027D0FF4736F24213619BF6A09C2361C3C11F169797AC98A9C,8EE00E603AA7622051F531FE6427BE9BC382D7D2507FEA27865D18BFBDDC8756,width,Melt-pool width,T0,matern52_no_nugget,"Matérn 5/2, no nugget",Matern,2.5,False,89,sim_00090,90,218.6967,214.83160892084027,3.8650910791597255,3.8650910791597255,14.938929050200091,7.785108971349757,60.60792169579047,,,7.785108971349757,latent predictive variance; numerical jitter excluded,3.0943937161365445,,3.0943937161365445,199.57279533699474,230.0904225046858,,,True,,"0.776**2 * Matern(length_scale=1.13, nu=2.5)",0.6018517437226916,1.1294726807405389,,,,,,,159.00522,False,1e-06,numerical jitter only; separate from WhiteKernel nugget,240,241,True,False,False,False,True,True,False,"[""P"",""VX"",""LS"",""ST""]",159.27943047915457,37.31949864459073,"[158.02951505385707,0.6179950447892917,6.46360444637504e-05,348.2871749231248]","[53.026278536734694,0.24035468242797506,1.3398926269193113e-05,32.357042680352464]",7F7E6B006B388E937D7049555A886B4154B9D000D4375F5DA1149D9B0F7380FE,194.089464462,0.388567055088,7.6021762795e-05,395.140888584,1524327212,fmin_l_bfgs_b,1,-67.50007495994288,0.9148021999862976,0,0,,completed_without_convergence_warning,False,False,,False,,False,,False
phase3b_kernel_noise,Phase 3B,F7F71204D643D1027D0FF4736F24213619BF6A09C2361C3C11F169797AC98A9C,8EE00E603AA7622051F531FE6427BE9BC382D7D2507FEA27865D18BFBDDC8756,width,Melt-pool width,T0,matern52_no_nugget,"Matérn 5/2, no nugget",Matern,2.5,False,90,sim_00091,91,143.340925,144.149354188227,-0.8084291882269952,0.8084291882269952,0.6535577523773584,6.250809336654537,39.07261736320754,,,6.250809336654537,latent predictive variance; numerical jitter excluded,2.7600128555132852,,2.7600128555132852,131.8977678883841,156.4009404880699,,,True,,"0.769**2 * Matern(length_scale=1.12, nu=2.5)",0.591789275365795,1.124568042813521,,,,,,,159.00522,False,1e-06,numerical jitter only; separate from WhiteKernel nugget,240,241,True,False,False,False,True,True,False,"[""P"",""VX"",""LS"",""ST""]",159.5934128749879,37.500639469753025,"[158.0253844217529,0.6160968201624457,6.469378762950582e-05,348.5518203719874]","[53.02343069544511,0.2403601468888818,1.3417993895132896e-05,32.479200832301714]",605A1275949FF13F79E588B6A6B86A22CBB35FAB6E141695A49DDB8C19129132,195.080816167,0.844140965531,6.21634030137e-05,331.625980857,1896202224,fmin_l_bfgs_b,1,-66.69203752245122,0.9027860999922268,0,0,,completed_without_convergence_warning,False,False,,False,,False,,False
phase3b_kernel_noise,Phase 3B,F7F71204D643D1027D0FF4736F24213619BF6A09C2361C3C11F169797AC98A9C,8EE00E603AA7622051F531FE6427BE9BC382D7D2507FEA27865D18BFBDDC8756,width,Melt-pool width,T0,matern52_no_nugget,"Matérn 5/2, no nugget",Matern,2.5,False,91,sim_00092,92,131.11235,131.0386657808455,0.07368421915450085,0.07368421915450085,0.00542936415240851,10.532954107853245,110.94312223814254,,,10.532954107853245,latent predictive variance; numerical jitter excluded,3.2734718311958964,,3.2734718311958964,110.39407572945314,151.68325583223785,,,True,,"0.771**2 * Matern(length_scale=1.13, nu=2.5)",0.59426979638425,1.1273190477699233,,,,,,,159.00522,False,1e-06,numerical jitter only; separate from WhiteKernel nugget,240,241,True,False,False,False,True,True,False,"[""P"",""VX"",""LS"",""ST""]",159.64436527082123,37.47020260031849,"[158.01757895059458,0.6155621638308583,6.470890996576666e-05,348.64031232013315]","[53.01783708800837,0.23970869422769972,1.3413087505036056e-05,32.403945082072]",6D57A2840B933D3435BE4DE78AE298E48A299965B5D15303D56C5ABACF8BE141,196.954129245,0.972458485112,5.85340423111e-05,310.387913302,2661739822,fmin_l_bfgs_b,1,-66.35029170085582,0.7076877999934368,0,0,,completed_without_convergence_warning,False,False,,False,,False,,False
phase3b_kernel_noise,Phase 3B,F7F71204D643D1027D0FF4736F24213619BF6A09C2361C3C11F169797AC98A9C,8EE00E603AA7622051F531FE6427BE9BC382D7D2507FEA27865D18BFBDDC8756,width,Melt-pool width,T0,matern52_no_nugget,"Matérn 5/2, no nugget",Matern,2.5,False,92,sim_00093,93,159.81514,162.11623802891242,-2.3010980289124063,2.3010980289124063,5.295052138664562,5.780152365285736,33.41016136591829,,,5.780152365285736,latent predictive variance; numerical jitter excluded,2.7526117155630443,,2.7526117155630443,150.78713939295238,173.44533666487246,,,True,,"0.769**2 * Matern(length_scale=1.13, nu=2.5)",0.5919517375012426,1.125799486508427,,,,,,,159.00522,False,1e-06,numerical jitter only; separate from WhiteKernel nugget,240,241,True,False,False,False,True,True,False,"[""P"",""VX"",""LS"",""ST""]",159.5247703124879,37.51524545215871,"[158.01429567713623,0.6159698356256709,6.463071057132541e-05,348.4715597365206]","[53.0154012797614,0.2402315506123734,1.3394137084012838e-05,32.49712260340322]",35B6CD8ABE898B809822B57E44AE23B01D9D5E73760D3F086D469D88C800322B,197.742114875,0.874617254357,7.7301896977e-05,350.888533369,265773494,fmin_l_bfgs_b,1,-66.60902647357736,0.5119465999887325,0,0,,completed_without_convergence_warning,False,False,,False,,False,,False
phase3b_kernel_noise,Phase 3B,F7F71204D643D1027D0FF4736F24213619BF6A09C2361C3C11F169797AC98A9C,8EE00E603AA7622051F531FE6427BE9BC382D7D2507FEA27865D18BFBDDC8756,width,Melt-pool width,T0,matern52_no_nugget,"Matérn 5/2, no nugget",Matern,2.5,False,93,sim_00094,94,135.31509999989999,137.11591472536563,-1.8008147254656421,1.8008147254656421,3.242933675453896,6.048267681296648,36.58154194461753,,,6.048267681296648,latent predictive variance; numerical jitter excluded,2.7630351569690728,,2.7630351569690728,125.2613100700242,148.97051938070706,,,True,,"0.77**2 * Matern(length_scale=1.13, nu=2.5)",0.5925310945468544,1.1253406467640497,,,,,,,159.00522,False,1e-06,numerical jitter only; separate from WhiteKernel nugget,240,241,True,False,False,False,True,True,False,"[""P"",""VX"",""LS"",""ST""]",159.62685381248832,37.48254866427005,"[158.01070566526124,0.6159899078003582,6.472100714875416e-05,348.5717775929623]","[53.01268169142268,0.24025295845202072,1.3406201961306487e-05,32.46732069658619]",41A544A110E60613F40562AE8BE103E454CFDFAA832BA39A025006B00F8DA8F6,198.603717725,0.869799932432,5.56307183941e-05,326.836247823,1990985616,fmin_l_bfgs_b,1,-66.8052963146088,1.2528330000350252,0,0,,completed_without_convergence_warning,False,False,,False,,False,,False
phase3b_kernel_noise,Phase 3B,F7F71204D643D1027D0FF4736F24213619BF6A09C2361C3C11F169797AC98A9C,8EE00E603AA7622051F531FE6427BE9BC382D7D2507FEA27865D18BFBDDC8756,width,Melt-pool width,T0,matern52_no_nugget,"Matérn 5/2, no nugget",Matern,2.5,False,94,sim_00095,95,146.943905,153.29831261686502,-6.354407616865018,6.354407616865018,40.37849616127215,16.458143739434455,270.87049534788554,,,16.458143739434455,latent predictive variance; numerical jitter excluded,3.794293636879844,,3.794293636879844,121.04035088757348,185.55627434615656,,,True,,"0.77**2 * Matern(length_scale=1.13, nu=2.5)",0.5934290876098012,1.1278552633032934,,,,,,,159.00522,False,1e-06,numerical jitter only; separate from WhiteKernel nugget,240,241,True,False,False,False,True,True,False,"[""P"",""VX"",""LS"",""ST""]",159.57840045832123,37.506421104531434,"[157.9948986662154,0.6173006150682749,6.476438647942665e-05,348.2779758979915]","[53.00000845430659,0.24077541097295446,1.3359793563461686e-05,32.34340427539679]",08D16973DD3EA82C51CBFA0068E7E5BA0884109B379BB1D78B765C1F9DB2E366,202.397397496,0.555230188132,4.52196790327e-05,397.348654616,1479373829,fmin_l_bfgs_b,1,-65.62954497063768,1.1722021999885328,0,0,,completed_without_convergence_warning,False,False,,False,,False,,False
phase3b_kernel_noise,Phase 3B,F7F71204D643D1027D0FF4736F24213619BF6A09C2361C3C11F169797AC98A9C,8EE00E603AA7622051F531FE6427BE9BC382D7D2507FEA27865D18BFBDDC8756,width,Melt-pool width,T0,matern52_no_nugget,"Matérn 5/2, no nugget",Matern,2.5,False,95,sim_00096,96,171.39184,167.71399284387275,3.6778471561272568,3.6778471561272568,13.52655970383335,9.157057513188333,83.85170229983889,,,9.157057513188333,latent predictive variance; numerical jitter excluded,3.214121061355027,,3.214121061355027,149.7661601180236,185.66182556972188,,,True,,"0.771**2 * Matern(length_scale=1.13, nu=2.5)",0.593745181964872,1.1260926884193527,,,,,,,159.00522,False,1e-06,numerical jitter only; separate from WhiteKernel nugget,240,241,True,False,False,False,True,True,False,"[""P"",""VX"",""LS"",""ST""]",159.47653406248793,37.50739774117697,"[157.9928255621029,0.6167232466519791,6.464307933455207e-05,348.460918203354]","[52.998261843105695,0.24075741972772594,1.3404457927683163e-05,32.49591121223549]",AC205B8B212B3FF90DF85C6752A44071EBD1B7DDEE391672FBABAB0C71734580,202.894942483,0.693798608043,7.43333938026e-05,353.442501329,1050276908,fmin_l_bfgs_b,1,-66.20947483655664,1.158864099998027,0,0,,completed_without_convergence_warning,False,False,,False,,False,,False
phase3b_kernel_noise,Phase 3B,F7F71204D643D1027D0FF4736F24213619BF6A09C2361C3C11F169797AC98A9C,8EE00E603AA7622051F531FE6427BE9BC382D7D2507FEA27865D18BFBDDC8756,width,Melt-pool width,T0,matern52_no_nugget,"Matérn 5/2, no nugget",Matern,2.5,False,96,sim_00097,97,248.84560000000002,246.55531080143595,2.290289198564068,2.290289198564068,5.245424613059241,1.7517084974026436,3.068482659872627,,,1.7517084974026436,latent predictive variance; numerical jitter excluded,2.3342562583600968,,2.3342562583600968,243.12196214652678,249.98865945634512,,,True,,"0.773**2 * Matern(length_scale=1.12, nu=2.5)",0.597497913313958,1.1243957098823691,,,,,,,159.00522,False,1e-06,numerical jitter only; separate from WhiteKernel nugget,240,241,True,False,False,False,True,True,False,"[""P"",""VX"",""LS"",""ST""]",159.1538100624879,37.067692629912585,"[157.99230059427373,0.6186439288959418,6.463797843415623e-05,348.2869539887832]","[52.99781644218202,0.23952276681364984,1.3400535924121393e-05,32.356722579175056]",6E6541FFD550C3418E34BDC7D52DCB37BAB8D11C3F955EF7405C08DB1234404A,203.020934762,0.232834869492,7.55576098976e-05,395.193912826,1452033362,fmin_l_bfgs_b,1,-69.86803761718895,0.9548656999832019,0,0,,completed_without_convergence_warning,False,False,,False,,False,,False
phase3b_kernel_noise,Phase 3B,F7F71204D643D1027D0FF4736F24213619BF6A09C2361C3C11F169797AC98A9C,8EE00E603AA7622051F531FE6427BE9BC382D7D2507FEA27865D18BFBDDC8756,width,Melt-pool width,T0,matern52_no_nugget,"Matérn 5/2, no nugget",Matern,2.5,False,97,sim_00098,98,246.7974,248.45659026752537,-1.6591902675253607,1.6591902675253607,2.752912343850878,1.5436340851711057,2.382806188902036,,,1.5436340851711057,latent predictive variance; numerical jitter excluded,1.9307397903444345,,1.9307397903444345,245.43106746059001,251.48211307446073,,,True,,"0.775**2 * Matern(length_scale=1.13, nu=2.5)",0.6000248645022498,1.12550440936483,,,,,,,159.00522,False,1e-06,numerical jitter only; separate from WhiteKernel nugget,240,241,True,False,False,False,True,True,False,"[""P"",""VX"",""LS"",""ST""]",159.1623442291546,37.08810016381838,"[157.9906319017904,0.61859306651955,6.46378350464929e-05,348.29557973042483]","[52.99639231758744,0.23960337787843156,1.3400418897102529e-05,32.368947765690535]",A3F4AAEF019FF29801A9F990EAFFD6F4D2AC6DE037C8EDEF1B15BD976541AFDE,203.421420958,0.245041839826,7.55920229368e-05,393.123734832,152372551,fmin_l_bfgs_b,1,-70.14132733075857,0.6283825000282377,0,0,,completed_without_convergence_warning,False,False,,False,,False,,False
phase3b_kernel_noise,Phase 3B,F7F71204D643D1027D0FF4736F24213619BF6A09C2361C3C11F169797AC98A9C,8EE00E603AA7622051F531FE6427BE9BC382D7D2507FEA27865D18BFBDDC8756,width,Melt-pool width,T0,matern52_no_nugget,"Matérn 5/2, no nugget",Matern,2.5,False,98,sim_00099,99,135.28140499999998,134.39504097595545,0.886364024044525,0.886364024044525,0.7856411831204032,7.276335111642293,52.94505265691846,,,7.276335111642293,latent predictive variance; numerical jitter excluded,2.9109852512070966,,2.9109852512070966,120.13342415713656,148.65665779477433,,,True,,"0.771**2 * Matern(length_scale=1.13, nu=2.5)",0.5949923006273115,1.1281972879370312,,,,,,,159.00522,False,1e-06,numerical jitter only; separate from WhiteKernel nugget,240,241,True,False,False,False,True,True,False,"[""P"",""VX"",""LS"",""ST""]",159.62699420832124,37.48245753790927,"[157.9787535734654,0.6163580556181291,6.474500457181206e-05,348.2703348456999]","[52.98588784953873,0.24057368902220086,1.3384736748471193e-05,32.33159176299092]",AA9B7ACCC2F41FEFF258409369B58DBB7E43FFE768D36AAAFC210A464F7E5791,206.272219756,0.781444456167,4.98713368602e-05,399.182507166,3805547068,fmin_l_bfgs_b,1,-66.65715599043463,0.463932599988766,0,0,,completed_without_convergence_warning,False,False,,False,,False,,False
phase3b_kernel_noise,Phase 3B,F7F71204D643D1027D0FF4736F24213619BF6A09C2361C3C11F169797AC98A9C,8EE00E603AA7622051F531FE6427BE9BC382D7D2507FEA27865D18BFBDDC8756,width,Melt-pool width,T0,matern52_no_nugget,"Matérn 5/2, no nugget",Matern,2.5,False,99,sim_00100,100,212.25650000000002,217.476378526764,-5.219878526763978,5.219878526763978,27.247131834171675,5.341328549828512,28.52979067721316,,,5.341328549828512,latent predictive variance; numerical jitter excluded,3.0719336579230334,,3.0719336579230334,207.0073745691001,227.94538248442788,,,True,,"0.775**2 * Matern(length_scale=1.13, nu=2.5)",0.6010708180713158,1.130978097320299,,,,,,,159.00522,False,1e-06,numerical jitter only; separate from WhiteKernel nugget,240,241,True,False,False,False,True,True,False,"[""P"",""VX"",""LS"",""ST""]",159.30626464582122,37.3598750993274,"[157.9728553641404,0.6179098535530334,6.465712359252374e-05,348.2877132963915]","[52.98043258732696,0.24043234974611757,1.3412835038223795e-05,32.35782116798158]",33724DEBBDFDF1ACAEDCEA592B8A9B195B95CB394DF4400178954883D156CE05,207.687789994,0.40901295179,7.09627718894e-05,395.011679,2856240329,fmin_l_bfgs_b,1,-67.26924254291706,0.46602459996938705,0,0,,completed_without_convergence_warning,False,False,,False,,False,,False
phase3b_kernel_noise,Phase 3B,F7F71204D643D1027D0FF4736F24213619BF6A09C2361C3C11F169797AC98A9C,8EE00E603AA7622051F531FE6427BE9BC382D7D2507FEA27865D18BFBDDC8756,width,Melt-pool width,T0,matern52_no_nugget,"Matérn 5/2, no nugget",Matern,2.5,False,100,sim_00101,101,169.625425,232.91221165440248,-63.286786654402476,63.286786654402476,4005.2173650398554,9.001041774760896,81.01875303099078,,,9.001041774760896,latent predictive variance; numerical jitter excluded,27.834120190856986,,27.834120190856986,215.27016977587112,250.55425353293384,,,False,,"0.741**2 * Matern(length_scale=1.17, nu=2.5)",0.5484865843710207,1.17410930851917,,,,,,,159.00522,False,1e-06,numerical jitter only; separate from WhiteKernel nugget,240,241,True,False,False,False,True,True,False,"[""P"",""VX"",""LS"",""ST""]",159.4838941249879,37.50956178112909,"[157.9698919289904,0.6187737206743209,6.468179170984415e-05,348.3829536120832]","[52.9776317583311,0.239305132144955,1.3418963758339045e-05,32.46140105191655]",F29E31E5B77033BBA30DFBAB7D7E99C1E5BAEE7D6DC2DF4384F42D2BA6CD63FF,208.39901443,0.201684842681,6.50424237325e-05,372.154003234,1660282592,fmin_l_bfgs_b,1,-43.965800869103845,0.6677121000248007,0,0,,completed_without_convergence_warning,False,False,,False,,False,,False
phase3b_kernel_noise,Phase 3B,F7F71204D643D1027D0FF4736F24213619BF6A09C2361C3C11F169797AC98A9C,8EE00E603AA7622051F531FE6427BE9BC382D7D2507FEA27865D18BFBDDC8756,width,Melt-pool width,T0,matern52_no_nugget,"Matérn 5/2, no nugget",Matern,2.5,False,101,sim_00102,102,234.6763,233.61547816763544,1.060821832364553,1.060821832364553,1.1253429600212879,11.871537208075686,140.93339568272546,,,11.871537208075686,latent predictive variance; numerical jitter excluded,3.397074700867042,,3.397074700867042,210.3472652398071,256.8836910954638,,,True,,"0.777**2 * Matern(length_scale=1.13, nu=2.5)",0.6034928281963845,1.1279111594799736,,,,,,,159.00522,False,1e-06,numerical jitter only; separate from WhiteKernel nugget,240,241,True,False,False,False,True,True,False,"[""P"",""VX"",""LS"",""ST""]",159.21284881248792,37.198983801948756,"[157.96448254335706,0.6181785697277833,6.463792217560123e-05,348.6732997101541]","[52.972415780004404,0.240162537943622,1.3400490052439218e-05,32.36092883102487]",BE9D5AD412D03F618F95E71D5570B30537A28AEE97ABA29C14B1684CA123B1EF,209.697266982,0.34452106985,7.55711119508e-05,302.470939697,3633978103,fmin_l_bfgs_b,1,-67.97520958986755,0.7057633000076748,0,0,,completed_without_convergence_warning,False,False,,False,,False,,False
phase3b_kernel_noise,Phase 3B,F7F71204D643D1027D0FF4736F24213619BF6A09C2361C3C11F169797AC98A9C,8EE00E603AA7622051F531FE6427BE9BC382D7D2507FEA27865D18BFBDDC8756,width,Melt-pool width,T0,matern52_no_nugget,"Matérn 5/2, no nugget",Matern,2.5,False,102,sim_00103,103,219.1649,221.9754972503825,-2.8105972503825,2.8105972503825,7.899456903857669,10.351314438598825,107.1497106067445,,,10.351314438598825,latent predictive variance; numerical jitter excluded,3.2929138180809803,,3.2929138180809803,201.6869209507288,242.2640735500362,,,True,,"0.776**2 * Matern(length_scale=1.13, nu=2.5)",0.6026973201675092,1.1303432932712545,,,,,,,159.00522,False,1e-06,numerical jitter only; separate from WhiteKernel nugget,240,241,True,False,False,False,True,True,False,"[""P"",""VX"",""LS"",""ST""]",159.27747964582124,37.31638025743893,"[157.9636267789904,0.6176230011304208,6.45869842154079e-05,348.3224897296207]","[52.971578369258246,0.24064024902300704,1.3335441050424449e-05,32.403501523937216]",BD47092E8C56DC395B21CEF18E5C9F1F70C00F576D41BA3EAAD0158B65BE4996,209.90265043,0.477857533217,8.77962223972e-05,386.665335025,2435484429,fmin_l_bfgs_b,1,-67.35716712724488,0.8502030999516137,0,0,,completed_without_convergence_warning,False,False,,False,,False,,False
phase3b_kernel_noise,Phase 3B,F7F71204D643D1027D0FF4736F24213619BF6A09C2361C3C11F169797AC98A9C,8EE00E603AA7622051F531FE6427BE9BC382D7D2507FEA27865D18BFBDDC8756,width,Melt-pool width,T0,matern52_no_nugget,"Matérn 5/2, no nugget",Matern,2.5,False,103,sim_00104,104,135.20257999999998,135.3233862857751,-0.1208062857751031,0.1208062857751031,0.014594158682775879,6.2754167497158,39.38085538261362,,,6.2754167497158,latent predictive variance; numerical jitter excluded,2.75576372540958,,2.75576372540958,123.02356945633211,147.62320311521805,,,True,,"0.77**2 * Matern(length_scale=1.13, nu=2.5)",0.5936694955721363,1.1268266843365609,,,,,,,159.00522,False,1e-06,numerical jitter only; separate from WhiteKernel nugget,240,241,True,False,False,False,True,True,False,"[""P"",""VX"",""LS"",""ST""]",159.62732264582124,37.48224386393247,"[157.9628334701862,0.6162281975852958,6.473662693444124e-05,348.3064050064082]","[52.970799086764,0.24047611159969795,1.3393411651856732e-05,32.38350030168096]",BA341C913EB27D11269C87579091B049F6107255C11BEAC1611E495E6D13B6B8,210.093044543,0.812610384047,5.18819698292e-05,390.525668596,2765963267,fmin_l_bfgs_b,1,-66.81809887859038,0.9183423999929801,0,0,,completed_without_convergence_warning,False,False,,False,,False,,False
phase3b_kernel_noise,Phase 3B,F7F71204D643D1027D0FF4736F24213619BF6A09C2361C3C11F169797AC98A9C,8EE00E603AA7622051F531FE6427BE9BC382D7D2507FEA27865D18BFBDDC8756,width,Melt-pool width,T0,matern52_no_nugget,"Matérn 5/2, no nugget",Matern,2.5,False,104,sim_00105,105,154.72028999999998,159.16700458365872,-4.446714583658746,4.446714583658746,19.773270588523378,13.874206959050028,192.49361874255223,,,13.874206959050028,latent predictive variance; numerical jitter excluded,3.600330882065684,,3.600330882065684,131.97355894392066,186.36045022339678,,,True,,"0.77**2 * Matern(length_scale=1.13, nu=2.5)",0.5930944547713697,1.1268578046417919,,,,,,,159.00522,False,1e-06,numerical jitter only; separate from WhiteKernel nugget,240,241,True,False,False,False,True,True,False,"[""P"",""VX"",""LS"",""ST""]",159.5459988541546,37.51396223673584,"[157.95565231201124,0.6174444455321251,6.475247572370707e-05,348.6058434497957]","[52.963614087131646,0.24072797443761723,1.3375929081742062e-05,32.440196639620744]",E39636250E140D9B8969098E696A14CB19670E9B2E8C0D068A7757A5620DF676,211.816522505,0.520710876808,4.80782604054e-05,318.660442183,585777265,fmin_l_bfgs_b,1,-65.78652222550946,1.1130776000209153,0,0,,completed_without_convergence_warning,False,False,,False,,False,,False
phase3b_kernel_noise,Phase 3B,F7F71204D643D1027D0FF4736F24213619BF6A09C2361C3C11F169797AC98A9C,8EE00E603AA7622051F531FE6427BE9BC382D7D2507FEA27865D18BFBDDC8756,width,Melt-pool width,T0,matern52_no_nugget,"Matérn 5/2, no nugget",Matern,2.5,False,105,sim_00106,106,175.27590999999998,171.39535747048222,3.8805525295177574,3.8805525295177574,15.058687934346665,7.257486931095123,52.6711165550165,,,7.257486931095123,latent predictive variance; numerical jitter excluded,3.0439222985199703,,3.0439222985199703,157.17068308553579,185.62003185542866,,,True,,"0.77**2 * Matern(length_scale=1.13, nu=2.5)",0.592668837711951,1.1262298052053858,,,,,,,159.00522,False,1e-06,numerical jitter only; separate from WhiteKernel nugget,240,241,True,False,False,False,True,True,False,"[""P"",""VX"",""LS"",""ST""]",159.4603504374879,37.50141463180648,"[157.95450224706124,0.6163183924608249,6.462143589548624e-05,348.4846067647874]","[52.9624415167403,0.24054568177580263,1.338458573158072e-05,32.49746177680798]",3BC89149C3DB540FCA7274518F1B2328D34BF25CAFCF096E6902E0D1692FB718,212.092538093,0.79096361392,7.95278191784e-05,347.757246585,2859522332,fmin_l_bfgs_b,1,-66.42157565302924,0.5950090999831446,0,0,,completed_without_convergence_warning,False,False,,False,,False,,False
phase3b_kernel_noise,Phase 3B,F7F71204D643D1027D0FF4736F24213619BF6A09C2361C3C11F169797AC98A9C,8EE00E603AA7622051F531FE6427BE9BC382D7D2507FEA27865D18BFBDDC8756,width,Melt-pool width,T0,matern52_no_nugget,"Matérn 5/2, no nugget",Matern,2.5,False,106,sim_00107,107,256.76705,238.35053996521646,18.416510034783528,18.416510034783528,339.1678418612824,15.424118482891268,237.90343097426805,,,15.424118482891268,latent predictive variance; numerical jitter excluded,4.36769766668171,,4.36769766668171,208.11926773874956,268.58181219168335,,,True,,"0.77**2 * Matern(length_scale=1.12, nu=2.5)",0.5931035587266528,1.1185686359393796,,,,,,,159.00522,False,1e-06,numerical jitter only; separate from WhiteKernel nugget,240,241,True,False,False,False,True,True,False,"[""P"",""VX"",""LS"",""ST""]",159.12080402082125,36.98419324368801,"[157.95332210034456,0.6184129756413833,6.460483653811915e-05,348.63026029350823]","[52.96123199201265,0.2398676900732679,1.3363601970331272e-05,32.41543357303855]",22D5D1A9FFA8EFBC001F782EAF8BEC2891F7B09FE89C18B5CC2BF0453988DB27,212.375773305,0.288263650586,8.35116649465e-05,312.800399692,3270619311,fmin_l_bfgs_b,1,-68.41690535037864,1.2912636999972165,0,0,,completed_without_convergence_warning,False,False,,False,,False,,False
phase3b_kernel_noise,Phase 3B,F7F71204D643D1027D0FF4736F24213619BF6A09C2361C3C11F169797AC98A9C,8EE00E603AA7622051F531FE6427BE9BC382D7D2507FEA27865D18BFBDDC8756,width,Melt-pool width,T0,matern52_no_nugget,"Matérn 5/2, no nugget",Matern,2.5,False,107,sim_00108,108,191.5584,188.93923225584965,2.61916774415036,2.61916774415036,6.8600396719976855,12.814358623180006,164.20778692346778,,,12.814358623180006,latent predictive variance; numerical jitter excluded,3.490393132626755,,3.490393132626755,163.82308935441682,214.05537515728247,,,True,,"0.771**2 * Matern(length_scale=1.13, nu=2.5)",0.5951302035602054,1.1272995398549124,,,,,,,159.00522,False,1e-06,numerical jitter only; separate from WhiteKernel nugget,240,241,True,False,False,False,True,True,False,"[""P"",""VX"",""LS"",""ST""]",159.39250672915458,37.45798792908174,"[157.92932183366958,0.617898316674225,6.471414616188124e-05,348.65264534899984]","[52.935252604883566,0.24044230651846712,1.3410430384742373e-05,32.38881695943016]",512A33FF34D2AD82E782453B6976F951B354D167B4FD3CF9BA856BC36521564F,218.135837307,0.411781802704,5.72773552436e-05,307.427986374,1991542722,fmin_l_bfgs_b,1,-66.2337150658775,1.1720270000514574,0,0,,completed_without_convergence_warning,False,False,,False,,False,,False
phase3b_kernel_noise,Phase 3B,F7F71204D643D1027D0FF4736F24213619BF6A09C2361C3C11F169797AC98A9C,8EE00E603AA7622051F531FE6427BE9BC382D7D2507FEA27865D18BFBDDC8756,width,Melt-pool width,T0,matern52_no_nugget,"Matérn 5/2, no nugget",Matern,2.5,False,108,sim_00109,109,175.15818000000002,177.3072204350364,-2.1490404350363974,2.1490404350363974,4.618374791421428,7.2432109661603885,52.46410510030611,,,7.2432109661603885,latent predictive variance; numerical jitter excluded,2.9430177600570846,,2.9430177600570846,163.11052694136205,191.50391392871077,,,True,,"0.771**2 * Matern(length_scale=1.13, nu=2.5)",0.5941726657287212,1.128359610291648,,,,,,,159.00522,False,1e-06,numerical jitter only; separate from WhiteKernel nugget,240,241,True,False,False,False,True,True,False,"[""P"",""VX"",""LS"",""ST""]",159.46084097915457,37.501620735329055,"[157.92917826072375,0.6160471773949833,6.459914182520457e-05,348.3715573463707]","[52.93508926337503,0.2403118074627926,1.3355250058708057e-05,32.45257240980531]",65D92F30EA7A2462C730D3D25B627046A098F657E13EBD7CD8D6884FE2CBB512,218.170294814,0.856055229722,8.4878396046e-05,374.889107005,2027738242,fmin_l_bfgs_b,1,-66.52017060778351,1.0143499000114389,0,0,,completed_without_convergence_warning,False,False,,False,,False,,False
phase3b_kernel_noise,Phase 3B,F7F71204D643D1027D0FF4736F24213619BF6A09C2361C3C11F169797AC98A9C,8EE00E603AA7622051F531FE6427BE9BC382D7D2507FEA27865D18BFBDDC8756,width,Melt-pool width,T0,matern52_no_nugget,"Matérn 5/2, no nugget",Matern,2.5,False,109,sim_00110,110,183.61817,175.87231867598993,7.7458513240100615,7.7458513240100615,59.998212733668424,9.471524077380032,89.70976834838966,,,9.471524077380032,latent predictive variance; numerical jitter excluded,3.501630146521878,,3.501630146521878,157.30813148432506,194.4365058676548,,,True,,"0.77**2 * Matern(length_scale=1.13, nu=2.5)",0.5930690939783643,1.1273731162735812,,,,,,,159.00522,False,1e-06,numerical jitter only; separate from WhiteKernel nugget,240,241,True,False,False,False,True,True,False,"[""P"",""VX"",""LS"",""ST""]",159.42559102082123,37.48286861793052,"[157.92857284622374,0.6166842499028665,6.46094204327954e-05,348.60398916240814]","[52.93439945156295,0.24074417392119427,1.3369896317018565e-05,32.441895507615364]",913D89FC9DE6C551D8C47F20C3684A492BEE7FEFAB483F6721A023F19E2DADF7,218.315594294,0.70315782783,8.24115302242e-05,319.105471156,2769511148,fmin_l_bfgs_b,1,-66.08654596717699,0.6430474999942817,0,0,,completed_without_convergence_warning,False,False,,False,,False,,False
phase3b_kernel_noise,Phase 3B,F7F71204D643D1027D0FF4736F24213619BF6A09C2361C3C11F169797AC98A9C,8EE00E603AA7622051F531FE6427BE9BC382D7D2507FEA27865D18BFBDDC8756,width,Melt-pool width,T0,matern52_no_nugget,"Matérn 5/2, no nugget",Matern,2.5,False,110,sim_00111,111,167.20978,150.9404412962951,16.269338703704904,16.269338703704904,264.69138185587036,11.421758025711062,130.45655639789507,,,11.421758025711062,latent predictive variance; numerical jitter excluded,4.368939615682561,,4.368939615682561,128.5537955659014,173.3270870266888,,,True,,"0.77**2 * Matern(length_scale=1.13, nu=2.5)",0.5930740956169964,1.1306311227820396,,,,,,,159.00522,False,1e-06,numerical jitter only; separate from WhiteKernel nugget,240,241,True,False,False,False,True,True,False,"[""P"",""VX"",""LS"",""ST""]",159.4939593124879,37.51195759493324,"[157.92838105874873,0.6164996125532666,6.46554047512879e-05,348.683526860504]","[52.93418057818907,0.24066077547735382,1.3412000407542472e-05,32.34593437423421]",F709F8DEE2F233920541FDD2D6D003E8C6105016380208D4D3B6E481528DF6F2,218.361623288,0.747470791734,7.1375293786e-05,300.016423613,3707367562,fmin_l_bfgs_b,1,-65.01295123307597,0.7509961999603547,0,0,,completed_without_convergence_warning,False,False,,False,,False,,False
phase3b_kernel_noise,Phase 3B,F7F71204D643D1027D0FF4736F24213619BF6A09C2361C3C11F169797AC98A9C,8EE00E603AA7622051F531FE6427BE9BC382D7D2507FEA27865D18BFBDDC8756,width,Melt-pool width,T0,matern52_no_nugget,"Matérn 5/2, no nugget",Matern,2.5,False,111,sim_00112,112,151.10872999999998,163.83878360449293,-12.730053604492952,12.730053604492952,162.05426477326398,12.748529497646103,162.52500435235282,,,12.748529497646103,latent predictive variance; numerical jitter excluded,3.962906258005423,,3.962906258005423,138.85166578910656,188.8259014198793,,,True,,"0.772**2 * Matern(length_scale=1.13, nu=2.5)",0.5953521228800355,1.1313071012782339,,,,,,,159.00522,False,1e-06,numerical jitter only; separate from WhiteKernel nugget,240,241,True,False,False,False,True,True,False,"[""P"",""VX"",""LS"",""ST""]",159.56104702082123,37.51129900113927,"[157.92771295629873,0.6157805304692958,6.465632441589999e-05,348.6799134988665]","[52.93341680561501,0.24000965552858491,1.3412453585623374e-05,32.35132188399561]",F59453BE12C55E4F4B201FA6F04B35D8654F4F5B95D0851044AE6BBF9E8E05DA,218.521967876,0.920050491887,7.11545742791e-05,300.883630406,4289007113,fmin_l_bfgs_b,1,-65.40784064703027,0.541654100001324,0,0,,completed_without_convergence_warning,False,False,,False,,False,,False
phase3b_kernel_noise,Phase 3B,F7F71204D643D1027D0FF4736F24213619BF6A09C2361C3C11F169797AC98A9C,8EE00E603AA7622051F531FE6427BE9BC382D7D2507FEA27865D18BFBDDC8756,width,Melt-pool width,T0,matern52_no_nugget,"Matérn 5/2, no nugget",Matern,2.5,False,112,sim_00113,113,139.288005,135.82196649911853,3.466038500881467,3.466038500881467,12.013422889592649,5.803561704203091,33.681328454492686,,,5.803561704203091,latent predictive variance; numerical jitter excluded,2.8557498542286317,,2.8557498542286317,124.44698555888047,147.1969474393566,,,True,,"0.769**2 * Matern(length_scale=1.13, nu=2.5)",0.5914580122254528,1.1255916426248307,,,,,,,159.00522,False,1e-06,numerical jitter only; separate from WhiteKernel nugget,240,241,True,False,False,False,True,True,False,"[""P"",""VX"",""LS"",""ST""]",159.6103000416546,37.492403446371476,"[157.92636265139876,0.6159578268390999,6.471869099400873e-05,348.54985261156645]","[52.931866903193466,0.2402185485583657,1.3407724161697407e-05,32.480211907061566]",A64A57A8A77F30399882AE39C8F4AB25A88BDCD669FA29A6C34FA44CBEAC7D44,218.846041052,0.877499363134,5.6186595533e-05,332.098243358,4238411062,fmin_l_bfgs_b,1,-66.66001087544717,0.7003610000247136,0,0,,completed_without_convergence_warning,False,False,,False,,False,,False
phase3b_kernel_noise,Phase 3B,F7F71204D643D1027D0FF4736F24213619BF6A09C2361C3C11F169797AC98A9C,8EE00E603AA7622051F531FE6427BE9BC382D7D2507FEA27865D18BFBDDC8756,width,Melt-pool width,T0,matern52_no_nugget,"Matérn 5/2, no nugget",Matern,2.5,False,113,sim_00114,114,142.81567,148.94620156603918,-6.130531566039167,6.130531566039167,37.58341728220264,13.26768098738222,176.03135878294367,,,13.26768098738222,latent predictive variance; numerical jitter excluded,3.611021661527708,,3.611021661527708,122.94154683077002,174.95085630130833,,,True,,"0.77**2 * Matern(length_scale=1.13, nu=2.5)",0.5932994267520423,1.1284941236884412,,,,,,,159.00522,False,1e-06,numerical jitter only; separate from WhiteKernel nugget,240,241,True,False,False,False,True,True,False,"[""P"",""VX"",""LS"",""ST""]",159.59560143748791,37.49967556027928,"[157.9226857095029,0.6154827317857,6.468210689593582e-05,348.2959070749874]","[52.927604133622864,0.2395872273338665,1.3418971336824764e-05,32.36940070714032]",A80F929B1D9C1A12C1AE5C8B7A428CCEDC7A948484B5BF10CCB7D4FBF74A628F,219.728507107,0.99152217595,6.49667790705e-05,393.045172137,3328707980,fmin_l_bfgs_b,1,-65.82584029556463,1.1462213000049815,0,0,,completed_without_convergence_warning,False,False,,False,,False,,False
phase3b_kernel_noise,Phase 3B,F7F71204D643D1027D0FF4736F24213619BF6A09C2361C3C11F169797AC98A9C,8EE00E603AA7622051F531FE6427BE9BC382D7D2507FEA27865D18BFBDDC8756,width,Melt-pool width,T0,matern52_no_nugget,"Matérn 5/2, no nugget",Matern,2.5,False,114,sim_00115,115,215.19369999999998,217.60829036634996,-2.4145903663499837,2.4145903663499837,5.8302466372701485,7.24455630583871,52.48359606846742,,,7.24455630583871,latent predictive variance; numerical jitter excluded,2.954732379017095,,2.954732379017095,203.40896000690609,231.80762072579384,,,True,,"0.772**2 * Matern(length_scale=1.13, nu=2.5)",0.5961846954364676,1.1251956331394892,,,,,,,159.00522,False,1e-06,numerical jitter only; separate from WhiteKernel nugget,240,241,True,False,False,False,True,True,False,"[""P"",""VX"",""LS"",""ST""]",159.2940263124879,37.342042337922386,"[157.92125354972788,0.6178419297967959,6.465097596508457e-05,348.34292476258736]","[52.925927043295964,0.24048904557686648,1.340960499115265e-05,32.426121357620914]",CB322BAFFECFA2002A09A47AD987A3F2CA202891A4A06B7001EF56FBB762F2B1,220.072225453,0.425314653287,7.24382024748e-05,381.760927113,2031223000,fmin_l_bfgs_b,1,-67.5192720823197,1.2280919999466278,0,0,,completed_without_convergence_warning,False,False,,False,,False,,False
phase3b_kernel_noise,Phase 3B,F7F71204D643D1027D0FF4736F24213619BF6A09C2361C3C11F169797AC98A9C,8EE00E603AA7622051F531FE6427BE9BC382D7D2507FEA27865D18BFBDDC8756,width,Melt-pool width,T0,matern52_no_nugget,"Matérn 5/2, no nugget",Matern,2.5,False,115,sim_00116,116,143.29097,160.16638928053885,-16.875419280538864,16.875419280538864,284.77977589398284,8.461312981254661,71.59381736674864,,,8.461312981254661,latent predictive variance; numerical jitter excluded,5.043300216449258,,5.043300216449258,143.5822158372797,176.750562723798,,,False,,"0.771**2 * Matern(length_scale=1.13, nu=2.5)",0.5939954411109654,1.1332708398198996,,,,,,,159.00522,False,1e-06,numerical jitter only; separate from WhiteKernel nugget,240,241,True,False,False,False,True,True,False,"[""P"",""VX"",""LS"",""ST""]",159.59362102082122,37.50054912163132,"[157.92048679610292,0.6165463889641124,6.470842021292956e-05,348.43877003966657]","[52.92502529748757,0.24068513510575304,1.3413310811649726e-05,32.49069650312566]",BB5D0C1C6EB654532D4A066F73EE8A51AF88F4872E2AA7BE1BCB66887301FAF2,220.256246323,0.736244453131,5.8651582992e-05,358.758060614,3973329395,fmin_l_bfgs_b,1,-64.44712891598354,0.9616571000078693,0,0,,completed_without_convergence_warning,False,False,,False,,False,,False
phase3b_kernel_noise,Phase 3B,F7F71204D643D1027D0FF4736F24213619BF6A09C2361C3C11F169797AC98A9C,8EE00E603AA7622051F531FE6427BE9BC382D7D2507FEA27865D18BFBDDC8756,width,Melt-pool width,T0,matern52_no_nugget,"Matérn 5/2, no nugget",Matern,2.5,False,116,sim_00117,117,163.45689,163.33600264470132,0.12088735529866312,0.12088735529866312,0.014613752671105215,12.345577880033579,152.4132931919744,,,12.345577880033579,latent predictive variance; numerical jitter excluded,3.4322844069646146,,3.4322844069646146,139.1386699998355,187.53333528956713,,,True,,"0.77**2 * Matern(length_scale=1.13, nu=2.5)",0.5935780220821024,1.128743983497111,,,,,,,159.00522,False,1e-06,numerical jitter only; separate from WhiteKernel nugget,240,241,True,False,False,False,True,True,False,"[""P"",""VX"",""LS"",""ST""]",159.50959635415455,37.51438842909296,"[157.91962654034876,0.6156692736766832,6.460988300960039e-05,348.62539267002074]","[52.92401038279717,0.23986235100813175,1.337051029861748e-05,32.42072540944036]",098B4631A80DACE6567C1DF5FCA08E5056B286905B0C8665F4B1777E13390CF9,220.462707704,0.946752122114,8.2300511791e-05,313.968629329,3329370121,fmin_l_bfgs_b,1,-65.9332695995898,1.0643700000364333,0,0,,completed_without_convergence_warning,False,False,,False,,False,,False
phase3b_kernel_noise,Phase 3B,F7F71204D643D1027D0FF4736F24213619BF6A09C2361C3C11F169797AC98A9C,8EE00E603AA7622051F531FE6427BE9BC382D7D2507FEA27865D18BFBDDC8756,width,Melt-pool width,T0,matern52_no_nugget,"Matérn 5/2, no nugget",Matern,2.5,False,117,sim_00118,118,155.22697499999998,182.52684323773923,-27.299868237739247,27.299868237739247,745.2828057979242,8.39596099535374,70.49216103550135,,,8.39596099535374,latent predictive variance; numerical jitter excluded,8.33297073451617,,8.33297073451617,166.0707596868459,198.98292678863257,,,False,,"0.765**2 * Matern(length_scale=1.14, nu=2.5)",0.5845162306502041,1.1385732558336112,,,,,,,159.00522,False,1e-06,numerical jitter only; separate from WhiteKernel nugget,240,241,True,False,False,False,True,True,False,"[""P"",""VX"",""LS"",""ST""]",159.54388766665457,37.51421949724551,"[157.91498721519457,0.6169258931099832,6.464487161567956e-05,348.6061343481041]","[52.91847855423157,0.2408017367991145,1.3405724661988397e-05,32.43992779724178]",C2CFE36097E873F153E3DF62681F4A7533DAEEDACA458AC0B240228287FACE7A,221.576145741,0.645163458122,7.3903246332e-05,318.590626589,1183272810,fmin_l_bfgs_b,1,-61.16348964513722,0.6074356000171974,0,0,,completed_without_convergence_warning,False,False,,False,,False,,False
phase3b_kernel_noise,Phase 3B,F7F71204D643D1027D0FF4736F24213619BF6A09C2361C3C11F169797AC98A9C,8EE00E603AA7622051F531FE6427BE9BC382D7D2507FEA27865D18BFBDDC8756,width,Melt-pool width,T0,matern52_no_nugget,"Matérn 5/2, no nugget",Matern,2.5,False,118,sim_00119,119,211.69135,210.55006620759127,1.1412837924087285,1.1412837924087285,1.3025286948148496,7.321676074769432,53.60694054385111,,,7.321676074769432,latent predictive variance; numerical jitter excluded,2.9219266880421446,,2.9219266880421446,196.19958110104318,224.90055131413936,,,True,,"0.773**2 * Matern(length_scale=1.13, nu=2.5)",0.598214753593802,1.127504301237066,,,,,,,159.00522,False,1e-06,numerical jitter only; separate from WhiteKernel nugget,240,241,True,False,False,False,True,True,False,"[""P"",""VX"",""LS"",""ST""]",159.3086194374879,37.3631945185059,"[157.90827958068624,0.617538552724825,6.46135964494729e-05,348.62882198405816]","[52.91030615832992,0.24068572182868914,1.3375298445859388e-05,32.41701565562989]",1B82BF6FD6B459339D4CA24FEE8DC52329735E78455CA6F58FBB6C6747859486,223.185978023,0.49812515056,8.14092862216e-05,313.14559396,761800008,fmin_l_bfgs_b,1,-67.42961104768767,1.09053040004801,0,0,,completed_without_convergence_warning,False,False,,False,,False,,False
phase3b_kernel_noise,Phase 3B,F7F71204D643D1027D0FF4736F24213619BF6A09C2361C3C11F169797AC98A9C,8EE00E603AA7622051F531FE6427BE9BC382D7D2507FEA27865D18BFBDDC8756,width,Melt-pool width,T0,matern52_no_nugget,"Matérn 5/2, no nugget",Matern,2.5,False,119,sim_00120,120,155.399235,138.99279891195053,16.406436088049475,16.406436088049475,269.17114511125214,3.593842911032492,12.915706869178496,,,3.593842911032492,latent predictive variance; numerical jitter excluded,12.618463110193392,,12.618463110193392,131.94886680632683,146.03673101757423,,,False,,"0.772**2 * Matern(length_scale=1.16, nu=2.5)",0.5957578851544674,1.1640290135033475,,,,,,,159.00522,False,1e-06,numerical jitter only; separate from WhiteKernel nugget,240,241,True,False,False,False,True,True,False,"[""P"",""VX"",""LS"",""ST""]",159.5431699166546,37.51430043677835,"[157.89890638150706,0.6160085852386167,6.467591429212706e-05,348.41580891664154]","[52.89854064646153,0.2402725140648063,1.3418495596158836e-05,32.4814472566002]",8B3276AA7DB0F49286BE8BE7A8E0B00BC42BC98C882B0E7B400334488DE6EC3B,225.435545826,0.86531734725,6.64530039846e-05,364.26873014,1212817678,fmin_l_bfgs_b,1,-57.32906746175817,1.513937600015197,0,0,,completed_without_convergence_warning,False,False,,False,,False,,False
phase3b_kernel_noise,Phase 3B,F7F71204D643D1027D0FF4736F24213619BF6A09C2361C3C11F169797AC98A9C,8EE00E603AA7622051F531FE6427BE9BC382D7D2507FEA27865D18BFBDDC8756,width,Melt-pool width,T0,matern52_no_nugget,"Matérn 5/2, no nugget",Matern,2.5,False,120,sim_00121,121,131.18576,132.3244205522236,-1.1386605522235982,1.1386605522235982,1.2965478531901495,7.028276421034165,49.396669450464806,,,7.028276421034165,latent predictive variance; numerical jitter excluded,2.8820038729389332,,2.8820038729389332,118.54899876699662,146.09984233745055,,,True,,"0.771**2 * Matern(length_scale=1.13, nu=2.5)",0.5938875875503015,1.1271992687375791,,,,,,,159.00522,False,1e-06,numerical jitter only; separate from WhiteKernel nugget,240,241,True,False,False,False,True,True,False,"[""P"",""VX"",""LS"",""ST""]",159.64405939582124,37.470435209928006,"[157.89496935620292,0.6156771961821332,6.473277390803457e-05,348.5611668858332]","[52.89347861568465,0.23987325469060142,1.3396975647579257e-05,32.47400557990732]",14144643245EEFDB8124FE74720CDC4E71956A893849DCF8E1A01E6B768B00A4,226.380431899,0.944850720806,5.28066961668e-05,329.382817534,143854582,fmin_l_bfgs_b,1,-66.77375088167125,0.806418800028041,0,0,,completed_without_convergence_warning,False,False,,False,,False,,False
phase3b_kernel_noise,Phase 3B,F7F71204D643D1027D0FF4736F24213619BF6A09C2361C3C11F169797AC98A9C,8EE00E603AA7622051F531FE6427BE9BC382D7D2507FEA27865D18BFBDDC8756,width,Melt-pool width,T0,matern52_no_nugget,"Matérn 5/2, no nugget",Matern,2.5,False,121,sim_00122,122,242.10655,230.57721195612734,11.529338043872656,11.529338043872656,132.92563572988936,9.5724134523321,91.63109930238855,,,9.5724134523321,latent predictive variance; numerical jitter excluded,3.903154252112629,,3.903154252112629,211.81528158955643,249.33914232269825,,,True,,"0.772**2 * Matern(length_scale=1.12, nu=2.5)",0.596140642934954,1.1231875831337361,,,,,,,159.00522,False,1e-06,numerical jitter only; separate from WhiteKernel nugget,240,241,True,False,False,False,True,True,False,"[""P"",""VX"",""LS"",""ST""]",159.1818894374879,37.1330149456038,"[157.8891103660654,0.6183439308124082,6.46470032158629e-05,348.4366805563332]","[52.88581374789672,0.23996030933479026,1.3407155887180843e-05,32.49001666812753]",6CC53C349B32F9E1F0A3CCA59479183CA4C289173D35BF73A8EDA5019AF12F53,227.786589532,0.30483440954,7.3391662288e-05,359.259536614,3882808711,fmin_l_bfgs_b,1,-67.91834431482746,0.8308428000309505,0,0,,completed_without_convergence_warning,False,False,,False,,False,,False
phase3b_kernel_noise,Phase 3B,F7F71204D643D1027D0FF4736F24213619BF6A09C2361C3C11F169797AC98A9C,8EE00E603AA7622051F531FE6427BE9BC382D7D2507FEA27865D18BFBDDC8756,width,Melt-pool width,T0,matern52_no_nugget,"Matérn 5/2, no nugget",Matern,2.5,False,122,sim_00123,123,218.61185,213.6483591538892,4.963490846110801,4.963490846110801,24.636241379425716,8.902273269025239,79.25046935640131,,,8.902273269025239,latent predictive variance; numerical jitter excluded,3.260677979821207,,3.260677979821207,196.19990354659973,231.09681476117868,,,True,,"0.776**2 * Matern(length_scale=1.13, nu=2.5)",0.6023007166604257,1.1304576904821737,,,,,,,159.00522,False,1e-06,numerical jitter only; separate from WhiteKernel nugget,240,241,True,False,False,False,True,True,False,"[""P"",""VX"",""LS"",""ST""]",159.27978402082124,37.32006111894241,"[157.88810479896955,0.61750901064385,6.460001171371372e-05,348.33103937082495]","[52.884482401514994,0.2406999414290819,1.3356564047123546e-05,32.413344935812276]",A63846E081B32A935ADADA851B72F5DA9818B8586DF467F9A395FE4CC4746F06,228.027925635,0.505215249994,8.46696228038e-05,384.613421136,553117638,fmin_l_bfgs_b,1,-67.37512563855873,1.2600586999906227,0,0,,completed_without_convergence_warning,False,False,,False,,False,,False
phase3b_kernel_noise,Phase 3B,F7F71204D643D1027D0FF4736F24213619BF6A09C2361C3C11F169797AC98A9C,8EE00E603AA7622051F531FE6427BE9BC382D7D2507FEA27865D18BFBDDC8756,width,Melt-pool width,T0,matern52_no_nugget,"Matérn 5/2, no nugget",Matern,2.5,False,123,sim_00124,124,188.76015,194.62134817813092,-5.8611981781309055,5.8611981781309055,34.353644083325044,8.8712156690797,78.69846744732519,,,8.8712156690797,latent predictive variance; numerical jitter excluded,3.3200115753973147,,3.3200115753973147,177.2337654667347,212.00893088952714,,,True,,"0.771**2 * Matern(length_scale=1.13, nu=2.5)",0.594319416033749,1.1267005420984781,,,,,,,159.00522,False,1e-06,numerical jitter only; separate from WhiteKernel nugget,240,241,True,False,False,False,True,True,False,"[""P"",""VX"",""LS"",""ST""]",159.40416610415457,37.46756152102541,"[157.88422322531957,0.6176123895144708,6.46994824886379e-05,348.5331124847124]","[52.87929975010478,0.24064635585574798,1.3416628631276965e-05,32.48765047990072]",63FA027DD7977E38D59C05D6525D78FE01A61AF084DA0692109EFD7EF0790462,228.959503311,0.480404321045,6.0796636822e-05,336.115873803,3806638663,fmin_l_bfgs_b,1,-66.3661105718096,1.0515285999863409,1,1,"ConvergenceWarning: lbfgs failed to converge after 9 iteration(s) (status=2):
ABNORMAL: 

You might also want to scale the data as shown in:
    https://scikit-learn.org/stable/modules/preprocessing.html",completed_with_convergence_warning,False,False,,False,,False,,False
phase3b_kernel_noise,Phase 3B,F7F71204D643D1027D0FF4736F24213619BF6A09C2361C3C11F169797AC98A9C,8EE00E603AA7622051F531FE6427BE9BC382D7D2507FEA27865D18BFBDDC8756,width,Melt-pool width,T0,matern52_no_nugget,"Matérn 5/2, no nugget",Matern,2.5,False,124,sim_00125,125,199.27132,201.09176095221358,-1.8204409522135734,1.8204409522135734,3.3140052604962618,9.615298409928965,92.45396351198248,,,9.615298409928965,latent predictive variance; numerical jitter excluded,3.2002164094480925,,3.2002164094480925,182.2457760687528,219.93774583567435,,,True,,"0.772**2 * Matern(length_scale=1.13, nu=2.5)",0.5955348458080554,1.1265253731571643,,,,,,,159.00522,False,1e-06,numerical jitter only; separate from WhiteKernel nugget,240,241,True,False,False,False,True,True,False,"[""P"",""VX"",""LS"",""ST""]",159.3603695624879,37.42705591088044,"[157.8824524662154,0.6180534639829874,6.471867985544456e-05,348.49190580735404]","[52.87691246646483,0.24029720115595446,1.3407731248680728e-05,32.497100860659444]",7A7012B1861E6DA48351405F2FCF946649E95E745ED04A32B547EFFF4BD7B6B7,229.384485496,0.374546448601,5.61892687884e-05,346.005476369,3141329855,fmin_l_bfgs_b,1,-66.74001292086669,2.4049279000028037,0,0,,completed_without_convergence_warning,False,False,,False,,False,,False
phase3b_kernel_noise,Phase 3B,F7F71204D643D1027D0FF4736F24213619BF6A09C2361C3C11F169797AC98A9C,8EE00E603AA7622051F531FE6427BE9BC382D7D2507FEA27865D18BFBDDC8756,width,Melt-pool width,T0,matern52_no_nugget,"Matérn 5/2, no nugget",Matern,2.5,False,125,sim_00126,126,198.7218,191.44853456749286,7.273265432507145,7.273265432507145,52.90039005170335,10.696105836857337,114.40668007325358,,,10.696105836857337,latent predictive variance; numerical jitter excluded,3.5200127664605656,,3.5200127664605656,170.48416712725248,212.41290200773324,,,True,,"0.772**2 * Matern(length_scale=1.13, nu=2.5)",0.5958064769499162,1.1275154367833191,,,,,,,159.00522,False,1e-06,numerical jitter only; separate from WhiteKernel nugget,240,241,True,False,False,False,True,True,False,"[""P"",""VX"",""LS"",""ST""]",159.36265922915456,37.429480576701486,"[157.88240314778207,0.6176204729910417,6.467231846692372e-05,348.62692111633737]","[52.87684577074829,0.24064171417830416,1.3417903254094184e-05,32.419082822591946]",3517C712130A23A0DF044AD35DA63F4ED2AAACDFEF8CD32D0B3AAC81C9A56C43,229.39632192,0.478464286668,6.73160020334e-05,313.601802213,1759709822,fmin_l_bfgs_b,1,-66.40061865162829,1.740523399959784,0,0,,completed_without_convergence_warning,False,False,,False,,False,,False
phase3b_kernel_noise,Phase 3B,F7F71204D643D1027D0FF4736F24213619BF6A09C2361C3C11F169797AC98A9C,8EE00E603AA7622051F531FE6427BE9BC382D7D2507FEA27865D18BFBDDC8756,width,Melt-pool width,T0,matern52_no_nugget,"Matérn 5/2, no nugget",Matern,2.5,False,126,sim_00127,127,139.47870999999998,156.8199856818992,-17.34127568189922,17.34127568189922,300.7198422756292,3.225012283610435,10.400704229438194,,,3.225012283610435,latent predictive variance; numerical jitter excluded,16.54658109039471,,16.54658109039471,150.49896160602273,163.14100975777566,,,False,,"0.772**2 * Matern(length_scale=1.18, nu=2.5)",0.5964765417918342,1.1769791249825807,,,,,,,159.00522,False,1e-06,numerical jitter only; separate from WhiteKernel nugget,240,241,True,False,False,False,True,True,False,"[""P"",""VX"",""LS"",""ST""]",159.6095054374879,37.49283212001645,"[157.88224688434042,0.615960082790729,6.467056109237081e-05,348.43817768473315]","[52.876634374329726,0.24022100219396322,1.341752926420278e-05,32.49050706482941]",80691B2A0FD129BC2ECD9C39EE5B4DB756657893EA4DBD4A796A98985FD6CF43,229.433825146,0.876957934743,6.77377719261e-05,358.900225798,2089268732,fmin_l_bfgs_b,1,-54.050469082935734,1.6853432999923825,0,0,,completed_without_convergence_warning,False,False,,False,,False,,False
phase3b_kernel_noise,Phase 3B,F7F71204D643D1027D0FF4736F24213619BF6A09C2361C3C11F169797AC98A9C,8EE00E603AA7622051F531FE6427BE9BC382D7D2507FEA27865D18BFBDDC8756,width,Melt-pool width,T0,matern52_no_nugget,"Matérn 5/2, no nugget",Matern,2.5,False,127,sim_00128,128,159.3032399999,159.40191407454614,-0.09867407464614075,0.09867407464614075,0.009736573007272157,4.056734170862136,16.4570921330405,,,4.056734170862136,latent predictive variance; numerical jitter excluded,2.319612608640628,,2.319612608640628,151.45071509965635,167.35311304943593,,,True,,"0.769**2 * Matern(length_scale=1.13, nu=2.5)",0.5913638138072174,1.12525611053337,,,,,,,159.00522,False,1e-06,numerical jitter only; separate from WhiteKernel nugget,240,241,True,False,False,False,True,True,False,"[""P"",""VX"",""LS"",""ST""]",159.52690322915498,37.51524734844529,"[157.87042019278624,0.6161581808971249,6.466605036146747e-05,348.52625478344993]","[52.86030946789225,0.24041646933261626,1.3416315339066364e-05,32.49009706613558]",83DE6AD261DEC9A671526694242B5CF25CE768AD2C690F9BF54D57D734C94B07,232.272231119,0.829414389208,6.88203473429e-05,337.761722106,3312968342,fmin_l_bfgs_b,1,-67.06247956404766,1.3926050000009127,0,0,,completed_without_convergence_warning,False,False,,False,,False,,False
phase3b_kernel_noise,Phase 3B,F7F71204D643D1027D0FF4736F24213619BF6A09C2361C3C11F169797AC98A9C,8EE00E603AA7622051F531FE6427BE9BC382D7D2507FEA27865D18BFBDDC8756,width,Melt-pool width,T0,matern52_no_nugget,"Matérn 5/2, no nugget",Matern,2.5,False,128,sim_00129,129,167.1710399999,172.45998290279073,-5.288942902890739,5.288942902890739,27.972917030038314,11.210747352267603,125.68085619637507,,,11.210747352267603,latent predictive variance; numerical jitter excluded,3.4470969490954144,,3.4470969490954144,150.48691809234623,194.43304771323523,,,True,,"0.771**2 * Matern(length_scale=1.13, nu=2.5)",0.5938418165562592,1.127351321777785,,,,,,,159.00522,False,1e-06,numerical jitter only; separate from WhiteKernel nugget,240,241,True,False,False,False,True,True,False,"[""P"",""VX"",""LS"",""ST""]",159.494120729155,37.51199071295539,"[157.8626932272904,0.6167512585689999,6.469566822842164e-05,348.3560911085541]","[52.8492963760602,0.24076599449744004,1.3417607482688316e-05,32.43904367066864]",01ACC1551073B253CCACFAFE08E68075319A7D071BED47B20C2796A753A060BF,234.126702838,0.687075747958,6.17120592739e-05,378.601004081,4198405820,fmin_l_bfgs_b,1,-65.95774903236568,0.5683298000367358,0,0,,completed_without_convergence_warning,False,False,,False,,False,,False
phase3b_kernel_noise,Phase 3B,F7F71204D643D1027D0FF4736F24213619BF6A09C2361C3C11F169797AC98A9C,8EE00E603AA7622051F531FE6427BE9BC382D7D2507FEA27865D18BFBDDC8756,width,Melt-pool width,T0,matern52_no_nugget,"Matérn 5/2, no nugget",Matern,2.5,False,129,sim_00130,130,163.26638,151.06501788720234,12.201362112797653,12.201362112797653,148.87323740761403,5.443615937396075,29.632954473872548,,,5.443615937396075,latent predictive variance; numerical jitter excluded,5.1253360737550455,,5.1253360737550455,140.39553064990605,161.73450512449864,,,False,,"0.771**2 * Matern(length_scale=1.14, nu=2.5)",0.5936715258490911,1.1358134826927933,,,,,,,159.00522,False,1e-06,numerical jitter only; separate from WhiteKernel nugget,240,241,True,False,False,False,True,True,False,"[""P"",""VX"",""LS"",""ST""]",159.51039014582122,37.51446992843044,"[157.8517051147779,0.6162799428811542,6.467008606033331e-05,348.4502857359123]","[52.83316226009509,0.2405170236450215,1.3417418646146294e-05,32.493861998476135]",9929CD9EBA2AC858483589FA71675B8972A7F8DEF02932FCB05FE01F792B01A5,236.763849841,0.800191513041,6.78517796151e-05,355.994293515,1554543397,fmin_l_bfgs_b,1,-64.2934842807654,0.6684277000022121,0,0,,completed_without_convergence_warning,False,False,,False,,False,,False
phase3b_kernel_noise,Phase 3B,F7F71204D643D1027D0FF4736F24213619BF6A09C2361C3C11F169797AC98A9C,8EE00E603AA7622051F531FE6427BE9BC382D7D2507FEA27865D18BFBDDC8756,width,Melt-pool width,T0,matern52_no_nugget,"Matérn 5/2, no nugget",Matern,2.5,False,130,sim_00131,131,124.967325,124.84613609283018,0.12118890716982378,0.12118890716982378,0.014686751221016165,14.984975695656523,224.5494965994167,,,14.984975695656523,latent predictive variance; numerical jitter excluded,3.626019314764017,,3.626019314764017,95.4755837293434,154.21668845631697,,,True,,"0.772**2 * Matern(length_scale=1.13, nu=2.5)",0.5964562568907803,1.1293117809411608,,,,,,,159.00522,False,1e-06,numerical jitter only; separate from WhiteKernel nugget,240,241,True,False,False,False,True,True,False,"[""P"",""VX"",""LS"",""ST""]",159.66996954165458,37.44859150292601,"[157.8504653620279,0.6157070432067457,6.475518212734623e-05,348.385585241029]","[52.83130701478844,0.23991376226225328,1.3372488895197451e-05,32.463302394848796]",235F7400628AF04EAB633EA94F23975C93BA3188E6DE3276F97BB092E219EB45,237.061390501,0.937687434899,4.7428723532e-05,371.522412287,3025435510,fmin_l_bfgs_b,1,-66.1837026513289,1.7058967999764718,0,0,,completed_without_convergence_warning,False,False,,False,,False,,False
phase3b_kernel_noise,Phase 3B,F7F71204D643D1027D0FF4736F24213619BF6A09C2361C3C11F169797AC98A9C,8EE00E603AA7622051F531FE6427BE9BC382D7D2507FEA27865D18BFBDDC8756,width,Melt-pool width,T0,matern52_no_nugget,"Matérn 5/2, no nugget",Matern,2.5,False,131,sim_00132,132,147.02188999999998,149.58803546455744,-2.566145464557451,2.566145464557451,6.585102545268775,10.453387729808002,109.27331502970048,,,10.453387729808002,latent predictive variance; numerical jitter excluded,3.295995982510042,,3.295995982510042,129.09939551413376,170.0766754149811,,,True,,"0.771**2 * Matern(length_scale=1.13, nu=2.5)",0.5937106614466818,1.1279352324474632,,,,,,,159.00522,False,1e-06,numerical jitter only; separate from WhiteKernel nugget,240,241,True,False,False,False,True,True,False,"[""P"",""VX"",""LS"",""ST""]",159.57807552082122,37.506530224313494,"[157.84932652856122,0.6159541787505541,6.470967408206247e-05,348.34069488901656]","[52.82959655555723,0.24021456993854817,1.3412730485258777e-05,32.42380471390868]",D80DD5D734A97984E78C8FB7256B1EF6CB4EF9B3029058C927937BABAC4A15B8,237.334710533,0.878374904385,5.83506544001e-05,382.29609677,889834577,fmin_l_bfgs_b,1,-66.13414919189381,1.0128720999928191,0,0,,completed_without_convergence_warning,False,False,,False,,False,,False
phase3b_kernel_noise,Phase 3B,F7F71204D643D1027D0FF4736F24213619BF6A09C2361C3C11F169797AC98A9C,8EE00E603AA7622051F531FE6427BE9BC382D7D2507FEA27865D18BFBDDC8756,width,Melt-pool width,T0,matern52_no_nugget,"Matérn 5/2, no nugget",Matern,2.5,False,132,sim_00133,133,226.0442,184.76215743083233,41.28204256916766,41.28204256916766,1704.2070386825706,14.594210775545296,212.99098816104242,,,14.594210775545296,latent predictive variance; numerical jitter excluded,7.6002187314936815,,7.6002187314936815,156.15750431076356,213.3668105509011,,,False,,"0.764**2 * Matern(length_scale=1.13, nu=2.5)",0.5836031861479647,1.129960193121014,,,,,,,159.00522,False,1e-06,numerical jitter only; separate from WhiteKernel nugget,240,241,True,False,False,False,True,True,False,"[""P"",""VX"",""LS"",""ST""]",159.24881589582122,37.26769420398162,"[157.84522414451123,0.6185559064246375,6.470608444312622e-05,348.333058551954]","[52.823385513966436,0.23966061065290242,1.341431648769812e-05,32.41558990285128]",4E762C49C3A40E44144B18E4A397F966EACE37ACD2431CEA65D210B4DE788A99,238.319282705,0.253960262605,5.92121677448e-05,384.128817665,3912845289,fmin_l_bfgs_b,1,-63.390570537144214,1.0906860000104643,0,0,,completed_without_convergence_warning,False,False,,False,,False,,False
phase3b_kernel_noise,Phase 3B,F7F71204D643D1027D0FF4736F24213619BF6A09C2361C3C11F169797AC98A9C,8EE00E603AA7622051F531FE6427BE9BC382D7D2507FEA27865D18BFBDDC8756,width,Melt-pool width,T0,matern52_no_nugget,"Matérn 5/2, no nugget",Matern,2.5,False,133,sim_00134,134,164.321395,159.69353110299858,4.6278638970014185,4.6278638970014185,21.417124249169156,9.198932719954628,84.62036318625186,,,9.198932719954628,latent predictive variance; numerical jitter excluded,3.264574290224567,,3.264574290224567,141.6636229718875,177.72343923410966,,,True,,"0.769**2 * Matern(length_scale=1.13, nu=2.5)",0.5917554827744138,1.125627475325908,,,,,,,159.00522,False,1e-06,numerical jitter only; separate from WhiteKernel nugget,240,241,True,False,False,False,True,True,False,"[""P"",""VX"",""LS"",""ST""]",159.5059942499879,37.5139677329774,"[157.84418423904876,0.6167293726961791,6.47006518829933e-05,348.50072410332484]","[52.82179877392225,0.24075936211027185,1.341627617242483e-05,32.496137793307305]",CCA14BD8FF4E8EB56BC6A5296F427A05D6475A57C15BBD15D5A76D25B2F17774,238.568860016,0.692328357435,6.05159821767e-05,343.889085336,2865027233,fmin_l_bfgs_b,1,-66.13897078588607,1.1586111999931745,0,0,,completed_without_convergence_warning,False,False,,False,,False,,False
phase3b_kernel_noise,Phase 3B,F7F71204D643D1027D0FF4736F24213619BF6A09C2361C3C11F169797AC98A9C,8EE00E603AA7622051F531FE6427BE9BC382D7D2507FEA27865D18BFBDDC8756,width,Melt-pool width,T0,matern52_no_nugget,"Matérn 5/2, no nugget",Matern,2.5,False,134,sim_00135,135,219.447,217.37687104040296,2.0701289595970422,2.0701289595970422,4.285433909362332,8.993104907043508,80.87593586909001,,,8.993104907043508,latent predictive variance; numerical jitter excluded,3.1418905707183873,,3.1418905707183873,199.75038542259767,235.00335665820825,,,True,,"0.774**2 * Matern(length_scale=1.13, nu=2.5)",0.5984189652395921,1.1269915676563445,,,,,,,159.00522,False,1e-06,numerical jitter only; separate from WhiteKernel nugget,240,241,True,False,False,False,True,True,False,"[""P"",""VX"",""LS"",""ST""]",159.27630422915456,37.314489373527756,"[157.8375928094029,0.6176790026441333,6.46249762399658e-05,348.633418333404]","[52.81162535802992,0.2406061501239327,1.3388415214884828e-05,32.41190562007332]",ED53AE6B77D8E785D7BEDB85B4C5E2A8A612B4B6362C799150175897C53C0428,240.150803131,0.464417169926,7.86781365033e-05,312.042470117,3010994213,fmin_l_bfgs_b,1,-67.52999688676945,0.6714984000427648,0,0,,completed_without_convergence_warning,False,False,,False,,False,,False
phase3b_kernel_noise,Phase 3B,F7F71204D643D1027D0FF4736F24213619BF6A09C2361C3C11F169797AC98A9C,8EE00E603AA7622051F531FE6427BE9BC382D7D2507FEA27865D18BFBDDC8756,width,Melt-pool width,T0,matern52_no_nugget,"Matérn 5/2, no nugget",Matern,2.5,False,135,sim_00137,137,173.80563,174.29816510107864,-0.4925351010786301,0.4925351010786301,0.24259082579453634,11.36303817682436,129.11863660796786,,,11.36303817682436,latent predictive variance; numerical jitter excluded,3.3502437664604345,,3.3502437664604345,152.0266102745029,196.56971992765438,,,True,,"0.77**2 * Matern(length_scale=1.13, nu=2.5)",0.5932945745024131,1.1264259583075158,,,,,,,159.00522,False,1e-06,numerical jitter only; separate from WhiteKernel nugget,240,241,True,False,False,False,True,True,False,"[""P"",""VX"",""LS"",""ST""]",159.46647660415456,37.50387756198067,"[157.82181743302374,0.6173410896704999,6.471570059460873e-05,348.43325173402076]","[52.78646373216179,0.2407641567445189,1.3409546629275481e-05,32.48883085616228]",E2B112F6FFA52709C4FF18E1FBDF4D5A41881D44A84AE3E339E58B5BBFB3208C,243.936893462,0.545516283598,5.6904291389e-05,360.082453969,1860813613,fmin_l_bfgs_b,1,-66.12269628801798,0.7405166000244208,0,0,,completed_without_convergence_warning,False,False,,False,,False,,False
phase3b_kernel_noise,Phase 3B,F7F71204D643D1027D0FF4736F24213619BF6A09C2361C3C11F169797AC98A9C,8EE00E603AA7622051F531FE6427BE9BC382D7D2507FEA27865D18BFBDDC8756,width,Melt-pool width,T0,matern52_no_nugget,"Matérn 5/2, no nugget",Matern,2.5,False,136,sim_00138,138,185.77884999999998,177.19778884323958,8.581061156760398,8.581061156760398,73.6346105760621,10.360675980756524,107.34360677822515,,,10.360675980756524,latent predictive variance; numerical jitter excluded,3.599941560291116,,3.599941560291116,156.8908639209568,197.50471376552235,,,True,,"0.77**2 * Matern(length_scale=1.13, nu=2.5)",0.5927449258073823,1.1276557221356756,,,,,,,159.00522,False,1e-06,numerical jitter only; separate from WhiteKernel nugget,240,241,True,False,False,False,True,True,False,"[""P"",""VX"",""LS"",""ST""]",159.4165881874879,37.47679686183439,"[157.82010928987376,0.6167295017403999,6.462474168979415e-05,348.6302739147749]","[52.78367035754422,0.24075940262211132,1.3388168521703534e-05,32.41541851630467]",E2B03A61A9D031D8088053FE7082468F89453CCA8E880C404963EB35BE9ED12C,244.346847818,0.692297386822,7.87344285445e-05,312.797130588,1432472684,fmin_l_bfgs_b,1,-66.04026657622146,0.5403853000025265,0,0,,completed_without_convergence_warning,False,False,,False,,False,,False
phase3b_kernel_noise,Phase 3B,F7F71204D643D1027D0FF4736F24213619BF6A09C2361C3C11F169797AC98A9C,8EE00E603AA7622051F531FE6427BE9BC382D7D2507FEA27865D18BFBDDC8756,width,Melt-pool width,T0,matern52_no_nugget,"Matérn 5/2, no nugget",Matern,2.5,False,137,sim_00139,139,227.0067,215.01144600090387,11.995253999096121,11.995253999096121,143.8861185028315,12.821790987482002,164.39832412667468,,,12.821790987482002,latent predictive variance; numerical jitter excluded,3.9076989879988746,,3.9076989879988746,189.88073566543915,240.1421563363686,,,True,,"0.771**2 * Matern(length_scale=1.12, nu=2.5)",0.5939421775134027,1.1242844849223594,,,,,,,159.00522,False,1e-06,numerical jitter only; separate from WhiteKernel nugget,240,241,True,False,False,False,True,True,False,"[""P"",""VX"",""LS"",""ST""]",159.24480547915456,37.2604535738451,"[157.81956906362376,0.6175504495757834,6.458864492575164e-05,348.53191508414574]","[52.782784106642495,0.24067974841135045,1.3338306151273549e-05,32.48810282216162]",7192BEEF801210F9D85E60D8195F539818643E1CAB02C7D84892AD3EE0CBC41E,244.476502118,0.49526990633,8.73976519147e-05,336.403249939,2181864917,fmin_l_bfgs_b,1,-67.13932488204239,0.6575275999493897,0,0,,completed_without_convergence_warning,False,False,,False,,False,,False
phase3b_kernel_noise,Phase 3B,F7F71204D643D1027D0FF4736F24213619BF6A09C2361C3C11F169797AC98A9C,8EE00E603AA7622051F531FE6427BE9BC382D7D2507FEA27865D18BFBDDC8756,width,Melt-pool width,T0,matern52_no_nugget,"Matérn 5/2, no nugget",Matern,2.5,False,138,sim_00140,140,183.102185,187.06609006367603,-3.9639050636760373,3.9639050636760373,15.71254335383653,12.740935734047376,162.33144337912535,,,12.740935734047376,latent predictive variance; numerical jitter excluded,3.5121551167042653,,3.5121551167042653,162.09385602494316,212.0383241024089,,,True,,"0.771**2 * Matern(length_scale=1.13, nu=2.5)",0.5948528988853179,1.1278137876678165,,,,,,,159.00522,False,1e-06,numerical jitter only; separate from WhiteKernel nugget,240,241,True,False,False,False,True,True,False,"[""P"",""VX"",""LS"",""ST""]",159.42774095832127,37.48424136803153,"[157.81175638674458,0.6166519940923375,6.463255855128998e-05,348.3967824512915]","[52.769816587469016,0.24073206678985454,1.3395854485635492e-05,32.47081647005691]",E01DE1656344FCCEB260D019D0DBE31E21F3F0BC82A8D58A973A5EE6A1735446,246.351544569,0.710899222357,7.68583817855e-05,368.835081824,1006963039,fmin_l_bfgs_b,1,-66.08753848137926,0.8482662999886088,0,0,,completed_without_convergence_warning,False,False,,False,,False,,False
phase3b_kernel_noise,Phase 3B,F7F71204D643D1027D0FF4736F24213619BF6A09C2361C3C11F169797AC98A9C,8EE00E603AA7622051F531FE6427BE9BC382D7D2507FEA27865D18BFBDDC8756,width,Melt-pool width,T0,matern52_no_nugget,"Matérn 5/2, no nugget",Matern,2.5,False,139,sim_00141,141,159.94629,152.5585965175191,7.387693482480898,7.387693482480898,54.57801499109075,14.910810123466042,222.3322585380574,,,14.910810123466042,latent predictive variance; numerical jitter excluded,3.743764752233467,,3.743764752233467,123.33340867552566,181.78378435951254,,,True,,"0.773**2 * Matern(length_scale=1.13, nu=2.5)",0.5968147572978912,1.1319454289669362,,,,,,,159.00522,False,1e-06,numerical jitter only; separate from WhiteKernel nugget,240,241,True,False,False,False,True,True,False,"[""P"",""VX"",""LS"",""ST""]",159.52422385415457,37.51524026338118,"[157.80770171521957,0.6155391665590833,6.461343659059415e-05,348.5022857377957]","[52.762975475537125,0.23967418581524402,1.3375097475413684e-05,32.495907132533596]",33FDC38E7CE28704D56B7BD1C20557C76BA1A8A439C90769D71B74266B09AEDD,247.324665735,0.977977830338,8.14476523525e-05,343.514293063,2839086114,fmin_l_bfgs_b,1,-65.64275444268702,0.7738643999909982,0,0,,completed_without_convergence_warning,False,False,,False,,False,,False
phase3b_kernel_noise,Phase 3B,F7F71204D643D1027D0FF4736F24213619BF6A09C2361C3C11F169797AC98A9C,8EE00E603AA7622051F531FE6427BE9BC382D7D2507FEA27865D18BFBDDC8756,width,Melt-pool width,T0,matern52_no_nugget,"Matérn 5/2, no nugget",Matern,2.5,False,140,sim_00142,142,130.51316999999997,136.06342195715865,-5.550251957158679,5.550251957158679,30.805296787943746,11.170067274472562,124.77040291624287,,,11.170067274472562,latent predictive variance; numerical jitter excluded,3.455624102485309,,3.455624102485309,114.17009009919244,157.95675381512487,,,True,,"0.771**2 * Matern(length_scale=1.13, nu=2.5)",0.5943548433274088,1.1282822771820995,,,,,,,159.00522,False,1e-06,numerical jitter only; separate from WhiteKernel nugget,240,241,True,False,False,False,True,True,False,"[""P"",""VX"",""LS"",""ST""]",159.64686185415457,37.468281461332076,"[157.8019915844029,0.6159142524228416,6.474263494126581e-05,348.5449722983249]","[52.75321237549676,0.24017014893211627,1.3387319177851577e-05,32.48259539404725]",E98884AB106675C65E88BA824ECCD8B9FC8A49F7B4FA6FD660AD322C66D3BA37,248.695097131,0.887957223036,5.04400481913e-05,333.269518536,2343594867,fmin_l_bfgs_b,1,-66.2428977066082,1.0686981999897398,0,0,,completed_without_convergence_warning,False,False,,False,,False,,False
phase3b_kernel_noise,Phase 3B,F7F71204D643D1027D0FF4736F24213619BF6A09C2361C3C11F169797AC98A9C,8EE00E603AA7622051F531FE6427BE9BC382D7D2507FEA27865D18BFBDDC8756,width,Melt-pool width,T0,matern52_no_nugget,"Matérn 5/2, no nugget",Matern,2.5,False,141,sim_00143,143,94.39849,93.90678164162372,0.4917083583762718,0.4917083583762718,0.24177710969708816,5.4867907674689755,30.10487292598279,,,5.4867907674689755,latent predictive variance; numerical jitter excluded,2.6252976391156886,,2.6252976391156886,83.15267173738454,104.66089154586291,,,True,,"0.775**2 * Matern(length_scale=1.13, nu=2.5)",0.6013934587241172,1.1298769219779126,,,,,,,159.00522,False,1e-06,numerical jitter only; separate from WhiteKernel nugget,240,241,True,False,False,False,True,True,False,"[""P"",""VX"",""LS"",""ST""]",159.7973396874879,37.277970218815845,"[158.61928538036832,0.6169760326095124,6.476530180872956e-05,348.6835952922249]","[52.63547846806576,0.2408063583329907,1.33584468578852e-05,32.34583139550507]",2379C70074348138FD30D39C7FF759434870ED86FBA60E6D8FBEE75F293876BE,52.5445860993,0.633129978235,4.5e-05,300.0,1408563328,fmin_l_bfgs_b,1,-68.32156787023925,1.063775800052099,0,0,,completed_without_convergence_warning,False,False,,False,,False,,False
phase3b_kernel_noise,Phase 3B,F7F71204D643D1027D0FF4736F24213619BF6A09C2361C3C11F169797AC98A9C,8EE00E603AA7622051F531FE6427BE9BC382D7D2507FEA27865D18BFBDDC8756,width,Melt-pool width,T0,matern52_no_nugget,"Matérn 5/2, no nugget",Matern,2.5,False,142,sim_00144,144,111.94405,115.2869388866753,-3.342888886675297,3.342888886675297,11.174906108657208,6.610471904344914,43.69833879813348,,,6.610471904344914,latent predictive variance; numerical jitter excluded,2.9354577752360527,,2.9354577752360527,102.33041395415927,128.24346381919133,,,True,,"0.771**2 * Matern(length_scale=1.13, nu=2.5)",0.5938361070401796,1.1279933471130483,,,,,,,159.00522,False,1e-06,numerical jitter only; separate from WhiteKernel nugget,240,241,True,False,False,False,True,True,False,"[""P"",""VX"",""LS"",""ST""]",159.7242331874879,37.38878423540669,"[158.6155020598858,0.6179716076070166,6.476530180872956e-05,348.6835952922249]","[52.6430695644764,0.24037677773573574,1.33584468578852e-05,32.34583139550507]",EFEF0AA06E1E9DCD88134055C17618A6631DA03F86E31B2F7C1212D495B897D6,53.4525830151,0.394191978834,4.5e-05,300.0,52282417,fmin_l_bfgs_b,1,-67.28566779590383,0.5831532999873161,0,0,,completed_without_convergence_warning,False,False,,False,,False,,False
phase3b_kernel_noise,Phase 3B,F7F71204D643D1027D0FF4736F24213619BF6A09C2361C3C11F169797AC98A9C,8EE00E603AA7622051F531FE6427BE9BC382D7D2507FEA27865D18BFBDDC8756,width,Melt-pool width,T0,matern52_no_nugget,"Matérn 5/2, no nugget",Matern,2.5,False,143,sim_00145,145,132.29475,131.43820453020092,0.8565454697990731,0.8565454697990731,0.7336701418333148,1.9911183876281684,3.964552433550997,,,1.9911183876281684,latent predictive variance; numerical jitter excluded,1.700163765369488,,1.700163765369488,127.53561249044971,135.34079656995212,,,True,,"0.77**2 * Matern(length_scale=1.13, nu=2.5)",0.5927703366238248,1.1300429324496706,,,,,,,159.00522,False,1e-06,numerical jitter only; separate from WhiteKernel nugget,240,241,True,False,False,False,True,True,False,"[""P"",""VX"",""LS"",""ST""]",159.63943860415458,37.47387581773919,"[158.60806965626082,0.61856277415835,6.476530180872956e-05,348.6835952922249]","[52.657788471426045,0.23965013882738187,1.33584468578852e-05,32.34583139550507]",35BA8C2F97B250C0A0BDAC44B5F1BFB1A0D42BE3A4D9605D13516CC7EEF3771F,55.2363598851,0.252312006514,4.5e-05,300.0,1653819092,fmin_l_bfgs_b,1,-67.95183997329971,0.9808512000017799,0,0,,completed_without_convergence_warning,False,False,,False,,False,,False
phase3b_kernel_noise,Phase 3B,F7F71204D643D1027D0FF4736F24213619BF6A09C2361C3C11F169797AC98A9C,8EE00E603AA7622051F531FE6427BE9BC382D7D2507FEA27865D18BFBDDC8756,width,Melt-pool width,T0,matern52_no_nugget,"Matérn 5/2, no nugget",Matern,2.5,False,144,sim_00146,146,138.9932,140.02220769884542,-1.0290076988454189,1.0290076988454189,1.0588568442831443,1.6815420081833683,2.827583525285355,,,1.6815420081833683,latent predictive variance; numerical jitter excluded,1.625886826228167,,1.625886826228167,136.726385362806,143.31803003488483,,,True,,"0.769**2 * Matern(length_scale=1.13, nu=2.5)",0.5916762913978922,1.130112886484616,,,,,,,159.00522,False,1e-06,numerical jitter only; separate from WhiteKernel nugget,240,241,True,False,False,False,True,True,False,"[""P"",""VX"",""LS"",""ST""]",159.61152839582124,37.49173277670829,"[158.59077966129288,0.61868624926375,6.476530180872956e-05,348.6835952922249]","[52.691035612320455,0.23945368868574463,1.33584468578852e-05,32.34583139550507]",61652DF9CD4DE9DD99532F2B4AA4F8CA3B9B5D33A095327DF2CE8457DB35AA54,59.3859586774,0.222677981218,4.5e-05,300.0,1790029927,fmin_l_bfgs_b,1,-67.90131219081368,0.9656837999937125,0,0,,completed_without_convergence_warning,False,False,,False,,False,,False
phase3b_kernel_noise,Phase 3B,F7F71204D643D1027D0FF4736F24213619BF6A09C2361C3C11F169797AC98A9C,8EE00E603AA7622051F531FE6427BE9BC382D7D2507FEA27865D18BFBDDC8756,width,Melt-pool width,T0,matern52_no_nugget,"Matérn 5/2, no nugget",Matern,2.5,False,145,sim_00147,147,86.30895,89.9872707517916,-3.6783207517916026,3.6783207517916026,13.53004355306074,6.149127412825437,37.81176793916125,,,6.149127412825437,latent predictive variance; numerical jitter excluded,2.9141618514899994,,2.9141618514899994,77.93498102265374,102.03956048092945,,,True,,"0.775**2 * Matern(length_scale=1.13, nu=2.5)",0.6007284089428769,1.1289617369377096,,,,,,,159.00522,False,1e-06,numerical jitter only; separate from WhiteKernel nugget,240,241,True,False,False,False,True,True,False,"[""P"",""VX"",""LS"",""ST""]",159.83104610415458,37.21511166653058,"[158.57390272073542,0.6159559617290333,6.476530180872956e-05,348.6835952922249]","[52.7221503481393,0.24021651613832115,1.33584468578852e-05,32.34583139550507]",5FA3ED1537B663911FDFE7CF7D5EBD9FAAA70E4EC8DB1DD6473B21BCD493BCB7,63.4364244112,0.87794698955,4.5e-05,300.0,1445593582,fmin_l_bfgs_b,1,-68.4118926925805,0.6142819999950007,0,0,,completed_without_convergence_warning,False,False,,False,,False,,False
phase3b_kernel_noise,Phase 3B,F7F71204D643D1027D0FF4736F24213619BF6A09C2361C3C11F169797AC98A9C,8EE00E603AA7622051F531FE6427BE9BC382D7D2507FEA27865D18BFBDDC8756,width,Melt-pool width,T0,matern52_no_nugget,"Matérn 5/2, no nugget",Matern,2.5,False,146,sim_00148,148,102.77328,103.5150922628028,-0.7418122628027959,0.7418122628027959,0.5502854332446043,2.4908464732361,6.204316153232718,,,2.4908464732361,latent predictive variance; numerical jitter excluded,1.8759081202022938,,1.8759081202022938,98.63303317526004,108.39715135034555,,,True,,"0.774**2 * Matern(length_scale=1.13, nu=2.5)",0.5983562782707852,1.1285753591597725,,,,,,,159.00522,False,1e-06,numerical jitter only; separate from WhiteKernel nugget,240,241,True,False,False,False,True,True,False,"[""P"",""VX"",""LS"",""ST""]",159.76244472915457,37.33520842714674,"[158.55780140512417,0.6169514116475291,6.476530180872956e-05,348.6835952922249]","[52.750605064221055,0.2408044033443286,1.33584468578852e-05,32.34583139550507]",660147E0BB218F26E79C1C005700D183B2848C394732B0A9D9B1D0717F11348E,67.3007401579,0.639039009111,4.5e-05,300.0,540656885,fmin_l_bfgs_b,1,-68.68620217571376,0.9177877999609336,0,0,,completed_without_convergence_warning,False,False,,False,,False,,False
phase3b_kernel_noise,Phase 3B,F7F71204D643D1027D0FF4736F24213619BF6A09C2361C3C11F169797AC98A9C,8EE00E603AA7622051F531FE6427BE9BC382D7D2507FEA27865D18BFBDDC8756,width,Melt-pool width,T0,matern52_no_nugget,"Matérn 5/2, no nugget",Matern,2.5,False,147,sim_00149,149,111.90635999999999,111.85644646668311,0.04991353331688231,0.04991353331688231,0.00249136080817552,1.3545770275574676,1.8348789235864242,,,1.3545770275574676,latent predictive variance; numerical jitter excluded,1.223106671722264,,1.223106671722264,109.20147549267047,114.51141744069575,,,True,,"0.771**2 * Matern(length_scale=1.13, nu=2.5)",0.594773312779489,1.1269706009094447,,,,,,,159.00522,False,1e-06,numerical jitter only; separate from WhiteKernel nugget,240,241,True,False,False,False,True,True,False,"[""P"",""VX"",""LS"",""ST""]",159.72439022915458,37.388583467403926,"[158.53963807364417,0.6173736856002167,6.476530180872956e-05,348.6835952922249]","[52.78126458938771,0.24075390073481917,1.33584468578852e-05,32.34583139550507]",BCCC21D431BBA4B3282DEC9AF928B63D90182874F537525B945F9767F1D3B99B,71.6599397131,0.537693260466,4.5e-05,300.0,530921583,fmin_l_bfgs_b,1,-68.99040838335023,0.9166851000045426,0,0,,completed_without_convergence_warning,False,False,,False,,False,,False
phase3b_kernel_noise,Phase 3B,F7F71204D643D1027D0FF4736F24213619BF6A09C2361C3C11F169797AC98A9C,8EE00E603AA7622051F531FE6427BE9BC382D7D2507FEA27865D18BFBDDC8756,width,Melt-pool width,T0,matern52_no_nugget,"Matérn 5/2, no nugget",Matern,2.5,False,148,sim_00150,150,110.2117699999,110.43849443529317,-0.2267244353931659,0.2267244353931659,0.051403969604349856,1.0633287978011503,1.1306681322332397,,,1.0633287978011503,latent predictive variance; numerical jitter excluded,1.003074574725362,,1.003074574725362,108.35436999160291,112.52261887898342,,,True,,"0.771**2 * Matern(length_scale=1.13, nu=2.5)",0.5949323293073303,1.1268959442453168,,,,,,,159.00522,False,1e-06,numerical jitter only; separate from WhiteKernel nugget,240,241,True,False,False,False,True,True,False,"[""P"",""VX"",""LS"",""ST""]",159.73145102082165,37.379391279133245,"[158.5387290568912,0.6172487292996999,6.476530180872956e-05,348.6835952922249]","[52.782758953246145,0.240787439183944,1.33584468578852e-05,32.34583139550507]",C02729DE8D9F1884621A78E7BD77E1296AEC3655BE7F018CC45966A19A345590,71.8781037338,0.56768277259,4.5e-05,300.0,4001437365,fmin_l_bfgs_b,1,-69.27004260086377,0.8525211999658495,0,0,,completed_without_convergence_warning,False,False,,False,,False,,False
phase3b_kernel_noise,Phase 3B,F7F71204D643D1027D0FF4736F24213619BF6A09C2361C3C11F169797AC98A9C,8EE00E603AA7622051F531FE6427BE9BC382D7D2507FEA27865D18BFBDDC8756,width,Melt-pool width,T0,matern52_no_nugget,"Matérn 5/2, no nugget",Matern,2.5,False,149,sim_00151,151,88.51039,89.24200225497206,-0.7316122549720632,0.7316122549720632,0.5352564916253072,9.014463251838283,81.26054771874283,,,9.014463251838283,latent predictive variance; numerical jitter excluded,3.121062307187049,,3.121062307187049,71.57365428136903,106.9103502285751,,,True,,"0.776**2 * Matern(length_scale=1.13, nu=2.5)",0.6021475477725118,1.130016259475326,,,,,,,159.00522,False,1e-06,numerical jitter only; separate from WhiteKernel nugget,240,241,True,False,False,False,True,True,False,"[""P"",""VX"",""LS"",""ST""]",159.8218734374879,37.23295645660732,"[158.5345702302529,0.6156298385336458,6.476530180872956e-05,348.6835952922249]","[52.78954714196234,0.23980713093176642,1.33584468578852e-05,32.34583139550507]",38ED045BFF67BF12D79FB7DD2A5F13FEED153E42D3DC8303557C79AD237ED392,72.876222127,0.956216556443,4.5e-05,300.0,2028012164,fmin_l_bfgs_b,1,-68.07044629026004,1.0837709999759682,0,0,,completed_without_convergence_warning,False,False,,False,,False,,False
phase3b_kernel_noise,Phase 3B,F7F71204D643D1027D0FF4736F24213619BF6A09C2361C3C11F169797AC98A9C,8EE00E603AA7622051F531FE6427BE9BC382D7D2507FEA27865D18BFBDDC8756,width,Melt-pool width,T0,matern52_no_nugget,"Matérn 5/2, no nugget",Matern,2.5,False,150,sim_00152,152,154.67672999989998,151.17388745146428,3.5028425484356944,3.5028425484356944,12.269905919131471,4.043753226310345,16.351940155295328,,,4.043753226310345,latent predictive variance; numerical jitter excluded,2.6912937704631332,,2.6912937704631332,143.24813112789602,159.09964377503255,,,True,,"0.768**2 * Matern(length_scale=1.13, nu=2.5)",0.5896081619711915,1.1294535737921367,,,,,,,159.00522,False,1e-06,numerical jitter only; separate from WhiteKernel nugget,240,241,True,False,False,False,True,True,False,"[""P"",""VX"",""LS"",""ST""]",159.54618035415498,37.513938783175554,"[158.52773642556625,0.6187765644682084,6.476530180872956e-05,348.6835952922249]","[52.80052819225635,0.23930017152585648,1.33584468578852e-05,32.34583139550507]",CC67CEC6541F00532A82C607AB7DE84320E1DF1C15ED639F210821024FA7116E,74.5163352518,0.201002332148,4.5e-05,300.0,3286663161,fmin_l_bfgs_b,1,-66.6733364644893,1.088350799982436,0,0,,completed_without_convergence_warning,False,False,,False,,False,,False
phase3b_kernel_noise,Phase 3B,F7F71204D643D1027D0FF4736F24213619BF6A09C2361C3C11F169797AC98A9C,8EE00E603AA7622051F531FE6427BE9BC382D7D2507FEA27865D18BFBDDC8756,width,Melt-pool width,T0,matern52_no_nugget,"Matérn 5/2, no nugget",Matern,2.5,False,151,sim_00153,153,112.644275,117.8860503356994,-5.241775335699401,5.241775335699401,27.47620866994657,8.752302375542845,76.60279687293293,,,8.752302375542845,latent predictive variance; numerical jitter excluded,3.267597399892858,,3.267597399892858,100.73153767963542,135.04056299176338,,,True,,"0.771**2 * Matern(length_scale=1.13, nu=2.5)",0.594630976640574,1.125154686297758,,,,,,,159.00522,False,1e-06,numerical jitter only; separate from WhiteKernel nugget,240,241,True,False,False,False,True,True,False,"[""P"",""VX"",""LS"",""ST""]",159.72131558332123,37.39248510641019,"[158.52035986708916,0.6167259820897583,6.470374909568123e-05,348.46355861524154]","[52.81213964352372,0.24075829169594928,1.3415223921481358e-05,32.496290129464626]",E8CC386701C8F8821F68439515B6D21A49F3E62E5D6DC7F10CE7BA281539DB25,76.2867092863,0.693142102976,5.97726511316e-05,352.808802476,3318849630,fmin_l_bfgs_b,1,-66.92163897361928,0.7403554000193253,0,0,,completed_without_convergence_warning,False,False,,False,,False,,False
phase3b_kernel_noise,Phase 3B,F7F71204D643D1027D0FF4736F24213619BF6A09C2361C3C11F169797AC98A9C,8EE00E603AA7622051F531FE6427BE9BC382D7D2507FEA27865D18BFBDDC8756,width,Melt-pool width,T0,matern52_no_nugget,"Matérn 5/2, no nugget",Matern,2.5,False,152,sim_00154,154,96.9738,102.17529759491765,-5.2014975949176545,5.2014975949176545,27.055577229934144,15.145039631180092,229.37222543001562,,,15.145039631180092,latent predictive variance; numerical jitter excluded,3.695589042973745,,3.695589042973745,72.49101991780466,131.85957527203064,,,True,,"0.773**2 * Matern(length_scale=1.13, nu=2.5)",0.5976845238192506,1.1273018801782961,,,,,,,159.00522,False,1e-06,numerical jitter only; separate from WhiteKernel nugget,240,241,True,False,False,False,True,True,False,"[""P"",""VX"",""LS"",""ST""]",159.78660922915458,37.29641850766336,"[158.51679945610496,0.6156006860659833,6.459511019410373e-05,348.4872998957165]","[52.81765433895932,0.23976529636577876,1.3348980109382722e-05,32.4973746050468]",36B75473FAA89623A2AD1D2592E12CC44414CD18B51AB03792256A9280574B2E,77.1412079225,0.963213148682,8.58459875102e-05,347.110895162,1581033153,fmin_l_bfgs_b,1,-67.1026229568445,1.0598139999783598,0,0,,completed_without_convergence_warning,False,False,,False,,False,,False
phase3b_kernel_noise,Phase 3B,F7F71204D643D1027D0FF4736F24213619BF6A09C2361C3C11F169797AC98A9C,8EE00E603AA7622051F531FE6427BE9BC382D7D2507FEA27865D18BFBDDC8756,width,Melt-pool width,T0,matern52_no_nugget,"Matérn 5/2, no nugget",Matern,2.5,False,153,sim_00155,155,97.38725,104.44862563026814,-7.061375630268145,7.061375630268145,49.863025791744846,9.79825574941193,96.00581573088392,,,9.79825574941193,latent predictive variance; numerical jitter excluded,3.4608304456101027,,3.4608304456101027,85.24404436142076,123.65320689911552,,,True,,"0.772**2 * Matern(length_scale=1.12, nu=2.5)",0.5952458929251206,1.1249527826428831,,,,,,,159.00522,False,1e-06,numerical jitter only; separate from WhiteKernel nugget,240,241,True,False,False,False,True,True,False,"[""P"",""VX"",""LS"",""ST""]",159.78488652082123,37.299310108594334,"[158.51649355477457,0.616051139848804,6.473719691338748e-05,348.39452970507074]","[52.818125422259065,0.24031575700259766,1.3392861666318858e-05,32.46937964584759]",1501CB1DA27D28F6534DBF227A04DCB713CA5E88CBE9711BB801B500773E8754,77.2146242418,0.855104240805,5.17451748821e-05,369.375740917,3595917029,fmin_l_bfgs_b,1,-67.31959003675462,0.9061444000108168,0,0,,completed_without_convergence_warning,False,False,,False,,False,,False
phase3b_kernel_noise,Phase 3B,F7F71204D643D1027D0FF4736F24213619BF6A09C2361C3C11F169797AC98A9C,8EE00E603AA7622051F531FE6427BE9BC382D7D2507FEA27865D18BFBDDC8756,width,Melt-pool width,T0,matern52_no_nugget,"Matérn 5/2, no nugget",Matern,2.5,False,154,sim_00156,156,153.15903,156.97561806219989,-3.816588062199884,3.816588062199884,14.566344436526665,8.455911134519097,71.50243311488404,,,8.455911134519097,latent predictive variance; numerical jitter excluded,3.155663354840069,,3.155663354840069,140.40203223854246,173.5492038858573,,,True,,"0.769**2 * Matern(length_scale=1.13, nu=2.5)",0.5917615601744028,1.1261171390021154,,,,,,,159.00522,False,1e-06,numerical jitter only; separate from WhiteKernel nugget,240,241,True,False,False,False,True,True,False,"[""P"",""VX"",""LS"",""ST""]",159.5525041041546,37.51298947177236,"[158.514857943725,0.61780885008325,6.464078861053956e-05,348.4993956187374]","[52.820636922174856,0.24051497836586094,1.3402754643563762e-05,32.49631977824076]",0DAB7C107CA8232447E269B1C921A6E881D2F58D4B5A89A580DF6C27733AB1FA,77.6071708937,0.433253784538,7.48831675656e-05,344.207921637,4176894378,fmin_l_bfgs_b,1,-66.25240348047603,0.7603828000137582,0,0,,completed_without_convergence_warning,False,False,,False,,False,,False
phase3b_kernel_noise,Phase 3B,F7F71204D643D1027D0FF4736F24213619BF6A09C2361C3C11F169797AC98A9C,8EE00E603AA7622051F531FE6427BE9BC382D7D2507FEA27865D18BFBDDC8756,width,Melt-pool width,T0,matern52_no_nugget,"Matérn 5/2, no nugget",Matern,2.5,False,155,sim_00157,157,96.69903000000001,93.84906378048417,2.849966219515835,2.849966219515835,8.122307452381381,5.760990197551906,33.18900805628915,,,5.760990197551906,latent predictive variance; numerical jitter excluded,2.792412322585848,,2.792412322585848,82.55752299328243,105.14060456768591,,,True,,"0.774**2 * Matern(length_scale=1.13, nu=2.5)",0.5983217417968927,1.127937858008614,,,,,,,159.00522,False,1e-06,numerical jitter only; separate from WhiteKernel nugget,240,241,True,False,False,False,True,True,False,"[""P"",""VX"",""LS"",""ST""]",159.78775410415454,37.294486080127164,"[158.51245538728207,0.6162613935049667,6.476530180872956e-05,348.6835952922249]","[52.82430372768733,0.24050266703330866,1.33584468578852e-05,32.34583139550507]",4CF36073511DE238C8BAD61C691F31B7A397E9EA0F52F7C25BDA0ECAF7BE31A3,78.18378444,0.804643363326,4.5e-05,300.0,3398322862,fmin_l_bfgs_b,1,-68.01480099533669,0.9041055999696255,0,0,,completed_without_convergence_warning,False,False,,False,,False,,False
phase3b_kernel_noise,Phase 3B,F7F71204D643D1027D0FF4736F24213619BF6A09C2361C3C11F169797AC98A9C,8EE00E603AA7622051F531FE6427BE9BC382D7D2507FEA27865D18BFBDDC8756,width,Melt-pool width,T0,matern52_no_nugget,"Matérn 5/2, no nugget",Matern,2.5,False,156,sim_00158,158,98.36163499999999,112.2232075296557,-13.861572529655703,13.861572529655703,192.1431929949056,12.052870056708947,145.27167660391115,,,12.052870056708947,latent predictive variance; numerical jitter excluded,4.0695650012240305,,4.0695650012240305,88.59958221850616,135.84683284080523,,,True,,"0.772**2 * Matern(length_scale=1.13, nu=2.5)",0.5965529921555617,1.1277318991107348,,,,,,,159.00522,False,1e-06,numerical jitter only; separate from WhiteKernel nugget,240,241,True,False,False,False,True,True,False,"[""P"",""VX"",""LS"",""ST""]",159.78082658332124,37.30604807749862,"[158.51192539749835,0.6161980870226957,6.460170984870373e-05,348.4362289855957]","[52.825109023745156,0.2404510665232974,1.3359089415073162e-05,32.489865487275154]",B220A5F4055480B54D9ACB1873ACDC9999EAF66EB85F974FCF2611D4EE7127BA,78.3109819881,0.819836919071,8.42620704062e-05,359.367913591,3769422394,fmin_l_bfgs_b,1,-66.67821989237731,0.5008942999993451,0,0,,completed_without_convergence_warning,False,False,,False,,False,,False
phase3b_kernel_noise,Phase 3B,F7F71204D643D1027D0FF4736F24213619BF6A09C2361C3C11F169797AC98A9C,8EE00E603AA7622051F531FE6427BE9BC382D7D2507FEA27865D18BFBDDC8756,width,Melt-pool width,T0,matern52_no_nugget,"Matérn 5/2, no nugget",Matern,2.5,False,157,sim_00159,159,101.41693000000001,105.74206210881249,-4.325132108812483,4.325132108812483,18.706767758680712,10.043127156657727,100.86440308479592,,,10.043127156657727,latent predictive variance; numerical jitter excluded,3.3185593270503633,,3.3185593270503633,86.05753288176335,125.42659133586163,,,True,,"0.773**2 * Matern(length_scale=1.13, nu=2.5)",0.597249638175199,1.126397247225608,,,,,,,159.00522,False,1e-06,numerical jitter only; separate from WhiteKernel nugget,240,241,True,False,False,False,True,True,False,"[""P"",""VX"",""LS"",""ST""]",159.7680961874879,37.32647783041096,"[158.5085062155304,0.6165384238127916,6.476070756186039e-05,348.3892282075291]","[52.8302732259214,0.2406811420626274,1.3365052524951543e-05,32.465849401959254]",722CFDFF357766572042EA2590E96355D080EC539E6F70E62163FC21C85FF5A8,79.1315856604,0.738156089448,4.61026192486e-05,370.648100327,3785185689,fmin_l_bfgs_b,1,-67.29932482570527,1.0638641000259668,0,0,,completed_without_convergence_warning,False,False,,False,,False,,False
phase3b_kernel_noise,Phase 3B,F7F71204D643D1027D0FF4736F24213619BF6A09C2361C3C11F169797AC98A9C,8EE00E603AA7622051F531FE6427BE9BC382D7D2507FEA27865D18BFBDDC8756,width,Melt-pool width,T0,matern52_no_nugget,"Matérn 5/2, no nugget",Matern,2.5,False,158,sim_00160,160,133.74093,129.9375970295667,3.8033329704333028,3.8033329704333028,14.46534168398501,8.947352500775269,80.05511677312946,,,8.947352500775269,latent predictive variance; numerical jitter excluded,3.200642352439964,,3.200642352439964,112.40078612804716,147.4744079310862,,,True,,"0.771**2 * Matern(length_scale=1.13, nu=2.5)",0.5944830442707205,1.12661379667583,,,,,,,159.00522,False,1e-06,numerical jitter only; separate from WhiteKernel nugget,240,241,True,False,False,False,True,True,False,"[""P"",""VX"",""LS"",""ST""]",159.63341285415456,37.47815580693977,"[158.49395450356,0.6172499738088124,6.469045321143956e-05,348.39935883388324]","[52.85164970922019,0.24078718222723242,1.3418522846025678e-05,32.47241346577807]",EF97F853B38E07C501D74EB5D5C8266EA082D47F93C96A375689020D9A6CA7C7,82.6239965333,0.567384090403,6.29636633496e-05,368.216750002,1127858757,fmin_l_bfgs_b,1,-66.42849849233235,1.2582823000266217,0,0,,completed_without_convergence_warning,False,False,,False,,False,,False
phase3b_kernel_noise,Phase 3B,F7F71204D643D1027D0FF4736F24213619BF6A09C2361C3C11F169797AC98A9C,8EE00E603AA7622051F531FE6427BE9BC382D7D2507FEA27865D18BFBDDC8756,width,Melt-pool width,T0,matern52_no_nugget,"Matérn 5/2, no nugget",Matern,2.5,False,159,sim_00161,161,178.4476,178.21317362736872,0.23442637263127608,0.23442637263127608,0.054955724185057904,13.289509396438639,176.61105999803087,,,13.289509396438639,latent predictive variance; numerical jitter excluded,3.5060690740460654,,3.5060690740460654,152.165735210349,204.26061204438844,,,True,,"0.771**2 * Matern(length_scale=1.13, nu=2.5)",0.5942715226383681,1.1280990964397573,,,,,,,159.00522,False,1e-06,numerical jitter only; separate from WhiteKernel nugget,240,241,True,False,False,False,True,True,False,"[""P"",""VX"",""LS"",""ST""]",159.44713506248792,37.495279603796696,"[158.4906668152208,0.6182703534487292,6.463017719195205e-05,348.38659107112903]","[52.85634442141015,0.24005370186631128,1.3393629924835615e-05,32.46401549400839]",F2AB502426C2EAC7BA0FF458B58F7A76340B05460B38C34795D42CAA32AA328A,83.4130417347,0.322492976823,7.74299080266e-05,371.281013063,2181610637,fmin_l_bfgs_b,1,-65.99460808208008,0.9290803000330925,0,0,,completed_without_convergence_warning,False,False,,False,,False,,False
phase3b_kernel_noise,Phase 3B,F7F71204D643D1027D0FF4736F24213619BF6A09C2361C3C11F169797AC98A9C,8EE00E603AA7622051F531FE6427BE9BC382D7D2507FEA27865D18BFBDDC8756,width,Melt-pool width,T0,matern52_no_nugget,"Matérn 5/2, no nugget",Matern,2.5,False,160,sim_00162,162,159.08109000000002,162.36550675505168,-3.284416755051666,3.284416755051666,10.787393420864115,13.424417200029232,180.2149771604407,,,13.424417200029232,latent predictive variance; numerical jitter excluded,3.5459429978255663,,3.5459429978255663,136.05364904299438,188.677364467109,,,True,,"0.77**2 * Matern(length_scale=1.13, nu=2.5)",0.5932946622788345,1.1271843793806362,,,,,,,159.00522,False,1e-06,numerical jitter only; separate from WhiteKernel nugget,240,241,True,False,False,False,True,True,False,"[""P"",""VX"",""LS"",""ST""]",159.52782885415456,37.51523907792809,"[158.4802331801646,0.6177924446141667,6.46403629490579e-05,348.5996524045874]","[52.870914265201044,0.24052743165920865,1.3402427720265137e-05,32.44576871310779]",791314122386F5F18621058104AC3D03213D0D300711247C660A49D91D80E6B5,85.9171141482,0.437191097118,7.49853263212e-05,320.146293033,83809916,fmin_l_bfgs_b,1,-65.83451834393378,1.1429816999589093,0,0,,completed_without_convergence_warning,False,False,,False,,False,,False
phase3b_kernel_noise,Phase 3B,F7F71204D643D1027D0FF4736F24213619BF6A09C2361C3C11F169797AC98A9C,8EE00E603AA7622051F531FE6427BE9BC382D7D2507FEA27865D18BFBDDC8756,width,Melt-pool width,T0,matern52_no_nugget,"Matérn 5/2, no nugget",Matern,2.5,False,161,sim_00163,163,134.812955,133.44058734272082,1.3723676572791703,1.3723676572791703,1.8833929867459183,9.647624993124227,93.07666800795523,,,9.647624993124227,latent predictive variance; numerical jitter excluded,3.19576773163015,,3.19576773163015,114.53124235619734,152.3499323292443,,,True,,"0.771**2 * Matern(length_scale=1.13, nu=2.5)",0.5940708172632491,1.1269988718844846,,,,,,,159.00522,False,1e-06,numerical jitter only; separate from WhiteKernel nugget,240,241,True,False,False,False,True,True,False,"[""P"",""VX"",""LS"",""ST""]",159.62894608332124,37.48117748712865,"[158.4693201373554,0.617524950571125,6.472038525810122e-05,348.655645771554]","[52.88561848283193,0.24069237765583332,1.3406620161408745e-05,32.38496428324818]",F8DCA325D9A8DCD0453579C18AC0B34A95CDD7C8930184A192E318EE72A4B568,88.5362444224,0.501389667448,5.57799721508e-05,306.707884961,2520608067,fmin_l_bfgs_b,1,-66.39913507747045,0.8639972999808379,0,0,,completed_without_convergence_warning,False,False,,False,,False,,False
phase3b_kernel_noise,Phase 3B,F7F71204D643D1027D0FF4736F24213619BF6A09C2361C3C11F169797AC98A9C,8EE00E603AA7622051F531FE6427BE9BC382D7D2507FEA27865D18BFBDDC8756,width,Melt-pool width,T0,matern52_no_nugget,"Matérn 5/2, no nugget",Matern,2.5,False,162,sim_00164,164,160.34294,158.84404516326907,1.4988948367309263,1.4988948367309263,2.24668573157863,15.344516791932435,235.45419557789646,,,15.344516791932435,latent predictive variance; numerical jitter excluded,3.6544676925161443,,3.6544676925161443,128.7687922510815,188.91929807545665,,,True,,"0.771**2 * Matern(length_scale=1.13, nu=2.5)",0.5943005877335645,1.1294880256917268,,,,,,,159.00522,False,1e-06,numerical jitter only; separate from WhiteKernel nugget,240,241,True,False,False,False,True,True,False,"[""P"",""VX"",""LS"",""ST""]",159.52257114582122,37.51521289605776,"[158.46359962686498,0.6185523146762334,6.474961651653331e-05,348.34888885198325]","[52.89310788331746,0.23966606823058528,1.3379419220619328e-05,32.43213514014666]",D7A086D11CBD5107442FB28A42D668EB1D78246A79B396FD3E8BCDECF1C7704B,89.9091669401,0.254822282222,4.87644701271e-05,380.329545658,88099650,fmin_l_bfgs_b,1,-65.70485706498454,1.2525184999685735,0,0,,completed_without_convergence_warning,False,False,,False,,False,,False
phase3b_kernel_noise,Phase 3B,F7F71204D643D1027D0FF4736F24213619BF6A09C2361C3C11F169797AC98A9C,8EE00E603AA7622051F531FE6427BE9BC382D7D2507FEA27865D18BFBDDC8756,width,Melt-pool width,T0,matern52_no_nugget,"Matérn 5/2, no nugget",Matern,2.5,False,163,sim_00165,165,111.6275,109.80455763101034,1.8229423689896578,1.8229423689896578,3.3231188806576255,8.1166453985531,65.8799325258532,,,8.1166453985531,latent predictive variance; numerical jitter excluded,3.038076498989406,,3.038076498989406,93.89593264984626,125.71318261217442,,,True,,"0.773**2 * Matern(length_scale=1.13, nu=2.5)",0.5967741737006825,1.1268145421136724,,,,,,,159.00522,False,1e-06,numerical jitter only; separate from WhiteKernel nugget,240,241,True,False,False,False,True,True,False,"[""P"",""VX"",""LS"",""ST""]",159.72555214582124,37.387093056351915,"[158.46290374052376,0.6163757782827416,6.47277707232904e-05,348.33016352378735]","[52.89400870643865,0.2405856930392869,1.3401203698346621e-05,32.41236167609124]",AB5625EA9F914489B51CFDEE02661B23206A5DA75B74874FB52828EC7AFCAD19,90.076179662,0.77719101666,5.40074605054e-05,384.823624425,437880185,fmin_l_bfgs_b,1,-67.16343838351901,0.6689822000334971,0,0,,completed_without_convergence_warning,False,False,,False,,False,,False
phase3b_kernel_noise,Phase 3B,F7F71204D643D1027D0FF4736F24213619BF6A09C2361C3C11F169797AC98A9C,8EE00E603AA7622051F531FE6427BE9BC382D7D2507FEA27865D18BFBDDC8756,width,Melt-pool width,T0,matern52_no_nugget,"Matérn 5/2, no nugget",Matern,2.5,False,164,sim_00166,166,142.11724,137.56904422829967,4.548195771700335,4.548195771700335,20.68608477771281,8.350827609539037,69.73632176423946,,,8.350827609539037,latent predictive variance; numerical jitter excluded,3.1896156135542224,,3.1896156135542224,121.20142211360316,153.93666634299618,,,True,,"0.771**2 * Matern(length_scale=1.13, nu=2.5)",0.594049496987715,1.1270189577830028,,,,,,,159.00522,False,1e-06,numerical jitter only; separate from WhiteKernel nugget,240,241,True,False,False,False,True,True,False,"[""P"",""VX"",""LS"",""ST""]",159.59851156248791,37.498346133434026,"[158.46173051493997,0.6170864694595832,6.462793664565164e-05,348.49583352181236]","[52.89552241370643,0.2408076636811133,1.3391443385715175e-05,32.496743136588556]",C2181C481EA86A5962F5CF86D63A42AC3619785287D6DB9D37F7534E4F63C4BC,90.3577538021,0.606625134218,7.79676391387e-05,345.062824899,1284456189,fmin_l_bfgs_b,1,-66.31275346582319,0.7311978999641724,0,0,,completed_without_convergence_warning,False,False,,False,,False,,False
phase3b_kernel_noise,Phase 3B,F7F71204D643D1027D0FF4736F24213619BF6A09C2361C3C11F169797AC98A9C,8EE00E603AA7622051F531FE6427BE9BC382D7D2507FEA27865D18BFBDDC8756,width,Melt-pool width,T0,matern52_no_nugget,"Matérn 5/2, no nugget",Matern,2.5,False,165,sim_00167,167,109.30343500000001,106.64100680853964,2.6624281914603642,2.6624281914603642,7.088523874682906,7.045390805953368,49.63753160861225,,,7.045390805953368,latent predictive variance; numerical jitter excluded,2.942715014202375,,2.942715014202375,92.83204082887104,120.44997278820824,,,True,,"0.773**2 * Matern(length_scale=1.13, nu=2.5)",0.5972075950798345,1.1275194954302128,,,,,,,159.00522,False,1e-06,numerical jitter only; separate from WhiteKernel nugget,240,241,True,False,False,False,True,True,False,"[""P"",""VX"",""LS"",""ST""]",159.7352357499879,37.37433080484886,"[158.45789160420625,0.6166232175571249,6.475268890480247e-05,348.6603595543999]","[52.90043128292588,0.2407203859130037,1.3375662921600945e-05,32.378775322688796]",FD82E14550A4844CE15E0514FA71D1A6B58072264EC70F21A04A545CD0F54DD6,91.2790923782,0.717805590808,4.80270969425e-05,305.576577078,3051705051,fmin_l_bfgs_b,1,-67.34496035547929,1.0397769000264816,0,0,,completed_without_convergence_warning,False,False,,False,,False,,False
phase3b_kernel_noise,Phase 3B,F7F71204D643D1027D0FF4736F24213619BF6A09C2361C3C11F169797AC98A9C,8EE00E603AA7622051F531FE6427BE9BC382D7D2507FEA27865D18BFBDDC8756,width,Melt-pool width,T0,matern52_no_nugget,"Matérn 5/2, no nugget",Matern,2.5,False,166,sim_00168,168,134.64367,132.57958765547187,2.064082344528117,2.064082344528117,4.260435924992689,9.984952747486785,99.6992813695439,,,9.984952747486785,latent predictive variance; numerical jitter excluded,3.241384200179466,,3.241384200179466,113.00908027039777,152.15009504054598,,,True,,"0.77**2 * Matern(length_scale=1.12, nu=2.5)",0.5931319579620087,1.1249721916304978,,,,,,,159.00522,False,1e-06,numerical jitter only; separate from WhiteKernel nugget,240,241,True,False,False,False,True,True,False,"[""P"",""VX"",""LS"",""ST""]",159.6296514374879,37.48070887527094,"[158.4547601732579,0.6169649636999582,6.466702081063956e-05,348.48087960403734]","[52.90438543494566,0.24080555448944224,1.3416607372150583e-05,32.497493688059286]",A25943337C7C7F56681C84CB9BF0984D418ECA3C5159D6ECF6854693910677ED,92.0306358058,0.635786516528,6.85874395416e-05,348.651765165,283790155,fmin_l_bfgs_b,1,-66.368750616938,0.8924747999990359,0,0,,completed_without_convergence_warning,False,False,,False,,False,,False
phase3b_kernel_noise,Phase 3B,F7F71204D643D1027D0FF4736F24213619BF6A09C2361C3C11F169797AC98A9C,8EE00E603AA7622051F531FE6427BE9BC382D7D2507FEA27865D18BFBDDC8756,width,Melt-pool width,T0,matern52_no_nugget,"Matérn 5/2, no nugget",Matern,2.5,False,167,sim_00169,169,171.91662,186.6101392853045,-14.693519285304518,14.693519285304518,215.8995089876158,13.566874794647998,184.06009169365515,,,13.566874794647998,latent predictive variance; numerical jitter excluded,4.113061586701168,,4.113061586701168,160.01906468779444,213.20121388281459,,,True,,"0.772**2 * Matern(length_scale=1.13, nu=2.5)",0.5954513626009116,1.130667626562981,,,,,,,159.00522,False,1e-06,numerical jitter only; separate from WhiteKernel nugget,240,241,True,False,False,False,True,True,False,"[""P"",""VX"",""LS"",""ST""]",159.47434747915455,37.50668774285127,"[158.44974223374624,0.61828850713135,6.468709302046039e-05,348.37940525538744]","[52.91062799111242,0.24003116768335325,1.3418853861408695e-05,32.45875579155631]",A726D80FABABB421843C8EF1AC7E7C3921BFE4704DBB23C6C7A180B0DD9F01FB,93.2349412886,0.318136092994,6.37701091846e-05,373.005608841,718624585,fmin_l_bfgs_b,1,-65.30146394404602,1.1603012999985367,0,0,,completed_without_convergence_warning,False,False,,False,,False,,False
phase3b_kernel_noise,Phase 3B,F7F71204D643D1027D0FF4736F24213619BF6A09C2361C3C11F169797AC98A9C,8EE00E603AA7622051F531FE6427BE9BC382D7D2507FEA27865D18BFBDDC8756,width,Melt-pool width,T0,matern52_no_nugget,"Matérn 5/2, no nugget",Matern,2.5,False,168,sim_00170,170,118.39426,115.21324536897045,3.181014631029555,3.181014631029555,10.118854082824097,1.198287084581801,1.4358919370755523,,,1.198287084581801,latent predictive variance; numerical jitter excluded,4.623374680970377,,4.623374680970377,112.86460268319011,117.56188805475078,,,False,,"0.779**2 * Matern(length_scale=1.15, nu=2.5)",0.6071158722356911,1.1482485671660094,,,,,,,159.00522,False,1e-06,numerical jitter only; separate from WhiteKernel nugget,240,241,True,False,False,False,True,True,False,"[""P"",""VX"",""LS"",""ST""]",159.6973573124879,37.420788042384984,"[158.44743465842748,0.6171280333808874,6.476530180872956e-05,348.6835952922249]","[52.91345998176852,0.2408049935476302,1.33584468578852e-05,32.34583139550507]",18B3E9C503DD3D8DBAC71E834EC6CD5D62C6603E6F5642E11E1516C13E99121D,93.7887593651,0.596649793105,4.5e-05,300.0,2275657463,fmin_l_bfgs_b,1,-65.45514562348163,0.6050450999755412,0,0,,completed_without_convergence_warning,False,False,,False,,False,,False
phase3b_kernel_noise,Phase 3B,F7F71204D643D1027D0FF4736F24213619BF6A09C2361C3C11F169797AC98A9C,8EE00E603AA7622051F531FE6427BE9BC382D7D2507FEA27865D18BFBDDC8756,width,Melt-pool width,T0,matern52_no_nugget,"Matérn 5/2, no nugget",Matern,2.5,False,169,sim_00171,171,105.71771,104.52236550854154,1.1953444914584566,1.1953444914584566,1.428848453260076,5.936405980730324,35.240915968050764,,,5.936405980730324,latent predictive variance; numerical jitter excluded,2.720315007963109,,2.720315007963109,92.8870097863101,116.15772123077298,,,True,,"0.773**2 * Matern(length_scale=1.13, nu=2.5)",0.5968507515465212,1.1259357537227876,,,,,,,159.00522,False,1e-06,numerical jitter only; separate from WhiteKernel nugget,240,241,True,False,False,False,True,True,False,"[""P"",""VX"",""LS"",""ST""]",159.75017627082124,37.35344498908382,"[158.44106961122958,0.616259333036975,6.475055454649123e-05,348.40736422693743]","[52.921145059892524,0.24050105096843993,1.3378290531033452e-05,32.47706088150582]",158CE73AAD04EC43E22B5B06ECE9661FD20D0B795A7FB05E2A507B53A0DB8815,95.3163706926,0.805137875644,4.85393429372e-05,366.295455669,2737180858,fmin_l_bfgs_b,1,-67.70561678855213,0.9922152999788523,0,0,,completed_without_convergence_warning,False,False,,False,,False,,False
phase3b_kernel_noise,Phase 3B,F7F71204D643D1027D0FF4736F24213619BF6A09C2361C3C11F169797AC98A9C,8EE00E603AA7622051F531FE6427BE9BC382D7D2507FEA27865D18BFBDDC8756,width,Melt-pool width,T0,matern52_no_nugget,"Matérn 5/2, no nugget",Matern,2.5,False,170,sim_00172,172,111.75426,111.01897425102983,0.7352857489701705,0.7352857489701705,0.5406451326386246,5.485853069435555,30.0945838994355,,,5.485853069435555,latent predictive variance; numerical jitter excluded,2.6300935749666756,,2.6300935749666756,100.26670223493615,121.77124626712352,,,True,,"0.772**2 * Matern(length_scale=1.13, nu=2.5)",0.5954459326139562,1.1252870670022637,,,,,,,159.00522,False,1e-06,numerical jitter only; separate from WhiteKernel nugget,240,241,True,False,False,False,True,True,False,"[""P"",""VX"",""LS"",""ST""]",159.72502397915457,37.387771631252654,"[158.43695082567498,0.6162690383967208,6.472507641340039e-05,348.386637909229]","[52.92601912317999,0.24050862580077415,1.3403293578355032e-05,32.46404851722846]",47E14DD5499F96EFCB0E5319BA36ABD63DBCF317785251F526863F0E5AC22A45,96.3048792257,0.802808589305,5.4654094879e-05,371.269771919,356458624,fmin_l_bfgs_b,1,-67.56722160597113,0.5973578999983147,0,0,,completed_without_convergence_warning,False,False,,False,,False,,False
phase3b_kernel_noise,Phase 3B,F7F71204D643D1027D0FF4736F24213619BF6A09C2361C3C11F169797AC98A9C,8EE00E603AA7622051F531FE6427BE9BC382D7D2507FEA27865D18BFBDDC8756,width,Melt-pool width,T0,matern52_no_nugget,"Matérn 5/2, no nugget",Matern,2.5,False,171,sim_00173,173,112.84435,117.02354031166274,-4.179190311662737,4.179190311662737,17.46563166109568,2.863075839458445,8.197203262490678,,,2.863075839458445,latent predictive variance; numerical jitter excluded,3.036175939864459,,3.036175939864459,111.41191166632419,122.6351689570013,,,True,,"0.772**2 * Matern(length_scale=1.13, nu=2.5)",0.5965374524605083,1.1313728559750886,,,,,,,159.00522,False,1e-06,numerical jitter only; separate from WhiteKernel nugget,240,241,True,False,False,False,True,True,False,"[""P"",""VX"",""LS"",""ST""]",159.7204819374879,37.39353241008274,"[158.4313057582187,0.6168361340539749,6.476530180872956e-05,348.6835952922249]","[52.93257314548768,0.24078717912146083,1.33584468578852e-05,32.34583139550507]",C3840D2AD6EFA855B245A8E50E6AF9DFECC87909B86425CC8711B166D7E83182,97.6596954152,0.666705631564,4.5e-05,300.0,1608193112,fmin_l_bfgs_b,1,-67.1263626109787,0.9052654000115581,0,0,,completed_without_convergence_warning,False,False,,False,,False,,False
phase3b_kernel_noise,Phase 3B,F7F71204D643D1027D0FF4736F24213619BF6A09C2361C3C11F169797AC98A9C,8EE00E603AA7622051F531FE6427BE9BC382D7D2507FEA27865D18BFBDDC8756,width,Melt-pool width,T0,matern52_no_nugget,"Matérn 5/2, no nugget",Matern,2.5,False,172,sim_00174,174,159.919655,157.11557545892018,2.8040795410798296,2.8040795410798296,7.862862072702468,11.299463946531537,127.67788547896606,,,11.299463946531537,latent predictive variance; numerical jitter excluded,3.3744856125630482,,3.3744856125630482,134.96862612371837,179.262524794122,,,True,,"0.77**2 * Matern(length_scale=1.13, nu=2.5)",0.5928739666667011,1.1267133771949511,,,,,,,159.00522,False,1e-06,numerical jitter only; separate from WhiteKernel nugget,240,241,True,False,False,False,True,True,False,"[""P"",""VX"",""LS"",""ST""]",159.52433483332123,37.5152414723945,"[158.42875430237459,0.6179302900829666,6.469412581658373e-05,348.63354094207904]","[52.93548755863829,0.24041438371028157,1.3417929092068375e-05,32.41176714661293]",FD2C0732B0FA5D2804363DA341FF52F88BC4B17788128108BCF3EEAEEFF7C4B2,98.2720448178,0.404108184606,6.2082238115e-05,312.013044035,1454891198,fmin_l_bfgs_b,1,-65.98664225631964,0.9519418000127189,0,0,,completed_without_convergence_warning,False,False,,False,,False,,False
phase3b_kernel_noise,Phase 3B,F7F71204D643D1027D0FF4736F24213619BF6A09C2361C3C11F169797AC98A9C,8EE00E603AA7622051F531FE6427BE9BC382D7D2507FEA27865D18BFBDDC8756,width,Melt-pool width,T0,matern52_no_nugget,"Matérn 5/2, no nugget",Matern,2.5,False,173,sim_00175,175,108.88113,119.28675371813966,-10.405623718139665,10.405623718139665,108.27700496351075,4.453009126044876,19.829290276638947,,,4.453009126044876,latent predictive variance; numerical jitter excluded,5.142747564530796,,5.142747564530796,110.5588558310917,128.01465160518762,,,False,,"0.769**2 * Matern(length_scale=1.13, nu=2.5)",0.5915186302837304,1.132462524981231,,,,,,,159.00522,False,1e-06,numerical jitter only; separate from WhiteKernel nugget,240,241,True,False,False,False,True,True,False,"[""P"",""VX"",""LS"",""ST""]",159.7369953541546,37.37194638911607,"[158.4277472277833,0.6159559617290333,6.462209406767164e-05,348.57731653149983]","[52.93662969283148,0.24021651613832115,1.3385314816649535e-05,32.463498515202446]",3365E9896BE719F7279BF40A80D36FA82D580051184403114A7C2655C56E9235,98.5137427197,0.87794698955,7.93698578539e-05,325.506902574,4012721164,fmin_l_bfgs_b,1,-65.17353737721723,0.597146000014618,0,0,,completed_without_convergence_warning,False,False,,False,,False,,False
phase3b_kernel_noise,Phase 3B,F7F71204D643D1027D0FF4736F24213619BF6A09C2361C3C11F169797AC98A9C,8EE00E603AA7622051F531FE6427BE9BC382D7D2507FEA27865D18BFBDDC8756,width,Melt-pool width,T0,matern52_no_nugget,"Matérn 5/2, no nugget",Matern,2.5,False,174,sim_00176,176,118.00088000000001,108.4657901591744,9.535089840825606,9.535089840825606,90.91793827261567,4.618580212618915,21.331283180394983,,,4.618580212618915,latent predictive variance; numerical jitter excluded,4.58011985613616,,4.58011985613616,99.41337294244133,117.51820737590748,,,False,,"0.771**2 * Matern(length_scale=1.13, nu=2.5)",0.59426762791426,1.1332587276030377,,,,,,,159.00522,False,1e-06,numerical jitter only; separate from WhiteKernel nugget,240,241,True,False,False,False,True,True,False,"[""P"",""VX"",""LS"",""ST""]",159.69899639582124,37.41897021307598,"[158.42720848251417,0.6159756022972541,6.463352729259289e-05,348.587282009779]","[52.9372387838612,0.2402377425899809,1.3396730144008586e-05,32.45604699490784]",64E3DDE951AD6D8555EB57AA06A2F010869C4FCA194547119EA30F7E4CD4B160,98.6430415843,0.873233253177,7.66258838728e-05,323.115187787,3998905031,fmin_l_bfgs_b,1,-65.42216862440392,0.4739918999839574,0,0,,completed_without_convergence_warning,False,False,,False,,False,,False
phase3b_kernel_noise,Phase 3B,F7F71204D643D1027D0FF4736F24213619BF6A09C2361C3C11F169797AC98A9C,8EE00E603AA7622051F531FE6427BE9BC382D7D2507FEA27865D18BFBDDC8756,width,Melt-pool width,T0,matern52_no_nugget,"Matérn 5/2, no nugget",Matern,2.5,False,175,sim_00177,177,159.27292500000001,157.79135544329424,1.4815695567057787,1.4815695567057787,2.1950483513573578,12.233397635907595,149.65601771822955,,,12.233397635907595,latent predictive variance; numerical jitter excluded,3.43044190138969,,3.43044190138969,133.81389607691534,181.76881480967313,,,True,,"0.77**2 * Matern(length_scale=1.13, nu=2.5)",0.5932326598367772,1.1275212998745299,,,,,,,159.00522,False,1e-06,numerical jitter only; separate from WhiteKernel nugget,240,241,True,False,False,False,True,True,False,"[""P"",""VX"",""LS"",""ST""]",159.52702954165457,37.51524654413176,"[158.4253311337096,0.6183622430171541,6.47464035685883e-05,348.5167757062332]","[52.93935088512487,0.2399362147296287,1.3383164413405706e-05,32.492904279084335]",60F4B3B2EA8E8F27CEC68B89918B798C06B8CF80E9F571DC81353D5BE5536F44,99.0936052974,0.300439480401,4.95355776339e-05,340.036700638,1005015804,fmin_l_bfgs_b,1,-65.93614103101297,0.3541393000050448,0,0,,completed_without_convergence_warning,False,False,,False,,False,,False
phase3b_kernel_noise,Phase 3B,F7F71204D643D1027D0FF4736F24213619BF6A09C2361C3C11F169797AC98A9C,8EE00E603AA7622051F531FE6427BE9BC382D7D2507FEA27865D18BFBDDC8756,width,Melt-pool width,T0,matern52_no_nugget,"Matérn 5/2, no nugget",Matern,2.5,False,176,sim_00178,178,120.42431499999999,123.02685567495166,-2.602540674951669,2.602540674951669,6.773217964777889,0.9141030566354824,0.8355843981503319,,,0.9141030566354824,latent predictive variance; numerical jitter excluded,4.882109119918729,,4.882109119918729,121.23521368394611,124.81849766595721,,,False,,"0.78**2 * Matern(length_scale=1.15, nu=2.5)",0.6088126636496728,1.1513530432421055,,,,,,,159.00522,False,1e-06,numerical jitter only; separate from WhiteKernel nugget,240,241,True,False,False,False,True,True,False,"[""P"",""VX"",""LS"",""ST""]",159.6888987499879,37.42989265919487,"[158.4234565361604,0.6172824373028624,6.476530180872956e-05,348.6835952922249]","[52.9414437983335,0.24077993167746867,1.33584468578852e-05,32.34583139550507]",D12063CC427197693B2EFA96E5AA55D235F7DFEA1A1851676A383474DE35C724,99.5435087092,0.559592851831,4.5e-05,300.0,752275146,fmin_l_bfgs_b,1,-65.16838318380942,0.7279380999971181,0,0,,completed_without_convergence_warning,False,False,,False,,False,,False
phase3b_kernel_noise,Phase 3B,F7F71204D643D1027D0FF4736F24213619BF6A09C2361C3C11F169797AC98A9C,8EE00E603AA7622051F531FE6427BE9BC382D7D2507FEA27865D18BFBDDC8756,width,Melt-pool width,T0,matern52_no_nugget,"Matérn 5/2, no nugget",Matern,2.5,False,177,sim_00179,179,127.81916999999999,131.50257458341798,-3.683404583417996,3.683404583417996,13.567469325144701,10.667460195434755,113.79470702118489,,,10.667460195434755,latent predictive variance; numerical jitter excluded,3.3457503357571707,,3.3457503357571707,110.59435260036587,152.4107965664701,,,True,,"0.771**2 * Matern(length_scale=1.13, nu=2.5)",0.5945398185938335,1.1256201928515186,,,,,,,159.00522,False,1e-06,numerical jitter only; separate from WhiteKernel nugget,240,241,True,False,False,False,True,True,False,"[""P"",""VX"",""LS"",""ST""]",159.65808685415456,37.459147055597114,"[158.42256279370875,0.6170425357182374,6.471486070248998e-05,348.5262490722332]","[52.94243596553752,0.24080860642199844,1.3410029540565739e-05,32.49009895823966]",C172C7C47CD4AA76E3E4C3E16C7AE19E5BEC9AA5F824515AC6E75C9BDD54BFD3,99.7580068976,0.617169232141,5.71058654975e-05,337.763092798,1566505393,fmin_l_bfgs_b,1,-66.39839309022338,0.7311764999758452,0,0,,completed_without_convergence_warning,False,False,,False,,False,,False
phase3b_kernel_noise,Phase 3B,F7F71204D643D1027D0FF4736F24213619BF6A09C2361C3C11F169797AC98A9C,8EE00E603AA7622051F531FE6427BE9BC382D7D2507FEA27865D18BFBDDC8756,width,Melt-pool width,T0,matern52_no_nugget,"Matérn 5/2, no nugget",Matern,2.5,False,178,sim_00180,180,143.24009,139.14866475655433,4.091425243445684,4.091425243445684,16.739760522704575,8.22691764730703,67.68217397557183,,,8.22691764730703,latent predictive variance; numerical jitter excluded,3.15001442259333,,3.15001442259333,123.02390616783255,155.27342334527611,,,True,,"0.77**2 * Matern(length_scale=1.13, nu=2.5)",0.5921555732491968,1.1254530401091227,,,,,,,159.00522,False,1e-06,numerical jitter only; separate from WhiteKernel nugget,240,241,True,False,False,False,True,True,False,"[""P"",""VX"",""LS"",""ST""]",159.59383302082125,37.5004568141289,"[158.41985062784872,0.6172611811765581,6.468667398831248e-05,348.34345604273324]","[52.945424440815565,0.24078479836467395,1.3418880919382288e-05,32.426667835551065]",77F899C739673D6437AB70DCC23B5A5A17D89E69FFB7BFFA0D8711E3DC15A6B8,100.408926704,0.564694322144,6.38706769001e-05,381.633419878,54807638,fmin_l_bfgs_b,1,-66.31702549543056,0.7022432999801822,0,0,,completed_without_convergence_warning,False,False,,False,,False,,False
phase3b_kernel_noise,Phase 3B,F7F71204D643D1027D0FF4736F24213619BF6A09C2361C3C11F169797AC98A9C,8EE00E603AA7622051F531FE6427BE9BC382D7D2507FEA27865D18BFBDDC8756,width,Melt-pool width,T0,matern52_no_nugget,"Matérn 5/2, no nugget",Matern,2.5,False,179,sim_00181,181,175.93614,175.72593061287512,0.2102093871248769,0.2102093871248769,0.04418798643541637,5.1737278985831034,26.767460368577137,,,5.1737278985831034,latent predictive variance; numerical jitter excluded,2.5633574303493583,,2.5633574303493583,165.58542393165223,185.866437294098,,,True,,"0.77**2 * Matern(length_scale=1.13, nu=2.5)",0.5921731169579182,1.125475696941017,,,,,,,159.00522,False,1e-06,numerical jitter only; separate from WhiteKernel nugget,240,241,True,False,False,False,True,True,False,"[""P"",""VX"",""LS"",""ST""]",159.45759947915457,37.50023012813291,"[158.41311501097374,0.6178472850600625,6.462166234233289e-05,348.4576030767624]","[52.952700725434966,0.2404847439285228,1.3384837460909769e-05,32.495362249875214]",2A7A4FA7AD549EB840C458E0561D74859415640C9C4EDBB6C50B7FC3C764FBDF,102.025474754,0.424029390103,7.94734719352e-05,354.238131711,3390506725,fmin_l_bfgs_b,1,-66.90992447166673,0.8717566000414081,0,0,,completed_without_convergence_warning,False,False,,False,,False,,False
phase3b_kernel_noise,Phase 3B,F7F71204D643D1027D0FF4736F24213619BF6A09C2361C3C11F169797AC98A9C,8EE00E603AA7622051F531FE6427BE9BC382D7D2507FEA27865D18BFBDDC8756,width,Melt-pool width,T0,matern52_no_nugget,"Matérn 5/2, no nugget",Matern,2.5,False,180,sim_00182,182,108.36396999990001,108.16728984009285,0.19668015980715836,0.19668015980715836,0.03868308526176935,11.049374370550224,122.08867398057215,,,11.049374370550224,latent predictive variance; numerical jitter excluded,3.321470763603636,,3.321470763603636,86.51051607381441,129.82406360637128,,,True,,"0.773**2 * Matern(length_scale=1.13, nu=2.5)",0.5973795701755068,1.1265247327293717,,,,,,,159.00522,False,1e-06,numerical jitter only; separate from WhiteKernel nugget,240,241,True,False,False,False,True,True,False,"[""P"",""VX"",""LS"",""ST""]",159.73915018748832,37.36899899711375,"[158.4113482010154,0.6157855849315916,6.47230219317979e-05,348.51913232477483]","[52.954575008174174,0.24001605036346324,1.3404799245215296e-05,32.49226864125644]",C258594ED9ECA99FDA7BB5159CD537D648E46D52377F7739355D57444AEB195B,102.449509144,0.918837420936,5.51471704636e-05,339.471112188,1936843734,fmin_l_bfgs_b,1,-66.98345562158144,1.025484999991022,0,0,,completed_without_convergence_warning,False,False,,False,,False,,False
phase3b_kernel_noise,Phase 3B,F7F71204D643D1027D0FF4736F24213619BF6A09C2361C3C11F169797AC98A9C,8EE00E603AA7622051F531FE6427BE9BC382D7D2507FEA27865D18BFBDDC8756,width,Melt-pool width,T0,matern52_no_nugget,"Matérn 5/2, no nugget",Matern,2.5,False,181,sim_00183,183,182.68797999999998,184.51021475310145,-1.822234753101469,1.822234753101469,3.320539495410772,9.831867631372578,96.66562112083183,,,9.831867631372578,latent predictive variance; numerical jitter excluded,3.221742832391412,,3.221742832391412,165.2397541956112,203.7806753105917,,,True,,"0.771**2 * Matern(length_scale=1.13, nu=2.5)",0.594605323732237,1.1274446507953118,,,,,,,159.00522,False,1e-06,numerical jitter only; separate from WhiteKernel nugget,240,241,True,False,False,False,True,True,False,"[""P"",""VX"",""LS"",""ST""]",159.4294668124879,37.485321799027346,"[158.37942575588622,0.6177321940085125,6.459088870478373e-05,348.4753869781749]","[52.98598213231839,0.24057084860610486,1.3342097076665405e-05,32.497352939436226]",1CDDFB2B6055AE9BB150BF8403DCDF8B64AD49B42EB9A0EE1B87D2A09AAE456A,110.110895975,0.451651242475,8.6859144947e-05,349.969995372,3061010770,fmin_l_bfgs_b,1,-66.35347037710486,0.8610737000126392,0,0,,completed_without_convergence_warning,False,False,,False,,False,,False
phase3b_kernel_noise,Phase 3B,F7F71204D643D1027D0FF4736F24213619BF6A09C2361C3C11F169797AC98A9C,8EE00E603AA7622051F531FE6427BE9BC382D7D2507FEA27865D18BFBDDC8756,width,Melt-pool width,T0,matern52_no_nugget,"Matérn 5/2, no nugget",Matern,2.5,False,182,sim_00184,184,183.0830599999,183.0339714041957,0.04908859570429058,0.04908859570429058,0.002409690228219296,13.749620010822866,189.0520504420206,,,13.749620010822866,latent predictive variance; numerical jitter excluded,3.5399560944455954,,3.5399560944455954,156.0847161829829,209.98322662540852,,,True,,"0.771**2 * Matern(length_scale=1.13, nu=2.5)",0.5940558732926273,1.1275937952196815,,,,,,,159.00522,False,1e-06,numerical jitter only; separate from WhiteKernel nugget,240,241,True,False,False,False,True,True,False,"[""P"",""VX"",""LS"",""ST""]",159.42782064582164,37.484291676927974,"[158.3793379580529,0.6186758821641792,6.471808834280998e-05,348.5748757424373]","[52.98606209573695,0.239470779089231,1.3408104393345787e-05,32.46521092075195]",F45A120071FEBE54379C8201882B09A9FB064C2ECB4AD7A2CC6A108C44C56966,110.131967455,0.225166085115,5.63312318207e-05,326.092691949,2680484565,fmin_l_bfgs_b,1,-65.99555571229769,1.0603893999941647,0,0,,completed_without_convergence_warning,False,False,,False,,False,,False
phase3b_kernel_noise,Phase 3B,F7F71204D643D1027D0FF4736F24213619BF6A09C2361C3C11F169797AC98A9C,8EE00E603AA7622051F531FE6427BE9BC382D7D2507FEA27865D18BFBDDC8756,width,Melt-pool width,T0,matern52_no_nugget,"Matérn 5/2, no nugget",Matern,2.5,False,183,sim_00185,185,113.871955,113.10793811433903,0.7640168856609648,0.7640168856609648,0.5837218015750798,6.2413918797419745,38.95497259650906,,,6.2413918797419745,latent predictive variance; numerical jitter excluded,2.757634011387353,,2.757634011387353,100.87481003004477,125.3410661986333,,,True,,"0.772**2 * Matern(length_scale=1.13, nu=2.5)",0.595525725063621,1.1256810558438834,,,,,,,159.00522,False,1e-06,numerical jitter only; separate from WhiteKernel nugget,240,241,True,False,False,False,True,True,False,"[""P"",""VX"",""LS"",""ST""]",159.7162002499879,37.39884043368066,"[158.34597161264458,0.6160834582699583,6.474074587565206e-05,348.3797893687749]","[53.01390520266704,0.24034737981005339,1.3389305127384446e-05,32.45904666632963]",4BBFE30CE408EA59B93DBFD77740A370A3AC68EDD94B75A22B010A1DDD74B839,118.139890353,0.847347819728,5.08934239386e-05,372.913421628,706781043,fmin_l_bfgs_b,1,-67.3547855539287,1.2160015999688767,0,0,,completed_without_convergence_warning,False,False,,False,,False,,False
phase3b_kernel_noise,Phase 3B,F7F71204D643D1027D0FF4736F24213619BF6A09C2361C3C11F169797AC98A9C,8EE00E603AA7622051F531FE6427BE9BC382D7D2507FEA27865D18BFBDDC8756,width,Melt-pool width,T0,matern52_no_nugget,"Matérn 5/2, no nugget",Matern,2.5,False,184,sim_00186,186,201.9856,204.95894285313028,-2.9733428531302764,2.9733428531302764,8.840767722260892,11.585842977409747,134.23175749719476,,,11.585842977409747,latent predictive variance; numerical jitter excluded,3.401653437020362,,3.401653437020362,182.25069061740717,227.6671950888534,,,True,,"0.772**2 * Matern(length_scale=1.13, nu=2.5)",0.5954534683115932,1.1262596751922955,,,,,,,159.00522,False,1e-06,numerical jitter only; separate from WhiteKernel nugget,240,241,True,False,False,False,True,True,False,"[""P"",""VX"",""LS"",""ST""]",159.3490600624879,37.41458196096509,"[158.33129667241124,0.6184405678233833,6.46542055466954e-05,348.5568077698748]","[53.02454420580621,0.2398293271899555,1.3411386628840714e-05,32.47650936054128]",F2D892051EC8FC39CD724D39BD02FC5BD57B3A237248D1B1C4F9AED6BF46338F,121.661876009,0.281641526906,7.16631028882e-05,330.429005364,1601690575,fmin_l_bfgs_b,1,-66.58323957004981,0.7892381999990903,0,0,,completed_without_convergence_warning,False,False,,False,,False,,False
phase3b_kernel_noise,Phase 3B,F7F71204D643D1027D0FF4736F24213619BF6A09C2361C3C11F169797AC98A9C,8EE00E603AA7622051F531FE6427BE9BC382D7D2507FEA27865D18BFBDDC8756,width,Melt-pool width,T0,matern52_no_nugget,"Matérn 5/2, no nugget",Matern,2.5,False,185,sim_00187,187,164.75191,165.54677157098956,-0.7948615709895535,0.7948615709895535,0.631804917035981,6.770758998362168,45.84317741390227,,,6.770758998362168,latent predictive variance; numerical jitter excluded,2.8384426631044906,,2.8384426631044906,152.2760839341997,178.81745920777942,,,True,,"0.769**2 * Matern(length_scale=1.13, nu=2.5)",0.5919993102200657,1.1252236413829588,,,,,,,159.00522,False,1e-06,numerical jitter only; separate from WhiteKernel nugget,240,241,True,False,False,False,True,True,False,"[""P"",""VX"",""LS"",""ST""]",159.5042004374879,37.51372713738001,"[158.31108711769042,0.6172292046706166,6.464240995765622e-05,348.3221858966124]","[53.03759047006063,0.2407912675134139,1.3403969986762253e-05,32.4031416550917]",E9CDA0818860F951E9A1D57A91937516998C7E1A25D325B7C60DA67D4704CB65,126.512169142,0.57236868357,7.44940442576e-05,386.738254947,369757435,fmin_l_bfgs_b,1,-66.53003431604319,0.949743099976331,0,0,,completed_without_convergence_warning,False,False,,False,,False,,False
phase3b_kernel_noise,Phase 3B,F7F71204D643D1027D0FF4736F24213619BF6A09C2361C3C11F169797AC98A9C,8EE00E603AA7622051F531FE6427BE9BC382D7D2507FEA27865D18BFBDDC8756,width,Melt-pool width,T0,matern52_no_nugget,"Matérn 5/2, no nugget",Matern,2.5,False,186,sim_00188,188,167.303,190.68777861840567,-23.384778618405676,23.384778618405676,546.8478710318433,10.60736428518524,112.51617707862337,,,10.60736428518524,latent predictive variance; numerical jitter excluded,5.710572582149689,,5.710572582149689,169.8973446194426,211.47821261736874,,,False,,"0.78**2 * Matern(length_scale=1.15, nu=2.5)",0.6087923961474005,1.1465882516441759,,,,,,,159.00522,False,1e-06,numerical jitter only; separate from WhiteKernel nugget,240,241,True,False,False,False,True,True,False,"[""P"",""VX"",""LS"",""ST""]",159.49357089582125,37.51187721693353,"[158.3020451931404,0.6171060517284791,6.461602200635456e-05,348.2905854792873]","[53.04282558849771,0.2408066210864441,1.337829093853232e-05,32.361937552865705]",92D45C0725C07D6A198F42B4986F81B972E311F15E56AEED0F87A011EE222932,128.682231034,0.601925389683,8.082715257e-05,394.322355105,2446007932,fmin_l_bfgs_b,1,-63.73239526336371,1.877639900019858,0,0,,completed_without_convergence_warning,False,False,,False,,False,,False
phase3b_kernel_noise,Phase 3B,F7F71204D643D1027D0FF4736F24213619BF6A09C2361C3C11F169797AC98A9C,8EE00E603AA7622051F531FE6427BE9BC382D7D2507FEA27865D18BFBDDC8756,width,Melt-pool width,T0,matern52_no_nugget,"Matérn 5/2, no nugget",Matern,2.5,False,187,sim_00189,189,199.20185,175.78645043537387,23.415399564626142,23.415399564626142,548.2809367710942,6.433642287392049,41.391753082119195,,,6.433642287392049,latent predictive variance; numerical jitter excluded,9.403549128893976,,9.403549128893976,163.17651155208546,188.39638931866227,,,False,,"0.772**2 * Matern(length_scale=1.15, nu=2.5)",0.5960642381596761,1.1506037201296164,,,,,,,159.00522,False,1e-06,numerical jitter only; separate from WhiteKernel nugget,240,241,True,False,False,False,True,True,False,"[""P"",""VX"",""LS"",""ST""]",159.36065902082126,37.42736430845892,"[158.29834762871124,0.6184175977368167,6.468114353422122e-05,348.29317031409147]","[53.044859258993434,0.23986131749209239,1.3418942566019134e-05,32.36558914967606]",E831110A1F558E15785CEAD3F72DA3341A4E8686491F23F0E5538617F82EB3E9,129.569646497,0.287154347682,6.5197985882e-05,393.701994752,2494759811,fmin_l_bfgs_b,1,-60.70095890391872,1.7404609000077471,0,0,,completed_without_convergence_warning,False,False,,False,,False,,False
phase3b_kernel_noise,Phase 3B,F7F71204D643D1027D0FF4736F24213619BF6A09C2361C3C11F169797AC98A9C,8EE00E603AA7622051F531FE6427BE9BC382D7D2507FEA27865D18BFBDDC8756,width,Melt-pool width,T0,matern52_no_nugget,"Matérn 5/2, no nugget",Matern,2.5,False,188,sim_00190,190,124.58859,123.85022070996564,0.7383692900343561,0.7383692900343561,0.5451892084658392,9.291047238207332,86.32355878260009,,,9.291047238207332,latent predictive variance; numerical jitter excluded,3.151147631131474,,3.151147631131474,105.63976812307928,142.060673296852,,,True,,"0.771**2 * Matern(length_scale=1.13, nu=2.5)",0.5947358776654199,1.1261435118001593,,,,,,,159.00522,False,1e-06,numerical jitter only; separate from WhiteKernel nugget,240,241,True,False,False,False,True,True,False,"[""P"",""VX"",""LS"",""ST""]",159.67154760415457,37.447121111124616,"[158.29218024277372,0.6163632557621624,6.473161638001498e-05,348.3096667778291]","[53.04811296312684,0.24057724389241641,1.3397993996535118e-05,32.387712900541715]",539A7FA289095C899C06EBE1CA10322BF49C51D9152139B9462BD25E22DB49E1,131.049819122,0.780196421599,5.30845028915e-05,389.742843455,317612701,fmin_l_bfgs_b,1,-66.64050416804844,1.9061633999808691,0,0,,completed_without_convergence_warning,False,False,,False,,False,,False
phase3b_kernel_noise,Phase 3B,F7F71204D643D1027D0FF4736F24213619BF6A09C2361C3C11F169797AC98A9C,8EE00E603AA7622051F531FE6427BE9BC382D7D2507FEA27865D18BFBDDC8756,width,Melt-pool width,T0,matern52_no_nugget,"Matérn 5/2, no nugget",Matern,2.5,False,189,sim_00191,191,135.41631,135.54963480137576,-0.13332480137574976,0.13332480137574976,0.017775502661883123,10.012369037968737,100.24753375247501,,,10.012369037968737,latent predictive variance; numerical jitter excluded,3.2228484237149986,,3.2228484237149986,115.92539148695704,155.17387811579448,,,True,,"0.77**2 * Matern(length_scale=1.13, nu=2.5)",0.593460149813044,1.1253777724184122,,,,,,,159.00522,False,1e-06,numerical jitter only; separate from WhiteKernel nugget,240,241,True,False,False,False,True,True,False,"[""P"",""VX"",""LS"",""ST""]",159.62643210415456,37.482821618026776,"[158.28771420357373,0.6163299571637499,6.46850530781854e-05,348.340082505854]","[53.05036110138195,0.24055401104385135,1.341895589281024e-05,32.423162003647086]",A07770E792D0A6E8FACE86D32B395FD37FBEFA90B2AA2E3234A9163489417D26,132.12166853,0.788188085218,6.42596953306e-05,382.443068729,395112495,fmin_l_bfgs_b,1,-66.33778087878181,1.5724043999798596,0,0,,completed_without_convergence_warning,False,False,,False,,False,,False
phase3b_kernel_noise,Phase 3B,F7F71204D643D1027D0FF4736F24213619BF6A09C2361C3C11F169797AC98A9C,8EE00E603AA7622051F531FE6427BE9BC382D7D2507FEA27865D18BFBDDC8756,width,Melt-pool width,T0,matern52_no_nugget,"Matérn 5/2, no nugget",Matern,2.5,False,190,sim_00192,192,188.14419,198.1864641817204,-10.042274181720387,10.042274181720387,100.84727074084788,6.624721647344347,43.8869369047928,,,6.624721647344347,latent predictive variance; numerical jitter excluded,3.9586909464676165,,3.9586909464676165,185.20200975292548,211.17091861051532,,,True,,"0.772**2 * Matern(length_scale=1.13, nu=2.5)",0.5966622239828917,1.1324423458673232,,,,,,,159.00522,False,1e-06,numerical jitter only; separate from WhiteKernel nugget,240,241,True,False,False,False,True,True,False,"[""P"",""VX"",""LS"",""ST""]",159.40673260415457,37.469551146883234,"[158.27598554207373,0.6181836631158292,6.470524783344207e-05,348.31094639795816]","[53.05583328956745,0.24015672110452704,1.3414652834876436e-05,32.3893437686167]",0372FCB8CE6ACEF46F6E24708468C46652119BD2466AD2A075A0D58BDC105677,134.93654729,0.343298656719,5.9412954069e-05,389.435734624,4195554529,fmin_l_bfgs_b,1,-65.67122415733158,0.5294348999741487,0,0,,completed_without_convergence_warning,False,False,,False,,False,,False
phase3b_kernel_noise,Phase 3B,F7F71204D643D1027D0FF4736F24213619BF6A09C2361C3C11F169797AC98A9C,8EE00E603AA7622051F531FE6427BE9BC382D7D2507FEA27865D18BFBDDC8756,width,Melt-pool width,T0,matern52_no_nugget,"Matérn 5/2, no nugget",Matern,2.5,False,191,sim_00193,193,127.56222,131.55951081919872,-3.9972908191987244,3.9972908191987244,15.97833389325041,8.181811762841294,66.94204372256816,,,8.181811762841294,latent predictive variance; numerical jitter excluded,3.1401966792019556,,3.1401966792019556,115.52315976402978,147.59586187436764,,,True,,"0.771**2 * Matern(length_scale=1.13, nu=2.5)",0.5946284987877664,1.1257598310529786,,,,,,,159.00522,False,1e-06,numerical jitter only; separate from WhiteKernel nugget,240,241,True,False,False,False,True,True,False,"[""P"",""VX"",""LS"",""ST""]",159.65915747915457,37.4582333647598,"[158.2671514220696,0.6161079998389916,6.470158247822706e-05,348.5044619264915]","[53.05954207117787,0.24037069083102922,1.3415978129066942e-05,32.4955555332197]",CF5C64E38876AC5BF3DC9450BE5206313BA0B4E73AC4E6EAC4EB7BF183C39526,137.056736091,0.84145784316,6.02926393206e-05,342.992007776,4253167788,fmin_l_bfgs_b,1,-66.58213927462333,1.3057443000143394,0,0,,completed_without_convergence_warning,False,False,,False,,False,,False
phase3b_kernel_noise,Phase 3B,F7F71204D643D1027D0FF4736F24213619BF6A09C2361C3C11F169797AC98A9C,8EE00E603AA7622051F531FE6427BE9BC382D7D2507FEA27865D18BFBDDC8756,width,Melt-pool width,T0,matern52_no_nugget,"Matérn 5/2, no nugget",Matern,2.5,False,192,sim_00194,194,135.709645,137.1410948848511,-1.431449884851105,1.431449884851105,2.049048772840242,8.228818622001072,67.71345591379162,,,8.228818622001072,latent predictive variance; numerical jitter excluded,3.041711284653847,,3.041711284653847,121.012610385729,153.2695793839732,,,True,,"0.77**2 * Matern(length_scale=1.13, nu=2.5)",0.5931125985125646,1.1265895711959777,,,,,,,159.00522,False,1e-06,numerical jitter only; separate from WhiteKernel nugget,240,241,True,False,False,False,True,True,False,"[""P"",""VX"",""LS"",""ST""]",159.6252098749879,37.48360624415836,"[158.2582798833904,0.61572761468895,6.460851619430247e-05,348.38713610935406]","[53.062909599184934,0.2399411564588857,1.336868489302451e-05,32.46439876345165]",302353792A3772D06EE57D01A5EAF4D9F78C62392596132487042BA8976C946C,139.185905374,0.93275027917,8.26285474625e-05,371.150203889,2257113294,fmin_l_bfgs_b,1,-66.5130854763853,1.2641452999669127,0,0,,completed_without_convergence_warning,False,False,,False,,False,,False
phase3b_kernel_noise,Phase 3B,F7F71204D643D1027D0FF4736F24213619BF6A09C2361C3C11F169797AC98A9C,8EE00E603AA7622051F531FE6427BE9BC382D7D2507FEA27865D18BFBDDC8756,width,Melt-pool width,T0,matern52_no_nugget,"Matérn 5/2, no nugget",Matern,2.5,False,193,sim_00195,195,173.04619,170.69499274951843,2.3511972504815617,2.3511972504815617,5.5281285106720555,4.954406110362063,24.54613990639295,,,4.954406110362063,latent predictive variance; numerical jitter excluded,2.6318227181613363,,2.6318227181613363,160.9843567732088,180.40562872582808,,,True,,"0.77**2 * Matern(length_scale=1.13, nu=2.5)",0.5926634331792445,1.1255580598477093,,,,,,,159.00522,False,1e-06,numerical jitter only; separate from WhiteKernel nugget,240,241,True,False,False,False,True,True,False,"[""P"",""VX"",""LS"",""ST""]",159.4696409374879,37.50505521622185,"[158.2535766699529,0.6171299225188458,6.461114623446622e-05,348.50640508662906]","[53.06454981487373,0.24080483110797668,1.3372167197471852e-05,32.49521189752801]",98BA4194379B45AF77BF9F497523BDF893A734C3FA44533F08669A6CFFEE90D8,140.314676599,0.596196399995,8.19973378232e-05,342.525649343,2590962291,fmin_l_bfgs_b,1,-66.8060597609178,1.627680599980522,0,0,,completed_without_convergence_warning,False,False,,False,,False,,False
phase3b_kernel_noise,Phase 3B,F7F71204D643D1027D0FF4736F24213619BF6A09C2361C3C11F169797AC98A9C,8EE00E603AA7622051F531FE6427BE9BC382D7D2507FEA27865D18BFBDDC8756,width,Melt-pool width,T0,matern52_no_nugget,"Matérn 5/2, no nugget",Matern,2.5,False,194,sim_00196,196,191.54032,190.80084294223312,0.7394770577668908,0.7394770577668908,0.5468263189635775,9.629016011779953,92.71794935511471,,,9.629016011779953,latent predictive variance; numerical jitter excluded,3.1866684441180206,,3.1866684441180206,171.9279715591444,209.67371432532184,,,True,,"0.771**2 * Matern(length_scale=1.13, nu=2.5)",0.5941415851882047,1.1256185004858752,,,,,,,159.00522,False,1e-06,numerical jitter only; separate from WhiteKernel nugget,240,241,True,False,False,False,True,True,False,"[""P"",""VX"",""LS"",""ST""]",159.3925820624879,37.458052600948854,"[158.2488392138904,0.6180379254948458,6.466722326355956e-05,348.6204871721165]","[53.06610036243413,0.24031282561897355,1.3416666161941019e-05,32.42587938718032]",01ADCFA95AF64FBDE0110384253B27C41D3C27069CC3F2EFA3149125261ED796,141.451666054,0.378275685755,6.85388508408e-05,315.145948826,1822676530,fmin_l_bfgs_b,1,-66.51946798865512,0.8510695999721065,0,0,,completed_without_convergence_warning,False,False,,False,,False,,False
phase3b_kernel_noise,Phase 3B,F7F71204D643D1027D0FF4736F24213619BF6A09C2361C3C11F169797AC98A9C,8EE00E603AA7622051F531FE6427BE9BC382D7D2507FEA27865D18BFBDDC8756,width,Melt-pool width,T0,matern52_no_nugget,"Matérn 5/2, no nugget",Matern,2.5,False,195,sim_00197,197,227.3124,217.00140208615272,10.310997913847274,10.310997913847274,106.31667797936284,10.202982869598694,104.1008594373244,,,10.202982869598694,latent predictive variance; numerical jitter excluded,3.752261301430262,,3.752261301430262,197.00355566173928,236.99924851056616,,,True,,"0.771**2 * Matern(length_scale=1.13, nu=2.5)",0.5949461070848359,1.1255079792319251,,,,,,,159.00522,False,1e-06,numerical jitter only; separate from WhiteKernel nugget,240,241,True,False,False,False,True,True,False,"[""P"",""VX"",""LS"",""ST""]",159.24353172915457,37.258131811653676,"[158.23322122844456,0.6185590796746501,6.46298285128629e-05,348.2723735801999]","[53.0704899036526,0.23965577807661187,1.3393295608863089e-05,32.33478648501358]",A838C9F546A271738D99720EC2A4E92C688BBBF7333AE141416AC7FB4E5DD221,145.199982561,0.253198682602,7.7513591008e-05,398.693210886,444180776,fmin_l_bfgs_b,1,-67.21174577898691,1.2763027000473812,0,0,,completed_without_convergence_warning,False,False,,False,,False,,False
phase3b_kernel_noise,Phase 3B,F7F71204D643D1027D0FF4736F24213619BF6A09C2361C3C11F169797AC98A9C,8EE00E603AA7622051F531FE6427BE9BC382D7D2507FEA27865D18BFBDDC8756,width,Melt-pool width,T0,matern52_no_nugget,"Matérn 5/2, no nugget",Matern,2.5,False,196,sim_00198,198,226.0234,221.8433065521528,4.180093447847213,4.180093447847213,17.4731812327352,9.17360577886673,84.15504298605705,,,9.17360577886673,latent predictive variance; numerical jitter excluded,3.2390843707561148,,3.2390843707561148,203.863039225574,239.8235738787316,,,True,,"0.775**2 * Matern(length_scale=1.13, nu=2.5)",0.6011421772234808,1.1277804558019584,,,,,,,159.00522,False,1e-06,numerical jitter only; separate from WhiteKernel nugget,240,241,True,False,False,False,True,True,False,"[""P"",""VX"",""LS"",""ST""]",159.2489025624879,37.267849513191464,"[158.21580014254457,0.6183963239275416,6.462799784682915e-05,348.33174445915824]","[53.074079010794655,0.23989046879957462,1.3391504316585543e-05,32.41413232963489]",039500331B1564D7457D32D795515BAF67FF6621242020306C3A16E9B7439934,149.381043177,0.292260061908,7.79529508561e-05,384.444199936,2777073157,fmin_l_bfgs_b,1,-67.67758309406085,0.7287070999736898,0,0,,completed_without_convergence_warning,False,False,,False,,False,,False
phase3b_kernel_noise,Phase 3B,F7F71204D643D1027D0FF4736F24213619BF6A09C2361C3C11F169797AC98A9C,8EE00E603AA7622051F531FE6427BE9BC382D7D2507FEA27865D18BFBDDC8756,width,Melt-pool width,T0,matern52_no_nugget,"Matérn 5/2, no nugget",Matern,2.5,False,197,sim_00199,199,167.63282999999998,143.06655027841856,24.566279721581424,24.566279721581424,603.5020993589827,5.662511694807749,32.06403869383453,,,5.662511694807749,latent predictive variance; numerical jitter excluded,12.06369323802815,,12.06369323802815,131.96802735659537,154.16507320024175,,,False,,"0.78**2 * Matern(length_scale=1.17, nu=2.5)",0.6089834901496807,1.168319948756431,,,,,,,159.00522,False,1e-06,numerical jitter only; separate from WhiteKernel nugget,240,241,True,False,False,False,True,True,False,"[""P"",""VX"",""LS"",""ST""]",159.49219660415457,37.51158504116189,"[158.21007377425707,0.6172548409711083,6.466576818206748e-05,348.41177301385403]","[53.07495776999273,0.24078616240374268,1.3416227248132452e-05,32.479416999911855]",591531B595DEA8857C8D48E5438C2B1CBE874C7486D0AEAEEAD146E1B32C4D54,150.755371566,0.566215971452,6.88880703989e-05,365.237346809,2995227632,fmin_l_bfgs_b,1,-57.874992470961644,0.7653559999889694,0,0,,completed_without_convergence_warning,False,False,,False,,False,,False
phase3b_kernel_noise,Phase 3B,F7F71204D643D1027D0FF4736F24213619BF6A09C2361C3C11F169797AC98A9C,8EE00E603AA7622051F531FE6427BE9BC382D7D2507FEA27865D18BFBDDC8756,width,Melt-pool width,T0,matern52_no_nugget,"Matérn 5/2, no nugget",Matern,2.5,False,198,sim_00200,200,135.0750499999,134.38851882537887,0.6865311745211216,0.6865311745211216,0.4713250535893507,9.636771054498594,92.86735635682193,,,9.636771054498594,latent predictive variance; numerical jitter excluded,3.1870622578824888,,3.1870622578824888,115.50044755856163,153.2765900921961,,,True,,"0.77**2 * Matern(length_scale=1.13, nu=2.5)",0.5934512609216429,1.1261858158377485,,,,,,,159.00522,False,1e-06,numerical jitter only; separate from WhiteKernel nugget,240,241,True,False,False,False,True,True,False,"[""P"",""VX"",""LS"",""ST""]",159.62785402082167,37.48189669202217,"[158.1920153232404,0.6155831188575083,6.466561758016956e-05,348.5894288825832]","[53.07675377311099,0.23973967090560763,1.341617964749922e-05,32.454344933441774]",5DAC0F1EA9C7B5A0627953946D252C9E8BBD916A13AD7B168F56997E9E514FFC,155.08939981,0.967429278716,6.89242148544e-05,322.599938314,270633854,fmin_l_bfgs_b,1,-66.3599962488374,0.8487804000033066,0,0,,completed_without_convergence_warning,False,False,,False,,False,,False
phase3b_kernel_noise,Phase 3B,F7F71204D643D1027D0FF4736F24213619BF6A09C2361C3C11F169797AC98A9C,8EE00E603AA7622051F531FE6427BE9BC382D7D2507FEA27865D18BFBDDC8756,width,Melt-pool width,T0,matern52_no_nugget,"Matérn 5/2, no nugget",Matern,2.5,False,199,sim_00201,201,141.259585,145.102276500184,-3.842691500184003,3.842691500184003,14.766277965586383,10.125295087596475,102.52160061090531,,,10.125295087596475,latent predictive variance; numerical jitter excluded,3.305990738081434,,3.305990738081434,125.2566981284949,164.9478548718731,,,True,,"0.771**2 * Matern(length_scale=1.13, nu=2.5)",0.5939391440105543,1.1295125220523625,,,,,,,159.00522,False,1e-06,numerical jitter only; separate from WhiteKernel nugget,240,241,True,False,False,False,True,True,False,"[""P"",""VX"",""LS"",""ST""]",159.6020851249879,37.49663910613478,"[158.18598712804456,0.6154796102171584,6.459924861557331e-05,348.2691872754707]","[53.07702365151251,0.23958232298602775,1.33554121104624e-05,32.329779738889165]",51E298746F28071336545754E888BF3837F9A601442E12CA8D6E33D64B10F6B7,156.536166657,0.9922713524,8.48527663575e-05,399.457924021,3390662005,fmin_l_bfgs_b,1,-66.13897619997684,1.2098704000236467,0,0,,completed_without_convergence_warning,False,False,,False,,False,,False
phase3b_kernel_noise,Phase 3B,F7F71204D643D1027D0FF4736F24213619BF6A09C2361C3C11F169797AC98A9C,8EE00E603AA7622051F531FE6427BE9BC382D7D2507FEA27865D18BFBDDC8756,width,Melt-pool width,T0,matern52_no_nugget,"Matérn 5/2, no nugget",Matern,2.5,False,200,sim_00202,202,151.491825,148.6636508106737,2.828174189326319,2.828174189326319,7.998569245171581,8.942437040748262,79.96718022774652,,,8.942437040748262,latent predictive variance; numerical jitter excluded,3.1597582597663822,,3.1597582597663822,131.13647421080708,166.1908274105403,,,True,,"0.77**2 * Matern(length_scale=1.13, nu=2.5)",0.5931918836188705,1.1284062238015538,,,,,,,159.00522,False,1e-06,numerical jitter only; separate from WhiteKernel nugget,240,241,True,False,False,False,True,True,False,"[""P"",""VX"",""LS"",""ST""]",159.55945079165457,37.5116504884472,"[158.1623832111321,0.6158289622811667,6.45960090926779e-05,348.28685066069573]","[53.076492463561486,0.2400698692853228,1.3350403739020036e-05,32.356572746196726]",C6BBA4CBFF10224487D9E854729A59F2F62E26E24BA66C87609FC66B765C5215,162.201106716,0.908426857038,8.56302518524e-05,395.218711567,2308991675,fmin_l_bfgs_b,1,-66.20536716697328,0.9184569999924861,0,0,,completed_without_convergence_warning,False,False,,False,,False,,False
phase3b_kernel_noise,Phase 3B,F7F71204D643D1027D0FF4736F24213619BF6A09C2361C3C11F169797AC98A9C,8EE00E603AA7622051F531FE6427BE9BC382D7D2507FEA27865D18BFBDDC8756,width,Melt-pool width,T0,matern52_no_nugget,"Matérn 5/2, no nugget",Matern,2.5,False,201,sim_00203,203,200.75570999989998,192.03442224292803,8.721287756971947,8.721287756971947,76.06086013990877,14.141580328793736,199.98429419572597,,,14.141580328793736,latent predictive variance; numerical jitter excluded,3.7582250344109975,,3.7582250344109975,164.31692479849232,219.75191968736374,,,True,,"0.771**2 * Matern(length_scale=1.13, nu=2.5)",0.594618032819576,1.1271392668795048,,,,,,,159.00522,False,1e-06,numerical jitter only; separate from WhiteKernel nugget,240,241,True,False,False,False,True,True,False,"[""P"",""VX"",""LS"",""ST""]",159.354184604155,37.42033671523007,"[158.1467146763779,0.6185224782908458,6.472472650553206e-05,348.6525877958957]","[53.074742809144134,0.23971089774846277,1.3403555389223239e-05,32.38889020092193]",98DE4B439DF29F78A9B74FE33E965B4F354FBD8A68D13004880AF886B35AA1B0,165.961555057,0.261983014715,5.47380727674e-05,307.441799119,1122169399,fmin_l_bfgs_b,1,-66.16987611464717,1.2735504999873228,0,0,,completed_without_convergence_warning,False,False,,False,,False,,False
phase3b_kernel_noise,Phase 3B,F7F71204D643D1027D0FF4736F24213619BF6A09C2361C3C11F169797AC98A9C,8EE00E603AA7622051F531FE6427BE9BC382D7D2507FEA27865D18BFBDDC8756,width,Melt-pool width,T0,matern52_no_nugget,"Matérn 5/2, no nugget",Matern,2.5,False,202,sim_00204,204,159.232705,163.22335044373185,-3.990645443731836,3.990645443731836,15.925251057577661,8.446925678539296,71.35055341876655,,,8.446925678539296,latent predictive variance; numerical jitter excluded,3.164339734616846,,3.164339734616846,146.66737611379483,179.77932477366886,,,True,,"0.771**2 * Matern(length_scale=1.13, nu=2.5)",0.5937286579874489,1.127310948072355,,,,,,,159.00522,False,1e-06,numerical jitter only; separate from WhiteKernel nugget,240,241,True,False,False,False,True,True,False,"[""P"",""VX"",""LS"",""ST""]",159.5271971249879,37.515245318821144,"[158.1224133278779,0.6162687715307082,6.463767511206122e-05,348.31214065608737]","[53.06982361053026,0.2405084187825474,1.3400287927863677e-05,32.390854778163536]",4529EF670D8A1FBBC4FE67A465E0B81F00295BD40473F03713AE2EFDAE2071DA,171.793878697,0.802872637148,7.56304072004e-05,389.149112673,625477626,fmin_l_bfgs_b,1,-66.18182714699464,0.6332652999553829,0,0,,completed_without_convergence_warning,False,False,,False,,False,,False
phase3b_kernel_noise,Phase 3B,F7F71204D643D1027D0FF4736F24213619BF6A09C2361C3C11F169797AC98A9C,8EE00E603AA7622051F531FE6427BE9BC382D7D2507FEA27865D18BFBDDC8756,width,Melt-pool width,T0,matern52_no_nugget,"Matérn 5/2, no nugget",Matern,2.5,False,203,sim_00205,205,159.315025,163.89999539864743,-4.584970398647442,4.584970398647442,21.021953556473285,6.65549466470969,44.29560923197915,,,6.65549466470969,latent predictive variance; numerical jitter excluded,3.051672929921396,,3.051672929921396,150.85522585581646,176.9447649414784,,,True,,"0.771**2 * Matern(length_scale=1.13, nu=2.5)",0.5942130955460466,1.1275917881598951,,,,,,,159.00522,False,1e-06,numerical jitter only; separate from WhiteKernel nugget,240,241,True,False,False,False,True,True,False,"[""P"",""VX"",""LS"",""ST""]",159.52685412498792,37.51524763345593,"[158.09580810580707,0.6168042229966499,6.468623012886998e-05,348.2973380253874]","[53.06136187838237,0.24078006030074034,1.3418906141146044e-05,32.37137125023753]",CE66DBFF951E45A11158D60547EEB9FA80FF52B5FC541171EF340A41209C1BDB,178.179131994,0.674364285322,6.39772031663e-05,392.701744041,1012388381,fmin_l_bfgs_b,1,-66.29562329366306,1.079252700030338,0,0,,completed_without_convergence_warning,False,False,,False,,False,,False
phase3b_kernel_noise,Phase 3B,F7F71204D643D1027D0FF4736F24213619BF6A09C2361C3C11F169797AC98A9C,8EE00E603AA7622051F531FE6427BE9BC382D7D2507FEA27865D18BFBDDC8756,width,Melt-pool width,T0,matern52_no_nugget,"Matérn 5/2, no nugget",Matern,2.5,False,204,sim_00206,206,167.258645,169.33034955473158,-2.071704554731582,2.071704554731582,4.2919597620955825,14.365194917679004,206.35882502291068,,,14.365194917679004,latent predictive variance; numerical jitter excluded,3.594146058381303,,3.594146058381303,141.17456751608074,197.48613159338242,,,True,,"0.771**2 * Matern(length_scale=1.13, nu=2.5)",0.5942885340761958,1.1282440810406134,,,,,,,159.00522,False,1e-06,numerical jitter only; separate from WhiteKernel nugget,240,241,True,False,False,False,True,True,False,"[""P"",""VX"",""LS"",""ST""]",159.49375570832123,37.51191558247879,"[158.0864579191154,0.6160582285707707,6.45811230403904e-05,348.54850518648317]","[53.05762423129488,0.24032278318008576,1.3324925592007622e-05,32.480887651062794]",61ABA87B525A74EA871BD0D3A846917CD649E617F7AD6FC81A2E94A0123092DD,180.4231768,0.853402947533,8.92029044014e-05,332.421625378,2059707736,fmin_l_bfgs_b,1,-65.79832598713355,0.9987695000017993,0,0,,completed_without_convergence_warning,False,False,,False,,False,,False
phase3b_kernel_noise,Phase 3B,F7F71204D643D1027D0FF4736F24213619BF6A09C2361C3C11F169797AC98A9C,8EE00E603AA7622051F531FE6427BE9BC382D7D2507FEA27865D18BFBDDC8756,width,Melt-pool width,T0,matern52_no_nugget,"Matérn 5/2, no nugget",Matern,2.5,False,205,sim_00207,207,143.159445,143.25654493474033,-0.09709993474032785,0.09709993474032785,0.009428397326575928,11.486172590051053,131.93216076844013,,,11.486172590051053,latent predictive variance; numerical jitter excluded,3.3601181936471907,,3.3601181936471907,120.74364665824027,165.7694432112404,,,True,,"0.771**2 * Matern(length_scale=1.13, nu=2.5)",0.5938585523378224,1.1279232406110167,,,,,,,159.00522,False,1e-06,numerical jitter only; separate from WhiteKernel nugget,240,241,True,False,False,False,True,True,False,"[""P"",""VX"",""LS"",""ST""]",159.59416904165457,37.500309914190325,"[158.0814358275029,0.6156435065472167,6.46645853600529e-05,348.26958462322904]","[53.055452656760934,0.23982644831455277,1.341584242357277e-05,32.33040827726028]",F5CF566C6E263EF70A533366703DB5B78575363972EF3B6D5866F42ED258BEB2,181.628478787,0.952936233186,6.91719476824e-05,399.362560559,313513840,fmin_l_bfgs_b,1,-66.05710169705742,0.8378852999885567,0,0,,completed_without_convergence_warning,False,False,,False,,False,,False
phase3b_kernel_noise,Phase 3B,F7F71204D643D1027D0FF4736F24213619BF6A09C2361C3C11F169797AC98A9C,8EE00E603AA7622051F531FE6427BE9BC382D7D2507FEA27865D18BFBDDC8756,width,Melt-pool width,T0,matern52_no_nugget,"Matérn 5/2, no nugget",Matern,2.5,False,206,sim_00208,208,214.82080000000002,201.7962447855353,13.024555214464726,13.024555214464726,169.6390385346403,7.463973008445898,55.710893070808915,,,7.463973008445898,latent predictive variance; numerical jitter excluded,4.451520718548902,,4.451520718548902,187.16685768898134,216.42563188208925,,,True,,"0.772**2 * Matern(length_scale=1.13, nu=2.5)",0.5964993635120861,1.1310036640024572,,,,,,,159.00522,False,1e-06,numerical jitter only; separate from WhiteKernel nugget,240,241,True,False,False,False,True,True,False,"[""P"",""VX"",""LS"",""ST""]",159.2955800624879,37.34436038273594,"[158.05229115773625,0.6185580307547042,6.47034005358604e-05,348.3753401301415]","[53.04058641072666,0.23965737661913497,1.341535095137991e-05,32.45561011209701]",92F35DFDF9B9775BF1E6B5F3C6B63A8288CA7CADF690E9E08839AC8454DE32E1,188.623199531,0.253450423389,5.98563054886e-05,373.9812389,2154429815,fmin_l_bfgs_b,1,-65.97814325839826,0.641959200031124,0,0,,completed_without_convergence_warning,False,False,,False,,False,,False
phase3b_kernel_noise,Phase 3B,F7F71204D643D1027D0FF4736F24213619BF6A09C2361C3C11F169797AC98A9C,8EE00E603AA7622051F531FE6427BE9BC382D7D2507FEA27865D18BFBDDC8756,width,Melt-pool width,T0,matern52_no_nugget,"Matérn 5/2, no nugget",Matern,2.5,False,207,sim_00209,209,167.59313999999998,158.145334048258,9.44780595174197,9.44780595174197,89.26103730177098,6.247313168942432,39.028921830841526,,,6.247313168942432,latent predictive variance; numerical jitter excluded,3.894614263755865,,3.894614263755865,145.90060023713085,170.39006785938517,,,True,,"0.773**2 * Matern(length_scale=1.13, nu=2.5)",0.5977040853855087,1.1331866521988299,,,,,,,159.00522,False,1e-06,numerical jitter only; separate from WhiteKernel nugget,240,241,True,False,False,False,True,True,False,"[""P"",""VX"",""LS"",""ST""]",159.4923619791546,37.51162084239674,"[158.04669242741122,0.6169287895845875,6.467161684713707e-05,348.31638620097493]","[53.03728816518557,0.24080207225512962,1.3417760594737231e-05,32.39613988910762]",FA67A57668F3773F536D68B42CD906D5ADECE8EABF57CA7F91774EF2398A03A2,189.966894809,0.644468304217,6.74843907822e-05,388.1301819,1688103881,fmin_l_bfgs_b,1,-65.489513172199,1.0343344999710098,0,0,,completed_without_convergence_warning,False,False,,False,,False,,False
phase3b_kernel_noise,Phase 3B,F7F71204D643D1027D0FF4736F24213619BF6A09C2361C3C11F169797AC98A9C,8EE00E603AA7622051F531FE6427BE9BC382D7D2507FEA27865D18BFBDDC8756,width,Melt-pool width,T0,matern52_no_nugget,"Matérn 5/2, no nugget",Matern,2.5,False,208,sim_00210,210,204.195,196.25048533906505,7.944514660934942,7.944514660934942,63.11531319781024,6.780363869046329,45.9733341966689,,,6.780363869046329,latent predictive variance; numerical jitter excluded,3.5194032345691024,,3.5194032345691024,182.96097215573425,209.53999852239585,,,True,,"0.773**2 * Matern(length_scale=1.13, nu=2.5)",0.5967824473839747,1.1285428719408281,,,,,,,159.00522,False,1e-06,numerical jitter only; separate from WhiteKernel nugget,240,241,True,False,False,False,True,True,False,"[""P"",""VX"",""LS"",""ST""]",159.33985422915458,37.403816776327666,"[158.04061499141542,0.6179155634725959,6.467420370941582e-05,348.3649019407915]","[53.03354644517964,0.24042737235610426,1.3418242774590925e-05,32.44696921072484]",DC3D358750CBC4F68DA1333CCE31F95CA89B894D24AE76CCDE7B7BD06585CEC5,191.425479448,0.407642571095,6.68635438353e-05,376.486404344,1068645647,fmin_l_bfgs_b,1,-66.54244352021422,1.5794514000299387,0,0,,completed_without_convergence_warning,False,False,,False,,False,,False
phase3b_kernel_noise,Phase 3B,F7F71204D643D1027D0FF4736F24213619BF6A09C2361C3C11F169797AC98A9C,8EE00E603AA7622051F531FE6427BE9BC382D7D2507FEA27865D18BFBDDC8756,width,Melt-pool width,T0,matern52_no_nugget,"Matérn 5/2, no nugget",Matern,2.5,False,209,sim_00211,211,161.6160599999,169.40744750297412,-7.791387503074134,7.791387503074134,60.70571922305979,7.381495045831907,54.48646911164099,,,7.381495045831907,latent predictive variance; numerical jitter excluded,3.4749862418333866,,3.4749862418333866,154.93971721314358,183.87517779280466,,,True,,"0.771**2 * Matern(length_scale=1.13, nu=2.5)",0.5939360339537318,1.1288924786627428,,,,,,,159.00522,False,1e-06,numerical jitter only; separate from WhiteKernel nugget,240,241,True,False,False,False,True,True,False,"[""P"",""VX"",""LS"",""ST""]",159.51726647915498,37.51500651010466,"[158.02864025345292,0.6162534573090959,6.464665807304207e-05,348.342149546554]","[53.02568189573128,0.2404964190975826,1.340692969929319e-05,32.42532018539485]",F9BC6308A2710AB42926FA795AAA791AB5121887E188EBA7F6FF441A907E8E25,194.299416559,0.806548050335,7.3474496565e-05,381.946978961,2173145021,fmin_l_bfgs_b,1,-65.88090848388035,1.5083596999756992,0,0,,completed_without_convergence_warning,False,False,,False,,False,,False
phase3b_kernel_noise,Phase 3B,F7F71204D643D1027D0FF4736F24213619BF6A09C2361C3C11F169797AC98A9C,8EE00E603AA7622051F531FE6427BE9BC382D7D2507FEA27865D18BFBDDC8756,width,Melt-pool width,T0,matern52_no_nugget,"Matérn 5/2, no nugget",Matern,2.5,False,210,sim_00212,212,207.4467,216.3650401361948,-8.918340136194814,8.918340136194814,79.53679078486334,7.376634991789906,54.414743802099274,,,7.376634991789906,latent predictive variance; numerical jitter excluded,3.6480947085718642,,3.6480947085718642,201.9068355522866,230.82324472010302,,,True,,"0.774**2 * Matern(length_scale=1.13, nu=2.5)",0.5985742613549734,1.1294511775575298,,,,,,,159.00522,False,1e-06,numerical jitter only; separate from WhiteKernel nugget,240,241,True,False,False,False,True,True,False,"[""P"",""VX"",""LS"",""ST""]",159.32630547915457,37.38697376206803,"[158.01947497428625,0.618056965543246,6.468235768386206e-05,348.46275635342903]","[53.01922134812948,0.2402936466482771,1.3418976092296253e-05,32.4961804681492]",B129E18DB32255584108BDA45BC3F65E2706CF5A64816C0703BACDC6FA5F8ACE,196.499083559,0.373706074139,6.49065899682e-05,353.001345311,3125282767,fmin_l_bfgs_b,1,-66.52718243055571,1.236740699969232,0,0,,completed_without_convergence_warning,False,False,,False,,False,,False
phase3b_kernel_noise,Phase 3B,F7F71204D643D1027D0FF4736F24213619BF6A09C2361C3C11F169797AC98A9C,8EE00E603AA7622051F531FE6427BE9BC382D7D2507FEA27865D18BFBDDC8756,width,Melt-pool width,T0,matern52_no_nugget,"Matérn 5/2, no nugget",Matern,2.5,False,211,sim_00213,213,208.8789,210.53951231704107,-1.6606123170410854,1.6606123170410854,2.757633267508562,9.970200725791837,99.40490251258008,,,9.970200725791837,latent predictive variance; numerical jitter excluded,3.23240996054161,,3.23240996054161,190.99791889448906,230.08110573959308,,,True,,"0.772**2 * Matern(length_scale=1.13, nu=2.5)",0.5957456529302678,1.1253165909780949,,,,,,,159.00522,False,1e-06,numerical jitter only; separate from WhiteKernel nugget,240,241,True,False,False,False,True,True,False,"[""P"",""VX"",""LS"",""ST""]",159.32033797915457,37.37917746436378,"[158.0086688308696,0.6182952999155584,6.470566506063998e-05,348.55646108167485]","[53.01111258778405,0.24002265017717442,1.3414486667388198e-05,32.476702429114525]",246E811E88C0C3AA4DAB55C584C9EB215E4047597B11A00A02B56C56335F24A9,199.092557979,0.316505824784,5.93128195415e-05,330.512210532,4112910620,fmin_l_bfgs_b,1,-66.98544309901138,0.6619336000294425,0,0,,completed_without_convergence_warning,False,False,,False,,False,,False
phase3b_kernel_noise,Phase 3B,F7F71204D643D1027D0FF4736F24213619BF6A09C2361C3C11F169797AC98A9C,8EE00E603AA7622051F531FE6427BE9BC382D7D2507FEA27865D18BFBDDC8756,width,Melt-pool width,T0,matern52_no_nugget,"Matérn 5/2, no nugget",Matern,2.5,False,212,sim_00214,214,181.36524,178.7148021645361,2.6504378354638902,2.6504378354638902,7.0248207196585115,8.872523942195002,78.72168110482355,,,8.872523942195002,latent predictive variance; numerical jitter excluded,3.146515918412983,,3.146515918412983,161.3246552378339,196.10494909123832,,,True,,"0.77**2 * Matern(length_scale=1.13, nu=2.5)",0.5934689008456856,1.1254265551359204,,,,,,,159.00522,False,1e-06,numerical jitter only; separate from WhiteKernel nugget,240,241,True,False,False,False,True,True,False,"[""P"",""VX"",""LS"",""ST""]",159.43497822915458,37.48864367437273,"[157.99395721130708,0.6176428867727418,6.471555023415581e-05,348.4541213268541]","[52.99921769845609,0.24062850100705796,1.3409634014699045e-05,32.494697929018606]",A701C1A134E33A8DE789D1711A65C416617BD61CEAEE0674512D323A48D0202F,202.623346674,0.47308497906,5.69403778977e-05,355.073751689,838789153,fmin_l_bfgs_b,1,-66.39171197090022,1.1525361000094563,0,0,,completed_without_convergence_warning,False,False,,False,,False,,False
phase3b_kernel_noise,Phase 3B,F7F71204D643D1027D0FF4736F24213619BF6A09C2361C3C11F169797AC98A9C,8EE00E603AA7622051F531FE6427BE9BC382D7D2507FEA27865D18BFBDDC8756,width,Melt-pool width,T0,matern52_no_nugget,"Matérn 5/2, no nugget",Matern,2.5,False,213,sim_00215,215,186.88279,186.88971303317638,-0.006923033176377658,0.006923033176377658,4.792838836122572e-05,15.37771408744075,236.47409055507373,,,15.37771408744075,latent predictive variance; numerical jitter excluded,3.6518579586703965,,3.6518579586703965,156.74939342179252,217.03003264456024,,,True,,"0.772**2 * Matern(length_scale=1.13, nu=2.5)",0.5952281165465553,1.1279344504222766,,,,,,,159.00522,False,1e-06,numerical jitter only; separate from WhiteKernel nugget,240,241,True,False,False,False,True,True,False,"[""P"",""VX"",""LS"",""ST""]",159.4119884374879,37.473493090315735,"[157.98194198419458,0.6183501727676126,6.475250730637664e-05,348.5434998390332]","[52.988770697368196,0.23995213447983615,1.337588970225675e-05,32.483279790996605]",274C6B834C56C54BB191459EEDD4F1D04F4A5FA57C6759229569F04AEEA60CF8,205.507001181,0.303336340291,4.80706805647e-05,333.622908766,3294100150,fmin_l_bfgs_b,1,-65.97340644578438,0.864519199996721,0,0,,completed_without_convergence_warning,False,False,,False,,False,,False
phase3b_kernel_noise,Phase 3B,F7F71204D643D1027D0FF4736F24213619BF6A09C2361C3C11F169797AC98A9C,8EE00E603AA7622051F531FE6427BE9BC382D7D2507FEA27865D18BFBDDC8756,width,Melt-pool width,T0,matern52_no_nugget,"Matérn 5/2, no nugget",Matern,2.5,False,214,sim_00216,216,233.70905000000002,231.79062833447853,1.9184216655214925,1.9184216655214925,3.680341686742257,6.565189620449831,43.1017147524622,,,6.565189620449831,latent predictive variance; numerical jitter excluded,2.8434136046934726,,2.8434136046934726,218.92285667839687,244.65839999056018,,,True,,"0.775**2 * Matern(length_scale=1.13, nu=2.5)",0.600863783476404,1.1255936254749923,,,,,,,159.00522,False,1e-06,numerical jitter only; separate from WhiteKernel nugget,240,241,True,False,False,False,True,True,False,"[""P"",""VX"",""LS"",""ST""]",159.21687902082124,37.207106153203206,"[157.97180192706125,0.6182871522367585,6.464069790318372e-05,348.38781352775]","[52.97944154655076,0.24003286101445784,1.340268525089056e-05,32.46487204225917]",7A3F3E49A0154EC0AD0650BAB2B62FECE1C85109196024BB27E29F78A4DAC474,207.940614893,0.318461267696,7.4904937331e-05,370.987623474,3409248109,fmin_l_bfgs_b,1,-68.48542460611202,1.403767700016033,0,0,,completed_without_convergence_warning,False,False,,False,,False,,False
phase3b_kernel_noise,Phase 3B,F7F71204D643D1027D0FF4736F24213619BF6A09C2361C3C11F169797AC98A9C,8EE00E603AA7622051F531FE6427BE9BC382D7D2507FEA27865D18BFBDDC8756,width,Melt-pool width,T0,matern52_no_nugget,"Matérn 5/2, no nugget",Matern,2.5,False,215,sim_00217,217,229.6666,228.8115647998397,0.8550352001603017,0.8550352001603017,0.7310851935131671,14.79750083940655,218.96603109223759,,,14.79750083940655,latent predictive variance; numerical jitter excluded,3.6150662407308265,,3.6150662407308265,199.80846315460286,257.8146664450765,,,True,,"0.776**2 * Matern(length_scale=1.13, nu=2.5)",0.6018434892617043,1.1280544999807343,,,,,,,159.00522,False,1e-06,numerical jitter only; separate from WhiteKernel nugget,240,241,True,False,False,False,True,True,False,"[""P"",""VX"",""LS"",""ST""]",159.2337225624879,37.23989526552515,"[157.96128474687376,0.6186261008120959,6.468354454241373e-05,348.6583569967999]","[52.969269461593406,0.23955132163068302,1.3418983275532479e-05,32.38142492914923]",C3B7D693A75DA0805EAF72001EF1BFA691F5D71489E4856B9A3CB69B7F944A53,210.464738138,0.237113609615,6.46217439158e-05,306.057190902,1754401299,fmin_l_bfgs_b,1,-67.47735503429098,0.8049110000138171,0,0,,completed_without_convergence_warning,False,False,,False,,False,,False
phase3b_kernel_noise,Phase 3B,F7F71204D643D1027D0FF4736F24213619BF6A09C2361C3C11F169797AC98A9C,8EE00E603AA7622051F531FE6427BE9BC382D7D2507FEA27865D18BFBDDC8756,width,Melt-pool width,T0,matern52_no_nugget,"Matérn 5/2, no nugget",Matern,2.5,False,216,sim_00218,218,231.23449999989998,226.192718277984,5.0417817219159815,5.0417817219159815,25.41956293144608,5.1444320833092,26.465181459781032,,,5.1444320833092,latent predictive variance; numerical jitter excluded,3.0370989069470724,,3.0370989069470724,216.10963139469797,236.27580516127003,,,True,,"0.776**2 * Matern(length_scale=1.13, nu=2.5)",0.6023353290335314,1.129227082431222,,,,,,,159.00522,False,1e-06,numerical jitter only; separate from WhiteKernel nugget,240,241,True,False,False,False,True,True,False,"[""P"",""VX"",""LS"",""ST""]",159.22718964582165,37.22739917736015,"[157.94708627228206,0.618239212600246,6.465531404747247e-05,348.30855984239986]","[52.95473524244019,0.2400915816648333,1.3411954887711907e-05,32.38629222258617]",26A2F9823C0A10B04F8E48042BBB2DB503E2C0BEECED43B3C74A3FB46449A4B3,213.87237204,0.329966780459,7.13970627017e-05,390.008507958,2429280262,fmin_l_bfgs_b,1,-68.15260665091651,1.0096785000059754,0,0,,completed_without_convergence_warning,False,False,,False,,False,,False
phase3b_kernel_noise,Phase 3B,F7F71204D643D1027D0FF4736F24213619BF6A09C2361C3C11F169797AC98A9C,8EE00E603AA7622051F531FE6427BE9BC382D7D2507FEA27865D18BFBDDC8756,width,Melt-pool width,T0,matern52_no_nugget,"Matérn 5/2, no nugget",Matern,2.5,False,217,sim_00219,219,159.469165,160.74224257386064,-1.2730775738606326,1.2730775738606326,1.6207265090668743,12.41346682336374,154.09415857475224,,,12.41346682336374,latent predictive variance; numerical jitter excluded,3.442979334321807,,3.442979334321807,136.41184760006772,185.07263754765356,,,True,,"0.77**2 * Matern(length_scale=1.13, nu=2.5)",0.5933498614469969,1.1266740272381521,,,,,,,159.00522,False,1e-06,numerical jitter only; separate from WhiteKernel nugget,240,241,True,False,False,False,True,True,False,"[""P"",""VX"",""LS"",""ST""]",159.5262118749879,37.515249934994856,"[157.9284199985529,0.6168532708895,6.470425644186165e-05,348.65212612184985]","[52.934225031033904,0.24079058134669784,1.3415035120439134e-05,32.38947682478081]",542765996F939E4F2DFCF31C2961D433520A7BC53FA2E07FD2E79C6F3FC187FE,218.352277735,0.662592791038,5.96508880483e-05,307.55260089,2536178482,fmin_l_bfgs_b,1,-65.92577254929708,0.7245577999856323,0,0,,completed_without_convergence_warning,False,False,,False,,False,,False
phase3b_kernel_noise,Phase 3B,F7F71204D643D1027D0FF4736F24213619BF6A09C2361C3C11F169797AC98A9C,8EE00E603AA7622051F531FE6427BE9BC382D7D2507FEA27865D18BFBDDC8756,width,Melt-pool width,T0,matern52_no_nugget,"Matérn 5/2, no nugget",Matern,2.5,False,218,sim_00220,220,171.45637,166.75014119700134,4.706228802998652,4.706228802998652,22.148589546174122,7.505228369875716,56.32845288398729,,,7.505228369875716,latent predictive variance; numerical jitter excluded,3.1311405738384783,,3.1311405738384783,152.03989359204493,181.46038880195775,,,True,,"0.771**2 * Matern(length_scale=1.13, nu=2.5)",0.5943961742910318,1.1291695664287675,,,,,,,159.00522,False,1e-06,numerical jitter only; separate from WhiteKernel nugget,240,241,True,False,False,False,True,True,False,"[""P"",""VX"",""LS"",""ST""]",159.4762651874879,37.50731209292772,"[157.92729052238624,0.6159537388220417,6.461404667148207e-05,348.3460684776916]","[52.932932826115504,0.24021408924415802,1.3375861962637474e-05,32.429324351071145]",7F7874A18B79EEC4A70C78AC3A0AE5BF9F06EDCCA4F6BF2E1901A7019BBC707F,218.623352015,0.878480487228,8.13012329394e-05,381.006435488,4239985117,fmin_l_bfgs_b,1,-66.28585920977687,0.8716790999751538,0,0,,completed_without_convergence_warning,False,False,,False,,False,,False
phase3b_kernel_noise,Phase 3B,F7F71204D643D1027D0FF4736F24213619BF6A09C2361C3C11F169797AC98A9C,8EE00E603AA7622051F531FE6427BE9BC382D7D2507FEA27865D18BFBDDC8756,width,Melt-pool width,T0,matern52_no_nugget,"Matérn 5/2, no nugget",Matern,2.5,False,219,sim_00221,221,126.77582499999998,127.97672078125932,-1.2008957812593337,1.2008957812593337,1.4421506774464654,11.420802684602007,130.43473396061242,,,11.420802684602007,latent predictive variance; numerical jitter excluded,3.3599032689062747,,3.3599032689062747,105.59194751943939,150.36149404307926,,,True,,"0.771**2 * Matern(length_scale=1.13, nu=2.5)",0.5948863029117173,1.1283747569715428,,,,,,,159.00522,False,1e-06,numerical jitter only; separate from WhiteKernel nugget,240,241,True,False,False,False,True,True,False,"[""P"",""VX"",""LS"",""ST""]",159.6624341249879,37.45539105044277,"[157.91300300144457,0.6154559865211751,6.473213535618082e-05,348.3339137266208]","[52.9160825171363,0.23954488632239,1.3397540411304968e-05,32.41653151948179]",2D5EA8D6A5D8BD522191913AE5E187F59766EC4D006F07AC1B0487ABAE8868A5,222.052357041,0.997941039436,5.29599486117e-05,383.923575745,3073995566,fmin_l_bfgs_b,1,-66.37401624893909,1.2511453999904916,0,0,,completed_without_convergence_warning,False,False,,False,,False,,False
phase3b_kernel_noise,Phase 3B,F7F71204D643D1027D0FF4736F24213619BF6A09C2361C3C11F169797AC98A9C,8EE00E603AA7622051F531FE6427BE9BC382D7D2507FEA27865D18BFBDDC8756,width,Melt-pool width,T0,matern52_no_nugget,"Matérn 5/2, no nugget",Matern,2.5,False,220,sim_00222,222,151.72511,147.05688380864666,4.668226191353341,4.668226191353341,21.79233577363732,13.722793346162776,188.31505722148935,,,13.722793346162776,latent predictive variance; numerical jitter excluded,3.595858105072615,,3.595858105072615,120.16020885016762,173.95355876712568,,,True,,"0.772**2 * Matern(length_scale=1.13, nu=2.5)",0.5952579321970077,1.1281112647547082,,,,,,,159.00522,False,1e-06,numerical jitter only; separate from WhiteKernel nugget,240,241,True,False,False,False,True,True,False,"[""P"",""VX"",""LS"",""ST""]",159.55847877082124,37.51185650518255,"[157.90838242877373,0.6172038536013041,6.474995441967998e-05,348.4373411884624]","[52.910433022154095,0.24079566887713666,1.3379014474224952e-05,32.490235114066174]",A72E3FFCB399167A86905997F6A61411F586D9F4698B909E7A4B6DED08400606,223.161294482,0.578452940205,4.86833733719e-05,359.100984903,3251006602,fmin_l_bfgs_b,1,-65.81913325403352,0.789786399982404,0,0,,completed_without_convergence_warning,False,False,,False,,False,,False
phase3b_kernel_noise,Phase 3B,F7F71204D643D1027D0FF4736F24213619BF6A09C2361C3C11F169797AC98A9C,8EE00E603AA7622051F531FE6427BE9BC382D7D2507FEA27865D18BFBDDC8756,width,Melt-pool width,T0,matern52_no_nugget,"Matérn 5/2, no nugget",Matern,2.5,False,221,sim_00223,223,232.3887,209.4417615601655,22.946938439834497,22.946938439834497,526.5619837615541,11.877243040890871,141.06890225239061,,,11.877243040890871,latent predictive variance; numerical jitter excluded,5.259891813969058,,5.259891813969058,186.1623652000194,232.7211579203116,,,True,,"0.773**2 * Matern(length_scale=1.13, nu=2.5)",0.5979151954964361,1.1307638959404005,,,,,,,159.00522,False,1e-06,numerical jitter only; separate from WhiteKernel nugget,240,241,True,False,False,False,True,True,False,"[""P"",""VX"",""LS"",""ST""]",159.2223804791546,37.21802097544657,"[157.89859051719458,0.6186018948860376,6.468682620160706e-05,348.5137020156457]","[52.89813714727894,0.23958957450803042,1.3418871455291978e-05,32.493671412727146]",CEF7687237E8B3B64BD20C1449B3B020589E77669F8A26FC5959C001F47DC989,225.511353261,0.242923031869,6.38341457094e-05,340.774386379,1737515825,fmin_l_bfgs_b,1,-66.0064816771388,0.8066210999968462,0,0,,completed_without_convergence_warning,False,False,,False,,False,,False
phase3b_kernel_noise,Phase 3B,F7F71204D643D1027D0FF4736F24213619BF6A09C2361C3C11F169797AC98A9C,8EE00E603AA7622051F531FE6427BE9BC382D7D2507FEA27865D18BFBDDC8756,width,Melt-pool width,T0,matern52_no_nugget,"Matérn 5/2, no nugget",Matern,2.5,False,222,sim_00224,224,187.67103,178.42029861055312,9.250731389446884,9.250731389446884,85.57603123969787,5.884426895118941,34.62647988399914,,,5.884426895118941,latent predictive variance; numerical jitter excluded,3.9269500345977058,,3.9269500345977058,166.88682189611998,189.95377532498625,,,True,,"0.773**2 * Matern(length_scale=1.13, nu=2.5)",0.5972805075553506,1.1322473062683547,,,,,,,159.00522,False,1e-06,numerical jitter only; separate from WhiteKernel nugget,240,241,True,False,False,False,True,True,False,"[""P"",""VX"",""LS"",""ST""]",159.40870410415457,37.47105066877173,"[157.89385248899458,0.6172073952577167,6.466371846984165e-05,348.50587295029567]","[52.89202965581499,0.24079509264560042,1.3415544418562055e-05,32.495308787213624]",DD5A6582E93990F7BF3726B7278D8C63DDB1C9B704A07D179DB61B41D9840406,226.648480029,0.577602942666,6.93800013331e-05,342.653362063,3718377533,fmin_l_bfgs_b,1,-65.74670285417767,1.3684658000129275,0,0,,completed_without_convergence_warning,False,False,,False,,False,,False
phase3b_kernel_noise,Phase 3B,F7F71204D643D1027D0FF4736F24213619BF6A09C2361C3C11F169797AC98A9C,8EE00E603AA7622051F531FE6427BE9BC382D7D2507FEA27865D18BFBDDC8756,width,Melt-pool width,T0,matern52_no_nugget,"Matérn 5/2, no nugget",Matern,2.5,False,223,sim_00225,225,235.17109999989998,235.64422503929302,-0.4731250393930395,0.4731250393930395,0.22384730290066518,10.031552348505329,100.63204252080278,,,10.031552348505329,latent predictive variance; numerical jitter excluded,3.2257861006357227,,3.2257861006357227,215.98238243622257,255.30606764236347,,,True,,"0.777**2 * Matern(length_scale=1.13, nu=2.5)",0.6039651913734266,1.1284297286358989,,,,,,,159.00522,False,1e-06,numerical jitter only; separate from WhiteKernel nugget,240,241,True,False,False,False,True,True,False,"[""P"",""VX"",""LS"",""ST""]",159.21078714582166,37.19478741128712,"[157.88951272331542,0.6179793688419125,6.462243884941539e-05,348.3004769339332]","[52.886345158995454,0.2403695220801231,1.3385693617123618e-05,32.375639991322835]",0E34D648CAC9EC840A003A4D9C652D21EB2027F6A39F912DD3F76CDDE066F657,227.690023792,0.392329282459,7.92871102354e-05,391.94840599,520470495,fmin_l_bfgs_b,1,-68.19575666698498,1.2849119000020437,0,0,,completed_without_convergence_warning,False,False,,False,,False,,False
phase3b_kernel_noise,Phase 3B,F7F71204D643D1027D0FF4736F24213619BF6A09C2361C3C11F169797AC98A9C,8EE00E603AA7622051F531FE6427BE9BC382D7D2507FEA27865D18BFBDDC8756,width,Melt-pool width,T0,matern52_no_nugget,"Matérn 5/2, no nugget",Matern,2.5,False,224,sim_00226,226,228.77005,240.96339467017987,-12.193344670179869,12.193344670179869,148.6776542458038,11.330122784378649,128.37168230909617,,,11.330122784378649,latent predictive variance; numerical jitter excluded,3.925493987577828,,3.925493987577828,218.75635401279771,263.170435327562,,,True,,"0.774**2 * Matern(length_scale=1.13, nu=2.5)",0.5985635994239571,1.1267979967676183,,,,,,,159.00522,False,1e-06,numerical jitter only; separate from WhiteKernel nugget,240,241,True,False,False,False,True,True,False,"[""P"",""VX"",""LS"",""ST""]",159.2374581874879,37.24691474328242,"[157.88444100606543,0.6178864145250709,6.462116958689081e-05,348.5158615146416]","[52.87959236119533,0.24045243829615678,1.3384288502503984e-05,32.49313976674977]",FC488EAD9DD9FA15EE5FFBD8CA8B46775F96F27BF65E0347202F32581432912B,228.907235932,0.414638318501,7.95917332413e-05,340.25610662,3706066927,fmin_l_bfgs_b,1,-67.1774993198479,1.375255799968727,0,0,,completed_without_convergence_warning,False,False,,False,,False,,False
phase3b_kernel_noise,Phase 3B,F7F71204D643D1027D0FF4736F24213619BF6A09C2361C3C11F169797AC98A9C,8EE00E603AA7622051F531FE6427BE9BC382D7D2507FEA27865D18BFBDDC8756,width,Melt-pool width,T0,matern52_no_nugget,"Matérn 5/2, no nugget",Matern,2.5,False,225,sim_00227,227,159.00522,154.99932887544136,4.005891124558644,4.005891124558644,16.04716370181772,4.945339019893375,24.456378021679964,,,4.945339019893375,latent predictive variance; numerical jitter excluded,2.8454613287687103,,2.8454613287687103,145.30646439645034,164.6921933544324,,,True,,"0.77**2 * Matern(length_scale=1.13, nu=2.5)",0.5929068649658726,1.1279767476778262,,,,,,,159.00522,False,1e-06,numerical jitter only; separate from WhiteKernel nugget,240,241,True,False,False,False,True,True,False,"[""P"",""VX"",""LS"",""ST""]",159.52814497915458,37.51523499245505,"[157.86177954221543,0.615980357854521,6.466089415568747e-05,348.5453346659832]","[52.84797596576663,0.2402428236626824,1.3414479830416959e-05,32.482424497361244]",B7EAF56E9DABFD7FA28A34AF371C4F9EA49ABF4E2208BDD810AC44AF7A65EC59,234.345987256,0.872091919433,7.00578367301e-05,333.182550298,3167375941,fmin_l_bfgs_b,1,-66.53214524627319,1.2450124000315554,0,0,,completed_without_convergence_warning,False,False,,False,,False,,False
phase3b_kernel_noise,Phase 3B,F7F71204D643D1027D0FF4736F24213619BF6A09C2361C3C11F169797AC98A9C,8EE00E603AA7622051F531FE6427BE9BC382D7D2507FEA27865D18BFBDDC8756,width,Melt-pool width,T0,matern52_no_nugget,"Matérn 5/2, no nugget",Matern,2.5,False,226,sim_00228,228,183.330905,191.94512696309312,-8.614221963093115,8.614221963093115,74.20482002943581,6.104920530644808,37.27005468548848,,,6.104920530644808,latent predictive variance; numerical jitter excluded,3.723535517209037,,3.723535517209037,179.9794827230293,203.91077120315694,,,True,,"0.773**2 * Matern(length_scale=1.13, nu=2.5)",0.5968244880971304,1.1316383590130787,,,,,,,159.00522,False,1e-06,numerical jitter only; separate from WhiteKernel nugget,240,241,True,False,False,False,True,True,False,"[""P"",""VX"",""LS"",""ST""]",159.42678795832123,37.483636544072596,"[157.85534325234042,0.6169952006150334,6.465708699370623e-05,348.47700434460404]","[52.8385657544794,0.24080746031848257,1.3412817820325757e-05,32.497417625151265]",280665B0F36192BD8EFA45F921A136D42E001A74FD3742C801A5B19635A85818,235.890696826,0.62852965691,7.09715556056e-05,349.581827429,853068716,fmin_l_bfgs_b,1,-65.87570824914954,0.8262060999986716,0,0,,completed_without_convergence_warning,False,False,,False,,False,,False
phase3b_kernel_noise,Phase 3B,F7F71204D643D1027D0FF4736F24213619BF6A09C2361C3C11F169797AC98A9C,8EE00E603AA7622051F531FE6427BE9BC382D7D2507FEA27865D18BFBDDC8756,width,Melt-pool width,T0,matern52_no_nugget,"Matérn 5/2, no nugget",Matern,2.5,False,227,sim_00229,229,204.8244,207.74800598487462,-2.9236059848746265,2.9236059848746265,8.547471954794736,7.490863722578204,56.11303931023819,,,7.490863722578204,latent predictive variance; numerical jitter excluded,3.0087856152675863,,3.0087856152675863,193.06591308862136,222.4300988811279,,,True,,"0.772**2 * Matern(length_scale=1.13, nu=2.5)",0.5957389808109076,1.1270919301622868,,,,,,,159.00522,False,1e-06,numerical jitter only; separate from WhiteKernel nugget,240,241,True,False,False,False,True,True,False,"[""P"",""VX"",""LS"",""ST""]",159.33723172915458,37.40064954941982,"[157.85402915561124,0.6171801303086376,6.460139418693747e-05,348.60088894933324]","[52.83662103895139,0.240799204971704,1.3358623953754966e-05,32.44467862656493]",783E1B244BBB65F8180799D54779CFF6A0891969EB837BEFAB1C8D98B2D90087,236.206080041,0.584146530445,8.43378292301e-05,319.849522294,1170643661,fmin_l_bfgs_b,1,-67.12280369341005,0.9058125999872573,0,0,,completed_without_convergence_warning,False,False,,False,,False,,False
phase3b_kernel_noise,Phase 3B,F7F71204D643D1027D0FF4736F24213619BF6A09C2361C3C11F169797AC98A9C,8EE00E603AA7622051F531FE6427BE9BC382D7D2507FEA27865D18BFBDDC8756,width,Melt-pool width,T0,matern52_no_nugget,"Matérn 5/2, no nugget",Matern,2.5,False,228,sim_00230,230,190.84322,202.55851890831784,-11.715298908317834,11.715298908317834,137.24822851123304,19.11193079008598,365.26589852503656,,,19.11193079008598,latent predictive variance; numerical jitter excluded,4.0571257294144285,,4.0571257294144285,165.0991345597493,240.01790325688637,,,True,,"0.776**2 * Matern(length_scale=1.13, nu=2.5)",0.6021304227829092,1.1349820607425452,,,,,,,159.00522,False,1e-06,numerical jitter only; separate from WhiteKernel nugget,240,241,True,False,False,False,True,True,False,"[""P"",""VX"",""LS"",""ST""]",159.39548664582122,37.46051818917405,"[157.8368924565779,0.618109828792821,6.47505061512058e-05,348.27312443331243]","[52.81053264424694,0.24023848312694243,1.3378349153042685e-05,32.335955196121745]",C425BB404F8C1E0DC61C563FC26EE72525C4ADA69994406169A625A5594C8BB7,240.318887809,0.361018894241,4.85509578057e-05,398.513006139,2519890334,fmin_l_bfgs_b,1,-65.66620263450218,1.0075534000061452,0,0,,completed_without_convergence_warning,False,False,,False,,False,,False
phase3b_kernel_noise,Phase 3B,F7F71204D643D1027D0FF4736F24213619BF6A09C2361C3C11F169797AC98A9C,8EE00E603AA7622051F531FE6427BE9BC382D7D2507FEA27865D18BFBDDC8756,width,Melt-pool width,T0,matern52_no_nugget,"Matérn 5/2, no nugget",Matern,2.5,False,229,sim_00231,231,131.2863399999,127.86275103424352,3.423588965656492,3.423588965656492,11.72096140576489,12.308465050220574,151.49831189250136,,,12.308465050220574,latent predictive variance; numerical jitter excluded,3.46790924631496,,3.46790924631496,103.73815953581119,151.98734253267583,,,True,,"0.772**2 * Matern(length_scale=1.13, nu=2.5)",0.5962556203151421,1.1296620109734032,,,,,,,159.00522,False,1e-06,numerical jitter only; separate from WhiteKernel nugget,240,241,True,False,False,False,True,True,False,"[""P"",""VX"",""LS"",""ST""]",159.64364031248834,37.470752932017525,"[157.82436666426958,0.615454401880146,6.471523495478289e-05,348.5287779879916]","[52.79060751378189,0.2395423548248178,1.3409815925486443e-05,32.48923746089142]",EF6D7B1414C8784666BBCDD48FA3D6B3C9208801FE58584F15359961C05F706F,243.325077963,0.998321353283,5.70160449472e-05,337.156153016,3362663266,fmin_l_bfgs_b,1,-66.19064115532635,0.6508140999940224,0,0,,completed_without_convergence_warning,False,False,,False,,False,,False
phase3b_kernel_noise,Phase 3B,F7F71204D643D1027D0FF4736F24213619BF6A09C2361C3C11F169797AC98A9C,8EE00E603AA7622051F531FE6427BE9BC382D7D2507FEA27865D18BFBDDC8756,width,Melt-pool width,T0,matern52_no_nugget,"Matérn 5/2, no nugget",Matern,2.5,False,230,sim_00232,232,143.21159,146.83576358476594,-3.6241735847659413,3.6241735847659413,13.134634172515213,16.75883901313358,280.8586850681281,,,16.75883901313358,latent predictive variance; numerical jitter excluded,3.761247349059491,,3.761247349059491,113.98843911902412,179.68308805050776,,,True,,"0.771**2 * Matern(length_scale=1.13, nu=2.5)",0.5948696582185338,1.1289091832443008,,,,,,,159.00522,False,1e-06,numerical jitter only; separate from WhiteKernel nugget,240,241,True,False,False,False,True,True,False,"[""P"",""VX"",""LS"",""ST""]",159.59395177082123,37.50040498255856,"[157.81197857196958,0.6166204077982209,6.474948870477955e-05,348.63456040324576]","[52.77018926670025,0.24071920092781016,1.3379571776530348e-05,32.410611421966394]",C277B27BD15B1BFB618F04CE9DCA2C06B7ECDD53CB472E93D6875255CA2FE183,246.298220115,0.718479932945,4.8795144948e-05,311.768373355,789692375,fmin_l_bfgs_b,1,-65.73492542195709,0.7161649000481702,0,0,,completed_without_convergence_warning,False,False,,False,,False,,False
phase3b_kernel_noise,Phase 3B,F7F71204D643D1027D0FF4736F24213619BF6A09C2361C3C11F169797AC98A9C,8EE00E603AA7622051F531FE6427BE9BC382D7D2507FEA27865D18BFBDDC8756,width,Melt-pool width,T0,matern52_no_nugget,"Matérn 5/2, no nugget",Matern,2.5,False,231,sim_00233,233,174.98355,180.09434120408608,-5.11079120408607,5.11079120408607,26.12018673176354,12.478234701957433,155.7063412771347,,,12.478234701957433,latent predictive variance; numerical jitter excluded,3.526800874526658,,3.526800874526658,155.6370011882495,204.55168121992264,,,True,,"0.773**2 * Matern(length_scale=1.13, nu=2.5)",0.5969157451865306,1.1317977286706873,,,,,,,159.00522,False,1e-06,numerical jitter only; separate from WhiteKernel nugget,240,241,True,False,False,False,True,True,False,"[""P"",""VX"",""LS"",""ST""]",159.4615686041546,37.50192360045655,"[157.80954508784873,0.6158134693145,6.459740823824789e-05,348.5923324006916]","[52.766095064457005,0.2400508651767281,1.3352590315979318e-05,32.45198840464536]",D3D5315D57DD3D7F06C00C4F1DE6E10BA3221E53759DFEF4E998F1B42786D70B,246.882256304,0.912145169038,8.52944569156e-05,321.903093968,1566529281,fmin_l_bfgs_b,1,-65.95160313237531,0.6824945999542251,0,0,,completed_without_convergence_warning,False,False,,False,,False,,False
phase3b_kernel_noise,Phase 3B,F7F71204D643D1027D0FF4736F24213619BF6A09C2361C3C11F169797AC98A9C,8EE00E603AA7622051F531FE6427BE9BC382D7D2507FEA27865D18BFBDDC8756,width,Melt-pool width,T0,matern52_no_nugget,"Matérn 5/2, no nugget",Matern,2.5,False,232,sim_00234,234,118.72939,128.73752293844248,-10.008132938442486,10.008132938442486,100.16272491353743,11.194052190406586,125.30680444154648,,,11.194052190406586,latent predictive variance; numerical jitter excluded,3.733991051581476,,3.733991051581476,106.79718064524558,150.67786523163937,,,True,,"0.772**2 * Matern(length_scale=1.13, nu=2.5)",0.5962112625319895,1.1287565112751614,,,,,,,159.00522,False,1e-06,numerical jitter only; separate from WhiteKernel nugget,240,241,True,False,False,False,True,True,False,"[""P"",""VX"",""LS"",""ST""]",159.6959609374879,37.4223229773501,"[158.51864360260166,0.6167548555953125,6.468591809488372e-05,348.2954323278749]","[52.81480524658323,0.2407670386623065,1.341892175403414e-05,32.368743544551194]",9425A3C43AC6C42B862919C6540C2F9F9D8E19E941047CB6D1F6222A4ED10D84,76.6986127633,0.686212461643,6.4052091323e-05,393.159111444,3288638727,fmin_l_bfgs_b,1,-66.24557868687029,1.0345233000116423,0,0,,completed_without_convergence_warning,False,False,,False,,False,,False
phase3b_kernel_noise,Phase 3B,F7F71204D643D1027D0FF4736F24213619BF6A09C2361C3C11F169797AC98A9C,8EE00E603AA7622051F531FE6427BE9BC382D7D2507FEA27865D18BFBDDC8756,width,Melt-pool width,T0,matern52_no_nugget,"Matérn 5/2, no nugget",Matern,2.5,False,233,sim_00235,235,117.789355,109.87647346028592,7.912881539714078,7.912881539714078,62.61369426154784,12.3051759116163,151.41735421582206,,,12.3051759116163,latent predictive variance; numerical jitter excluded,3.635717158840109,,3.635717158840109,85.75832867351798,133.99461824705386,,,True,,"0.775**2 * Matern(length_scale=1.13, nu=2.5)",0.6003932842234975,1.131418358173452,,,,,,,159.00522,False,1e-06,numerical jitter only; separate from WhiteKernel nugget,240,241,True,False,False,False,True,True,False,"[""P"",""VX"",""LS"",""ST""]",159.6998777499879,37.4179855548717,"[158.51059130663083,0.616452011171575,6.465103979229457e-05,348.2843310481374]","[52.827130388953265,0.24063373403435953,1.340964202023367e-05,32.352894301620616]",FB06B7EC22224B2698365C33B1807CFBB7D5E42E5EA67C4F8E4E3AC6BB40A6C8,78.6311637963,0.75889512334,7.24228839444e-05,395.823418581,679452377,fmin_l_bfgs_b,1,-66.36818280413817,0.6958490000106394,0,0,,completed_without_convergence_warning,False,False,,False,,False,,False
phase3b_kernel_noise,Phase 3B,F7F71204D643D1027D0FF4736F24213619BF6A09C2361C3C11F169797AC98A9C,8EE00E603AA7622051F531FE6427BE9BC382D7D2507FEA27865D18BFBDDC8756,width,Melt-pool width,T0,matern52_no_nugget,"Matérn 5/2, no nugget",Matern,2.5,False,234,sim_00236,236,174.28882000000002,169.9400003248098,4.348819675190214,4.348819675190214,18.912232567321517,16.19387875793035,262.2417092265478,,,16.19387875793035,latent predictive variance; numerical jitter excluded,3.7396306302903075,,3.7396306302903075,138.1999979592663,201.6800026903533,,,True,,"0.773**2 * Matern(length_scale=1.13, nu=2.5)",0.5975112918466833,1.1326938012911154,,,,,,,159.00522,False,1e-06,numerical jitter only; separate from WhiteKernel nugget,240,241,True,False,False,False,True,True,False,"[""P"",""VX"",""LS"",""ST""]",159.4644633124879,37.50309477272797,"[158.50249565956167,0.6179338674462209,6.457903519995622e-05,348.2767709148374]","[52.83922086308654,0.24041119560433158,1.3321027692841332e-05,32.341570640757055]",0303524D730BF449180710B5C692728287698208BBB6AAC7B5008C698F408A39,80.5741190929,0.403249617425,8.97039861056e-05,397.637850573,3840190528,fmin_l_bfgs_b,1,-65.72442468565288,1.1819787999847904,0,0,,completed_without_convergence_warning,False,False,,False,,False,,False
phase3b_kernel_noise,Phase 3B,F7F71204D643D1027D0FF4736F24213619BF6A09C2361C3C11F169797AC98A9C,8EE00E603AA7622051F531FE6427BE9BC382D7D2507FEA27865D18BFBDDC8756,width,Melt-pool width,T0,matern52_no_nugget,"Matérn 5/2, no nugget",Matern,2.5,False,235,sim_00237,237,159.37014999989998,158.3028062533662,1.0673437465337656,1.0673437465337656,1.1392226732647353,4.294301727734176,18.441027328820727,,,4.294301727734176,latent predictive variance; numerical jitter excluded,2.4071157623518635,,2.4071157623518635,149.88597486700723,166.7196376397252,,,True,,"0.769**2 * Matern(length_scale=1.12, nu=2.5)",0.5909662773765392,1.1249248242022418,,,,,,,159.00522,False,1e-06,numerical jitter only; separate from WhiteKernel nugget,240,241,True,False,False,False,True,True,False,"[""P"",""VX"",""LS"",""ST""]",159.52662443748832,37.515248760927136,"[158.45701358603415,0.617626062146375,6.462905292752123e-05,348.4710503751332]","[52.90154451943562,0.24063846646592962,1.339254409671127e-05,32.49708375758231]",90BB51C2781A70D46D74320CA2F471F04549838186B7973CA6174E9ACC4FEF25,91.4898167395,0.477122889388,7.769973149e-05,351.010780102,1989944880,fmin_l_bfgs_b,1,-66.98107733015442,0.8417187000159174,0,0,,completed_without_convergence_warning,False,False,,False,,False,,False
phase3b_kernel_noise,Phase 3B,F7F71204D643D1027D0FF4736F24213619BF6A09C2361C3C11F169797AC98A9C,8EE00E603AA7622051F531FE6427BE9BC382D7D2507FEA27865D18BFBDDC8756,width,Melt-pool width,T0,matern52_no_nugget,"Matérn 5/2, no nugget",Matern,2.5,False,236,sim_00238,238,135.7975599999,137.2864673427422,-1.488907342842225,1.488907342842225,2.216845075569495,14.128378341993136,199.61107457450072,,,14.128378341993136,latent predictive variance; numerical jitter excluded,3.572676867324211,,3.572676867324211,109.59484579243566,164.97808889304875,,,True,,"0.771**2 * Matern(length_scale=1.13, nu=2.5)",0.5944728473218795,1.1274765470031831,,,,,,,159.00522,False,1e-06,numerical jitter only; separate from WhiteKernel nugget,240,241,True,False,False,False,True,True,False,"[""P"",""VX"",""LS"",""ST""]",159.62484356248834,37.483839529445966,"[158.45367054881999,0.617840816041496,6.476401373217206e-05,348.4478110022999]","[52.905750791504964,0.24048993658794285,1.3360337609721276e-05,32.49326472976987]",87192CE85D5E234944A7B82C8E40EEF7195765DFC3F4ABBE6CF22C65B14DFE5D,92.2921456709,0.425581954559,4.53091383738e-05,356.588229582,1764252217,fmin_l_bfgs_b,1,-66.02090829666867,0.9979253999772482,0,0,,completed_without_convergence_warning,False,False,,False,,False,,False
phase3b_kernel_noise,Phase 3B,F7F71204D643D1027D0FF4736F24213619BF6A09C2361C3C11F169797AC98A9C,8EE00E603AA7622051F531FE6427BE9BC382D7D2507FEA27865D18BFBDDC8756,width,Melt-pool width,T0,matern52_no_nugget,"Matérn 5/2, no nugget",Matern,2.5,False,237,sim_00239,239,109.40482,125.87231932469874,-16.467499324698736,16.467499324698736,271.1785340089533,15.13510401794784,229.07137363410087,,,15.13510401794784,latent predictive variance; numerical jitter excluded,4.2278637341467835,,4.2278637341467835,96.20751544952097,155.5371231998765,,,True,,"0.771**2 * Matern(length_scale=1.13, nu=2.5)",0.5945887823685202,1.1274354276702647,,,,,,,159.00522,False,1e-06,numerical jitter only; separate from WhiteKernel nugget,240,241,True,False,False,False,True,True,False,"[""P"",""VX"",""LS"",""ST""]",159.73481331248792,37.37490024964152,"[158.45089686620793,0.6158239914197751,6.468305741524747e-05,348.64398118880405]","[52.909201797666,0.2400637983048146,1.3418983388132111e-05,32.39956368257601]",B9331600953FC776FEA3A6B0527ED69A848FE5E51F75047B0E7A9D4BA6B883C4,92.9578294978,0.909619863772,6.47386544357e-05,309.507384821,1950080515,fmin_l_bfgs_b,1,-66.0304985186205,1.2631220000330359,0,0,,completed_without_convergence_warning,False,False,,False,,False,,False
phase3b_kernel_noise,Phase 3B,F7F71204D643D1027D0FF4736F24213619BF6A09C2361C3C11F169797AC98A9C,8EE00E603AA7622051F531FE6427BE9BC382D7D2507FEA27865D18BFBDDC8756,width,Melt-pool width,T0,matern52_no_nugget,"Matérn 5/2, no nugget",Matern,2.5,False,238,sim_00240,240,116.53727999990001,112.179598441944,4.357681557956013,4.357681557956013,18.989388560549948,7.172807282465343,51.44916431138786,,,7.172807282465343,latent predictive variance; numerical jitter excluded,3.07378080331194,,3.07378080331194,98.12089616831193,126.23830071557606,,,True,,"0.771**2 * Matern(length_scale=1.12, nu=2.5)",0.5939867276405193,1.1249606631318259,,,,,,,159.00522,False,1e-06,numerical jitter only; separate from WhiteKernel nugget,240,241,True,False,False,False,True,True,False,"[""P"",""VX"",""LS"",""ST""]",159.70509472915498,37.41205408782559,"[158.44764099373833,0.6164355620867834,6.47181764496454e-05,348.47543493644156]","[52.91320774859611,0.24062386130579963,1.3408049212068315e-05,32.497355136589846]",7645D5835C25FAF023652B858F0219B215341963CBBB8760D2179A29047DF6DB,93.7392388905,0.76284290369,5.63100861802e-05,349.958485388,1116941137,fmin_l_bfgs_b,1,-66.97418702081481,0.8363047000020742,0,0,,completed_without_convergence_warning,False,False,,False,,False,,False
phase3b_kernel_noise,Phase 3B,F7F71204D643D1027D0FF4736F24213619BF6A09C2361C3C11F169797AC98A9C,8EE00E603AA7622051F531FE6427BE9BC382D7D2507FEA27865D18BFBDDC8756,width,Melt-pool width,T0,matern52_no_nugget,"Matérn 5/2, no nugget",Matern,2.5,False,239,sim_00241,241,125.20532999999999,118.03801177176663,7.167318228233356,7.167318228233356,51.370450584766125,10.83023264992617,117.29393925152684,,,10.83023264992617,latent predictive variance; numerical jitter excluded,3.520261768091609,,3.520261768091609,96.81075577791134,139.26526776562193,,,True,,"0.772**2 * Matern(length_scale=1.13, nu=2.5)",0.5956245848168091,1.1284969145223722,,,,,,,159.00522,False,1e-06,numerical jitter only; separate from WhiteKernel nugget,240,241,True,False,False,False,True,True,False,"[""P"",""VX"",""LS"",""ST""]",159.66897785415458,37.449507298502766,"[158.43170163525332,0.6162781809601917,6.458850915942331e-05,348.49587678100403]","[52.932118282413704,0.2405156748314055,1.3338073817182395e-05,32.49673855967799]",3EDC7163695D59A3C6A2A64210A9F1092E8C2DD5B42EDDD25E902F0D41D63CB2,97.5646849269,0.800614374072,8.74302358335e-05,345.052442693,2968607627,fmin_l_bfgs_b,1,-66.29629278210425,0.9727557000005618,0,0,,completed_without_convergence_warning,False,False,,False,,False,,False
phase3b_kernel_noise,Phase 3B,F7F71204D643D1027D0FF4736F24213619BF6A09C2361C3C11F169797AC98A9C,8EE00E603AA7622051F531FE6427BE9BC382D7D2507FEA27865D18BFBDDC8756,width,Melt-pool width,T0,matern52_no_nugget,"Matérn 5/2, no nugget",Matern,2.5,False,240,sim_00242,242,113.81926,119.66783027822115,-5.848570278221146,5.848570278221146,34.205774299291775,14.515616176203496,210.7031129748606,,,14.515616176203496,latent predictive variance; numerical jitter excluded,3.675334128795804,,3.675334128795804,91.2172225728623,148.11843798358,,,True,,"0.773**2 * Matern(length_scale=1.13, nu=2.5)",0.5971249366868364,1.128336712148743,,,,,,,159.00522,False,1e-06,numerical jitter only; separate from WhiteKernel nugget,240,241,True,False,False,False,True,True,False,"[""P"",""VX"",""LS"",""ST""]",159.7164198124879,37.39857113328874,"[158.43013559788167,0.6158087918710167,6.464078875030748e-05,348.3052237016916]","[52.933913466351264,0.2400450800367028,1.340275475037416e-05,32.38195497260267]",8AFC6138EB18B1AD7CF6774F5C1F7C2327135783AC05827F5D83E317671023E7,97.9405338961,0.913267755474,7.48831340213e-05,390.809181728,1661496590,fmin_l_bfgs_b,1,-66.42864614880543,0.725394300010521,0,0,,completed_without_convergence_warning,False,False,,False,,False,,False
