relative_path,size_bytes,sha256
candidate_censoring_sensitivity.csv,4331,EA00B36A1420B12BEB9CCDAFDB16D90BD2D2E4DF302984FF733E186103D5C140
candidate_domain_sensitivity.csv,447015,9AF7243EDFD6F744CAD3508EFF8B9ED8E9CF7415D967B387C4497D042D134EBD
candidate_keyhole_fraction_correlations.csv,1480,490BBB3FABC8B4B2F1571C32DEDAA34102C735DD2011B53ABF4514CFB9C89592
candidate_unstable_subset_sensitivity.csv,3048,9D2C99DF05E23929A74F0CAF155D91E06E087808AB47C7A5D05B2366BE3F1F7D
checkpoints/label_parts/sim_00001.parquet,44770,4926E76B3629A3F39F9BEE74E168A16343BBE9DFB9C2B18CCA7DA08FA8FDC760
checkpoints/label_parts/sim_00002.parquet,42102,74F0AF24BC8A3DF3138A61D537DAA09441F226E3680D968A48EF4486527EF889
checkpoints/label_parts/sim_00003.parquet,24925,091B135CD3CEB79B95A53DEEA7CB0F9172631A2302BCEDBCC505C2CDB4605A09
checkpoints/label_parts/sim_00004.parquet,26282,0CFE7EE69BCCB8D48E687D6E415C2FA22C21ACD725F4DAD1FC7057184690E7F1
checkpoints/label_parts/sim_00005.parquet,29349,1388569B9BC5522652FFBDDCFBA9F40E7A6C2CEC98D07FCA1E60FFCA0B893067
checkpoints/label_parts/sim_00006.parquet,41822,57BF9724FD280F52B01DB3F2885BD881C66B2DDB47A114514DE562C1604CA3FC
checkpoints/label_parts/sim_00007.parquet,24515,7AFD586830873F3D973B2DC2BF88AD273C162D5ED652268B7FB06655E2F61115
checkpoints/label_parts/sim_00008.parquet,39095,30748E37DBC62453EF7616374C243753D95A84CD0A7536B54ED778D4467BC7B0
checkpoints/label_parts/sim_00009.parquet,23325,9C6D6C319A8F4DA943E113CB531F1E9D0D00F39E7DF85BC71105D076BE586E84
checkpoints/label_parts/sim_00010.parquet,23969,1E74C43A04834B0D4932460FA035498E39C577FA4ACE6D793C134A858250824A
checkpoints/label_parts/sim_00011.parquet,42984,0C2F20A3640091340039D89662E907E7057EF4A1D523719B552B8D603456E9E7
checkpoints/label_parts/sim_00012.parquet,29950,EB02384D51181AAA2150BCF5C5582A452EAB6CF96553B925D6C7D38D4D10BEA1
checkpoints/label_parts/sim_00013.parquet,37592,6CC52263B37DB150185AA1319E17B9FBB70CDCDB318942DBB99C5F1B96A42973
checkpoints/label_parts/sim_00014.parquet,22718,F78BDB948334CF626E9AE3C4D441662F3694C994AB8E971D7E5C06B9366C2628
checkpoints/label_parts/sim_00015.parquet,34082,B28559D48624A46BE5CD75B3D48D3CD55702C15B0F5051524EC7A9074279A83D
checkpoints/label_parts/sim_00016.parquet,25794,3EBA060DBC83A955928AF94F64E9C06AD7B56613644D936DEB8384826727B58C
checkpoints/label_parts/sim_00017.parquet,58559,437B045873F54798230B72607E31D39FB7B4F695F685A7310C6D6D3176205F69
checkpoints/label_parts/sim_00018.parquet,44094,6523B496A7F8ED7C9F1970899C2BA8AAE329035A072DB7C59364145004458525
checkpoints/label_parts/sim_00019.parquet,29633,333F092CEF96940A6DE41EFA377CC26EFE605735F135E87F1C5BEB65839782E9
checkpoints/label_parts/sim_00020.parquet,42564,0743CFDF29C1277E42476AD0B827BC1653872BBEEDC7DC6A4E7BE4FAD2C62B7E
checkpoints/label_parts/sim_00021.parquet,27174,07327ADC0DEC55E2AB5E797AA83BC0AB9E484D887E44933A20C684CFCD21C7B8
checkpoints/label_parts/sim_00022.parquet,28556,35EFC18004A10826A55A42B06F2AD6D6D57103A67104FCA7EC5059111DA747D8
checkpoints/label_parts/sim_00023.parquet,40488,C9B5E1BB61D0D9037FEE6B45649F4F4759AA3B4E63B06A7523FFE548DB5CF830
checkpoints/label_parts/sim_00024.parquet,56094,3D72E13350741BFD699D0FA0440FEBB0B3CA709BE7E11B1DAB82EE442EB4BCCF
checkpoints/label_parts/sim_00025.parquet,41497,57BC70AA3FC5C6D3EB2468E1AF12CE51B990789DA16F78748AB7DA7A1A46E997
checkpoints/label_parts/sim_00026.parquet,51465,003C650AECB5BE7F5725E8C879691643EEF531229A8198C35CE42B5861379832
checkpoints/label_parts/sim_00027.parquet,60564,F9FE8F9664FE534FE522BE0B784F0098837137CFA15DD958399A6D39DCF605DF
checkpoints/label_parts/sim_00028.parquet,38685,F669AE5CD8B41E341A4DF1CA491841F9FF14DB48A01B04E921375DE367F9F48D
checkpoints/label_parts/sim_00029.parquet,32435,B2FC8CCE338135B4E85843BFE3CEC9BCFAE1B138ECCC5C3A3FFF9EB01F97820E
checkpoints/label_parts/sim_00030.parquet,41855,6EBEA39E753B508F5F396497CF5398E57771D9C3097D8B742D5BD2581F7D5815
checkpoints/label_parts/sim_00031.parquet,27596,CB03D55F4C560FA84148B89228AED7B3093E0B72C50312093A4D7AA7215CDBB7
checkpoints/label_parts/sim_00032.parquet,39821,E8B8F5E2D55B00726A049D109AB7A9233DC914E3F5158A3A96E642A46910ABB9
checkpoints/label_parts/sim_00033.parquet,31383,32E0F30B18E1BB90A689DA96B4ED70A7DDD689A127148C8C959C5D677D122A63
checkpoints/label_parts/sim_00034.parquet,24067,1BAB901AB127426D8603705A30BB1CEF1E93EF8D41BC0070352698F0BFAF08F4
checkpoints/label_parts/sim_00035.parquet,41657,8BF2FC47416FD1351EAFF0F24F2E98D0865DEE38E28FB63E19C31D272D5FCAF9
checkpoints/label_parts/sim_00036.parquet,28445,4D7AB7EE7EC57A3DA98192451075F1D1871F2FEA4DDE513646F9CF43901DC831
checkpoints/label_parts/sim_00037.parquet,37377,7CF61634E55E3D7B4E6F2549924D67E01C1BEAE16410502202CE92940A6BDBB8
checkpoints/label_parts/sim_00038.parquet,30265,BFCE7CF15869FF14E53BD20D2B090AD217ED32B44614F3BB040D3B05B63E9D1D
checkpoints/label_parts/sim_00039.parquet,23543,4D6C24989C3DA2D0AD19C3C7740E606EA4031042230CCA4DCE2F92E4E707959F
checkpoints/label_parts/sim_00040.parquet,69704,51ED8137A6D59E49DCAD3E04FDB4F9A54320CBC093CECCDA0943371F1E536FF7
checkpoints/label_parts/sim_00041.parquet,20142,1C40C06A1253F1E5F284A760548402C31BEF54E68802B3D4E32FD29FB277A034
checkpoints/label_parts/sim_00042.parquet,43401,DDD32E3CD2454ADB42BF1F37AC786AC685E4A8BB28B130C72EF06F075C7F6EC4
checkpoints/label_parts/sim_00043.parquet,22502,904EA588D8DF9C05A9FAAA6CC908977DFA09A16D266B7B18FAFFE1A74D33D01A
checkpoints/label_parts/sim_00044.parquet,35428,92D528C9218FD3D4EF0E4D76A91167DAE113D886F30C6A7269C55EAC665F5DB7
checkpoints/label_parts/sim_00045.parquet,33115,9708AB0C7D1E5FAAFCE62592CFA1C6754DE96D74F6ED7DE0F7DA77692863D004
checkpoints/label_parts/sim_00046.parquet,26037,6F99F41700891DCB1ED833A58B9345EC6A59C431D22B9F188151717D1C3A7455
checkpoints/label_parts/sim_00047.parquet,43884,9B76D6AF391013BFC066778D927DC4B2318DC8D5C8ABE6E42729456BF00782EA
checkpoints/label_parts/sim_00048.parquet,21686,0FF149B149DDEE32C5C31D2F8658752B70CBE14493B0F851F102166E821D0DF6
checkpoints/label_parts/sim_00049.parquet,65052,76C6518FF5989C6E0C1D3AE7108C527F8F8B8B315EDE25079883D99DAC896C0F
checkpoints/label_parts/sim_00050.parquet,33141,847D1AF85036027EC630A33462627546FC407E2FAD837608C31FC19CCE85A5BF
checkpoints/label_parts/sim_00051.parquet,23451,78C781C5697840CF9EB0A612C054A09E97A83E4DDB4549D334DBB2BE51960D27
checkpoints/label_parts/sim_00052.parquet,42825,8B70FF26BE6AA42B4519F3B2267D7C2A5D7C12A0B6B74012361201F1B66C7F1B
checkpoints/label_parts/sim_00053.parquet,44323,ACCA2F827AFE526F7A3E4706B6D546E121954C9D803D4A40FCF2DBDD96D4178C
checkpoints/label_parts/sim_00054.parquet,24371,CCF98EB1E387BC981FDB45189BA6DADDBFD4C9CF63F8FBD31C91FECD9059DA1F
checkpoints/label_parts/sim_00055.parquet,35740,0E77CB7AA15C94BBC9430A2A970FE781AC4D34D397528752C4A36D28BEE4907A
checkpoints/label_parts/sim_00056.parquet,43080,82C675FDE81EE1F80982D9FF8879ADD15578729B5D9006E32DF7750BE03BA662
checkpoints/label_parts/sim_00057.parquet,34209,B43A870A6584249BB0D73F779AF487BD302729D77A51CEACD8C0D467B1D69185
checkpoints/label_parts/sim_00058.parquet,41017,2BE47837DB5271C04FB113CCF9A9C1269E6FEFFDE41017E3E6F4723C2C9E96A7
checkpoints/label_parts/sim_00059.parquet,31714,26356C7240646EA0FD072E3DB573E2003995A6D4B2EB43AAAA557AE92CB41FD0
checkpoints/label_parts/sim_00060.parquet,44118,09B62092F1E95C07CA6E985CAF4A005E64BDFEAB450B0819C7360C33F13C8F29
checkpoints/label_parts/sim_00061.parquet,23904,B08A3DBCBFDCB8EC5906340CC1FFE8531B07F3159E2621B54C4025424EB3CB65
checkpoints/label_parts/sim_00062.parquet,31156,4B100EFA7972A7FE1D196BEA648E555340048C45FECD179F491FA54A87978632
checkpoints/label_parts/sim_00063.parquet,44071,114B9F44B13C63205DA26B6A0F633C36BD9212A2F7030BA279D0A482BB104026
checkpoints/label_parts/sim_00064.parquet,23032,23B5602F787BE4360EB91701C337A8AD946ABBBFB10E98AF560F3C6BA61280E1
checkpoints/label_parts/sim_00065.parquet,44417,DCE9D73705A0225EE9428877B206227F8F4308C996D5F6A0DDC582C781D44636
checkpoints/label_parts/sim_00066.parquet,32488,70975A3F38699CE2B65AF4B6B47567B0C838583934ACCF5F5A7872E88218F152
checkpoints/label_parts/sim_00067.parquet,28921,55BEB64EC6926458CC664DCAD49F52B6022E8AA65FE7A5E190FC1793BFF8E881
checkpoints/label_parts/sim_00068.parquet,45232,945E49CE7AA715BC8EA598FAFA33DADDAE9D9F9BE134E554B248F20E2D4F0C4B
checkpoints/label_parts/sim_00069.parquet,22830,AF9100A5EF0623D83D887CB9EFDC64F87C8058AEDC13921043ADC3F9E59F9818
checkpoints/label_parts/sim_00070.parquet,43754,F47A3B2DAD6DE2E2D414FA048E3F2752A953115D38DB7B30E563B32B33BAB54E
checkpoints/label_parts/sim_00071.parquet,22737,ECAE4DEA0F09AD76535503A4DAF0468BA6ECDE0255CD5BEB860737C925C1C0C9
checkpoints/label_parts/sim_00072.parquet,45826,49E637018A15B822ED7189A5C43E2595B0972236451D23FEF0D9FEE90B9AD074
checkpoints/label_parts/sim_00073.parquet,36017,43406BFF449983D2BAC09D03F09B50103D95846705D7D38C74DE79E027CAA4F9
checkpoints/label_parts/sim_00074.parquet,42122,460548E27843AB7E37CB2A576328E9C67AD497EC3F6B85E63923A018B382A48F
checkpoints/label_parts/sim_00075.parquet,41941,551A560598CB9A8A5872DCBFC97EED9F2D18CAFCD84BD524BA93431D2C7D93A7
checkpoints/label_parts/sim_00076.parquet,39446,DDA09D6DA6B9D0015C57DA99A7935316A879CE23525F628FFBF1606ED39B0609
checkpoints/label_parts/sim_00077.parquet,38480,B3562E5BC54C105E896C5F2E36DE19088844F23F89D3BC6E316DDEA397E935D9
checkpoints/label_parts/sim_00078.parquet,25420,945E7728BD1504C58856658508F9CFD4C6C35FDB00B92D132B6027D3A27E84EF
checkpoints/label_parts/sim_00079.parquet,42045,D11B8C2C65D5343D36BB5A8EE483EF2754A181CAB3E854C5AE3CD7C20ADC74AD
checkpoints/label_parts/sim_00080.parquet,44645,87886D80BEB58306BEC70CE5E489AD58C5696253FBD2CB451DBA9830C1A37B41
checkpoints/label_parts/sim_00081.parquet,42999,8829A84F0C2D3F761CDCD4A7EC24FC28002986B60F124E81590547113B09B9EE
checkpoints/label_parts/sim_00082.parquet,32426,39E1CF6C5CA6C744D5558BF4F880B8F409C61254ED30BF6A1BBD44B00EC27E02
checkpoints/label_parts/sim_00083.parquet,43559,81C4CF55D1D69C97FC9B714C6760444AA795BC19A9B137ABD42F5CB1A87A3634
checkpoints/label_parts/sim_00084.parquet,44676,633EC58F4B06C34CCA280CE9A019FC5DAB09925D561D0DEE60220B523847F87D
checkpoints/label_parts/sim_00085.parquet,35704,D4C5E0DB307477FDF4EE7D650E841150194E4C8DFA76564F8423050BED6D3BEC
checkpoints/label_parts/sim_00086.parquet,45723,AAB016FBFB1F28465C43A640C8EB501B2D415876133A73FF30C4B5E4BB01FCC0
checkpoints/label_parts/sim_00087.parquet,25730,0FE0D2E8C6ABEB6274E42FB30B0D15F4E948ADECD061DE644801F2B54F27AFA5
checkpoints/label_parts/sim_00088.parquet,41018,23BD108002A16D330B76481467959AFCAE2B051E922C1C02EDA77D38F9FD3FA9
checkpoints/label_parts/sim_00089.parquet,25643,C5142A8A17B6CA422198385FBF1444D6D35BEE2007A7863DA639DF21C864ADA5
checkpoints/label_parts/sim_00090.parquet,29024,7DC6E8152FD363FABC3430AF634C24AF47C70332ADBD3540445023A094B962EC
checkpoints/label_parts/sim_00091.parquet,43627,CBAF05DC09DE743A4531DADF22FBF6543EDC2098B58C869E90B3E0BE89D48947
checkpoints/label_parts/sim_00092.parquet,45129,00A11F89D96417A18FFF1F9F161859A1AE9AC9C04B17A5D80219C619459E5CE1
checkpoints/label_parts/sim_00093.parquet,44427,8658AB608228C4CAFF828CD02674255AA5BBB6BEDAB0CE7EE22277748AF7DDF2
checkpoints/label_parts/sim_00094.parquet,43787,EC6CBF47A3FEF57EC39E651DCFCA6A439088ED60EFBB9F7622EC655711F2F30B
checkpoints/label_parts/sim_00095.parquet,34996,BB35BC7EB9B2EB0C0B492E52102401EC9F695CA19A17B27EF2921F66F3604E7C
checkpoints/label_parts/sim_00096.parquet,40562,9C1C3F68FE3BBD2F003001BBD79C6C718D47C31DC7D06A4F3A3EBC5DEE6868CA
checkpoints/label_parts/sim_00097.parquet,22985,AEF3D6C9023D879BDF157B2C5D41D1EC2DC1B3101A525C254813808AC5039F59
checkpoints/label_parts/sim_00098.parquet,23484,AEDEBDE9F0C0B889338EB7D9C21A498DCC6E26068149C1385BDCF0F31F1E2E6A
checkpoints/label_parts/sim_00099.parquet,42432,CB8B8AA00E7AB34436306A5A8F6C98DBCC370D0208D71BC090B9FDAAE1223694
checkpoints/label_parts/sim_00100.parquet,29668,83D11678306E5A894D8D7FB4F1588AB9D303D932D9C7C687887999FBC6F78130
checkpoints/label_parts/sim_00101.parquet,17637,A63FA16758D35100540E405733CDA237B5B942CD416BA7BC611F624EF128A2BB
checkpoints/label_parts/sim_00102.parquet,27199,FC8F55225E515B7018F592C466B2F58BA5FA87E58A7C0D6C6E80CEC0A1F4E990
checkpoints/label_parts/sim_00103.parquet,32318,395E169BE5F6A0BD23863FF3B1E17BFAF6DC58DA5C5F57208AAA0A6ADA497367
checkpoints/label_parts/sim_00104.parquet,43112,C828665E4988AC2AB3E790FF3D16085D777563266A455FFA8E5959AE85507DF4
checkpoints/label_parts/sim_00105.parquet,33797,716F01E2220B0DAAC5F129B1C7F16DF8294FAF4C529F1147D41EF49A832903D4
checkpoints/label_parts/sim_00106.parquet,43443,288638E70EC22807C22552A958E9C90D763868771582D28E838E4F6D0966D38B
checkpoints/label_parts/sim_00107.parquet,25120,CD337606F5B096149D1EB9D0B774C1E6AF468FAD0187EC21998BB7831101EE99
checkpoints/label_parts/sim_00108.parquet,29661,CD05F9D1AED3D0C45917D6ACD8A56D4A492D5BBEE3EB1B16965FB79E05E76FC2
checkpoints/label_parts/sim_00109.parquet,44748,E541DEEB6C8A091FA8CB355C71A14EB6CE7E6AAD6F6FFEB21851EF8839F2BAF5
checkpoints/label_parts/sim_00110.parquet,41087,A06D3AF5B5A33619A72A01AEDB1D13CEAF55E0E1D60F46BE43C5E1ED21935761
checkpoints/label_parts/sim_00111.parquet,42220,2015169221426E60BB1938369A83E697B0E9B6EE40EAC5CF63028FD38361E85D
checkpoints/label_parts/sim_00112.parquet,45634,DACA02578D3D30A46771CF091E3F825B75D40E9F32C08DC8C0841452425CD746
checkpoints/label_parts/sim_00113.parquet,44175,E8E48A75EC83CF5A9FE153E91F6657083DD8E7135C5D3FC8AD338C7EC52F07D2
checkpoints/label_parts/sim_00114.parquet,46320,DAA544C39FB4CA50461B255B5DC0127B2B166E72AB333B968C587D2DD51CE11F
checkpoints/label_parts/sim_00115.parquet,30252,F4B8F5E98535B2E4A6332668733EFAA7F423A943551D94D0D90F2451701A939A
checkpoints/label_parts/sim_00116.parquet,26730,9D3E2D1F1FE9F7E4D540745DFE79CBE8E1E75DCD53114C225B132F2A734550F2
checkpoints/label_parts/sim_00117.parquet,46027,097A377F34DE328ACEF95C7F67F240D98693DA45A6A95A14069EE9D274A57D3B
checkpoints/label_parts/sim_00118.parquet,25445,10EA6C9211CC68E726D1521C2CBD7C63B9FFF5F72394B67E99013CAA9C194994
checkpoints/label_parts/sim_00119.parquet,33083,59CC3D55FD58C3FEAC7F9058DBBACA3D07F9F1419E43F10FCA142F7BEE0B53CE
checkpoints/label_parts/sim_00120.parquet,44970,4678731878E997BDA5DF81F62ABE162A1BDC9C52CD9683A25EA39F111000778D
checkpoints/label_parts/sim_00121.parquet,45046,03948C714BEECAC3E3C8771CE9AB153F26C6618C1C3687B3FFE1E5BE4E4FDD88
checkpoints/label_parts/sim_00122.parquet,25857,4E5C9E1DDA3712CB33840F0B829121EF05C5440FCED2A4D03B896A689C91D4C2
checkpoints/label_parts/sim_00123.parquet,33311,561C519B35A049879885A47D5DB01EBE211349191015CE2C49EA5D06B98E00E8
checkpoints/label_parts/sim_00124.parquet,32464,E7C28379B420BF7B329004F6B955A189D29D450C9E7C2C18271540847FCD153F
checkpoints/label_parts/sim_00125.parquet,28378,5E05BBB86DB64D9C7871A31EDA8F8DAB34A5C7AB1818D526ACD9B003250BBAB9
checkpoints/label_parts/sim_00126.parquet,32419,F8DA39418881A9A005A8009DB256E08DE6CDFCB08A716B89C9689BEAF02D8414
checkpoints/label_parts/sim_00127.parquet,29296,B1309F25E86DFFA3E3D7453278DC58D46972C4CC36FDB76B9E905C9D1E6B1071
checkpoints/label_parts/sim_00128.parquet,44216,4EA9E3F746C4F019FB749755E0B3DE5EDAF0488F1FCCD74CEC6EECA2D58DDC0F
checkpoints/label_parts/sim_00129.parquet,40484,AA595C65759F1A6360FD6E13A9A789A22361AC209E0398567AE2F1E549CA80FC
checkpoints/label_parts/sim_00130.parquet,43838,8502C5EE44402142A06E636A753E800902E96CA402DCE6424C0A770A945ED8DF
checkpoints/label_parts/sim_00131.parquet,44972,AC9F4B5213FC0E7B1042B4192915694E6246C8801AB4DB0E47B529D196416E0B
checkpoints/label_parts/sim_00132.parquet,44634,E0826F74C2734D490289CD2F350C3A5B4B19C294B4418BFFEB8C053A95FCB601
checkpoints/label_parts/sim_00133.parquet,23729,1A7EB28FBF4C872C25893F02A425A68563FD3D7A0D590B1E7800E510E0BE289E
checkpoints/label_parts/sim_00134.parquet,40550,349B887D772BAE1CD97DF48285D8B6EE0ADA04303BE2F59E0F44E8FC95FFF6E7
checkpoints/label_parts/sim_00135.parquet,31907,81C832BBAD400077ED7F7EFA89E66D209027221AA7568C56359646656C646854
checkpoints/label_parts/sim_00137.parquet,34605,1870755970105A8958E1190C7889A12ACEBFCF9CA186F73ABE4221FDB3DE2D7A
checkpoints/label_parts/sim_00138.parquet,40911,896CA9D07B7179364AD4D6B874337CE1659DC2FAF2A3C536273F6DE4C29191BC
checkpoints/label_parts/sim_00139.parquet,33137,CEBC7EBA0F2A8113E41E4D3949B86FB298CAF835CB77FE385A11E0CD1EDA28EB
checkpoints/label_parts/sim_00140.parquet,41327,A28A5E7AC8E500527BB77218DFF3854C2B0B936B6106163089E07F5E0EFEC8D3
checkpoints/label_parts/sim_00141.parquet,47106,79BFC93BDDF7569766DE4CF654D96870A517C7A20EE09FCBF2603D5BAAE5D613
checkpoints/label_parts/sim_00142.parquet,29444,8A02E4CF5FBB88BD3D113287F8C8253965DEDAE02703F0B088EAE22739D2D760
checkpoints/label_parts/sim_00143.parquet,50132,402E145367A9A7AAD224FCE7C8A209E2AE5491FE3D2F3A95B44371CC0856840D
checkpoints/label_parts/sim_00144.parquet,38159,91CD93CABA17656EC88C3C590D87EDA627C54DDDD3F16E327E91F8C71D5F381D
checkpoints/label_parts/sim_00145.parquet,29921,BB1687F920EDF64F72914315DB6EACAA9B7E73E89B004C2AB64FFADBB2FEBEFF
checkpoints/label_parts/sim_00146.parquet,28244,466294357AC3148CE155F415EC7967317F57AC77CE1D3B013D88BA5173E007EC
checkpoints/label_parts/sim_00147.parquet,63789,26181E03A834A513EE43A2ACFAEEC4AC7CC44A2A90F71A63897B3360B9A0D066
checkpoints/label_parts/sim_00148.parquet,50613,64B198D48C1320179805DD9AEDE4DDDB9391A71E3F6A60DB5468A0DA1BDD158B
checkpoints/label_parts/sim_00149.parquet,45385,5DC26FCDC34AC58B4CEDE33033CC5DE52B7A3E1CD4948658955F2C7F9C24D064
checkpoints/label_parts/sim_00150.parquet,46982,CEAAF75A531DFA5672793D419BBAECA4704BB567ABCA966FF3D01B76BDE7BE90
checkpoints/label_parts/sim_00151.parquet,68012,B59CF0DDFD72DE073D68FD17615409487CA0CC3957C66A7AD5B8223BE8CB430B
checkpoints/label_parts/sim_00152.parquet,26878,1FB93A6FF1BC0CE520BF2519895F1B6C65162996DCCB15297F74769ADD26A38C
checkpoints/label_parts/sim_00153.parquet,38851,F09D996A3FE42AA1EE5188FE7F843A100EC803A34A1D1FCCA6893A5A042B44FD
checkpoints/label_parts/sim_00154.parquet,41946,54E1C68B0B33621D93DD909A9DA29D005C602C9FE3AAB25DF5D29CC0BEAFBD91
checkpoints/label_parts/sim_00155.parquet,41499,A24273FCBFCD03CE869D92209F0771F7FEABA21C0D6638A4F700CEBBFA8E3267
checkpoints/label_parts/sim_00156.parquet,30265,016F318BCC461959171136A89B35D193546F505263ABE10EFBBDD634272F5D47
checkpoints/label_parts/sim_00157.parquet,60210,10E558131D043529586D3CFC18415542312E34DB67B645DDE35131C67A1E631D
checkpoints/label_parts/sim_00158.parquet,40269,F80FF577BF465C1F5969130BB2F276267D46B90F68D99B656BC064E84B3FDB8E
checkpoints/label_parts/sim_00159.parquet,39122,8441E656194C81D57F85ABFC2848EEA4BBD28C3799ABEE43BCEC6DECEA8243FE
checkpoints/label_parts/sim_00160.parquet,35309,65402752B8B34D99A06D91710A6F309E01E738FF539350851FB162195FA25F76
checkpoints/label_parts/sim_00161.parquet,26270,70C94C38452C353F937658C8613863A01BF05533420F7EABE978E91548909D09
checkpoints/label_parts/sim_00162.parquet,30339,174CCAFA6BA418CD8DFF0488A9C87DDC0500516C2B7B0D9CEDAD088FC7D68B61
checkpoints/label_parts/sim_00163.parquet,32929,A9519200314F565920B7610154BE3F16B33B7D0F7095D9BB3C82797D314AC6B3
checkpoints/label_parts/sim_00164.parquet,23523,7A3B64F716B81615F4DFA5D51C0EAE829615C9FBCE69488D21F000775CAFE592
checkpoints/label_parts/sim_00165.parquet,40043,074E62DDF31CDBFA25C2D17F2943C2769CED4A0669A0170AA7863229E32375A3
checkpoints/label_parts/sim_00166.parquet,36898,EBB1DF6E7D6B29B74FA48B53E83D78DC58F56467AC45D511133C90E35A40EF4F
checkpoints/label_parts/sim_00167.parquet,38951,3AB3980564C669B6D14996333411FF4C91F41DD249DF40314E87F2AB3C861355
checkpoints/label_parts/sim_00168.parquet,37888,AD31E1D07BC9FB20E4E44C11B5A8AE71DBDA5272D92CF65BC0918D7F800B7990
checkpoints/label_parts/sim_00169.parquet,26135,FD29A28EC040CC5E82B62E8A063BF5687D02BA7B82237A3AA1961CFBC8DAA1C7
checkpoints/label_parts/sim_00170.parquet,48614,BFFF332A825661281F2D02E821666B0C4A57F3376B54BBEC30F171B8856C849E
checkpoints/label_parts/sim_00171.parquet,40434,059508EF321E33EF5B97D6A23844B1407E458FB1D210D41B386B33F6A8A841AB
checkpoints/label_parts/sim_00172.parquet,40271,AA33C9121229D43784BC1D99EA79499CC0C0379DA6C0B17D8F7C2C8CA4396D08
checkpoints/label_parts/sim_00173.parquet,52157,FD8C26769CA3D93F462C13C2DDFE1CE9D91820792B40E98582386A08E5446CA7
checkpoints/label_parts/sim_00174.parquet,29248,D7F971965EB0AC415B83CA4D655ECAB2D8C57C4D7BC0A7A5FA7DE5FB68BCB202
checkpoints/label_parts/sim_00175.parquet,29001,C38C0992A0177ABEC33A9146157E6CAC363CE739B7AF9909071F7675B5DA649B
checkpoints/label_parts/sim_00176.parquet,41452,734015C04B7D6E393AB149D64FA02227E1210F1A147DD6C8C465EA3C5854037E
checkpoints/label_parts/sim_00177.parquet,25439,F5C22A36D118C99923EF3FB330DE36A138A21ACA1B9837A09CB9A9A65D918844
checkpoints/label_parts/sim_00178.parquet,46618,DD3BF2091A9B6E7B6F9D56667AAD0E3CFE6E9EECDDA47CC4EC89CD4D30C53212
checkpoints/label_parts/sim_00179.parquet,37250,806BC2DD8EF599B627AFA327F922B803C1A1892EAC570E13924FE8845434EFE6
checkpoints/label_parts/sim_00180.parquet,35295,F6F1F8CD15C59B0070124BE570EAA639D03F55F39DF5B06725E06AB704574D0E
checkpoints/label_parts/sim_00181.parquet,30001,0E5EB815B42966C9CD4C220D2E27843CDA70EE9F28545DC64BAC3F3EE636BB5D
checkpoints/label_parts/sim_00182.parquet,42334,5769CFD443A62F0A050F792B3AD77D5C3756E2D5A36DED49D62AE9E3E7F07188
checkpoints/label_parts/sim_00183.parquet,30956,C9DD85756017F1E64BE8DA1255FEB6CD9A5218B034BFB5D87E940AB3CD3432A8
checkpoints/label_parts/sim_00184.parquet,22433,8C22322754EA0360893549F86F14B392EAAB2D390FE21F636A166CFAAA03B41D
checkpoints/label_parts/sim_00185.parquet,41719,510283821F1B879647ECD244F0B006F2BDA35CA546CD1A467C15FF1661126CFB
checkpoints/label_parts/sim_00186.parquet,24693,D2A9FBEF1CF1863C11E8149B65AC247D8C08CBDD69E95058C8D796C4B57B3E81
checkpoints/label_parts/sim_00187.parquet,35713,C6BE0A08A1D97098B54D5B384BFD20BC7B5E2FDBF7E6C12C0D36217F210CEC7A
checkpoints/label_parts/sim_00188.parquet,36863,D373E199ED360284BD08EA3B707F53904AB096EA463EE85F77F77F42F84FF859
checkpoints/label_parts/sim_00189.parquet,24985,A74043F6B1B518096E725F780D0E9E25C09F41B573A35B1DFA6050A95F33D9A9
checkpoints/label_parts/sim_00190.parquet,41074,C3884F33670C068F7CFFB0AC03B356DE9F89CE9C6CD9ED4FA593BE9B2232D589
checkpoints/label_parts/sim_00191.parquet,41219,9371195E4057930FC33F25F7D6126156660AE60E0A8437BC6C928454CABCD768
checkpoints/label_parts/sim_00192.parquet,27023,23D20FDED6801C008E5FD9918574AC31876A37CE58766D81C0B92581A77B21DD
checkpoints/label_parts/sim_00193.parquet,41764,CFBB388793F188790CF61AB58DD0B3A05812D313EBB82C9D0B0B1470A9C969CA
checkpoints/label_parts/sim_00194.parquet,42988,D5E9FCBC784FC5A907F4899288F877DB01CE182698F2D0457888AD22CBA25BB7
checkpoints/label_parts/sim_00195.parquet,36636,DBEAB44E781EA82948419EAEDEFF5D2723B9441E7EF9EBD815F323B0DE16F5B0
checkpoints/label_parts/sim_00196.parquet,28292,C15A663357C8666BD876AC3361EE8DDFD08795B25EB8971B377845B5DD70A1A5
checkpoints/label_parts/sim_00197.parquet,23664,9FC766DC26BE8E1D614278FF9CDE11A0A5D18211D8343762F4FED1D6634EFC96
checkpoints/label_parts/sim_00198.parquet,25337,595986C3B826FB41818D5F12A753CD17328FB51CA91145B940A06B1DF58ED3F9
checkpoints/label_parts/sim_00199.parquet,35459,EF440C3CB7B013C86B609ED9D167A597FE1C6C95D65E62365200A14788952173
checkpoints/label_parts/sim_00200.parquet,44286,45569D187C25EF7D105496B8653B606FB7521E486F1428518FDFE6F94A2AE515
checkpoints/label_parts/sim_00201.parquet,45226,F3BBA8A065C6D39FBA64C5FB7F8FDDF446519C87AA1610CEB40E1FDF363E278A
checkpoints/label_parts/sim_00202.parquet,43814,E7302EF366DFC7EA91732F00265218612B68F43BB53116DDC7FDD07BEC5D4F1D
checkpoints/label_parts/sim_00203.parquet,23984,9D498287CBA25ACE568A5CC88F448E5F27BA19F85D3AA7F948ACF8AB805300E1
checkpoints/label_parts/sim_00204.parquet,42594,FBD456E8EA50D0D6343D91CF27826FA131BC246344FFBAD6F5F9F7D10609D702
checkpoints/label_parts/sim_00205.parquet,39909,7E215A2D14D692F6C29C5EBC88366953A823F9511818E01B829EB9324EE9B2DD
checkpoints/label_parts/sim_00206.parquet,43714,6F175F9704A26F5624F41D1383D681A9CB1D3A56DD84652F415A24E6F237F368
checkpoints/label_parts/sim_00207.parquet,45052,3A55EF0AC840F82CBA259D27AE9B1ED456E156F7DC1F8873F8DDE94AB1EC0BA2
checkpoints/label_parts/sim_00208.parquet,23622,164B5FD5A1BB1440A7505C382FBD9BCEE0113CD60B5B0E74DAD8B28C6F46D9E4
checkpoints/label_parts/sim_00209.parquet,38478,C348CCABF2E515B26FDA79349FBDC8320C0764C19A0AC1C66663B81EC605FB2B
checkpoints/label_parts/sim_00210.parquet,29418,54C08E5293655677164F28E5C537F16112F1B888EB9622630952E401A82607E2
checkpoints/label_parts/sim_00211.parquet,43294,32ECB51C16E0424CCAB281906C2F57631A38883C15D003A3E19691C288C8E471
checkpoints/label_parts/sim_00212.parquet,28254,039052D5BA4F0E8A1CE25D35190BDF4C415B5C18436DCF918AFB05A7F1371983
checkpoints/label_parts/sim_00213.parquet,26223,F5B35E7D3FF9EAE0D8E3F7C77D470B306563CBA9CC2A2534114A2C5B7890EA07
checkpoints/label_parts/sim_00214.parquet,31887,DEA8D03F91AB327E5E782766DF7A807165EDDEDDE7788E739135B9FD0789BCFC
checkpoints/label_parts/sim_00215.parquet,25733,52709D6B1099A38594FC53805CCC53F2CFEF593FD3C9F5E9973ADF323E231EF1
checkpoints/label_parts/sim_00216.parquet,26323,664E078AF4582D9B7125527D2BB84A235FA0B260ED5E0583C42D262DA05EE379
checkpoints/label_parts/sim_00217.parquet,23108,2AA4023680F5651F008906216CDDB85A250F91F0D25FDE13D511388D1CAEBFC8
checkpoints/label_parts/sim_00218.parquet,26704,6BAD589EA6E7526266AB6D023F895B3E2E28B3B9128DB5F46BC10F7521CEA2EE
checkpoints/label_parts/sim_00219.parquet,39092,E9A60387E45B2711E37D271D3276A9008773C07D463CB6B99EFEADD68D011D38
checkpoints/label_parts/sim_00220.parquet,45237,3E0795635A4783D882F729CE7B9B74FF7626AE13F26796EFF3A3FD87BB43EBCF
checkpoints/label_parts/sim_00221.parquet,45869,DC729C530386DA70EF584CEAC06281A4EF1646D5124BC2A22DD81E002782BAEB
checkpoints/label_parts/sim_00222.parquet,35552,3C1BCFAAC435C9A752F1802050B98B38849BEFA3904D2900F21EFB82AC8C2B5D
checkpoints/label_parts/sim_00223.parquet,23223,AD1084ADD18094AE91B730B432F03D458C7388AA4B299F63CCA2B6930771D6D0
checkpoints/label_parts/sim_00224.parquet,35745,D211373A430AEE173317D8E0C11F7EFB74AD652BC91A189634C56114E2C78FAF
checkpoints/label_parts/sim_00225.parquet,29093,696A0AABECAB6708A24CBEFA17D8D5B44A57BF43803FDF585207FF31DFB76AAC
checkpoints/label_parts/sim_00226.parquet,29879,47510624CC197B0C26AEDC0AFF3956265C0E1780150FFBBD229405EC395E008B
checkpoints/label_parts/sim_00227.parquet,45200,0B08946E8144DEA9990ADD7E6AECE93A327907CE05AEB5EFF78FDD166F332F80
checkpoints/label_parts/sim_00228.parquet,38091,9D8000C83DE386C5BAC5F3951355FADD8C49F3902C9824AE8E4004E7921075C4
checkpoints/label_parts/sim_00229.parquet,36179,B4B49184941001C45022588202FFAC0F06C03B114C2944DC048A3BB0822A7804
checkpoints/label_parts/sim_00230.parquet,27532,52A5D9A9B69080B96F6D4F77E63D89188BC96138E9C575787BF3A993FFF15E20
checkpoints/label_parts/sim_00231.parquet,45737,A219F4B69E6598C7F2BC68B0640025F6DB5696AE357A4F85F6DBE7E3F9891EF1
checkpoints/label_parts/sim_00232.parquet,41697,7C09BB979EBFE91AF8F0DA6E14EBC76ADF07854C00D77F51C98E2CA4E156E6EC
checkpoints/label_parts/sim_00233.parquet,46200,022FC175E2ADD7B44DAC6E429312D7A9792D6BA520456D965E49A22400585671
checkpoints/label_parts/sim_00234.parquet,38473,4675C786419AF9384B4DEF4D8AF54FE46010D75B44605D7BBAE3DF88C0A56BAF
checkpoints/label_parts/sim_00235.parquet,39522,0440FCBC3E3D68AD20D8A7E7CDBA2835522338FBC671FF69D2711E5FE1161998
checkpoints/label_parts/sim_00236.parquet,29011,1C6FE47CF885F9112BE69E03A2C199F951C119C0EA72256873814A918A61D240
checkpoints/label_parts/sim_00237.parquet,31975,8875667571227D47FED8079B21595BAB558EECF5FAC97574F26655D0575DF69E
checkpoints/label_parts/sim_00238.parquet,30011,0AB685281DE59B7650E802184935B0DC15788929CDB319F528C083A64817CE3B
checkpoints/label_parts/sim_00239.parquet,42330,6F6572771AD7A20872BA9A742C878A63BA04C23F0AB08A06ACE5ED6BCF39C8C1
checkpoints/label_parts/sim_00240.parquet,39691,92A5612B746D390B0275BFB013D920B458C1ECAEDE0D16F6F2DC7D6316D9765E
checkpoints/label_parts/sim_00241.parquet,40577,E3C3E1665CCE7B1B913A0889746813002CCDF320BD54AA8CFD25F9B4F66B87E8
checkpoints/label_parts/sim_00242.parquet,42203,85EA2DFF45FEBD07C2F1149A03D02F48857709B8730B84C75405508341405759
checkpoints/simulation_summaries/sim_00001.json,58875,77B272BDE4B8902EBB63D2EE7995A30EFB0AD1365B312B6850B41F51CA2E8BD1
checkpoints/simulation_summaries/sim_00002.json,77143,7DA3461294E9769CAE1E89845507BAE9D2F5F9472491F40B281C9E998AE4471F
checkpoints/simulation_summaries/sim_00003.json,57591,A6737CDCED22E8346FFFA9F61F6C26C12F03AD0157400238E76B7D6B9572FE71
checkpoints/simulation_summaries/sim_00004.json,51670,EFF55F4E660E656DF0338880F0CDB20D47F5CCD1E8ABFD5D12A8863A8DE6C248
checkpoints/simulation_summaries/sim_00005.json,42035,607D6BED54F23FB6658D044B45172DF749D658D3A2F67E59419F63F23DABA2D2
checkpoints/simulation_summaries/sim_00006.json,77060,E14538F2B8C3426BBC1C8416BE5E526FC7F2F18CD48095DE4083CC527C18C2CF
checkpoints/simulation_summaries/sim_00007.json,46907,2C87AD351E3F807DB36AC76F3DC28AE25F2165DC1E23C19E5545D1F68D719EA5
checkpoints/simulation_summaries/sim_00008.json,77169,7E90D4A8B853F965103F5621CB2DEECE93864F35D4104BB0BB420C5F1F1839CB
checkpoints/simulation_summaries/sim_00009.json,51325,4F8F2126DFD4D37C521FAFE40ADBF3A1176DF00DFD4B69851CF1C46F32981B15
checkpoints/simulation_summaries/sim_00010.json,53009,4DDB4187523614787506329095D3580B4DB5129CD382106F66C8696C5DEB5E4E
checkpoints/simulation_summaries/sim_00011.json,77267,926CA294FA8E644AFBDBE11ED4C07D489F0D3DC9E44E2DAE3C73F9A529BA93AC
checkpoints/simulation_summaries/sim_00012.json,62011,B1B79C5865D63B790EC4727CD251CFBE8C537439886B11D5D90C1189F9273E72
checkpoints/simulation_summaries/sim_00013.json,77475,C26318584574AA0EF03142F26F00CC7153FFD948BDC5E36C86D943FABB4293FE
checkpoints/simulation_summaries/sim_00014.json,42859,A1A8265F97CCBBC2D64AC8D7AC0F19F44BF35B9D7F26522BB3C3E69E8A0602E3
checkpoints/simulation_summaries/sim_00015.json,72813,D2E978C488ACBB58D01773941E7D2F0B7D2A1793F43DE9D7B468C903279D29E8
checkpoints/simulation_summaries/sim_00016.json,50216,4EA6E6EF412B98DA744D70E48599CB5C9A1B4644F4A5B8C7FD0C99FC1FA77C55
checkpoints/simulation_summaries/sim_00017.json,73669,C4EFFC8560FDB32376654A4429A32E1746832F0D03F239DE047D8FDE127DC606
checkpoints/simulation_summaries/sim_00018.json,77396,0A6BA2D4FFF49AE07FB78121556BA6BFA14B790AE353E019CFF8BE78A76186AA
checkpoints/simulation_summaries/sim_00019.json,61017,49276CF0740994A6645F0CA91EEC8A0542DC39EB213896EE7CF44604C4822A3C
checkpoints/simulation_summaries/sim_00020.json,77229,C32F8F3788BA2ABFE54DC5C50731D81E9807A7250D84F635F3F91FF09EB274B4
checkpoints/simulation_summaries/sim_00021.json,39670,634EA941E946B97BFCEB40DDBB7A34424D96CB4D9E3BCD903215C142CF70A410
checkpoints/simulation_summaries/sim_00022.json,58033,0B2F33445A5F59D410071F48C44DCF64062CE154D940E9AE3639E0515A7CAE51
checkpoints/simulation_summaries/sim_00023.json,77546,AC0BBA0575C241FE58F8E7C02A0720C3C9CB6B1FBF89818B17B9730DB6B6B5D6
checkpoints/simulation_summaries/sim_00024.json,71504,93CF171E815DF8A327752F44D2F7441FA5F0F225C85BDC4C2D8381DE422A268E
checkpoints/simulation_summaries/sim_00025.json,77151,DDE6E6924EB367C5121928A09A3D4EF46410FFAE57A5FE380A86EF6AA79689F1
checkpoints/simulation_summaries/sim_00026.json,66322,28A5FD219222021065DE49D0FE59D32D42C51DE81895816586E79DCCE06A006A
checkpoints/simulation_summaries/sim_00027.json,75697,6A1463EACDA1BB5CE167C5637AE65FEC3709D08E2F3F6A95F8A22CAE1475F1A8
checkpoints/simulation_summaries/sim_00028.json,77459,DB331904E8A732B6A789473A5C6717E9C387F25FFE655E56A2144E1F2F20AC01
checkpoints/simulation_summaries/sim_00029.json,44660,753BB4DF712BDA4980222D857FC531AF2AA134FE04BFE2D5B1097CE6B7396BC4
checkpoints/simulation_summaries/sim_00030.json,77617,95E49BB5A237ED233E33DE9740BAD375E3A9FF30A5EC2F2A5E468D0099A4EB75
checkpoints/simulation_summaries/sim_00031.json,55598,AE82919B09A5ACFE9DB57646BAAFAAB3F4043365DC68DDD84FBB1464BAD3C834
checkpoints/simulation_summaries/sim_00032.json,77392,934DF3AFAE3D8251E4BDC6DDACD6FC5FC96A2DD60A659372DFC9BEA0AC68C808
checkpoints/simulation_summaries/sim_00033.json,65942,90D4581FDE97CD857E3C1A9B1018ED27E68A3F2F960E848E15DE40808821193A
checkpoints/simulation_summaries/sim_00034.json,36778,3CC54C8DCB314D8C290C3C6B33BA90A3F93285B2E2A82E04BE16EEAB5B28C5D6
checkpoints/simulation_summaries/sim_00035.json,77607,21721B24EEDE8758DF42F067FAC0D54A50AF3E287AE078321AA470E65FE31131
checkpoints/simulation_summaries/sim_00036.json,40375,E0E5558705E0A849E0CD18AA927968526197B030EB0740172FBB8D01AA401F23
checkpoints/simulation_summaries/sim_00037.json,77410,4289C26F963527584D94EA8A9ACE20399ABD7F4A823995FD3D871EA0DC937AC3
checkpoints/simulation_summaries/sim_00038.json,42279,16E915BB2900E80CA2EE3C145AA4797572B6EE534911127D3727FD65613ED8A6
checkpoints/simulation_summaries/sim_00039.json,52578,1F305D09A2AC78433F4EB84DBA7232AB5621DA61AC2C78B81D5E2295EA227966
checkpoints/simulation_summaries/sim_00040.json,85634,601711B3F44B0B93274562044951A1912C82FAE7BE8A4DA7A3048179BC056DCA
checkpoints/simulation_summaries/sim_00041.json,39608,8EFE933AAF715D64768FAFD045AD33867F9037BCC6F5560B974489E0D7E55DE0
checkpoints/simulation_summaries/sim_00042.json,77572,E1707582CC3BDF21ADF0D0EC55ACD1DF6DC62A5C5DA7AAC3EF577AEDE734AE64
checkpoints/simulation_summaries/sim_00043.json,42324,9610EBEF9759DDB74DAAF7E9694385E85319E62D08BFAD7A2DC44453F5942B5C
checkpoints/simulation_summaries/sim_00044.json,77049,CDEC585A5BECF1876BEE6D06C83794DB3F8A17BD06D6F038B9BF2FABE5D60B9A
checkpoints/simulation_summaries/sim_00045.json,70148,41AD77A035F9D2A0B5EBEA0F815ABD36517B050CD68DE619EA3671E3BDE9A608
checkpoints/simulation_summaries/sim_00046.json,51336,BD4A08A8EAC7A619C2CDAEE8DA99325B5B7F57D57FD9EB51A5D73A076A5797CC
checkpoints/simulation_summaries/sim_00047.json,77183,20FDDAA8BBE11FFF7507B826560B71204050BB5EAB80169542A098EF443D1BD5
checkpoints/simulation_summaries/sim_00048.json,40362,42D950B0E3E17C51A3228D7F55FDB10A128AAFBB327E9CE9890FEC96E8F056B3
checkpoints/simulation_summaries/sim_00049.json,80438,C4057A5C8A78A186B745143DD5BC381D6421DBB2035CF4C9355E505385ABEA2F
checkpoints/simulation_summaries/sim_00050.json,70389,4D7E219378137D16FB0A080A698A065E78135DE1A93DDAED679E602692A22552
checkpoints/simulation_summaries/sim_00051.json,44805,7F2DAE1ED015D5574354A291DCE3511BD996D2FE416283310210F9597F885A09
checkpoints/simulation_summaries/sim_00052.json,77595,FB376DC3026E3446E18121D50DD9AF055027C0D7C321A4291B68D2A885772177
checkpoints/simulation_summaries/sim_00053.json,77545,5F2E14503A625FBFC29E8761642B087473D0E5A9F75C193C004E6420D9260197
checkpoints/simulation_summaries/sim_00054.json,55328,56AC0EB57F93B3C278C5B51BAB22F3E2CC78BB6DFADC3454C54F4E017842B056
checkpoints/simulation_summaries/sim_00055.json,77914,152AA9CCE678D84F9A54224FEE78CD074061C34A68A458F201EF04B0D1DDC8F5
checkpoints/simulation_summaries/sim_00056.json,77313,49FD3C29B1320649C9EBF30396AFC8DE399F6BDC7860789060D00354F71DAF97
checkpoints/simulation_summaries/sim_00057.json,73094,8D208956A11476C299A3392D3094B546DC0CF16F11E162F5CC1A660AD880AECC
checkpoints/simulation_summaries/sim_00058.json,77334,6A854060BC1A3639F8D8D37D0D181D8B8B5FF5D0D8BD09B3D2E93F55F59E19B8
checkpoints/simulation_summaries/sim_00059.json,66328,2B4CADFABF4876DA35566F818143B081E41F2D3D7DBB2CBE0ACD6387BF2E2221
checkpoints/simulation_summaries/sim_00060.json,77500,BBDE2BA1218E190070C4635C5CD72050365BFB0501E28E2826E25E72E781224A
checkpoints/simulation_summaries/sim_00061.json,53174,0C9BEC671A0F33E2728740D8F264450FE9E9BE550157DD7E1D65A313DC2B1489
checkpoints/simulation_summaries/sim_00062.json,66028,205EC03B369B88860D6FC162E3C6EE6316E57FF3C26006B14390258423BBD191
checkpoints/simulation_summaries/sim_00063.json,77470,85392194BF316DA63A572BDEAA82D945A17DA51E141C46D572C02A7EA20CD01D
checkpoints/simulation_summaries/sim_00064.json,50457,8BDD3605C8C8E889809A7F4084E005EF497FDE9FD4AE42C05BB5AEF63B2692AE
checkpoints/simulation_summaries/sim_00065.json,77699,D8361ECBE6B04B704BED590ABB65B6DE9E514065A5EE9EF56BBE7C8E2B69080C
checkpoints/simulation_summaries/sim_00066.json,68793,2C1EC222193EB55CA2EC24A381B6C0135EF65C8B6A69556C4CBB1A1B1153D82C
checkpoints/simulation_summaries/sim_00067.json,59032,718DA36CCAD829B2DA54E7EBA18FEA97D19D048AC619E9E4862F81B0DF0B5F62
checkpoints/simulation_summaries/sim_00068.json,77771,23B5ED225C5136A245CF34510FA85F42BAA1B8970C054480C3764ACF466F5043
checkpoints/simulation_summaries/sim_00069.json,43140,07C2891DCA9F08B880FEB6270E4227F7616243D9F5CD882902E66257B2C77724
checkpoints/simulation_summaries/sim_00070.json,77829,9338A65A7E9437BF1E69CE161BCFE485A7BC4CE7838EA7C2F85D9F48184F1638
checkpoints/simulation_summaries/sim_00071.json,43228,C90497C53948DAF81C0245FBEDAA004D4F21C79D7153E1A0B37232E35EFEB103
checkpoints/simulation_summaries/sim_00072.json,77862,886EBC63012610F8FD40949068CFBBE1B1D1028F88029B02E185B85C9D4F44D5
checkpoints/simulation_summaries/sim_00073.json,77632,55E4E8156A0B344CE1F203623C80650650B8B9D05A05ABA25F86C8A9345EF1D0
checkpoints/simulation_summaries/sim_00074.json,77845,6466CEA5525926EA45572EC944A2CE978A51C2EDB77F64469241917503B2F50B
checkpoints/simulation_summaries/sim_00075.json,77456,C3ECCBA8EF10C69959116DC299C01147B94FD275F7AB03870062ADED3D206E98
checkpoints/simulation_summaries/sim_00076.json,77846,EA2123EB94A258D0F5B94E37344C8F819C309A623372A4B3327AA2053E2CB954
checkpoints/simulation_summaries/sim_00077.json,77730,9268E34D5098E93B691506ABED8AA2484FECB8B7FDD9F2F1BF92223405F058AD
checkpoints/simulation_summaries/sim_00078.json,49639,97316E5BB78535CCD982135D512CF30C37F791E9E005CCD0EDEA979EC15BDCCC
checkpoints/simulation_summaries/sim_00079.json,77546,84E87AADC96069D59B3703D60AF5AF7FF2E83668E5042EC9CE46D4265C0FD5B2
checkpoints/simulation_summaries/sim_00080.json,77525,90BE7936DCAEA7612BAFC3977854E132DE5519234F083E2D177F52097DF81602
checkpoints/simulation_summaries/sim_00081.json,77876,9E78EFBBE624C8D529E8EDD20CE68E4600BFDDAA4D0CBA434CDBFC4C489347A0
checkpoints/simulation_summaries/sim_00082.json,68551,43BFA83BE38A915878933F17F1D795517631558B0CC689FD57F7F43F2616C949
checkpoints/simulation_summaries/sim_00083.json,77707,96F026FDBC33A5974CF44AEC65411ACC4D90BDE700FAE8CD2A35AF77BB559754
checkpoints/simulation_summaries/sim_00084.json,77853,8DCB77CA778D8CBE66B7D37DA6C50C1E8EF1E28CC2B7B24542823C6663C4D615
checkpoints/simulation_summaries/sim_00085.json,77071,F7E09A8973CCAF4514539950334431D678367C1D3DBF32F4B97C55FB7FF4A0B7
checkpoints/simulation_summaries/sim_00086.json,77677,945ED063FA3952272BF9C5AD8960636F21ECEE34709A24590D4FE8D2F5D3055A
checkpoints/simulation_summaries/sim_00087.json,50410,4E9378E4BD27A27F5D1A99FCC204990E470A9F322BB61A363F3FD272AE2C8959
checkpoints/simulation_summaries/sim_00088.json,77956,36B817202BE1C3118F777107A5C1F745CE08B48163A02BA3116A63CE04862A86
checkpoints/simulation_summaries/sim_00089.json,49853,3A5A6C097646CD58032D62CB7799846E67069B6637B81C0351FDE77F43C7819C
checkpoints/simulation_summaries/sim_00090.json,59060,562AB52FA4DB4FFCD6658EF477AACC93A06A3CB3C41075A46951330E083D63D8
checkpoints/simulation_summaries/sim_00091.json,77610,87471E9957B2A2E1DD569EB3B7AC569B3963CECB45739767651365E74EEFB147
checkpoints/simulation_summaries/sim_00092.json,77603,F62409570C761B49406C07F8A396BAFE004C5F2C41F35E1FB04A49985D2489DE
checkpoints/simulation_summaries/sim_00093.json,77518,6E64E3C71074EDE6292C6BC6B1CDADC0AF62943E61F81C717B1A6D3277A2EDE7
checkpoints/simulation_summaries/sim_00094.json,77734,8BD1E748F9D659594C90AB1FF1DDD67CD812C4190133852273CD51F6CA801CD2
checkpoints/simulation_summaries/sim_00095.json,73246,720A220336CF4F2B9F8E07F6D7D973FD664C5AE57A7C67D4B82A70D6B09BE095
checkpoints/simulation_summaries/sim_00096.json,78306,650E85B138D751017DB0F215BE2E7989064A71F61ABD2B6A7B79121217BBF0CF
checkpoints/simulation_summaries/sim_00097.json,43725,6DD2196AFFB4B0C75E758B04739704E45CB0F755B67D4DC5514AA92B6E6CDE19
checkpoints/simulation_summaries/sim_00098.json,44892,E7530C28C3A5955FCD5884B22C7615381D18298862FBCD10488D60D6BD4B270D
checkpoints/simulation_summaries/sim_00099.json,77525,658E1A126E8D1681F6F3DB33A842338954A6C1BA7E175D9D6702EC4344527BCF
checkpoints/simulation_summaries/sim_00100.json,61097,15064414FC7D1FA253736BAFAB0E9D26F373DD6F25E6581E507349D00DEFC90D
checkpoints/simulation_summaries/sim_00101.json,22739,0CCC6DB70EB7810290E709D89AFD4A835B2E96F27763877CF8C8062ED2693D01
checkpoints/simulation_summaries/sim_00102.json,54720,B313B69C3EFD742B2935BDC3BCB89314D94439AB0DA053685509780AD2F4A8D4
checkpoints/simulation_summaries/sim_00103.json,68456,DDA42647C0E5AC215CEA4C27247BDA514750277FA534643DF274F80E0291286C
checkpoints/simulation_summaries/sim_00104.json,78133,AE2380DBC52D949B5BF60EF24DFC9D74443F31E336829BE46E3880B7F9CBCE52
checkpoints/simulation_summaries/sim_00105.json,72143,CBAAB9851E35E2101A2EA7424804F3CBE3386E4CAC263F2174B7639C864AC991
checkpoints/simulation_summaries/sim_00106.json,78126,B6E3DB1E328BDC179BF239F5F81A624AA3833264686C5DCEC6FDA8B7E687F1AA
checkpoints/simulation_summaries/sim_00107.json,49363,22EBD9E7330D673E475B4B6E8E11F206522723E413B2504734FE2470F37B11BE
checkpoints/simulation_summaries/sim_00108.json,61181,2360C4575D00AA30F414804AB38BAF15B315D624154EEBC43A1682C87EB8A4CA
checkpoints/simulation_summaries/sim_00109.json,78119,990A2944B82865146ABEC923CEF2650F8F17062BC7FA11BA0CC163000DDBD8D4
checkpoints/simulation_summaries/sim_00110.json,78324,1F8329B8ADC973DE0CBB3930DFF0AC7C82700BB92FA32D6D256737655A2B8CD0
checkpoints/simulation_summaries/sim_00111.json,78160,9A3402990C43883C783879B93EF218CF06BC1FAFD286D71A7E1D0AC05D43ECBA
checkpoints/simulation_summaries/sim_00112.json,77762,92A015A233A9BD9D177D50279A9012CE409C452DEC73EA5367F757615AD8CF99
checkpoints/simulation_summaries/sim_00113.json,77736,4756CF0566CDDAC3125AD9869273D087A3B8415F7CE60EBEBB66525836776DD7
checkpoints/simulation_summaries/sim_00114.json,77957,037E6DE8322390974CF1A627040CD48F8CD8F56CBF127A7AF3E4F21EB3175B84
checkpoints/simulation_summaries/sim_00115.json,62455,3718F9A73BF375CDADAD5B4C29A94E5420083D82B21C1EF346723D3F4D9ED38B
checkpoints/simulation_summaries/sim_00116.json,63703,7C0EB035D9F0EF3EDD2EB11374D356CF64CBBCA1A5959DA1C88F98734021B689
checkpoints/simulation_summaries/sim_00117.json,77974,3655821D25114CE80889F531C8A95BC8B0473B96FF9BA13B8E84904EAB226270
checkpoints/simulation_summaries/sim_00118.json,58605,B3F95F2871C90DF7575F9896F2774F2301B49197D3844820E867B00205F3FFD4
checkpoints/simulation_summaries/sim_00119.json,70505,00ECF27C432058772B13FF02BDC4267A7864070EA3C71ACB46FBCCBB6A052D66
checkpoints/simulation_summaries/sim_00120.json,78244,B128D68708080EED5D52A6DA56475BF71FFD7ED8F4E80ABF6BD2404589ED6D2B
checkpoints/simulation_summaries/sim_00121.json,77742,133C3CDBE72F578775730648ED01D71624C9921D3544C7623DD59988422EAC80
checkpoints/simulation_summaries/sim_00122.json,51031,7A9BD49DC8670165A380C8DF83F84B9717E4025E644996EC1C0ACFFFFD6BD680
checkpoints/simulation_summaries/sim_00123.json,70977,2F3722C2F3BF1AFEA90D2362F30FADA0D347267441C64A9B6BA4125CDACDF40B
checkpoints/simulation_summaries/sim_00124.json,66481,8B914B5F4938145F1029CD15338D79CBD683DAABA8230D20441ABA7BDCDE18B1
checkpoints/simulation_summaries/sim_00125.json,57615,5F1A36CDC366C3E923630354F2B9DA4803818038593D977E49C8239967C6D64C
checkpoints/simulation_summaries/sim_00126.json,68174,E9FFF30C0AD3CB181847FC03DAD0C7E1AD276113D4E4F657E53A343E276049B8
checkpoints/simulation_summaries/sim_00127.json,72500,9F628B991A23BC8BDD624D5A7DE04D57C66E593F882ADB3F83C1AB6DD6F2A632
checkpoints/simulation_summaries/sim_00128.json,78198,97B53FA88EEF537C23FA95931673480AFF09A892A4EDDA0EC15408B7A20B3E91
checkpoints/simulation_summaries/sim_00129.json,77922,AC9D849F68B172AD1FF3566ED30A98C8A8FE0191A9621CDB7B5254A46B7BF535
checkpoints/simulation_summaries/sim_00130.json,78010,20A5D02A0EC9D823959915F39D8A942D398C2A4248D3B5B3F13CE4E0E7A1002B
checkpoints/simulation_summaries/sim_00131.json,77901,DE54D4B8C1ADB6A29E5E54CE67D2B3F332B3441A03EF8014DDF07FA8EEE7A127
checkpoints/simulation_summaries/sim_00132.json,77947,72A6D0259BDE6290BA024FB61865AFCB00F49D225E7FD77E9066EFF8B16D9BCE
checkpoints/simulation_summaries/sim_00133.json,45544,3FAB45034DBC6981945C48607746FD3B9B6E4B27631543F4768DD73B3FCA59C2
checkpoints/simulation_summaries/sim_00134.json,78088,B9341651CCF17B430E906B05AE7FE47DB25789350501714C844F01BCDBCC8B56
checkpoints/simulation_summaries/sim_00135.json,66858,382A5E872C4B662DEA422CE35A123CE475BDE4CAA45ED27DD009FC5F33D66A58
checkpoints/simulation_summaries/sim_00137.json,73062,15BBEDC29F63F154A7089EFA30F7F6462088699B638EA29A9EC56F96C53DCE66
checkpoints/simulation_summaries/sim_00138.json,78359,5899FABF2C8026A36D2545DCBD50B237439ED183A48DB71783B683B140AFDD74
checkpoints/simulation_summaries/sim_00139.json,70116,B2452CFC8FF214843D7AD3030B0B5235429F6BCAD2ACCFCCC29BBDFDDB9A7055
checkpoints/simulation_summaries/sim_00140.json,77985,DEA8B09D709D2271F3B9F9DB5CAADE3EAB21A8F738AC5623B76F8316CF5338AB
checkpoints/simulation_summaries/sim_00141.json,77866,0AD855CF0E3670F4552730527CAEBBE0D8B2F2C059F7D501A59DE1F72D895037
checkpoints/simulation_summaries/sim_00142.json,72945,A0DFA39F04CDF57CDDC3A1B45C84360CA261DB1F50C3727CD402FBECDBD5BE4F
checkpoints/simulation_summaries/sim_00143.json,65124,BA7BC6E94F7966BD7C9FCF6A250EA3329B794E88860900743E01AAD78D045697
checkpoints/simulation_summaries/sim_00144.json,51222,1E2BCFC967D33ECEF8795FB60DBD0F3F58CC3940427FF761E2BF01DAB2469747
checkpoints/simulation_summaries/sim_00145.json,42615,259BF8C314E85398C74DF4F0B8A5FF14558DC1946C8C07BEA949257E96E7C9CC
checkpoints/simulation_summaries/sim_00146.json,40971,CD69C7395ADF0F24758DB6C12B959D2235BCA99905362ABDD1A1EFF5AC9DEF3F
checkpoints/simulation_summaries/sim_00147.json,79808,EACA69B0E650820EB220182D6D74D23FFAF38F216AC6A1714220BEEDE706B900
checkpoints/simulation_summaries/sim_00148.json,66153,ADAD98755C0C518F39D765E5F966E29037EFB6FB362BCA485D1ACB18FB4F9C79
checkpoints/simulation_summaries/sim_00149.json,59676,A4798B894924A45D9820915AC01DEE84DB4C36DAF446A2C2D522A1DFF8DABC70
checkpoints/simulation_summaries/sim_00150.json,61440,44AD1E3B721887A9474548856F3DEC4EBE9273C546C24AC2498C5B79F250C3DE
checkpoints/simulation_summaries/sim_00151.json,84283,406843F4D419B90ACEFDB088342695B024EA9E5379AFBAEA6816669B4F0BC4AB
checkpoints/simulation_summaries/sim_00152.json,39340,E2284D516123C08A8E3C32718E46A7DF729498BB96D99477F861448FA3EF1EAC
checkpoints/simulation_summaries/sim_00153.json,76920,E9FAB992CAAF21F99520AEA90DBFD758A8019D345132E86C69D55BBD2A3580E1
checkpoints/simulation_summaries/sim_00154.json,75815,A04E70A0CB08A896A5923FD7C4646ECC2CC6BEDE228E61BD051695F87FF5E109
checkpoints/simulation_summaries/sim_00155.json,76872,CF9763B431764466DEDE3BFF8230058A314C9C2A1911B3F3705A1E2F39D4480B
checkpoints/simulation_summaries/sim_00156.json,62626,8E67D4EACDF9F785657AA3C59D2C0EEFB1EB5EE8B15529BD12832311545A3633
checkpoints/simulation_summaries/sim_00157.json,76072,CE3334BABF20C2EF6A93133A300FBD30EF6679EC8D695A415AB97A3604637D25
checkpoints/simulation_summaries/sim_00158.json,76176,2AB63A99C99F79660B6597096FB4FE5B0DAD3390B3D57D67178618DB3EC79AA8
checkpoints/simulation_summaries/sim_00159.json,76927,5C1468724DB16D47A38164003D1758801FA9F3A2C2FCA89D37282226C35CC85C
checkpoints/simulation_summaries/sim_00160.json,76241,EDA4F0666C111F177A02D75AEA0080DEC5271876A0152947378B7359F7EDD999
checkpoints/simulation_summaries/sim_00161.json,51706,B4DF05453A50586B9911023E540FA45B5D5338E8773D2C6BDF527FB4861DD738
checkpoints/simulation_summaries/sim_00162.json,63012,25613A592AC9A710689947E0802E6B5E8CBC431F79491385844A57CEA41ADFB9
checkpoints/simulation_summaries/sim_00163.json,69522,1AA0C991B06C2A958E0D2A6FF933201345E30BB1F39798C03269D60724E17E1D
checkpoints/simulation_summaries/sim_00164.json,44719,68516E3A21F1C8E05CDECCE532DCE847AA997FDF9F6973F9612CB71CAA786BC6
checkpoints/simulation_summaries/sim_00165.json,76824,20E81F447718E94AA3F8E34FA74C19DB8D50833A9C2AA1C03ABC564463AB1860
checkpoints/simulation_summaries/sim_00166.json,77000,413D05F1F89942E6536CE4FF3D46B44BAD6AE8AA378B2EDB8E76958FC24EE6CE
checkpoints/simulation_summaries/sim_00167.json,76812,0E8EDF4B424D96C3C42BF78AE153667B3A652722A51FE39DE901BA0A9FE0EC5C
checkpoints/simulation_summaries/sim_00168.json,76856,A231DC0FB850AE9E6F1A57BFF05E83180CDE8C476A9CDB6BF525969BBE39267C
checkpoints/simulation_summaries/sim_00169.json,51191,78B106C7F1D0F903ACF8D1FBC4C3F5D9157B0A8C3FEBBC026D9EA7CE94F8872F
checkpoints/simulation_summaries/sim_00170.json,63087,2933CAA9E227B149E78143A506BC6E8FA7519FFDD149B7B754A54B547E10C6A9
checkpoints/simulation_summaries/sim_00171.json,76834,37B9131587E974EA0F56940DB898E85BC64D0A15B7FCFBC1F53A3A15CF986150
checkpoints/simulation_summaries/sim_00172.json,77192,BBF63544B412D878C7A77C956AD3AA8EEB5F7A5C5190EE2947EE6CA26611A690
checkpoints/simulation_summaries/sim_00173.json,67638,1FFF3256D55C664688B207800D9645D5F00354D90E7DE6F06AAED9BC4509D887
checkpoints/simulation_summaries/sim_00174.json,59780,23C8A6DB73532C84D7E9AD3E0EF6103281E4CDF065380A6A9E57EBB79B5453C5
checkpoints/simulation_summaries/sim_00175.json,72710,88D738E9162C4D8CCFD4C72A26C6F2A385507A447EED620123975E688B96E1FF
checkpoints/simulation_summaries/sim_00176.json,77043,184D33359E88DF84452DBA0E5D731C0C36659B69959A791D7883BD195CBD8521
checkpoints/simulation_summaries/sim_00177.json,49348,65C3981242B7FB1F222B577B760131B20FE76E0C2B5EA8831015927CC8A41B65
checkpoints/simulation_summaries/sim_00178.json,60852,04EC39FA6BA0B2BBACF8FB145654D5A1009DF93F5B927994ADB9922149DD66D3
checkpoints/simulation_summaries/sim_00179.json,77291,B1D0DA6679EE2BE197EF9135F44C60E7283227B184238B3F1900BF827CF849CC
checkpoints/simulation_summaries/sim_00180.json,75946,4A38B8A48122BC3C4C2A33B5253B13BF56427BA577AFF07CD52F171E7B452949
checkpoints/simulation_summaries/sim_00181.json,61574,311B56C20498F735326735BF130FB47F29EB394328D166583BA3F96A3C91BEFB
checkpoints/simulation_summaries/sim_00182.json,77140,EF150A9314E593E738BC62AE3B1F2A279AAF52B28B6CD477ABB003646E0481FF
checkpoints/simulation_summaries/sim_00183.json,64985,A5A1093242445FD1CD898F55CAEB12D2CFD7184367E9E1B945F5EEAFEFAEEC44
checkpoints/simulation_summaries/sim_00184.json,42169,480AF8D1C2BE32B3D6393A79D3B53671E7920BB1B30EB3F193B840D7EF8F0FB5
checkpoints/simulation_summaries/sim_00185.json,77242,A2294F6501B2BD0BAA2616821EF72179926DCE7C1C3F8EA2D8AF87267A944E8A
checkpoints/simulation_summaries/sim_00186.json,48062,52F1A32BE0B6931408EF09B6371A297BB8D49B950E8D36ACD6BFC345387366D2
checkpoints/simulation_summaries/sim_00187.json,76784,308BB47FD6C07D7021DE18D149D9AF5F06DCE0331D1E26E154AB8B894E1FBE91
checkpoints/simulation_summaries/sim_00188.json,77387,8105E2939C87598F1326922AFB36A5D6FDE7DB82F70A05F774C6BD99148488C4
checkpoints/simulation_summaries/sim_00189.json,48849,5CF0E2620109425EF3E51E044F911C8B4D7F2454B05B49E6BF62D15BC75E303F
checkpoints/simulation_summaries/sim_00190.json,77175,4A17C62A1D039B658E462F24412D033E10D1577B98961094AC6EB40603CC0986
checkpoints/simulation_summaries/sim_00191.json,77364,7EA4FA4261D447C68E2CCB4CC193FE51DFF30DC2E7275C76552F6B8C170FC807
checkpoints/simulation_summaries/sim_00192.json,53892,1BD17104C09F4270D1370AB9126F13317423B3E93AC1B95433C6F8CD378D1718
checkpoints/simulation_summaries/sim_00193.json,77625,98CC7F088D4B5EF090736B96D83FFDC0BF8C220948A71C73BC848FFA77432C91
checkpoints/simulation_summaries/sim_00194.json,77449,FD0F165F83C568D08BA9D6F9FE71076D9D0404B0FF3D7A87A180F1EB7A8E4CD7
checkpoints/simulation_summaries/sim_00195.json,77388,9DDF7B8E282550F4358DA73BBBD45E467FA912EC4AEC8064D525EA32376E3EB3
checkpoints/simulation_summaries/sim_00196.json,57849,51E65C5C834F9BAB59A88C6D762F14EB6910F01D40DCCA34D2FE6AE2F57DF80E
checkpoints/simulation_summaries/sim_00197.json,45533,D1A37974469C8C666AB7C1A8EAEFB68A5085E4AD257E2F2DAF9D8A7235F4D459
checkpoints/simulation_summaries/sim_00198.json,49375,8A2DF4A9D0200DE0A38FD09136C15130F570CDCA02B41F37E28CA8CF196B6F6A
checkpoints/simulation_summaries/sim_00199.json,76434,5B27E88FBD2F8AEFA3DCB8E54A98C454223235E88E269242BDAA2AECE6B005E9
checkpoints/simulation_summaries/sim_00200.json,77324,B9DC744BDF8639DCC8DB7FA5265DF8929280FE4E4D41107CBF9DD49A19E8352C
checkpoints/simulation_summaries/sim_00201.json,77588,62D2567AF848172CAE53C9E8D55C84618186BD0FA00102CB476CCEEEBC7E752D
checkpoints/simulation_summaries/sim_00202.json,77668,8A6253CA529256BF9DC4369B22CA342AE65003642387311BD4237F5814FA6721
checkpoints/simulation_summaries/sim_00203.json,46180,6077FCD15CD4168A49F03639345FA826A9C67687087C861DB3E0DFE9D6660B51
checkpoints/simulation_summaries/sim_00204.json,77713,D0CF362F15DDD31C3149735642FEC1BB7FCCF9DF4BDC93D8A0DD05D53C57D79F
checkpoints/simulation_summaries/sim_00205.json,77892,BF8E72273CB9D6DC31FF15449754F0D11AD7D5C7FC21A41A03192F0E68158D02
checkpoints/simulation_summaries/sim_00206.json,77676,E1D7E7430450170744FF98BBAFF214FA1A02A357175CDE74603F784DFA6990CF
checkpoints/simulation_summaries/sim_00207.json,77858,4E35407E3133CF8F2E8E86E9CA0494EF7B0CF3821901D36FC1AC7C19351A879A
checkpoints/simulation_summaries/sim_00208.json,45502,00D0A72CE6D1B6A0119096D95DF453B390989435E5684694E9BA5245DFF41049
checkpoints/simulation_summaries/sim_00209.json,77756,9EADF98207356030585FDB8C4C695C93725F657858368220E6C7CEF5E9E2EA63
checkpoints/simulation_summaries/sim_00210.json,60904,49FA3ABE17FBF71461DA7ED0F6D4FBFBEC36E0A66C14003AECBC50A9A89182FF
checkpoints/simulation_summaries/sim_00211.json,77832,43FE98B4585F3557019CA82BF563D601B56A5D578925B2A19D2A9C68EE4D1AC3
checkpoints/simulation_summaries/sim_00212.json,57562,0D9D155A8048D52A9540E2B827906C617B00E991D9D950ADE38365CF36184CCA
checkpoints/simulation_summaries/sim_00213.json,51945,58CB4DA853F1E6C82835629BEF3C5E29B05808E42CAD3AFE53E89082E5738D20
checkpoints/simulation_summaries/sim_00214.json,67377,79DDBF7CFC17A6B33CFA2EF594209E34CF244705306A9F054639DD9014486CC2
checkpoints/simulation_summaries/sim_00215.json,50244,5EE75DA4A41EBF5478A930615324C1DE6294FFC5C2D82C7AB60B9C3AC503EC7E
checkpoints/simulation_summaries/sim_00216.json,52209,23B09B1E038E5270339303AAA7F92C69DFAFA84490D4CFC5FEE84093DA41D2C9
checkpoints/simulation_summaries/sim_00217.json,43798,9672AF0A4F923B411E1E86721115FBBFA141179E50D094DB0D8664116B86431D
checkpoints/simulation_summaries/sim_00218.json,53226,71FDF1545E830FA2BD1F4453DCC942EFF8EF42BAA557C15EB53E1F44AEC9489A
checkpoints/simulation_summaries/sim_00219.json,78010,C5A75DB744682F63FC11049E82D6A0FD94BB969276D12B555C5E69DC20257A36
checkpoints/simulation_summaries/sim_00220.json,77965,18BCF32B3D62284A4332AB52E70D1F0185F2CDFA1F4FF84764C839B50330C806
checkpoints/simulation_summaries/sim_00221.json,77854,488CA899CF4BE72A4363C08233BCBF13C9AB22B0600A401B7CAA0146165E2DBE
checkpoints/simulation_summaries/sim_00222.json,75968,A7280E417AFCE42BDD180070BB1236C48708DBA19B55EF76A211F7C757B0A5C9
checkpoints/simulation_summaries/sim_00223.json,44305,ECDECCC9484DEBCC28F98FC007CE8CE0A0FA639F1A50A8C14500173D89D74758
checkpoints/simulation_summaries/sim_00224.json,77957,EAEF89250F1A866B8C86B081E81C6780A08E1B4DC07EC81585A243D68C3E63AD
checkpoints/simulation_summaries/sim_00225.json,59753,1688A3E1D58B3CA90BE4E5C271DFF4B2F1AE9002F333D6B513E55EEAD0CE03F8
checkpoints/simulation_summaries/sim_00226.json,61841,AE19F3A4CF7AFFA3667CBDE198539540A1AFB569B335EEBE8E860B38E94F8704
checkpoints/simulation_summaries/sim_00227.json,78180,86DEC517C4949373B672F3F9239AFB21DAC65D1E839F86E96860DFB3B22209FD
checkpoints/simulation_summaries/sim_00228.json,77946,7AD8D3623E91769544766D9142146BBDFECACFE7E187CE1899BA5AF98C567552
checkpoints/simulation_summaries/sim_00229.json,78088,9EAABCD332822E7046F716CAB2B68FF84507F9294BEB849CDB4D6B06C07D4CAB
checkpoints/simulation_summaries/sim_00230.json,54889,B526C1B15E0C978639B2FE498D300A52C2454BC45FA547777A811B77178FC885
checkpoints/simulation_summaries/sim_00231.json,77887,A764191B30FF4E2083504ECFAC7578BDA7341D1E974426F1AC289EEB5633164B
checkpoints/simulation_summaries/sim_00232.json,77790,32A39C76F1023D0285DC05E085310DA3D57C5561AD301E065AE80F9306B884CB
checkpoints/simulation_summaries/sim_00233.json,78113,1AC2ED49193C21ABB5038E6B1CD13B998EB0FB21548101A7E5B3CF1C33396B14
checkpoints/simulation_summaries/sim_00234.json,77041,9352995BDCA6FB6D3289E354125CAA1B33FE52048E2573882306375A89A2A067
checkpoints/simulation_summaries/sim_00235.json,76636,571691E9345413D892799EE73D5943AE1FE1129B3C46747810568DA8709F3DC2
checkpoints/simulation_summaries/sim_00236.json,59700,007F4D7A63DC30253A76D6B8CF69C7FE00CCBDB6E375F3B942FB64279B12F216
checkpoints/simulation_summaries/sim_00237.json,66975,1D04815ECAF3BD4A8F4BBDB90346927507F7F70B4C08469DAD532187D46497AB
checkpoints/simulation_summaries/sim_00238.json,61856,ECB2F0269649C7697731DBD85A3A58E56850D69D59301C0FFCA06503EA52C1E2
checkpoints/simulation_summaries/sim_00239.json,76766,0E86230EBDFFDFE8531D178DEF0479F57776F06386F6A8CF97DC8AB6FDEFAC90
checkpoints/simulation_summaries/sim_00240.json,76979,E4C2C19BBBCDF6E003A67A680F9ADF1409CFA7A210B3996D46E9A219D46AE4FD
checkpoints/simulation_summaries/sim_00241.json,77058,82A71AA00A6C9114383F654EC7D8E6B965F531D8CF2DB16D332C551578E032B1
checkpoints/simulation_summaries/sim_00242.json,77019,7ECF783AD4459BF68182773CB1FAE2811341D768DF9610AFF1F44515F050F159
decision_log.md,5015,567C8785A7FAC1C2DACE48C18B9D1ED3BD3CADD0D3D16C70E75656591A93219D
figure_manifest.csv,24521,9DAF1F95F9B752D4225C85DC43460E5A7A6F46FB34AEF7EA0F9B47C7299F0FE5
figures/01_phase3_5_experiment_tree.png,134648,4CBB70FCB228881692351F84B9130E7A7A20345A944D929F89DBE3EEF1826AE8
figures/02_data_label_population_flowchart.png,109705,8EFD123591A7B55D29B8B3AC24D3C16DBCDACDFC8236C8CF208A4ADD09906CDF
figures/03_label_count_overview.png,88706,C93C1971B9E93DEFC1E5E78148DF6B50EEC7B9F8793C1DA229C9E6AAC8BFC7AF
figures/04_scan_coverage_curve.png,72423,4BF3A23672CEB8CBA7F18C179C1623D2B92EA3A66FF19C88437C00097AB6D3D8
figures/05_observed_maximum_scan_position_by_vx.png,45723,656B369EE1014B21C1A10BCF895F58EE3E4A1FAE78B9E8EA80724A39210FC471
figures/06_aggregate_depth_profiles_by_label_group.png,133826,9608A963529D731F6D98D6FA9FED1B29A0A1A7079FC61E72CB4FAD90E09137A4
figures/07_aggregate_width_profiles_by_label_group.png,120610,BAC0594F457D973C7A1CC3F4C3B55B64FB6003775F97E2D13D505055F3CC6BD7
figures/08_aggregate_aspect_ratio_profiles_by_label_group.png,153837,CA88EDEA7A303FE4AA8B3E3EE4F5BE307482FBBE5D2826F132441E814DFBC59F
figures/09_aggregate_profile_contributing_counts.png,63967,3334AC1B20B837EC1D8379EEFAFD5F2AA29F37453C36B32248EDCEDE0A1D1A55
figures/10_global_maximum_depth_position_histogram.png,34091,682D182569ED2C768896938110ECEBCFF687679129D6AF2FC324775DF1C6515F
figures/11_persistent_maximum_depth_position_histogram.png,34697,BE0271C03D3C3E1BD66E5E945E80024515934C02D3D94A2DA401C44161B07297
figures/12_global_maximum_aspect_ratio_position_histogram.png,33675,22251074A9B9EB436650C0A6E98027696EC9627E32D7042A5654F84F027D0BCD
figures/13_persistent_maximum_aspect_ratio_position_histogram.png,32880,41293F4155C19EA89C3A237D3EC674A6815B3EE2FBCF3378D72C65930CBC4F83
figures/14_T0_window_vs_maximum_and_persistent_event_locations.png,56338,20707F644CDD821618A67A1FBC381BC7ED40E5F86852B48C8CC0A311DF88B413
figures/15_global_maximum_q95_persistent_depth_scatter.png,89472,9F6EDB62720790A6B78C5A9DF161A78638323440B9B3D4FDE8D0B4D2C45C43B0
figures/16_global_maximum_vs_persistent_aspect_ratio.png,72413,F97DDE05ABA122A416E6AD711A944D7EF328B324F9BFCABF736E02402CD9761F
figures/17_persistence_window_sensitivity.png,141967,EC7C8764DA52443A0D8BEEEEC637F85D79C0693193D14207237DD8842E3E4117
figures/18_candidate_availability_and_censoring.png,99363,9CE02D7D63D03941B982F48030985FDEF48CFBEC995C9162C454865DA13349ED
figures/19_candidate_target_distributions_by_simulation_label.png,96201,3575A851E9B9DB4879AAEF659DAEC58D5E08D4E42BB8CD8D7454D262B9CEEAEF
figures/20_frame_level_depth_distributions_by_physical_label.png,55774,C6AABB63C94966C1C541E5F6491E963F15C3A654C9800E3C0BF94082E82BD2DA
figures/21_frame_level_aspect_ratio_distributions_by_physical_label.png,57650,C8A38AC086ED55222BF8326FFC84E75784F14148A37C309D501EA17A9BA0A0FC
figures/22_candidate_simulation_level_ROC_curves.png,68050,521CD71D5485BABB851045BD34C41FC9154AA6BBFAAE4A33E66B15CF7648CBCF
figures/23_candidate_precision_recall_curves_with_prevalence.png,63173,ECB3137D7B929C48B2378A6AABD780ACC6A67C0B9AF411F59F89F78313D6B042
figures/24_candidate_score_vs_keyhole_fraction.png,89021,1887DB9E138DBAA82D33ADCE7E35C37B313C08E4B9689D2AE04C56E3A5DAA087
figures/25_nested_heldout_confusion_matrices.png,47335,6284B3F3B4C8C305EF8F9DBFD99236E08AC5CDE3595F0EAE193D3AFFB17D65BB
figures/26_candidate_robustness_across_analysis_domains.png,40233,5C9F4480869B253127A124EDEB70B8BF8AADD138C27A9624C8B93DD77C7CF7D6
figures/27_candidate_robustness_with_without_unstable_simulations.png,35833,5EADAB85343B7BB71EC42A92D822DC7A2C501E40F508E9882B6A48ACD999F7CC
figures/28_case_typical_conduction_only.png,180366,FF0B06E0A9947E5BC49E673F42A9706211893EF94520C3BAC151363AC9BB3EBC
figures/29_case_typical_keyhole_containing.png,208147,E40430335B5FAABB9212C3C3F6C4A0EDFABDC34158A1B53BCCA74F8B3A3F7C37
figures/30_case_mixed_conduction_to_keyhole.png,214313,C6F714D489E66476F1FDF0AE5194CCCBAE003A1AE7EFDFFF61A30AC7E0B8D791
figures/31_case_spike_vs_persistent_disagreement.png,133663,47E98EC32CE9C9B2C733FE6062FB58A41556FA652CCDE292DAFDDB1023FC6A6F
figures/32_case_persistent_deep_melt.png,178845,81D0231F9679188D22FB5F7B830632B9C90C5661325004BB8A75A06285E820E1
figures/33_case_phase1_unstable_window.png,136056,6CE7BB03827D878AF62F81DC4284817B63AD7602894F9CEDE29F43010DA1D87D
figures/34_actual_frame_sequence_mixed_keyhole_case.png,73836,035E38089F84752D7227591DCFFD19797A9E3008B2846F3E087BA2220D424108
figures/35_final_physical_interpretation_diagram.png,104849,90740AFDB1111B80E99EECE51B3DADF8A8090240ECCCF6DE5F1CDECCFEAFCFBD
figures/36_final_candidate_decision_matrix.png,138374,306C916CD29B22DD93760AF660A51D0A4FA7D5EC2C31E5D5F8785B0A15AC0E81
figures/37_final_recommended_geometry_regime_active_learning_roles.png,92064,89E6AE976F1B0A7B11BCD28A7FF6273E99CCE117EAE7D9949AD69E99227DBA4E
frame_level_candidate_label_metrics.csv,1708,17826C2F15417A109BA48D7BFB6231D5F31C58682944011456556A62491E5E57
frame_level_cluster_bootstrap_summary.csv,1172,046558700487332C080C814048ACC4817B0A1B1683CEC622189F0C5F97485D97
ioan_requirement_mapping.md,2115,6C15AB0BC51F217AAF99EDBD3D8BE737A2F73967565557B669AB2D5839AF901F
label_aligned_geometry_time_series.parquet,5377778,7D3302BFF5A7774989F8D3497B06E28B037B6DE5B3D9C4CABC5CBF5BEFE65B3B
label_alignment_ambiguities.csv,388,EED5DD3C4FDE265237DA195B5623067550F04741C007D93AFC314CA96AA3D73A
label_dictionary.csv,788,7B6A94D730C2F8486595C8DC6F64DAEE86DC35FA72BE1852C7A03D980CDC4DE8
label_monitor_alignment_audit.csv,24684,F801CCBF4AD827BED9D2CB4ADC11BB4C44FC4BCFC2B1ADC102374B8BA478E5B4
label_population_audit.csv,1026,014AD56BC0A9FF822A74652C9F6E5FAC660EB9ED40302A8BB4C66950D126E1F1
label_sequence_audit.csv,34992,47438194519130466CE134965F7AE89BEB8C3CB5C68E61689AE5A4145D4A4BA7
nested_threshold_loo_predictions.csv,161102,66F0B582922C6B94D898CB9B6D9DB5D16F3A4BBBB32D42B9EB9C8CC37AD4D93B
nested_threshold_metrics.csv,1026,9BE551823B21DFE20E86ED3C53F47694C772B9BE0B51E50852354B0DC4B6E9DA
normalized_position_support.csv,388214,792D424E0A446BE3112F28E1424A024E9A557A49521C5A62D96F1115D428E2E6
persistence_window_sensitivity.csv,1314205,E9962D42A4AF15D5C8CAC9EBC3B6BEDB188DBA796D16532CCF304FB05CB2AF33
phase3_5_active_learning_implications.md,1684,07AC190D639761D22896714A790349E0289B33AB809DED6561CB9213D372E215
phase3_5_candidate_decision_matrix.csv,4015,26E12E3CC00EA7315E8ED78F6BFEF03AC90B03427D3F47A8C928956E6EA1949F
phase3_5_configuration.json,5474,21B6B16972B28C3D7BDEE0D9E3CA66C72CEE9EC4F0D4194CB7F0F9FF62382C7E
phase3_5_final_target_recommendation.csv,1275,DB1A19D182AC8FD6AECC1D23B9C2B557288F869185F1789615CC91F0AF08CCC9
phase3_5_preflight_snapshot.json,8137,A1F07EE207A93EE888E036FB15B0C2C42D4314B547405A8F8F040F06E378AA15
phase3_5_requirement_checklist.csv,17012,230E1960E87FE81BF144925E5EEC54E1B31CA90DBA76C5B4E62B6C8414584C2F
presentation_ready_figures/01_phase3_5_experiment_tree.png,134648,4CBB70FCB228881692351F84B9130E7A7A20345A944D929F89DBE3EEF1826AE8
presentation_ready_figures/02_data_label_population_flowchart.png,109705,8EFD123591A7B55D29B8B3AC24D3C16DBCDACDFC8236C8CF208A4ADD09906CDF
presentation_ready_figures/03_label_count_overview.png,88706,C93C1971B9E93DEFC1E5E78148DF6B50EEC7B9F8793C1DA229C9E6AAC8BFC7AF
presentation_ready_figures/04_scan_coverage_curve.png,72423,4BF3A23672CEB8CBA7F18C179C1623D2B92EA3A66FF19C88437C00097AB6D3D8
presentation_ready_figures/08_aggregate_aspect_ratio_profiles_by_label_group.png,153837,CA88EDEA7A303FE4AA8B3E3EE4F5BE307482FBBE5D2826F132441E814DFBC59F
presentation_ready_figures/14_T0_window_vs_maximum_and_persistent_event_locations.png,56338,20707F644CDD821618A67A1FBC381BC7ED40E5F86852B48C8CC0A311DF88B413
presentation_ready_figures/16_global_maximum_vs_persistent_aspect_ratio.png,72413,F97DDE05ABA122A416E6AD711A944D7EF328B324F9BFCABF736E02402CD9761F
presentation_ready_figures/17_persistence_window_sensitivity.png,141967,EC7C8764DA52443A0D8BEEEEC637F85D79C0693193D14207237DD8842E3E4117
presentation_ready_figures/23_candidate_precision_recall_curves_with_prevalence.png,63173,ECB3137D7B929C48B2378A6AABD780ACC6A67C0B9AF411F59F89F78313D6B042
presentation_ready_figures/25_nested_heldout_confusion_matrices.png,47335,6284B3F3B4C8C305EF8F9DBFD99236E08AC5CDE3595F0EAE193D3AFFB17D65BB
presentation_ready_figures/28_case_typical_conduction_only.png,180366,FF0B06E0A9947E5BC49E673F42A9706211893EF94520C3BAC151363AC9BB3EBC
presentation_ready_figures/29_case_typical_keyhole_containing.png,208147,E40430335B5FAABB9212C3C3F6C4A0EDFABDC34158A1B53BCCA74F8B3A3F7C37
presentation_ready_figures/30_case_mixed_conduction_to_keyhole.png,214313,C6F714D489E66476F1FDF0AE5194CCCBAE003A1AE7EFDFFF61A30AC7E0B8D791
presentation_ready_figures/31_case_spike_vs_persistent_disagreement.png,133663,47E98EC32CE9C9B2C733FE6062FB58A41556FA652CCDE292DAFDDB1023FC6A6F
presentation_ready_figures/34_actual_frame_sequence_mixed_keyhole_case.png,73836,035E38089F84752D7227591DCFFD19797A9E3008B2846F3E087BA2220D424108
presentation_ready_figures/35_final_physical_interpretation_diagram.png,104849,90740AFDB1111B80E99EECE51B3DADF8A8090240ECCCF6DE5F1CDECCFEAFCFBD
presentation_ready_figures/36_final_candidate_decision_matrix.png,138374,306C916CD29B22DD93760AF660A51D0A4FA7D5EC2C31E5D5F8785B0A15AC0E81
presentation_ready_figures/37_final_recommended_geometry_regime_active_learning_roles.png,92064,89E6AE976F1B0A7B11BCD28A7FF6273E99CCE117EAE7D9949AD69E99227DBA4E
regime_geometry_time_series.parquet/part-sim_00001.parquet,3057554,ECA1CB540919FA2F2B02042CD5B6270175B8AD2345E4AC4DBA40BCAC25007CDA
regime_geometry_time_series.parquet/part-sim_00002.parquet,3522588,98DFB5323CFBBAB3BAF752D6CC19093C3B0A7AB76765D779414B507DEF291A82
regime_geometry_time_series.parquet/part-sim_00003.parquet,2385204,B74000FCFA199486C771882DE9B1C6E63DE3CAFB47A8D4E906F9AEFC0FEFFEB4
regime_geometry_time_series.parquet/part-sim_00004.parquet,3903324,7B60F46149DABA4877E89AE6C887AE30CA927798A3CD7C7AE038CF56C422057C
regime_geometry_time_series.parquet/part-sim_00005.parquet,3148230,991BED24BC8FA43CC4EDBFA70B43CE6F5E4649B9F852232471A3E34BD4E32B5F
regime_geometry_time_series.parquet/part-sim_00006.parquet,3768473,0E163ACF5CB791B8F46B4B89F0268BF085985DDE8C8FB70036EDF6DC2166BF79
regime_geometry_time_series.parquet/part-sim_00007.parquet,3702355,7333801B54977850C065327E06E49D17ADC1111B180E02DB7484692457EE0E05
regime_geometry_time_series.parquet/part-sim_00008.parquet,4373903,6209C3F4323023EEE56E107A2F7C430CF46E67729F7A05983FEF07BDB6DBD4CC
regime_geometry_time_series.parquet/part-sim_00009.parquet,2330536,5B5D27190168EAD388135BFB0B04F5F79DE042E866FB25FA8BD472B5B0437049
regime_geometry_time_series.parquet/part-sim_00010.parquet,2333759,4F724D685CD56DB6128D9A31128EFEB99F8C6A5F3977466D5CFF6AA5E80F47E0
regime_geometry_time_series.parquet/part-sim_00011.parquet,3376686,2E54B8068C26D79A8E89C0473238F9AF0C5A81B45606D57840C87E346637C587
regime_geometry_time_series.parquet/part-sim_00012.parquet,4132512,180B723B6EA3CCC9299FC2A833311E34A002A1E02CA4DCC8B3D5855D91BA4E58
regime_geometry_time_series.parquet/part-sim_00013.parquet,4569830,7DB6CEC6B43600BAD3660404C60C988F8B8AD2B85425466B2CBB668454E0F3B3
regime_geometry_time_series.parquet/part-sim_00014.parquet,3504332,21D9F2AB74F58441873497122AF1D04DB4A82888CA695E2140E6CFA064AC56D5
regime_geometry_time_series.parquet/part-sim_00015.parquet,4371283,734AF39470E94883DBA65E1605A8BD47073051B0A227579A334E8E2CB0D7BA6E
regime_geometry_time_series.parquet/part-sim_00016.parquet,3806408,859E811692318F499366EB3C1B521E0009F64E76EA114CF90AAA1B0CD6BD5274
regime_geometry_time_series.parquet/part-sim_00017.parquet,3031045,394F097A007AC27082D1C52953A3E81611A45AFF537994CA76DFC809EBA2C894
regime_geometry_time_series.parquet/part-sim_00018.parquet,3561922,BB3BCA28998EF620F147A238026CD5B43AC874506BD7A030F578EAC3490AAF9F
regime_geometry_time_series.parquet/part-sim_00019.parquet,4075832,EB351321FA62A138EDB273B341F7D50D9B2B2E80EE3D6F0AC812C53411A1A89C
regime_geometry_time_series.parquet/part-sim_00020.parquet,3576364,3DDA894D01C8D3FC015890DE36914A0C23D61D2137B9EF02C6E2F4E12E2AA0F1
regime_geometry_time_series.parquet/part-sim_00021.parquet,3199313,4D64159866F4524E1CA54149C12708B11820CC766AFAEBBA93C6B218ED1FB143
regime_geometry_time_series.parquet/part-sim_00022.parquet,4124929,E0EE8A95825F1648EC3C57A99C82CA17EF426A256410E91E5EE9283565968B61
regime_geometry_time_series.parquet/part-sim_00023.parquet,4500879,2F2DD9CD994367386587CD2182076C6375D2CB8D49ED3A40B6896D058898003E
regime_geometry_time_series.parquet/part-sim_00024.parquet,3034239,5A88180DC3D51270D929BB9FB44FC72D19FBD6739B9EB189E2A3067F965C4066
regime_geometry_time_series.parquet/part-sim_00025.parquet,3963727,76626A1B84961FAC9B8AB345C1C469CF9E20B36C37935109798630D75819B3F9
regime_geometry_time_series.parquet/part-sim_00026.parquet,3075860,5E0E67E9F0BF863E9F68DCD06F63FB88540C73CC3BD9B46C777A4DACF9630F0C
regime_geometry_time_series.parquet/part-sim_00027.parquet,3005929,66031445C5E8A615DF0CAD55DFEBC7317A5AC192F2858E66D0F4A6879D6068BD
regime_geometry_time_series.parquet/part-sim_00028.parquet,4627534,89EDAE208828AA7FBA62320C651C130FC0481940C71175AE7D4D0236A6D2EC99
regime_geometry_time_series.parquet/part-sim_00029.parquet,3185266,722E5D8525BBF21F674AF72DF8936666AD3EA329775C792B9445B42212FC8584
regime_geometry_time_series.parquet/part-sim_00030.parquet,4128726,69B5065A9CA635031CD593B2FC311D166FAF7BACDBC1079E91C0216298111FF7
regime_geometry_time_series.parquet/part-sim_00031.parquet,3980391,BAD2C3142C8B5D7FF028AE6ED8925A4CA5C5956FD69BA08AD4F155DA99A57B9E
regime_geometry_time_series.parquet/part-sim_00032.parquet,4562281,3FAABA51C71A9A78EEEB431EF4145EECF066A9F63F68578AA09655E65AC52AB1
regime_geometry_time_series.parquet/part-sim_00033.parquet,4314389,E651FDE5C7E98FD4E9CD39843A7FD2236F4B4736933DBC83A05D17D1C16885AF
regime_geometry_time_series.parquet/part-sim_00034.parquet,611122,33CDA6D6BA8B865495DD1414AF7E10BCB1786A6C670A6C5B4C8C3A51A366AB0C
regime_geometry_time_series.parquet/part-sim_00035.parquet,4297197,AD779D469D88AE6C45CF409CF112B14BDE7288381906AE64ADD27619226E254C
regime_geometry_time_series.parquet/part-sim_00036.parquet,3202710,6D59119EC0CBE05E060D3F0802AF99BEF3605D79B6923B711E94201B64DBCA02
regime_geometry_time_series.parquet/part-sim_00037.parquet,4529908,27D1A25F76255E22B59B6C5B99DD4ABD566470B5943F8A19A4FC97A226B5215A
regime_geometry_time_series.parquet/part-sim_00038.parquet,3213920,696C3131B8BF2B31129122E642043D71C775201DB115C1D4507DC9EB25BD3AFE
regime_geometry_time_series.parquet/part-sim_00039.parquet,2400235,1E925ED3055F2ECCE3C75C47667F6808F6CB3F1C45CFDEDD5A07AFF1B6BC0469
regime_geometry_time_series.parquet/part-sim_00040.parquet,2994185,1F7162242BF62928D517771D7FD738344082CB5E91921088AEFA1D3FC3E436CF
regime_geometry_time_series.parquet/part-sim_00041.parquet,1994248,0A37EDA1C2AFD6F84D6C5FB0222BBA0209E2093961C5057FC6E300A661FCEA4A
regime_geometry_time_series.parquet/part-sim_00042.parquet,3755509,EC42B17FCE6D4CBAD49721939FC6BF0A4977B09F5A178C167DBB045CEE00FAC4
regime_geometry_time_series.parquet/part-sim_00043.parquet,3512825,D5E44596BF8651924D02B93D1A1393FB6B925E360490D56A1762C6895CCFEB2C
regime_geometry_time_series.parquet/part-sim_00044.parquet,4543550,009A5EE2FE48CE7F4CDC51D54FE1FA48DAEDCFD0F34A13A76D3B4732379B2F70
regime_geometry_time_series.parquet/part-sim_00045.parquet,4371049,15FE979849F81436010CCD3189F9AD4FFAE825E6CA3BA012EF3467205A5E02B2
regime_geometry_time_series.parquet/part-sim_00046.parquet,3961077,E8517B0E96BBB00F81FF61F9F512D4680313249847B1001714CBB971B2BB0209
regime_geometry_time_series.parquet/part-sim_00047.parquet,3439525,41708BCC7EA55BDAA0EC673236CB00210347FCC7CEB3C8AA09FC95809CB2BCE8
regime_geometry_time_series.parquet/part-sim_00048.parquet,3238189,452E2237CF85683563BF1A2AAF4BFF90CC5FDC06FF60F5DCD51C096DD897FFB7
regime_geometry_time_series.parquet/part-sim_00049.parquet,3015256,38C41D3285EB6C709FC7E68FFCA426007F1DC5168EDA25291DADC75A7298068D
regime_geometry_time_series.parquet/part-sim_00050.parquet,4431863,FD2167DDDC778F45062977574F37A8353DE67E9A057EF50A76B39508B54BE3E1
regime_geometry_time_series.parquet/part-sim_00051.parquet,3564822,ACEED39DEEF11EE4C58FBE4DDAF5DE8A165E5FCF00815C265C0B33653F4B1041
regime_geometry_time_series.parquet/part-sim_00052.parquet,4159959,ECF2F22A14C2C1BC95AA1DE0B29E678C047F1E9D1459BC22256BB6D43A71C3DA
regime_geometry_time_series.parquet/part-sim_00053.parquet,3487644,E43E7F5F0961A0B7E9749EEC1CEBCE14E709CE13BD7C90E9109BF280DF3C07EB
regime_geometry_time_series.parquet/part-sim_00054.parquet,2424896,E01AB2FB872BD6B94B276928530557760D2C86B331DA5FDA3E972278F89D869F
regime_geometry_time_series.parquet/part-sim_00055.parquet,4551785,7EACBE8263587A80E8DFA488F8BA57F31C65D874C5DCEC2C8E4DDCE431621A7A
regime_geometry_time_series.parquet/part-sim_00056.parquet,3942364,95A87988A5910B0AB106D1A2566878C83372113E3FD0D1AF2F2FF46A8DE63E1B
regime_geometry_time_series.parquet/part-sim_00057.parquet,4372482,B0FC3C3282296DF0C1C10986B0F243A1B88F58503A44835F81EA291D324C4EB2
regime_geometry_time_series.parquet/part-sim_00058.parquet,4608155,8E847E05A3C577809480C14E4AD833671BA3CFFCF51DD101E2C19799AF464EC6
regime_geometry_time_series.parquet/part-sim_00059.parquet,4251278,4C18F711E2A13D8D158E4EED2A3992F6BF2666AF27D7115C6823523D5FF8F68D
regime_geometry_time_series.parquet/part-sim_00060.parquet,3688604,1565023674A0BEDD472DFA1204334409A9C90F953BCE50EE0D4375829257D00F
regime_geometry_time_series.parquet/part-sim_00061.parquet,2443366,CFF432CBDB224C9D47E55FE7353C64F9CFE6636C6E14602EFB93921A0592C749
regime_geometry_time_series.parquet/part-sim_00062.parquet,4310094,00FEBCB5C70E1EB853A51CBEB59332EACF2124F5BB735F07549A44BC2775EAD0
regime_geometry_time_series.parquet/part-sim_00063.parquet,3788056,BC0622459647CF3570DB34B7913B1A93642962CD97FC6899B4542C8F4921BF99
regime_geometry_time_series.parquet/part-sim_00064.parquet,2369480,38C3CCAFAA0FEF7F3490F233F7DC660E1C0237214905989D7C183004B805D911
regime_geometry_time_series.parquet/part-sim_00065.parquet,3831711,97DDFEC8B463F6FEF2A7013AF5FA83FEA58F2C4A969866A067F0AF181F75DE96
regime_geometry_time_series.parquet/part-sim_00066.parquet,4375338,49F71769225F58B2CD3FC44A0F45A501B6504463B225C6BFF0E7E666A4B8A92A
regime_geometry_time_series.parquet/part-sim_00067.parquet,4120585,15CC1FA3E0DBD72B273ED13F1E3E2182132363364EBF6EABE227A5C794B989B7
regime_geometry_time_series.parquet/part-sim_00068.parquet,3891179,69141B3140BDB934F4657D4D247534BA37D926DF73FD3A849825B49DC8AF8B0A
regime_geometry_time_series.parquet/part-sim_00069.parquet,3570050,C783F09BEA773DCEDD10C6C1CBB176614739CA69E1F886778B48434EF682438F
regime_geometry_time_series.parquet/part-sim_00070.parquet,3978233,816FE22727D04732152905F763C9C17BF87B429899AD956C363D9D2CD7C04DA2
regime_geometry_time_series.parquet/part-sim_00071.parquet,3517851,821A21DC0427F8CBB8550873EEC51D0C586B03158EEBFD922768A69ACEB56C42
regime_geometry_time_series.parquet/part-sim_00072.parquet,3835790,107BBBBA8F4ED2DB6F1A3CA9EC85FDA12273110C8B9017C8E0F46549F4B03BD4
regime_geometry_time_series.parquet/part-sim_00073.parquet,4581813,DFD6BF8AAAC5A5F21729B32D13252551E9FE449F4147CBC0A7D4D7C9428EC9BB
regime_geometry_time_series.parquet/part-sim_00074.parquet,4646850,0FE182168E41B60F61F90E5CCD521EDB685D9261A8D3DBBBC81F8A0AF2C24DA6
regime_geometry_time_series.parquet/part-sim_00075.parquet,4518411,449C974E89DEDF0063E2132D045EF89A841384AD19DC9C3680F0420D0D4230B4
regime_geometry_time_series.parquet/part-sim_00076.parquet,4655728,F4817667177312C768308BDED9A51F5895E9D50C84CA111CD0DFA1028DD556C6
regime_geometry_time_series.parquet/part-sim_00077.parquet,4579141,A55541D6CE9E0027A67729EEC94A726D8C9CF9B16ED4EC4A52DAA32B12596D24
regime_geometry_time_series.parquet/part-sim_00078.parquet,3869583,2D66807262D2E3A8D48C5CE9FB98FA3EB10DA9A370586E32F93E24BC8A06AF9A
regime_geometry_time_series.parquet/part-sim_00079.parquet,4478115,34F7D41F71D188021FD0208C8722588713CBBCD6FACDDA085210A35F3C785C0C
regime_geometry_time_series.parquet/part-sim_00080.parquet,3819516,31A0390CF537B781333CC48ED4BC10ECCDB5BAB4A9266769F58D2D6B9AF66A66
regime_geometry_time_series.parquet/part-sim_00081.parquet,4346517,6ADF59A02F8F1D45D4EFBA3F4F68A15DB8084F65DE6ECC947013C4A82802E19D
regime_geometry_time_series.parquet/part-sim_00082.parquet,4397301,55CD945C8534C4193E92A90A7C7D834BD7F87513EAD23122B76C2C227E8D8BE3
regime_geometry_time_series.parquet/part-sim_00083.parquet,4643212,58F828240C7619F91BF6A53E8B98771BC4DA87C21108AAAEE1CF4066A0E81153
regime_geometry_time_series.parquet/part-sim_00084.parquet,4371155,D57DCDACA4B4F0ED8D8D3034FC1B1229EC8167F6ED7DD5136DAA0DD7F7C42885
regime_geometry_time_series.parquet/part-sim_00085.parquet,4513019,5CD97366A4F925459116CEC89CB058F827C06955B4A18C6C98CC6A5B3B62CB74
regime_geometry_time_series.parquet/part-sim_00086.parquet,4334270,C095DC58A7073A2EFA48A5D093FFF0CBCBF90F1190540ACFE0C22E0005096608
regime_geometry_time_series.parquet/part-sim_00087.parquet,3945310,0AE2AF9457B127B4AEF7DBAC8ED478013992DD25AE223913AC22015450C4D29E
regime_geometry_time_series.parquet/part-sim_00088.parquet,4660067,AB1818DA51AA4FF16E495316EA32A1C6441DEAD6824392E9133D6808CF495582
regime_geometry_time_series.parquet/part-sim_00089.parquet,3909783,F0FC37E216B9D1CB309B4FB6FA98FEFE541BA19FD6F78325A7E06E624B1FD7C0
regime_geometry_time_series.parquet/part-sim_00090.parquet,4218205,89E9551C8901D1F171E324F831903C926D9AA31C822356B76C00F9076C9037B0
regime_geometry_time_series.parquet/part-sim_00091.parquet,4526902,3BA63D78632681F1DAD6752DC67FC79CAEB4FFC88BCD610B350E75905C47EF3C
regime_geometry_time_series.parquet/part-sim_00092.parquet,3875051,BFFE007F6C8B01FC0E7CFD14AF5389A9D322A4A94479637541618D8CE902FEF1
regime_geometry_time_series.parquet/part-sim_00093.parquet,4558469,2D1E2BFC5C18F3A600F7804F09527CE397112ABE5CC88042C09FD43125522428
regime_geometry_time_series.parquet/part-sim_00094.parquet,4261964,70386BC434B1344936FDAD9A8232E43F463DAC9B521F08A0E98F927921594DC2
regime_geometry_time_series.parquet/part-sim_00095.parquet,4538697,EB076E17BD1CEBE4089F26BE0C02821C9C5629C9B19E55BF5E04C6AE8F81FF34
regime_geometry_time_series.parquet/part-sim_00096.parquet,4715527,901A5D987C917F3C99C449FD4E586514C8512311B84405DBBE1C58D07C6337A4
regime_geometry_time_series.parquet/part-sim_00097.parquet,3637197,32D3915977E698F43DB2C4C0072C4253AA1F429AB7ED48714BB0CBF87F3D60A4
regime_geometry_time_series.parquet/part-sim_00098.parquet,3712869,25E89011F893F9BB7379268534FEA06A2D73C2A772898B7182C476D8A7711901
regime_geometry_time_series.parquet/part-sim_00099.parquet,4646599,A73690293B1B5775C5A6D8B7DA334985592AA242F1B04AF4FDF81BF04994754E
regime_geometry_time_series.parquet/part-sim_00100.parquet,4256470,D7E366E9D54D8075BECED3A953116D89B33B2A3064891E55A1A20DD5A51E2BA3
regime_geometry_time_series.parquet/part-sim_00101.parquet,1256774,084B8E92E1CAE25AFA729CEDD8DB6AA248479700E7675084A10C14A6032E235E
regime_geometry_time_series.parquet/part-sim_00102.parquet,4075703,3E2EF12CAC98A23C16B0EC3092DAFE5AFA77701443D79A059047DC261A791BB7
regime_geometry_time_series.parquet/part-sim_00103.parquet,4416025,322711BCAADD2FC49F6BBEC6686418E2B12577BAC98EBA02D18912CA06749A33
regime_geometry_time_series.parquet/part-sim_00104.parquet,4529412,6063F12027749763DF38AD7B45E4C1025327A155AC7279ABEAC3F09E794BE598
regime_geometry_time_series.parquet/part-sim_00105.parquet,4493046,B9FC2656F016900CEE83072BD39B0C6F14AABA0077096F6E15FFF0232295BDBF
regime_geometry_time_series.parquet/part-sim_00106.parquet,4711230,209DFB1B215C0CE4BC93CDA7CAACDF4196910891989690DCD0910246C40D051B
regime_geometry_time_series.parquet/part-sim_00107.parquet,3893243,70276AC6CCBC3F2A236F3D50DBBA98E12E771BB01F66B474BFC68CFE544F360E
regime_geometry_time_series.parquet/part-sim_00108.parquet,4156982,F27198253178BF66C9D3CA645DA98F131C882628CBDACCAEECE1AB324A84B9BF
regime_geometry_time_series.parquet/part-sim_00109.parquet,4652776,1318E975025CEB4C1C4F72681B6AA23C4BD12DD58AD8BFAA1F006B28D985912E
regime_geometry_time_series.parquet/part-sim_00110.parquet,4742079,D2EBABC194829366FF1BF1A191C160E7599F5CD0D2F4BCF936A5C64EC3D169DC
regime_geometry_time_series.parquet/part-sim_00111.parquet,4743698,BA9062B520E127A0DF8656C5BEF219ECFF2FDE7059E0A79F9525E7E2FCE84A90
regime_geometry_time_series.parquet/part-sim_00112.parquet,4381916,CC71F0C2F5D365144AEC018C8A29DE7312CD2406468F75282B9A83469D8FD092
regime_geometry_time_series.parquet/part-sim_00113.parquet,4333261,9842C12C636A59D47440BB34A0E583CA3F1FB26143B27F2C6E415EEB08C5606D
regime_geometry_time_series.parquet/part-sim_00114.parquet,3996140,B88AC82037411D5567F951419658BCEBB22EFD0D1E0977D86B7DE38B90F88DE3
regime_geometry_time_series.parquet/part-sim_00115.parquet,4317302,1523AE5099EC139B9E7D70C9C22242D0A37F0380386C0ED13AD009F8ECEA9B90
regime_geometry_time_series.parquet/part-sim_00116.parquet,2547556,4843A3EBA8C2728239DC7488D465B9B5AACE0ADF6FF2B1EB935E09C8924AD0E4
regime_geometry_time_series.parquet/part-sim_00117.parquet,4395650,57DB413A72398CED49956CA8E7EB1B49AA9E63AC9152478E8E1A505F39714FE6
regime_geometry_time_series.parquet/part-sim_00118.parquet,2530736,5E5A1E7ADF2E462C55E5A599CC5C7A20895A90C9339DC19D7C98F6B09477DA34
regime_geometry_time_series.parquet/part-sim_00119.parquet,4481414,A555A7AECAE24C45467925AB4B9D079C09143823181D841ACBE19D8AEFBB3E3E
regime_geometry_time_series.parquet/part-sim_00120.parquet,4685468,00A541EB156DC886EAB7DA7BF482E064A9D31885429A7DBF8195FC7A72A35C90
regime_geometry_time_series.parquet/part-sim_00121.parquet,3970027,C19422946EA571B708C036585AA8E53D4863A0AF778164F4C46074EF8CE3BDA0
regime_geometry_time_series.parquet/part-sim_00122.parquet,3953790,9CD943A0C3B4BE9EED8BAA03D0E17D471813347E966C68A2DE85041AD06A945E
regime_geometry_time_series.parquet/part-sim_00123.parquet,4442216,A2E36FC558F04B1BC95AD9B11CBA1CF98D6EBF363FA608727C35C8E7D9748C17
regime_geometry_time_series.parquet/part-sim_00124.parquet,4503304,6F3B5043591B18CE6437CBF442651CFCB5D04E22F0E4143F237F1F9BE30FCFAD
regime_geometry_time_series.parquet/part-sim_00125.parquet,4091037,534F60EA508682D15D8206596326787E1761449FA3C056DFFB37F42E1A421BBA
regime_geometry_time_series.parquet/part-sim_00126.parquet,4441957,B1E264EE3FD81F3C2FE45A607217A4B3CC10ABAD2D6CA608E11B0134180153AA
regime_geometry_time_series.parquet/part-sim_00127.parquet,2678639,E12AB2C8CF34E1C50F54D2FA07DAB621D6FACB68D04E4A03A1D6A98E7BD1C6D6
regime_geometry_time_series.parquet/part-sim_00128.parquet,4710167,94E60CF07E262E918737D5462AA3BDB82BBE3ABD20AC832C90341F5FCC2D7379
regime_geometry_time_series.parquet/part-sim_00129.parquet,4657521,CA003BFE85463E85D9FA08D5CAC21461CB2E5006FBC9F0D0769B92D721739060
regime_geometry_time_series.parquet/part-sim_00130.parquet,4732443,EA5B734D96E18751E0BE64BD85AE5CA548A6D3CABF7C28434B92D2DB695C6F5D
regime_geometry_time_series.parquet/part-sim_00131.parquet,3958736,B25A7952DA5ACC55926FAA241CD4728CF1D452289659B5423ADD4F588473A789
regime_geometry_time_series.parquet/part-sim_00132.parquet,4451452,31D842F451FCFE19DEC3794664108BE2AC882EE91EA7193FB74AE7169AE66AE8
regime_geometry_time_series.parquet/part-sim_00133.parquet,3715017,781A7C4708EF4D3029B8C35E5BCA30E8D6E87E6170C9D14C051BF2D2E26548BE
regime_geometry_time_series.parquet/part-sim_00134.parquet,4690959,663446457C01B90FDEC30AF413D9E1ED8C1F157EB377A286377E09806C39B695
regime_geometry_time_series.parquet/part-sim_00135.parquet,4334110,78B34E132C727C0A9F79F3DDB07DEBD2251A876333FE489D396B3FBC191E6072
regime_geometry_time_series.parquet/part-sim_00137.parquet,4580469,499C3D1021E6813225B4DDFED1EC73DB72302D42DB6E3EC990597E3DB7E3A77C
regime_geometry_time_series.parquet/part-sim_00138.parquet,4777369,512B89292441E0439A4250AE2113EE851362DE80CF070136249CB8317272ADCA
regime_geometry_time_series.parquet/part-sim_00139.parquet,4499968,BAC91428AB1378F38E03C65DB21D653C442E09A3D268B562951C33D932E0E3F6
regime_geometry_time_series.parquet/part-sim_00140.parquet,4744714,F98401E095F354C543E177FDA6471E811F8C137476338CA3D7063CFC99A7BA36
regime_geometry_time_series.parquet/part-sim_00141.parquet,4331994,0AABD48ABBB1A23D90F8A274E7A94CF8EDCD2A789F02713EFC0D18F02B7522DA
regime_geometry_time_series.parquet/part-sim_00142.parquet,2677174,97E6068EF85184BFABEB7CC1F6AC5574C6901CC3820771DCCB02791A613725A8
regime_geometry_time_series.parquet/part-sim_00143.parquet,3005409,B4CB6F66145D1947719EA313B3AE70391298CF14ABF2B738A4F43528E837B59A
regime_geometry_time_series.parquet/part-sim_00144.parquet,3053625,97C12E1F11AB70452078330EF6A44252E84C4907B826B6120A19DB1CF5146DCC
regime_geometry_time_series.parquet/part-sim_00145.parquet,3124057,B78F449DE7AB7AED7BEC779E1F2DF135BEF39FEF3E21BED412E9B7DEF0D2C621
regime_geometry_time_series.parquet/part-sim_00146.parquet,3143351,6DF2B3CC4651AB0D2AF7EFCB4D4B56DC732CDA2255E5FD8CB8F53963BBBF79EF
regime_geometry_time_series.parquet/part-sim_00147.parquet,2978434,7BC93B9C8EF04D67AF87CCEECAD011F0404F5FA19101FEC91A1B7F6FA80F16BE
regime_geometry_time_series.parquet/part-sim_00148.parquet,3004434,718CA98119835C4409D7E1B7F96BC9CCCEEE07AAA87BC2CC66DA76E8B6471F68
regime_geometry_time_series.parquet/part-sim_00149.parquet,3023631,987E5F9F08CECF39E670DB74227E150540C623B688A76DC527AB27549B157929
regime_geometry_time_series.parquet/part-sim_00150.parquet,3016616,D3B854339D0A5D2641ADFF323A8BE15C61976E222B2FEA5AFD6E3ACCCB40FD70
regime_geometry_time_series.parquet/part-sim_00151.parquet,2981866,D6CE954E3FDA6BE4C8F61A88AF2A78CDC9B9A781B2E689CC718D9C4333BB8DED
regime_geometry_time_series.parquet/part-sim_00152.parquet,3129586,04039F3EC1EB88DF4B77135FCE5AE2B9ABF5EB2F891D67E24CFAEB5CA0B123B8
regime_geometry_time_series.parquet/part-sim_00153.parquet,4320348,592D1585032372708063A136903A7AF3EE6A084EFE38003E7E809620E1696B85
regime_geometry_time_series.parquet/part-sim_00154.parquet,3038532,2CC25FF11B5064F3DED228B0FD0DBF0FC4815A24F75E26B3ADF450538D571262
regime_geometry_time_series.parquet/part-sim_00155.parquet,3473086,B06BC813EDDDD1543E1B88230287A362D3CB70DD756366EE51135208CCB0EC6A
regime_geometry_time_series.parquet/part-sim_00156.parquet,4081024,952EBC0923B72F08186A4FBABECBAC2DDBB64EB0D0D78C38282C9FA5BE4E973D
regime_geometry_time_series.parquet/part-sim_00157.parquet,2992030,C522D8E3E81A2AB638C2DF560E5777892C4A52E8060FE694BA8943D43DEF939E
regime_geometry_time_series.parquet/part-sim_00158.parquet,3401935,1520AAAA78623F6A114A4762F3B45762E515EC035662F9A648F5E20057ABFE33
regime_geometry_time_series.parquet/part-sim_00159.parquet,3931710,93D53A12E7E141E0C267AEE55EE965E6D765D98BD89BE17492B2292B6E35B806
regime_geometry_time_series.parquet/part-sim_00160.parquet,4352185,F8C614E5F0A4EE3B0BB87486B91092BB67F59DB0C2C7B49D3D479DAFFA0F074F
regime_geometry_time_series.parquet/part-sim_00161.parquet,3868003,842FE52CF92C797EE6DA7A42CE9509B0DC64412BD685980A63AC796EFE97E024
regime_geometry_time_series.parquet/part-sim_00162.parquet,4098809,BF52A4191A15CA511C43B8B8D0F2CFCF30E51D326BBB9B47378D08066C920420
regime_geometry_time_series.parquet/part-sim_00163.parquet,4261514,522C4025E3C8CE71F3F59247107E1D3B1108A349A55250D5233CAF1AD073C672
regime_geometry_time_series.parquet/part-sim_00164.parquet,3500263,D42EAF60C9343617086D30280D6336B37AAB87AED9633310D0203C5E7F1D94D9
regime_geometry_time_series.parquet/part-sim_00165.parquet,3810567,3CA9E1B6FF06D5333D0B1E1C6E0A2104C8FEDF4FA52D762FBDE2F78B706B90B3
regime_geometry_time_series.parquet/part-sim_00166.parquet,4437566,E8B0D4A27BF27762F5BF94A1D88A9B886D87F3F62516DE15E3F1252EE7C01E91
regime_geometry_time_series.parquet/part-sim_00167.parquet,4119698,87C8CB1F785F5B149CF9BFB19DAE927DA16CCA214581CCCD397669233EAB3EC9
regime_geometry_time_series.parquet/part-sim_00168.parquet,4471961,C90E47F942D730BDE0BF6D6506E4003DFC8DCB6E3D87E236DD5029218466DCCB
regime_geometry_time_series.parquet/part-sim_00169.parquet,3869967,B34579DB7C615200C4C131D9662138EC3616E1218FE604FC2C9A424B7C94E4F7
regime_geometry_time_series.parquet/part-sim_00170.parquet,3073526,0D4B8F186810A282844D0CD9A2FF173A49AB0EC137003B1B3E6F32AE3C7BCD42
regime_geometry_time_series.parquet/part-sim_00171.parquet,3763544,5F7A56DA0975DED99E04DA93D4801EA76D772E9445DB271DFC7F6682638E78D1
regime_geometry_time_series.parquet/part-sim_00172.parquet,3754722,4C6492149D926DE27843B113B2A725779E9E6E5B5AC2A2845588CED6AD159459
regime_geometry_time_series.parquet/part-sim_00173.parquet,3023563,91CF3F7C1C5E6F2F8DE3AE981CAA2B09922C68B132E10E14FA076F41D4683E0C
regime_geometry_time_series.parquet/part-sim_00174.parquet,4114757,0D5AA77413AAFF5BEDBDC956F5DC3A91A9C7A6DF96B115FDC162D83740574CF1
regime_geometry_time_series.parquet/part-sim_00175.parquet,2577808,8C1208AC72B18A0EBB0CA0C421CC821D870E119EA0C736660A56DAD77D84CE9D
regime_geometry_time_series.parquet/part-sim_00176.parquet,3556011,11F24EBA9924C49A55624F72820A127752042748AAA6211CC56D4BCE66A5B8C8
regime_geometry_time_series.parquet/part-sim_00177.parquet,3746386,5C7675006B59FD172B647DC6C0E8D0457B205467889C3C5D74B6E65B3331B25E
regime_geometry_time_series.parquet/part-sim_00178.parquet,3038396,9C02BC38A5F85254F1376C00D34980CACA450002446599B1C8CEC1C6E5929F63
regime_geometry_time_series.parquet/part-sim_00179.parquet,4577517,D60BADA79CA6D4E3FBF7B8250F7C6C53518ECC3D704C9407B511A5BBFEB39AED
regime_geometry_time_series.parquet/part-sim_00180.parquet,4441637,8AC07C21D2DBCB440FA3AC1EF243C9BF820AC2756643AC4C4242A3BF6AA07383
regime_geometry_time_series.parquet/part-sim_00181.parquet,4148285,208CE278BDF55FFC804DDAE2862B726A9481936DF35A3279CA27C09A3E550958
regime_geometry_time_series.parquet/part-sim_00182.parquet,3392720,30688C31C06506DF3948B01084CCCB4FEF0F7A67DCE14774B63F03F6429BD1E1
regime_geometry_time_series.parquet/part-sim_00183.parquet,4249991,509B1963706AF4D388BA58D270E8C2AB3B00437B091F3A44EE822C0C24A75224
regime_geometry_time_series.parquet/part-sim_00184.parquet,3424862,A4EC04D2F655F84B90586286B21422FF8B668E46FBC1094183451548C6F5A9C2
regime_geometry_time_series.parquet/part-sim_00185.parquet,3761376,36AB85873848D79EA8998BA9BF38D35FA935B75998485C4EAB091795A0DEE20E
regime_geometry_time_series.parquet/part-sim_00186.parquet,3740394,B604B0E4B318384F687D4CEF10BB7C931E1FB1E917D1D8ECBC86A6B3D2008462
regime_geometry_time_series.parquet/part-sim_00187.parquet,4471954,8413FFF9830A3FAE501BCE4F9BCEC8DA2E3523639BFF801571C724683AAE230F
regime_geometry_time_series.parquet/part-sim_00188.parquet,4499011,01AF11103B37CB1D9A6C7FEC593797F3707C99EB7A8D135F14278F3149C85862
regime_geometry_time_series.parquet/part-sim_00189.parquet,3806832,55F7EB9B8EEF45166B10F909C81F933A0956D279C614773021E0C9213D9D413A
regime_geometry_time_series.parquet/part-sim_00190.parquet,4201483,E9E8D2D53AEAC68D9419183E7EFE886F640B228C214F2ADCBED484D64BFE3D14
regime_geometry_time_series.parquet/part-sim_00191.parquet,4219717,2E2BC54D6F22E30F84E78264F8835C7D0776F203FFBD5EDEED7C95E5CB22A0F3
regime_geometry_time_series.parquet/part-sim_00192.parquet,3974545,E31E94268EB10E2A833A3280B294FCF028EDFA2FB37AD0629FD261DE46FB9EED
regime_geometry_time_series.parquet/part-sim_00193.parquet,4010368,D0C6ECA4E1F0615E552924C72004DF93B3B1C032CA669A5AD0BC351F7933955F
regime_geometry_time_series.parquet/part-sim_00194.parquet,3775817,E633BDA05B0D9CA53C40D65FF82BFB9D8F09C6F4C84CD50B1CFE30F9DFE60690
regime_geometry_time_series.parquet/part-sim_00195.parquet,4542267,16A23A72EB1D3C55E67888F94C82B2485B8501CA665D5B22423417D93F485777
regime_geometry_time_series.parquet/part-sim_00196.parquet,4100860,697B59DF3DCF690661D568C4DEEEABBFD9B70B112778ACA81A27178B00308EC0
regime_geometry_time_series.parquet/part-sim_00197.parquet,3691263,85E759040CDE43D1045C7D3C43FD1E42C17E56B54B7223A56A943CAB3003ACE2
regime_geometry_time_series.parquet/part-sim_00198.parquet,3853737,A1F875E98EB2EA36BD4C18D3F73D60D971C5A047912BF61F45A29F83057015AC
regime_geometry_time_series.parquet/part-sim_00199.parquet,4487516,A449A73EC36FAFF28DA2353EB7B30D2BCB5BFCE6744C21ECB672E233809372BC
regime_geometry_time_series.parquet/part-sim_00200.parquet,3682101,39D1F75184DFA94D855BBD991987708E0A8629890FA6AD50884E2C6E357C0384
regime_geometry_time_series.parquet/part-sim_00201.parquet,3767935,93A823A832FEB32954B5D72E5128557464398B010EEFB9DF605500AB5AE23344
regime_geometry_time_series.parquet/part-sim_00202.parquet,4138183,798078CE320B1AD786E00C2E77BF3270B7107AB174505D3B316464690EFC4255
regime_geometry_time_series.parquet/part-sim_00203.parquet,3677099,543A74C875BC5575736638E0C85236081D5BA02C8CA95B26776ED5CABBDE3E58
regime_geometry_time_series.parquet/part-sim_00204.parquet,4610863,CE28B2BD4E1533D46199151C9CC35B188AD07BA99BDB2839E886079A7670496B
regime_geometry_time_series.parquet/part-sim_00205.parquet,4662290,4F2AF328715DE95DFD4FEBCF129AFA92C6E756E80E5FFDC27E2269884D6ACE9C
regime_geometry_time_series.parquet/part-sim_00206.parquet,4558311,846D20D66DECB54EE6A6956A38CA7C1FB093E73D929DB46CB5861F115438BC17
regime_geometry_time_series.parquet/part-sim_00207.parquet,4056378,F53864188CE780235AA7DF36A6A60B11D9EA784359EDAF67A20941AA8C565CE5
regime_geometry_time_series.parquet/part-sim_00208.parquet,3625860,3A884FEA630E83B7AF6AE5251402F40FA025470D88A3B518B65049C1A37680C6
regime_geometry_time_series.parquet/part-sim_00209.parquet,4631852,0821393944A258A77756A4A82E5DD79072932BA6969B1CC36E41ECAEE4EBF6B1
regime_geometry_time_series.parquet/part-sim_00210.parquet,4211132,ADE6660FEB91D4059190DF9CD8A7328392BF36D6DBB61B158A38007ED58C3255
regime_geometry_time_series.parquet/part-sim_00211.parquet,4668575,6B2F10A4C9BEDA2580B75464BE9291E16328FD6BB81702B2D9C1BF17E82E3FBD
regime_geometry_time_series.parquet/part-sim_00212.parquet,4085891,DFFA77854E136254F6C3A400D907E5CBEE5D6B054A856B12EC069A4A9E947E04
regime_geometry_time_series.parquet/part-sim_00213.parquet,3912898,811AA20A0576D21EE7941E0E82EC4790A8D0BBE949314A07362080086FB54814
regime_geometry_time_series.parquet/part-sim_00214.parquet,4445919,651BA5E2F905305DBB7FE68560C58BCEBBD12797BD63BE566BFC8C14AD9B84D1
regime_geometry_time_series.parquet/part-sim_00215.parquet,3808866,00077F49CE104E431253A940413C7DFDA222C3FA2755C927458AC2C2A5805548
regime_geometry_time_series.parquet/part-sim_00216.parquet,3994338,F7BA60CC81F1409B53B54B290583325CAE774FBBF6AF1E76D5D211C6E51A63FB
regime_geometry_time_series.parquet/part-sim_00217.parquet,3623925,AA9FB676F84E3D4F015ED85535B8C6818E4788EA31A7DD04223085882DAD7FE8
regime_geometry_time_series.parquet/part-sim_00218.parquet,4052997,5EA9D791DCB3CBF50BAD999FCE7350BD2EB8400D0C8832893E88D22C3D56A3B1
regime_geometry_time_series.parquet/part-sim_00219.parquet,4624704,F0EBEBB468750CF4F6F815AA8E52F81C1F783B5D5EAE92892A10C62A88FE92DA
regime_geometry_time_series.parquet/part-sim_00220.parquet,4661003,10D4C06A74B5FE922D1B48D168D9EC1B6C6B9FA55241B8AEDD3406E14EF12B7F
regime_geometry_time_series.parquet/part-sim_00221.parquet,3829594,2F86097537837B0BCBDBA531B8EB74CABFC7E8D9B44E3952337580DBFBE7226A
regime_geometry_time_series.parquet/part-sim_00222.parquet,4528966,964765AB108C40E1DBC361C34A378ED17C98834F1BD2632CBD368A13811B5EDE
regime_geometry_time_series.parquet/part-sim_00223.parquet,3676446,4FF38599E47FA27E80EE0033EBE7B8A19CC558586E2DF6EA95D60D3887456A29
regime_geometry_time_series.parquet/part-sim_00224.parquet,4571120,8B74758C15FD3BCD686E9205FE104C60CCFA02A51C2448506969EC98A0B5603A
regime_geometry_time_series.parquet/part-sim_00225.parquet,4292648,19038D83A35CEE8056F3A74EFFFA2E245B9D02A866868F69B8E95E5E6B106FAA
regime_geometry_time_series.parquet/part-sim_00226.parquet,4299700,C5C1ABD81A69E1B9E4BEB21CB1EE42FE52E6963CB3B5897665B729FA8F141F09
regime_geometry_time_series.parquet/part-sim_00227.parquet,4685518,8735312CB072DCF9EBB963B050686C6EB87F9A953D876A0B27D0E7DD5940739A
regime_geometry_time_series.parquet/part-sim_00228.parquet,4592796,0356071E339BBC6DAC2BBB6D3BE6CC3EAC19B315C0C3147DD7B82DD4FA7F651B
regime_geometry_time_series.parquet/part-sim_00229.parquet,4599682,4705F5C296980D0F7923023EF52C8BF8290E0194276035959FC26382F62F7B41
regime_geometry_time_series.parquet/part-sim_00230.parquet,4103362,1C36F65DA42E49036FF6F9A37A16E8F84C59B6E983841B874922280BC6BFE8D7
regime_geometry_time_series.parquet/part-sim_00231.parquet,3840611,6601324B2348B39996409A27CA17C91B9265423C9FF4B484566A22D6E34B4905
regime_geometry_time_series.parquet/part-sim_00232.parquet,4694613,A413121B496999DBA1D579E12638CF8E1F3A17668B9017A7900889DC88761C13
regime_geometry_time_series.parquet/part-sim_00233.parquet,4729068,4BC35818DFBD1F03A1E93972E1F73DB1D51D6CB7D3DFC5EEB1436ADECEEC2C36
regime_geometry_time_series.parquet/part-sim_00234.parquet,4405305,5321BB89350E6021A87B6588026D37128AD9C68096FDB0323D34847A04E5861B
regime_geometry_time_series.parquet/part-sim_00235.parquet,3873836,59FDE79F6CA7D56A7089F4CA2C2B0132EF15CF0DB004628CEAAF52464235ABE4
regime_geometry_time_series.parquet/part-sim_00236.parquet,4018055,9EFB9E12A282E81E9B283A7D454440DC65683EB90AAC49F48F87C625F28C286A
regime_geometry_time_series.parquet/part-sim_00237.parquet,4204219,1518916C32A11012D09A4A7F8EFA16F47ACC7FA4BE4CE0E7A29151BCE4BFD618
regime_geometry_time_series.parquet/part-sim_00238.parquet,4169117,117B25C2369C0553B0600CCB8EE5C4100BBABE60310A9C756B493FE49DDD07AC
regime_geometry_time_series.parquet/part-sim_00239.parquet,3265105,6D8057272BCE86F1D3B9E69D99EFF047DBFCBE171EEE5E5E18C876FE2A5CAA42
regime_geometry_time_series.parquet/part-sim_00240.parquet,3922883,AF558ABA9A536A46127063EC84E187419A486E82E112ABF86F8DADE08A13408A
regime_geometry_time_series.parquet/part-sim_00241.parquet,3883398,8501853FAB722859E9DEDBADCDD3CC1E2FAFFF593255BDE60EFCC8BA293F056B
regime_geometry_time_series.parquet/part-sim_00242.parquet,3421581,B51DA534D6438C951E14748F7A8CB77749FD7DBADFBE2745CD9F00DE6073F9F2
regime_target_candidate_definitions.csv,2784,AE56DFA10522E1F42279648AFC08862E11D0DA01777A097A7A2AD1210B178186
regime_target_candidates.csv,334146,CBB888A7DD7CDF723D755D437306BD906042F04DA05C081159244CF105F11FE5
representative_frame_provenance.csv,1598,FD2F95702AFA3ABF90BF81E0E912ACF7EFD782FC13F1DD4A735B778697AD7C69
representative_frame_selection.csv,1205,7B3DE155E3A1C798FE9184F414DF04833BDACE63460043412103CD2F06F500A7
representative_simulation_selection.csv,1643,4F39EA1DFABDB378A65CD3520AA7DAAC3B1C35450961A4F54A3D4D696E809E80
results_summary.md,4658,69D35BD1AB55EE979AFC0B4325FC59317895FD7D8AEAAF3FEC70CDCD826BBD7C
scan_coverage_summary.csv,50398,C8E3B7DDE83898247623F0AED2E348F764E18569799C47640C9AFBD9F024073E
selected_thresholds_by_fold.csv,91319,2582C0B13A79B1942560F1CA65BA63C1F07BAD8BF55B1CC996405A1425DDB6AE
simulation_active_interval_summary.csv,96486,435AE5641604C2C162D1887CC248DE8297D710F9645F27CF6800008AC8F528DB
simulation_level_bootstrap_summary.csv,3545,F977E5445B00320DA8BADDC581314B87E90D9FC78AF167EA789509A534479E1D
simulation_level_candidate_label_metrics.csv,1246,533E7C0513F07E0A17A87AD38F977F03E939B167393E61567B7724C05C5BA6E3
smoke/checkpoints/label_parts/sim_00001.parquet,44770,4926E76B3629A3F39F9BEE74E168A16343BBE9DFB9C2B18CCA7DA08FA8FDC760
smoke/checkpoints/label_parts/sim_00002.parquet,42102,74F0AF24BC8A3DF3138A61D537DAA09441F226E3680D968A48EF4486527EF889
smoke/checkpoints/label_parts/sim_00003.parquet,24925,091B135CD3CEB79B95A53DEEA7CB0F9172631A2302BCEDBCC505C2CDB4605A09
smoke/checkpoints/label_parts/sim_00004.parquet,26282,0CFE7EE69BCCB8D48E687D6E415C2FA22C21ACD725F4DAD1FC7057184690E7F1
smoke/checkpoints/label_parts/sim_00005.parquet,29349,1388569B9BC5522652FFBDDCFBA9F40E7A6C2CEC98D07FCA1E60FFCA0B893067
smoke/checkpoints/label_parts/sim_00006.parquet,41822,57BF9724FD280F52B01DB3F2885BD881C66B2DDB47A114514DE562C1604CA3FC
smoke/checkpoints/label_parts/sim_00007.parquet,24515,7AFD586830873F3D973B2DC2BF88AD273C162D5ED652268B7FB06655E2F61115
smoke/checkpoints/label_parts/sim_00008.parquet,39095,30748E37DBC62453EF7616374C243753D95A84CD0A7536B54ED778D4467BC7B0
smoke/checkpoints/label_parts/sim_00029.parquet,32435,B2FC8CCE338135B4E85843BFE3CEC9BCFAE1B138ECCC5C3A3FFF9EB01F97820E
smoke/checkpoints/label_parts/sim_00036.parquet,28445,4D7AB7EE7EC57A3DA98192451075F1D1871F2FEA4DDE513646F9CF43901DC831
smoke/checkpoints/label_parts/sim_00038.parquet,30265,BFCE7CF15869FF14E53BD20D2B090AD217ED32B44614F3BB040D3B05B63E9D1D
smoke/checkpoints/label_parts/sim_00095.parquet,34996,BB35BC7EB9B2EB0C0B492E52102401EC9F695CA19A17B27EF2921F66F3604E7C
smoke/checkpoints/simulation_summaries/sim_00001.json,58875,583FE361017666FB967E27168D0455922F7FFE2FFD05CE50277F4703A0B739CC
smoke/checkpoints/simulation_summaries/sim_00002.json,77143,1ADD0744A4A54E2DE0772C559C02B84004F2EAD767CB1EB5357D1933D88E273B
smoke/checkpoints/simulation_summaries/sim_00003.json,57591,2EA172103C365FE2946751E9441BC769507F986A28241A815DF019E3577A647C
smoke/checkpoints/simulation_summaries/sim_00004.json,51670,412F3D372B1AEF26C1E0BF9A790873C64A33CF05C1296CADD4610BD9E54DC809
smoke/checkpoints/simulation_summaries/sim_00005.json,42035,725826CABF2E6EE054016D5E61DD9C77094CC44CC3E5349774FA024DC79E6F3B
smoke/checkpoints/simulation_summaries/sim_00006.json,77060,25618A42BF65F706E6E0B5691129CEEE3D20DBA016A67D19676561DA2D152B31
smoke/checkpoints/simulation_summaries/sim_00007.json,46907,9D0660B189B132B1941C466CA1265EF23EF81D116F2D51D63193B2472E96628F
smoke/checkpoints/simulation_summaries/sim_00008.json,77169,88F12D9A9085B1ED446A28A28DE0BB8ABCAF4912BDCBB3F3FD111A5A1B3FDDC5
smoke/checkpoints/simulation_summaries/sim_00029.json,44660,0A45197BC0E30353129111F6687F8A7544234CF6F2A292B9FFC779DA5112BA80
smoke/checkpoints/simulation_summaries/sim_00036.json,40375,D9882A01C53B911950F30FE9F4ABC8D42CE17603D385266EBCC42B76531CDDE7
smoke/checkpoints/simulation_summaries/sim_00038.json,42279,83D795706559E14EAF04DF7FAF1F4983EBBB9C123C638BC9D404BEF0A040F93B
smoke/checkpoints/simulation_summaries/sim_00095.json,73246,7AFA154AD60DAA283CFD7ABBE36C3EDC9B727216D5D1D85A51367F8BB499CAAE
smoke/label_aligned_geometry_time_series.parquet,238808,089E3ACB692243B80D0223A40483C837CB082D36CAFEA41BA4A867CCB8D6627B
smoke/phase3_5_configuration.json,5471,A843429E296D2F7C60E3C08CA70A819606A70A3A479C46C51405DC9308593776
smoke/regime_geometry_time_series.parquet/part-sim_00001.parquet,3057554,ECA1CB540919FA2F2B02042CD5B6270175B8AD2345E4AC4DBA40BCAC25007CDA
smoke/regime_geometry_time_series.parquet/part-sim_00002.parquet,3522588,98DFB5323CFBBAB3BAF752D6CC19093C3B0A7AB76765D779414B507DEF291A82
smoke/regime_geometry_time_series.parquet/part-sim_00003.parquet,2385204,B74000FCFA199486C771882DE9B1C6E63DE3CAFB47A8D4E906F9AEFC0FEFFEB4
smoke/regime_geometry_time_series.parquet/part-sim_00004.parquet,3903324,7B60F46149DABA4877E89AE6C887AE30CA927798A3CD7C7AE038CF56C422057C
smoke/regime_geometry_time_series.parquet/part-sim_00005.parquet,3148230,991BED24BC8FA43CC4EDBFA70B43CE6F5E4649B9F852232471A3E34BD4E32B5F
smoke/regime_geometry_time_series.parquet/part-sim_00006.parquet,3768473,0E163ACF5CB791B8F46B4B89F0268BF085985DDE8C8FB70036EDF6DC2166BF79
smoke/regime_geometry_time_series.parquet/part-sim_00007.parquet,3702355,7333801B54977850C065327E06E49D17ADC1111B180E02DB7484692457EE0E05
smoke/regime_geometry_time_series.parquet/part-sim_00008.parquet,4373903,6209C3F4323023EEE56E107A2F7C430CF46E67729F7A05983FEF07BDB6DBD4CC
smoke/regime_geometry_time_series.parquet/part-sim_00029.parquet,3185266,722E5D8525BBF21F674AF72DF8936666AD3EA329775C792B9445B42212FC8584
smoke/regime_geometry_time_series.parquet/part-sim_00036.parquet,3202710,6D59119EC0CBE05E060D3F0802AF99BEF3605D79B6923B711E94201B64DBCA02
smoke/regime_geometry_time_series.parquet/part-sim_00038.parquet,3213920,696C3131B8BF2B31129122E642043D71C775201DB115C1D4507DC9EB25BD3AFE
smoke/regime_geometry_time_series.parquet/part-sim_00095.parquet,4538697,EB076E17BD1CEBE4089F26BE0C02821C9C5629C9B19E55BF5E04C6AE8F81FF34
smoke/smoke_test_summary.json,772,ECE239FF4E2E52D2F2BFCDA448922F8D5D5886D2C7FDAE768BB4E147F2AEA012
summary.json,6727,20B7060D1B04204B844D2DB32C28A874ADE4561DA3413B33D9E62201002B7F94
validation_results.csv,4973,7C3CE86D426B58B75C783905178591A0846C84A03B84B8F029B3D02B5351FEB2
