experiment_name,partition,has_keyhole,P,VX,LS,ST,B1_nearest_opposite_distance,B1_nearest_opposite_experiment,B2_local_disagreement_k5,B2_local_disagreement_k10_secondary,B3_d_opp,B3_d_same,B3_relative_class_distance_ratio,B3_nearest_same_experiment,robust_B1_nearest_opposite_distance,robust_B3_relative_class_distance_ratio,standardized_P,robust_scaled_P,standardized_VX,robust_scaled_VX,standardized_LS,robust_scaled_LS,standardized_ST,robust_scaled_ST,B1_boundary_rank_fraction,B1_q10,B1_q20,B1_q30,B2_boundary_rank_fraction,B2_q10,B2_q20,B2_q30,B3_boundary_rank_fraction,B3_q10,B3_q20,B3_q30,consensus_q20,consensus_q30
P-102p928146519_VX-0p633805217924_LS-5p29394366699e-05_ST-318p223787128_M-TI64_XI-0p0002_XF-0p0014_XL-0p0012_TE-0p0021_DT-7p61136145079e-06_H-6c9c68731f,new-data,False,102.928146519,0.633805217924,5.29394366699e-05,318.223787128,1.276116345764307,P-211p816522505_VX-0p520710876808_LS-4p80782604054e-05_ST-318p660442183_M-TI64_XI-0p0002_XF-0p0014_XL-0p0012_TE-0p0021_DT-9p26448979247e-06_H-5a4acb0e81,0.0,0.0,1.276116345764307,0.4997607613035933,0.7185837019270247,P-115p973342836_VX-0p629021136955_LS-5p81694798744e-05_ST-308p264473639_M-TI64_XI-0p0002_XF-0p0014_XL-0p0012_TE-0p0021_DT-7p66925039494e-06_H-27614c4053,0.9665856778512298,0.7670106308798476,-1.0773672397939258,-0.823554503186919,0.04610557715314132,-0.004720660896589257,-0.6728123851170925,-0.3520625496370501,-0.9727658528470138,-0.5593781924787009,0.4,False,False,False,0.18518518518518517,False,True,True,0.3333333333333333,False,False,False,False,False
P-109p741517589_VX-0p915030812968_LS-7p99759662409e-05_ST-303p804431165_M-TI64_XI-0p0002_XF-0p0014_XL-0p0012_TE-0p0021_DT-5p27208541466e-06_H-0e4c2fc094,new-data,False,109.741517589,0.915030812968,7.99759662409e-05,303.804431165,2.681387091414769,P-243p042265843_VX-0p642372627708_LS-5p19118052277e-05_ST-314p809567363_M-TI64_XI-0p0002_XF-0p0014_XL-0p0012_TE-0p0021_DT-7p50984770355e-06_H-ac0fcec187,0.0,0.0,2.681387091414769,0.6213732498980378,0.8118624466554394,P-150p924001842_VX-0p859014749555_LS-8p54585725094e-05_ST-302p841995718_M-TI64_XI-0p0002_XF-0p0014_XL-0p0012_TE-0p0021_DT-5p6158763345e-06_H-9bd689b964,1.7549150732059535,0.8156595339793706,-1.0065692210175265,-0.7615610362603354,1.2501210167632122,0.6653301163886043,1.201988523909346,0.6798741660147548,-1.4293213131206914,-0.8189439692946701,0.9629629629629629,False,False,False,0.19506172839506172,False,True,True,0.6691358024691358,False,False,False,False,False
P-111p098510779_VX-0p492021331775_LS-4p80108469254e-05_ST-345p911753718_M-TI64_XI-0p0002_XF-0p0014_XL-0p0012_TE-0p0021_DT-9p80469807196e-06_H-0602c4a780,new-data,False,111.098510779,0.492021331775,4.80108469254e-05,345.911753718,1.2323568421478737,P-212p944274192_VX-0p351323873231_LS-4p80439392259e-05_ST-351p894554175_M-TI64_XI-0p0002_XF-0p0014_XL-0p0012_TE-0p0021_DT-1p37312632889e-05_H-7c2e16b959,0.0,0.0,1.2323568421478737,0.5181427806486537,0.7040029178521674,P-92p2921456709_VX-0p425581954559_LS-4p53091383738e-05_ST-356p588229582_M-TI64_XI-0p0002_XF-0p0014_XL-0p0012_TE-0p0021_DT-1p13353504568e-05_H-765072ed36,0.981304236834576,0.7601478719574284,-0.9924686490160863,-0.7492140333480364,-0.5609159422949854,-0.34253629643925365,-1.0145768304739462,-0.5401781397085604,-0.09609061416252661,-0.06096144107667273,0.3654320987654321,False,False,False,0.2074074074074074,False,False,True,0.2962962962962963,False,False,True,False,True
P-113p729503671_VX-0p646987288946_LS-8p28088886776e-05_ST-328p878079062_M-TI64_XI-0p0002_XF-0p0014_XL-0p0012_TE-0p0021_DT-7p45628343159e-06_H-0e4c2fc094,new-data,False,113.729503671,0.646987288946,8.28088886776e-05,328.878079062,2.07959961687215,P-228p959503311_VX-0p480404321045_LS-6p0796636822e-05_ST-336p115873803_M-TI64_XI-0p0002_XF-0p0014_XL-0p0012_TE-0p0021_DT-1p00417926977e-05_H-ba17ade68b,0.0,0.0,2.07959961687215,0.3940148258624322,0.8407129182885719,P-137p340072051_VX-0p708357837186_LS-8p48461574474e-05_ST-331p337392673_M-TI64_XI-0p0002_XF-0p0014_XL-0p0012_TE-0p0021_DT-6p81028761138e-06_H-701e6757d1,1.406999081472842,0.8365826063516026,-0.9651298937575401,-0.7252751682607604,0.1025421793551609,0.026687066885577114,1.3984325810350589,0.7880018259404653,-0.6354224118293169,-0.36758810356148164,0.8444444444444444,False,False,False,0.21728395061728395,False,False,True,0.7728395061728395,False,False,False,False,False
P-115p973342836_VX-0p629021136955_LS-5p81694798744e-05_ST-308p264473639_M-TI64_XI-0p0002_XF-0p0014_XL-0p0012_TE-0p0021_DT-7p66925039494e-06_H-27614c4053,new-data,False,115.973342836,0.629021136955,5.81694798744e-05,308.264473639,1.3434564370696966,P-211p816522505_VX-0p520710876808_LS-4p80782604054e-05_ST-318p660442183_M-TI64_XI-0p0002_XF-0p0014_XL-0p0012_TE-0p0021_DT-9p26448979247e-06_H-5a4acb0e81,0.0,0.0,1.3434564370696966,0.32759276043928237,0.8039598349781547,P-113p286681534_VX-0p56768277259_LS-5p80401726566e-05_ST-302p148970527_M-TI64_XI-0p0002_XF-0p0014_XL-0p0012_TE-0p00125_DT-1p13495658689e-05_H-bf889bf790,0.967352452522119,0.8397063782616953,-0.9418140687859098,-0.7048589355860883,0.025623418158617448,-0.016119257711264892,-0.31014417622975354,-0.15244101193208537,-1.2881044134351398,-0.7386578322184637,0.44938271604938274,False,False,False,0.22469135802469137,False,False,True,0.6370370370370371,False,False,False,False,False
P-117p204089079_VX-0p299188895548_LS-6p61946140465e-05_ST-399p004242061_M-TI64_XI-0p0002_XF-0p0014_XL-0p0012_TE-0p0021_DT-1p61239961603e-05_H-0e4c2fc094,new-data,False,117.204089079,0.299188895548,6.61946140465e-05,399.004242061,1.441396279611247,P-238p319282705_VX-0p253960262605_LS-5p92121677448e-05_ST-384p128817665_M-TI64_XI-0p0002_XF-0p0014_XL-0p0012_TE-0p0021_DT-1p89955725889e-05_H-452de4062d,0.0,0.0,1.441396279611247,0.22831024921490753,0.8632632469998094,P-129p569646497_VX-0p287154347682_LS-6p5197985882e-05_ST-393p701994752_M-TI64_XI-0p0002_XF-0p0014_XL-0p0012_TE-0p0021_DT-1p67997477383e-05_H-b41981edcb,1.1563282865396147,0.8817707002539276,-0.9290253339987267,-0.6936606277695089,-1.3864923996533813,-0.8019806928836218,0.24634473265189533,0.15386422515369788,1.5849598789879324,0.8947673040354883,0.5160493827160494,False,False,False,0.23209876543209876,False,False,True,0.8666666666666667,False,False,False,False,False
P-118p239150472_VX-0p728951155133_LS-5p59862781201e-05_ST-395p421202378_M-TI64_XI-0p0002_XF-0p0014_XL-0p0012_TE-0p0021_DT-6p61789280262e-06_H-44aa3a8888,new-data,False,118.239150472,0.728951155133,5.59862781201e-05,395.421202378,1.370776733317071,P-202p397397496_VX-0p555230188132_LS-4p52196790327e-05_ST-397p348654616_M-TI64_XI-0p0002_XF-0p0014_XL-0p0012_TE-0p0021_DT-8p68850560746e-06_H-0011cc30ec,0.0,0.0,1.370776733317071,0.3723830144161766,0.7863747055309117,P-131p049819122_VX-0p780196421599_LS-5p30845028915e-05_ST-389p742843455_M-TI64_XI-0p0002_XF-0p0014_XL-0p0012_TE-0p0021_DT-6p18321293134e-06_H-b41981edcb,0.9631997661648932,0.8097551059048691,-0.9182699685293482,-0.6842428162963508,0.45345533277507516,0.22197495396180958,-0.46153448772668765,-0.2357699777307929,1.4715112384350169,0.8302682736303294,0.47901234567901235,False,False,False,0.23703703703703705,False,False,True,0.5654320987654321,False,False,False,False,False
P-119p523515535_VX-0p859779155666_LS-6p70931710444e-05_ST-392p874711106_M-TI64_XI-0p0002_XF-0p0014_XL-0p0012_TE-0p0021_DT-5p61088341259e-06_H-2934a8b202,new-data,False,119.523515535,0.859779155666,6.70931710444e-05,392.874711106,2.182277520928077,P-202p397397496_VX-0p555230188132_LS-4p52196790327e-05_ST-397p348654616_M-TI64_XI-0p0002_XF-0p0014_XL-0p0012_TE-0p0021_DT-8p68850560746e-06_H-0011cc30ec,0.0,0.0,2.182277520928077,0.5087050844174049,0.8109593561077312,P-132p12166853_VX-0p788188085218_LS-6p42596953306e-05_ST-382p443068729_M-TI64_XI-0p0002_XF-0p0014_XL-0p0012_TE-0p0021_DT-6p1205195733e-06_H-b41981edcb,1.3411263248461947,0.8178703442898152,-0.9049240783801382,-0.672556641826075,1.0135712516351687,0.5336869922422834,0.30865359785040575,0.18816056318050817,1.3908824989993507,0.784428363244052,0.8765432098765432,False,False,False,0.2419753086419753,False,False,True,0.6617283950617284,False,False,False,False,False
P-120p079917874_VX-0p610410046914_LS-8p29242579558e-05_ST-398p6729924_M-TI64_XI-0p0002_XF-0p0014_XL-0p0012_TE-0p0021_DT-7p90308191584e-06_H-a88ac79600,new-data,False,120.079917874,0.610410046914,8.29242579558e-05,398.6729924,2.545994554543613,P-243p936893462_VX-0p545516283598_LS-5p6904291389e-05_ST-360p082453969_M-TI64_XI-0p0002_XF-0p0014_XL-0p0012_TE-0p0021_DT-8p84322017154e-06_H-e0ed0fec98,0.0,0.0,2.545994554543613,0.22233404596934295,0.9196865408506253,P-128p682231034_VX-0p601925389683_LS-8p082715257e-05_ST-394p322355105_M-TI64_XI-0p0002_XF-0p0014_XL-0p0012_TE-0p0021_DT-8p01448266795e-06_H-b41981edcb,1.6278506906656254,0.9217914626617436,-0.899142478810844,-0.6674940509813537,-0.05405652617159622,-0.06046221783957623,1.4064326620763434,0.7924052680952798,1.5744716268197063,0.8888044111158515,0.9530864197530864,False,False,False,0.24691358024691357,False,False,True,0.980246913580247,False,False,False,False,False
P-120p906267006_VX-0p64748664338_LS-6p03748750968e-05_ST-359p518818343_M-TI64_XI-0p0002_XF-0p0014_XL-0p0012_TE-0p0021_DT-7p45053299916e-06_H-c5f6eebf67,new-data,False,120.906267006,0.64748664338,6.03748750968e-05,359.518818343,1.3688640746619687,P-223p161294482_VX-0p578452940205_LS-4p86833733719e-05_ST-359p100984903_M-TI64_XI-0p0002_XF-0p0014_XL-0p0012_TE-0p0021_DT-8p33969415266e-06_H-1e85da8953,0.0,0.0,1.3688640746619687,0.21207145738872626,0.8658569858862999,P-135p171981101_VX-0p652238458987_LS-5p89001447273e-05_ST-362p997098414_M-TI64_XI-0p0002_XF-0p0014_XL-0p0012_TE-0p0021_DT-7p39625291417e-06_H-01d46950f6,1.044932376771448,0.8707320599296229,-0.8905558510223186,-0.6599752695942639,0.10468007312787965,0.027876833509024482,-0.15721489746044623,-0.0682649605442349,0.3347455250368579,0.18398211317333163,0.4765432098765432,False,False,False,0.24938271604938272,False,False,True,0.8814814814814815,False,False,False,False,False
P-122p181848607_VX-0p882188233955_LS-4p98408399334e-05_ST-370p38962934_M-TI64_XI-0p0002_XF-0p0014_XL-0p0012_TE-0p0021_DT-5p46835745177e-06_H-2afbe2208b,new-data,False,122.181848607,0.882188233955,4.98408399334e-05,370.38962934,1.7106122844227576,P-223p161294482_VX-0p578452940205_LS-4p86833733719e-05_ST-359p100984903_M-TI64_XI-0p0002_XF-0p0014_XL-0p0012_TE-0p0021_DT-8p33969415266e-06_H-1e85da8953,0.0,0.0,1.7106122844227576,0.18901494000457075,0.9004989307512413,P-118p139890353_VX-0p847347819728_LS-5p08934239386e-05_ST-372p913421628_M-TI64_XI-0p0002_XF-0p0014_XL-0p0012_TE-0p0021_DT-5p69319999497e-06_H-d7a336064e,1.1858271835676741,0.9156877961677969,-0.8773012301876973,-0.6483690140445052,1.1095115811175025,0.5870790752902006,-0.887679162417079,-0.470330529667408,0.6789445399594959,0.3796698060423,0.6814814814814815,False,False,False,0.25679012345679014,False,False,True,0.9481481481481482,False,False,False,False,False
P-124p08408212_VX-0p537482635976_LS-5p36452858207e-05_ST-384p350705088_M-TI64_XI-0p0002_XF-0p0014_XL-0p0012_TE-0p0021_DT-8p97539805031e-06_H-1d842653b1,new-data,False,124.08408212,0.537482635976,5.36452858207e-05,384.350705088,1.0856820670032545,P-202p397397496_VX-0p555230188132_LS-4p52196790327e-05_ST-397p348654616_M-TI64_XI-0p0002_XF-0p0014_XL-0p0012_TE-0p0021_DT-8p68850560746e-06_H-0011cc30ec,0.0,0.0,1.0856820670032545,0.39793745836567745,0.7317793062431406,P-118p4900546_VX-0p535113778256_LS-4p79907961621e-05_ST-385p412174328_M-TI64_XI-0p0002_XF-0p0014_XL-0p0012_TE-0p0021_DT-9p01513061154e-06_H-dd169576f0,0.8171241120431032,0.7858775866900095,-0.8575350435839095,-0.63106098118335,-0.3662817655791348,-0.23421976070034717,-0.6238665089061604,-0.32512153072745403,1.120989620225179,0.6309859869462802,0.27901234567901234,False,False,True,0.2641975308641975,False,False,True,0.36790123456790125,False,False,False,False,True
P-126p384227376_VX-0p205870034079_LS-4p55514058242e-05_ST-348p956388187_M-TI64_XI-0p0002_XF-0p0014_XL-0p0012_TE-0p0021_DT-2p34328450209e-05_H-1d842653b1,new-data,False,126.384227376,0.205870034079,4.55514058242e-05,348.956388187,1.111455911252964,P-212p944274192_VX-0p351323873231_LS-4p80439392259e-05_ST-351p894554175_M-TI64_XI-0p0002_XF-0p0014_XL-0p0012_TE-0p0021_DT-1p37312632889e-05_H-7c2e16b959,0.0,0.1,1.111455911252964,0.6058171036479302,0.647221438646497,P-149p217972816_VX-0p206404715799_LS-4p87379527164e-05_ST-365p118947745_M-TI64_XI-0p0002_XF-0p0014_XL-0p0012_TE-0p0021_DT-2p33721433367e-05_H-b40dbd8ddd,0.8673252985443721,0.6966694949707278,-0.8336341397068611,-0.610132430926924,-1.7860198679762063,-1.0243230997078998,-1.1851224768786743,-0.6340506748520386,0.00031067414232208775,-0.0061543530836635435,0.2814814814814815,False,False,True,0.2691358024691358,False,False,True,0.19753086419753085,False,True,True,False,True
P-129p716882801_VX-0p574107735504_LS-5p55330779174e-05_ST-369p509713723_M-TI64_XI-0p0002_XF-0p0014_XL-0p0012_TE-0p0021_DT-8p40281414912e-06_H-0e4c2fc094,new-data,False,129.716882801,0.574107735504,5.55330779174e-05,369.509713723,1.1302121033969479,P-223p161294482_VX-0p578452940205_LS-4p86833733719e-05_ST-359p100984903_M-TI64_XI-0p0002_XF-0p0014_XL-0p0012_TE-0p0021_DT-8p33969415266e-06_H-1e85da8953,0.0,0.0,1.1302121033969479,0.4605872398979439,0.710468047501222,P-135p171981101_VX-0p652238458987_LS-5p89001447273e-05_ST-362p997098414_M-TI64_XI-0p0002_XF-0p0014_XL-0p0012_TE-0p0021_DT-7p39625291417e-06_H-01d46950f6,0.9090983111200734,0.7778914065074698,-0.7990043802338579,-0.5798092822616281,-0.20947816702307834,-0.1469564502500862,-0.4929608640210877,-0.2530678312692368,0.651084052947991,0.3638302649944773,0.28888888888888886,False,False,True,0.2814814814814815,False,False,True,0.3111111111111111,False,False,False,False,True
P-131p192514944_VX-0p432823544687_LS-6p72236683266e-05_ST-324p578264519_M-TI64_XI-0p0002_XF-0p0014_XL-0p0012_TE-0p0021_DT-1p11456982002e-05_H-dfd65b549a,new-data,False,131.192514944,0.432823544687,6.72236683266e-05,324.578264519,1.1855914009050184,P-228p959503311_VX-0p480404321045_LS-6p0796636822e-05_ST-336p115873803_M-TI64_XI-0p0002_XF-0p0014_XL-0p0012_TE-0p0021_DT-1p00417926977e-05_H-ba17ade68b,0.0,0.0,1.1855914009050184,0.40424511002978814,0.7457316477201191,P-141p451666054_VX-0p378275685755_LS-6p85388508408e-05_ST-315p145948826_M-TI64_XI-0p0002_XF-0p0014_XL-0p0012_TE-0p0021_DT-1p27529227616e-05_H-8bf1b39107,0.9526194740109157,0.7996669309270558,-0.7836710259964564,-0.5663828078317135,-0.8143603332066666,-0.48358150694248614,0.3177027038997435,0.19314141460381348,-0.7715660657350886,-0.444989944869946,0.32098765432098764,False,False,False,0.28888888888888886,False,False,True,0.40987654320987654,False,False,False,False,False
P-132p334528879_VX-0p441351904611_LS-8p05471929698e-05_ST-380p80221881_M-TI64_XI-0p0002_XF-0p0014_XL-0p0012_TE-0p0021_DT-1p09303269174e-05_H-2934a8b202,new-data,False,132.334528879,0.441351904611,8.05471929698e-05,380.80221881,2.0140353830659943,P-238p319282705_VX-0p253960262605_LS-5p92121677448e-05_ST-384p128817665_M-TI64_XI-0p0002_XF-0p0014_XL-0p0012_TE-0p0021_DT-1p89955725889e-05_H-452de4062d,0.0,0.0,2.0140353830659943,0.5524294219477717,0.7847508288956223,P-158p404299584_VX-0p530960738208_LS-8p44011119013e-05_ST-377p174397227_M-TI64_XI-0p0002_XF-0p0014_XL-0p0012_TE-0p0021_DT-9p08564467365e-06_H-fa25be35ef,1.3401448205285886,0.8029066698839625,-0.7718043122680583,-0.5559918570994323,-0.7778477354772844,-0.46326175548049703,1.2415992434652547,0.7016768841840966,1.0086350330935328,0.5671089594539761,0.817283950617284,False,False,False,0.2938271604938272,False,False,True,0.5555555555555556,False,False,False,False,False
P-132p644034819_VX-0p797235702485_LS-4p6520297442e-05_ST-303p62522115_M-TI64_XI-0p0002_XF-0p0014_XL-0p0012_TE-0p0021_DT-6p0510594144e-06_H-0e4c2fc094,new-data,False,132.644034819,0.797235702485,4.6520297442e-05,303.62522115,1.4215244236818556,P-243p042265843_VX-0p642372627708_LS-5p19118052277e-05_ST-314p809567363_M-TI64_XI-0p0002_XF-0p0014_XL-0p0012_TE-0p0021_DT-7p50984770355e-06_H-ac0fcec187,0.0,0.0,1.4215244236818556,0.16175779237283655,0.8978338853726827,P-134p442185153_VX-0p806363522352_LS-4p5e-05_ST-300_M-TI64_XI--0p0002_XF-0p0012_XL-0p0014_TE-0p00125_DT-2p3187841709e-06_H-b0e5aed98c,1.0147964653641468,0.9173178821141421,-0.7685882233267104,-0.5531757259863838,0.745803009328945,0.38467036588765713,-1.1179363803410503,-0.5970697882604569,-1.4349955825605964,-0.8221699654401311,0.5012345679012346,False,False,False,0.2962962962962963,False,False,True,0.9432098765432099,False,False,False,False,False
P-140p236446589_VX-0p550532928497_LS-7p91865165046e-05_ST-370p758962256_M-TI64_XI-0p0002_XF-0p0014_XL-0p0012_TE-0p0021_DT-8p76263771576e-06_H-a88ac79600,new-data,False,140.236446589,0.550532928497,7.91865165046e-05,370.758962256,1.9139657718544971,P-243p936893462_VX-0p545516283598_LS-5p6904291389e-05_ST-360p082453969_M-TI64_XI-0p0002_XF-0p0014_XL-0p0012_TE-0p0021_DT-8p84322017154e-06_H-e0ed0fec98,0.0,0.0,1.9139657718544971,0.3591910889480134,0.8419857885121024,P-167p350234557_VX-0p509305540745_LS-7p79284260895e-05_ST-367p465417979_M-TI64_XI-0p0002_XF-0p0014_XL-0p0012_TE-0p0021_DT-9p47195782704e-06_H-0c5439e4b5,1.2494733166660739,0.8189208793887363,-0.6896951606227862,-0.48409392739934487,-0.3104093486881565,-0.20312600962791347,1.1472455111510274,0.6497422599981104,0.6906386100616064,0.3863182434268298,0.7777777777777778,False,False,False,0.3333333333333333,False,False,False,0.7802469135802469,False,False,False,False,False
P-143p707582907_VX-0p952433280409_LS-8p80948922839e-05_ST-329p530804101_M-TI64_XI-0p0002_XF-0p0014_XL-0p0012_TE-0p0021_DT-5p06504833697e-06_H-1605f46060,new-data,False,143.707582907,0.952433280409,8.80948922839e-05,329.530804101,2.9147091031830774,P-228p959503311_VX-0p480404321045_LS-6p0796636822e-05_ST-336p115873803_M-TI64_XI-0p0002_XF-0p0014_XL-0p0012_TE-0p0021_DT-1p00417926977e-05_H-ba17ade68b,0.0,0.0,2.9147091031830774,0.5827458703474853,0.833380022113845,P-180p4231768_VX-0p853402947533_LS-8p92029044014e-05_ST-332p421625378_M-TI64_XI-0p0002_XF-0p0014_XL-0p0012_TE-0p0021_DT-5p65280518067e-06_H-0b12abf205,1.7222712539407254,0.8060338720622843,-0.6536264404998994,-0.45251076947109253,1.4102527724500695,0.7544455910213633,1.764981266219795,0.9897592736219086,-0.6147553874922046,-0.3558382665902593,0.9901234567901235,False,False,False,0.34814814814814815,False,False,False,0.7432098765432099,False,False,False,False,False
P-144p087720513_VX-0p415546267467_LS-5p02923295381e-05_ST-327p07537462_M-TI64_XI-0p0002_XF-0p0014_XL-0p0012_TE-0p0021_DT-1p16091058462e-05_H-0602c4a780,new-data,False,144.087720513,0.415546267467,5.02923295381e-05,327.07537462,0.8902675613251452,P-211p816522505_VX-0p520710876808_LS-4p80782604054e-05_ST-318p660442183_M-TI64_XI-0p0002_XF-0p0014_XL-0p0012_TE-0p0021_DT-9p26448979247e-06_H-5a4acb0e81,0.0,0.1,0.8902675613251452,0.6056666326680838,0.5951248155834151,P-159p365045029_VX-0p465685970522_LS-5p71815338387e-05_ST-335p270795676_M-TI64_XI-0p0002_XF-0p0014_XL-0p0012_TE-0p0021_DT-1p03591710045e-05_H-312d3c9a86,0.6052133825582342,0.6317075293376974,-0.6496764150146144,-0.44905197530547375,-0.8883298043141905,-0.5247465119585534,-0.8563714045524947,-0.45309796664183427,-0.6925008665374613,-0.4000389550459728,0.19012345679012346,False,True,True,0.35555555555555557,False,False,False,0.1308641975308642,False,True,True,True,True
P-148p299467422_VX-0p674162518859_LS-5p7557139752e-05_ST-331p520012414_M-TI64_XI-0p0002_XF-0p0014_XL-0p0012_TE-0p0021_DT-7p15572353559e-06_H-e73b90164d,new-data,False,148.299467422,0.674162518859,5.7557139752e-05,331.520012414,1.1920181108526875,P-243p042265843_VX-0p642372627708_LS-5p19118052277e-05_ST-314p809567363_M-TI64_XI-0p0002_XF-0p0014_XL-0p0012_TE-0p0021_DT-7p50984770355e-06_H-ac0fcec187,0.0,0.0,1.1920181108526875,0.45077554368220046,0.7256042824137733,P-151p630328889_VX-0p596649793105_LS-5p54888002616e-05_ST-323p086654154_M-TI64_XI-0p0002_XF-0p0014_XL-0p0012_TE-0p00125_DT-1p0798550665e-05_H-bf889bf790,0.8075619152828571,0.7610280680715978,-0.6059119798060646,-0.41073015340208635,0.21888790665315547,0.0914350281202599,-0.3526058322309093,-0.17581295592037982,-0.5517717203123156,-0.32003012076616494,0.32592592592592595,False,False,False,0.3728395061728395,False,False,False,0.3530864197530864,False,False,False,False,False
P-150p071418192_VX-0p423845414489_LS-8p67749479825e-05_ST-322p128190627_M-TI64_XI-0p0002_XF-0p0014_XL-0p0012_TE-0p0021_DT-1p1381792602e-05_H-2afbe2208b,new-data,False,150.071418192,0.423845414489,8.67749479825e-05,322.128190627,2.0425123440700457,P-228p959503311_VX-0p480404321045_LS-6p0796636822e-05_ST-336p115873803_M-TI64_XI-0p0002_XF-0p0014_XL-0p0012_TE-0p0021_DT-1p00417926977e-05_H-ba17ade68b,0.0,0.0,2.0425123440700457,0.5543581996537181,0.7865283654614527,P-126p429096271_VX-0p381791494837_LS-8p54596605095e-05_ST-336p470624887_M-TI64_XI-0p0002_XF-0p0014_XL-0p0012_TE-0p0021_DT-1p26354847299e-05_H-bf3689621a,1.2569575059942788,0.7801341872384729,-0.5874995665386163,-0.3946075365172951,-0.8527985392864873,-0.5049728853367478,1.6734520346432933,0.9393793243886662,-0.849141972477172,-0.489094226272345,0.8246913580246914,False,False,False,0.38765432098765434,False,False,False,0.5679012345679012,False,False,False,False,False
P-155p252053768_VX-0p916931554055_LS-7p35634948929e-05_ST-366p816583574_M-TI64_XI-0p0002_XF-0p0014_XL-0p0012_TE-0p0021_DT-5p26115671522e-06_H-1d842653b1,new-data,False,155.252053768,0.916931554055,7.35634948929e-05,366.816583574,2.18122333756249,P-243p936893462_VX-0p545516283598_LS-5p6904291389e-05_ST-360p082453969_M-TI64_XI-0p0002_XF-0p0014_XL-0p0012_TE-0p0021_DT-8p84322017154e-06_H-e0ed0fec98,0.0,0.0,2.18122333756249,0.38754051374010107,0.8491334602269556,P-174p128102602_VX-0p994422815088_LS-7p40414236536e-05_ST-367p557277174_M-TI64_XI-0p0002_XF-0p0014_XL-0p0012_TE-0p0021_DT-4p85117651146e-06_H-6705b84f8a,1.3613397633324402,0.8431886541116101,-0.53366736937585,-0.34746999521214533,1.2582586886386729,0.669858840179065,0.7573269011679579,0.4351214286233313,0.5658123336070808,0.31535067818176266,0.8740740740740741,False,False,False,0.4049382716049383,False,False,False,0.8074074074074075,False,False,False,False,False
P-155p610380822_VX-0p863747905944_LS-4p82199969556e-05_ST-303p817651114_M-TI64_XI-0p0002_XF-0p0014_XL-0p0012_TE-0p0021_DT-5p58510251639e-06_H-44aa3a8888,new-data,False,155.610380822,0.863747905944,4.82199969556e-05,303.817651114,1.3821481977526142,P-243p042265843_VX-0p642372627708_LS-5p19118052277e-05_ST-314p809567363_M-TI64_XI-0p0002_XF-0p0014_XL-0p0012_TE-0p0021_DT-7p50984770355e-06_H-ac0fcec187,0.0,0.0,1.3821481977526142,0.2820857874007891,0.8305011254924064,P-149p254341218_VX-0p887957223036_LS-4p5e-05_ST-300_M-TI64_XI--0p0002_XF-0p0012_XL-0p0014_TE-0p00125_DT-2p10571289147e-06_H-306f9d252b,0.9849219867612895,0.8581642819889704,-0.5299439782326778,-0.34420965078897725,1.0305627228770413,0.5431429743985613,-1.0000736870245572,-0.5321952514212054,-1.4289027340998264,-0.8187059942879873,0.48641975308641977,False,False,False,0.40987654320987654,False,False,False,0.7333333333333333,False,False,False,False,False
P-157p183722649_VX-0p714259673467_LS-7p38607203139e-05_ST-347p368293375_M-TI64_XI-0p0002_XF-0p0014_XL-0p0012_TE-0p0021_DT-6p75401507634e-06_H-add9572a86,new-data,False,157.183722649,0.714259673467,7.38607203139e-05,347.368293375,1.5831222227177468,P-228p959503311_VX-0p480404321045_LS-6p0796636822e-05_ST-336p115873803_M-TI64_XI-0p0002_XF-0p0014_XL-0p0012_TE-0p0021_DT-1p00417926977e-05_H-ba17ade68b,0.0,0.0,1.5831222227177468,0.52091276007148,0.7524220061298939,P-202p894942483_VX-0p693798608043_LS-7p43333938026e-05_ST-353p442501329_M-TI64_XI-0p0002_XF-0p0014_XL-0p0012_TE-0p0021_DT-6p95320017522e-06_H-4852b0403a,1.013225063005768,0.733162139647787,-0.5135953186535599,-0.329894135970505,0.390556467706109,0.18697089002433517,0.777937478720569,0.44646599945478715,-0.04997266442781827,-0.034741972710499405,0.5777777777777777,False,False,False,0.4148148148148148,False,False,False,0.4345679012345679,False,False,False,False,False
P-160p605564338_VX-0p585171267024_LS-4p89218084001e-05_ST-323p833105745_M-TI64_XI-0p0002_XF-0p0014_XL-0p0012_TE-0p0021_DT-8p24394647322e-06_H-0602c4a780,new-data,False,160.605564338,0.585171267024,4.89218084001e-05,323.833105745,0.6241600664435467,P-211p816522505_VX-0p520710876808_LS-4p80782604054e-05_ST-318p660442183_M-TI64_XI-0p0002_XF-0p0014_XL-0p0012_TE-0p0021_DT-9p26448979247e-06_H-5a4acb0e81,0.2,0.1,0.6241600664435467,0.4680163307978784,0.5714828374061415,P-151p630328889_VX-0p596649793105_LS-5p54888002616e-05_ST-323p086654154_M-TI64_XI-0p0002_XF-0p0014_XL-0p0012_TE-0p00125_DT-1p0798550665e-05_H-bf889bf790,0.5004116058794934,0.6534620543290288,-0.47803882104632084,-0.2987594997683077,-0.16211170038049333,-0.1205963748332827,-0.9514077985029372,-0.505408344649672,-0.7951597898870901,-0.45840370041636946,0.05925925925925926,True,True,True,0.08395061728395062,True,True,True,0.1037037037037037,False,True,True,True,True
P-162p142815649_VX-0p926926325143_LS-6p49234891537e-05_ST-377p454931887_M-TI64_XI-0p0002_XF-0p0014_XL-0p0012_TE-0p0021_DT-5p20442722594e-06_H-eed8ed7ef3,new-data,False,162.142815649,0.926926325143,6.49234891537e-05,377.454931887,2.000160669409275,P-243p936893462_VX-0p545516283598_LS-5p6904291389e-05_ST-360p082453969_M-TI64_XI-0p0002_XF-0p0014_XL-0p0012_TE-0p0021_DT-8p84322017154e-06_H-e0ed0fec98,0.0,0.0,2.000160669409275,0.673352523730943,0.7481394423417653,P-209p47686991_VX-0p866693950214_LS-6p90699464413e-05_ST-369p570871734_M-TI64_XI-0p0002_XF-0p0014_XL-0p0012_TE-0p0021_DT-5p56611777644e-06_H-b021dd2b47,1.2210574023923493,0.75924347436194,-0.46206517950205916,-0.28477236515796184,1.3010494549038754,0.6936724768263771,0.15820079767498302,0.10534762676356,0.9026509568477047,0.5068537627153787,0.8148148148148148,False,False,False,0.4271604938271605,False,False,False,0.41728395061728396,False,False,False,False,False
P-163p562272254_VX-0p729793018519_LS-5p10150522361e-05_ST-318p261957537_M-TI64_XI-0p0002_XF-0p0014_XL-0p0012_TE-0p0021_DT-6p6102586358e-06_H-eed8ed7ef3,new-data,False,163.562272254,0.729793018519,5.10150522361e-05,318.261957537,0.9154095872633387,P-243p042265843_VX-0p642372627708_LS-5p19118052277e-05_ST-314p809567363_M-TI64_XI-0p0002_XF-0p0014_XL-0p0012_TE-0p0021_DT-7p50984770355e-06_H-ac0fcec187,0.0,0.0,0.9154095872633387,0.5002433973803201,0.6466341661362449,P-181p197687991_VX-0p643443519749_LS-5p49477846524e-05_ST-320p630170488_M-TI64_XI-0p0002_XF-0p0014_XL-0p0012_TE-0p0021_DT-7p49734895908e-06_H-6014a1f9c3,0.6734614701273867,0.6889803979670055,-0.44731554758848824,-0.2718570204348118,0.4570596153604772,0.22398078567164734,-0.80625546168985,-0.4255129141541401,-0.9715572753838778,-0.5586910791368231,0.20493827160493827,False,False,True,0.43703703703703706,False,False,False,0.19506172839506172,False,True,True,False,True
P-164p187091551_VX-0p507792014735_LS-6p92164167976e-05_ST-301p020288893_M-TI64_XI-0p0002_XF-0p0014_XL-0p0012_TE-0p0021_DT-9p50018996564e-06_H-c15424829d,new-data,False,164.187091551,0.507792014735,6.92164167976e-05,301.020288893,1.4291416987922234,P-228p959503311_VX-0p480404321045_LS-6p0796636822e-05_ST-336p115873803_M-TI64_XI-0p0002_XF-0p0014_XL-0p0012_TE-0p0021_DT-1p00417926977e-05_H-ba17ade68b,0.0,0.0,1.4291416987922234,0.16700634285046254,0.8953691396453509,P-166p164223082_VX-0p514604075971_LS-6p70362084208e-05_ST-302p957496397_M-TI64_XI-0p0002_XF-0p0014_XL-0p0012_TE-0p00125_DT-1p25202137351e-05_H-bf889bf790,0.9241181382150458,0.9081877632362718,-0.4408230245970957,-0.26617191771169507,-0.4933966762265303,-0.30496091723519136,0.4558863651969822,0.26920111401470337,-1.5174747202299987,-0.8690618839541193,0.508641975308642,False,False,False,0.43950617283950616,False,False,False,0.9382716049382716,False,False,False,False,False
P-164p607131174_VX-0p867199563125_LS-5p32762751968e-05_ST-314p058214573_M-TI64_XI-0p0002_XF-0p0014_XL-0p0012_TE-0p0021_DT-5p56287250149e-06_H-0e4c2fc094,new-data,False,164.607131174,0.867199563125,5.32762751968e-05,314.058214573,1.2650266506359462,P-243p042265843_VX-0p642372627708_LS-5p19118052277e-05_ST-314p809567363_M-TI64_XI-0p0002_XF-0p0014_XL-0p0012_TE-0p0021_DT-7p50984770355e-06_H-ac0fcec187,0.0,0.0,1.2650266506359462,0.353286315221415,0.7816946890527764,P-163p341658752_VX-0p941874162971_LS-5p45765866009e-05_ST-310p281913475_M-TI64_XI-0p0002_XF-0p0014_XL-0p0012_TE-0p0021_DT-5p12183133657e-06_H-b40dbd8ddd,0.8939578972591852,0.8193038508642829,-0.4364583756134342,-0.2623500632715399,1.0453403555370941,0.5513669256242285,-0.6494549059417839,-0.33920601632195263,-1.1046590455826315,-0.6343635162959588,0.39012345679012345,False,False,False,0.4419753086419753,False,False,False,0.5432098765432098,False,False,False,False,False
P-166p111836501_VX-0p454755470987_LS-7p13150844087e-05_ST-303p391516497_M-TI64_XI-0p0002_XF-0p0014_XL-0p0012_TE-0p0021_DT-1p06081639712e-05_H-0e4c2fc094,new-data,False,166.111836501,0.454755470987,7.13150844087e-05,303.391516497,1.4297287264457967,P-228p959503311_VX-0p480404321045_LS-6p0796636822e-05_ST-336p115873803_M-TI64_XI-0p0002_XF-0p0014_XL-0p0012_TE-0p0021_DT-1p00417926977e-05_H-ba17ade68b,0.0,0.0,1.4297287264457967,0.28066794237418885,0.835904765549021,P-164p187091551_VX-0p507792014735_LS-6p92164167976e-05_ST-301p020288893_M-TI64_XI-0p0002_XF-0p0014_XL-0p0012_TE-0p0021_DT-9p50018996564e-06_H-c15424829d,0.9159283234214576,0.854015918927523,-0.4208229207263581,-0.2486590578991246,-0.7204628418298287,-0.431326290761408,0.6014148042187923,0.3493035604531816,-1.442395298310198,-0.8263769307135533,0.5111111111111111,False,False,False,0.4444444444444444,False,False,False,0.762962962962963,False,False,False,False,False
P-167p350234557_VX-0p509305540745_LS-7p79284260895e-05_ST-367p465417979_M-TI64_XI-0p0002_XF-0p0014_XL-0p0012_TE-0p0021_DT-9p47195782704e-06_H-0c5439e4b5,new-data,False,167.350234557,0.509305540745,7.79284260895e-05,367.465417979,1.679793007867983,P-228p959503311_VX-0p480404321045_LS-6p0796636822e-05_ST-336p115873803_M-TI64_XI-0p0002_XF-0p0014_XL-0p0012_TE-0p0021_DT-1p00417926977e-05_H-ba17ade68b,0.0,0.0,1.679793007867983,0.3591910889480134,0.8238382096707311,P-140p236446589_VX-0p550532928497_LS-7p91865165046e-05_ST-370p758962256_M-TI64_XI-0p0002_XF-0p0014_XL-0p0012_TE-0p0021_DT-8p76263771576e-06_H-a88ac79600,1.031998481418845,0.7888201963635516,-0.4079546756358491,-0.237391127804341,-0.4869167941802098,-0.30135477576971353,1.0600054292583834,0.6017231646648149,0.5863561700430697,0.327030479054347,0.6617283950617284,False,False,False,0.45185185185185184,False,False,False,0.7061728395061728,False,False,False,False,False
P-168p279672268_VX-0p662944494492_LS-8p51138696034e-05_ST-361p222757169_M-TI64_XI-0p0002_XF-0p0014_XL-0p0012_TE-0p0021_DT-7p27680920966e-06_H-1d842653b1,new-data,False,168.279672268,0.662944494492,8.51138696034e-05,361.222757169,2.1174664711062294,P-228p959503311_VX-0p480404321045_LS-6p0796636822e-05_ST-336p115873803_M-TI64_XI-0p0002_XF-0p0014_XL-0p0012_TE-0p0021_DT-1p00417926977e-05_H-ba17ade68b,0.0,0.0,2.1174664711062294,0.3401841826150089,0.8615815546851947,P-198p376734591_VX-0p636800402216_LS-8p40585875992e-05_ST-361p411435367_M-TI64_XI-0p0002_XF-0p0014_XL-0p0012_TE-0p0021_DT-7p5755614887e-06_H-1605f46060,1.2488809786414827,0.814868174067386,-0.3982968501866221,-0.2289343645655234,0.17086000742272872,0.06470685657692447,1.5582674564257843,0.8759788882318271,0.3886967956053073,0.2146550645972695,0.8592592592592593,False,False,False,0.45925925925925926,False,False,False,0.8592592592592593,False,False,False,False,False
P-172p471893954_VX-0p300060565388_LS-5p45268436948e-05_ST-394p546009672_M-TI64_XI-0p0002_XF-0p0014_XL-0p0012_TE-0p0021_DT-1p60771562794e-05_H-0e4c2fc094,new-data,False,172.471893954,0.300060565388,5.45268436948e-05,394.546009672,0.7658984888470086,P-208p096600196_VX-0p256636148953_LS-4p52492384214e-05_ST-395p602757306_M-TI64_XI-0p0002_XF-0p0014_XL-0p0012_TE-0p0021_DT-1p87975101041e-05_H-1980b1708d,0.0,0.1,0.7658984888470086,0.5721637579237632,0.5723937662058688,P-134p93654729_VX-0p343298656719_LS-5p9412954069e-05_ST-389p435734624_M-TI64_XI-0p0002_XF-0p0014_XL-0p0012_TE-0p0021_DT-1p40522559835e-05_H-b41981edcb,0.491455292895546,0.5687468310032091,-0.3547353023726331,-0.1907901986644071,-1.3827605062407697,-0.799903844033016,-0.5627364182493009,-0.29147401931639194,1.44380029144534,0.8145137506697018,0.11358024691358025,False,True,True,0.47160493827160493,False,False,False,0.10617283950617284,False,True,True,True,True
P-173p043282634_VX-0p866796851528_LS-6p96390683614e-05_ST-349p021338305_M-TI64_XI-0p0002_XF-0p0014_XL-0p0012_TE-0p0021_DT-5p56545699781e-06_H-27614c4053,new-data,False,173.043282634,0.866796851528,6.96390683614e-05,349.021338305,1.826785880156237,P-243p936893462_VX-0p545516283598_LS-5p6904291389e-05_ST-360p082453969_M-TI64_XI-0p0002_XF-0p0014_XL-0p0012_TE-0p0021_DT-8p84322017154e-06_H-e0ed0fec98,0.0,0.0,1.826785880156237,0.4515266168998158,0.8018153271409164,P-171p875575389_VX-0p916897438596_LS-6p66389080354e-05_ST-338p337187717_M-TI64_XI-0p0002_XF-0p0014_XL-0p0012_TE-0p0021_DT-5p2613524697e-06_H-30d8d23b36,1.1288352386245903,0.8163789831870091,-0.3487979791181604,-0.18559125017446307,1.043616220219958,0.5504074211433174,0.485194399496755,0.2853329798101084,0.002367168974295849,-0.004985172721086526,0.7432098765432099,False,False,False,0.4740740740740741,False,False,False,0.6222222222222222,False,False,False,False,False
P-173p906668607_VX-0p677544388934_LS-8p62016404031e-05_ST-334p396108383_M-TI64_XI-0p0002_XF-0p0014_XL-0p0012_TE-0p0021_DT-7p12000672104e-06_H-89021150a8,new-data,False,173.906668607,0.677544388934,8.62016404031e-05,334.396108383,2.0361843721300272,P-228p959503311_VX-0p480404321045_LS-6p0796636822e-05_ST-336p115873803_M-TI64_XI-0p0002_XF-0p0014_XL-0p0012_TE-0p0021_DT-1p00417926977e-05_H-ba17ade68b,0.0,0.0,2.0361843721300272,0.4242534719982916,0.8275699290633388,P-137p340072051_VX-0p708357837186_LS-8p48461574474e-05_ST-331p337392673_M-TI64_XI-0p0002_XF-0p0014_XL-0p0012_TE-0p0021_DT-6p81028761138e-06_H-701e6757d1,1.1885906968682505,0.8103589184775516,-0.3398264999928156,-0.17773547816202645,0.23336675870934268,0.09949270392347674,1.6336970221448044,0.9174971838206362,-0.46070681267792024,-0.2682569287937655,0.8197530864197531,False,False,False,0.47901234567901235,False,False,False,0.7209876543209877,False,False,False,False,False
P-177p821134596_VX-0p63969291749_LS-8p76195222961e-05_ST-320p228793407_M-TI64_XI-0p0002_XF-0p0014_XL-0p0012_TE-0p0021_DT-7p5413068851e-06_H-0e4c2fc094,new-data,False,177.821134596,0.63969291749,8.76195222961e-05,320.228793407,2.1118775145045245,P-228p959503311_VX-0p480404321045_LS-6p0796636822e-05_ST-336p115873803_M-TI64_XI-0p0002_XF-0p0014_XL-0p0012_TE-0p0021_DT-1p00417926977e-05_H-ba17ade68b,0.0,0.0,2.1118775145045245,0.488674351534618,0.8120882117691005,P-173p906668607_VX-0p677544388934_LS-8p62016404031e-05_ST-334p396108383_M-TI64_XI-0p0002_XF-0p0014_XL-0p0012_TE-0p0021_DT-7p12000672104e-06_H-89021150a8,1.2208430125913954,0.8144392193012681,-0.29915112304041985,-0.14211855442029517,0.0713126753197943,0.009307428083017153,1.7320175649092802,0.9716152384327192,-0.9092819797177734,-0.5232856642364584,0.8518518518518519,False,False,False,0.4888888888888889,False,False,False,0.674074074074074,False,False,False,False,False
P-185p872045369_VX-0p416268682161_LS-7p15564692144e-05_ST-371p982346013_M-TI64_XI-0p0002_XF-0p0014_XL-0p0012_TE-0p0021_DT-1p15889587897e-05_H-bc28d74e69,new-data,False,185.872045369,0.416268682161,7.15564692144e-05,371.982346013,1.2886104300702015,P-238p319282705_VX-0p253960262605_LS-5p92121677448e-05_ST-384p128817665_M-TI64_XI-0p0002_XF-0p0014_XL-0p0012_TE-0p0021_DT-1p89955725889e-05_H-452de4062d,0.0,0.0,1.2886104300702015,0.3618447142805548,0.780760649255394,P-191p425479448_VX-0p407642571095_LS-6p68635438353e-05_ST-376p486404344_M-TI64_XI-0p0002_XF-0p0014_XL-0p0012_TE-0p0021_DT-1p18341923663e-05_H-9a0fcdd2aa,0.8044109516553541,0.7976674217441777,-0.21549377835480776,-0.0688649673769506,-0.8852369192400525,-0.5230252798382651,0.6181532118595771,0.3585167933478905,0.729374219037602,0.40834062473460536,0.4074074074074074,False,False,False,0.5160493827160494,False,False,False,0.5382716049382716,False,False,False,False,False
P-187p255870651_VX-0p828194463092_LS-4p64611349328e-05_ST-375p783913497_M-TI64_XI-0p0002_XF-0p0014_XL-0p0012_TE-0p0021_DT-5p82486459159e-06_H-bc28d74e69,new-data,False,187.255870651,0.828194463092,4.64611349328e-05,375.783913497,1.2590491300571152,P-223p161294482_VX-0p578452940205_LS-4p86833733719e-05_ST-359p100984903_M-TI64_XI-0p0002_XF-0p0014_XL-0p0012_TE-0p0021_DT-8p33969415266e-06_H-1e85da8953,0.0,0.0,1.2590491300571152,0.5463420794161397,0.6973829956912542,P-182p701235644_VX-0p787372384637_LS-5p07019733104e-05_ST-389p154544132_M-TI64_XI-0p0002_XF-0p0014_XL-0p0012_TE-0p0021_DT-6p1268602978e-06_H-d9be003c20,0.7471150116988816,0.7076054861887237,-0.20111439298275993,-0.05627382475893414,0.8783472244320835,0.45843300333628983,-1.1220389011818692,-0.5993279170366831,0.8497420355248769,0.47677341879522833,0.3851851851851852,False,False,False,0.5234567901234568,False,False,False,0.2839506172839506,False,False,True,False,False
P-198p376734591_VX-0p636800402216_LS-8p40585875992e-05_ST-361p411435367_M-TI64_XI-0p0002_XF-0p0014_XL-0p0012_TE-0p0021_DT-7p5755614887e-06_H-1605f46060,new-data,False,198.376734591,0.636800402216,8.40585875992e-05,361.411435367,1.9475032256474287,P-228p959503311_VX-0p480404321045_LS-6p0796636822e-05_ST-336p115873803_M-TI64_XI-0p0002_XF-0p0014_XL-0p0012_TE-0p0021_DT-1p00417926977e-05_H-ba17ade68b,0.0,0.0,1.9475032256474287,0.3401841826150089,0.8512977859709477,P-168p279672268_VX-0p662944494492_LS-8p51138696034e-05_ST-361p222757169_M-TI64_XI-0p0002_XF-0p0014_XL-0p0012_TE-0p0021_DT-7p27680920966e-06_H-1d842653b1,1.1008810340278703,0.795079673025782,-0.08555703878248459,0.04491263694649376,0.058928905454682615,0.0024156936825626804,1.4850907694712747,0.8357006327463792,0.3946708530980663,0.21805149944205643,0.7925925925925926,False,False,False,0.5580246913580247,False,False,False,0.8197530864197531,False,False,False,False,False
P-199p601335125_VX-0p449852506485_LS-5p7030843283e-05_ST-364p706449651_M-TI64_XI-0p0002_XF-0p0014_XL-0p0012_TE-0p0021_DT-1p07237828699e-05_H-1d842653b1,new-data,False,199.601335125,0.449852506485,5.7030843283e-05,364.706449651,0.6336363130100564,P-243p936893462_VX-0p545516283598_LS-5p6904291389e-05_ST-360p082453969_M-TI64_XI-0p0002_XF-0p0014_XL-0p0012_TE-0p0021_DT-8p84322017154e-06_H-e0ed0fec98,0.2,0.3,0.6336363130100564,0.3224003956005533,0.6627740413136524,P-202p623346674_VX-0p47308497906_LS-5p69403778977e-05_ST-355p073751689_M-TI64_XI-0p0002_XF-0p0014_XL-0p0012_TE-0p0021_DT-1p01971544575e-05_H-b41981edcb,0.4707816078336951,0.7188600576690909,-0.07283216431007168,0.05605502621648033,-0.7414539787117488,-0.4430081406124245,-0.3891009414093063,-0.1959007652027349,0.4989998374785148,0.27736572571130147,0.06666666666666667,True,True,True,0.09135802469135802,True,True,True,0.21975308641975308,False,False,True,True,True
P-203p030488295_VX-0p654564663741_LS-6p39602473907e-05_ST-333p568221635_M-TI64_XI-0p0002_XF-0p0014_XL-0p0012_TE-0p0021_DT-7p36996796534e-06_H-0e4c2fc094,new-data,False,203.030488295,0.654564663741,6.39602473907e-05,333.568221635,0.8265570913409022,P-228p959503311_VX-0p480404321045_LS-6p0796636822e-05_ST-336p115873803_M-TI64_XI-0p0002_XF-0p0014_XL-0p0012_TE-0p0021_DT-1p00417926977e-05_H-ba17ade68b,0.0,0.0,0.8265570913409022,0.3834478266790999,0.6831022577110208,P-179p651163568_VX-0p66389382017_LS-6p65035978508e-05_ST-326p14019277_M-TI64_XI-0p0002_XF-0p0014_XL-0p0012_TE-0p0021_DT-7p26640383816e-06_H-f77f7c89dc,0.494501528683399,0.6465965018491926,-0.037199692803304193,0.08725618808576695,0.13498330991251561,0.044740992135078664,0.09140648044790589,0.06858238517889065,-0.4869199262356626,-0.283159887525881,0.1506172839506173,False,True,True,0.5703703703703704,False,False,False,0.24938271604938272,False,False,True,False,True
P-203p317554156_VX-0p724937635215_LS-5p40301996917e-05_ST-325p306920736_M-TI64_XI-0p0002_XF-0p0014_XL-0p0012_TE-0p0021_DT-6p65453187788e-06_H-dfd65b549a,new-data,False,203.317554156,0.724937635215,5.40301996917e-05,325.306920736,0.6537525765781235,P-243p042265843_VX-0p642372627708_LS-5p19118052277e-05_ST-314p809567363_M-TI64_XI-0p0002_XF-0p0014_XL-0p0012_TE-0p0021_DT-7p50984770355e-06_H-ac0fcec187,0.2,0.1,0.6537525765781235,0.44781547847980246,0.5934745234998177,P-181p197687991_VX-0p643443519749_LS-5p49477846524e-05_ST-320p630170488_M-TI64_XI-0p0002_XF-0p0014_XL-0p0012_TE-0p0021_DT-7p49734895908e-06_H-6014a1f9c3,0.45998710180561714,0.6144798365968047,-0.03421677964499572,0.08986814151921686,0.43627218858900446,0.21241230323549581,-0.5971753289840992,-0.31043004620073367,-0.7484948567721269,-0.4318732552284182,0.07407407407407407,True,True,True,0.0962962962962963,True,True,True,0.1259259259259259,False,True,True,True,True
P-204p071587815_VX-0p957219619336_LS-8p8582220221e-05_ST-334p090301355_M-TI64_XI-0p0002_XF-0p0014_XL-0p0012_TE-0p0021_DT-5p03972182096e-06_H-676863bc48,new-data,False,204.071587815,0.957219619336,8.8582220221e-05,334.090301355,2.8196863126813434,P-228p959503311_VX-0p480404321045_LS-6p0796636822e-05_ST-336p115873803_M-TI64_XI-0p0002_XF-0p0014_XL-0p0012_TE-0p0021_DT-1p00417926977e-05_H-ba17ade68b,0.0,0.0,2.8196863126813434,0.5124287983247218,0.8462151572638785,P-180p4231768_VX-0p853402947533_LS-8p92029044014e-05_ST-332p421625378_M-TI64_XI-0p0002_XF-0p0014_XL-0p0012_TE-0p0021_DT-5p65280518067e-06_H-0b12abf205,1.5709771252660878,0.8263742238324859,-0.026381584908138685,0.09672893923894924,1.4307445984746996,0.7658495676682434,1.7987741706334242,1.0083597226749468,-0.47038948288744453,-0.27376182367133733,0.9851851851851852,False,False,False,0.5753086419753086,False,False,False,0.7975308641975308,False,False,False,False,False
P-207p432942583_VX-0p674802143379_LS-5p74396795379e-05_ST-382p34582068_M-TI64_XI-0p0002_XF-0p0014_XL-0p0012_TE-0p0021_DT-7p14894084192e-06_H-676863bc48,new-data,False,207.432942583,0.674802143379,5.74396795379e-05,382.34582068,0.9739321752192943,P-243p936893462_VX-0p545516283598_LS-5p6904291389e-05_ST-360p082453969_M-TI64_XI-0p0002_XF-0p0014_XL-0p0012_TE-0p0021_DT-8p84322017154e-06_H-e0ed0fec98,0.0,0.0,0.9739321752192943,0.4260611476469265,0.695669157353803,P-234p126702838_VX-0p687075747958_LS-6p17120592739e-05_ST-378p601004081_M-TI64_XI-0p0002_XF-0p0014_XL-0p0012_TE-0p0021_DT-7p02123545672e-06_H-9aef4c9512,0.5999710211279238,0.6654487896524544,0.008546390617345715,0.12731321734410794,0.2216263408896007,0.09295900358461837,-0.3607509055692172,-0.18029620541583757,1.057509605858468,0.5948956525288424,0.2345679012345679,False,False,True,0.5802469135802469,False,False,False,0.27901234567901234,False,False,True,False,True
P-208p096600196_VX-0p256636148953_LS-4p52492384214e-05_ST-395p602757306_M-TI64_XI-0p0002_XF-0p0014_XL-0p0012_TE-0p0021_DT-1p87975101041e-05_H-1980b1708d,new-data,True,208.096600196,0.256636148953,4.52492384214e-05,395.602757306,0.7658984888470086,P-172p471893954_VX-0p300060565388_LS-5p45268436948e-05_ST-394p546009672_M-TI64_XI-0p0002_XF-0p0014_XL-0p0012_TE-0p0021_DT-1p60771562794e-05_H-0e4c2fc094,0.6,0.6,0.7658984888470086,0.6105178074259162,0.5564439268271649,P-240p318887809_VX-0p361018894241_LS-4p85509578057e-05_ST-398p513006139_M-TI64_XI-0p0002_XF-0p0014_XL-0p0012_TE-0p0021_DT-1p33625155912e-05_H-3a501d5f99,0.491455292895546,0.5464130195977022,0.015442484146312142,0.13335170194437362,-1.568674124222864,-0.9033672716092837,-1.2060757475253348,-0.6455838724247378,1.4772597541059456,0.8335364810344615,0.11604938271604938,False,True,True,0.04197530864197531,True,True,True,0.08395061728395062,True,True,True,True,True
P-209p47686991_VX-0p866693950214_LS-6p90699464413e-05_ST-369p570871734_M-TI64_XI-0p0002_XF-0p0014_XL-0p0012_TE-0p0021_DT-5p56611777644e-06_H-b021dd2b47,new-data,False,209.47686991,0.866693950214,6.90699464413e-05,369.570871734,1.6795667907368645,P-243p936893462_VX-0p545516283598_LS-5p6904291389e-05_ST-360p082453969_M-TI64_XI-0p0002_XF-0p0014_XL-0p0012_TE-0p0021_DT-8p84322017154e-06_H-e0ed0fec98,0.0,0.0,1.6795667907368645,0.2977372936332814,0.8494226072829242,P-225p435545826_VX-0p86531734725_LS-6p64530039846e-05_ST-364p26873014_M-TI64_XI-0p0002_XF-0p0014_XL-0p0012_TE-0p0021_DT-5p57497271764e-06_H-d9fce10048,0.9636860477973184,0.8278095032858616,0.02978492346515986,0.14591049317789212,1.0431756672511117,0.5501622474939609,0.4457296342298837,0.26361059848556945,0.6530204795077599,0.36493118286310205,0.6592592592592592,False,False,False,0.5876543209876544,False,False,False,0.8098765432098766,False,False,False,False,False
P-210p211145159_VX-0p921242046338_LS-8p23126060485e-05_ST-311p238003519_M-TI64_XI-0p0002_XF-0p0014_XL-0p0012_TE-0p0021_DT-5p23653975868e-06_H-0e4c2fc094,new-data,False,210.211145159,0.921242046338,8.23126060485e-05,311.238003519,2.4492203550152953,P-243p042265843_VX-0p642372627708_LS-5p19118052277e-05_ST-314p809567363_M-TI64_XI-0p0002_XF-0p0014_XL-0p0012_TE-0p0021_DT-7p50984770355e-06_H-ac0fcec187,0.0,0.0,2.4492203550152953,0.17536129107793633,0.9331850501435278,P-220p462707704_VX-0p946752122114_LS-8p2300511791e-05_ST-313p968629329_M-TI64_XI-0p0002_XF-0p0014_XL-0p0012_TE-0p0021_DT-5p0954420807e-06_H-b41989dc4b,1.371585337648651,0.9185009800995674,0.03741480775175686,0.15259151317463374,1.276713265151312,0.6801290600865172,1.364018729148953,0.7690595920652336,-1.1939544870109309,-0.6851307124796766,0.9382716049382716,False,False,False,0.5975308641975309,False,False,False,0.9925925925925926,False,False,False,False,False
P-210p302841339_VX-0p779412575788_LS-5p86430912284e-05_ST-304p177226769_M-TI64_XI-0p0002_XF-0p0014_XL-0p0012_TE-0p0021_DT-6p18943131388e-06_H-c15424829d,new-data,False,210.302841339,0.779412575788,5.86430912284e-05,304.177226769,0.8894771251924011,P-243p042265843_VX-0p642372627708_LS-5p19118052277e-05_ST-314p809567363_M-TI64_XI-0p0002_XF-0p0014_XL-0p0012_TE-0p0021_DT-7p50984770355e-06_H-ac0fcec187,0.0,0.0,0.8894771251924011,0.3965374635679022,0.6916539928600982,P-242p307622127_VX-0p748861384084_LS-6p09484851001e-05_ST-306p16946129_M-TI64_XI-0p0002_XF-0p0014_XL-0p0012_TE-0p0021_DT-6p44194066558e-06_H-1d842653b1,0.5458838415229312,0.6554752876996498,0.038367626526290895,0.15342583792279735,0.6694965845102622,0.34220481471651,-0.27730242430768554,-0.13436410069764973,-1.417517605034909,-0.8122331993550039,0.18518518518518517,False,True,True,0.6,False,False,False,0.2691358024691358,False,False,True,False,True
P-210p331349445_VX-0p877062157481_LS-5p88084341536e-05_ST-346p930868597_M-TI64_XI-0p0002_XF-0p0014_XL-0p0012_TE-0p0021_DT-5p50031780743e-06_H-0e4c2fc094,new-data,False,210.331349445,0.877062157481,5.88084341536e-05,346.930868597,1.5144699905651404,P-223p161294482_VX-0p578452940205_LS-4p86833733719e-05_ST-359p100984903_M-TI64_XI-0p0002_XF-0p0014_XL-0p0012_TE-0p0021_DT-8p33969415266e-06_H-1e85da8953,0.0,0.0,1.5144699905651404,0.5113195458019206,0.7475949319400214,P-218p846041052_VX-0p877499363134_LS-5p6186595533e-05_ST-332p098243358_M-TI64_XI-0p0002_XF-0p0014_XL-0p0012_TE-0p0021_DT-5p49757732676e-06_H-27d926f040,0.8468521502476318,0.7413353871437428,0.03866385542724635,0.15368522733639212,1.087565231538787,0.5748656367328402,-0.26583700802147114,-0.12805325245290422,-0.06382270539825707,-0.04261614563413493,0.5407407407407407,False,False,False,0.6024691358024692,False,False,False,0.4148148148148148,False,False,False,False,False
P-211p964201781_VX-0p31026524833_LS-8p22948660567e-05_ST-308p041416816_M-TI64_XI-0p0002_XF-0p0014_XL-0p0012_TE-0p0021_DT-1p5548375556e-05_H-22f5435fc5,new-data,False,211.964201781,0.31026524833,8.22948660567e-05,308.041416816,1.8905829356018609,P-228p959503311_VX-0p480404321045_LS-6p0796636822e-05_ST-336p115873803_M-TI64_XI-0p0002_XF-0p0014_XL-0p0012_TE-0p0021_DT-1p00417926977e-05_H-ba17ade68b,0.0,0.0,1.8905829356018609,0.1967630274147201,0.9057353065083839,P-212p375773305_VX-0p288263650586_LS-8p35116649465e-05_ST-312p800399692_M-TI64_XI-0p0002_XF-0p0014_XL-0p0012_TE-0p0021_DT-1p67350985572e-05_H-bf3689621a,1.0568566032538744,0.9051747612429467,0.05563089115090261,0.1685422160792365,-1.3390710411457765,-0.7755900694060435,1.362788580410173,0.7683824878227787,-1.2951669903458758,-0.7426731237255652,0.7679012345679013,False,False,False,0.6074074074074074,False,False,False,0.9580246913580247,False,False,False,False,False
P-212p474685749_VX-0p445530901525_LS-8p01654967217e-05_ST-390p176194232_M-TI64_XI-0p0002_XF-0p0014_XL-0p0012_TE-0p0021_DT-1p08278024858e-05_H-4e23685f04,new-data,False,212.474685749,0.445530901525,8.01654967217e-05,390.176194232,1.7007636334618321,P-238p319282705_VX-0p253960262605_LS-5p92121677448e-05_ST-384p128817665_M-TI64_XI-0p0002_XF-0p0014_XL-0p0012_TE-0p0021_DT-1p89955725889e-05_H-452de4062d,0.0,0.0,1.7007636334618321,0.2893714473529524,0.8545970823073575,P-227p690023792_VX-0p392329282459_LS-7p92871102354e-05_ST-391p94840599_M-TI64_XI-0p0002_XF-0p0014_XL-0p0012_TE-0p0021_DT-1p22961013075e-05_H-12074f4927,0.9566016078138575,0.8318788091175031,0.060935351040170595,0.17318700507746118,-0.7599561320983257,-0.4533048376897815,1.2151311839818577,0.6871082106564328,1.3054402215060479,0.7358518088925162,0.674074074074074,False,False,False,0.6148148148148148,False,False,False,0.8320987654320988,False,False,False,False,False
P-212p944274192_VX-0p351323873231_LS-4p80439392259e-05_ST-351p894554175_M-TI64_XI-0p0002_XF-0p0014_XL-0p0012_TE-0p0021_DT-1p37312632889e-05_H-7c2e16b959,new-data,True,212.944274192,0.351323873231,4.80439392259e-05,351.894554175,0.6187742015491088,P-205p507001181_VX-0p303336340291_LS-4p80706805647e-05_ST-333p622908766_M-TI64_XI-0p0002_XF-0p0014_XL-0p0012_TE-0p0021_DT-1p59035366431e-05_H-89a38ff0e6,0.8,0.7,0.6187742015491088,0.9721399919373092,0.38894253636212306,P-293p648784497_VX-0p426690912013_LS-5p33940457289e-05_ST-351p677261216_M-TI64_XI-0p0002_XF-0p0014_XL-0p0012_TE-0p0021_DT-1p13058902058e-05_H-5799d46da7,0.3547333899191512,0.38580474024309885,0.06581486384860677,0.17745969407548254,-1.1632861226278588,-0.6777633992380174,-1.0122821027095614,-0.5389150648822718,0.09334088495436595,0.046736173999960835,0.056790123456790124,True,True,True,0.014814814814814815,True,True,True,0.024691358024691357,True,True,True,True,True
P-213p315910834_VX-0p426447159191_LS-8p60684535809e-05_ST-346p722503996_M-TI64_XI-0p0002_XF-0p0014_XL-0p0012_TE-0p0021_DT-1p13123525366e-05_H-6aeda8a35c,new-data,False,213.315910834,0.426447159191,8.60684535809e-05,346.722503996,1.678387135898019,P-341p923576441_VX-0p300981342968_LS-7p54559898543e-05_ST-360p882535069_M-TI64_XI-0p0002_XF-0p0014_XL-0p0012_TE-0p0021_DT-1p60279722173e-05_H-1d842653b1,0.0,0.0,1.678387135898019,0.521947469841135,0.7627872285970805,P-228p907235932_VX-0p414638318501_LS-7p95917332413e-05_ST-340p25610662_M-TI64_XI-0p0002_XF-0p0014_XL-0p0012_TE-0p0021_DT-1p16345267376e-05_H-02b1b704be,1.0018275842373223,0.7641810004669604,0.06967655546762992,0.18084113971198643,-0.8416596499167568,-0.4987739436664492,1.6244614146429182,0.9124136773924817,-0.07042008717858152,-0.046366959447061235,0.6567901234567901,False,False,False,0.6172839506172839,False,False,False,0.4617283950617284,False,False,False,False,False
P-217p682945702_VX-0p631899079757_LS-7p17459883069e-05_ST-324p134516573_M-TI64_XI-0p0002_XF-0p0014_XL-0p0012_TE-0p0021_DT-7p63432129838e-06_H-7c2e16b959,new-data,False,217.682945702,0.631899079757,7.17459883069e-05,324.134516573,1.07461834836943,P-228p959503311_VX-0p480404321045_LS-6p0796636822e-05_ST-336p115873803_M-TI64_XI-0p0002_XF-0p0014_XL-0p0012_TE-0p0021_DT-1p00417926977e-05_H-ba17ade68b,0.0,0.0,1.07461834836943,0.24093864949396815,0.8168542678992415,P-221p576145741_VX-0p645163458122_LS-7p3903246332e-05_ST-318p590626589_M-TI64_XI-0p0002_XF-0p0014_XL-0p0012_TE-0p00125_DT-9p98654362553e-06_H-bf889bf790,0.6016533320433451,0.813630824136101,0.1150545942395377,0.22057589492716018,0.03794479867656277,-0.009262243821185833,0.6312950822303203,0.3657504033182147,-0.7856163151533984,-0.45297794243443806,0.2740740740740741,False,False,True,0.6222222222222222,False,False,False,0.6962962962962963,False,False,False,False,False
P-222p079289377_VX-0p741891960581_LS-8p7279944479e-05_ST-335p366959171_M-TI64_XI-0p0002_XF-0p0014_XL-0p0012_TE-0p0021_DT-6p50245704137e-06_H-0f2c16c7e5,new-data,False,222.079289377,0.741891960581,8.7279944479e-05,335.366959171,2.1258020803145348,P-375p190327887_VX-0p471971299611_LS-7p58652830639e-05_ST-330p289975384_M-TI64_XI-0p0002_XF-0p0014_XL-0p0012_TE-0p0021_DT-1p02212160082e-05_H-1553ff852f,0.0,0.0,2.1258020803145348,0.37572680015265253,0.8498011343836729,P-225p007853492_VX-0p825221323097_LS-8p70957490335e-05_ST-338p940755161_M-TI64_XI-0p0002_XF-0p0014_XL-0p0012_TE-0p0021_DT-5p84585064393e-06_H-c2c7cd9590,1.1891248092806155,0.8495930998013433,0.1607371820293956,0.2605773249702192,0.5088590009865137,0.25280784009286117,1.7084701344407205,0.9586541512352615,-0.4299670744046038,-0.25078044512790365,0.8641975308641975,False,False,False,0.654320987654321,False,False,False,0.8123456790123457,False,False,False,False,False
P-225p007853492_VX-0p825221323097_LS-8p70957490335e-05_ST-338p940755161_M-TI64_XI-0p0002_XF-0p0014_XL-0p0012_TE-0p0021_DT-5p84585064393e-06_H-c2c7cd9590,new-data,False,225.007853492,0.825221323097,8.70957490335e-05,338.940755161,2.324669478895441,P-375p190327887_VX-0p471971299611_LS-7p58652830639e-05_ST-330p289975384_M-TI64_XI-0p0002_XF-0p0014_XL-0p0012_TE-0p0021_DT-1p02212160082e-05_H-1553ff852f,0.0,0.0,2.324669478895441,0.37572680015265253,0.8608623471051817,P-222p079289377_VX-0p741891960581_LS-8p7279944479e-05_ST-335p366959171_M-TI64_XI-0p0002_XF-0p0014_XL-0p0012_TE-0p0021_DT-6p50245704137e-06_H-0f2c16c7e5,1.2986309854484326,0.8605068738412136,0.19116801209449855,0.287223729626649,0.865618274716315,0.45134917170881755,1.6956974230705324,0.9516237354946564,-0.31681111394940437,-0.1864478123316503,0.9012345679012346,False,False,False,0.6592592592592592,False,False,False,0.854320987654321,False,False,False,False,False
P-227p095146149_VX-0p485569900572_LS-4p61845747353e-05_ST-309p475761642_M-TI64_XI-0p0002_XF-0p0014_XL-0p0012_TE-0p0021_DT-9p93496630935e-06_H-c5f6eebf67,new-data,True,227.095146149,0.485569900572,4.61845747353e-05,309.475761642,0.8392576303884843,P-218p135837307_VX-0p411781802704_LS-5p72773552436e-05_ST-307p427986374_M-TI64_XI-0p0002_XF-0p0014_XL-0p0012_TE-0p0021_DT-1p17152350379e-05_H-b40dbd8ddd,0.4,0.6,0.8392576303884843,0.38685257761080555,0.6844879236083894,P-211p816522505_VX-0p520710876808_LS-4p80782604054e-05_ST-318p660442183_M-TI64_XI-0p0002_XF-0p0014_XL-0p0012_TE-0p0021_DT-9p26448979247e-06_H-5a4acb0e81,0.4670903550291287,0.6580820493523533,0.21285715586839318,0.30621557771013064,-0.5885365533377992,-0.35790753777842044,-1.1412164849139796,-0.6098837326837582,-1.2497517884529499,-0.7168531890531705,0.16296296296296298,False,True,True,0.06172839506172839,True,True,True,0.2518518518518518,False,False,True,True,True
P-230p324353521_VX-0p227660683076_LS-8p68191306555e-05_ST-386p564919231_M-TI64_XI-0p0002_XF-0p0014_XL-0p0012_TE-0p0021_DT-2p11899592755e-05_H-0602c4a780,new-data,False,230.324353521,0.227660683076,8.68191306555e-05,386.564919231,1.650882309898008,P-341p923576441_VX-0p300981342968_LS-7p54559898543e-05_ST-360p882535069_M-TI64_XI-0p0002_XF-0p0014_XL-0p0012_TE-0p0021_DT-1p60279722173e-05_H-1d842653b1,0.0,0.0,1.650882309898008,0.8561027780451463,0.6585130154294088,P-203p421420958_VX-0p245041839826_LS-7p55920229368e-05_ST-393p123734832_M-TI64_XI-0p0002_XF-0p0014_XL-0p0012_TE-0p0021_DT-1p96869261447e-05_H-4852b0403a,1.0589826449778161,0.680792303457668,0.246411982371589,0.33559747374344956,-1.6927272292766355,-0.9724044921725359,1.6765158049132942,0.9410656992003672,1.1910975751016548,0.6708445087512389,0.6296296296296297,False,False,False,0.6864197530864198,False,False,False,0.20987654320987653,False,False,True,False,False
P-231p081894821_VX-0p850370876493_LS-5p5190986405e-05_ST-302p777484886_M-TI64_XI-0p0002_XF-0p0014_XL-0p0012_TE-0p0021_DT-5p67296074733e-06_H-179e4a5e71,new-data,False,231.081894821,0.850370876493,5.5190986405e-05,302.777484886,1.0026411018611028,P-243p042265843_VX-0p642372627708_LS-5p19118052277e-05_ST-314p809567363_M-TI64_XI-0p0002_XF-0p0014_XL-0p0012_TE-0p0021_DT-7p50984770355e-06_H-ac0fcec187,0.0,0.0,1.0026411018611028,0.4451720215680825,0.6925210758459763,P-210p302841339_VX-0p779412575788_LS-5p86430912284e-05_ST-304p177226769_M-TI64_XI-0p0002_XF-0p0014_XL-0p0012_TE-0p0021_DT-6p18943131388e-06_H-c15424829d,0.5657015827430196,0.6634831581986634,0.2542836251502197,0.34249018676972987,0.973291442172301,0.5112707368093509,-0.5166826022986841,-0.26612486178905154,-1.4618371850007015,-0.8374302393708707,0.2419753086419753,False,False,True,0.6888888888888889,False,False,False,0.2740740740740741,False,False,True,False,True
P-233p106311211_VX-0p310101846937_LS-6p6327379673e-05_ST-336p786172861_M-TI64_XI-0p0002_XF-0p0014_XL-0p0012_TE-0p0021_DT-1p55565684328e-05_H-add9572a86,new-data,False,233.106311211,0.310101846937,6.6327379673e-05,336.786172861,0.8252323471531855,P-228p959503311_VX-0p480404321045_LS-6p0796636822e-05_ST-336p115873803_M-TI64_XI-0p0002_XF-0p0014_XL-0p0012_TE-0p0021_DT-1p00417926977e-05_H-ba17ade68b,0.0,0.1,0.8252323471531855,0.36713284932044676,0.6920969763238427,P-225p511353261_VX-0p242923031869_LS-6p38341457094e-05_ST-340p774386379_M-TI64_XI-0p0002_XF-0p0014_XL-0p0012_TE-0p0021_DT-1p9858638211e-05_H-5cefbb31d2,0.459104070395251,0.6849200828995207,0.27531941904988616,0.360909936586629,-1.3397706140278076,-0.7759793911189978,0.2555511330738139,0.1589316552838142,-0.38503096483582105,-0.22523288913039832,0.14814814814814814,False,True,True,0.6938271604938272,False,False,False,0.2716049382716049,False,False,True,False,True
P-233p11801175_VX-0p947725383123_LS-6p63357513021e-05_ST-310p062780041_M-TI64_XI-0p0002_XF-0p0014_XL-0p0012_TE-0p0021_DT-5p09020934642e-06_H-1d842653b1,new-data,False,233.11801175,0.947725383123,6.63357513021e-05,310.062780041,1.656107842329017,P-243p042265843_VX-0p642372627708_LS-5p19118052277e-05_ST-314p809567363_M-TI64_XI-0p0002_XF-0p0014_XL-0p0012_TE-0p0021_DT-7p50984770355e-06_H-ac0fcec187,0.0,0.0,1.656107842329017,0.4828763699536914,0.7742496802076115,P-218p521967876_VX-0p920050491887_LS-7p11545742791e-05_ST-300p883630406_M-TI64_XI-0p0002_XF-0p0014_XL-0p0012_TE-0p0021_DT-5p24332158458e-06_H-7931c20f4a,0.9207903978963045,0.7615561209389692,0.27544099983145603,0.3610163973928977,1.3900967798223167,0.7432285101743317,0.2561316490681272,0.15925118562203347,-1.2311652124621595,-0.7062861507518291,0.6370370370370371,False,False,False,0.6962962962962963,False,False,False,0.5135802469135803,False,False,False,False,False
P-233p918914285_VX-0p55009860706_LS-6p76633993968e-05_ST-363p156889773_M-TI64_XI-0p0002_XF-0p0014_XL-0p0012_TE-0p0021_DT-8p76955611431e-06_H-9f078c62f6,new-data,False,233.918914285,0.55009860706,6.76633993968e-05,363.156889773,0.7598156979065657,P-243p936893462_VX-0p545516283598_LS-5p6904291389e-05_ST-360p082453969_M-TI64_XI-0p0002_XF-0p0014_XL-0p0012_TE-0p0021_DT-8p84322017154e-06_H-e0ed0fec98,0.2,0.1,0.7598156979065657,0.5920681449623839,0.5620421472706524,P-235p890696826_VX-0p62852965691_LS-7p09715556056e-05_ST-349p581827429_M-TI64_XI-0p0002_XF-0p0014_XL-0p0012_TE-0p0021_DT-7p6752473809e-06_H-765072ed36,0.424416339096251,0.5603339616612092,0.28376321098485446,0.3683036454093102,-0.31226881569655507,-0.2041608280142268,0.34819508673213195,0.20992517507723485,0.44993661821010483,0.24947178131544842,0.10617283950617284,False,True,True,0.1037037037037037,False,True,True,0.08888888888888889,True,True,True,True,True
P-236p369825033_VX-0p606859942193_LS-6p45901770765e-05_ST-328p218563755_M-TI64_XI-0p0002_XF-0p0014_XL-0p0012_TE-0p0021_DT-7p94931460723e-06_H-0e4c2fc094,new-data,False,236.369825033,0.606859942193,6.45901770765e-05,328.218563755,0.6563252835821385,P-228p959503311_VX-0p480404321045_LS-6p0796636822e-05_ST-336p115873803_M-TI64_XI-0p0002_XF-0p0014_XL-0p0012_TE-0p0021_DT-1p00417926977e-05_H-ba17ade68b,0.2,0.1,0.6563252835821385,0.43855074818882495,0.5994516863434589,P-203p030488295_VX-0p654564663741_LS-6p39602473907e-05_ST-333p568221635_M-TI64_XI-0p0002_XF-0p0014_XL-0p0012_TE-0p0021_DT-7p36996796534e-06_H-0e4c2fc094,0.36945790325530553,0.5241843617044217,0.30923072528481804,0.390603979977195,-0.06925564378977704,-0.06892073111031083,0.13508785399324996,0.09262569182255428,-0.6563044342523399,-0.3794601735362254,0.07654320987654321,True,True,True,0.10617283950617284,False,True,True,0.13333333333333333,False,True,True,True,True
P-238p364831187_VX-0p683428278389_LS-5p30391716287e-05_ST-377p396343519_M-TI64_XI-0p0002_XF-0p0014_XL-0p0012_TE-0p0021_DT-7p05870792234e-06_H-1d842653b1,new-data,False,238.364831187,0.683428278389,5.30391716287e-05,377.396343519,0.8085444912890991,P-223p161294482_VX-0p578452940205_LS-4p86833733719e-05_ST-359p100984903_M-TI64_XI-0p0002_XF-0p0014_XL-0p0012_TE-0p0021_DT-8p33969415266e-06_H-1e85da8953,0.0,0.2,0.8085444912890991,0.4715338752548838,0.6316367125803761,P-207p432942583_VX-0p674802143379_LS-5p74396795379e-05_ST-382p34582068_M-TI64_XI-0p0002_XF-0p0014_XL-0p0012_TE-0p0021_DT-7p14894084192e-06_H-676863bc48,0.4666881650437954,0.5827968433370727,0.32996091621362683,0.40875613208452594,0.2585575445895199,0.11351171489637925,-0.6658964386407181,-0.3482558419177971,0.9007958920731376,0.5057991015161329,0.14074074074074075,False,True,True,0.7160493827160493,False,False,False,0.1728395061728395,False,True,True,True,True
P-240p986949999_VX-0p621810109213_LS-6p5255993688e-05_ST-389p31118835_M-TI64_XI-0p0002_XF-0p0014_XL-0p0012_TE-0p0021_DT-7p75818940789e-06_H-377b770359,new-data,False,240.986949999,0.621810109213,6.5255993688e-05,389.31118835,1.139958209326067,P-243p936893462_VX-0p545516283598_LS-5p6904291389e-05_ST-360p082453969_M-TI64_XI-0p0002_XF-0p0014_XL-0p0012_TE-0p0021_DT-8p84322017154e-06_H-e0ed0fec98,0.0,0.0,1.139958209326067,0.47858951671949934,0.7043092959088771,P-251p6022239_VX-0p703685008905_LS-6p09329521029e-05_ST-391p344263507_M-TI64_XI-0p0002_XF-0p0014_XL-0p0012_TE-0p0021_DT-6p85551140349e-06_H-0e4c2fc094,0.6420392215024653,0.6996730967494287,0.35720746054222235,0.4326142537366752,-0.005249265159791551,-0.03330032098822667,0.18125774370513184,0.11803873921435794,1.278051816669569,0.7202806610348836,0.2938271604938272,False,False,True,0.7234567901234568,False,False,False,0.29876543209876544,False,False,True,False,True
P-241p526098173_VX-0p390351171714_LS-7p60309896784e-05_ST-322p459160533_M-TI64_XI-0p0002_XF-0p0014_XL-0p0012_TE-0p0021_DT-1p23584119956e-05_H-0e4c2fc094,new-data,False,241.526098173,0.390351171714,7.60309896784e-05,322.459160533,1.2118802271184341,P-228p959503311_VX-0p480404321045_LS-6p0796636822e-05_ST-336p115873803_M-TI64_XI-0p0002_XF-0p0014_XL-0p0012_TE-0p0021_DT-1p00417926977e-05_H-ba17ade68b,0.0,0.0,1.2118802271184341,0.49318652338248503,0.7107523660070227,P-240p150803131_VX-0p464417169926_LS-7p86781365033e-05_ST-312p042470117_M-TI64_XI-0p0002_XF-0p0014_XL-0p0012_TE-0p0021_DT-1p03874725471e-05_H-0744488b5e,0.6764997862476531,0.7095733048506456,0.3628097713739608,0.4375198524704013,-0.9961979529594798,-0.5847765867119954,0.9284310162403082,0.5293013587119931,-0.8386625781021178,-0.4831363692796998,0.345679012345679,False,False,False,0.725925925925926,False,False,False,0.3135802469135803,False,False,False,False,False
P-242p307622127_VX-0p748861384084_LS-6p09484851001e-05_ST-306p16946129_M-TI64_XI-0p0002_XF-0p0014_XL-0p0012_TE-0p0021_DT-6p44194066558e-06_H-1d842653b1,new-data,False,242.307622127,0.748861384084,6.09484851001e-05,306.16946129,0.8218409595547858,P-243p042265843_VX-0p642372627708_LS-5p19118052277e-05_ST-314p809567363_M-TI64_XI-0p0002_XF-0p0014_XL-0p0012_TE-0p0021_DT-7p50984770355e-06_H-ac0fcec187,0.2,0.1,0.8218409595547858,0.3965374635679022,0.6745366989087168,P-210p302841339_VX-0p779412575788_LS-5p86430912284e-05_ST-304p177226769_M-TI64_XI-0p0002_XF-0p0014_XL-0p0012_TE-0p0021_DT-6p18943131388e-06_H-c15424829d,0.45560417617850135,0.5992550193052433,0.3709306188958465,0.44463077875004564,0.5386973003826993,0.2694132548122583,-0.11743891390496024,-0.04637127698858564,-1.3544381199981153,-0.7763705781415551,0.145679012345679,False,True,True,0.1111111111111111,False,True,True,0.23950617283950618,False,False,True,True,True
P-243p042265843_VX-0p642372627708_LS-5p19118052277e-05_ST-314p809567363_M-TI64_XI-0p0002_XF-0p0014_XL-0p0012_TE-0p0021_DT-7p50984770355e-06_H-ac0fcec187,new-data,True,243.042265843,0.642372627708,5.19118052277e-05,314.809567363,0.4040986836694981,P-246p298220115_VX-0p718479932945_LS-4p8795144948e-05_ST-311p768373355_M-TI64_XI-0p0002_XF-0p0014_XL-0p0012_TE-0p0021_DT-6p71434285331e-06_H-0b12abf205,0.6,0.7,0.4040986836694981,0.6797940590265029,0.3728216526889649,P-211p816522505_VX-0p520710876808_LS-4p80782604054e-05_ST-318p660442183_M-TI64_XI-0p0002_XF-0p0014_XL-0p0012_TE-0p0021_DT-9p26448979247e-06_H-5a4acb0e81,0.2256270701958794,0.3405073476010187,0.3785643319381821,0.4513151513525007,0.08278535964515954,0.01569213113321078,-0.7440716921565298,-0.3912854318704955,-1.0808692022812674,-0.6208382610002556,0.019753086419753086,True,True,True,0.04691358024691358,True,True,True,0.01728395061728395,True,True,True,True,True
P-250p363893775_VX-0p962117015407_LS-8p16921850603e-05_ST-395p976068127_M-TI64_XI-0p0002_XF-0p0014_XL-0p0012_TE-0p0021_DT-5p01406848207e-06_H-0f2c16c7e5,new-data,False,250.363893775,0.962117015407,8.16921850603e-05,395.976068127,2.7261356813413204,P-243p936893462_VX-0p545516283598_LS-5p6904291389e-05_ST-360p082453969_M-TI64_XI-0p0002_XF-0p0014_XL-0p0012_TE-0p0021_DT-8p84322017154e-06_H-e0ed0fec98,0.0,0.0,2.7261356813413204,0.6799907508822172,0.8003624456070718,P-218p623352015_VX-0p878480487228_LS-8p13012329394e-05_ST-381p006435488_M-TI64_XI-0p0002_XF-0p0014_XL-0p0012_TE-0p0021_DT-5p49143740032e-06_H-90ad187ad0,1.5169952447056179,0.774110975743387,0.45464366865388295,0.5179331432962733,1.4517118951478463,0.7775181501226022,1.3209967196265449,0.7453792156617739,1.4890797753429652,0.8402565255007552,0.9777777777777777,False,False,False,0.745679012345679,False,False,False,0.6148148148148148,False,False,False,False,False
P-250p760727959_VX-0p576945875618_LS-7p55521762294e-05_ST-375p926323236_M-TI64_XI-0p0002_XF-0p0014_XL-0p0012_TE-0p0021_DT-8p36147861851e-06_H-a88ac79600,new-data,False,250.760727959,0.576945875618,7.55521762294e-05,375.926323236,1.395319608880013,P-243p936893462_VX-0p545516283598_LS-5p6904291389e-05_ST-360p082453969_M-TI64_XI-0p0002_XF-0p0014_XL-0p0012_TE-0p0021_DT-8p84322017154e-06_H-e0ed0fec98,0.0,0.0,1.395319608880013,0.5300111484369632,0.7247168329791009,P-267p46239641_VX-0p483361678819_LS-7p67845272617e-05_ST-366p829607628_M-TI64_XI-0p0002_XF-0p0014_XL-0p0012_TE-0p0021_DT-9p98035387249e-06_H-1d842653b1,0.7729195420226745,0.7077755518448889,0.4587671889672935,0.521543856203055,-0.19732719436179502,-0.14019427062297043,0.8952285341287667,0.5110258926735943,0.8542511095850094,0.47933696564326617,0.4962962962962963,False,False,False,0.7481481481481481,False,False,False,0.3506172839506173,False,False,False,False,False
P-251p6022239_VX-0p703685008905_LS-6p09329521029e-05_ST-391p344263507_M-TI64_XI-0p0002_XF-0p0014_XL-0p0012_TE-0p0021_DT-6p85551140349e-06_H-0e4c2fc094,new-data,False,251.6022239,0.703685008905,6.09329521029e-05,391.344263507,1.2339832658278485,P-243p936893462_VX-0p545516283598_LS-5p6904291389e-05_ST-360p082453969_M-TI64_XI-0p0002_XF-0p0014_XL-0p0012_TE-0p0021_DT-8p84322017154e-06_H-e0ed0fec98,0.0,0.0,1.2339832658278485,0.4513874311213569,0.7321732056108241,P-234p126702838_VX-0p687075747958_LS-6p17120592739e-05_ST-378p601004081_M-TI64_XI-0p0002_XF-0p0014_XL-0p0012_TE-0p0021_DT-7p02123545672e-06_H-9aef4c9512,0.6980083441479762,0.7169379826382162,0.46751120787057954,0.5292004553008108,0.3452829946449052,0.16177559367092276,-0.11851602245892602,-0.04696414413422678,1.3424244257137516,0.7568784628927521,0.36790123456790125,False,False,False,0.7506172839506173,False,False,False,0.37037037037037035,False,False,False,False,False
P-252p710023356_VX-0p579349155213_LS-8p35702038612e-05_ST-362p250166341_M-TI64_XI-0p0002_XF-0p0014_XL-0p0012_TE-0p0021_DT-8p32679319476e-06_H-1d842653b1,new-data,False,252.710023356,0.579349155213,8.35702038612e-05,362.250166341,1.6118864217408795,P-341p923576441_VX-0p300981342968_LS-7p54559898543e-05_ST-360p882535069_M-TI64_XI-0p0002_XF-0p0014_XL-0p0012_TE-0p0021_DT-1p60279722173e-05_H-1d842653b1,0.0,0.0,1.6118864217408795,0.6173344449315252,0.7230716551415425,P-198p376734591_VX-0p636800402216_LS-8p40585875992e-05_ST-361p411435367_M-TI64_XI-0p0002_XF-0p0014_XL-0p0012_TE-0p0021_DT-7p5755614887e-06_H-1605f46060,1.0248371036336614,0.7296450615779341,0.47902239754168185,0.5392800955011239,-0.18703799668891932,-0.1344681938040684,1.4512246523887689,0.8170598856325171,0.42122732391846507,0.23314966730507006,0.6148148148148148,False,False,False,0.7530864197530864,False,False,False,0.3432098765432099,False,False,False,False,False
P-255p411547814_VX-0p885409904065_LS-6p83114026847e-05_ST-348p701073765_M-TI64_XI-0p0002_XF-0p0014_XL-0p0012_TE-0p0021_DT-5p44846017745e-06_H-89021150a8,new-data,False,255.411547814,0.885409904065,6.83114026847e-05,348.701073765,1.6992214229604674,P-243p936893462_VX-0p545516283598_LS-5p6904291389e-05_ST-360p082453969_M-TI64_XI-0p0002_XF-0p0014_XL-0p0012_TE-0p0021_DT-8p84322017154e-06_H-e0ed0fec98,0.0,0.0,1.6992214229604674,0.4243138587064481,0.8001851618055653,P-229p433825146_VX-0p876957934743_LS-6p77377719261e-05_ST-358p900225798_M-TI64_XI-0p0002_XF-0p0014_XL-0p0012_TE-0p00125_DT-7p34693508648e-06_H-bf889bf790,0.9477712588585362,0.7620736134155356,0.5070940492009515,0.5638607128515861,1.1233045666143004,0.5947550571332623,0.39312974263967704,0.23465831928093345,-0.0077732648179085475,-0.010750320230102509,0.671604938271605,False,False,False,0.7555555555555555,False,False,False,0.6123456790123457,False,False,False,False,False
P-255p66284442_VX-0p61175678634_LS-8p38548151022e-05_ST-392p782565278_M-TI64_XI-0p0002_XF-0p0014_XL-0p0012_TE-0p0021_DT-7p88568383831e-06_H-1d842653b1,new-data,False,255.66284442,0.61175678634,8.38548151022e-05,392.782565278,1.98320467390322,P-341p923576441_VX-0p300981342968_LS-7p54559898543e-05_ST-360p882535069_M-TI64_XI-0p0002_XF-0p0014_XL-0p0012_TE-0p0021_DT-1p60279722173e-05_H-1d842653b1,0.0,0.0,1.98320467390322,0.6005130895955098,0.7675779072779498,P-228p027925635_VX-0p505215249994_LS-8p46696228038e-05_ST-384p613421136_M-TI64_XI-0p0002_XF-0p0014_XL-0p0012_TE-0p0021_DT-9p54864407413e-06_H-8eb307dfff,1.2003831842367363,0.7559039175063371,0.5097052825606566,0.5661472091649044,-0.04829071007729001,-0.05725346367532353,1.4709605216668389,0.8279229954300906,1.3879649150918034,0.7827696273416617,0.8074074074074075,False,False,False,0.7580246913580246,False,False,False,0.4765432098765432,False,False,False,False,False
P-256p84590034_VX-0p686841697171_LS-8p87652204691e-05_ST-323p817390946_M-TI64_XI-0p0002_XF-0p0014_XL-0p0012_TE-0p0021_DT-7p0236280396e-06_H-27614c4053,new-data,False,256.84590034,0.686841697171,8.87652204691e-05,323.817390946,1.7890376636974938,P-375p190327887_VX-0p471971299611_LS-7p58652830639e-05_ST-330p289975384_M-TI64_XI-0p0002_XF-0p0014_XL-0p0012_TE-0p0021_DT-1p02212160082e-05_H-1553ff852f,0.0,0.0,1.7890376636974938,0.5748003587666876,0.7568359789020199,P-222p079289377_VX-0p741891960581_LS-8p7279944479e-05_ST-335p366959171_M-TI64_XI-0p0002_XF-0p0014_XL-0p0012_TE-0p0021_DT-6p50245704137e-06_H-0f2c16c7e5,1.2226608508226298,0.773081735188342,0.5219984652417653,0.5769115925069113,0.27317146660732183,0.12164455894893113,1.811464003127974,1.0153445198358344,-0.7956573625462972,-0.4586865857283358,0.7234567901234568,False,False,False,0.7604938271604939,False,False,False,0.45185185185185184,False,False,False,False,False
P-258p098094226_VX-0p965907163653_LS-4p72561688305e-05_ST-378p378118453_M-TI64_XI-0p0002_XF-0p0014_XL-0p0012_TE-0p0021_DT-4p99439364832e-06_H-985b11a49e,new-data,False,258.098094226,0.965907163653,4.72561688305e-05,378.378118453,1.371744227338487,P-353p971838789_VX-0p831374608218_LS-4p0859447809e-05_ST-397p346534493_M-TI64_XI-0p0002_XF-0p0014_XL-0p0012_TE-0p0021_DT-5p80258352291e-06_H-eac21b41c2,0.0,0.0,1.371744227338487,0.3311230358730287,0.8055497084085412,P-237p061390501_VX-0p937687434899_LS-4p7428723532e-05_ST-371p522412287_M-TI64_XI-0p0002_XF-0p0014_XL-0p0012_TE-0p0021_DT-5p14470006046e-06_H-6445dc47a6,1.0197623895723873,0.8110629777311201,0.5350100633687288,0.5883050480313307,1.4679387147795409,0.7865485933788822,-1.066908664507057,-0.5689828734145019,0.9318815180905332,0.5234722329691645,0.48148148148148145,False,False,False,0.762962962962963,False,False,False,0.6444444444444445,False,False,False,False,False
P-260p125654688_VX-0p378472963537_LS-6p21275317791e-05_ST-359p026868384_M-TI64_XI-0p0002_XF-0p0014_XL-0p0012_TE-0p0021_DT-1p27462753427e-05_H-0602c4a780,new-data,False,260.125654688,0.378472963537,6.21275317791e-05,359.026868384,0.7647688655124604,P-293p648784497_VX-0p426690912013_LS-5p33940457289e-05_ST-351p677261216_M-TI64_XI-0p0002_XF-0p0014_XL-0p0012_TE-0p0021_DT-1p13058902058e-05_H-5799d46da7,0.2,0.2,0.7647688655124604,0.6647301925421939,0.5349908145817196,P-229p384485496_VX-0p374546448601_LS-5p61892687884e-05_ST-346p005476369_M-TI64_XI-0p0002_XF-0p0014_XL-0p0012_TE-0p0021_DT-1p28798994652e-05_H-f404b6f8f4,0.4692613373027203,0.5220058870622778,0.5560785274497495,0.6067534051149622,-1.0470523072289517,-0.6130777184795678,-0.03567998179908791,-0.0013691418464893356,0.31916907068347383,0.1751264213109432,0.1111111111111111,False,True,True,0.11604938271604938,False,True,True,0.06419753086419754,True,True,True,True,True
P-261p886347681_VX-0p412060740992_LS-8p23359668267e-05_ST-378p690023731_M-TI64_XI-0p0002_XF-0p0014_XL-0p0012_TE-0p0021_DT-1p17073045867e-05_H-0e4c2fc094,new-data,False,261.886347681,0.412060740992,8.23359668267e-05,378.690023731,1.2096904242686737,P-341p923576441_VX-0p300981342968_LS-7p54559898543e-05_ST-360p882535069_M-TI64_XI-0p0002_XF-0p0014_XL-0p0012_TE-0p0021_DT-1p60279722173e-05_H-1d842653b1,0.0,0.0,1.2096904242686737,0.5866879666577661,0.6734051302213696,P-228p027925635_VX-0p505215249994_LS-8p46696228038e-05_ST-384p613421136_M-TI64_XI-0p0002_XF-0p0014_XL-0p0012_TE-0p0021_DT-9p54864407413e-06_H-8eb307dfff,0.8786890725931882,0.7156318187755502,0.5743739606937647,0.6227735897941763,-0.9032524421004597,-0.5330511604862113,1.3656386415008666,0.7699512318249698,0.9417572752411628,0.5290869036926565,0.33827160493827163,False,False,False,0.7654320987654321,False,False,False,0.23703703703703705,False,False,True,False,False
P-263p723264659_VX-0p501861307944_LS-7p03164616445e-05_ST-399p080626763_M-TI64_XI-0p0002_XF-0p0014_XL-0p0012_TE-0p0021_DT-9p61245771821e-06_H-1d842653b1,new-data,False,263.723264659,0.501861307944,7.03164616445e-05,399.080626763,1.2975550795627302,P-326p931045044_VX-0p255856443683_LS-6p48737236991e-05_ST-399p817710522_M-TI64_XI-0p0002_XF-0p0014_XL-0p0012_TE-0p0021_DT-1p88547942494e-05_H-9cf0389d20,0.0,0.0,1.2975550795627302,0.7180934150220705,0.6437407529381808,P-207p687789994_VX-0p40901295179_LS-7p09627718894e-05_ST-395p011679_M-TI64_XI-0p0002_XF-0p0014_XL-0p0012_TE-0p0021_DT-1p17945424024e-05_H-d9444347fb,0.8089328770861405,0.6482265613585158,0.5934614404982558,0.6394873208903635,-0.5187879018830966,-0.31909147563809354,0.5321670532757549,0.31118788836747724,1.587378423399275,0.8961423206841068,0.4148148148148148,False,False,False,0.7679012345679013,False,False,False,0.18518518518518517,False,True,True,False,False
P-264p370573209_VX-0p395776293281_LS-4p78236029631e-05_ST-378p311267492_M-TI64_XI-0p0002_XF-0p0014_XL-0p0012_TE-0p0021_DT-1p21890085003e-05_H-985b11a49e,new-data,True,264.370573209,0.395776293281,4.78236029631e-05,378.311267492,1.0486875556032726,P-199p601335125_VX-0p449852506485_LS-5p7030843283e-05_ST-364p706449651_M-TI64_XI-0p0002_XF-0p0014_XL-0p0012_TE-0p0021_DT-1p07237828699e-05_H-1d842653b1,0.0,0.1,1.0486875556032726,0.667420138641017,0.611084933142891,P-270p660461155_VX-0p506275452772_LS-4p55363433165e-05_ST-392p157982605_M-TI64_XI-0p0002_XF-0p0014_XL-0p0012_TE-0p0021_DT-9p52864804446e-06_H-b5aba20bdc,0.6494359215613348,0.6325368725991026,0.6001876502417423,0.6453770487172261,-0.9729712970521197,-0.5718506404720514,-1.0275609359157292,-0.5473249119662227,0.9297648374740474,0.522268835142841,0.2617283950617284,False,False,True,0.7703703703703704,False,False,False,0.14320987654320988,False,True,True,False,True
P-265p432977562_VX-0p293015283246_LS-7p41925746724e-05_ST-326p902943993_M-TI64_XI-0p0002_XF-0p0014_XL-0p0012_TE-0p0021_DT-1p64637166689e-05_H-1d842653b1,new-data,False,265.432977562,0.293015283246,7.41925746724e-05,326.902943993,1.3172925070389634,P-228p959503311_VX-0p480404321045_LS-6p0796636822e-05_ST-336p115873803_M-TI64_XI-0p0002_XF-0p0014_XL-0p0012_TE-0p0021_DT-1p00417926977e-05_H-ba17ade68b,0.0,0.0,1.3172925070389634,0.5209799362961045,0.7165926420836066,P-241p526098173_VX-0p390351171714_LS-7p60309896784e-05_ST-322p459160533_M-TI64_XI-0p0002_XF-0p0014_XL-0p0012_TE-0p0021_DT-1p23584119956e-05_H-0e4c2fc094,0.7735665475945531,0.6976219790338344,0.61122713753211,0.6550436481793285,-1.412923580387879,-0.8166900002671311,0.8009493394457533,0.4591322958404204,-0.6979604823814186,-0.40314291404101815,0.4246913580246914,False,False,False,0.7728395061728395,False,False,False,0.3234567901234568,False,False,False,False,False
P-267p46239641_VX-0p483361678819_LS-7p67845272617e-05_ST-366p829607628_M-TI64_XI-0p0002_XF-0p0014_XL-0p0012_TE-0p0021_DT-9p98035387249e-06_H-1d842653b1,new-data,False,267.46239641,0.483361678819,7.67845272617e-05,366.829607628,1.1190588891528876,P-341p923576441_VX-0p300981342968_LS-7p54559898543e-05_ST-360p882535069_M-TI64_XI-0p0002_XF-0p0014_XL-0p0012_TE-0p0021_DT-1p60279722173e-05_H-1d842653b1,0.0,0.0,1.1190588891528876,0.5300111484369632,0.6785999767410817,P-250p760727959_VX-0p576945875618_LS-7p55521762294e-05_ST-375p926323236_M-TI64_XI-0p0002_XF-0p0014_XL-0p0012_TE-0p0021_DT-8p36147861851e-06_H-a88ac79600,0.8113378953383774,0.7177067248562813,0.6323149121784248,0.6735089143362871,-0.5979906468895574,-0.3631688679279192,0.980683763489044,0.5580625610988882,0.5662247100671578,0.31558512684247153,0.28641975308641976,False,False,True,0.7753086419753087,False,False,False,0.2419753086419753,False,False,True,False,True
P-267p660345133_VX-0p739236683111_LS-7p20061497304e-05_ST-322p433694738_M-TI64_XI-0p0002_XF-0p0014_XL-0p0012_TE-0p0021_DT-6p52581333317e-06_H-0e4c2fc094,new-data,False,267.660345133,0.739236683111,7.20061497304e-05,322.433694738,1.4770157183333525,P-228p959503311_VX-0p480404321045_LS-6p0796636822e-05_ST-336p115873803_M-TI64_XI-0p0002_XF-0p0014_XL-0p0012_TE-0p0021_DT-1p00417926977e-05_H-ba17ade68b,0.0,0.0,1.4770157183333525,0.6362802103205834,0.6989157071220679,P-310p791038761_VX-0p793031296086_LS-6p97064070297e-05_ST-311p244290057_M-TI64_XI-0p0002_XF-0p0014_XL-0p0012_TE-0p0021_DT-6p08314025792e-06_H-9f078c62f6,0.8429173009190417,0.6826530484358914,0.6343718054936043,0.675310009196142,0.4974909209587032,0.24648135074041433,0.6493355216288217,0.37568030664404156,-0.8394688934318242,-0.4835947842656654,0.528395061728395,False,False,False,0.7777777777777778,False,False,False,0.28888888888888886,False,False,True,False,False
P-270p660461155_VX-0p506275452772_LS-4p55363433165e-05_ST-392p157982605_M-TI64_XI-0p0002_XF-0p0014_XL-0p0012_TE-0p0021_DT-9p52864804446e-06_H-b5aba20bdc,new-data,True,270.660461155,0.506275452772,4.55363433165e-05,392.157982605,1.0848949869378746,P-238p364831187_VX-0p683428278389_LS-5p30391716287e-05_ST-377p396343519_M-TI64_XI-0p0002_XF-0p0014_XL-0p0012_TE-0p0021_DT-7p05870792234e-06_H-1d842653b1,0.2,0.1,1.0848949869378746,0.667420138641017,0.6191209395510243,P-264p370573209_VX-0p395776293281_LS-4p78236029631e-05_ST-378p311267492_M-TI64_XI-0p0002_XF-0p0014_XL-0p0012_TE-0p0021_DT-1p21890085003e-05_H-985b11a49e,0.6458512320247561,0.6312494124072466,0.6655461343646913,0.7026074499893924,-0.49988955614484515,-0.3085742921911598,-1.1861669601602296,-0.634625584242114,1.368188953496695,0.7715263868585884,0.2765432098765432,False,False,True,0.11851851851851852,False,True,True,0.1580246913580247,False,True,True,True,True
P-273p06384474_VX-0p951903552318_LS-4p77154604482e-05_ST-314p535783501_M-TI64_XI-0p0002_XF-0p0014_XL-0p0012_TE-0p0021_DT-5p06786700319e-06_H-b5afaa2141,new-data,False,273.06384474,0.951903552318,4.77154604482e-05,314.535783501,1.0167845891845466,P-355p313197397_VX-0p977425276438_LS-4p00293473664e-05_ST-317p253821106_M-TI64_XI-0p0002_XF-0p0014_XL-0p0012_TE-0p0021_DT-4p9355390323e-06_H-4dbd940f3b,0.2,0.2,1.0167845891845466,0.7256758326899393,0.58353382172705,P-248p695097131_VX-0p887957223036_LS-5p04400481913e-05_ST-333p269518536_M-TI64_XI-0p0002_XF-0p0014_XL-0p0012_TE-0p00125_DT-7p25592725977e-06_H-bf889bf790,0.8026130644683322,0.6439639861655628,0.6905197919608448,0.7244753446421035,1.4079848394752654,0.7531834558338857,-1.035059889681467,-0.5514525212940091,-1.0895379332184632,-0.6257667003148857,0.24691358024691357,False,False,True,0.12098765432098765,False,True,True,0.1111111111111111,False,True,True,True,True
P-273p444240295_VX-0p704920639812_LS-6p35261824567e-05_ST-347p093922324_M-TI64_XI-0p0002_XF-0p0014_XL-0p0012_TE-0p0021_DT-6p84349461565e-06_H-1d842653b1,new-data,False,273.444240295,0.704920639812,6.35261824567e-05,347.093922324,0.9694021158221987,P-243p936893462_VX-0p545516283598_LS-5p6904291389e-05_ST-360p082453969_M-TI64_XI-0p0002_XF-0p0014_XL-0p0012_TE-0p0021_DT-8p84322017154e-06_H-e0ed0fec98,0.0,0.0,0.9694021158221987,0.43370744235819436,0.6908955257060303,P-238p568860016_VX-0p692328357435_LS-6p05159821767e-05_ST-343p889085336_M-TI64_XI-0p0002_XF-0p0014_XL-0p0012_TE-0p0021_DT-6p96796621315e-06_H-eb41f0639c,0.5786849171735601,0.6273850998395827,0.6944724978047889,0.7279364858328051,0.35057312013812253,0.16471961962113355,0.06130700593130325,0.05201489114474406,-0.058659987342691136,-0.039680982134455145,0.22962962962962963,False,False,True,0.7802469135802469,False,False,False,0.26666666666666666,False,False,True,False,True
P-277p972333632_VX-0p331196372511_LS-4p5620211888e-05_ST-324p411035281_M-TI64_XI-0p0002_XF-0p0014_XL-0p0012_TE-0p0021_DT-1p4565741063e-05_H-0e4c2fc094,new-data,True,277.972333632,0.331196372511,4.5620211888e-05,324.411035281,0.8337675629582765,P-205p507001181_VX-0p303336340291_LS-4p80706805647e-05_ST-333p622908766_M-TI64_XI-0p0002_XF-0p0014_XL-0p0012_TE-0p0021_DT-1p59035366431e-05_H-89a38ff0e6,0.2,0.2,0.8337675629582765,0.9702904351719063,0.4621622829323866,P-227p095146149_VX-0p485569900572_LS-4p61845747353e-05_ST-309p475761642_M-TI64_XI-0p0002_XF-0p0014_XL-0p0012_TE-0p0021_DT-9p93496630935e-06_H-c5f6eebf67,0.6894858476453224,0.5212400096209298,0.7415241017465974,0.7691366790475561,-1.2494582991818857,-0.7257193738716002,-1.180351240591857,-0.6314244685814357,-0.7768609916611994,-0.4480002725974253,0.15555555555555556,False,True,True,0.12345679012345678,False,True,True,0.03950617283950617,True,True,True,True,True
P-279p19481345_VX-0p961152667742_LS-7p84955743249e-05_ST-372p579911887_M-TI64_XI-0p0002_XF-0p0014_XL-0p0012_TE-0p0021_DT-5p01909921797e-06_H-6ea4fcc339,new-data,False,279.19481345,0.961152667742,7.84955743249e-05,372.579911887,2.3872489145162405,P-243p936893462_VX-0p545516283598_LS-5p6904291389e-05_ST-360p082453969_M-TI64_XI-0p0002_XF-0p0014_XL-0p0012_TE-0p0021_DT-8p84322017154e-06_H-e0ed0fec98,0.0,0.0,2.3872489145162405,0.3355929171519627,0.8767490225657525,P-307p26373251_VX-0p980958450675_LS-7p64412572662e-05_ST-372p845922747_M-TI64_XI-0p0002_XF-0p0014_XL-0p0012_TE-0p0021_DT-4p91776241868e-06_H-0e4c2fc094,1.3466113522343914,0.8322957867635555,0.754226939771906,0.7802597723573118,1.4475832187461473,0.7752204862047596,1.0993333328078525,0.6233702139205062,0.7482947563589616,0.41909753029138114,0.9185185185185185,False,False,False,0.782716049382716,False,False,False,0.9037037037037037,False,False,False,False,False
P-282p804328276_VX-0p543976889672_LS-5p22197252327e-05_ST-303p777238342_M-TI64_XI-0p0002_XF-0p0014_XL-0p0012_TE-0p0021_DT-8p8682454983e-06_H-cfd320609e,new-data,True,282.804328276,0.543976889672,5.22197252327e-05,303.777238342,0.9069016519994644,P-246p298220115_VX-0p718479932945_LS-4p8795144948e-05_ST-311p768373355_M-TI64_XI-0p0002_XF-0p0014_XL-0p0012_TE-0p0021_DT-6p71434285331e-06_H-0b12abf205,0.2,0.4,0.9069016519994644,0.6860371973796168,0.5693260933104681,P-243p042265843_VX-0p642372627708_LS-5p19118052277e-05_ST-314p809567363_M-TI64_XI-0p0002_XF-0p0014_XL-0p0012_TE-0p0021_DT-7p50984770355e-06_H-ac0fcec187,0.5665476008562284,0.5440554545256304,0.7917335566579339,0.8131020079683896,-0.3384778179423439,-0.2187464900821049,-0.722719517360374,-0.37953266760358984,-1.430182310786105,-0.8194334728650048,0.19753086419753085,False,True,True,0.1259259259259259,False,True,True,0.10123456790123457,True,True,True,True,True
P-287p102038097_VX-0p362628106341_LS-6p67475186474e-05_ST-334p763632341_M-TI64_XI-0p0002_XF-0p0014_XL-0p0012_TE-0p0021_DT-1p33032175903e-05_H-c5f6eebf67,new-data,False,287.102038097,0.362628106341,6.67475186474e-05,334.763632341,0.8895966671977691,P-228p959503311_VX-0p480404321045_LS-6p0796636822e-05_ST-336p115873803_M-TI64_XI-0p0002_XF-0p0014_XL-0p0012_TE-0p0021_DT-1p00417926977e-05_H-ba17ade68b,0.2,0.2,0.8895966671977691,0.6085417336890584,0.5938013915611333,P-233p106311211_VX-0p310101846937_LS-6p6327379673e-05_ST-336p786172861_M-TI64_XI-0p0002_XF-0p0014_XL-0p0012_TE-0p0021_DT-1p55565684328e-05_H-add9572a86,0.6158878224448536,0.6010223357278254,0.8363912360176277,0.8522059887894748,-1.1148891365880145,-0.6508298259237412,0.2846849362512537,0.17496761996711774,-0.4490700190349273,-0.26164105483229766,0.18765432098765433,False,True,True,0.12839506172839507,False,True,True,0.12839506172839507,False,True,True,True,True
P-292p980726174_VX-0p558994342483_LS-6p4603431573e-05_ST-342p453415035_M-TI64_XI-0p0002_XF-0p0014_XL-0p0012_TE-0p0021_DT-8p62999897564e-06_H-0e4c2fc094,new-data,False,292.980726174,0.558994342483,6.4603431573e-05,342.453415035,0.8159129112547633,P-228p959503311_VX-0p480404321045_LS-6p0796636822e-05_ST-336p115873803_M-TI64_XI-0p0002_XF-0p0014_XL-0p0012_TE-0p0021_DT-1p00417926977e-05_H-ba17ade68b,0.2,0.2,0.8159129112547633,0.6772741243870964,0.5464237846828317,P-273p444240295_VX-0p704920639812_LS-6p35261824567e-05_ST-347p093922324_M-TI64_XI-0p0002_XF-0p0014_XL-0p0012_TE-0p0021_DT-6p84349461565e-06_H-1d842653b1,0.5567978830522382,0.5810660505186165,0.8974769254039887,0.9056949667313735,-0.27418336762664386,-0.18296576419447758,0.13600696389682015,0.09313159260948414,-0.20559088679958784,-0.12321570326764864,0.14320987654320988,False,True,True,0.1308641975308642,False,True,True,0.0691358024691358,True,True,True,True,True
P-293p577290228_VX-0p952339824621_LS-7p01980103413e-05_ST-347p682708595_M-TI64_XI-0p0002_XF-0p0014_XL-0p0012_TE-0p0021_DT-5p06554538443e-06_H-1d842653b1,new-data,False,293.577290228,0.952339824621,7.01980103413e-05,347.682708595,2.0745204772824186,P-243p936893462_VX-0p545516283598_LS-5p6904291389e-05_ST-360p082453969_M-TI64_XI-0p0002_XF-0p0014_XL-0p0012_TE-0p0021_DT-8p84322017154e-06_H-e0ed0fec98,0.0,0.0,2.0745204772824186,0.5074853784108436,0.8034530489960546,P-255p411547814_VX-0p885409904065_LS-6p83114026847e-05_ST-348p701073765_M-TI64_XI-0p0002_XF-0p0014_XL-0p0012_TE-0p0021_DT-5p44846017745e-06_H-89021150a8,1.2045019268958022,0.76530426035702,0.9036758470042497,0.9111229807895066,1.4098526587560962,0.7542229223720841,0.5239532545952865,0.30666681074662777,-0.04001743578567274,-0.029082120007543854,0.8395061728395061,False,False,False,0.7851851851851852,False,False,False,0.6345679012345679,False,False,False,False,False
P-293p648784497_VX-0p426690912013_LS-5p33940457289e-05_ST-351p677261216_M-TI64_XI-0p0002_XF-0p0014_XL-0p0012_TE-0p0021_DT-1p13058902058e-05_H-5799d46da7,new-data,True,293.648784497,0.426690912013,5.33940457289e-05,351.677261216,0.7520507368006173,P-229p384485496_VX-0p374546448601_LS-5p61892687884e-05_ST-346p005476369_M-TI64_XI-0p0002_XF-0p0014_XL-0p0012_TE-0p0021_DT-1p28798994652e-05_H-f404b6f8f4,0.4,0.4,0.7520507368006173,0.809760802070395,0.4815246385900393,P-243p936893462_VX-0p545516283598_LS-5p6904291389e-05_ST-360p082453969_M-TI64_XI-0p0002_XF-0p0014_XL-0p0012_TE-0p0021_DT-8p84322017154e-06_H-e0ed0fec98,0.4846196613739733,0.4592577224574584,0.9044187468914078,0.9117734924899787,-0.8406160672332865,-0.4981931758745951,-0.6412883141439064,-0.33471092253498247,0.08646080742766879,0.042824638987980605,0.10123456790123457,True,True,True,0.06666666666666667,True,True,True,0.04938271604938271,True,True,True,True,True
P-307p26373251_VX-0p980958450675_LS-7p64412572662e-05_ST-372p845922747_M-TI64_XI-0p0002_XF-0p0014_XL-0p0012_TE-0p0021_DT-4p91776241868e-06_H-0e4c2fc094,new-data,False,307.26373251,0.980958450675,7.64412572662e-05,372.845922747,2.430467860331299,P-243p936893462_VX-0p545516283598_LS-5p6904291389e-05_ST-360p082453969_M-TI64_XI-0p0002_XF-0p0014_XL-0p0012_TE-0p0021_DT-8p84322017154e-06_H-e0ed0fec98,0.0,0.0,2.430467860331299,0.3355929171519627,0.8786747854986374,P-279p19481345_VX-0p961152667742_LS-7p84955743249e-05_ST-372p579911887_M-TI64_XI-0p0002_XF-0p0014_XL-0p0012_TE-0p0021_DT-5p01909921797e-06_H-6ea4fcc339,1.420292692208352,0.8396003838355804,1.0458922311858823,1.0356531139988467,1.5323780200200734,0.8224099329794108,0.9568803053597429,0.5449605499547493,0.7567173732176293,0.4238860462066937,0.9333333333333333,False,False,False,0.7876543209876543,False,False,False,0.9061728395061729,False,False,False,False,False
P-307p533441342_VX-0p76958695679_LS-6p29715413405e-05_ST-358p843506265_M-TI64_XI-0p0002_XF-0p0014_XL-0p0012_TE-0p0021_DT-6p26845421489e-06_H-0602c4a780,new-data,False,307.533441342,0.76958695679,6.29715413405e-05,358.843506265,1.2391683093557402,P-243p936893462_VX-0p545516283598_LS-5p6904291389e-05_ST-360p082453969_M-TI64_XI-0p0002_XF-0p0014_XL-0p0012_TE-0p0021_DT-8p84322017154e-06_H-e0ed0fec98,0.0,0.0,1.2391683093557402,0.46827932222917107,0.7257430836725001,P-311p847977036_VX-0p831533579891_LS-6p59632228328e-05_ST-369p023839283_M-TI64_XI-0p0002_XF-0p0014_XL-0p0012_TE-0p0021_DT-5p80147419139e-06_H-0602c4a780,0.8209648816975708,0.7563422711524578,1.0486947867425835,1.0381071393828478,0.6274300116740764,0.3187942014475149,0.022846386712239108,0.030845216600759697,0.3133633345013842,0.17182568229187783,0.37530864197530867,False,False,False,0.7901234567901234,False,False,False,0.35555555555555557,False,False,False,False,False
P-308p624203673_VX-0p258745269308_LS-8p46230110859e-05_ST-352p536460601_M-TI64_XI-0p0002_XF-0p0014_XL-0p0012_TE-0p0021_DT-1p86442852305e-05_H-19ea1511f8,new-data,False,308.624203673,0.258745269308,8.46230110859e-05,352.536460601,0.7914133471407223,P-341p923576441_VX-0p300981342968_LS-7p54559898543e-05_ST-360p882535069_M-TI64_XI-0p0002_XF-0p0014_XL-0p0012_TE-0p0021_DT-1p60279722173e-05_H-1d842653b1,0.2,0.1,0.7914133471407223,1.173711378954344,0.40272932126468813,P-261p886347681_VX-0p412060740992_LS-8p23359668267e-05_ST-378p690023731_M-TI64_XI-0p0002_XF-0p0014_XL-0p0012_TE-0p0021_DT-1p17073045867e-05_H-0e4c2fc094,0.4969109034980642,0.4050955197881325,1.060028942947689,1.0480317622746422,-1.5596443150014856,-0.8983420613931414,1.5242297300824053,0.8572436831431538,0.11366536300505437,0.058291262905137184,0.13333333333333333,False,True,True,0.13333333333333333,False,True,True,0.02962962962962963,True,True,True,True,True
P-310p791038761_VX-0p793031296086_LS-6p97064070297e-05_ST-311p244290057_M-TI64_XI-0p0002_XF-0p0014_XL-0p0012_TE-0p0021_DT-6p08314025792e-06_H-9f078c62f6,new-data,False,310.791038761,0.793031296086,6.97064070297e-05,311.244290057,1.3397302864332008,P-339p704237738_VX-0p701398887747_LS-5p24684299583e-05_ST-300p218383071_M-TI64_XI-0p0002_XF-0p0014_XL-0p0012_TE-0p0021_DT-6p87785607775e-06_H-1d842653b1,0.0,0.0,1.3397302864332008,0.6044373450822654,0.6891022485488505,P-319p96920879_VX-0p866402209965_LS-6p35942162539e-05_ST-320p061265262_M-TI64_XI-0p0002_XF-0p0014_XL-0p0012_TE-0p0021_DT-5p56799203364e-06_H-560be51b32,0.7675659689938739,0.691602158041608,1.0825446153908138,1.067747350635117,0.7278026199333805,0.3746529072163295,0.4898638818062332,0.2879031781789258,-1.1937554383670472,-0.6850175472229456,0.4419753086419753,False,False,False,0.7925925925925926,False,False,False,0.25925925925925924,False,False,True,False,False
P-311p847977036_VX-0p831533579891_LS-6p59632228328e-05_ST-369p023839283_M-TI64_XI-0p0002_XF-0p0014_XL-0p0012_TE-0p0021_DT-5p80147419139e-06_H-0602c4a780,new-data,False,311.847977036,0.831533579891,6.59632228328e-05,369.023839283,1.572321550143034,P-243p936893462_VX-0p545516283598_LS-5p6904291389e-05_ST-360p082453969_M-TI64_XI-0p0002_XF-0p0014_XL-0p0012_TE-0p0021_DT-8p84322017154e-06_H-e0ed0fec98,0.0,0.0,1.572321550143034,0.46827932222917107,0.7705189052061931,P-307p533441342_VX-0p76958695679_LS-6p29715413405e-05_ST-358p843506265_M-TI64_XI-0p0002_XF-0p0014_XL-0p0012_TE-0p0021_DT-6p26845421489e-06_H-0602c4a780,0.9958256239954775,0.7901485980177215,1.0935273044400606,1.077364215373801,0.8926430362340937,0.46638881477751354,0.23029931318908028,0.1450324300644203,0.6356999658113227,0.35508393979262737,0.5679012345679012,False,False,False,0.7950617283950617,False,False,False,0.4962962962962963,False,False,False,False,False
P-319p96920879_VX-0p866402209965_LS-6p35942162539e-05_ST-320p061265262_M-TI64_XI-0p0002_XF-0p0014_XL-0p0012_TE-0p0021_DT-5p56799203364e-06_H-560be51b32,new-data,False,319.96920879,0.866402209965,6.35942162539e-05,320.061265262,1.237352647987131,P-339p704237738_VX-0p701398887747_LS-5p24684299583e-05_ST-300p218383071_M-TI64_XI-0p0002_XF-0p0014_XL-0p0012_TE-0p0021_DT-6p87785607775e-06_H-1d842653b1,0.0,0.0,1.237352647987131,0.6044373450822654,0.6718207030352288,P-310p791038761_VX-0p793031296086_LS-6p97064070297e-05_ST-311p244290057_M-TI64_XI-0p0002_XF-0p0014_XL-0p0012_TE-0p0021_DT-6p08314025792e-06_H-9f078c62f6,0.7033628630083044,0.672666189053664,1.1779153573290075,1.1512576386105775,1.0419266352627652,0.5494671444021628,0.06602469073992925,0.05461162135937896,-0.914586369840712,-0.5263013726499995,0.37037037037037035,False,False,False,0.7975308641975308,False,False,False,0.22962962962962963,False,False,True,False,False
P-323p763442528_VX-0p850556183123_LS-6p97450047543e-05_ST-350p102665969_M-TI64_XI-0p0002_XF-0p0014_XL-0p0012_TE-0p0021_DT-5p67172480635e-06_H-fe613e406c,new-data,False,323.763442528,0.850556183123,6.97450047543e-05,350.102665969,1.8128130897191141,P-243p936893462_VX-0p545516283598_LS-5p6904291389e-05_ST-360p082453969_M-TI64_XI-0p0002_XF-0p0014_XL-0p0012_TE-0p0021_DT-8p84322017154e-06_H-e0ed0fec98,0.0,0.0,1.8128130897191141,0.54326554878108,0.7694196025957326,P-293p577290228_VX-0p952339824621_LS-7p01980103413e-05_ST-347p682708595_M-TI64_XI-0p0002_XF-0p0014_XL-0p0012_TE-0p0021_DT-5p06554538443e-06_H-1d842653b1,1.101087337757479,0.7487986978712328,1.2173413960204496,1.1857805937427468,0.9740847982804003,0.5117122501483061,0.4925403735866003,0.289376385346686,0.0366049012704526,0.014480027792651572,0.7333333333333333,False,False,False,0.8,False,False,False,0.48641975308641977,False,False,False,False,False
P-324p489523844_VX-0p639524903021_LS-7p4699050731e-05_ST-392p096101418_M-TI64_XI-0p0002_XF-0p0014_XL-0p0012_TE-0p0021_DT-7p54328811939e-06_H-eed8ed7ef3,new-data,False,324.489523844,0.639524903021,7.4699050731e-05,392.096101418,1.6274092487976348,P-369p066732517_VX-0p471239257303_LS-5p48020687799e-05_ST-388p757421411_M-TI64_XI-0p0002_XF-0p0014_XL-0p0012_TE-0p0021_DT-1p02370940626e-05_H-1553ff852f,0.0,0.0,1.6274092487976348,0.9419826020834837,0.6333830506388308,P-263p723264659_VX-0p501861307944_LS-7p03164616445e-05_ST-399p080626763_M-TI64_XI-0p0002_XF-0p0014_XL-0p0012_TE-0p0021_DT-9p61245771821e-06_H-1d842653b1,0.9516452669318939,0.5846510199495237,1.2248861368125232,1.1923870588225152,0.07059335240495682,0.008907115211313453,0.8360700368921418,0.4784635949664951,1.3662296292463223,0.7704124509508294,0.6246913580246913,False,False,False,0.8024691358024691,False,False,False,0.17530864197530865,False,True,True,False,False
P-326p931045044_VX-0p255856443683_LS-6p48737236991e-05_ST-399p817710522_M-TI64_XI-0p0002_XF-0p0014_XL-0p0012_TE-0p0021_DT-1p88547942494e-05_H-9cf0389d20,new-data,True,326.931045044,0.255856443683,6.48737236991e-05,399.817710522,1.2975550795627302,P-263p723264659_VX-0p501861307944_LS-7p03164616445e-05_ST-399p080626763_M-TI64_XI-0p0002_XF-0p0014_XL-0p0012_TE-0p0021_DT-9p61245771821e-06_H-1d842653b1,0.4,0.6,1.2975550795627302,1.1174841741703412,0.5372811549779248,P-238p319282705_VX-0p253960262605_LS-5p92121677448e-05_ST-384p128817665_M-TI64_XI-0p0002_XF-0p0014_XL-0p0012_TE-0p0021_DT-1p89955725889e-05_H-452de4062d,0.8471370633297184,0.52283440263559,1.250256083933365,1.214601959817589,-1.572012288315924,-0.9052250048007989,0.1547498991683097,0.10344816701085836,1.6107164709316348,0.9094107162334093,0.41728395061728396,False,False,False,0.0691358024691358,True,True,True,0.06666666666666667,True,True,True,True,True
P-328p176471421_VX-0p746856862244_LS-5p78341655667e-05_ST-308p284457774_M-TI64_XI-0p0002_XF-0p0014_XL-0p0012_TE-0p0021_DT-6p45923047225e-06_H-354781c6a2,new-data,False,328.176471421,0.746856862244,5.78341655667e-05,308.284457774,0.5058587285887961,P-339p704237738_VX-0p701398887747_LS-5p24684299583e-05_ST-300p218383071_M-TI64_XI-0p0002_XF-0p0014_XL-0p0012_TE-0p0021_DT-6p87785607775e-06_H-1d842653b1,0.2,0.4,0.5058587285887961,0.7535278035260697,0.40167074658112817,P-319p96920879_VX-0p866402209965_LS-6p35942162539e-05_ST-320p061265262_M-TI64_XI-0p0002_XF-0p0014_XL-0p0012_TE-0p0021_DT-5p56799203364e-06_H-560be51b32,0.2928455140249065,0.40838157227707916,1.2631973605962061,1.225933839164657,0.5301153103827564,0.264637262012716,-0.33339596108751995,-0.16523936848484905,-1.287471662154397,-0.7382980937156782,0.02962962962962963,True,True,True,0.13580246913580246,False,True,True,0.027160493827160494,True,True,True,True,True
P-335p17845091_VX-0p53366627312_LS-7p35439468085e-05_ST-327p916348879_M-TI64_XI-0p0002_XF-0p0014_XL-0p0012_TE-0p0021_DT-9p03958306155e-06_H-1d842653b1,new-data,False,335.17845091,0.53366627312,7.35439468085e-05,327.916348879,0.5236292277987136,P-375p190327887_VX-0p471971299611_LS-7p58652830639e-05_ST-330p289975384_M-TI64_XI-0p0002_XF-0p0014_XL-0p0012_TE-0p0021_DT-1p02212160082e-05_H-1553ff852f,0.4,0.2,0.5236292277987136,0.894560072878086,0.3692237894819987,P-292p980726174_VX-0p558994342483_LS-6p4603431573e-05_ST-342p453415035_M-TI64_XI-0p0002_XF-0p0014_XL-0p0012_TE-0p0021_DT-8p62999897564e-06_H-0e4c2fc094,0.40475055699222856,0.41116802611409786,1.335955217205091,1.2896434154393481,-0.3826208182214073,-0.24331266313572125,0.7559713734066518,0.4343753126708361,-0.6658733673009296,-0.38490040535070924,0.0345679012345679,True,True,True,0.07160493827160494,True,True,True,0.014814814814814815,True,True,True,True,True
P-336p384535968_VX-0p857000372961_LS-5p14827567032e-05_ST-367p720955238_M-TI64_XI-0p0002_XF-0p0014_XL-0p0012_TE-0p0021_DT-5p62907643359e-06_H-1d842653b1,new-data,False,336.384535968,0.857000372961,5.14827567032e-05,367.720955238,0.7769609261255269,P-377p008330657_VX-0p791215989527_LS-4p31405408456e-05_ST-371p11107289_M-TI64_XI-0p0002_XF-0p0014_XL-0p0012_TE-0p0021_DT-6p09709695819e-06_H-3d091b92d3,0.8,0.5,0.7769609261255269,0.4657927746524536,0.6251930093944914,P-347p783460623_VX-0p850325890926_LS-5p3362114496e-05_ST-354p131736173_M-TI64_XI-0p0002_XF-0p0014_XL-0p0012_TE-0p0021_DT-5p67326086915e-06_H-d1ce08951f,0.516041818052578,0.6518027652530206,1.3484876966055153,1.3006173361880637,1.001674406756529,0.5270662381423565,-0.7738233125202563,-0.407661458389176,0.5944471646200246,0.3316304575352137,0.1259259259259259,False,True,True,0.022222222222222223,True,True,True,0.1654320987654321,False,True,True,True,True
P-339p704237738_VX-0p701398887747_LS-5p24684299583e-05_ST-300p218383071_M-TI64_XI-0p0002_XF-0p0014_XL-0p0012_TE-0p0021_DT-6p87785607775e-06_H-1d842653b1,new-data,True,339.704237738,0.701398887747,5.24684299583e-05,300.218383071,0.5058587285887961,P-328p176471421_VX-0p746856862244_LS-5p78341655667e-05_ST-308p284457774_M-TI64_XI-0p0002_XF-0p0014_XL-0p0012_TE-0p0021_DT-6p45923047225e-06_H-354781c6a2,0.4,0.5,0.5058587285887961,0.8910887832582204,0.3621172050479976,P-383p924442814_VX-0p598551929363_LS-4p34843261877e-05_ST-301p171019532_M-TI64_XI-0p0002_XF-0p0014_XL-0p0012_TE-0p0021_DT-8p05965258211e-06_H-82800d7335,0.2928455140249065,0.33969775763960625,1.382982854117097,1.3308226222014403,0.33549538917954713,0.15632865965822612,-0.7054735226623642,-0.3700400462585029,-1.5428652080297862,-0.8834971547217443,0.03209876543209877,True,True,True,0.07407407407407407,True,True,True,0.012345679012345678,True,True,True,True,True
P-340p203296502_VX-0p374609743194_LS-5p54750053524e-05_ST-307p813155606_M-TI64_XI-0p0002_XF-0p0014_XL-0p0012_TE-0p0021_DT-1p28777232591e-05_H-22f5435fc5,new-data,True,340.203296502,0.374609743194,5.54750053524e-05,307.813155606,1.2830683315230307,P-287p102038097_VX-0p362628106341_LS-6p67475186474e-05_ST-334p763632341_M-TI64_XI-0p0002_XF-0p0014_XL-0p0012_TE-0p0021_DT-1p33032175903e-05_H-c5f6eebf67,0.0,0.2,1.2830683315230307,0.4008666330657117,0.7619464875452521,P-354p619445985_VX-0p364015239092_LS-5p30095356481e-05_ST-318p142674345_M-TI64_XI-0p0002_XF-0p0014_XL-0p0012_TE-0p0021_DT-1p32525237544e-05_H-1553ff852f,0.8091567835870266,0.7657460950516135,1.3881685942420947,1.33536345561013,-1.0635919715467033,-0.6222822640090959,-0.49698780458554087,-0.25528435879501277,-1.302394352099173,-0.7467821004678431,0.4049382716049383,False,False,False,0.8049382716049382,False,False,False,0.45925925925925926,False,False,False,False,False
P-341p923576441_VX-0p300981342968_LS-7p54559898543e-05_ST-360p882535069_M-TI64_XI-0p0002_XF-0p0014_XL-0p0012_TE-0p0021_DT-1p60279722173e-05_H-1d842653b1,new-data,True,341.923576441,0.300981342968,7.54559898543e-05,360.882535069,0.7914133471407223,P-308p624203673_VX-0p258745269308_LS-8p46230110859e-05_ST-352p536460601_M-TI64_XI-0p0002_XF-0p0014_XL-0p0012_TE-0p0021_DT-1p86442852305e-05_H-19ea1511f8,1.0,0.9,0.7914133471407223,1.2627273548322764,0.38527708758244805,P-375p190327887_VX-0p471971299611_LS-7p58652830639e-05_ST-330p289975384_M-TI64_XI-0p0002_XF-0p0014_XL-0p0012_TE-0p0021_DT-1p02212160082e-05_H-1553ff852f,0.4969109034980642,0.39880926738642275,1.4060440937812657,1.3510159301938844,-1.3788183671101073,-0.797709990614058,0.8885586579895279,0.5073546281442292,0.3779244519680928,0.20853065696748008,0.13580246913580246,False,True,True,0.007407407407407408,True,True,True,0.022222222222222223,True,True,True,True,True
P-342p674555398_VX-0p462731136977_LS-5p8783513777e-05_ST-328p309527448_M-TI64_XI-0p0002_XF-0p0014_XL-0p0012_TE-0p0021_DT-1p04253209208e-05_H-add9572a86,new-data,True,342.674555398,0.462731136977,5.8783513777e-05,328.309527448,0.894381054943073,P-292p980726174_VX-0p558994342483_LS-6p4603431573e-05_ST-342p453415035_M-TI64_XI-0p0002_XF-0p0014_XL-0p0012_TE-0p0021_DT-8p62999897564e-06_H-0e4c2fc094,0.4,0.3,0.894381054943073,0.6767276843820759,0.5692674431479795,P-354p619445985_VX-0p364015239092_LS-5p30095356481e-05_ST-318p142674345_M-TI64_XI-0p0002_XF-0p0014_XL-0p0012_TE-0p0021_DT-1p32525237544e-05_H-1553ff852f,0.5921684183480799,0.6052253757000777,1.413847546984111,1.3578489338061972,-0.6863165010900018,-0.4123233931228396,-0.2675650679997416,-0.12900441933672643,-0.653424279907557,-0.3778227174878292,0.1925925925925926,False,True,True,0.07654320987654321,True,True,True,0.09876543209876543,True,True,True,True,True
P-347p783460623_VX-0p850325890926_LS-5p3362114496e-05_ST-354p131736173_M-TI64_XI-0p0002_XF-0p0014_XL-0p0012_TE-0p0021_DT-5p67326086915e-06_H-d1ce08951f,new-data,False,347.783460623,0.850325890926,5.3362114496e-05,354.131736173,0.9175515242899004,P-372p630059968_VX-0p727703112845_LS-4p39975555357e-05_ST-362p949632289_M-TI64_XI-0p0002_XF-0p0014_XL-0p0012_TE-0p0021_DT-6p62924277478e-06_H-54d2aec398,0.6,0.6,0.9175515242899004,0.4657927746524536,0.6632850006982507,P-336p384535968_VX-0p857000372961_LS-5p14827567032e-05_ST-367p720955238_M-TI64_XI-0p0002_XF-0p0014_XL-0p0012_TE-0p0021_DT-5p62907643359e-06_H-1d842653b1,0.5379773536019634,0.661189959738033,1.4669343911219561,1.4043338153491436,0.9730988447765369,0.5111635537695913,-0.6435025297040082,-0.33592968145590874,0.16417606368452328,0.08700814486187927,0.2074074074074074,False,False,True,0.04938271604938271,True,True,True,0.2222222222222222,False,False,True,False,True
P-348p497115387_VX-0p94790268949_LS-7p31988762132e-05_ST-305p038657876_M-TI64_XI-0p0002_XF-0p0014_XL-0p0012_TE-0p0021_DT-5p08925721649e-06_H-1d842653b1,new-data,False,348.497115387,0.94790268949,7.31988762132e-05,305.038657876,1.7921722490204637,P-339p704237738_VX-0p701398887747_LS-5p24684299583e-05_ST-300p218383071_M-TI64_XI-0p0002_XF-0p0014_XL-0p0012_TE-0p0021_DT-6p87785607775e-06_H-1d842653b1,0.0,0.0,1.7921722490204637,0.2983729413661179,0.8572750578470187,P-352p513614722_VX-0p929202686833_LS-7p33895545023e-05_ST-314p010655484_M-TI64_XI-0p0002_XF-0p0014_XL-0p0012_TE-0p0021_DT-5p19167741481e-06_H-1553ff852f,0.9924441732545541,0.8525583063777369,1.4743500071015418,1.4108272137791564,1.3908558842821215,0.7436509620105786,0.7320430558299523,0.4212045758036372,-1.390242387156966,-0.7967264017535269,0.7283950617283951,False,False,False,0.8074074074074075,False,False,False,0.8419753086419753,False,False,False,False,False
P-352p513614722_VX-0p929202686833_LS-7p33895545023e-05_ST-314p010655484_M-TI64_XI-0p0002_XF-0p0014_XL-0p0012_TE-0p0021_DT-5p19167741481e-06_H-1553ff852f,new-data,False,352.513614722,0.929202686833,7.33895545023e-05,314.010655484,1.779214189479006,P-447p413798058_VX-0p91078629156_LS-5p3177056457e-05_ST-328p907838563_M-TI64_XI-0p0002_XF-0p0014_XL-0p0012_TE-0p0021_DT-5p29665482201e-06_H-1553ff852f,0.0,0.0,1.779214189479006,0.2983729413661179,0.8563848721739312,P-348p497115387_VX-0p94790268949_LS-7p31988762132e-05_ST-305p038657876_M-TI64_XI-0p0002_XF-0p0014_XL-0p0012_TE-0p0021_DT-5p08925721649e-06_H-1d842653b1,1.0037232220712278,0.8539731976102638,1.5160856167451722,1.4473725180238242,1.3107952770096765,0.6990961578378018,0.7452653086637528,0.42848243026654936,-1.1061648938205355,-0.6352196371873926,0.7160493827160493,False,False,False,0.8098765432098766,False,False,False,0.8395061728395061,False,False,False,False,False
P-353p971838789_VX-0p831374608218_LS-4p0859447809e-05_ST-397p346534493_M-TI64_XI-0p0002_XF-0p0014_XL-0p0012_TE-0p0021_DT-5p80258352291e-06_H-eac21b41c2,new-data,True,353.971838789,0.831374608218,4.0859447809e-05,397.346534493,0.5484813206049891,P-364p483174853_VX-0p95103094401_LS-4p26115279421e-05_ST-393p929813999_M-TI64_XI-0p0002_XF-0p0014_XL-0p0012_TE-0p0021_DT-5p07251697056e-06_H-1ef68d8f61,0.2,0.1,0.5484813206049891,0.4211536799061921,0.5656575106259939,P-391p91054261_VX-0p798138981731_LS-4p10405950637e-05_ST-398p591592241_M-TI64_XI-0p0002_XF-0p0014_XL-0p0012_TE-0p0021_DT-6p04421123819e-06_H-eac21b41c2,0.31413509744429746,0.46950747099996754,1.5312380829494918,1.4606405999380994,0.8919624283800233,0.4660100473575592,-1.5104781083738557,-0.8131344485836746,1.5324724139687285,0.8649265709454844,0.03950617283950617,True,True,True,0.1382716049382716,False,True,True,0.09382716049382717,True,True,True,True,True
P-354p619445985_VX-0p364015239092_LS-5p30095356481e-05_ST-318p142674345_M-TI64_XI-0p0002_XF-0p0014_XL-0p0012_TE-0p0021_DT-1p32525237544e-05_H-1553ff852f,new-data,True,354.619445985,0.364015239092,5.30095356481e-05,318.142674345,1.2948800828716605,P-287p102038097_VX-0p362628106341_LS-6p67475186474e-05_ST-334p763632341_M-TI64_XI-0p0002_XF-0p0014_XL-0p0012_TE-0p0021_DT-1p33032175903e-05_H-c5f6eebf67,0.0,0.0,1.2948800828716605,0.4008666330657117,0.7636046531606453,P-340p203296502_VX-0p374609743194_LS-5p54750053524e-05_ST-307p813155606_M-TI64_XI-0p0002_XF-0p0014_XL-0p0012_TE-0p0021_DT-1p28777232591e-05_H-22f5435fc5,0.8613219032897131,0.7767663581763952,1.537967395935837,1.466533045083707,-1.1089503839338277,-0.6475248302391916,-0.6679514939399888,-0.3493869951009441,-0.9753341009762427,-0.5608383202807424,0.4123456790123457,False,False,False,0.8123456790123457,False,False,False,0.4641975308641975,False,False,False,False,False
P-355p313197397_VX-0p977425276438_LS-4p00293473664e-05_ST-317p253821106_M-TI64_XI-0p0002_XF-0p0014_XL-0p0012_TE-0p0021_DT-4p9355390323e-06_H-4dbd940f3b,new-data,True,355.313197397,0.977425276438,4.00293473664e-05,317.253821106,0.9583468597801755,P-441p843471056_VX-0p982124766198_LS-4p09875344609e-05_ST-327p495507906_M-TI64_XI-0p0002_XF-0p0014_XL-0p0012_TE-0p0021_DT-4p91192236368e-06_H-f55fc58583,0.4,0.3,0.9583468597801755,0.5523350509448246,0.6343803106242595,P-389p770210211_VX-0p908238681403_LS-4p3221586392e-05_ST-323p581279452_M-TI64_XI-0p0002_XF-0p0014_XL-0p0012_TE-0p0021_DT-5p31151194261e-06_H-8b3ff695c9,0.8075967508022371,0.6800421420823903,1.545176195366884,1.4728453469931775,1.5172513871418856,0.8139917584408684,-1.5680399733418737,-0.8448179204637555,-1.003477577057193,-0.5768387492907789,0.2222222222222222,False,False,True,0.07901234567901234,True,True,True,0.17777777777777778,False,True,True,True,True
P-358p08766286_VX-0p398145183006_LS-4p39068251559e-05_ST-301p093308231_M-TI64_XI-0p0002_XF-0p0014_XL-0p0012_TE-0p0021_DT-1p21164861687e-05_H-3d091b92d3,new-data,True,358.08766286,0.398145183006,4.39068251559e-05,301.093308231,1.7372637615055193,P-218p135837307_VX-0p411781802704_LS-5p72773552436e-05_ST-307p427986374_M-TI64_XI-0p0002_XF-0p0014_XL-0p0012_TE-0p0021_DT-1p17152350379e-05_H-b40dbd8ddd,0.0,0.0,1.7372637615055193,0.6169906186334208,0.7379252540258594,P-413p458184039_VX-0p35207482727_LS-4p49853708666e-05_ST-303p358380963_M-TI64_XI-0p0002_XF-0p0014_XL-0p0012_TE-0p0021_DT-1p37019753455e-05_H-ff013f97fe,1.0313616020159713,0.6861683122784978,1.5740057800065397,1.4980896395984589,-0.9628293332554483,-0.5662065012844685,-1.2991630501630256,-0.6968214224442261,-1.5151627322636145,-0.8677474479114007,0.7037037037037037,False,False,False,0.8148148148148148,False,False,False,0.3950617283950617,False,False,False,False,False
P-360p567405001_VX-0p20359066256_LS-4p0817768449e-05_ST-337p353350673_M-TI64_XI-0p0002_XF-0p0014_XL-0p0012_TE-0p0021_DT-2p36951957538e-05_H-a3855470b8,new-data,True,360.567405001,0.20359066256,4.0817768449e-05,337.353350673,1.7450951765361256,P-205p507001181_VX-0p303336340291_LS-4p80706805647e-05_ST-333p622908766_M-TI64_XI-0p0002_XF-0p0014_XL-0p0012_TE-0p0021_DT-1p59035366431e-05_H-89a38ff0e6,0.0,0.0,1.7450951765361256,0.5304043049378058,0.7669064268060207,P-378p699667122_VX-0p273966982762_LS-4p19552514454e-05_ST-349p537322979_M-TI64_XI-0p0002_XF-0p0014_XL-0p0012_TE-0p0021_DT-1p76084014007e-05_H-c87ffcf9e3,1.2538218544301798,0.794383299578958,1.5997728824959605,1.5206523051020915,-1.795778576108921,-1.0297539519665242,-1.5133682907772752,-0.814725276347124,-0.3670725950113198,-0.21502300529492535,0.7086419753086419,False,False,False,0.817283950617284,False,False,False,0.4740740740740741,False,False,False,False,False
P-363p673556898_VX-0p448546579177_LS-4p04529881073e-05_ST-391p93586396_M-TI64_XI-0p0002_XF-0p0014_XL-0p0012_TE-0p0021_DT-1p07550047798e-05_H-f55fc58583,new-data,True,363.673556898,0.448546579177,4.04529881073e-05,391.93586396,1.9184169661737758,P-238p364831187_VX-0p683428278389_LS-5p30391716287e-05_ST-377p396343519_M-TI64_XI-0p0002_XF-0p0014_XL-0p0012_TE-0p0021_DT-7p05870792234e-06_H-1d842653b1,0.0,0.0,1.9184169661737758,0.47392498614099454,0.8018991450271411,P-378p895448518_VX-0p547210222693_LS-4p25171421559e-05_ST-392p752580943_M-TI64_XI-0p0002_XF-0p0014_XL-0p0012_TE-0p0021_DT-8p81584517788e-06_H-dc75daed1b,1.1730212533752387,0.8048767956328652,1.6320490345016012,1.5489145445893084,-0.7470450652613013,-0.44611965543619597,-1.5386633462842398,-0.8286482995206311,1.3611560818161883,0.7675279836856127,0.7802469135802469,False,False,False,0.8197530864197531,False,False,False,0.6246913580246913,False,False,False,False,False
P-364p483174853_VX-0p95103094401_LS-4p26115279421e-05_ST-393p929813999_M-TI64_XI-0p0002_XF-0p0014_XL-0p0012_TE-0p0021_DT-5p07251697056e-06_H-1ef68d8f61,new-data,False,364.483174853,0.95103094401,4.26115279421e-05,393.929813999,0.39583640882565674,P-394p301389958_VX-0p965504599187_LS-4p1845661123e-05_ST-386p588977515_M-TI64_XI-0p0002_XF-0p0014_XL-0p0012_TE-0p0021_DT-4p99647604691e-06_H-aae9cbe76f,1.0,0.9,0.39583640882565674,1.1464622630035783,0.25665353673434543,P-336p384535968_VX-0p857000372961_LS-5p14827567032e-05_ST-367p720955238_M-TI64_XI-0p0002_XF-0p0014_XL-0p0012_TE-0p0021_DT-5p62907643359e-06_H-1d842653b1,0.3051470959884463,0.31199660360171766,1.6404618079423698,1.5562810924260253,1.404248928185258,0.7511043709804981,-1.3889831725095132,-0.7462606357534461,1.424289884751236,0.8034214862895651,0.014814814814814815,True,True,True,0.009876543209876543,True,True,True,0.0049382716049382715,True,True,True,True,True
P-367p938083726_VX-0p695829187084_LS-4p35800266683e-05_ST-364p389584597_M-TI64_XI-0p0002_XF-0p0014_XL-0p0012_TE-0p0021_DT-6p93290924348e-06_H-c87ffcf9e3,new-data,True,367.938083726,0.695829187084,4.35800266683e-05,364.389584597,0.9460796446857745,P-336p384535968_VX-0p857000372961_LS-5p14827567032e-05_ST-367p720955238_M-TI64_XI-0p0002_XF-0p0014_XL-0p0012_TE-0p0021_DT-5p62907643359e-06_H-1d842653b1,0.0,0.1,0.9460796446857745,0.15464777198698137,0.8595040246617589,P-372p630059968_VX-0p727703112845_LS-4p39975555357e-05_ST-362p949632289_M-TI64_XI-0p0002_XF-0p0014_XL-0p0012_TE-0p0021_DT-6p62924277478e-06_H-54d2aec398,0.5696200614686313,0.8605820037521315,1.6763619080174128,1.5877166001581307,0.31164974457806893,0.14305823788916522,-1.321824320353491,-0.7092947451422563,0.48896704052525075,0.2716617730452884,0.20987654320987653,False,False,True,0.8222222222222222,False,False,False,0.8493827160493828,False,False,False,False,False
P-369p066732517_VX-0p471239257303_LS-5p48020687799e-05_ST-388p757421411_M-TI64_XI-0p0002_XF-0p0014_XL-0p0012_TE-0p0021_DT-1p02370940626e-05_H-1553ff852f,new-data,True,369.066732517,0.471239257303,5.48020687799e-05,388.757421411,1.574681585716726,P-263p723264659_VX-0p501861307944_LS-7p03164616445e-05_ST-399p080626763_M-TI64_XI-0p0002_XF-0p0014_XL-0p0012_TE-0p0021_DT-9p61245771821e-06_H-1d842653b1,0.0,0.0,1.574681585716726,0.9262383847410945,0.6296409338634149,P-378p895448518_VX-0p547210222693_LS-4p25171421559e-05_ST-392p752580943_M-TI64_XI-0p0002_XF-0p0014_XL-0p0012_TE-0p0021_DT-8p81584517788e-06_H-dc75daed1b,0.9516452669318939,0.6486136123032472,1.6880897439852809,1.5979859441844184,-0.6498905554609722,-0.3920518647195295,-0.5436514155540646,-0.28096916255815885,1.2605180710315358,0.7103121890680792,0.5703703703703704,False,False,False,0.8246913580246914,False,False,False,0.16790123456790124,False,True,True,False,False
P-370p938359136_VX-0p662619902131_LS-4p40125404953e-05_ST-395p513826563_M-TI64_XI-0p0002_XF-0p0014_XL-0p0012_TE-0p0021_DT-7p28037384253e-06_H-3273b99318,new-data,True,370.938359136,0.662619902131,4.40125404953e-05,395.513826563,1.24142301550736,P-364p483174853_VX-0p95103094401_LS-4p26115279421e-05_ST-393p929813999_M-TI64_XI-0p0002_XF-0p0014_XL-0p0012_TE-0p0021_DT-5p07251697056e-06_H-1ef68d8f61,0.0,0.0,1.24142301550736,0.519011471318424,0.7051799000744148,P-378p895448518_VX-0p547210222693_LS-4p25171421559e-05_ST-392p752580943_M-TI64_XI-0p0002_XF-0p0014_XL-0p0012_TE-0p0021_DT-8p81584517788e-06_H-dc75daed1b,0.6923338120670677,0.7017497991214592,1.7075378930957577,1.6150154911901253,0.1694703251850136,0.0639334797306425,-1.2918324046419472,-0.6927864541304132,1.4744439684074009,0.8319356205349465,0.37777777777777777,False,False,False,0.8271604938271605,False,False,False,0.3012345679012346,False,False,True,False,False
P-372p630059968_VX-0p727703112845_LS-4p39975555357e-05_ST-362p949632289_M-TI64_XI-0p0002_XF-0p0014_XL-0p0012_TE-0p0021_DT-6p62924277478e-06_H-54d2aec398,new-data,True,372.630059968,0.727703112845,4.39975555357e-05,362.949632289,0.8605315248244119,P-336p384535968_VX-0p857000372961_LS-5p14827567032e-05_ST-367p720955238_M-TI64_XI-0p0002_XF-0p0014_XL-0p0012_TE-0p0021_DT-5p62907643359e-06_H-1d842653b1,0.2,0.2,0.8605315248244119,0.14625162842242379,0.8547337349152416,P-378p283018896_VX-0p735158781064_LS-4p42419225112e-05_ST-367p022862863_M-TI64_XI-0p0002_XF-0p0014_XL-0p0012_TE-0p0021_DT-6p56201180925e-06_H-36d24309a8,0.5379773536019634,0.8542552316248283,1.7251164259596647,1.6304079303367383,0.44811207024662997,0.21900135653719266,-1.2928715104859876,-0.6933584036460929,0.44337429072158346,0.24574089694215065,0.17530864197530865,False,True,True,0.14074074074074075,False,True,True,0.8345679012345679,False,False,False,True,True
P-373p935133861_VX-0p314504521571_LS-4p29297292387e-05_ST-349p298273812_M-TI64_XI-0p0002_XF-0p0014_XL-0p0012_TE-0p0021_DT-1p53387956997e-05_H-c87ffcf9e3,new-data,True,373.935133861,0.314504521571,4.29297292387e-05,349.298273812,1.7828219772300906,P-229p384485496_VX-0p374546448601_LS-5p61892687884e-05_ST-346p005476369_M-TI64_XI-0p0002_XF-0p0014_XL-0p0012_TE-0p0021_DT-1p28798994652e-05_H-f404b6f8f4,0.0,0.0,1.7828219772300906,0.19286143891500082,0.9023824174769318,P-378p699667122_VX-0p273966982762_LS-4p19552514454e-05_ST-349p537322979_M-TI64_XI-0p0002_XF-0p0014_XL-0p0012_TE-0p0021_DT-1p76084014007e-05_H-c87ffcf9e3,1.2378432312446512,0.9168276654484885,1.7386775024124113,1.642282530206791,-1.320921375806492,-0.7654895366653733,-1.36691805950925,-0.7341154526940878,0.011135689440047076,0.0,0.7185185185185186,False,False,False,0.8296296296296296,False,False,False,0.9530864197530864,False,False,False,False,False
P-374p135097027_VX-0p852003077267_LS-4p24872306812e-05_ST-324p485874926_M-TI64_XI-0p0002_XF-0p0014_XL-0p0012_TE-0p0021_DT-5p66209293338e-06_H-c87ffcf9e3,new-data,True,374.135097027,0.852003077267,4.24872306812e-05,324.485874926,0.9084295906084319,P-441p843471056_VX-0p982124766198_LS-4p09875344609e-05_ST-327p495507906_M-TI64_XI-0p0002_XF-0p0014_XL-0p0012_TE-0p0021_DT-4p91192236368e-06_H-f55fc58583,0.2,0.1,0.9084295906084319,0.2962682769747233,0.7540725480247659,P-389p770210211_VX-0p908238681403_LS-4p3221586392e-05_ST-323p581279452_M-TI64_XI-0p0002_XF-0p0014_XL-0p0012_TE-0p0021_DT-5p31151194261e-06_H-8b3ff695c9,0.6941652227460186,0.7779853654561015,1.7407553278875845,1.6441019540706308,0.9802794083001065,0.5151596338961649,-1.397602348913528,-0.7510048432835147,-0.7744913678959376,-0.4466530688359743,0.2,False,True,True,0.14320987654320988,False,True,True,0.4419753086419753,False,False,False,True,True
P-375p190327887_VX-0p471971299611_LS-7p58652830639e-05_ST-330p289975384_M-TI64_XI-0p0002_XF-0p0014_XL-0p0012_TE-0p0021_DT-1p02212160082e-05_H-1553ff852f,new-data,True,375.190327887,0.471971299611,7.58652830639e-05,330.289975384,0.5236292277987136,P-335p17845091_VX-0p53366627312_LS-7p35439468085e-05_ST-327p916348879_M-TI64_XI-0p0002_XF-0p0014_XL-0p0012_TE-0p0021_DT-9p03958306155e-06_H-1d842653b1,0.6,0.7,0.5236292277987136,1.2339806377811071,0.2979211928956559,P-342p674555398_VX-0p462731136977_LS-5p8783513777e-05_ST-328p309527448_M-TI64_XI-0p0002_XF-0p0014_XL-0p0012_TE-0p0021_DT-1p04253209208e-05_H-add9572a86,0.40475055699222856,0.36075863496269744,1.7517202751174026,1.6537032833901748,-0.6467564515358231,-0.3903076937545635,0.9169403805549682,0.5229766290872147,-0.5907179897453145,-0.3421722690024397,0.037037037037037035,True,True,True,0.05185185185185185,True,True,True,0.007407407407407408,True,True,True,True,True
P-377p008330657_VX-0p791215989527_LS-4p31405408456e-05_ST-371p11107289_M-TI64_XI-0p0002_XF-0p0014_XL-0p0012_TE-0p0021_DT-6p09709695819e-06_H-3d091b92d3,new-data,True,377.008330657,0.791215989527,4.31405408456e-05,371.11107289,0.7769609261255269,P-336p384535968_VX-0p857000372961_LS-5p14827567032e-05_ST-367p720955238_M-TI64_XI-0p0002_XF-0p0014_XL-0p0012_TE-0p0021_DT-5p62907643359e-06_H-1d842653b1,0.2,0.1,0.7769609261255269,0.28348425303997304,0.7326742969749211,P-378p283018896_VX-0p735158781064_LS-4p42419225112e-05_ST-367p022862863_M-TI64_XI-0p0002_XF-0p0014_XL-0p0012_TE-0p0021_DT-6p56201180925e-06_H-36d24309a8,0.516041818052578,0.7649031966518499,1.7706112166093069,1.6702449179843448,0.7200307202088214,0.3703277405447876,-1.3522996969264511,-0.7260691449505449,0.701787376551984,0.3926566589894867,0.12839506172839507,False,True,True,0.145679012345679,False,True,True,0.3728395061728395,False,False,False,True,True
P-377p125910628_VX-0p77115452106_LS-4p31707402483e-05_ST-313p190582012_M-TI64_XI-0p0002_XF-0p0014_XL-0p0012_TE-0p0021_DT-6p25571201526e-06_H-8b3ff695c9,new-data,True,377.125910628,0.77115452106,4.31707402483e-05,313.190582012,1.1521997350014002,P-328p176471421_VX-0p746856862244_LS-5p78341655667e-05_ST-308p284457774_M-TI64_XI-0p0002_XF-0p0014_XL-0p0012_TE-0p0021_DT-6p45923047225e-06_H-354781c6a2,0.0,0.1,1.1521997350014002,0.5009288719712313,0.696981305714272,P-374p135097027_VX-0p852003077267_LS-4p24872306812e-05_ST-324p485874926_M-TI64_XI-0p0002_XF-0p0014_XL-0p0012_TE-0p0021_DT-5p66209293338e-06_H-c87ffcf9e3,0.7230171797801852,0.7189690152134458,1.7718329949197882,1.6713147540417868,0.634141248549105,0.3225290949851877,-1.3502055721059802,-0.7249164869381676,-1.1321306181169548,-0.6499819475396754,0.30617283950617286,False,False,False,0.8320987654320988,False,False,False,0.2814814814814815,False,False,True,False,False
P-378p283018896_VX-0p735158781064_LS-4p42419225112e-05_ST-367p022862863_M-TI64_XI-0p0002_XF-0p0014_XL-0p0012_TE-0p0021_DT-6p56201180925e-06_H-36d24309a8,new-data,True,378.283018896,0.735158781064,4.42419225112e-05,367.022862863,0.8451347133171352,P-336p384535968_VX-0p857000372961_LS-5p14827567032e-05_ST-367p720955238_M-TI64_XI-0p0002_XF-0p0014_XL-0p0012_TE-0p0021_DT-5p62907643359e-06_H-1d842653b1,0.2,0.2,0.8451347133171352,0.14625162842242379,0.852477664594612,P-372p630059968_VX-0p727703112845_LS-4p39975555357e-05_ST-362p949632289_M-TI64_XI-0p0002_XF-0p0014_XL-0p0012_TE-0p0021_DT-6p62924277478e-06_H-54d2aec398,0.5533045331433103,0.8577180966490822,1.7838565544826743,1.681843045016365,0.4800321365794318,0.23676530254125341,-1.2759263094904114,-0.6840313465824631,0.5723436888198924,0.3190639538667325,0.16790123456790124,False,True,True,0.14814814814814814,False,True,True,0.8246913580246914,False,False,False,True,True
P-378p699667122_VX-0p273966982762_LS-4p19552514454e-05_ST-349p537322979_M-TI64_XI-0p0002_XF-0p0014_XL-0p0012_TE-0p0021_DT-1p76084014007e-05_H-c87ffcf9e3,new-data,True,378.699667122,0.273966982762,4.19552514454e-05,349.537322979,1.8919417834337724,P-229p384485496_VX-0p374546448601_LS-5p61892687884e-05_ST-346p005476369_M-TI64_XI-0p0002_XF-0p0014_XL-0p0012_TE-0p0021_DT-1p28798994652e-05_H-f404b6f8f4,0.0,0.0,1.8919417834337724,0.19286143891500082,0.9074917781939535,P-373p935133861_VX-0p314504521571_LS-4p29297292387e-05_ST-349p298273812_M-TI64_XI-0p0002_XF-0p0014_XL-0p0012_TE-0p0021_DT-1p53387956997e-05_H-c87ffcf9e3,1.3059071644859293,0.9208193671076579,1.7881859633207433,1.6856340418303037,-1.4944753604720487,-0.862074662154927,-1.4344915196276136,-0.771309553765856,0.018704626828636634,0.0043031729633963844,0.7703703703703704,False,False,False,0.8345679012345679,False,False,False,0.9604938271604938,False,False,False,False,False
P-378p895448518_VX-0p547210222693_LS-4p25171421559e-05_ST-392p752580943_M-TI64_XI-0p0002_XF-0p0014_XL-0p0012_TE-0p0021_DT-8p81584517788e-06_H-dc75daed1b,new-data,True,378.895448518,0.547210222693,4.25171421559e-05,392.752580943,1.7230512676224647,P-336p384535968_VX-0p857000372961_LS-5p14827567032e-05_ST-367p720955238_M-TI64_XI-0p0002_XF-0p0014_XL-0p0012_TE-0p0021_DT-5p62907643359e-06_H-1d842653b1,0.0,0.0,1.7230512676224647,0.44838436749881455,0.7935078709004555,P-409p380479822_VX-0p571506017722_LS-4p19025576691e-05_ST-383p379922389_M-TI64_XI-0p0002_XF-0p0014_XL-0p0012_TE-0p0021_DT-8p44106702891e-06_H-86665dad6a,0.9712802368869063,0.7735270460989266,1.790220335852002,1.6874154166259918,-0.3246348998463717,-0.21104272007637695,-1.395528189957194,-0.7498631749757846,1.3870155306739382,0.7822298731926861,0.691358024691358,False,False,False,0.837037037037037,False,False,False,0.5950617283950618,False,False,False,False,False
P-379p421209359_VX-0p229921993373_LS-5p57538994548e-05_ST-334p989783011_M-TI64_XI-0p0002_XF-0p0014_XL-0p0012_TE-0p0021_DT-2p09815534923e-05_H-1553ff852f,new-data,True,379.421209359,0.229921993373,5.57538994548e-05,334.989783011,1.3506469293015282,P-287p102038097_VX-0p362628106341_LS-6p67475186474e-05_ST-334p763632341_M-TI64_XI-0p0002_XF-0p0014_XL-0p0012_TE-0p0021_DT-1p33032175903e-05_H-c5f6eebf67,0.0,0.1,1.3506469293015282,0.846616979047604,0.6146949049540017,P-354p619445985_VX-0p364015239092_LS-5p30095356481e-05_ST-318p142674345_M-TI64_XI-0p0002_XF-0p0014_XL-0p0012_TE-0p0021_DT-1p32525237544e-05_H-1553ff852f,0.9907822185465536,0.6619817077911317,1.795683538356399,1.6921992067605607,-1.6830458469298002,-0.9670166727532159,-0.4776483802955804,-0.24463946210849366,-0.44190948263524477,-0.25757007035236507,0.454320987654321,False,False,False,0.8395061728395061,False,False,False,0.145679012345679,False,True,True,False,False
P-383p924442814_VX-0p598551929363_LS-4p34843261877e-05_ST-301p171019532_M-TI64_XI-0p0002_XF-0p0014_XL-0p0012_TE-0p0021_DT-8p05965258211e-06_H-82800d7335,new-data,True,383.924442814,0.598551929363,4.34843261877e-05,301.171019532,1.334014974818197,P-328p176471421_VX-0p746856862244_LS-5p78341655667e-05_ST-308p284457774_M-TI64_XI-0p0002_XF-0p0014_XL-0p0012_TE-0p0021_DT-6p45923047225e-06_H-354781c6a2,0.0,0.0,1.334014974818197,0.8344872880478345,0.6151780413893032,P-377p125910628_VX-0p77115452106_LS-4p31707402483e-05_ST-313p190582012_M-TI64_XI-0p0002_XF-0p0014_XL-0p0012_TE-0p0021_DT-6p25571201526e-06_H-8b3ff695c9,0.8357816778323022,0.6405815063743081,1.8424768222427554,1.7331732050041682,-0.10482486613681684,-0.08871548149057376,-1.3284605029875078,-0.712947463934338,-1.5127021841720374,-0.8663485508827672,0.43209876543209874,False,False,False,0.8419753086419753,False,False,False,0.14814814814814814,False,True,True,False,False
P-385p522203_VX-0p931994182449_LS-4p05647861864e-05_ST-365p262393292_M-TI64_XI-0p0002_XF-0p0014_XL-0p0012_TE-0p0021_DT-5p17612737704e-06_H-3a5de7627d,new-data,True,385.522203,0.931994182449,4.05647861864e-05,365.262393292,0.9478797767598937,P-364p483174853_VX-0p95103094401_LS-4p26115279421e-05_ST-393p929813999_M-TI64_XI-0p0002_XF-0p0014_XL-0p0012_TE-0p0021_DT-5p07251697056e-06_H-1ef68d8f61,0.0,0.2,0.9478797767598937,0.6612778223819843,0.5890534135782433,P-377p008330657_VX-0p791215989527_LS-4p31405408456e-05_ST-371p11107289_M-TI64_XI-0p0002_XF-0p0014_XL-0p0012_TE-0p0021_DT-6p09709695819e-06_H-3d091b92d3,0.5577733473220786,0.5991475346705112,1.8590792139936883,1.7477108974664994,1.3227465498685425,0.7057472018403804,-1.5309109038054942,-0.8243811637456913,0.5166025033364267,0.2873733809361496,0.21728395061728395,False,False,True,0.8444444444444444,False,False,False,0.12098765432098765,False,True,True,False,True
P-385p792960663_VX-0p466570238049_LS-4p25767555058e-05_ST-363p826454642_M-TI64_XI-0p0002_XF-0p0014_XL-0p0012_TE-0p0021_DT-1p03395377793e-05_H-3d091b92d3,new-data,True,385.792960663,0.466570238049,4.25767555058e-05,363.826454642,1.8585689718693088,P-336p384535968_VX-0p857000372961_LS-5p14827567032e-05_ST-367p720955238_M-TI64_XI-0p0002_XF-0p0014_XL-0p0012_TE-0p0021_DT-5p62907643359e-06_H-1d842653b1,0.0,0.0,1.8585689718693088,0.31927059585282597,0.8534003144286885,P-406p350963493_VX-0p484226878203_LS-4p36170368492e-05_ST-370p554621114_M-TI64_XI-0p0002_XF-0p0014_XL-0p0012_TE-0p0021_DT-9p96252133074e-06_H-778de5c076,1.0749612252087217,0.8236068672637661,1.861892667996411,1.7501744659488054,-0.6698800989759326,-0.4031763143977772,-1.3913944063556736,-0.7475878384040824,0.47113683670348183,0.26152475551184295,0.7530864197530864,False,False,False,0.8469135802469135,False,False,False,0.8296296296296296,False,False,False,False,False
P-387p363679816_VX-0p298546823055_LS-4p09005526538e-05_ST-395p436254411_M-TI64_XI-0p0002_XF-0p0014_XL-0p0012_TE-0p0021_DT-1p61586733821e-05_H-c87ffcf9e3,new-data,True,387.363679816,0.298546823055,4.09005526538e-05,395.436254411,2.315330879603028,P-260p125654688_VX-0p378472963537_LS-6p21275317791e-05_ST-359p026868384_M-TI64_XI-0p0002_XF-0p0014_XL-0p0012_TE-0p0021_DT-1p27462753427e-05_H-0602c4a780,0.0,0.0,2.315330879603028,0.6973235494505272,0.7685351686122208,P-363p673556898_VX-0p448546579177_LS-4p04529881073e-05_ST-391p93586396_M-TI64_XI-0p0002_XF-0p0014_XL-0p0012_TE-0p0021_DT-1p07550047798e-05_H-f55fc58583,1.5484310209308354,0.785659457230669,1.8782140752622192,1.7644661175940841,-1.3892413144340574,-0.8035105009117309,-1.5076277647232752,-0.8115655490535445,1.471987826146147,0.8305392283559312,0.8938271604938272,False,False,False,0.8493827160493828,False,False,False,0.48148148148148145,False,False,False,False,False
P-389p770210211_VX-0p908238681403_LS-4p3221586392e-05_ST-323p581279452_M-TI64_XI-0p0002_XF-0p0014_XL-0p0012_TE-0p0021_DT-5p31151194261e-06_H-8b3ff695c9,new-data,True,389.770210211,0.908238681403,4.3221586392e-05,323.581279452,0.6574250004395228,P-441p843471056_VX-0p982124766198_LS-4p09875344609e-05_ST-327p495507906_M-TI64_XI-0p0002_XF-0p0014_XL-0p0012_TE-0p0021_DT-4p91192236368e-06_H-f55fc58583,0.2,0.1,0.6574250004395228,0.2962682769747233,0.6893463716363848,P-374p135097027_VX-0p852003077267_LS-4p24872306812e-05_ST-324p485874926_M-TI64_XI-0p0002_XF-0p0014_XL-0p0012_TE-0p0021_DT-5p66209293338e-06_H-c87ffcf9e3,0.5174132870308611,0.7231410969820918,1.9032204314903975,1.7863626444260288,1.2210417600517331,0.6491471191267814,-1.346679735101682,-0.7229757791858822,-0.8031332853333956,-0.4629368770390261,0.07901234567901234,True,True,True,0.1506172839506173,False,True,True,0.2641975308641975,False,False,True,True,True
P-391p91054261_VX-0p798138981731_LS-4p10405950637e-05_ST-398p591592241_M-TI64_XI-0p0002_XF-0p0014_XL-0p0012_TE-0p0021_DT-6p04421123819e-06_H-eac21b41c2,new-data,True,391.91054261,0.798138981731,4.10405950637e-05,398.591592241,0.7371236195965993,P-364p483174853_VX-0p95103094401_LS-4p26115279421e-05_ST-393p929813999_M-TI64_XI-0p0002_XF-0p0014_XL-0p0012_TE-0p0021_DT-5p07251697056e-06_H-1ef68d8f61,0.2,0.1,0.7371236195965993,0.24755008894161087,0.7485968328441414,P-400p342090514_VX-0p84724542505_LS-4p08786684736e-05_ST-395p5494372_M-TI64_XI-0p0002_XF-0p0014_XL-0p0012_TE-0p0021_DT-5p69388805225e-06_H-39de960155,0.453449882151645,0.7509653903095643,1.9254607134030244,1.8058370902511702,0.7496702325747281,0.38682252760961267,-1.4979167684693626,-0.8062203769172811,1.5718942795960191,0.8873391101996391,0.0962962962962963,True,True,True,0.15308641975308643,False,True,True,0.41975308641975306,False,False,False,True,True
P-394p301389958_VX-0p965504599187_LS-4p1845661123e-05_ST-386p588977515_M-TI64_XI-0p0002_XF-0p0014_XL-0p0012_TE-0p0021_DT-4p99647604691e-06_H-aae9cbe76f,new-data,True,394.301389958,0.965504599187,4.1845661123e-05,386.588977515,0.39583640882565674,P-364p483174853_VX-0p95103094401_LS-4p26115279421e-05_ST-393p929813999_M-TI64_XI-0p0002_XF-0p0014_XL-0p0012_TE-0p0021_DT-5p07251697056e-06_H-1ef68d8f61,0.2,0.2,0.39583640882565674,0.4002646301214868,0.4972188069860539,P-423p354289604_VX-0p98992750487_LS-4p35270321082e-05_ST-379p923005206_M-TI64_XI-0p0002_XF-0p0014_XL-0p0012_TE-0p0021_DT-4p87320594618e-06_H-4d45e0bf17,0.3051470959884463,0.5018014063947297,1.9503041064453486,1.8275909202527922,1.4662152093766045,0.785589439453691,-1.4420908690750516,-0.7754924233559672,1.1918593248603275,0.6712775868437245,0.01728395061728395,True,True,True,0.15555555555555556,False,True,True,0.05185185185185185,True,True,True,True,True
P-399p256835613_VX-0p656366203199_LS-4p10009761764e-05_ST-341p515144691_M-TI64_XI-0p0002_XF-0p0014_XL-0p0012_TE-0p0021_DT-7p34973948918e-06_H-3c3f1974a9,new-data,True,399.256835613,0.656366203199,4.10009761764e-05,341.515144691,1.3674618885535956,P-347p783460623_VX-0p850325890926_LS-5p3362114496e-05_ST-354p131736173_M-TI64_XI-0p0002_XF-0p0014_XL-0p0012_TE-0p0021_DT-5p67326086915e-06_H-d1ce08951f,0.0,0.0,1.3674618885535956,0.35059611584494094,0.795934645426783,P-426p513929333_VX-0p671876042338_LS-4p21074124626e-05_ST-335p829973615_M-TI64_XI-0p0002_XF-0p0014_XL-0p0012_TE-0p0021_DT-7p18007533983e-06_H-ff013f97fe,0.8408868282435252,0.7541687300003164,2.0017963458850705,1.8726795046207247,0.14269626833708354,0.04903335718084904,-1.5006640709931425,-0.807732560066778,-0.23529904088533599,-0.140105699695275,0.4691358024691358,False,False,False,0.8518518518518519,False,False,False,0.6049382716049383,False,False,False,False,False
P-400p342090514_VX-0p84724542505_LS-4p08786684736e-05_ST-395p5494372_M-TI64_XI-0p0002_XF-0p0014_XL-0p0012_TE-0p0021_DT-5p69388805225e-06_H-39de960155,new-data,True,400.342090514,0.84724542505,4.08786684736e-05,395.5494372,0.5944281034318654,P-364p483174853_VX-0p95103094401_LS-4p26115279421e-05_ST-393p929813999_M-TI64_XI-0p0002_XF-0p0014_XL-0p0012_TE-0p0021_DT-5p07251697056e-06_H-1ef68d8f61,0.2,0.1,0.5944281034318654,0.24755008894161087,0.7059899042708162,P-391p91054261_VX-0p798138981731_LS-4p10405950637e-05_ST-398p591592241_M-TI64_XI-0p0002_XF-0p0014_XL-0p0012_TE-0p0021_DT-6p04421123819e-06_H-eac21b41c2,0.41572364472512874,0.7343690309892255,2.013073274158724,1.8825540165357282,0.9599103991255795,0.5038240064773495,-1.5091452849665636,-0.8124008296682779,1.4755714966276547,0.8325766548973363,0.04691358024691358,True,True,True,0.1580246913580247,False,True,True,0.3037037037037037,False,False,False,True,True
P-404p674556304_VX-0p544519129004_LS-4p43635630435e-05_ST-368p185027338_M-TI64_XI-0p0002_XF-0p0014_XL-0p0012_TE-0p0021_DT-8p85941438245e-06_H-4d45e0bf17,new-data,True,404.674556304,0.544519129004,4.43635630435e-05,368.185027338,1.5928758636534568,P-336p384535968_VX-0p857000372961_LS-5p14827567032e-05_ST-367p720955238_M-TI64_XI-0p0002_XF-0p0014_XL-0p0012_TE-0p0021_DT-5p62907643359e-06_H-1d842653b1,0.0,0.0,1.5928758636534568,0.27430555996037553,0.8530911048646406,P-406p350963493_VX-0p484226878203_LS-4p36170368492e-05_ST-370p554621114_M-TI64_XI-0p0002_XF-0p0014_XL-0p0012_TE-0p0021_DT-9p96252133074e-06_H-778de5c076,0.9903518917187893,0.865957430184385,2.0580921042205556,1.92197423479531,-0.3361563204001669,-0.21745454549283524,-1.2674913592897346,-0.6793885417038945,0.6091409312320248,0.3399843143540767,0.582716049382716,False,False,False,0.854320987654321,False,False,False,0.8271604938271605,False,False,False,False,False
P-406p350963493_VX-0p484226878203_LS-4p36170368492e-05_ST-370p554621114_M-TI64_XI-0p0002_XF-0p0014_XL-0p0012_TE-0p0021_DT-9p96252133074e-06_H-778de5c076,new-data,True,406.350963493,0.484226878203,4.36170368492e-05,370.554621114,1.8388050057754548,P-336p384535968_VX-0p857000372961_LS-5p14827567032e-05_ST-367p720955238_M-TI64_XI-0p0002_XF-0p0014_XL-0p0012_TE-0p0021_DT-5p62907643359e-06_H-1d842653b1,0.0,0.0,1.8388050057754548,0.27430555996037553,0.8701887329474137,P-404p674556304_VX-0p544519129004_LS-4p43635630435e-05_ST-368p185027338_M-TI64_XI-0p0002_XF-0p0014_XL-0p0012_TE-0p0021_DT-8p85941438245e-06_H-4d45e0bf17,1.1271996779560653,0.8802826672026833,2.075511720211573,1.937227520218785,-0.594286455539143,-0.3611074356473149,-1.3192579140174878,-0.7078821317214646,0.6841686217779367,0.3826398567225414,0.745679012345679,False,False,False,0.8567901234567902,False,False,False,0.891358024691358,False,False,False,False,False
P-408p574656479_VX-0p243547442248_LS-8p65536608509e-05_ST-318p028622224_M-TI64_XI-0p0002_XF-0p0014_XL-0p0012_TE-0p0021_DT-1p98077243534e-05_H-1553ff852f,new-data,True,408.574656479,0.243547442248,8.65536608509e-05,318.028622224,1.5148011679922904,P-308p624203673_VX-0p258745269308_LS-8p46230110859e-05_ST-352p536460601_M-TI64_XI-0p0002_XF-0p0014_XL-0p0012_TE-0p0021_DT-1p86442852305e-05_H-19ea1511f8,0.6,0.8,1.5148011679922904,1.332959892167304,0.5319270598873199,P-375p190327887_VX-0p471971299611_LS-7p58652830639e-05_ST-330p289975384_M-TI64_XI-0p0002_XF-0p0014_XL-0p0012_TE-0p0021_DT-1p02212160082e-05_H-1553ff852f,1.096377069955073,0.5852636458267408,2.0986182054093296,1.9574604469398107,-1.624711004347101,-0.9345525486818453,1.6581072651014017,0.9309331843173365,-0.9789452968390783,-0.56289139584534,0.5432098765432098,False,False,False,0.05432098765432099,True,True,True,0.06172839506172839,True,True,True,True,True
P-409p380479822_VX-0p571506017722_LS-4p19025576691e-05_ST-383p379922389_M-TI64_XI-0p0002_XF-0p0014_XL-0p0012_TE-0p0021_DT-8p44106702891e-06_H-86665dad6a,new-data,True,409.380479822,0.571506017722,4.19025576691e-05,383.379922389,1.6602622215256495,P-336p384535968_VX-0p857000372961_LS-5p14827567032e-05_ST-367p720955238_M-TI64_XI-0p0002_XF-0p0014_XL-0p0012_TE-0p0021_DT-5p62907643359e-06_H-1d842653b1,0.0,0.0,1.6602622215256495,0.44838436749881455,0.7873591668548624,P-378p895448518_VX-0p547210222693_LS-4p25171421559e-05_ST-392p752580943_M-TI64_XI-0p0002_XF-0p0014_XL-0p0012_TE-0p0021_DT-8p81584517788e-06_H-dc75daed1b,1.0106262881853456,0.7714870364991279,2.106991548880871,1.9647924683796674,-0.22061694113980074,-0.15315532778053642,-1.438145477486659,-0.7733207824003415,1.0902520378321132,0.6135107289644385,0.6395061728395062,False,False,False,0.8592592592592593,False,False,False,0.5703703703703704,False,False,False,False,False
P-413p007329362_VX-0p214914258115_LS-4p25156575745e-05_ST-342p625619244_M-TI64_XI-0p0002_XF-0p0014_XL-0p0012_TE-0p0021_DT-2p24467219873e-05_H-c87ffcf9e3,new-data,True,413.007329362,0.214914258115,4.25156575745e-05,342.625619244,2.2353939025547596,P-287p102038097_VX-0p362628106341_LS-6p67475186474e-05_ST-334p763632341_M-TI64_XI-0p0002_XF-0p0014_XL-0p0012_TE-0p0021_DT-1p33032175903e-05_H-c5f6eebf67,0.0,0.0,2.2353939025547596,0.33694982758064645,0.8690105744293708,P-438p134561959_VX-0p25154969533_LS-4p05773405909e-05_ST-340p985774893_M-TI64_XI-0p0002_XF-0p0014_XL-0p0012_TE-0p0021_DT-1p91776046347e-05_H-dfeedce527,1.5204207871480022,0.8552349587755864,2.1446782914924247,1.997792429000583,-1.7472986933372736,-1.0027742455066488,-1.3956311356607443,-0.7499198388331043,-0.2001384399564131,-0.12011582006934439,0.8814814814814815,False,False,False,0.8617283950617284,False,False,False,0.8864197530864197,False,False,False,False,False
P-413p458184039_VX-0p35207482727_LS-4p49853708666e-05_ST-303p358380963_M-TI64_XI-0p0002_XF-0p0014_XL-0p0012_TE-0p0021_DT-1p37019753455e-05_H-ff013f97fe,new-data,True,413.458184039,0.35207482727,4.49853708666e-05,303.358380963,2.1119156351743253,P-328p176471421_VX-0p746856862244_LS-5p78341655667e-05_ST-308p284457774_M-TI64_XI-0p0002_XF-0p0014_XL-0p0012_TE-0p0021_DT-6p45923047225e-06_H-354781c6a2,0.0,0.0,2.1119156351743253,0.6169906186334208,0.7739055279848802,P-358p08766286_VX-0p398145183006_LS-4p39068251559e-05_ST-301p093308231_M-TI64_XI-0p0002_XF-0p0014_XL-0p0012_TE-0p0021_DT-1p21164861687e-05_H-3d091b92d3,1.3172836049804333,0.7174148813975864,2.149363140968511,2.001894663301363,-1.1600710516196453,-0.675974169002915,-1.2243731821240507,-0.6556552322548639,-1.4434444581350614,-0.826973410240447,0.854320987654321,False,False,False,0.8641975308641975,False,False,False,0.5111111111111111,False,False,False,False,False
P-420p548248194_VX-0p890019823061_LS-4p2728397196e-05_ST-342p58191385_M-TI64_XI-0p0002_XF-0p0014_XL-0p0012_TE-0p0021_DT-5p42023950256e-06_H-39de960155,new-data,True,420.548248194,0.890019823061,4.2728397196e-05,342.58191385,0.6687361538297456,P-441p843471056_VX-0p982124766198_LS-4p09875344609e-05_ST-327p495507906_M-TI64_XI-0p0002_XF-0p0014_XL-0p0012_TE-0p0021_DT-4p91192236368e-06_H-f55fc58583,0.2,0.1,0.6687361538297456,0.506222767817171,0.5691570500970292,P-429p223744451_VX-0p993777087019_LS-4p49939505126e-05_ST-337p477091824_M-TI64_XI-0p0002_XF-0p0014_XL-0p0012_TE-0p0021_DT-4p8543286679e-06_H-c87ffcf9e3,0.4048071241112224,0.5838277596645379,2.223036288961545,2.066405703898532,1.1430410832911249,0.6057386939747395,-1.3808790782738394,-0.741799942167994,-0.20152226988094835,-0.12090256980863753,0.08148148148148149,True,True,True,0.16049382716049382,False,True,True,0.0962962962962963,True,True,True,True,True
P-422p617573631_VX-0p52186874631_LS-4p33544604908e-05_ST-334p849986924_M-TI64_XI-0p0002_XF-0p0014_XL-0p0012_TE-0p0021_DT-9p24393468113e-06_H-eac21b41c2,new-data,True,422.617573631,0.52186874631,4.33544604908e-05,334.849986924,1.8537683652445158,P-347p783460623_VX-0p850325890926_LS-5p3362114496e-05_ST-354p131736173_M-TI64_XI-0p0002_XF-0p0014_XL-0p0012_TE-0p0021_DT-5p67326086915e-06_H-d1ce08951f,0.0,0.0,1.8537683652445158,0.4688441824594374,0.7981393052737449,P-435p358668153_VX-0p616312825798_LS-4p12302442682e-05_ST-330p720611029_M-TI64_XI-0p0002_XF-0p0014_XL-0p0012_TE-0p0021_DT-7p82738960003e-06_H-4dbd940f3b,1.1219822754902056,0.8025746464435713,2.2445387346140766,2.0852340719297184,-0.4331297501208362,-0.2714215627109773,-1.3374658128576262,-0.7179042088591218,-0.4463358014672722,-0.26008656831601146,0.7481481481481481,False,False,False,0.8666666666666667,False,False,False,0.6098765432098765,False,False,False,False,False
P-423p354289604_VX-0p98992750487_LS-4p35270321082e-05_ST-379p923005206_M-TI64_XI-0p0002_XF-0p0014_XL-0p0012_TE-0p0021_DT-4p87320594618e-06_H-4d45e0bf17,new-data,True,423.354289604,0.98992750487,4.35270321082e-05,379.923005206,0.7763145851271955,P-364p483174853_VX-0p95103094401_LS-4p26115279421e-05_ST-393p929813999_M-TI64_XI-0p0002_XF-0p0014_XL-0p0012_TE-0p0021_DT-5p07251697056e-06_H-1ef68d8f61,0.2,0.1,0.7763145851271955,0.27982928966742066,0.735046241004013,P-449p184068185_VX-0p980953819102_LS-4p30284180995e-05_ST-381p816740361_M-TI64_XI-0p0002_XF-0p0014_XL-0p0012_TE-0p0021_DT-4p91778563789e-06_H-c87ffcf9e3,0.6002596146038544,0.7150563601261812,2.252193980564056,2.091937299573895,1.5707773688694906,0.8437796868026093,-1.3254991355396644,-0.7113174541646325,0.9807967736953253,0.551282055485795,0.12345679012345678,False,True,True,0.16296296296296298,False,True,True,0.3802469135802469,False,False,False,True,True
P-426p513929333_VX-0p671876042338_LS-4p21074124626e-05_ST-335p829973615_M-TI64_XI-0p0002_XF-0p0014_XL-0p0012_TE-0p0021_DT-7p18007533983e-06_H-ff013f97fe,new-data,True,426.513929333,0.671876042338,4.21074124626e-05,335.829973615,1.3657783760885454,P-441p843471056_VX-0p982124766198_LS-4p09875344609e-05_ST-327p495507906_M-TI64_XI-0p0002_XF-0p0014_XL-0p0012_TE-0p0021_DT-4p91192236368e-06_H-f55fc58583,0.0,0.0,1.3657783760885454,0.2904458150985455,0.8246337563211356,P-445p244311553_VX-0p680564934933_LS-4p06442633709e-05_ST-341p721757622_M-TI64_XI-0p0002_XF-0p0014_XL-0p0012_TE-0p0021_DT-7p0884060512e-06_H-c87ffcf9e3,0.768251179160439,0.8074048321900815,2.285025926830033,2.1206862138818434,0.2090987797667524,0.08598724741629982,-1.423940179722253,-0.7655018357328421,-0.4153067960165684,-0.24244562739108866,0.4666666666666667,False,False,False,0.8691358024691358,False,False,False,0.7135802469135802,False,False,False,False,False
P-429p223744451_VX-0p993777087019_LS-4p49939505126e-05_ST-337p477091824_M-TI64_XI-0p0002_XF-0p0014_XL-0p0012_TE-0p0021_DT-4p8543286679e-06_H-c87ffcf9e3,new-data,True,429.223744451,0.993777087019,4.49939505126e-05,337.477091824,0.4435659871271194,P-441p843471056_VX-0p982124766198_LS-4p09875344609e-05_ST-327p495507906_M-TI64_XI-0p0002_XF-0p0014_XL-0p0012_TE-0p0021_DT-4p91192236368e-06_H-f55fc58583,0.2,0.2,0.4435659871271194,0.506222767817171,0.4670154124462514,P-420p548248194_VX-0p890019823061_LS-4p2728397196e-05_ST-342p58191385_M-TI64_XI-0p0002_XF-0p0014_XL-0p0012_TE-0p0021_DT-5p42023950256e-06_H-39de960155,0.2638642891059548,0.477647656099354,2.313183727078058,2.1453422662484276,1.587258643778761,0.85295173784141,-1.2237782415612215,-0.6553277622779409,-0.3631546184876414,-0.21279551551897202,0.024691358024691357,True,True,True,0.1654320987654321,False,True,True,0.04197530864197531,True,True,True,True,True
P-433p517899565_VX-0p4209966739_LS-4p21798941345e-05_ST-396p810205947_M-TI64_XI-0p0002_XF-0p0014_XL-0p0012_TE-0p0021_DT-1p1458809302e-05_H-204261a8b1,new-data,True,433.517899565,0.4209966739,4.21798941345e-05,396.810205947,2.3818609310836423,P-364p483174853_VX-0p95103094401_LS-4p26115279421e-05_ST-393p929813999_M-TI64_XI-0p0002_XF-0p0014_XL-0p0012_TE-0p0021_DT-5p07251697056e-06_H-1ef68d8f61,0.0,0.0,2.3818609310836423,0.3943169486550206,0.8579640910141753,P-440p884222701_VX-0p405879510898_LS-4p4918885946e-05_ST-386p365641032_M-TI64_XI-0p0002_XF-0p0014_XL-0p0012_TE-0p0021_DT-1p18855977537e-05_H-410a3c6302,1.4115020202838118,0.8608363522812198,2.3578044693312377,2.184413903519077,-0.8649948959234541,-0.5117603217564117,-1.4189140648131993,-0.7627353379747251,1.515490814595965,0.8552720110588788,0.9135802469135802,False,False,False,0.8716049382716049,False,False,False,0.8469135802469135,False,False,False,False,False
P-435p358668153_VX-0p616312825798_LS-4p12302442682e-05_ST-330p720611029_M-TI64_XI-0p0002_XF-0p0014_XL-0p0012_TE-0p0021_DT-7p82738960003e-06_H-4dbd940f3b,new-data,True,435.358668153,0.616312825798,4.12302442682e-05,330.720611029,1.5710177620180137,P-441p843471056_VX-0p982124766198_LS-4p09875344609e-05_ST-327p495507906_M-TI64_XI-0p0002_XF-0p0014_XL-0p0012_TE-0p0021_DT-4p91192236368e-06_H-f55fc58583,0.0,0.0,1.5710177620180137,0.3080691933212046,0.8360537853525831,P-426p513929333_VX-0p671876042338_LS-4p21074124626e-05_ST-335p829973615_M-TI64_XI-0p0002_XF-0p0014_XL-0p0012_TE-0p0021_DT-7p18007533983e-06_H-ff013f97fe,0.8755579131749929,0.8269236218530688,2.3769319713735166,2.201162679625245,-0.02878486869024833,-0.04639820073349468,-1.4847658757092907,-0.7989818008010764,-0.5770829109236444,-0.3344203086509585,0.5654320987654321,False,False,False,0.8740740740740741,False,False,False,0.7654320987654321,False,False,False,False,False
P-438p134561959_VX-0p25154969533_LS-4p05773405909e-05_ST-340p985774893_M-TI64_XI-0p0002_XF-0p0014_XL-0p0012_TE-0p0021_DT-1p91776046347e-05_H-dfeedce527,new-data,True,438.134561959,0.25154969533,4.05773405909e-05,340.985774893,2.453807118155822,P-287p102038097_VX-0p362628106341_LS-6p67475186474e-05_ST-334p763632341_M-TI64_XI-0p0002_XF-0p0014_XL-0p0012_TE-0p0021_DT-1p33032175903e-05_H-c5f6eebf67,0.0,0.0,2.453807118155822,0.33694982758064645,0.8792622094534547,P-413p007329362_VX-0p214914258115_LS-4p25156575745e-05_ST-342p625619244_M-TI64_XI-0p0002_XF-0p0014_XL-0p0012_TE-0p0021_DT-2p24467219873e-05_H-c87ffcf9e3,1.7227824250444113,0.870029289566079,2.4057763979839812,2.2264199684307364,-1.590450835883815,-0.9154863043850273,-1.53004034055857,-0.8239019842373644,-0.252060307643785,-0.14963499373540878,0.9407407407407408,False,False,False,0.8765432098765432,False,False,False,0.908641975308642,False,False,False,False,False
P-440p884222701_VX-0p405879510898_LS-4p4918885946e-05_ST-386p365641032_M-TI64_XI-0p0002_XF-0p0014_XL-0p0012_TE-0p0021_DT-1p18855977537e-05_H-410a3c6302,new-data,True,440.884222701,0.405879510898,4.4918885946e-05,386.365641032,2.3377416169130387,P-336p384535968_VX-0p857000372961_LS-5p14827567032e-05_ST-367p720955238_M-TI64_XI-0p0002_XF-0p0014_XL-0p0012_TE-0p0021_DT-5p62907643359e-06_H-1d842653b1,0.0,0.0,2.3377416169130387,0.3943169486550206,0.8556703894914373,P-433p517899565_VX-0p4209966739_LS-4p21798941345e-05_ST-396p810205947_M-TI64_XI-0p0002_XF-0p0014_XL-0p0012_TE-0p0021_DT-1p1458809302e-05_H-204261a8b1,1.4821057881136015,0.8665812695184791,2.434348235748403,2.251438567963508,-0.9297162370043127,-0.5477786180933872,-1.2289834627908096,-0.658192844577635,1.184787893164375,0.6672572611197464,0.9061728395061729,False,False,False,0.8790123456790123,False,False,False,0.837037037037037,False,False,False,False,False
P-441p843471056_VX-0p982124766198_LS-4p09875344609e-05_ST-327p495507906_M-TI64_XI-0p0002_XF-0p0014_XL-0p0012_TE-0p0021_DT-4p91192236368e-06_H-f55fc58583,new-data,False,441.843471056,0.982124766198,4.09875344609e-05,327.495507906,0.4435659871271194,P-429p223744451_VX-0p993777087019_LS-4p49939505126e-05_ST-337p477091824_M-TI64_XI-0p0002_XF-0p0014_XL-0p0012_TE-0p0021_DT-4p8543286679e-06_H-c87ffcf9e3,1.0,1.0,0.4435659871271194,1.6496311715012881,0.211908364818234,P-347p783460623_VX-0p850325890926_LS-5p3362114496e-05_ST-354p131736173_M-TI64_XI-0p0002_XF-0p0014_XL-0p0012_TE-0p0021_DT-5p67326086915e-06_H-d1ce08951f,0.2638642891059548,0.1888761041410776,2.4443158248244696,2.2601665721422197,1.5373713845000356,0.8251888074364946,-1.5015961632711878,-0.8082456066731988,-0.679198320552868,-0.392476049807579,0.027160493827160494,True,True,True,0.012345679012345678,True,True,True,0.0024691358024691358,True,True,True,True,True
P-445p244311553_VX-0p680564934933_LS-4p06442633709e-05_ST-341p721757622_M-TI64_XI-0p0002_XF-0p0014_XL-0p0012_TE-0p0021_DT-7p0884060512e-06_H-c87ffcf9e3,new-data,True,445.244311553,0.680564934933,4.06442633709e-05,341.721757622,1.3680575402773039,P-441p843471056_VX-0p982124766198_LS-4p09875344609e-05_ST-327p495507906_M-TI64_XI-0p0002_XF-0p0014_XL-0p0012_TE-0p0021_DT-4p91192236368e-06_H-f55fc58583,0.0,0.0,1.3680575402773039,0.2904458150985455,0.8248747497814228,P-426p513929333_VX-0p671876042338_LS-4p21074124626e-05_ST-335p829973615_M-TI64_XI-0p0002_XF-0p0014_XL-0p0012_TE-0p0021_DT-7p18007533983e-06_H-ff013f97fe,0.7635131578214315,0.7847858127128476,2.4796540981826154,2.2911101228027233,0.2462986684748081,0.10668948554692365,-1.5253996972966792,-0.821347659592475,-0.22875712167249132,-0.13638641805240195,0.4740740740740741,False,False,False,0.8814814814814815,False,False,False,0.7160493827160493,False,False,False,False,False
P-446p579563616_VX-0p74347743801_LS-4p27116473193e-05_ST-393p115972114_M-TI64_XI-0p0002_XF-0p0014_XL-0p0012_TE-0p0021_DT-6p48859044859e-06_H-4a563c0a8f,new-data,True,446.579563616,0.74347743801,4.27116473193e-05,393.115972114,1.2320912882574366,P-364p483174853_VX-0p95103094401_LS-4p26115279421e-05_ST-393p929813999_M-TI64_XI-0p0002_XF-0p0014_XL-0p0012_TE-0p0021_DT-5p07251697056e-06_H-1ef68d8f61,0.0,0.0,1.2320912882574366,0.6488093969998147,0.6550538781312226,P-391p91054261_VX-0p798138981731_LS-4p10405950637e-05_ST-398p591592241_M-TI64_XI-0p0002_XF-0p0014_XL-0p0012_TE-0p0021_DT-6p04421123819e-06_H-eac21b41c2,0.895965782006618,0.6441750099282811,2.4935287572399707,2.3032593076564174,0.5156469297430358,0.2565854136935263,-1.3820405692107873,-0.7424392554609217,1.398521469202747,0.78877135200982,0.362962962962963,False,False,False,0.8839506172839506,False,False,False,0.2074074074074074,False,False,True,False,False
P-446p862811862_VX-0p39827443832_LS-4p33402817419e-05_ST-361p067570798_M-TI64_XI-0p0002_XF-0p0014_XL-0p0012_TE-0p0021_DT-1p21125539047e-05_H-4b0ba6b8ba,new-data,True,446.862811862,0.39827443832,4.33402817419e-05,361.067570798,2.310151767652082,P-347p783460623_VX-0p850325890926_LS-5p3362114496e-05_ST-354p131736173_M-TI64_XI-0p0002_XF-0p0014_XL-0p0012_TE-0p0021_DT-5p67326086915e-06_H-d1ce08951f,0.0,0.0,2.310151767652082,0.6349988497610027,0.7843917231239049,P-406p350963493_VX-0p484226878203_LS-4p36170368492e-05_ST-370p554621114_M-TI64_XI-0p0002_XF-0p0014_XL-0p0012_TE-0p0021_DT-9p96252133074e-06_H-778de5c076,1.461053220450394,0.7625047869601348,2.496472001403934,2.3058365253934245,-0.9622759505034861,-0.5658985363440783,-1.3384490134291627,-0.7184453867323207,0.38378317912882315,0.2118615229825666,0.891358024691358,False,False,False,0.8864197530864197,False,False,False,0.5530864197530864,False,False,False,False,False
P-447p413798058_VX-0p91078629156_LS-5p3177056457e-05_ST-328p907838563_M-TI64_XI-0p0002_XF-0p0014_XL-0p0012_TE-0p0021_DT-5p29665482201e-06_H-1553ff852f,new-data,True,447.413798058,0.91078629156,5.3177056457e-05,328.907838563,0.9017201488629012,P-441p843471056_VX-0p982124766198_LS-4p09875344609e-05_ST-327p495507906_M-TI64_XI-0p0002_XF-0p0014_XL-0p0012_TE-0p0021_DT-4p91192236368e-06_H-f55fc58583,0.2,0.2,0.9017201488629012,0.7467131150606929,0.5470164723057278,P-429p223744451_VX-0p993777087019_LS-4p49939505126e-05_ST-337p477091824_M-TI64_XI-0p0002_XF-0p0014_XL-0p0012_TE-0p0021_DT-4p8543286679e-06_H-c87ffcf9e3,0.4985634486351168,0.5349574109506227,2.5021973216087448,2.310849835863058,1.231948882366313,0.6552170793153284,-0.6563350561134623,-0.3429930208711663,-0.6344801462585498,-0.3670523966953399,0.19506172839506172,False,True,True,0.16790123456790124,False,True,True,0.07160493827160494,True,True,True,True,True
P-449p184068185_VX-0p980953819102_LS-4p30284180995e-05_ST-381p816740361_M-TI64_XI-0p0002_XF-0p0014_XL-0p0012_TE-0p0021_DT-4p91778563789e-06_H-c87ffcf9e3,new-data,True,449.184068185,0.980953819102,4.30284180995e-05,381.816740361,0.9690069166907005,P-364p483174853_VX-0p95103094401_LS-4p26115279421e-05_ST-393p929813999_M-TI64_XI-0p0002_XF-0p0014_XL-0p0012_TE-0p0021_DT-5p07251697056e-06_H-1ef68d8f61,0.2,0.1,0.9690069166907005,0.27982928966742066,0.775927949363781,P-423p354289604_VX-0p98992750487_LS-4p35270321082e-05_ST-379p923005206_M-TI64_XI-0p0002_XF-0p0014_XL-0p0012_TE-0p0021_DT-4p87320594618e-06_H-4d45e0bf17,0.8042533611351368,0.7707625620459878,2.520592271245716,2.32695716092165,1.532358190795778,0.8223988977495335,-1.3600746528711039,-0.7303486726930553,1.0407575047810955,0.5853715694594136,0.2271604938271605,False,False,True,0.17037037037037037,False,True,True,0.5209876543209877,False,False,False,False,True
P-449p762375807_VX-0p721910835583_LS-4p02949716673e-05_ST-312p266645761_M-TI64_XI-0p0002_XF-0p0014_XL-0p0012_TE-0p0021_DT-6p68243273994e-06_H-c87ffcf9e3,new-data,True,449.762375807,0.721910835583,4.02949716673e-05,312.266645761,1.21766422328343,P-441p843471056_VX-0p982124766198_LS-4p09875344609e-05_ST-327p495507906_M-TI64_XI-0p0002_XF-0p0014_XL-0p0012_TE-0p0021_DT-4p91192236368e-06_H-f55fc58583,0.0,0.1,1.21766422328343,0.7565770870555606,0.6167757795901601,P-435p358668153_VX-0p616312825798_LS-4p12302442682e-05_ST-330p720611029_M-TI64_XI-0p0002_XF-0p0014_XL-0p0012_TE-0p0021_DT-7p82738960003e-06_H-4dbd940f3b,0.6822222740796441,0.6088444991294035,2.5266014895108366,2.332219063446775,0.42331350504896625,0.20520062164658906,-1.54962072025397,-0.8346795087290604,-1.1613849163963816,-0.6666139130265272,0.3506172839506173,False,False,False,0.8888888888888888,False,False,False,0.1506172839506173,False,True,True,False,False
P-101p127472137_VX-0p52394730996_LS-4p5e-05_ST-300_M-TI64_XI--0p0002_XF-0p0012_XL-0p0014_TE-0p00125_DT-3p56864695376e-06_H-b0e5aed98c,old-data-local,False,101.127472137,0.52394730996,4.5e-05,300.0,1.0389978963674111,P-135p208661893_VX-0p295797438033_LS-4p5e-05_ST-300_M-TI64_XI--0p0002_XF-0p0012_XL-0p0014_TE-0p00125_DT-6p32116012922e-06_H-fb250c7cf9,0.0,0.0,1.0389978963674111,0.15349479380920344,0.8712824027571439,P-99p5435087092_VX-0p559592851831_LS-4p5e-05_ST-300_M-TI64_XI--0p0002_XF-0p0012_XL-0p0014_TE-0p00125_DT-3p34132747676e-06_H-306f9d252b,0.6258218140072034,0.8790059585032003,-1.0960781212940311,-0.8399384703302296,-0.42423076378774394,-0.26646915719077074,-1.223358750426204,-0.6550968639985392,-1.5497798014244029,-0.8874283130628675,0.254320987654321,False,False,True,0.17777777777777778,False,True,True,0.8938271604938272,False,False,False,False,True
P-104p101541641_VX-0p916529700054_LS-8p82882842693e-05_ST-394p968412652_M-TI64_XI-0p0002_XF-0p0014_XL-0p0012_TE-0p0021_DT-5p2634634783e-06_H-6014a1f9c3,old-data-local,False,104.101541641,0.916529700054,8.82882842693e-05,394.968412652,3.254328238655684,P-243p936893462_VX-0p545516283598_LS-5p6904291389e-05_ST-360p082453969_M-TI64_XI-0p0002_XF-0p0014_XL-0p0012_TE-0p0021_DT-8p84322017154e-06_H-e0ed0fec98,0.0,0.0,3.254328238655684,0.6320871051662749,0.8373598678352606,P-122p399838052_VX-0p958262341264_LS-8p77032416896e-05_ST-376p830559352_M-TI64_XI-0p0002_XF-0p0014_XL-0p0012_TE-0p0021_DT-5p03423790676e-06_H-79d0c72bd8,2.0565796409646087,0.8439026846020273,-1.065174442861835,-0.8128780214658785,1.2565382249604027,0.6689013790145395,1.778391695582565,0.9971407050930954,1.4571747020257924,0.8221175131341564,1.0,False,False,False,0.18765432098765433,False,True,True,0.7679012345679013,False,False,False,False,False
P-105p276295276_VX-0p639039009111_LS-7p6636834293e-05_ST-367p44858305_M-TI64_XI-0p0002_XF-0p0014_XL-0p0012_TE-0p00125_DT-1p00822530836e-05_H-bf889bf790,old-data-local,False,105.276295276,0.639039009111,7.6636834293e-05,367.44858305,2.0403427690264624,P-243p936893462_VX-0p545516283598_LS-5p6904291389e-05_ST-360p082453969_M-TI64_XI-0p0002_XF-0p0014_XL-0p0012_TE-0p0021_DT-8p84322017154e-06_H-e0ed0fec98,0.0,0.0,2.0403427690264624,0.5637328298614394,0.7835190229875862,P-140p236446589_VX-0p550532928497_LS-7p91865165046e-05_ST-370p758962256_M-TI64_XI-0p0002_XF-0p0014_XL-0p0012_TE-0p0021_DT-8p76263771576e-06_H-a88ac79600,1.4467095744456884,0.7841034045995059,-1.052967529565335,-0.802189178913486,0.06851308737943185,0.0077494197603617376,0.9704422526010278,0.5524253806077716,0.5858231310656022,0.32672743005307875,0.8222222222222222,False,False,False,0.19012345679012346,False,True,True,0.5481481481481482,False,False,False,False,False
P-107p176159755_VX-0p320752066655_LS-8p75302281584e-05_ST-393p859643937_M-TI64_XI-0p0002_XF-0p0014_XL-0p0012_TE-0p0021_DT-1p50400296819e-05_H-8daf8adcd4,old-data-local,False,107.176159755,0.320752066655,8.75302281584e-05,393.859643937,2.4268649552970536,P-238p319282705_VX-0p253960262605_LS-5p92121677448e-05_ST-384p128817665_M-TI64_XI-0p0002_XF-0p0014_XL-0p0012_TE-0p0021_DT-1p89955725889e-05_H-452de4062d,0.0,0.0,2.4268649552970536,0.48804767460113846,0.832568678184298,P-80p5741190929_VX-0p403249617425_LS-8p97039861056e-05_ST-397p637850573_M-TI64_XI-0p0002_XF-0p0014_XL-0p0012_TE-0p0021_DT-1p19631126592e-05_H-6464f5e6a2,1.6272917576417176,0.8315081410131201,-1.033225959691194,-0.7849027014071496,-1.294173665522088,-0.7506040763323495,1.725825618931485,0.9682070384659626,1.422068112500378,0.8021583406470698,0.928395061728395,False,False,False,0.1925925925925926,False,True,True,0.7407407407407407,False,False,False,False,False
P-109p759946449_VX-0p241926176876_LS-4p5e-05_ST-300_M-TI64_XI--0p0002_XF-0p0012_XL-0p0014_TE-0p00125_DT-7p72873359867e-06_H-fb250c7cf9,old-data-local,False,109.759946449,0.241926176876,4.5e-05,300.0,0.32519432616678984,P-140p539865228_VX-0p255658736827_LS-4p5e-05_ST-300_M-TI64_XI--0p0002_XF-0p0012_XL-0p0014_TE-0p00125_DT-7p31358918074e-06_H-fb250c7cf9,0.6,0.3,0.32519432616678984,0.24282621327691825,0.5725045197930156,P-126p228008246_VX-0p201684842681_LS-4p5e-05_ST-300_M-TI64_XI--0p0002_XF-0p0012_XL-0p0014_TE-0p00125_DT-9p27081552964e-06_H-306f9d252b,0.2647478482673574,0.5981143298929481,-1.0063777259759528,-0.7613933558402957,-1.6316521525711372,-0.9384153909758557,-1.223358750426204,-0.6550968639985392,-1.5497798014244029,-0.8874283130628675,0.009876543209876543,True,True,True,0.024691358024691357,True,True,True,0.10864197530864197,False,True,True,True,True
P-110p234671953_VX-0p866589137882_LS-8p08580037422e-05_ST-348p980680204_M-TI64_XI-0p0002_XF-0p0014_XL-0p0012_TE-0p0021_DT-5p56679098795e-06_H-6705b84f8a,old-data-local,False,110.234671953,0.866589137882,8.08580037422e-05,348.980680204,2.521260059073695,P-228p959503311_VX-0p480404321045_LS-6p0796636822e-05_ST-336p115873803_M-TI64_XI-0p0002_XF-0p0014_XL-0p0012_TE-0p0021_DT-1p00417926977e-05_H-ba17ade68b,0.0,0.0,2.521260059073695,0.46784396671854517,0.8434835446737099,P-139p278080234_VX-0p813607985113_LS-8p25985701782e-05_ST-356p830860854_M-TI64_XI-0p0002_XF-0p0014_XL-0p0012_TE-0p0021_DT-5p9292935803e-06_H-6014a1f9c3,1.628962454622153,0.8334742437224657,-1.0014448337555637,-0.7570739257771052,1.0427269326116853,0.5499125206349433,1.2631518734764582,0.7135399839512976,0.0010798245142850601,-0.005717067515625029,0.9481481481481482,False,False,False,0.20246913580246914,False,False,True,0.7901234567901234,False,False,False,False,False
P-110p642328299_VX-0p274154737479_LS-7p4676600105e-05_ST-358p612942181_M-TI64_XI-0p0002_XF-0p0014_XL-0p0012_TE-0p0021_DT-1p7596342297e-05_H-b40dbd8ddd,old-data-local,False,110.642328299,0.274154737479,7.4676600105e-05,358.612942181,1.8895094434243083,P-238p319282705_VX-0p253960262605_LS-5p92121677448e-05_ST-384p128817665_M-TI64_XI-0p0002_XF-0p0014_XL-0p0012_TE-0p0021_DT-1p89955725889e-05_H-452de4062d,0.0,0.0,1.8895094434243083,0.4079589533986938,0.8224310924307685,P-145p536707456_VX-0p311971481812_LS-7p55813970315e-05_ST-356p422554756_M-TI64_XI-0p0002_XF-0p0014_XL-0p0012_TE-0p0021_DT-1p54633384276e-05_H-f404b6f8f4,1.358343402742523,0.8025596077152627,-0.9972088599120862,-0.7533647442363496,-1.493671523331648,-0.8616273159806034,0.8345132374544588,0.47760669411322776,0.30606305758448865,0.16767525104356948,0.7654320987654321,False,False,False,0.20493827160493827,False,False,True,0.7012345679012346,False,False,False,False,False
P-112p428225508_VX-0p704865651228_LS-6p30987392704e-05_ST-309p241492678_M-TI64_XI-0p0002_XF-0p0014_XL-0p0012_TE-0p0021_DT-6p84402849623e-06_H-30d8d23b36,old-data-local,False,112.428225508,0.704865651228,6.30987392704e-05,309.241492678,1.595766573065611,P-243p042265843_VX-0p642372627708_LS-5p19118052277e-05_ST-314p809567363_M-TI64_XI-0p0002_XF-0p0014_XL-0p0012_TE-0p0021_DT-7p50984770355e-06_H-ac0fcec187,0.0,0.0,1.595766573065611,0.47390718121326003,0.7710232444927622,P-115p973342836_VX-0p629021136955_LS-5p81694798744e-05_ST-308p264473639_M-TI64_XI-0p0002_XF-0p0014_XL-0p0012_TE-0p0021_DT-7p66925039494e-06_H-27614c4053,1.1694992169828198,0.8161523930396755,-0.9786515286238755,-0.7371152315614998,0.3503376966727444,0.16458860329793848,0.0316667049404547,0.035700137557756195,-1.2571693718014239,-0.721070312604359,0.5901234567901235,False,False,False,0.20987654320987653,False,False,True,0.49876543209876545,False,False,False,False,False
P-112p904894498_VX-0p537693260466_LS-4p63068354409e-05_ST-322p169166627_M-TI64_XI-0p0002_XF-0p0014_XL-0p0012_TE-0p00125_DT-1p19825809506e-05_H-bf889bf790,old-data-local,False,112.904894498,0.537693260466,4.63068354409e-05,322.169166627,1.0435896907170528,P-211p816522505_VX-0p520710876808_LS-4p80782604054e-05_ST-318p660442183_M-TI64_XI-0p0002_XF-0p0014_XL-0p0012_TE-0p0021_DT-9p26448979247e-06_H-5a4acb0e81,0.0,0.0,1.0435896907170528,0.56802551600988,0.6475427176171311,P-160p605564338_VX-0p585171267024_LS-4p89218084001e-05_ST-323p833105745_M-TI64_XI-0p0002_XF-0p0014_XL-0p0012_TE-0p0021_DT-8p24394647322e-06_H-0602c4a780,0.7315062381295183,0.6700003243503614,-0.9736984415605948,-0.7327781181175239,-0.3653800157299424,-0.23371792478737596,-1.1327385298792862,-0.6052172568826085,-0.847844562482705,-0.4883566089128663,0.25925925925925924,False,False,True,0.2123456790123457,False,False,True,0.2,False,True,True,False,True
P-113p286681534_VX-0p56768277259_LS-5p80401726566e-05_ST-302p148970527_M-TI64_XI-0p0002_XF-0p0014_XL-0p0012_TE-0p00125_DT-1p13495658689e-05_H-bf889bf790,old-data-local,False,113.286681534,0.56768277259,5.80401726566e-05,302.148970527,1.35616177313135,P-211p816522505_VX-0p520710876808_LS-4p80782604054e-05_ST-318p660442183_M-TI64_XI-0p0002_XF-0p0014_XL-0p0012_TE-0p0021_DT-9p26448979247e-06_H-5a4acb0e81,0.0,0.0,1.35616177313135,0.32759276043928237,0.8054391219695326,P-115p973342836_VX-0p629021136955_LS-5p81694798744e-05_ST-308p264473639_M-TI64_XI-0p0002_XF-0p0014_XL-0p0012_TE-0p0021_DT-7p66925039494e-06_H-27614c4053,0.8418124615117003,0.8201020977869866,-0.9697312767803984,-0.7293043161263953,-0.23698545897553291,-0.16226462799216068,-0.3191107593423712,-0.15737644069324305,-1.4817376343132906,-0.8487442549380324,0.4617283950617284,False,False,False,0.21481481481481482,False,False,True,0.6419753086419753,False,False,False,False,False
P-114p820217584_VX-0p948189613582_LS-6p03705790634e-05_ST-353p560035146_M-TI64_XI-0p0002_XF-0p0014_XL-0p0012_TE-0p0021_DT-5p08771719698e-06_H-d4c4d1b9c0,old-data-local,False,114.820217584,0.948189613582,6.03705790634e-05,353.560035146,2.1120387228434123,P-223p161294482_VX-0p578452940205_LS-4p86833733719e-05_ST-359p100984903_M-TI64_XI-0p0002_XF-0p0014_XL-0p0012_TE-0p0021_DT-8p33969415266e-06_H-1e85da8953,0.0,0.0,2.1120387228434123,0.49813911326061006,0.8091551056903704,P-143p909481867_VX-0p917293492006_LS-5p50242100517e-05_ST-352p206869428_M-TI64_XI-0p0002_XF-0p0014_XL-0p0012_TE-0p0021_DT-5p25908081225e-06_H-cf6d926251,1.3988341952334808,0.8030418898537529,-0.9537962406658623,-0.7153509859144245,1.3920842967838714,0.7443345900809055,-0.15751279839119897,-0.06842893257272631,0.14607447674883356,0.07671683770776573,0.8567901234567902,False,False,False,0.21975308641975308,False,False,True,0.6518518518518519,False,False,False,False,False
P-115p281467344_VX-0p424433079834_LS-5p4086019252e-05_ST-352p652659088_M-TI64_XI-0p0002_XF-0p0014_XL-0p0012_TE-0p0021_DT-1p13660334979e-05_H-d616b14147,old-data-local,False,115.281467344,0.424433079834,5.4086019252e-05,352.652659088,1.141904372564999,P-212p944274192_VX-0p351323873231_LS-4p80439392259e-05_ST-351p894554175_M-TI64_XI-0p0002_XF-0p0014_XL-0p0012_TE-0p0021_DT-1p37312632889e-05_H-7c2e16b959,0.0,0.0,1.141904372564999,0.5555601683319487,0.6727117680830091,P-111p098510779_VX-0p492021331775_LS-4p80108469254e-05_ST-345p911753718_M-TI64_XI-0p0002_XF-0p0014_XL-0p0012_TE-0p0021_DT-9p80469807196e-06_H-0602c4a780,0.9345302363906622,0.7511307021537461,-0.949003375455148,-0.7111541688839593,-0.8502825586603528,-0.5035727082968903,-0.5933046190944634,-0.3082995118962534,0.11734451856869588,0.06038297564323684,0.2962962962962963,False,False,True,0.2222222222222222,False,False,True,0.2345679012345679,False,False,True,False,True
P-116p440418649_VX-0p621036488786_LS-7p33150072515e-05_ST-327p034160515_M-TI64_XI-0p0002_XF-0p0014_XL-0p0012_TE-0p0021_DT-7p76785372538e-06_H-3f4a2df486,old-data-local,False,116.440418649,0.621036488786,7.33150072515e-05,327.034160515,1.6017931330879513,P-228p959503311_VX-0p480404321045_LS-6p0796636822e-05_ST-336p115873803_M-TI64_XI-0p0002_XF-0p0014_XL-0p0012_TE-0p0021_DT-1p00417926977e-05_H-ba17ade68b,0.0,0.0,1.6017931330879513,0.610137714047034,0.7241605835746094,P-145p249113956_VX-0p501139719932_LS-7p51242767898e-05_ST-325p186450026_M-TI64_XI-0p0002_XF-0p0014_XL-0p0012_TE-0p0021_DT-9p62629863717e-06_H-30d8d23b36,1.1897218537296412,0.7628169504007846,-0.9369606648190574,-0.700609108493459,-0.008561378121486572,-0.03514355637494135,0.7400959597945409,0.425637092999819,-0.6938058155744588,-0.4007808585822714,0.6,False,False,False,0.2271604938271605,False,False,True,0.34814814814814815,False,False,False,False,False
P-116p693370328_VX-0p231004403842_LS-8p2871053211e-05_ST-317p198938228_M-TI64_XI-0p0002_XF-0p0014_XL-0p0012_TE-0p0021_DT-2p08832408507e-05_H-d147d48e9f,old-data-local,False,116.693370328,0.231004403842,8.2871053211e-05,317.198938228,2.2809670126346075,P-228p959503311_VX-0p480404321045_LS-6p0796636822e-05_ST-336p115873803_M-TI64_XI-0p0002_XF-0p0014_XL-0p0012_TE-0p0021_DT-1p00417926977e-05_H-ba17ade68b,0.0,0.0,2.2809670126346075,0.7050394655491762,0.7638854869537954,P-144p684844876_VX-0p221020126644_LS-8p32765690701e-05_ST-337p418493583_M-TI64_XI-0p0002_XF-0p0014_XL-0p0012_TE-0p0021_DT-2p18266122469e-05_H-73ae961aa0,1.4907617717759167,0.7700602199820388,-0.9343322335277958,-0.6983075530101305,-1.67841170644032,-0.964437711275753,1.4027432719993516,0.7903745366930923,-1.0052153160859494,-0.5778267072064113,0.8888888888888888,False,False,False,0.22962962962962963,False,False,True,0.4666666666666667,False,False,False,False,False
P-118p4900546_VX-0p535113778256_LS-4p79907961621e-05_ST-385p412174328_M-TI64_XI-0p0002_XF-0p0014_XL-0p0012_TE-0p0021_DT-9p01513061154e-06_H-dd169576f0,old-data-local,False,118.4900546,0.535113778256,4.79907961621e-05,385.412174328,0.9733264999823983,P-202p397397496_VX-0p555230188132_LS-4p52196790327e-05_ST-397p348654616_M-TI64_XI-0p0002_XF-0p0014_XL-0p0012_TE-0p0021_DT-8p68850560746e-06_H-0011cc30ec,0.0,0.1,0.9733264999823983,0.39793745836567745,0.7098024374205373,P-124p08408212_VX-0p537482635976_LS-5p36452858207e-05_ST-384p350705088_M-TI64_XI-0p0002_XF-0p0014_XL-0p0012_TE-0p0021_DT-8p97539805031e-06_H-1d842653b1,0.8015724782783828,0.782626340822556,-0.9156628134246697,-0.6819598910599141,-0.3764235923523103,-0.23986382363251257,-1.0159672156253687,-0.5409434420293252,1.1545985815878144,0.6500937119066629,0.23209876543209876,False,False,True,0.23950617283950618,False,False,True,0.30864197530864196,False,False,False,False,True
P-119p65849417_VX-0p305673131798_LS-5p10692886867e-05_ST-393p327897391_M-TI64_XI-0p0002_XF-0p0014_XL-0p0012_TE-0p0021_DT-1p57819582462e-05_H-cb2618ba4f,old-data-local,False,119.65849417,0.305673131798,5.10692886867e-05,393.327897391,1.0279283294408437,P-208p096600196_VX-0p256636148953_LS-4p52492384214e-05_ST-395p602757306_M-TI64_XI-0p0002_XF-0p0014_XL-0p0012_TE-0p0021_DT-1p87975101041e-05_H-1980b1708d,0.0,0.1,1.0279283294408437,0.5721989365544472,0.6424041082766406,P-149p779509657_VX-0p251536582152_LS-4p84927831067e-05_ST-381p35096431_M-TI64_XI-0p0002_XF-0p0014_XL-0p0012_TE-0p0021_DT-1p91786044071e-05_H-6af407d4ba,0.8439102125044778,0.6992434429388377,-0.903521509837054,-0.6713284988908528,-1.358731339861303,-0.7865312899274878,-0.8024945297765944,-0.42344280435865767,1.4052315915294757,0.7925862622799184,0.2518518518518518,False,False,True,0.24444444444444444,False,False,True,0.18271604938271604,False,True,True,False,True
P-122p148440758_VX-0p768953415756_LS-4p5e-05_ST-300_M-TI64_XI--0p0002_XF-0p0012_XL-0p0014_TE-0p00125_DT-2p43159459768e-06_H-306f9d252b,old-data-local,False,122.148440758,0.768953415756,4.5e-05,300.0,1.5235990846868002,P-243p042265843_VX-0p642372627708_LS-5p19118052277e-05_ST-314p809567363_M-TI64_XI-0p0002_XF-0p0014_XL-0p0012_TE-0p0021_DT-7p50984770355e-06_H-ac0fcec187,0.0,0.0,1.5235990846868002,0.1798149758558055,0.8944384809184168,P-133p003569327_VX-0p736244453131_LS-4p5e-05_ST-300_M-TI64_XI--0p0002_XF-0p0012_XL-0p0014_TE-0p00125_DT-2p53962249042e-06_H-306f9d252b,1.0686988947228007,0.8946746491538323,-0.8776483725195153,-0.6486729852154266,0.6247176227592508,0.3172847205547556,-1.223358750426204,-0.6550968639985392,-1.5497798014244029,-0.8874283130628675,0.5506172839506173,False,False,False,0.254320987654321,False,False,True,0.9358024691358025,False,False,False,False,False
P-122p399838052_VX-0p958262341264_LS-8p77032416896e-05_ST-376p830559352_M-TI64_XI-0p0002_XF-0p0014_XL-0p0012_TE-0p0021_DT-5p03423790676e-06_H-79d0c72bd8,old-data-local,False,122.399838052,0.958262341264,8.77032416896e-05,376.830559352,3.09191773538003,P-243p936893462_VX-0p545516283598_LS-5p6904291389e-05_ST-360p082453969_M-TI64_XI-0p0002_XF-0p0014_XL-0p0012_TE-0p0021_DT-8p84322017154e-06_H-e0ed0fec98,0.0,0.0,3.09191773538003,0.4455700856239255,0.8740433584030063,P-139p185905374_VX-0p93275027917_LS-8p26285474625e-05_ST-371p150203889_M-TI64_XI-0p0002_XF-0p0014_XL-0p0012_TE-0p0021_DT-5p17193155633e-06_H-b789300819,1.9138381323916955,0.8748216366731881,-0.8750360929066646,-0.646385572762633,1.435208819806814,0.7683339668504708,1.737822939989864,0.9748106602318773,0.8828816487849441,0.49561430496943776,0.9925925925925926,False,False,False,0.25925925925925924,False,False,True,0.8987654320987655,False,False,False,False,False
P-123p578555013_VX-0p413960648538_LS-5p40122226787e-05_ST-380p745973079_M-TI64_XI-0p0002_XF-0p0014_XL-0p0012_TE-0p0021_DT-1p16535729182e-05_H-f404b6f8f4,old-data-local,False,123.578555013,0.413960648538,5.40122226787e-05,380.745973079,1.2979473223110272,P-202p397397496_VX-0p555230188132_LS-4p52196790327e-05_ST-397p348654616_M-TI64_XI-0p0002_XF-0p0014_XL-0p0012_TE-0p0021_DT-8p68850560746e-06_H-0011cc30ec,0.0,0.0,1.2979473223110272,0.40063986162416626,0.7641334719740521,P-136p984349172_VX-0p357723834949_LS-5p17808569448e-05_ST-373p061688931_M-TI64_XI-0p0002_XF-0p0014_XL-0p0012_TE-0p0021_DT-1p34856001521e-05_H-270d04032e,0.9107981207397484,0.789151657879894,-0.8627879965268299,-0.6356606687192728,-0.8951183388768261,-0.5285244226984643,-0.5984219135439064,-0.3111161971249391,1.006854142485726,0.5660964685426582,0.41975308641975306,False,False,False,0.2617283950617284,False,False,True,0.4691358024691358,False,False,False,False,False
P-124p939831153_VX-0p895565001264_LS-4p79284796095e-05_ST-395p904294171_M-TI64_XI-0p0002_XF-0p0014_XL-0p0012_TE-0p0021_DT-5p38667834965e-06_H-cf6d926251,old-data-local,False,124.939831153,0.895565001264,4.79284796095e-05,395.904294171,1.675788012166358,P-202p397397496_VX-0p555230188132_LS-4p52196790327e-05_ST-397p348654616_M-TI64_XI-0p0002_XF-0p0014_XL-0p0012_TE-0p0021_DT-8p68850560746e-06_H-0011cc30ec,0.0,0.0,1.675788012166358,0.631019647532136,0.7264532892982452,P-183p86712976_VX-0p92773562332_LS-4p77447546287e-05_ST-393p876492884_M-TI64_XI-0p0002_XF-0p0014_XL-0p0012_TE-0p0021_DT-5p19988721113e-06_H-95ed9fb76f,1.079630234693492,0.7498784178592144,-0.8486429202159363,-0.6232746961227389,1.1667817395096904,0.6189506882973889,-1.0202884480955,-0.5433219550870722,1.486807219508895,0.838964507834217,0.654320987654321,False,False,False,0.26666666666666666,False,False,True,0.35802469135802467,False,False,False,False,False
P-126p228008246_VX-0p201684842681_LS-4p5e-05_ST-300_M-TI64_XI--0p0002_XF-0p0012_XL-0p0014_TE-0p00125_DT-9p27081552964e-06_H-306f9d252b,old-data-local,False,126.228008246,0.201684842681,4.5e-05,300.0,0.1705316360150575,P-140p119887795_VX-0p222892199661_LS-4p5e-05_ST-300_M-TI64_XI--0p0002_XF-0p0012_XL-0p0014_TE-0p00125_DT-8p38873219639e-06_H-fb250c7cf9,0.6,0.3,0.1705316360150575,0.24282621327691825,0.4125520691264346,P-109p759946449_VX-0p241926176876_LS-4p5e-05_ST-300_M-TI64_XI--0p0002_XF-0p0012_XL-0p0014_TE-0p00125_DT-7p72873359867e-06_H-fb250c7cf9,0.13612481091448872,0.43349850117696065,-0.8352574191063452,-0.6115538367727903,-1.8039379918942189,-1.034294776535105,-1.223358750426204,-0.6550968639985392,-1.5497798014244029,-0.8874283130628675,0.0024691358024691358,True,True,True,0.027160493827160494,True,True,True,0.03209876543209877,True,True,True,True,True
P-126p429096271_VX-0p381791494837_LS-8p54596605095e-05_ST-336p470624887_M-TI64_XI-0p0002_XF-0p0014_XL-0p0012_TE-0p0021_DT-1p26354847299e-05_H-bf3689621a,old-data-local,False,126.429096271,0.381791494837,8.54596605095e-05,336.470624887,2.05870781749212,P-228p959503311_VX-0p480404321045_LS-6p0796636822e-05_ST-336p115873803_M-TI64_XI-0p0002_XF-0p0014_XL-0p0012_TE-0p0021_DT-1p00417926977e-05_H-ba17ade68b,0.0,0.0,2.05870781749212,0.5543581996537181,0.7878514373474481,P-150p071418192_VX-0p423845414489_LS-8p67749479825e-05_ST-322p128190627_M-TI64_XI-0p0002_XF-0p0014_XL-0p0012_TE-0p0021_DT-1p1381792602e-05_H-2afbe2208b,1.3459874437473873,0.8011184312096099,-0.8331679051750778,-0.6097241780474555,-1.032844628438534,-0.6051709542440353,1.5822457226964937,0.8891771180936152,-0.39502205950590746,-0.23091313276986397,0.8320987654320988,False,False,False,0.2716049382716049,False,False,True,0.5728395061728395,False,False,False,False,False
P-129p840936159_VX-0p750604494449_LS-8p84568803437e-05_ST-319p185657099_M-TI64_XI-0p0002_XF-0p0014_XL-0p0012_TE-0p0021_DT-6p42698070514e-06_H-f575443233,old-data-local,False,129.840936159,0.750604494449,8.84568803437e-05,319.185657099,2.522950248895866,P-228p959503311_VX-0p480404321045_LS-6p0796636822e-05_ST-336p115873803_M-TI64_XI-0p0002_XF-0p0014_XL-0p0012_TE-0p0021_DT-1p00417926977e-05_H-ba17ade68b,0.0,0.0,2.522950248895866,0.4995136586759878,0.8347329615997696,P-137p340072051_VX-0p708357837186_LS-8p48461574474e-05_ST-331p337392673_M-TI64_XI-0p0002_XF-0p0014_XL-0p0012_TE-0p0021_DT-6p81028761138e-06_H-701e6757d1,1.5605381510508833,0.8452481962211691,-0.7977153366930428,-0.5786805461826309,0.5461601054381066,0.27356640614537,1.7900826958166505,1.0035757203131976,-0.9423104713126248,-0.5420633743370852,0.9506172839506173,False,False,False,0.2839506172839506,False,False,True,0.7530864197530864,False,False,False,False,False
P-133p003569327_VX-0p736244453131_LS-4p5e-05_ST-300_M-TI64_XI--0p0002_XF-0p0012_XL-0p0014_TE-0p00125_DT-2p53962249042e-06_H-306f9d252b,old-data-local,False,133.003569327,0.736244453131,4.5e-05,300.0,1.3844967801649157,P-211p816522505_VX-0p520710876808_LS-4p80782604054e-05_ST-318p660442183_M-TI64_XI-0p0002_XF-0p0014_XL-0p0012_TE-0p0021_DT-9p26448979247e-06_H-5a4acb0e81,0.0,0.0,1.3844967801649157,0.1798149758558055,0.88505170074716,P-122p148440758_VX-0p768953415756_LS-4p5e-05_ST-300_M-TI64_XI--0p0002_XF-0p0012_XL-0p0014_TE-0p00125_DT-2p43159459768e-06_H-306f9d252b,0.9511005170619128,0.8831731700622862,-0.7648522854794052,-0.5499043951867444,0.4846802409982945,0.23935203513312975,-1.223358750426204,-0.6550968639985392,-1.5497798014244029,-0.8874283130628675,0.4888888888888889,False,False,False,0.29876543209876544,False,False,True,0.9185185185185185,False,False,False,False,False
P-133p058435031_VX-0p81650327798_LS-4p78587303962e-05_ST-362p382821566_M-TI64_XI-0p0002_XF-0p0014_XL-0p0012_TE-0p0021_DT-5p90826850683e-06_H-dd169576f0,old-data-local,False,133.058435031,0.81650327798,4.78587303962e-05,362.382821566,1.389013904553525,P-223p161294482_VX-0p578452940205_LS-4p86833733719e-05_ST-359p100984903_M-TI64_XI-0p0002_XF-0p0014_XL-0p0012_TE-0p0021_DT-8p33969415266e-06_H-1e85da8953,0.0,0.0,1.389013904553525,0.4168298677327373,0.7691772266628492,P-95p3163706926_VX-0p805137875644_LS-4p85393429372e-05_ST-366p295455669_M-TI64_XI-0p0002_XF-0p0014_XL-0p0012_TE-0p0021_DT-5p99167018339e-06_H-270d04032e,0.9991456923810155,0.8020820630186842,-0.7642821736944954,-0.5494051833910882,0.8282935748701189,0.4305774745020277,-1.0251250854366694,-0.5459841597129687,0.4254275439187893,0.23553762115087137,0.49382716049382713,False,False,False,0.3012345679012346,False,False,True,0.4839506172839506,False,False,False,False,False
P-133p757797566_VX-0p645163458122_LS-4p5e-05_ST-300_M-TI64_XI--0p0002_XF-0p0012_XL-0p0014_TE-0p00125_DT-2p89815386795e-06_H-306f9d252b,old-data-local,False,133.757797566,0.645163458122,4.5e-05,300.0,1.1560514017140777,P-211p816522505_VX-0p520710876808_LS-4p80782604054e-05_ST-318p660442183_M-TI64_XI-0p0002_XF-0p0014_XL-0p0012_TE-0p0021_DT-9p26448979247e-06_H-5a4acb0e81,0.0,0.0,1.1560514017140777,0.38626909637142537,0.7495532887937981,P-97p6596954152_VX-0p666705631564_LS-4p5e-05_ST-300_M-TI64_XI--0p0002_XF-0p0012_XL-0p0014_TE-0p00125_DT-2p80451054123e-06_H-b0e5aed98c,0.8325074740350735,0.7931464699989927,-0.7570150688537721,-0.5430418270234723,0.09473378456453337,0.022341590219178167,-1.223358750426204,-0.6550968639985392,-1.5497798014244029,-0.8874283130628675,0.3111111111111111,False,False,False,0.3037037037037037,False,False,False,0.4246913580246914,False,False,False,False,False
P-134p442185153_VX-0p806363522352_LS-4p5e-05_ST-300_M-TI64_XI--0p0002_XF-0p0012_XL-0p0014_TE-0p00125_DT-2p3187841709e-06_H-b0e5aed98c,old-data-local,False,134.442185153,0.806363522352,4.5e-05,300.0,1.488614405689479,P-243p042265843_VX-0p642372627708_LS-5p19118052277e-05_ST-314p809567363_M-TI64_XI-0p0002_XF-0p0014_XL-0p0012_TE-0p0021_DT-7p50984770355e-06_H-ac0fcec187,0.0,0.0,1.488614405689479,0.16175779237283655,0.9019870835422733,P-132p644034819_VX-0p797235702485_LS-4p6520297442e-05_ST-303p62522115_M-TI64_XI-0p0002_XF-0p0014_XL-0p0012_TE-0p0021_DT-6p0510594144e-06_H-0e4c2fc094,1.041868217262737,0.9192928910529464,-0.749903569313096,-0.5368147246385072,0.7848820840772024,0.40641839631086846,-1.223358750426204,-0.6550968639985392,-1.5497798014244029,-0.8874283130628675,0.5358024691358024,False,False,False,0.30617283950617286,False,False,False,0.9506172839506173,False,False,False,False,False
P-135p171981101_VX-0p652238458987_LS-5p89001447273e-05_ST-362p997098414_M-TI64_XI-0p0002_XF-0p0014_XL-0p0012_TE-0p0021_DT-7p39625291417e-06_H-01d46950f6,old-data-local,False,135.171981101,0.652238458987,5.89001447273e-05,362.997098414,1.2053535819833487,P-223p161294482_VX-0p578452940205_LS-4p86833733719e-05_ST-359p100984903_M-TI64_XI-0p0002_XF-0p0014_XL-0p0012_TE-0p0021_DT-8p33969415266e-06_H-1e85da8953,0.0,0.0,1.2053535819833487,0.21207145738872626,0.8503825941422095,P-120p906267006_VX-0p64748664338_LS-6p03748750968e-05_ST-359p518818343_M-TI64_XI-0p0002_XF-0p0014_XL-0p0012_TE-0p0021_DT-7p45053299916e-06_H-c5f6eebf67,0.9104099006171964,0.8544122102141977,-0.7423202296272621,-0.5301744608835063,0.12502409393478012,0.03919855456534621,-0.25947749851088253,-0.12455282137997437,0.44487719547006027,0.24659534436959998,0.3333333333333333,False,False,False,0.3111111111111111,False,False,False,0.8148148148148148,False,False,False,False,False
P-135p208661893_VX-0p295797438033_LS-4p5e-05_ST-300_M-TI64_XI--0p0002_XF-0p0012_XL-0p0014_TE-0p00125_DT-6p32116012922e-06_H-fb250c7cf9,old-data-local,True,135.208661893,0.295797438033,4.5e-05,300.0,0.35088821695067496,P-109p759946449_VX-0p241926176876_LS-4p5e-05_ST-300_M-TI64_XI--0p0002_XF-0p0012_XL-0p0014_TE-0p00125_DT-7p72873359867e-06_H-fb250c7cf9,0.6,0.8,0.35088821695067496,0.18055469394429885,0.6602557109281284,P-140p539865228_VX-0p255658736827_LS-4p5e-05_ST-300_M-TI64_XI--0p0002_XF-0p0012_XL-0p0014_TE-0p00125_DT-7p31358918074e-06_H-fb250c7cf9,0.23865817952793367,0.6899797063158637,-0.7419390780102331,-0.5298407098750363,-1.401012298563019,-0.8100612118125617,-1.223358750426204,-0.6550968639985392,-1.5497798014244029,-0.8874283130628675,0.012345679012345678,True,True,True,0.02962962962962963,True,True,True,0.2123456790123457,False,False,True,True,True
P-136p115095044_VX-0p8200930762_LS-6p39666133344e-05_ST-362p502989524_M-TI64_XI-0p0002_XF-0p0014_XL-0p0012_TE-0p0021_DT-5p88240620853e-06_H-f575443233,old-data-local,False,136.115095044,0.8200930762,6.39666133344e-05,362.502989524,1.6979028628716641,P-243p936893462_VX-0p545516283598_LS-5p6904291389e-05_ST-360p082453969_M-TI64_XI-0p0002_XF-0p0014_XL-0p0012_TE-0p0021_DT-8p84322017154e-06_H-e0ed0fec98,0.0,0.0,1.6979028628716641,0.4859778314631014,0.7774705217534167,P-176p64993117_VX-0p775213670345_LS-6p57722012124e-05_ST-360p022077993_M-TI64_XI-0p0002_XF-0p0014_XL-0p0012_TE-0p0021_DT-6p222956054e-06_H-5731c00627,1.1413972403754655,0.7557579450706259,-0.7325202938893136,-0.5215932604127429,0.8436626328724268,0.43913056188097593,0.09184791569218251,0.06882536203790461,0.4292323835742914,0.23770078914857443,0.6691358024691358,False,False,False,0.3135802469135803,False,False,False,0.5308641975308642,False,False,False,False,False
P-136p984349172_VX-0p357723834949_LS-5p17808569448e-05_ST-373p061688931_M-TI64_XI-0p0002_XF-0p0014_XL-0p0012_TE-0p0021_DT-1p34856001521e-05_H-270d04032e,old-data-local,False,136.984349172,0.357723834949,5.17808569448e-05,373.061688931,1.0677438673164117,P-212p944274192_VX-0p351323873231_LS-4p80439392259e-05_ST-351p894554175_M-TI64_XI-0p0002_XF-0p0014_XL-0p0012_TE-0p0021_DT-1p37312632889e-05_H-7c2e16b959,0.0,0.0,1.0677438673164117,0.40063986162416626,0.7271558832150617,P-123p578555013_VX-0p413960648538_LS-5p40122226787e-05_ST-380p745973079_M-TI64_XI-0p0002_XF-0p0014_XL-0p0012_TE-0p0021_DT-1p16535729182e-05_H-f404b6f8f4,0.8021489092051797,0.7672401093597874,-0.7234878385242182,-0.5136840952606729,-1.1358858686780724,-0.6625147895833007,-0.7531520720614899,-0.39628349719619516,0.7635491089553694,0.4277700974295286,0.2716049382716049,False,False,True,0.3160493827160494,False,False,False,0.36049382716049383,False,False,False,False,False
P-137p340072051_VX-0p708357837186_LS-8p48461574474e-05_ST-331p337392673_M-TI64_XI-0p0002_XF-0p0014_XL-0p0012_TE-0p0021_DT-6p81028761138e-06_H-701e6757d1,old-data-local,False,137.340072051,0.708357837186,8.48461574474e-05,331.337392673,2.159357894368091,P-228p959503311_VX-0p480404321045_LS-6p0796636822e-05_ST-336p115873803_M-TI64_XI-0p0002_XF-0p0014_XL-0p0012_TE-0p0021_DT-1p00417926977e-05_H-ba17ade68b,0.0,0.0,2.159357894368091,0.3940148258624322,0.845688479891467,P-113p729503671_VX-0p646987288946_LS-8p28088886776e-05_ST-328p878079062_M-TI64_XI-0p0002_XF-0p0014_XL-0p0012_TE-0p0021_DT-7p45628343159e-06_H-0e4c2fc094,1.3564319482052578,0.8315169038000433,-0.7197915074704868,-0.5104474456920894,0.36528884580539556,0.17290911877312556,1.5397034246735515,0.8657607867451989,-0.5575539508170104,-0.3233174960869648,0.8691358024691358,False,False,False,0.32098765432098764,False,False,False,0.7950617283950617,False,False,False,False,False
P-137p601432421_VX-0p461948695475_LS-6p48780591522e-05_ST-397p490087405_M-TI64_XI-0p0002_XF-0p0014_XL-0p0012_TE-0p0021_DT-1p04429791669e-05_H-ef2aaf59fd,old-data-local,False,137.601432421,0.461948695475,6.48780591522e-05,397.490087405,1.4904895133545486,P-238p319282705_VX-0p253960262605_LS-5p92121677448e-05_ST-384p128817665_M-TI64_XI-0p0002_XF-0p0014_XL-0p0012_TE-0p0021_DT-1p89955725889e-05_H-452de4062d,0.0,0.0,1.4904895133545486,0.4461914802723369,0.7696102343438918,P-167p779770961_VX-0p390580196452_LS-6p45833025222e-05_ST-394p852870083_M-TI64_XI-0p0002_XF-0p0014_XL-0p0012_TE-0p0021_DT-1p23511653864e-05_H-73ae961aa0,0.9797851294975382,0.7524692144055892,-0.7170757011254983,-0.5080693812527612,-0.6896663798549567,-0.41418764568674044,0.1550505335892909,0.10361364361987087,1.5370176839502707,0.8675106962845837,0.5382716049382716,False,False,False,0.3234567901234568,False,False,False,0.4888888888888889,False,False,False,False,False
P-138p247900083_VX-0p876957934743_LS-4p5e-05_ST-300_M-TI64_XI--0p0002_XF-0p0012_XL-0p0014_TE-0p00125_DT-2p13212389961e-06_H-306f9d252b,old-data-local,False,138.247900083,0.876957934743,4.5e-05,300.0,1.626047871903571,P-243p042265843_VX-0p642372627708_LS-5p19118052277e-05_ST-314p809567363_M-TI64_XI-0p0002_XF-0p0014_XL-0p0012_TE-0p0021_DT-7p50984770355e-06_H-ac0fcec187,0.0,0.0,1.626047871903571,0.12368398754751922,0.9293126047402942,P-149p254341218_VX-0p887957223036_LS-4p5e-05_ST-300_M-TI64_XI--0p0002_XF-0p0012_XL-0p0014_TE-0p00125_DT-2p10571289147e-06_H-306f9d252b,1.1380575230818883,0.9166239547385906,-0.7103582290837752,-0.5021873044934658,1.0871190211371666,0.5746173146460942,-1.223358750426204,-0.6550968639985392,-1.5497798014244029,-0.8874283130628675,0.6222222222222222,False,False,False,0.32592592592592595,False,False,False,0.9901234567901235,False,False,False,False,False
P-139p278080234_VX-0p813607985113_LS-8p25985701782e-05_ST-356p830860854_M-TI64_XI-0p0002_XF-0p0014_XL-0p0012_TE-0p0021_DT-5p9292935803e-06_H-6014a1f9c3,old-data-local,False,139.278080234,0.813607985113,8.25985701782e-05,356.830860854,2.3704928250331685,P-228p959503311_VX-0p480404321045_LS-6p0796636822e-05_ST-336p115873803_M-TI64_XI-0p0002_XF-0p0014_XL-0p0012_TE-0p0021_DT-1p00417926977e-05_H-ba17ade68b,0.0,0.0,2.3704928250331685,0.46784396671854517,0.8351696782150333,P-110p234671953_VX-0p866589137882_LS-8p08580037422e-05_ST-348p980680204_M-TI64_XI-0p0002_XF-0p0014_XL-0p0012_TE-0p0021_DT-5p56679098795e-06_H-6705b84f8a,1.4586371041454587,0.8146411328601132,-0.6996535848006081,-0.4928139064408274,0.815897913253631,0.42367912218207593,1.3838484121303656,0.7799743392417119,0.24963758597664723,0.1355956404715761,0.9111111111111111,False,False,False,0.3308641975308642,False,False,False,0.7580246913580246,False,False,False,False,False
P-140p119887795_VX-0p222892199661_LS-4p5e-05_ST-300_M-TI64_XI--0p0002_XF-0p0012_XL-0p0014_TE-0p00125_DT-8p38873219639e-06_H-fb250c7cf9,old-data-local,True,140.119887795,0.222892199661,4.5e-05,300.0,0.1705316360150575,P-126p228008246_VX-0p201684842681_LS-4p5e-05_ST-300_M-TI64_XI--0p0002_XF-0p0012_XL-0p0014_TE-0p00125_DT-9p27081552964e-06_H-306f9d252b,0.6,0.8,0.1705316360150575,0.1403517386162809,0.548538937526919,P-140p539865228_VX-0p255658736827_LS-4p5e-05_ST-300_M-TI64_XI--0p0002_XF-0p0012_XL-0p0014_TE-0p00125_DT-7p31358918074e-06_H-fb250c7cf9,0.13612481091448872,0.6352419313540856,-0.6909063278410962,-0.48515447197655964,-1.713142610224754,-0.9837659261067139,-1.223358750426204,-0.6550968639985392,-1.5497798014244029,-0.8874283130628675,0.0049382716049382715,True,True,True,0.03209876543209877,True,True,True,0.07407407407407407,True,True,True,True,True
P-140p320645521_VX-0p612281673664_LS-8p56006119926e-05_ST-348p910931315_M-TI64_XI-0p0002_XF-0p0014_XL-0p0012_TE-0p0021_DT-7p87892372174e-06_H-dd169576f0,old-data-local,False,140.320645521,0.612281673664,8.56006119926e-05,348.910931315,2.0711356015407367,P-228p959503311_VX-0p480404321045_LS-6p0796636822e-05_ST-336p115873803_M-TI64_XI-0p0002_XF-0p0014_XL-0p0012_TE-0p0021_DT-1p00417926977e-05_H-ba17ade68b,0.0,0.0,2.0711356015407367,0.3287076675527331,0.8630295270586978,P-140p314676599_VX-0p596196399995_LS-8p19973378232e-05_ST-342p525649343_M-TI64_XI-0p0002_XF-0p0014_XL-0p0012_TE-0p0021_DT-8p09149569346e-06_H-95fb07b078,1.3032725115041726,0.876701975516887,-0.6888202460603113,-0.4833278185741293,-0.046043501952251584,-0.05600286214533714,1.592019757043267,0.8945569879528179,-0.0011286122704559781,-0.0069726315367773534,0.8345679012345679,False,False,False,0.33827160493827163,False,False,False,0.8641975308641975,False,False,False,False,False
P-140p539865228_VX-0p255658736827_LS-4p5e-05_ST-300_M-TI64_XI--0p0002_XF-0p0012_XL-0p0014_TE-0p00125_DT-7p31358918074e-06_H-fb250c7cf9,old-data-local,True,140.539865228,0.255658736827,4.5e-05,300.0,0.27479774882523406,P-126p228008246_VX-0p201684842681_LS-4p5e-05_ST-300_M-TI64_XI--0p0002_XF-0p0012_XL-0p0014_TE-0p00125_DT-9p27081552964e-06_H-306f9d252b,0.6,0.8,0.27479774882523406,0.1403517386162809,0.661924817777709,P-140p119887795_VX-0p222892199661_LS-4p5e-05_ST-300_M-TI64_XI--0p0002_XF-0p0012_XL-0p0014_TE-0p00125_DT-8p38873219639e-06_H-fb250c7cf9,0.18301652297239385,0.70072987115733,-0.6865423250762803,-0.4813331833904683,-1.5728587337011795,-0.9056960630361515,-1.223358750426204,-0.6550968639985392,-1.5497798014244029,-0.8874283130628675,0.007407407407407408,True,True,True,0.0345679012345679,True,True,True,0.21481481481481482,False,False,True,True,True
P-140p573028588_VX-0p551169304036_LS-6p78791919712e-05_ST-377p8442615_M-TI64_XI-0p0002_XF-0p0014_XL-0p0012_TE-0p00125_DT-1p16896078445e-05_H-bf889bf790,old-data-local,False,140.573028588,0.551169304036,6.78791919712e-05,377.8442615,1.4316563638215662,P-243p936893462_VX-0p545516283598_LS-5p6904291389e-05_ST-360p082453969_M-TI64_XI-0p0002_XF-0p0014_XL-0p0012_TE-0p0021_DT-8p84322017154e-06_H-e0ed0fec98,0.0,0.0,1.4316563638215662,0.4237623315119249,0.7716082453099579,P-150p755371566_VX-0p566215971452_LS-6p88880703989e-05_ST-365p237346809_M-TI64_XI-0p0002_XF-0p0014_XL-0p0012_TE-0p0021_DT-8p51993028498e-06_H-3a501d5f99,1.0781453131306709,0.8113367584227592,-0.6861977232397083,-0.48103143677484844,-0.307684824363739,-0.20160977521658435,0.36315884580423663,0.2181615975775265,0.9149781759771518,0.5138621647338271,0.5135802469135803,False,False,False,0.34074074074074073,False,False,False,0.5037037037037037,False,False,False,False,False
P-140p974625597_VX-0p98622838083_LS-4p5e-05_ST-300_M-TI64_XI--0p0002_XF-0p0012_XL-0p0014_TE-0p00125_DT-1p89589248085e-06_H-b0e5aed98c,old-data-local,False,140.974625597,0.98622838083,4.5e-05,300.0,1.9343428815838586,P-243p042265843_VX-0p642372627708_LS-5p19118052277e-05_ST-314p809567363_M-TI64_XI-0p0002_XF-0p0014_XL-0p0012_TE-0p0021_DT-7p50984770355e-06_H-ac0fcec187,0.0,0.0,1.9343428815838586,0.4294363413940736,0.818326374468652,P-149p254341218_VX-0p887957223036_LS-4p5e-05_ST-300_M-TI64_XI--0p0002_XF-0p0012_XL-0p0014_TE-0p00125_DT-2p10571289147e-06_H-306f9d252b,1.2939653885332443,0.840276327061331,-0.6820247122159996,-0.47737738789956,1.5549402525625768,0.8349661186852102,-1.223358750426204,-0.6550968639985392,-1.5497798014244029,-0.8874283130628675,0.7876543209876543,False,False,False,0.3432098765432099,False,False,False,0.6987654320987654,False,False,False,False,False
P-143p879945116_VX-0p336279357485_LS-6p76007351295e-05_ST-398p207663754_M-TI64_XI-0p0002_XF-0p0014_XL-0p0012_TE-0p00125_DT-1p91595257833e-05_H-bf889bf790,old-data-local,False,143.879945116,0.336279357485,6.76007351295e-05,398.207663754,1.2744736121054916,P-238p319282705_VX-0p253960262605_LS-5p92121677448e-05_ST-384p128817665_M-TI64_XI-0p0002_XF-0p0014_XL-0p0012_TE-0p0021_DT-1p89955725889e-05_H-452de4062d,0.0,0.0,1.2744736121054916,0.33495339010897585,0.7918803464536748,P-117p204089079_VX-0p299188895548_LS-6p61946140465e-05_ST-399p004242061_M-TI64_XI-0p0002_XF-0p0014_XL-0p0012_TE-0p0021_DT-1p61239961603e-05_H-0e4c2fc094,0.9713810047146327,0.8197158153938128,-0.651835417703144,-0.45094248105802154,-1.227696437900929,-0.7136086055319518,0.34384974259360324,0.20753339036180143,1.5597380745932272,0.8804279349553601,0.39753086419753086,False,False,False,0.3506172839506173,False,False,False,0.5876543209876544,False,False,False,False,False
P-143p909481867_VX-0p917293492006_LS-5p50242100517e-05_ST-352p206869428_M-TI64_XI-0p0002_XF-0p0014_XL-0p0012_TE-0p0021_DT-5p25908081225e-06_H-cf6d926251,old-data-local,False,143.909481867,0.917293492006,5.50242100517e-05,352.206869428,1.7388584015708028,P-223p161294482_VX-0p578452940205_LS-4p86833733719e-05_ST-359p100984903_M-TI64_XI-0p0002_XF-0p0014_XL-0p0012_TE-0p0021_DT-8p33969415266e-06_H-1e85da8953,0.0,0.0,1.7388584015708028,0.4407121498012063,0.7977986307789925,P-160p556282667_VX-0p957190479289_LS-5p53708249108e-05_ST-363p791890923_M-TI64_XI-0p0002_XF-0p0014_XL-0p0012_TE-0p0021_DT-5p03987524677e-06_H-0590129dfb,1.1161214250115457,0.8022979773609539,-0.6515285001097223,-0.45067373221439827,1.2598082591218167,0.6707211969832477,-0.5282474171522269,-0.2724904214597493,0.10322962301241735,0.05235822476730709,0.7061728395061728,False,False,False,0.3530864197530864,False,False,False,0.6074074074074074,False,False,False,False,False
P-144p684844876_VX-0p221020126644_LS-8p32765690701e-05_ST-337p418493583_M-TI64_XI-0p0002_XF-0p0014_XL-0p0012_TE-0p0021_DT-2p18266122469e-05_H-73ae961aa0,old-data-local,False,144.684844876,0.221020126644,8.32765690701e-05,337.418493583,2.105168084105435,P-228p959503311_VX-0p480404321045_LS-6p0796636822e-05_ST-336p115873803_M-TI64_XI-0p0002_XF-0p0014_XL-0p0012_TE-0p0021_DT-1p00417926977e-05_H-ba17ade68b,0.0,0.0,2.105168084105435,0.7050394655491762,0.7491148062584099,P-116p693370328_VX-0p231004403842_LS-8p2871053211e-05_ST-317p198938228_M-TI64_XI-0p0002_XF-0p0014_XL-0p0012_TE-0p0021_DT-2p08832408507e-05_H-d147d48e9f,1.3063935116504464,0.7540562871859252,-0.643471671220509,-0.44361886311058807,-1.7211575450538286,-0.9882263450809513,1.430863060793575,0.8058523628203488,-0.3650099958678548,-0.21385035444411196,0.8469135802469135,False,False,False,0.35802469135802467,False,False,False,0.4222222222222222,False,False,False,False,False
P-144p999955433_VX-0p569412101686_LS-7p52189895652e-05_ST-349p795043891_M-TI64_XI-0p0002_XF-0p0014_XL-0p0012_TE-0p0021_DT-8p47210761544e-06_H-24e0a43587,old-data-local,False,144.999955433,0.569412101686,7.52189895652e-05,349.795043891,1.4471080284948392,P-228p959503311_VX-0p480404321045_LS-6p0796636822e-05_ST-336p115873803_M-TI64_XI-0p0002_XF-0p0014_XL-0p0012_TE-0p0021_DT-1p00417926977e-05_H-ba17ade68b,0.0,0.0,1.4471080284948392,0.5379853133348337,0.7289873972178208,P-140p314676599_VX-0p596196399995_LS-8p19973378232e-05_ST-342p525649343_M-TI64_XI-0p0002_XF-0p0014_XL-0p0012_TE-0p0021_DT-8p09149569346e-06_H-95fb07b078,0.9961037421390168,0.768587970501485,-0.6401973444735984,-0.440751736736155,-0.22958165587779159,-0.15814431204163207,0.8721242869924163,0.498308744525915,0.02686476171276197,0.008942459828679767,0.5209876543209877,False,False,False,0.36049382716049383,False,False,False,0.3654320987654321,False,False,False,False,False
P-145p249113956_VX-0p501139719932_LS-7p51242767898e-05_ST-325p186450026_M-TI64_XI-0p0002_XF-0p0014_XL-0p0012_TE-0p0021_DT-9p62629863717e-06_H-30d8d23b36,old-data-local,False,145.249113956,0.501139719932,7.51242767898e-05,325.186450026,1.3679713023529028,P-228p959503311_VX-0p480404321045_LS-6p0796636822e-05_ST-336p115873803_M-TI64_XI-0p0002_XF-0p0014_XL-0p0012_TE-0p0021_DT-1p00417926977e-05_H-ba17ade68b,0.0,0.0,1.3679713023529028,0.32554800723475474,0.8077683523348664,P-167p36850481_VX-0p484912828283_LS-7p82623244153e-05_ST-326p173250025_M-TI64_XI-0p0002_XF-0p0014_XL-0p0012_TE-0p0021_DT-9p94842850435e-06_H-31e40e99ef,0.9593418517485319,0.8090903051586462,-0.6376083280222086,-0.4384846944018414,-0.5218772476709491,-0.32081073809798666,0.8655565950499269,0.4946937247017221,-0.7523092823674643,-0.4340418731268154,0.47160493827160493,False,False,False,0.3654320987654321,False,False,False,0.6493827160493827,False,False,False,False,False
P-145p536707456_VX-0p311971481812_LS-7p55813970315e-05_ST-356p422554756_M-TI64_XI-0p0002_XF-0p0014_XL-0p0012_TE-0p0021_DT-1p54633384276e-05_H-f404b6f8f4,old-data-local,False,145.536707456,0.311971481812,7.55813970315e-05,356.422554756,1.654061524311883,P-228p959503311_VX-0p480404321045_LS-6p0796636822e-05_ST-336p115873803_M-TI64_XI-0p0002_XF-0p0014_XL-0p0012_TE-0p0021_DT-1p00417926977e-05_H-ba17ade68b,0.0,0.0,1.654061524311883,0.4079589533986938,0.8021557216290872,P-110p642328299_VX-0p274154737479_LS-7p4676600105e-05_ST-358p612942181_M-TI64_XI-0p0002_XF-0p0014_XL-0p0012_TE-0p0021_DT-1p7596342297e-05_H-b40dbd8ddd,1.0905358511950038,0.7654459786830051,-0.6346199321453685,-0.43586794008927326,-1.3317661176533533,-0.7715247812850768,0.8972547996002911,0.5121411992246293,0.23670952046642174,0.12824563886415277,0.6345679012345679,False,False,False,0.36790123456790125,False,False,False,0.6271604938271605,False,False,False,False,False
P-146p427721311_VX-0p978546391515_LS-4p61745657385e-05_ST-377p807319924_M-TI64_XI-0p0002_XF-0p0014_XL-0p0012_TE-0p0021_DT-4p92988441309e-06_H-c321cc4e90,old-data-local,False,146.427721311,0.978546391515,4.61745657385e-05,377.807319924,1.9876986268031165,P-223p161294482_VX-0p578452940205_LS-4p86833733719e-05_ST-359p100984903_M-TI64_XI-0p0002_XF-0p0014_XL-0p0012_TE-0p0021_DT-8p33969415266e-06_H-1e85da8953,0.0,0.0,1.9876986268031165,0.594522779338754,0.7697630505561341,P-122p181848607_VX-0p882188233955_LS-4p98408399334e-05_ST-370p38962934_M-TI64_XI-0p0002_XF-0p0014_XL-0p0012_TE-0p0021_DT-5p46835745177e-06_H-2afbe2208b,1.1839254149847482,0.76064861180182,-0.6253613705628239,-0.42776078764101083,1.5220512342613357,0.8166629378854436,-1.1419105413108928,-0.6102657584632738,0.9138085066606306,0.5131971718661946,0.8098765432098766,False,False,False,0.37037037037037035,False,False,False,0.49135802469135803,False,False,False,False,False
P-149p217972816_VX-0p206404715799_LS-4p87379527164e-05_ST-365p118947745_M-TI64_XI-0p0002_XF-0p0014_XL-0p0012_TE-0p0021_DT-2p33721433367e-05_H-b40dbd8ddd,old-data-local,False,149.217972816,0.206404715799,4.87379527164e-05,365.118947745,1.000539645417697,P-212p944274192_VX-0p351323873231_LS-4p80439392259e-05_ST-351p894554175_M-TI64_XI-0p0002_XF-0p0014_XL-0p0012_TE-0p0021_DT-1p37312632889e-05_H-7c2e16b959,0.0,0.1,1.000539645417697,0.5493652935656468,0.6455490399778959,P-149p779509657_VX-0p251536582152_LS-4p84927831067e-05_ST-381p35096431_M-TI64_XI-0p0002_XF-0p0014_XL-0p0012_TE-0p0021_DT-1p91786044071e-05_H-6af407d4ba,0.7161004966785781,0.6968417231783364,-0.5963677525120362,-0.4023728610750109,-1.7837307269538305,-1.0230491619568565,-0.9641569496846839,-0.5124257922807764,0.5120606328185725,0.2847911882963821,0.23950617283950618,False,False,True,0.37530864197530867,False,False,False,0.1925925925925926,False,True,True,False,True
P-149p254341218_VX-0p887957223036_LS-4p5e-05_ST-300_M-TI64_XI--0p0002_XF-0p0012_XL-0p0014_TE-0p00125_DT-2p10571289147e-06_H-306f9d252b,old-data-local,False,149.254341218,0.887957223036,4.5e-05,300.0,1.582669828542513,P-243p042265843_VX-0p642372627708_LS-5p19118052277e-05_ST-314p809567363_M-TI64_XI-0p0002_XF-0p0014_XL-0p0012_TE-0p0021_DT-7p50984770355e-06_H-ac0fcec187,0.0,0.0,1.582669828542513,0.12368398754751922,0.9275156263717153,P-138p247900083_VX-0p876957934743_LS-4p5e-05_ST-300_M-TI64_XI--0p0002_XF-0p0012_XL-0p0014_TE-0p00125_DT-2p13212389961e-06_H-306f9d252b,1.1005747392893206,0.9140285007945267,-0.5959898469523346,-0.40204195243912483,1.1342104422698067,0.6008243235392765,-1.223358750426204,-0.6550968639985392,-1.5497798014244029,-0.8874283130628675,0.5753086419753086,False,False,False,0.37777777777777777,False,False,False,0.9876543209876543,False,False,False,False,False
P-149p73987868_VX-0p504680707931_LS-6p9723584777e-05_ST-320p536129041_M-TI64_XI-0p0002_XF-0p0014_XL-0p0012_TE-0p0021_DT-9p55875770008e-06_H-95ed9fb76f,old-data-local,False,149.73987868,0.504680707931,6.9723584777e-05,320.536129041,1.1467127605430085,P-228p959503311_VX-0p480404321045_LS-6p0796636822e-05_ST-336p115873803_M-TI64_XI-0p0002_XF-0p0014_XL-0p0012_TE-0p0021_DT-1p00417926977e-05_H-ba17ade68b,0.0,0.0,1.1467127605430085,0.40538727237749167,0.7388136951361975,P-145p249113956_VX-0p501139719932_LS-7p51242767898e-05_ST-325p186450026_M-TI64_XI-0p0002_XF-0p0014_XL-0p0012_TE-0p0021_DT-9p62629863717e-06_H-30d8d23b36,0.8471430912435837,0.7891371419983715,-0.5909446072320619,-0.39762414658606504,-0.5067171616140493,-0.312373946415792,0.49105504268242844,0.28855882253906867,-0.8995509097449252,-0.5177532526095362,0.3012345679012346,False,False,True,0.38271604938271603,False,False,False,0.39753086419753086,False,False,False,False,False
P-149p779509657_VX-0p251536582152_LS-4p84927831067e-05_ST-381p35096431_M-TI64_XI-0p0002_XF-0p0014_XL-0p0012_TE-0p0021_DT-1p91786044071e-05_H-6af407d4ba,old-data-local,False,149.779509657,0.251536582152,4.84927831067e-05,381.35096431,0.7886046737269528,P-208p096600196_VX-0p256636148953_LS-4p52492384214e-05_ST-395p602757306_M-TI64_XI-0p0002_XF-0p0014_XL-0p0012_TE-0p0021_DT-1p87975101041e-05_H-1980b1708d,0.0,0.1,0.7886046737269528,0.5493652935656468,0.5894038678033298,P-149p217972816_VX-0p206404715799_LS-4p87379527164e-05_ST-365p118947745_M-TI64_XI-0p0002_XF-0p0014_XL-0p0012_TE-0p0021_DT-2p33721433367e-05_H-b40dbd8ddd,0.6023656110978012,0.659113762179345,-0.5905328001214633,-0.3972635524489373,-1.5905069775332688,-0.9155175479676401,-0.98115780794662,-0.5217834844781812,1.0260097865130664,0.5769870394699805,0.1308641975308642,False,True,True,0.3851851851851852,False,False,False,0.12345679012345678,False,True,True,True,True
P-150p924001842_VX-0p859014749555_LS-8p54585725094e-05_ST-302p841995718_M-TI64_XI-0p0002_XF-0p0014_XL-0p0012_TE-0p0021_DT-5p6158763345e-06_H-9bd689b964,old-data-local,False,150.924001842,0.859014749555,8.54585725094e-05,302.841995718,2.705459846209535,P-228p959503311_VX-0p480404321045_LS-6p0796636822e-05_ST-336p115873803_M-TI64_XI-0p0002_XF-0p0014_XL-0p0012_TE-0p0021_DT-1p00417926977e-05_H-ba17ade68b,0.0,0.0,2.705459846209535,0.6213732498980378,0.8132237981445325,P-109p741517589_VX-0p915030812968_LS-7p99759662409e-05_ST-303p804431165_M-TI64_XI-0p0002_XF-0p0014_XL-0p0012_TE-0p0021_DT-5p27208541466e-06_H-0e4c2fc094,1.60084559407072,0.7806580280719077,-0.5786403347954743,-0.38685005262783767,1.0102985880654378,0.5318657109725008,1.5821702772303465,0.8891355910460381,-1.4597945991409742,-0.8362689666854547,0.9753086419753086,False,False,False,0.3925925925925926,False,False,False,0.6790123456790124,False,False,False,False,False
P-151p505871803_VX-0p995509859725_LS-6p72580848008e-05_ST-301p996554082_M-TI64_XI-0p0002_XF-0p0014_XL-0p0012_TE-0p0021_DT-4p84587928074e-06_H-73846c96ef,old-data-local,False,151.505871803,0.995509859725,6.72580848008e-05,301.996554082,2.1183828009090844,P-243p042265843_VX-0p642372627708_LS-5p19118052277e-05_ST-314p809567363_M-TI64_XI-0p0002_XF-0p0014_XL-0p0012_TE-0p0021_DT-7p50984770355e-06_H-ac0fcec187,0.0,0.0,2.1183828009090844,0.6743586598942763,0.7585316545197527,P-155p08939981_VX-0p967429278716_LS-6p89242148544e-05_ST-322p599938314_M-TI64_XI-0p0002_XF-0p0014_XL-0p0012_TE-0p0021_DT-4p98653566638e-06_H-765072ed36,1.3408575835511858,0.7775586519012193,-0.5725941001194139,-0.38155573711027324,1.594677190056643,0.8570802585698741,0.3200892541759612,0.19445503080803053,-1.4865635475079455,-0.851487934548098,0.8617283950617284,False,False,False,0.3950617283950617,False,False,False,0.4567901234567901,False,False,False,False,False
P-151p630328889_VX-0p596649793105_LS-5p54888002616e-05_ST-323p086654154_M-TI64_XI-0p0002_XF-0p0014_XL-0p0012_TE-0p00125_DT-1p0798550665e-05_H-bf889bf790,old-data-local,False,151.630328889,0.596649793105,5.54888002616e-05,323.086654154,0.8834748687839725,P-211p816522505_VX-0p520710876808_LS-4p80782604054e-05_ST-318p660442183_M-TI64_XI-0p0002_XF-0p0014_XL-0p0012_TE-0p0021_DT-9p26448979247e-06_H-5a4acb0e81,0.0,0.0,0.8834748687839725,0.37681072014993433,0.7010116409656927,P-181p197687991_VX-0p643443519749_LS-5p49477846524e-05_ST-320p630170488_M-TI64_XI-0p0002_XF-0p0014_XL-0p0012_TE-0p0021_DT-7p49734895908e-06_H-6014a1f9c3,0.6472846123892664,0.7185115776604175,-0.5713008614243601,-0.3804233275929504,-0.11296851117920977,-0.09324752942872751,-0.4960312207074147,-0.25475783140712516,-0.818794448090655,-0.4718407282261143,0.18271604938271604,False,True,True,0.39753086419753086,False,False,False,0.291358024691358,False,False,True,False,True
P-153p721476211_VX-0p579411174254_LS-7p49286492013e-05_ST-383p484527945_M-TI64_XI-0p0002_XF-0p0014_XL-0p0012_TE-0p0021_DT-8p32590191107e-06_H-8daf8adcd4,old-data-local,False,153.721476211,0.579411174254,7.49286492013e-05,383.484527945,1.7352366829053605,P-243p936893462_VX-0p545516283598_LS-5p6904291389e-05_ST-360p082453969_M-TI64_XI-0p0002_XF-0p0014_XL-0p0012_TE-0p0021_DT-8p84322017154e-06_H-e0ed0fec98,0.0,0.0,1.7352366829053605,0.19280046717478433,0.9000016845283454,P-161p701140241_VX-0p559592851831_LS-7p43216837725e-05_ST-378p872335114_M-TI64_XI-0p0002_XF-0p0014_XL-0p0012_TE-0p00125_DT-1p15136442488e-05_H-bf889bf790,1.1537201026131376,0.9042311574418695,-0.5495716636680469,-0.36139640670266904,-0.18677247362050112,-0.13432042664716354,0.8519911416958894,0.4872269641976628,1.0935641301259245,0.6153937549797531,0.7012345679012346,False,False,False,0.4,False,False,False,0.945679012345679,False,False,False,False,False
P-155p56408626_VX-0p882684317254_LS-6p13538276829e-05_ST-315p150952839_M-TI64_XI-0p0002_XF-0p0014_XL-0p0012_TE-0p0021_DT-5p46528414374e-06_H-cda596b3bb,old-data-local,False,155.56408626,0.882684317254,6.13538276829e-05,315.150952839,1.521051028899739,P-243p042265843_VX-0p642372627708_LS-5p19118052277e-05_ST-314p809567363_M-TI64_XI-0p0002_XF-0p0014_XL-0p0012_TE-0p0021_DT-7p50984770355e-06_H-ac0fcec187,0.0,0.0,1.521051028899739,0.3278809925056926,0.8226646579161628,P-184p554601264_VX-0p855768445974_LS-6p11854963854e-05_ST-316p977306706_M-TI64_XI-0p0002_XF-0p0014_XL-0p0012_TE-0p0021_DT-5p63717980689e-06_H-0011cc30ec,1.04464377692773,0.792498297720933,-0.530425026928844,-0.34463087552028004,1.1116354701299347,0.5882610480762877,-0.08933114065303834,-0.030900064512517384,-1.0700600230415094,-0.6146929112010681,0.5481481481481482,False,False,False,0.4074074074074074,False,False,False,0.7037037037037037,False,False,False,False,False
P-158p404299584_VX-0p530960738208_LS-8p44011119013e-05_ST-377p174397227_M-TI64_XI-0p0002_XF-0p0014_XL-0p0012_TE-0p0021_DT-9p08564467365e-06_H-fa25be35ef,old-data-local,False,158.404299584,0.530960738208,8.44011119013e-05,377.174397227,2.1730738213068417,P-243p936893462_VX-0p545516283598_LS-5p6904291389e-05_ST-360p082453969_M-TI64_XI-0p0002_XF-0p0014_XL-0p0012_TE-0p0021_DT-8p84322017154e-06_H-e0ed0fec98,0.0,0.0,2.1730738213068417,0.4633299900546687,0.8242568198172219,P-140p236446589_VX-0p550532928497_LS-7p91865165046e-05_ST-370p758962256_M-TI64_XI-0p0002_XF-0p0014_XL-0p0012_TE-0p0021_DT-8p76263771576e-06_H-a88ac79600,1.3358891967305433,0.8230823093625185,-0.5009122535637013,-0.31878835660315974,-0.39420406620401854,-0.24975889634743936,1.5088425187945138,0.8487741820867922,0.8937684775505937,0.5018038009047714,0.8716049382716049,False,False,False,0.41728395061728396,False,False,False,0.7111111111111111,False,False,False,False,False
P-158p77294915_VX-0p755822601012_LS-5p98686493415e-05_ST-315p3922311_M-TI64_XI-0p0002_XF-0p0014_XL-0p0012_TE-0p0021_DT-6p38260961839e-06_H-0d7d85a8f4,old-data-local,False,158.77294915,0.755822601012,5.98686493415e-05,315.3922311,1.1434365707694771,P-243p042265843_VX-0p642372627708_LS-5p19118052277e-05_ST-314p809567363_M-TI64_XI-0p0002_XF-0p0014_XL-0p0012_TE-0p0021_DT-7p50984770355e-06_H-ac0fcec187,0.0,0.0,1.1434365707694771,0.5154849365669473,0.6892650229156331,P-184p554601264_VX-0p855768445974_LS-6p11854963854e-05_ST-316p977306706_M-TI64_XI-0p0002_XF-0p0014_XL-0p0012_TE-0p0021_DT-5p63717980689e-06_H-0011cc30ec,0.8675903054851405,0.7374112414305632,-0.49708160077414487,-0.3154340897589616,0.5685004648438702,0.2859991164680136,-0.19231823806178688,-0.0875867060341947,-1.0624205065618868,-0.610349611860517,0.29876543209876544,False,False,True,0.41975308641975306,False,False,False,0.2617283950617284,False,False,True,False,True
P-159p365045029_VX-0p465685970522_LS-5p71815338387e-05_ST-335p270795676_M-TI64_XI-0p0002_XF-0p0014_XL-0p0012_TE-0p0021_DT-1p03591710045e-05_H-312d3c9a86,old-data-local,False,159.365045029,0.465685970522,5.71815338387e-05,335.270795676,0.7684318047986131,P-228p959503311_VX-0p480404321045_LS-6p0796636822e-05_ST-336p115873803_M-TI64_XI-0p0002_XF-0p0014_XL-0p0012_TE-0p0021_DT-1p00417926977e-05_H-ba17ade68b,0.2,0.1,0.7684318047986131,0.6056666326680838,0.5592261688436984,P-144p087720513_VX-0p415546267467_LS-5p02923295381e-05_ST-327p07537462_M-TI64_XI-0p0002_XF-0p0014_XL-0p0012_TE-0p0021_DT-1p16091058462e-05_H-0602c4a780,0.6492111016004704,0.6478782916260545,-0.4909291081639236,-0.3100467307093755,-0.6736659270584983,-0.4052831786172366,-0.3786515680876992,-0.19014917209532683,-0.4330118684185616,-0.25251150387595545,0.11851851851851852,False,True,True,0.08148148148148149,True,True,True,0.08641975308641975,True,True,True,True,True
P-160p556282667_VX-0p957190479289_LS-5p53708249108e-05_ST-363p791890923_M-TI64_XI-0p0002_XF-0p0014_XL-0p0012_TE-0p0021_DT-5p03987524677e-06_H-0590129dfb,old-data-local,False,160.556282667,0.957190479289,5.53708249108e-05,363.791890923,1.8137093753588258,P-223p161294482_VX-0p578452940205_LS-4p86833733719e-05_ST-359p100984903_M-TI64_XI-0p0002_XF-0p0014_XL-0p0012_TE-0p0021_DT-8p33969415266e-06_H-1e85da8953,0.0,0.0,1.8137093753588258,0.15853753250653413,0.919615778392511,P-166p614725594_VX-0p931765035172_LS-5p67575778907e-05_ST-364p064697506_M-TI64_XI-0p0002_XF-0p0014_XL-0p0012_TE-0p0021_DT-5p17740033261e-06_H-0744488b5e,1.100480312592076,0.9185031648935865,-0.4785509089148581,-0.2992079035921764,1.4306198407459678,0.7657801383151314,-0.5042120153002163,-0.25926074276313765,0.47004245671332767,0.2609025669345649,0.7358024691358025,False,False,False,0.4222222222222222,False,False,False,0.9777777777777777,False,False,False,False,False
P-161p701140241_VX-0p559592851831_LS-7p43216837725e-05_ST-378p872335114_M-TI64_XI-0p0002_XF-0p0014_XL-0p0012_TE-0p00125_DT-1p15136442488e-05_H-bf889bf790,old-data-local,False,161.701140241,0.559592851831,7.43216837725e-05,378.872335114,1.5957783502861818,P-243p936893462_VX-0p545516283598_LS-5p6904291389e-05_ST-360p082453969_M-TI64_XI-0p0002_XF-0p0014_XL-0p0012_TE-0p0021_DT-8p84322017154e-06_H-e0ed0fec98,0.0,0.0,1.5957783502861818,0.19280046717478433,0.8922046569641923,P-153p721476211_VX-0p579411174254_LS-7p49286492013e-05_ST-383p484527945_M-TI64_XI-0p0002_XF-0p0014_XL-0p0012_TE-0p0021_DT-8p32590191107e-06_H-8daf8adcd4,1.0570483874555974,0.8963802282010312,-0.4666546468167549,-0.2887910791714544,-0.2716209604046756,-0.18153975012994275,0.8099021844325858,0.464060162797904,0.9475297423050375,0.5323687281980102,0.5925925925925926,False,False,False,0.4246913580246914,False,False,False,0.9333333333333333,False,False,False,False,False
P-163p117472792_VX-0p458171151631_LS-7p76324682791e-05_ST-309p146066051_M-TI64_XI-0p0002_XF-0p0014_XL-0p0012_TE-0p0021_DT-1p05290797682e-05_H-45d75eceb5,old-data-local,False,163.117472792,0.458171151631,7.76324682791e-05,309.146066051,1.6029021773837822,P-228p959503311_VX-0p480404321045_LS-6p0796636822e-05_ST-336p115873803_M-TI64_XI-0p0002_XF-0p0014_XL-0p0012_TE-0p0021_DT-1p00417926977e-05_H-ba17ade68b,0.0,0.0,1.6029021773837822,0.47569313521052886,0.7711468257778314,P-166p111836501_VX-0p454755470987_LS-7p13150844087e-05_ST-303p391516497_M-TI64_XI-0p0002_XF-0p0014_XL-0p0012_TE-0p0021_DT-1p06081639712e-05_H-0e4c2fc094,1.0051534376857838,0.7920066248265277,-0.4519374770766773,-0.27590415957535747,-0.7058392360676652,-0.42318805757494393,1.0394827519482543,0.5904269762973824,-1.2601908345993562,-0.7227881068407827,0.6049382716049383,False,False,False,0.43209876543209874,False,False,False,0.5012345679012346,False,False,False,False,False
P-163p341658752_VX-0p941874162971_LS-5p45765866009e-05_ST-310p281913475_M-TI64_XI-0p0002_XF-0p0014_XL-0p0012_TE-0p0021_DT-5p12183133657e-06_H-b40dbd8ddd,old-data-local,False,163.341658752,0.941874162971,5.45765866009e-05,310.281913475,1.544266199747325,P-243p042265843_VX-0p642372627708_LS-5p19118052277e-05_ST-314p809567363_M-TI64_XI-0p0002_XF-0p0014_XL-0p0012_TE-0p0021_DT-7p50984770355e-06_H-ac0fcec187,0.0,0.0,1.544266199747325,0.353286315221415,0.8138200063320856,P-164p607131174_VX-0p867199563125_LS-5p32762751968e-05_ST-314p058214573_M-TI64_XI-0p0002_XF-0p0014_XL-0p0012_TE-0p0021_DT-5p56287250149e-06_H-0e4c2fc094,1.0257149269672547,0.8387727011124021,-0.4496079515536406,-0.2738643374735114,1.3650458615285412,0.729287337393451,-0.5592870833289664,-0.28957542020022153,-1.2242268605636457,-0.7023414849728222,0.5580246913580247,False,False,False,0.4345679012345679,False,False,False,0.6814814814814815,False,False,False,False,False
P-166p164223082_VX-0p514604075971_LS-6p70362084208e-05_ST-302p957496397_M-TI64_XI-0p0002_XF-0p0014_XL-0p0012_TE-0p00125_DT-1p25202137351e-05_H-bf889bf790,old-data-local,False,166.164223082,0.514604075971,6.70362084208e-05,302.957496397,1.3178261243097917,P-228p959503311_VX-0p480404321045_LS-6p0796636822e-05_ST-336p115873803_M-TI64_XI-0p0002_XF-0p0014_XL-0p0012_TE-0p0021_DT-1p00417926977e-05_H-ba17ade68b,0.0,0.0,1.3178261243097917,0.16700634285046254,0.8875251272152861,P-164p187091551_VX-0p507792014735_LS-6p92164167976e-05_ST-301p020288893_M-TI64_XI-0p0002_XF-0p0014_XL-0p0012_TE-0p0021_DT-9p50018996564e-06_H-c15424829d,0.8637645523897229,0.902398720710645,-0.42027856961041776,-0.24818240313553477,-0.46423209430990214,-0.2887304353497073,0.30470362423321634,0.18598640016308654,-1.4561375380490593,-0.8341898153319317,0.4271604938271605,False,False,False,0.4469135802469136,False,False,False,0.9234567901234568,False,False,False,False,False
P-166p614725594_VX-0p931765035172_LS-5p67575778907e-05_ST-364p064697506_M-TI64_XI-0p0002_XF-0p0014_XL-0p0012_TE-0p0021_DT-5p17740033261e-06_H-0744488b5e,old-data-local,False,166.614725594,0.931765035172,5.67575778907e-05,364.064697506,1.7238062696507093,P-223p161294482_VX-0p578452940205_LS-4p86833733719e-05_ST-359p100984903_M-TI64_XI-0p0002_XF-0p0014_XL-0p0012_TE-0p0021_DT-8p33969415266e-06_H-1e85da8953,0.0,0.0,1.7238062696507093,0.15853753250653413,0.9157765269421858,P-160p556282667_VX-0p957190479289_LS-5p53708249108e-05_ST-363p791890923_M-TI64_XI-0p0002_XF-0p0014_XL-0p0012_TE-0p0021_DT-5p03987524677e-06_H-0590129dfb,1.0374531363269672,0.9139779850822787,-0.4155973794953181,-0.24408337311191183,1.3217654981281795,0.7052012333589462,-0.4080500526310008,-0.2063308239382998,0.47868024437782997,0.26581341404997105,0.6938271604938272,False,False,False,0.44938271604938274,False,False,False,0.9753086419753086,False,False,False,False,False
P-167p36850481_VX-0p484912828283_LS-7p82623244153e-05_ST-326p173250025_M-TI64_XI-0p0002_XF-0p0014_XL-0p0012_TE-0p0021_DT-9p94842850435e-06_H-31e40e99ef,old-data-local,False,167.36850481,0.484912828283,7.82623244153e-05,326.173250025,1.4056675002487844,P-228p959503311_VX-0p480404321045_LS-6p0796636822e-05_ST-336p115873803_M-TI64_XI-0p0002_XF-0p0014_XL-0p0012_TE-0p0021_DT-1p00417926977e-05_H-ba17ade68b,0.0,0.0,1.4056675002487844,0.32554800723475474,0.8119540832279368,P-145p249113956_VX-0p501139719932_LS-7p51242767898e-05_ST-325p186450026_M-TI64_XI-0p0002_XF-0p0014_XL-0p0012_TE-0p0021_DT-9p62629863717e-06_H-30d8d23b36,0.8891586181298511,0.7888237458391282,-0.40776482868613007,-0.2372248905168868,-0.5913496869744165,-0.3594730844631315,1.0831590253250798,0.6144674756823525,-0.7210645493226893,-0.41627828445061577,0.49876543209876545,False,False,False,0.454320987654321,False,False,False,0.671604938271605,False,False,False,False,False
P-167p779770961_VX-0p390580196452_LS-6p45833025222e-05_ST-394p852870083_M-TI64_XI-0p0002_XF-0p0014_XL-0p0012_TE-0p0021_DT-1p23511653864e-05_H-73ae961aa0,old-data-local,False,167.779770961,0.390580196452,6.45833025222e-05,394.852870083,1.0646114700979061,P-238p319282705_VX-0p253960262605_LS-5p92121677448e-05_ST-384p128817665_M-TI64_XI-0p0002_XF-0p0014_XL-0p0012_TE-0p0021_DT-1p89955725889e-05_H-452de4062d,0.0,0.0,1.0646114700979061,0.41326156402791253,0.7203673424677093,P-143p879945116_VX-0p336279357485_LS-6p76007351295e-05_ST-398p207663754_M-TI64_XI-0p0002_XF-0p0014_XL-0p0012_TE-0p00125_DT-1p91595257833e-05_H-bf889bf790,0.7727815161928173,0.7418945558210245,-0.4034913452105565,-0.2334828641002862,-0.9952174258472108,-0.584230910193148,0.13461115003548224,0.0923633021927282,1.4535163145841938,0.8200376077101733,0.26666666666666666,False,False,True,0.4567901234567901,False,False,False,0.34074074074074073,False,False,False,False,False
P-171p239447318_VX-0p969583751496_LS-7p40725617215e-05_ST-384p912438459_M-TI64_XI-0p0002_XF-0p0014_XL-0p0012_TE-0p0021_DT-4p97545528746e-06_H-7931c20f4a,old-data-local,False,171.239447318,0.969583751496,7.40725617215e-05,384.912438459,2.4294646335083327,P-243p936893462_VX-0p545516283598_LS-5p6904291389e-05_ST-360p082453969_M-TI64_XI-0p0002_XF-0p0014_XL-0p0012_TE-0p0021_DT-8p84322017154e-06_H-e0ed0fec98,0.0,0.0,2.4294646335083327,0.5605148576305,0.8125355510659341,P-174p128102602_VX-0p994422815088_LS-7p40414236536e-05_ST-367p557277174_M-TI64_XI-0p0002_XF-0p0014_XL-0p0012_TE-0p0021_DT-4p85117651146e-06_H-6705b84f8a,1.444848667515134,0.8191192110085038,-0.36754170601335506,-0.20200397800838826,1.483679346521691,0.7953084665389832,0.7926272510337994,0.454551612877313,1.138775604454022,0.6410978642854074,0.9308641975308642,False,False,False,0.4617283950617284,False,False,False,0.6765432098765433,False,False,False,False,False
P-171p382540224_VX-0p233605939402_LS-6p18629013601e-05_ST-355p188153249_M-TI64_XI-0p0002_XF-0p0014_XL-0p0012_TE-0p0021_DT-2p06506761573e-05_H-ba17ade68b,old-data-local,False,171.382540224,0.233605939402,6.18629013601e-05,355.188153249,1.1682622634524384,P-238p319282705_VX-0p253960262605_LS-5p92121677448e-05_ST-384p128817665_M-TI64_XI-0p0002_XF-0p0014_XL-0p0012_TE-0p0021_DT-1p89955725889e-05_H-452de4062d,0.0,0.0,1.1682622634524384,0.6424526604505386,0.6451939220417211,P-188p623199531_VX-0p253450423389_LS-5p98563054886e-05_ST-373p9812389_M-TI64_XI-0p0002_XF-0p0014_XL-0p0012_TE-0p0021_DT-1p90337839587e-05_H-b41981edcb,0.7094975955155929,0.6490660600670437,-0.3660548217468627,-0.20070200498440333,-1.6672737124734316,-0.9582392679091726,-0.05403031588299358,-0.011469618859535175,0.1976250599928026,0.10602492478445108,0.3135802469135803,False,False,False,0.4641975308641975,False,False,False,0.19012345679012346,False,True,True,False,False
P-171p875575389_VX-0p916897438596_LS-6p66389080354e-05_ST-338p337187717_M-TI64_XI-0p0002_XF-0p0014_XL-0p0012_TE-0p0021_DT-5p2613524697e-06_H-30d8d23b36,old-data-local,False,171.875575389,0.916897438596,6.66389080354e-05,338.337187717,1.877790267462361,P-243p042265843_VX-0p642372627708_LS-5p19118052277e-05_ST-314p809567363_M-TI64_XI-0p0002_XF-0p0014_XL-0p0012_TE-0p0021_DT-7p50984770355e-06_H-ac0fcec187,0.0,0.0,1.877790267462361,0.4515266168998158,0.8061549203841131,P-173p043282634_VX-0p866796851528_LS-6p96390683614e-05_ST-349p021338305_M-TI64_XI-0p0002_XF-0p0014_XL-0p0012_TE-0p0021_DT-5p56545699781e-06_H-27614c4053,1.1586470951246264,0.8202543137727105,-0.360931673086607,-0.19621597906844354,1.258112629602478,0.6697775563620042,0.27715352310990393,0.17082214419746006,-0.33592167706392395,-0.19731275337788684,0.7604938271604939,False,False,False,0.4691358024691358,False,False,False,0.6469135802469136,False,False,False,False,False
P-173p720948038_VX-0p230617607979_LS-6p23730108092e-05_ST-383p499521736_M-TI64_XI-0p0002_XF-0p0014_XL-0p0012_TE-0p0021_DT-2p09182665855e-05_H-eb41f0639c,old-data-local,False,173.720948038,0.230617607979,6.23730108092e-05,383.499521736,0.7134382662154588,P-238p319282705_VX-0p253960262605_LS-5p92121677448e-05_ST-384p128817665_M-TI64_XI-0p0002_XF-0p0014_XL-0p0012_TE-0p0021_DT-1p89955725889e-05_H-452de4062d,0.0,0.1,0.7134382662154588,0.3934678521990212,0.6445336730430038,P-188p623199531_VX-0p253450423389_LS-5p98563054886e-05_ST-373p9812389_M-TI64_XI-0p0002_XF-0p0014_XL-0p0012_TE-0p0021_DT-1p90337839587e-05_H-b41981edcb,0.6026993424225723,0.7232347412879195,-0.3417563300572783,-0.17942531155486535,-1.6800677014821526,-0.9653592947774726,-0.018657667320085163,0.008000360382617247,1.0940388737392186,0.6156636612791966,0.09135802469135802,True,True,True,0.4765432098765432,False,False,False,0.18765432098765433,False,True,True,True,True
P-174p128102602_VX-0p994422815088_LS-7p40414236536e-05_ST-367p557277174_M-TI64_XI-0p0002_XF-0p0014_XL-0p0012_TE-0p0021_DT-4p85117651146e-06_H-6705b84f8a,old-data-local,False,174.128102602,0.994422815088,7.40414236536e-05,367.557277174,2.384974038987641,P-243p936893462_VX-0p545516283598_LS-5p6904291389e-05_ST-360p082453969_M-TI64_XI-0p0002_XF-0p0014_XL-0p0012_TE-0p0021_DT-8p84322017154e-06_H-e0ed0fec98,0.0,0.0,2.384974038987641,0.38754051374010107,0.8602205664317185,P-155p252053768_VX-0p916931554055_LS-7p35634948929e-05_ST-366p816583574_M-TI64_XI-0p0002_XF-0p0014_XL-0p0012_TE-0p0021_DT-5p26115671522e-06_H-1d842653b1,1.41186777596409,0.8479473126331323,-0.33752557025118274,-0.17572069562568435,1.5900232092328548,0.8544902556796623,0.790468036114927,0.45336312766747566,0.5892646783815282,0.3286840552174602,0.9160493827160494,False,False,False,0.48148148148148145,False,False,False,0.8518518518518519,False,False,False,False,False
P-176p31832051_VX-0p578189015568_LS-5p80825678862e-05_ST-392p957182722_M-TI64_XI-0p0002_XF-0p0014_XL-0p0012_TE-0p0021_DT-8p34350095405e-06_H-568de84222,old-data-local,False,176.31832051,0.578189015568,5.80825678862e-05,392.957182722,0.9476356210357468,P-202p397397496_VX-0p555230188132_LS-4p52196790327e-05_ST-397p348654616_M-TI64_XI-0p0002_XF-0p0014_XL-0p0012_TE-0p0021_DT-8p68850560746e-06_H-0011cc30ec,0.0,0.0,0.9476356210357468,0.5805704033484884,0.6200967709295483,P-178p179131994_VX-0p674364285322_LS-6p39772031663e-05_ST-392p701744041_M-TI64_XI-0p0002_XF-0p0014_XL-0p0012_TE-0p0021_DT-7p15358257846e-06_H-b41981edcb,0.5536992050195115,0.6325719544225555,-0.31476692596454636,-0.15579235177847206,-0.1920049202879796,-0.13723235355549515,-0.31617093621219694,-0.1557582894479865,1.3934937714236546,0.7859129516769364,0.2123456790123457,False,False,True,0.4839506172839506,False,False,False,0.16049382716049382,False,True,True,False,True
P-176p64993117_VX-0p775213670345_LS-6p57722012124e-05_ST-360p022077993_M-TI64_XI-0p0002_XF-0p0014_XL-0p0012_TE-0p0021_DT-6p222956054e-06_H-5731c00627,old-data-local,False,176.64993117,0.775213670345,6.57722012124e-05,360.022077993,1.3542844239546996,P-243p936893462_VX-0p545516283598_LS-5p6904291389e-05_ST-360p082453969_M-TI64_XI-0p0002_XF-0p0014_XL-0p0012_TE-0p0021_DT-8p84322017154e-06_H-e0ed0fec98,0.0,0.0,1.3542844239546996,0.4859778314631014,0.7359192527954294,P-136p115095044_VX-0p8200930762_LS-6p39666133344e-05_ST-362p502989524_M-TI64_XI-0p0002_XF-0p0014_XL-0p0012_TE-0p0021_DT-5p88240620853e-06_H-f575443233,0.8882033705528303,0.7283958108730059,-0.3113211459693092,-0.15277509434863237,0.6515197464417221,0.33220046267526343,0.21705325264609737,0.13774147125047936,0.35068007452245764,0.19304139309731477,0.45925925925925926,False,False,False,0.48641975308641977,False,False,False,0.38765432098765434,False,False,False,False,False
P-177p868754925_VX-0p784825891065_LS-5p3694165939e-05_ST-378p775948175_M-TI64_XI-0p0002_XF-0p0014_XL-0p0012_TE-0p0021_DT-6p14673987943e-06_H-fa25be35ef,old-data-local,False,177.868754925,0.784825891065,5.3694165939e-05,378.775948175,1.229214694763326,P-223p161294482_VX-0p578452940205_LS-4p86833733719e-05_ST-359p100984903_M-TI64_XI-0p0002_XF-0p0014_XL-0p0012_TE-0p0021_DT-8p33969415266e-06_H-1e85da8953,0.0,0.0,1.229214694763326,0.3920191991205496,0.7581970124116905,P-182p701235644_VX-0p787372384637_LS-5p07019733104e-05_ST-389p154544132_M-TI64_XI-0p0002_XF-0p0014_XL-0p0012_TE-0p0021_DT-6p1268602978e-06_H-d9be003c20,0.7519710041099419,0.7709409405044066,-0.2986562982448757,-0.14168526680678295,0.6926726939677433,0.35510263117761887,-0.6204770024984868,-0.3232558627020253,0.9444778734551081,0.5306336471887995,0.36049382716049383,False,False,False,0.49135802469135803,False,False,False,0.454320987654321,False,False,False,False,False
P-179p651163568_VX-0p66389382017_LS-6p65035978508e-05_ST-326p14019277_M-TI64_XI-0p0002_XF-0p0014_XL-0p0012_TE-0p0021_DT-7p26640383816e-06_H-f77f7c89dc,old-data-local,False,179.651163568,0.66389382017,6.65035978508e-05,326.14019277,1.0658439007816976,P-228p959503311_VX-0p480404321045_LS-6p0796636822e-05_ST-336p115873803_M-TI64_XI-0p0002_XF-0p0014_XL-0p0012_TE-0p0021_DT-1p00417926977e-05_H-ba17ade68b,0.0,0.0,1.0658439007816976,0.3834478266790999,0.7354239871699868,P-203p030488295_VX-0p654564663741_LS-6p39602473907e-05_ST-333p568221635_M-TI64_XI-0p0002_XF-0p0014_XL-0p0012_TE-0p0021_DT-7p36996796534e-06_H-0e4c2fc094,0.6871010536688221,0.7176922625358425,-0.28013521678932984,-0.12546749587896572,0.1749243699618193,0.06696872896567758,0.26777067475200267,0.1656575927662686,-0.7221112306245896,-0.41687335486121524,0.2691358024691358,False,False,True,0.4962962962962963,False,False,False,0.3851851851851852,False,False,False,False,False
P-181p197687991_VX-0p643443519749_LS-5p49477846524e-05_ST-320p630170488_M-TI64_XI-0p0002_XF-0p0014_XL-0p0012_TE-0p0021_DT-7p49734895908e-06_H-6014a1f9c3,old-data-local,False,181.197687991,0.643443519749,5.49477846524e-05,320.630170488,0.7009132481159742,P-243p042265843_VX-0p642372627708_LS-5p19118052277e-05_ST-314p809567363_M-TI64_XI-0p0002_XF-0p0014_XL-0p0012_TE-0p0021_DT-7p50984770355e-06_H-ac0fcec187,0.0,0.2,0.7009132481159742,0.37681072014993433,0.6503643500141929,P-151p630328889_VX-0p596649793105_LS-5p54888002616e-05_ST-323p086654154_M-TI64_XI-0p0002_XF-0p0014_XL-0p0012_TE-0p00125_DT-1p0798550665e-05_H-bf889bf790,0.4828369344745516,0.6214241764535844,-0.2640652179572076,-0.11139598712310904,0.08737018611274301,0.018243648694577716,-0.5335470029479583,-0.2754074443468365,-0.8965733054587104,-0.5160603932816934,0.08888888888888889,True,True,True,0.5012345679012346,False,False,False,0.20493827160493827,False,False,True,False,True
P-181p214517461_VX-0p293157847988_LS-6p39704529171e-05_ST-391p855294349_M-TI64_XI-0p0002_XF-0p0014_XL-0p0012_TE-0p0021_DT-1p64557102466e-05_H-e6df4d4a2d,old-data-local,False,181.214517461,0.293157847988,6.39704529171e-05,391.855294349,0.740931515200441,P-238p319282705_VX-0p253960262605_LS-5p92121677448e-05_ST-384p128817665_M-TI64_XI-0p0002_XF-0p0014_XL-0p0012_TE-0p0021_DT-1p89955725889e-05_H-452de4062d,0.0,0.0,0.740931515200441,0.4000265335631583,0.649394178868673,P-173p720948038_VX-0p230617607979_LS-6p23730108092e-05_ST-383p499521736_M-TI64_XI-0p0002_XF-0p0014_XL-0p0012_TE-0p0021_DT-2p09182665855e-05_H-eb41f0639c,0.5753427682902867,0.7138407967955482,-0.2638903422428489,-0.11124285922487506,-1.412313215778338,-0.8163503241570118,0.0921141648465845,0.06897191214710065,1.358605031968431,0.7660776336338743,0.09876543209876543,True,True,True,0.5037037037037037,False,False,False,0.20246913580246914,False,False,True,False,True
P-182p701235644_VX-0p787372384637_LS-5p07019733104e-05_ST-389p154544132_M-TI64_XI-0p0002_XF-0p0014_XL-0p0012_TE-0p0021_DT-6p1268602978e-06_H-d9be003c20,old-data-local,False,182.701235644,0.787372384637,5.07019733104e-05,389.154544132,1.1142294742289593,P-202p397397496_VX-0p555230188132_LS-4p52196790327e-05_ST-397p348654616_M-TI64_XI-0p0002_XF-0p0014_XL-0p0012_TE-0p0021_DT-8p68850560746e-06_H-0011cc30ec,0.0,0.0,1.1142294742289593,0.3182281068271885,0.7778446559006936,P-210p093044543_VX-0p812610384047_LS-5p18819698292e-05_ST-390p525668596_M-TI64_XI-0p0002_XF-0p0014_XL-0p0012_TE-0p0021_DT-5p93657267704e-06_H-d9be003c20,0.6352823898782107,0.7398143267919806,-0.24844179250823897,-0.09771551518914791,0.7035750358298917,0.36116993098012573,-0.827965372829073,-0.4374625853380185,1.2730920408493651,0.717460876418065,0.2839506172839506,False,False,True,0.508641975308642,False,False,False,0.5333333333333333,False,False,False,False,False
P-183p86712976_VX-0p92773562332_LS-4p77447546287e-05_ST-393p876492884_M-TI64_XI-0p0002_XF-0p0014_XL-0p0012_TE-0p0021_DT-5p19988721113e-06_H-95ed9fb76f,old-data-local,False,183.86712976,0.92773562332,4.77447546287e-05,393.876492884,1.6196448735346667,P-202p397397496_VX-0p555230188132_LS-4p52196790327e-05_ST-397p348654616_M-TI64_XI-0p0002_XF-0p0014_XL-0p0012_TE-0p0021_DT-8p68850560746e-06_H-0011cc30ec,0.0,0.0,1.6196448735346667,0.631019647532136,0.7196296286605006,P-124p939831153_VX-0p895565001264_LS-4p79284796095e-05_ST-395p904294171_M-TI64_XI-0p0002_XF-0p0014_XL-0p0012_TE-0p0021_DT-5p38667834965e-06_H-cf6d926251,0.9106814297809223,0.7148813856346917,-0.23632693883773992,-0.08710728358432726,1.304514315562109,0.6956007183595474,-1.0330285359129903,-0.550334414018684,1.422601595325302,0.8024616419892252,0.6197530864197531,False,False,False,0.5111111111111111,False,False,False,0.3358024691358025,False,False,False,False,False
P-184p554601264_VX-0p855768445974_LS-6p11854963854e-05_ST-316p977306706_M-TI64_XI-0p0002_XF-0p0014_XL-0p0012_TE-0p0021_DT-5p63717980689e-06_H-0011cc30ec,old-data-local,False,184.554601264,0.855768445974,6.11854963854e-05,316.977306706,1.2736940618864807,P-243p042265843_VX-0p642372627708_LS-5p19118052277e-05_ST-314p809567363_M-TI64_XI-0p0002_XF-0p0014_XL-0p0012_TE-0p0021_DT-7p50984770355e-06_H-ac0fcec187,0.0,0.0,1.2736940618864807,0.3278809925056926,0.7952759119177656,P-155p56408626_VX-0p882684317254_LS-6p13538276829e-05_ST-315p150952839_M-TI64_XI-0p0002_XF-0p0014_XL-0p0012_TE-0p0021_DT-5p46528414374e-06_H-cda596b3bb,0.8176324623014403,0.7493281918212624,-0.22918339418878667,-0.08085212127064563,0.9964001389126362,0.5241310371871634,-0.10100378039556966,-0.03732497366468413,-1.0122327641465638,-0.5818163415786017,0.3950617283950617,False,False,False,0.5135802469135803,False,False,False,0.6024691358024692,False,False,False,False,False
P-186p021611878_VX-0p483877556354_LS-6p53069178085e-05_ST-388p836932905_M-TI64_XI-0p0002_XF-0p0014_XL-0p0012_TE-0p0021_DT-9p96971349398e-06_H-b40dbd8ddd,old-data-local,False,186.021611878,0.483877556354,6.53069178085e-05,388.836932905,1.210410370242543,P-238p319282705_VX-0p253960262605_LS-5p92121677448e-05_ST-384p128817665_M-TI64_XI-0p0002_XF-0p0014_XL-0p0012_TE-0p0021_DT-1p89955725889e-05_H-452de4062d,0.0,0.0,1.210410370242543,0.4840239814393563,0.7143448012849167,P-167p779770961_VX-0p390580196452_LS-6p45833025222e-05_ST-394p852870083_M-TI64_XI-0p0002_XF-0p0014_XL-0p0012_TE-0p0021_DT-1p23511653864e-05_H-73ae961aa0,0.7666910332325985,0.7206021937796359,-0.21393962661351693,-0.06750409236607072,-0.595782012511912,-0.3619397332068899,0.1847889878743975,0.11998242320376291,1.2630356180588358,0.7117434917392161,0.3432098765432099,False,False,False,0.5185185185185185,False,False,False,0.31851851851851853,False,False,False,False,False
P-186p850960621_VX-0p845582390035_LS-8p39602076571e-05_ST-354p289806443_M-TI64_XI-0p0002_XF-0p0014_XL-0p0012_TE-0p0021_DT-5p70508641129e-06_H-f404b6f8f4,old-data-local,False,186.850960621,0.845582390035,8.39602076571e-05,354.289806443,2.3551917223883847,P-228p959503311_VX-0p480404321045_LS-6p0796636822e-05_ST-336p115873803_M-TI64_XI-0p0002_XF-0p0014_XL-0p0012_TE-0p0021_DT-1p00417926977e-05_H-ba17ade68b,0.0,0.0,2.3551917223883847,0.5030237370311814,0.8240077614256088,P-197p742114875_VX-0p874617254357_LS-7p7301896977e-05_ST-350p888533369_M-TI64_XI-0p0002_XF-0p0014_XL-0p0012_TE-0p0021_DT-5p51569338357e-06_H-054022a1b4,1.3388471308310868,0.8229742882541846,-0.2053218297438245,-0.059958018133278966,0.9527904218903679,0.4998616434346866,1.4782687842606848,0.8319456436280428,0.16918099213352022,0.08985360013251277,0.908641975308642,False,False,False,0.5209876543209877,False,False,False,0.7086419753086419,False,False,False,False,False
P-188p702615393_VX-0p897654681927_LS-7p37418626284e-05_ST-361p378936642_M-TI64_XI-0p0002_XF-0p0014_XL-0p0012_TE-0p0021_DT-5p37413851912e-06_H-cedd8dc36d,old-data-local,False,188.702615393,0.897654681927,7.37418626284e-05,361.378936642,1.9917888794256327,P-243p936893462_VX-0p545516283598_LS-5p6904291389e-05_ST-360p082453969_M-TI64_XI-0p0002_XF-0p0014_XL-0p0012_TE-0p0021_DT-8p84322017154e-06_H-e0ed0fec98,0.0,0.0,1.9917888794256327,0.3967657444367574,0.8338887708604414,P-155p252053768_VX-0p916931554055_LS-7p35634948929e-05_ST-366p816583574_M-TI64_XI-0p0002_XF-0p0014_XL-0p0012_TE-0p0021_DT-5p26115671522e-06_H-1d842653b1,1.170497327047867,0.8223914036178176,-0.18608120891624583,-0.04311019087008076,1.1757283212805036,0.6239295813184952,0.7696955001694756,0.44192941093728716,0.39364185635308174,0.21746648324425888,0.8123456790123457,False,False,False,0.5259259259259259,False,False,False,0.7481481481481481,False,False,False,False,False
P-190p553348142_VX-0p571798591092_LS-6p21059581714e-05_ST-350p091118048_M-TI64_XI-0p0002_XF-0p0014_XL-0p0012_TE-0p0021_DT-8p43674797065e-06_H-30d8d23b36,old-data-local,False,190.553348142,0.571798591092,6.21059581714e-05,350.091118048,0.7186200758822664,P-228p959503311_VX-0p480404321045_LS-6p0796636822e-05_ST-336p115873803_M-TI64_XI-0p0002_XF-0p0014_XL-0p0012_TE-0p0021_DT-1p00417926977e-05_H-ba17ade68b,0.2,0.2,0.7186200758822664,0.5895222697653657,0.5493439443140217,P-202p623346674_VX-0p47308497906_LS-5p69403778977e-05_ST-355p073751689_M-TI64_XI-0p0002_XF-0p0014_XL-0p0012_TE-0p0021_DT-1p01971544575e-05_H-b41981edcb,0.48509658775342834,0.5893010355143563,-0.1668501688675495,-0.026270752905185546,-0.21936434229777987,-0.1524582396867206,-0.037175965934948395,-0.0021925684558932778,0.03623926313787012,0.014272151304085604,0.09382716049382717,True,True,True,0.08888888888888889,True,True,True,0.07654320987654321,True,True,True,True,True
P-193p028200221_VX-0p93446669696_LS-8p62901752671e-05_ST-365p941151844_M-TI64_XI-0p0002_XF-0p0014_XL-0p0012_TE-0p0021_DT-5p16243181133e-06_H-4852b0403a,old-data-local,False,193.028200221,0.93446669696,8.62901752671e-05,365.941151844,2.6906272266946503,P-243p936893462_VX-0p545516283598_LS-5p6904291389e-05_ST-360p082453969_M-TI64_XI-0p0002_XF-0p0014_XL-0p0012_TE-0p0021_DT-8p84322017154e-06_H-e0ed0fec98,0.0,0.0,2.6906272266946503,0.5203865833390097,0.8379369837298972,P-218p170294814_VX-0p856055229722_LS-8p4878396046e-05_ST-374p889107005_M-TI64_XI-0p0002_XF-0p0014_XL-0p0012_TE-0p0021_DT-5p63529131711e-06_H-73846c96ef,1.5305200269336092,0.8288309241187332,-0.14113387921332238,-0.0037525810734446584,1.3333321640457945,0.7116382384285873,1.6398363176143598,0.9208764036475343,0.5380938184768685,0.29959185250120696,0.9703703703703703,False,False,False,0.5333333333333333,False,False,False,0.7703703703703704,False,False,False,False,False
P-193p440626378_VX-0p303697281962_LS-7p07136561297e-05_ST-354p067159473_M-TI64_XI-0p0002_XF-0p0014_XL-0p0012_TE-0p0021_DT-1p58846354233e-05_H-5731c00627,old-data-local,False,193.440626378,0.303697281962,7.07136561297e-05,354.067159473,1.2265941547876444,P-228p959503311_VX-0p480404321045_LS-6p0796636822e-05_ST-336p115873803_M-TI64_XI-0p0002_XF-0p0014_XL-0p0012_TE-0p0021_DT-1p00417926977e-05_H-ba17ade68b,0.0,0.0,1.2265941547876444,0.32848779482649,0.7887649619314285,P-194p036512211_VX-0p298398024189_LS-7p09068727373e-05_ST-343p727832606_M-TI64_XI-0p0002_XF-0p0014_XL-0p0012_TE-0p0021_DT-1p61667310503e-05_H-7931c20f4a,0.7276001796140675,0.7957369743075515,-0.13684834206773375,0.0,-1.3671905759721654,-0.7912389685376209,0.559709810934711,0.3263481023089864,0.16213139226736037,0.08584568647311931,0.35555555555555557,False,False,False,0.5358024691358024,False,False,False,0.5802469135802469,False,False,False,False,False
P-193p81397439_VX-0p717380412454_LS-5p49903358659e-05_ST-340p433066031_M-TI64_XI-0p0002_XF-0p0014_XL-0p0012_TE-0p0021_DT-6p72463384735e-06_H-ff88caf608,old-data-local,False,193.81397439,0.717380412454,5.49903358659e-05,340.433066031,0.9936871099401845,P-223p161294482_VX-0p578452940205_LS-4p86833733719e-05_ST-359p100984903_M-TI64_XI-0p0002_XF-0p0014_XL-0p0012_TE-0p0021_DT-8p33969415266e-06_H-1e85da8953,0.0,0.0,0.9936871099401845,0.49458026507885827,0.6676805032613646,P-203p317554156_VX-0p724937635215_LS-5p40301996917e-05_ST-325p306920736_M-TI64_XI-0p0002_XF-0p0014_XL-0p0012_TE-0p0021_DT-6p65453187788e-06_H-dfd65b549a,0.5930810637808107,0.6726764358786117,-0.1329688675327136,0.0033970170413789346,0.40391733524291035,0.19440639241385402,-0.5305963633867499,-0.2737833394708436,-0.26956055172786525,-0.1595844190416584,0.23703703703703705,False,False,True,0.5382716049382716,False,False,False,0.2271604938271605,False,False,True,False,True
P-194p036512211_VX-0p298398024189_LS-7p09068727373e-05_ST-343p727832606_M-TI64_XI-0p0002_XF-0p0014_XL-0p0012_TE-0p0021_DT-1p61667310503e-05_H-7931c20f4a,old-data-local,False,194.036512211,0.298398024189,7.09068727373e-05,343.727832606,1.1351109262254848,P-228p959503311_VX-0p480404321045_LS-6p0796636822e-05_ST-336p115873803_M-TI64_XI-0p0002_XF-0p0014_XL-0p0012_TE-0p0021_DT-1p00417926977e-05_H-ba17ade68b,0.0,0.0,1.1351109262254848,0.32848779482649,0.775561572921855,P-193p440626378_VX-0p303697281962_LS-7p07136561297e-05_ST-354p067159473_M-TI64_XI-0p0002_XF-0p0014_XL-0p0012_TE-0p0021_DT-1p58846354233e-05_H-5731c00627,0.6758021688683526,0.7834708849857782,-0.13065646788975432,0.005421843064259509,-1.389878369293991,-0.8038650305049809,0.5731080790303342,0.3337228399184319,-0.1652394104783307,-0.10027465183280249,0.291358024691358,False,False,True,0.5407407407407407,False,False,False,0.5185185185185185,False,False,False,False,False
P-194p089464462_VX-0p388567055088_LS-7p6021762795e-05_ST-395p140888584_M-TI64_XI-0p0002_XF-0p0014_XL-0p0012_TE-0p0021_DT-1p24151559939e-05_H-7f5e3f5579,old-data-local,False,194.089464462,0.388567055088,7.6021762795e-05,395.140888584,1.4225369351307822,P-238p319282705_VX-0p253960262605_LS-5p92121677448e-05_ST-384p128817665_M-TI64_XI-0p0002_XF-0p0014_XL-0p0012_TE-0p0021_DT-1p89955725889e-05_H-452de4062d,0.0,0.0,1.4225369351307822,0.38821456337291077,0.7856058306765393,P-207p687789994_VX-0p40901295179_LS-7p09627718894e-05_ST-395p011679_M-TI64_XI-0p0002_XF-0p0014_XL-0p0012_TE-0p0021_DT-1p17945424024e-05_H-d9444347fb,0.8460208199414784,0.7830031500541178,-0.13010623887359857,0.005903644743241929,-1.0038363187470354,-0.5890274399525467,0.9277911941307297,0.5289491848234587,1.4626357523474882,0.8252222876737763,0.5037037037037037,False,False,False,0.5432098765432098,False,False,False,0.5604938271604938,False,False,False,False,False
P-195p080816167_VX-0p844140965531_LS-6p21634030137e-05_ST-331p625980857_M-TI64_XI-0p0002_XF-0p0014_XL-0p0012_TE-0p0021_DT-5p71482820998e-06_H-cca0c4e3bb,old-data-local,False,195.080816167,0.844140965531,6.21634030137e-05,331.625980857,1.3354535047424274,P-243p042265843_VX-0p642372627708_LS-5p19118052277e-05_ST-314p809567363_M-TI64_XI-0p0002_XF-0p0014_XL-0p0012_TE-0p0021_DT-7p50984770355e-06_H-ac0fcec187,0.0,0.0,1.3354535047424274,0.48390667552103195,0.7340237074711847,P-184p554601264_VX-0p855768445974_LS-6p11854963854e-05_ST-316p977306706_M-TI64_XI-0p0002_XF-0p0014_XL-0p0012_TE-0p0021_DT-5p63717980689e-06_H-0011cc30ec,0.8162627231993909,0.7495722405547168,-0.11980506256842997,0.01492375072383836,0.946619229124017,0.4964272917031097,-0.033192553704465826,0.0,-0.548416475362923,-0.3181225611431241,0.4345679012345679,False,False,False,0.5481481481481482,False,False,False,0.37777777777777777,False,False,False,False,False
P-196p954129245_VX-0p972458485112_LS-5p85340423111e-05_ST-310p387913302_M-TI64_XI-0p0002_XF-0p0014_XL-0p0012_TE-0p0021_DT-4p96074709293e-06_H-f575443233,old-data-local,False,196.954129245,0.972458485112,5.85340423111e-05,310.387913302,1.5674691401100094,P-243p042265843_VX-0p642372627708_LS-5p19118052277e-05_ST-314p809567363_M-TI64_XI-0p0002_XF-0p0014_XL-0p0012_TE-0p0021_DT-7p50984770355e-06_H-ac0fcec187,0.0,0.0,1.5674691401100094,0.46309099885746535,0.7719392841558764,P-163p341658752_VX-0p941874162971_LS-5p45765866009e-05_ST-310p281913475_M-TI64_XI-0p0002_XF-0p0014_XL-0p0012_TE-0p0021_DT-5p12183133657e-06_H-b40dbd8ddd,0.9298399605588202,0.733323457722498,-0.10033938939318082,0.03196864247433701,1.4959869875025504,0.8021578341919784,-0.2848642309643236,-0.1385263058086432,-1.2208706219126895,-0.7004333603999762,0.562962962962963,False,False,False,0.5530864197530864,False,False,False,0.5061728395061729,False,False,False,False,False
P-197p742114875_VX-0p874617254357_LS-7p7301896977e-05_ST-350p888533369_M-TI64_XI-0p0002_XF-0p0014_XL-0p0012_TE-0p0021_DT-5p51569338357e-06_H-054022a1b4,old-data-local,False,197.742114875,0.874617254357,7.7301896977e-05,350.888533369,2.0738905229596214,P-243p936893462_VX-0p545516283598_LS-5p6904291389e-05_ST-360p082453969_M-TI64_XI-0p0002_XF-0p0014_XL-0p0012_TE-0p0021_DT-8p84322017154e-06_H-e0ed0fec98,0.0,0.0,2.0738905229596214,0.4291383375978986,0.8285523813327853,P-212p092538093_VX-0p79096361392_LS-7p95278191784e-05_ST-347p757246585_M-TI64_XI-0p0002_XF-0p0014_XL-0p0012_TE-0p0021_DT-6p09904238086e-06_H-b40dbd8ddd,1.1937442706818056,0.8252457181201742,-0.09215139833044346,0.03913836221954805,1.0770978304148375,0.5690403872978913,1.016559862527568,0.5778096519147543,0.06148756963939705,0.02862658764447683,0.837037037037037,False,False,False,0.5555555555555556,False,False,False,0.725925925925926,False,False,False,False,False
P-198p603717725_VX-0p869799932432_LS-5p56307183941e-05_ST-326p836247823_M-TI64_XI-0p0002_XF-0p0014_XL-0p0012_TE-0p0021_DT-5p54624163919e-06_H-bf3689621a,old-data-local,False,198.603717725,0.869799932432,5.56307183941e-05,326.836247823,1.171666495352327,P-243p042265843_VX-0p642372627708_LS-5p19118052277e-05_ST-314p809567363_M-TI64_XI-0p0002_XF-0p0014_XL-0p0012_TE-0p0021_DT-7p50984770355e-06_H-ac0fcec187,0.0,0.0,1.171666495352327,0.2730812348066468,0.8109834477631621,P-218p846041052_VX-0p877499363134_LS-5p6186595533e-05_ST-332p098243358_M-TI64_XI-0p0002_XF-0p0014_XL-0p0012_TE-0p0021_DT-5p49757732676e-06_H-27d926f040,0.723968488757218,0.7759827861677109,-0.08319844770946712,0.04697790996126894,1.0564733564071833,0.5575625902653196,-0.4861901557467801,-0.24934106624283534,-0.7000722618999338,-0.4043435254428812,0.3160493827160494,False,False,False,0.5604938271604938,False,False,False,0.6641975308641975,False,False,False,False,False
P-202p397397496_VX-0p555230188132_LS-4p52196790327e-05_ST-397p348654616_M-TI64_XI-0p0002_XF-0p0014_XL-0p0012_TE-0p0021_DT-8p68850560746e-06_H-0011cc30ec,old-data-local,True,202.397397496,0.555230188132,4.52196790327e-05,397.348654616,0.9476356210357468,P-176p31832051_VX-0p578189015568_LS-5p80825678862e-05_ST-392p957182722_M-TI64_XI-0p0002_XF-0p0014_XL-0p0012_TE-0p0021_DT-8p34350095405e-06_H-568de84222,0.6,0.7,0.9476356210357468,0.7579990098176773,0.5555912174236237,P-270p660461155_VX-0p506275452772_LS-4p55363433165e-05_ST-392p157982605_M-TI64_XI-0p0002_XF-0p0014_XL-0p0012_TE-0p0021_DT-9p52864804446e-06_H-b5aba20bdc,0.5536992050195115,0.4835298101437649,-0.04377816531188688,0.08149582466124397,-0.2902988991982645,-0.19193427414932132,-1.2081254916931097,-0.6467121022299593,1.5325395427458102,0.8649647357133736,0.21481481481481482,False,False,True,0.03950617283950617,True,True,True,0.08148148148148149,True,True,True,True,True
P-202p894942483_VX-0p693798608043_LS-7p43333938026e-05_ST-353p442501329_M-TI64_XI-0p0002_XF-0p0014_XL-0p0012_TE-0p0021_DT-6p95320017522e-06_H-4852b0403a,old-data-local,False,202.894942483,0.693798608043,7.43333938026e-05,353.442501329,1.445611730119831,P-243p936893462_VX-0p545516283598_LS-5p6904291389e-05_ST-360p082453969_M-TI64_XI-0p0002_XF-0p0014_XL-0p0012_TE-0p0021_DT-8p84322017154e-06_H-e0ed0fec98,0.0,0.0,1.445611730119831,0.5147095352804337,0.737436131329556,P-235p890696826_VX-0p62852965691_LS-7p09715556056e-05_ST-349p581827429_M-TI64_XI-0p0002_XF-0p0014_XL-0p0012_TE-0p0021_DT-7p6752473809e-06_H-765072ed36,0.8240044539128599,0.7126588214613209,-0.03860815490590307,0.08602288452326787,0.3029561954851064,0.13822016095470907,0.8107141960119025,0.46450711402253647,0.14235304105809488,0.07460108742113411,0.5185185185185185,False,False,False,0.5654320987654321,False,False,False,0.3925925925925926,False,False,False,False,False
P-203p020934762_VX-0p232834869492_LS-7p55576098976e-05_ST-395p193912826_M-TI64_XI-0p0002_XF-0p0014_XL-0p0012_TE-0p0021_DT-2p07190641743e-05_H-b40dbd8ddd,old-data-local,False,203.020934762,0.232834869492,7.55576098976e-05,395.193912826,1.2450535140618582,P-238p319282705_VX-0p253960262605_LS-5p92121677448e-05_ST-384p128817665_M-TI64_XI-0p0002_XF-0p0014_XL-0p0012_TE-0p0021_DT-1p89955725889e-05_H-452de4062d,0.0,0.0,1.2450535140618582,0.08396890441541958,0.9368190459032086,P-203p421420958_VX-0p245041839826_LS-7p55920229368e-05_ST-393p123734832_M-TI64_XI-0p0002_XF-0p0014_XL-0p0012_TE-0p0021_DT-1p96869261447e-05_H-4852b0403a,0.7311511918072247,0.9390810435025986,-0.0372989639572992,0.08716926244705113,-1.670574905867701,-0.9600764264098272,0.8956053223572252,0.5112332862187434,1.4643146419784876,0.826176787902505,0.3802469135802469,False,False,False,0.5679012345679012,False,False,False,1.0,False,False,False,False,False
P-203p421420958_VX-0p245041839826_LS-7p55920229368e-05_ST-393p123734832_M-TI64_XI-0p0002_XF-0p0014_XL-0p0012_TE-0p0021_DT-1p96869261447e-05_H-4852b0403a,old-data-local,False,203.421420958,0.245041839826,7.55920229368e-05,393.123734832,1.2264514160015254,P-238p319282705_VX-0p253960262605_LS-5p92121677448e-05_ST-384p128817665_M-TI64_XI-0p0002_XF-0p0014_XL-0p0012_TE-0p0021_DT-1p89955725889e-05_H-452de4062d,0.0,0.0,1.2264514160015254,0.08396890441541958,0.9359221593963817,P-203p020934762_VX-0p232834869492_LS-7p55576098976e-05_ST-395p193912826_M-TI64_XI-0p0002_XF-0p0014_XL-0p0012_TE-0p0021_DT-2p07190641743e-05_H-b40dbd8ddd,0.7199698311662293,0.938193427346795,-0.03313749543712115,0.09081320426252008,-1.6183130171491489,-0.9309919828003673,0.8979916344393695,0.5125467713150607,1.3987672576622716,0.7889110902847508,0.3530864197530864,False,False,False,0.5728395061728395,False,False,False,0.9975308641975309,False,False,False,False,False
P-206p272219756_VX-0p781444456167_LS-4p98713368602e-05_ST-399p182507166_M-TI64_XI-0p0002_XF-0p0014_XL-0p0012_TE-0p0021_DT-6p17333780404e-06_H-16cfaf1a76,old-data-local,False,206.272219756,0.781444456167,4.98713368602e-05,399.182507166,1.0232400033929963,P-202p397397496_VX-0p555230188132_LS-4p52196790327e-05_ST-397p348654616_M-TI64_XI-0p0002_XF-0p0014_XL-0p0012_TE-0p0021_DT-8p68850560746e-06_H-0011cc30ec,0.0,0.0,1.0232400033929963,0.33756371400669405,0.7519379836412174,P-210p093044543_VX-0p812610384047_LS-5p18819698292e-05_ST-390p525668596_M-TI64_XI-0p0002_XF-0p0014_XL-0p0012_TE-0p0021_DT-5p93657267704e-06_H-d9be003c20,0.56952166438646,0.7477912674629228,-0.0035147279766458302,0.11675203823801308,0.6781957050414994,0.3470459922312608,-0.8855644063076824,-0.4691665156841481,1.5906042300444458,0.8979762906627158,0.24938271604938272,False,False,True,0.5777777777777777,False,False,False,0.43209876543209874,False,False,False,False,False
P-207p687789994_VX-0p40901295179_LS-7p09627718894e-05_ST-395p011679_M-TI64_XI-0p0002_XF-0p0014_XL-0p0012_TE-0p0021_DT-1p17945424024e-05_H-d9444347fb,old-data-local,False,207.687789994,0.40901295179,7.09627718894e-05,395.011679,1.150936907974634,P-238p319282705_VX-0p253960262605_LS-5p92121677448e-05_ST-384p128817665_M-TI64_XI-0p0002_XF-0p0014_XL-0p0012_TE-0p0021_DT-1p89955725889e-05_H-452de4062d,0.0,0.0,1.150936907974634,0.38034315535442675,0.7516175097796635,P-213p87237204_VX-0p329966780459_LS-7p13970627017e-05_ST-390p008507958_M-TI64_XI-0p0002_XF-0p0014_XL-0p0012_TE-0p0021_DT-1p46200190101e-05_H-765072ed36,0.6735639257494351,0.756462986038528,0.011194520537722371,0.12963202170436347,-0.9163009886074401,-0.5403128520242166,0.57698430807429,0.33585641210173695,1.458544630577123,0.822896359516577,0.3037037037037037,False,False,False,0.582716049382716,False,False,False,0.42962962962962964,False,False,False,False,False
P-208p39901443_VX-0p201684842681_LS-6p50424237325e-05_ST-372p154003234_M-TI64_XI-0p0002_XF-0p0014_XL-0p0012_TE-0p00125_DT-3p19456481434e-05_H-bf889bf790,old-data-local,False,208.39901443,0.201684842681,6.50424237325e-05,372.154003234,0.6737641759019628,P-238p319282705_VX-0p253960262605_LS-5p92121677448e-05_ST-384p128817665_M-TI64_XI-0p0002_XF-0p0014_XL-0p0012_TE-0p0021_DT-1p89955725889e-05_H-452de4062d,0.2,0.1,0.6737641759019628,0.47330713410603503,0.5873777593628987,P-188p623199531_VX-0p253450423389_LS-5p98563054886e-05_ST-373p9812389_M-TI64_XI-0p0002_XF-0p0014_XL-0p0012_TE-0p0021_DT-1p90337839587e-05_H-b41981edcb,0.4308287008362407,0.592425014869331,0.01858488287918816,0.1361033070780137,-1.8039379918942189,-1.034294776535105,0.16644810825762837,0.10988715016289254,0.7348093467745183,0.4114306614900108,0.08395061728395062,True,True,True,0.09876543209876543,True,True,True,0.11851851851851852,False,True,True,True,True
P-209p697266982_VX-0p34452106985_LS-7p55711119508e-05_ST-302p470939697_M-TI64_XI-0p0002_XF-0p0014_XL-0p0012_TE-0p0021_DT-1p4002396443e-05_H-b40dbd8ddd,old-data-local,False,209.697266982,0.34452106985,7.55711119508e-05,302.470939697,1.6009268515599564,P-228p959503311_VX-0p480404321045_LS-6p0796636822e-05_ST-336p115873803_M-TI64_XI-0p0002_XF-0p0014_XL-0p0012_TE-0p0021_DT-1p00417926977e-05_H-ba17ade68b,0.0,0.0,1.6009268515599564,0.5201527168067589,0.7547698235539133,P-211p964201781_VX-0p31026524833_LS-8p22948660567e-05_ST-308p041416816_M-TI64_XI-0p0002_XF-0p0014_XL-0p0012_TE-0p0021_DT-1p5548375556e-05_H-22f5435fc5,0.9057304358762656,0.7586743528917133,0.03207507849728835,0.14791584096438037,-1.1924110687483358,-0.6939718232701338,0.8965415986476643,0.5117486358089034,-1.4715432273660962,-0.8429484220356278,0.5975308641975309,False,False,False,0.5901234567901235,False,False,False,0.44938271604938274,False,False,False,False,False
P-209p90265043_VX-0p477857533217_LS-8p77962223972e-05_ST-386p665335025_M-TI64_XI-0p0002_XF-0p0014_XL-0p0012_TE-0p0021_DT-1p00953114007e-05_H-0011cc30ec,old-data-local,False,209.90265043,0.477857533217,8.77962223972e-05,386.665335025,1.9631739740054053,P-341p923576441_VX-0p300981342968_LS-7p54559898543e-05_ST-360p882535069_M-TI64_XI-0p0002_XF-0p0014_XL-0p0012_TE-0p0021_DT-1p60279722173e-05_H-1d842653b1,0.0,0.0,1.9631739740054053,0.3168877076646658,0.8610179232376926,P-228p027925635_VX-0p505215249994_LS-8p46696228038e-05_ST-384p613421136_M-TI64_XI-0p0002_XF-0p0014_XL-0p0012_TE-0p0021_DT-9p54864407413e-06_H-8eb307dfff,1.242498920338294,0.851368036859958,0.03420922634546434,0.14978458286322066,-0.6215556296061306,-0.37628309758519474,1.744270524716766,0.978359570078748,1.1942770083000627,0.6726521140035877,0.8024691358024691,False,False,False,0.5925925925925926,False,False,False,0.8567901234567902,False,False,False,False,False
P-210p093044543_VX-0p812610384047_LS-5p18819698292e-05_ST-390p525668596_M-TI64_XI-0p0002_XF-0p0014_XL-0p0012_TE-0p0021_DT-5p93657267704e-06_H-d9be003c20,old-data-local,False,210.093044543,0.812610384047,5.18819698292e-05,390.525668596,1.2168548341437737,P-202p397397496_VX-0p555230188132_LS-4p52196790327e-05_ST-397p348654616_M-TI64_XI-0p0002_XF-0p0014_XL-0p0012_TE-0p0021_DT-8p68850560746e-06_H-0011cc30ec,0.0,0.0,1.2168548341437737,0.3182281068271885,0.7926964736993921,P-182p701235644_VX-0p787372384637_LS-5p07019733104e-05_ST-389p154544132_M-TI64_XI-0p0002_XF-0p0014_XL-0p0012_TE-0p0021_DT-6p1268602978e-06_H-d9be003c20,0.67875587606079,0.779427208564179,0.03618761939768505,0.15151693987504586,0.8116268685578325,0.42130222839476167,-0.7461405757416835,-0.39242419648366084,1.3165055166218136,0.7421427684195362,0.34814814814814815,False,False,False,0.5950617283950618,False,False,False,0.5925925925925926,False,False,False,False,False
P-211p816522505_VX-0p520710876808_LS-4p80782604054e-05_ST-318p660442183_M-TI64_XI-0p0002_XF-0p0014_XL-0p0012_TE-0p0021_DT-9p26448979247e-06_H-5a4acb0e81,old-data-local,True,211.816522505,0.520710876808,4.80782604054e-05,318.660442183,0.6241600664435467,P-160p605564338_VX-0p585171267024_LS-4p89218084001e-05_ST-323p833105745_M-TI64_XI-0p0002_XF-0p0014_XL-0p0012_TE-0p0021_DT-8p24394647322e-06_H-0602c4a780,0.6,0.7,0.6241600664435467,0.38685257761080555,0.617361286344102,P-227p095146149_VX-0p485569900572_LS-4p61845747353e-05_ST-309p475761642_M-TI64_XI-0p0002_XF-0p0014_XL-0p0012_TE-0p0021_DT-9p93496630935e-06_H-c5f6eebf67,0.4828369344745516,0.6655029675258188,0.054096349725268146,0.16719851261462407,-0.43808695452196317,-0.27418031359810247,-1.009902160477831,-0.5376050859089161,-0.9589401833699661,-0.5515178754962701,0.06172839506172839,True,True,True,0.044444444444444446,True,True,True,0.15308641975308643,False,True,True,True,True
P-212p092538093_VX-0p79096361392_LS-7p95278191784e-05_ST-347p757246585_M-TI64_XI-0p0002_XF-0p0014_XL-0p0012_TE-0p0021_DT-6p09904238086e-06_H-b40dbd8ddd,old-data-local,False,212.092538093,0.79096361392,7.95278191784e-05,347.757246585,1.903028120271439,P-228p959503311_VX-0p480404321045_LS-6p0796636822e-05_ST-336p115873803_M-TI64_XI-0p0002_XF-0p0014_XL-0p0012_TE-0p0021_DT-1p00417926977e-05_H-ba17ade68b,0.0,0.0,1.903028120271439,0.4291383375978986,0.8159915489094383,P-197p742114875_VX-0p874617254357_LS-7p7301896977e-05_ST-350p888533369_M-TI64_XI-0p0002_XF-0p0014_XL-0p0012_TE-0p0021_DT-5p51569338357e-06_H-054022a1b4,1.0611856117218972,0.8037105027768404,0.0569644390427348,0.16970992187886366,0.7189502206641004,0.3697264280233875,1.1709125487940437,0.6627691819379042,-0.03765736322628437,-0.027740346399464603,0.7728395061728395,False,False,False,0.6098765432098765,False,False,False,0.691358024691358,False,False,False,False,False
P-212p375773305_VX-0p288263650586_LS-8p35116649465e-05_ST-312p800399692_M-TI64_XI-0p0002_XF-0p0014_XL-0p0012_TE-0p0021_DT-1p67350985572e-05_H-bf3689621a,old-data-local,False,212.375773305,0.288263650586,8.35116649465e-05,312.800399692,1.9319474904045217,P-228p959503311_VX-0p480404321045_LS-6p0796636822e-05_ST-336p115873803_M-TI64_XI-0p0002_XF-0p0014_XL-0p0012_TE-0p0021_DT-1p00417926977e-05_H-ba17ade68b,0.0,0.0,1.9319474904045217,0.1967630274147201,0.9075670337663881,P-211p964201781_VX-0p31026524833_LS-8p22948660567e-05_ST-308p041416816_M-TI64_XI-0p0002_XF-0p0014_XL-0p0012_TE-0p0021_DT-1p5548375556e-05_H-22f5435fc5,1.0771144684481757,0.906791960089524,0.05990754776986786,0.1722870210221759,-1.4332668179409915,-0.8280112854321908,1.4471653736191032,0.8148255583600501,-1.1444848362356668,-0.6570056993112898,0.7851851851851852,False,False,False,0.6123456790123457,False,False,False,0.9629629629629629,False,False,False,False,False
P-218p135837307_VX-0p411781802704_LS-5p72773552436e-05_ST-307p427986374_M-TI64_XI-0p0002_XF-0p0014_XL-0p0012_TE-0p0021_DT-1p17152350379e-05_H-b40dbd8ddd,old-data-local,False,218.135837307,0.411781802704,5.72773552436e-05,307.427986374,0.8392576303884843,P-227p095146149_VX-0p485569900572_LS-4p61845747353e-05_ST-309p475761642_M-TI64_XI-0p0002_XF-0p0014_XL-0p0012_TE-0p0021_DT-9p93496630935e-06_H-c5f6eebf67,0.4,0.4,0.8392576303884843,0.7861167169705393,0.5163472843976806,P-229p39632192_VX-0p478464286668_LS-6p73160020334e-05_ST-313p601802213_M-TI64_XI-0p0002_XF-0p0014_XL-0p0012_TE-0p0021_DT-1p00825092644e-05_H-73ae961aa0,0.4670903550291287,0.5140963178416912,0.11976060951817757,0.2246966628183319,-0.9044466648574527,-0.5337157615039806,-0.37200700016935934,-0.18649183783569198,-1.3145898424144309,-0.7537156106167175,0.16049382716049382,False,True,True,0.05925925925925926,True,True,True,0.05432098765432099,True,True,True,True,True
P-218p170294814_VX-0p856055229722_LS-8p4878396046e-05_ST-374p889107005_M-TI64_XI-0p0002_XF-0p0014_XL-0p0012_TE-0p0021_DT-5p63529131711e-06_H-73846c96ef,old-data-local,False,218.170294814,0.856055229722,8.4878396046e-05,374.889107005,2.412876008328009,P-243p936893462_VX-0p545516283598_LS-5p6904291389e-05_ST-360p082453969_M-TI64_XI-0p0002_XF-0p0014_XL-0p0012_TE-0p0021_DT-8p84322017154e-06_H-e0ed0fec98,0.0,0.0,2.412876008328009,0.32906849289176526,0.8799871796291368,P-218p623352015_VX-0p878480487228_LS-8p13012329394e-05_ST-381p006435488_M-TI64_XI-0p0002_XF-0p0014_XL-0p0012_TE-0p0021_DT-5p49143740032e-06_H-90ad187ad0,1.346654887765681,0.880128653572631,0.12011865888940795,0.22501018461226174,0.997627950557473,0.524814330872541,1.5419389539711374,0.8669912772735463,0.8214100634964998,0.4606658240599344,0.9234567901234568,False,False,False,0.6246913580246913,False,False,False,0.9111111111111111,False,False,False,False,False
P-218p315594294_VX-0p70315782783_LS-8p24115302242e-05_ST-319p105471156_M-TI64_XI-0p0002_XF-0p0014_XL-0p0012_TE-0p0021_DT-6p86065121098e-06_H-6c8dbbeedf,old-data-local,False,218.315594294,0.70315782783,8.24115302242e-05,319.105471156,1.859666977724321,P-228p959503311_VX-0p480404321045_LS-6p0796636822e-05_ST-336p115873803_M-TI64_XI-0p0002_XF-0p0014_XL-0p0012_TE-0p0021_DT-1p00417926977e-05_H-ba17ade68b,0.0,0.0,1.859666977724321,0.4245460762255034,0.8141390202234484,P-244p346847818_VX-0p692297386822_LS-7p87344285445e-05_ST-312p797130588_M-TI64_XI-0p0002_XF-0p0014_XL-0p0012_TE-0p0021_DT-6p96827793206e-06_H-9bd689b964,1.0322067098395105,0.775429752538931,0.12162847175701116,0.22633223480082282,0.34302596624864257,0.16051952702798974,1.3708784532877345,0.7728353536215513,-0.9448493732030966,-0.5435068179026594,0.7555555555555555,False,False,False,0.6271604938271605,False,False,False,0.6839506172839506,False,False,False,False,False
P-218p361623288_VX-0p747470791734_LS-7p1375293786e-05_ST-300p016423613_M-TI64_XI-0p0002_XF-0p0014_XL-0p0012_TE-0p0021_DT-6p45392523208e-06_H-a55a682ac9,old-data-local,False,218.361623288,0.747470791734,7.1375293786e-05,300.016423613,1.5196082481174273,P-243p042265843_VX-0p642372627708_LS-5p19118052277e-05_ST-314p809567363_M-TI64_XI-0p0002_XF-0p0014_XL-0p0012_TE-0p0021_DT-7p50984770355e-06_H-ac0fcec187,0.0,0.0,1.5196082481174273,0.7395384104475591,0.6726470113643197,P-218p521967876_VX-0p920050491887_LS-7p11545742791e-05_ST-300p883630406_M-TI64_XI-0p0002_XF-0p0014_XL-0p0012_TE-0p0021_DT-5p24332158458e-06_H-7931c20f4a,0.8578619177420465,0.6757814083548165,0.12210676092517642,0.22675104318332348,0.5327437360944212,0.26610001625422947,0.6055899182990785,0.351601646340989,-1.5492597858140107,-0.8871326682450684,0.5456790123456791,False,False,False,0.6296296296296297,False,False,False,0.23209876543209876,False,False,True,False,False
P-218p521967876_VX-0p920050491887_LS-7p11545742791e-05_ST-300p883630406_M-TI64_XI-0p0002_XF-0p0014_XL-0p0012_TE-0p0021_DT-5p24332158458e-06_H-7931c20f4a,old-data-local,False,218.521967876,0.920050491887,7.11545742791e-05,300.883630406,1.8582666701788841,P-243p042265843_VX-0p642372627708_LS-5p19118052277e-05_ST-314p809567363_M-TI64_XI-0p0002_XF-0p0014_XL-0p0012_TE-0p0021_DT-7p50984770355e-06_H-ac0fcec187,0.0,0.0,1.8582666701788841,0.4828763699536914,0.7937433289311759,P-233p11801175_VX-0p947725383123_LS-6p63357513021e-05_ST-310p062780041_M-TI64_XI-0p0002_XF-0p0014_XL-0p0012_TE-0p0021_DT-5p09020934642e-06_H-1d842653b1,1.0439182563540568,0.7835938599732164,0.12377290812826969,0.22820998572599552,1.2716118448630358,0.6772900511195515,0.5902845097003413,0.34317717150472943,-1.5218016942358197,-0.8715219013382289,0.7506172839506173,False,False,False,0.6320987654320988,False,False,False,0.5975308641975309,False,False,False,False,False
P-218p846041052_VX-0p877499363134_LS-5p6186595533e-05_ST-332p098243358_M-TI64_XI-0p0002_XF-0p0014_XL-0p0012_TE-0p0021_DT-5p49757732676e-06_H-27d926f040,old-data-local,False,218.846041052,0.877499363134,5.6186595533e-05,332.098243358,1.2099934896826654,P-243p042265843_VX-0p642372627708_LS-5p19118052277e-05_ST-314p809567363_M-TI64_XI-0p0002_XF-0p0014_XL-0p0012_TE-0p0021_DT-7p50984770355e-06_H-ac0fcec187,0.0,0.0,1.2099934896826654,0.2730812348066468,0.8158681890417351,P-198p603717725_VX-0p869799932432_LS-5p56307183941e-05_ST-326p836247823_M-TI64_XI-0p0002_XF-0p0014_XL-0p0012_TE-0p0021_DT-5p54624163919e-06_H-bf3689621a,0.6969846095048025,0.7693106586565142,0.1271403658175184,0.2311586611337698,1.0894370467852421,0.5759073270796249,-0.44764382669297337,-0.22812421488933618,-0.5334633787012336,-0.30962126724014655,0.34074074074074073,False,False,False,0.6370370370370371,False,False,False,0.6888888888888889,False,False,False,False,False
P-219p728507107_VX-0p99152217595_LS-6p49667790705e-05_ST-393p045172137_M-TI64_XI-0p0002_XF-0p0014_XL-0p0012_TE-0p0021_DT-4p86536833974e-06_H-765e346b33,old-data-local,False,219.728507107,0.99152217595,6.49667790705e-05,393.045172137,2.2608164042866745,P-243p936893462_VX-0p545516283598_LS-5p6904291389e-05_ST-360p082453969_M-TI64_XI-0p0002_XF-0p0014_XL-0p0012_TE-0p0021_DT-8p84322017154e-06_H-e0ed0fec98,0.0,0.0,2.2608164042866745,0.5559382536098845,0.802631637778124,P-181p628478787_VX-0p952936233186_LS-6p91719476824e-05_ST-399p362560559_M-TI64_XI-0p0002_XF-0p0014_XL-0p0012_TE-0p0021_DT-5p06237504149e-06_H-2ecbc85805,1.2745760326780862,0.7570421214074985,0.13631010685900044,0.23918803890175266,1.5776046585445975,0.8475791652835813,0.16120266132598096,0.1069999266434731,1.3962797521545283,0.7874968671385325,0.8864197530864197,False,False,False,0.6395061728395062,False,False,False,0.6296296296296297,False,False,False,False,False
P-220p072225453_VX-0p425314653287_LS-7p24382024748e-05_ST-381p760927113_M-TI64_XI-0p0002_XF-0p0014_XL-0p0012_TE-0p0021_DT-1p1342474485e-05_H-ba17ade68b,old-data-local,False,220.072225453,0.425314653287,7.24382024748e-05,381.760927113,1.1920200937120677,P-238p319282705_VX-0p253960262605_LS-5p92121677448e-05_ST-384p128817665_M-TI64_XI-0p0002_XF-0p0014_XL-0p0012_TE-0p0021_DT-1p89955725889e-05_H-452de4062d,0.0,0.0,1.1920200937120677,0.4559877372671275,0.7233097266314604,P-207p687789994_VX-0p40901295179_LS-7p09627718894e-05_ST-395p011679_M-TI64_XI-0p0002_XF-0p0014_XL-0p0012_TE-0p0021_DT-1p17945424024e-05_H-d9444347fb,0.6714939350203739,0.7113086253650841,0.13988169831701552,0.2423154616849667,-0.846508264757992,-0.5014722630037647,0.6792954643730019,0.3921709989451245,1.0389903077443214,0.5843668637630625,0.32839506172839505,False,False,False,0.6419753086419753,False,False,False,0.345679012345679,False,False,False,False,False
P-220p256246323_VX-0p736244453131_LS-5p8651582992e-05_ST-358p758060614_M-TI64_XI-0p0002_XF-0p0014_XL-0p0012_TE-0p00125_DT-8p75110568607e-06_H-bf889bf790,old-data-local,False,220.256246323,0.736244453131,5.8651582992e-05,358.758060614,0.8624210207159894,P-243p936893462_VX-0p545516283598_LS-5p6904291389e-05_ST-360p082453969_M-TI64_XI-0p0002_XF-0p0014_XL-0p0012_TE-0p0021_DT-8p84322017154e-06_H-e0ed0fec98,0.0,0.0,0.8624210207159894,0.5567038435020636,0.6077132763022858,P-238p568860016_VX-0p692328357435_LS-6p05159821767e-05_ST-343p889085336_M-TI64_XI-0p0002_XF-0p0014_XL-0p0012_TE-0p0021_DT-6p96796621315e-06_H-eb41f0639c,0.5078865023573994,0.5991931417360934,0.14179386673932193,0.24398982986496764,0.4846802409982945,0.23935203513312975,-0.2767135777963496,-0.13403998503715187,0.31065789615720407,0.17028755764648673,0.17777777777777778,False,True,True,0.6444444444444445,False,False,False,0.13580246913580246,False,True,True,True,True
P-220p462707704_VX-0p946752122114_LS-8p2300511791e-05_ST-313p968629329_M-TI64_XI-0p0002_XF-0p0014_XL-0p0012_TE-0p0021_DT-5p0954420807e-06_H-b41989dc4b,old-data-local,False,220.462707704,0.946752122114,8.2300511791e-05,313.968629329,2.488865950168732,P-243p042265843_VX-0p642372627708_LS-5p19118052277e-05_ST-314p809567363_M-TI64_XI-0p0002_XF-0p0014_XL-0p0012_TE-0p0021_DT-7p50984770355e-06_H-ac0fcec187,0.0,0.0,2.488865950168732,0.17536129107793633,0.9341793040912382,P-210p211145159_VX-0p921242046338_LS-8p23126060485e-05_ST-311p238003519_M-TI64_XI-0p0002_XF-0p0014_XL-0p0012_TE-0p0021_DT-5p23653975868e-06_H-0e4c2fc094,1.3833681510431082,0.9191390155569973,0.14393921543359744,0.24586837965524644,1.3859299425846774,0.7409096092383062,1.3631800739918458,0.7685979755574632,-1.1074955545371985,-0.6359761586018822,0.945679012345679,False,False,False,0.6469135802469136,False,False,False,0.9950617283950617,False,False,False,False,False
P-221p576145741_VX-0p645163458122_LS-7p3903246332e-05_ST-318p590626589_M-TI64_XI-0p0002_XF-0p0014_XL-0p0012_TE-0p00125_DT-9p98654362553e-06_H-bf889bf790,old-data-local,False,221.576145741,0.645163458122,7.3903246332e-05,318.590626589,1.2796024489242837,P-228p959503311_VX-0p480404321045_LS-6p0796636822e-05_ST-336p115873803_M-TI64_XI-0p0002_XF-0p0014_XL-0p0012_TE-0p0021_DT-1p00417926977e-05_H-ba17ade68b,0.0,0.0,1.2796024489242837,0.24093864949396815,0.8415441386328817,P-217p682945702_VX-0p631899079757_LS-7p17459883069e-05_ST-324p134516573_M-TI64_XI-0p0002_XF-0p0014_XL-0p0012_TE-0p0021_DT-7p63432129838e-06_H-7c2e16b959,0.7130182008854048,0.8380245662695176,0.15550899583158237,0.25599932414841936,0.09473378456453337,0.022341590219178167,0.7808863711507825,0.4480891426667377,-0.961150732213807,-0.5527746402877748,0.4024691358024691,False,False,False,0.6493827160493827,False,False,False,0.7753086419753087,False,False,False,False,False
P-223p185978023_VX-0p49812515056_LS-8p14092862216e-05_ST-313p14559396_M-TI64_XI-0p0002_XF-0p0014_XL-0p0012_TE-0p0021_DT-9p68455537246e-06_H-b40dbd8ddd,old-data-local,False,223.185978023,0.49812515056,8.14092862216e-05,313.14559396,1.6066603715323586,P-228p959503311_VX-0p480404321045_LS-6p0796636822e-05_ST-336p115873803_M-TI64_XI-0p0002_XF-0p0014_XL-0p0012_TE-0p0021_DT-1p00417926977e-05_H-ba17ade68b,0.0,0.0,1.6066603715323586,0.298310915840624,0.8434039831371923,P-240p150803131_VX-0p464417169926_LS-7p86781365033e-05_ST-312p042470117_M-TI64_XI-0p0002_XF-0p0014_XL-0p0012_TE-0p0021_DT-1p03874725471e-05_H-0744488b5e,0.8913426748004758,0.8138990756572191,0.1722368292281404,0.2706468581380091,-0.5347835696118655,-0.32799327975310416,1.3013795938943216,0.7345814652440236,-1.133555060431881,-0.6507917866680515,0.6123456790123457,False,False,False,0.6567901234567901,False,False,False,0.7876543209876543,False,False,False,False,False
P-225p435545826_VX-0p86531734725_LS-6p64530039846e-05_ST-364p26873014_M-TI64_XI-0p0002_XF-0p0014_XL-0p0012_TE-0p0021_DT-5p57497271764e-06_H-d9fce10048,old-data-local,False,225.435545826,0.86531734725,6.64530039846e-05,364.26873014,1.538694444116496,P-243p936893462_VX-0p545516283598_LS-5p6904291389e-05_ST-360p082453969_M-TI64_XI-0p0002_XF-0p0014_XL-0p0012_TE-0p0021_DT-8p84322017154e-06_H-e0ed0fec98,0.0,0.0,1.538694444116496,0.2025844761795826,0.883657653108707,P-229p433825146_VX-0p876957934743_LS-6p77377719261e-05_ST-358p900225798_M-TI64_XI-0p0002_XF-0p0014_XL-0p0012_TE-0p00125_DT-7p34693508648e-06_H-bf889bf790,0.864540991593469,0.8802356824428532,0.19561218071264105,0.2911152145157264,1.0372819959349937,0.5468823401800588,0.26426233149020056,0.16372651400183422,0.48514046447127535,0.26948624723863146,0.5555555555555556,False,False,False,0.6617283950617284,False,False,False,0.9160493827160494,False,False,False,False,False
P-226p380431899_VX-0p944850720806_LS-5p28066961668e-05_ST-329p382817534_M-TI64_XI-0p0002_XF-0p0014_XL-0p0012_TE-0p0021_DT-5p10569606054e-06_H-5637cba0f4,old-data-local,False,226.380431899,0.944850720806,5.28066961668e-05,329.382817534,1.3870031078841116,P-243p042265843_VX-0p642372627708_LS-5p19118052277e-05_ST-314p809567363_M-TI64_XI-0p0002_XF-0p0014_XL-0p0012_TE-0p0021_DT-7p50984770355e-06_H-ac0fcec187,0.0,0.0,1.3870031078841116,0.38935769892816824,0.7808115910714786,P-218p846041052_VX-0p877499363134_LS-5p6186595533e-05_ST-332p098243358_M-TI64_XI-0p0002_XF-0p0014_XL-0p0012_TE-0p0021_DT-5p49757732676e-06_H-27d926f040,0.782534493138316,0.778655955827325,0.20543053072624326,0.29971253923415164,1.3777894440949559,0.7363793123990119,-0.68201704340073,-0.3571290208512371,-0.6194410388752736,-0.3585022030601157,0.49135802469135803,False,False,False,0.6666666666666666,False,False,False,0.5407407407407407,False,False,False,False,False
P-227p786589532_VX-0p30483440954_LS-7p3391662288e-05_ST-359p259536614_M-TI64_XI-0p0002_XF-0p0014_XL-0p0012_TE-0p0021_DT-1p58253807708e-05_H-180177fd7b,old-data-local,False,227.786589532,0.30483440954,7.3391662288e-05,359.259536614,1.1958281857164577,P-341p923576441_VX-0p300981342968_LS-7p54559898543e-05_ST-360p882535069_M-TI64_XI-0p0002_XF-0p0014_XL-0p0012_TE-0p0021_DT-1p60279722173e-05_H-1d842653b1,0.0,0.0,1.1958281857164577,0.4346359042278157,0.7334281037476448,P-193p440626378_VX-0p303697281962_LS-7p07136561297e-05_ST-354p067159473_M-TI64_XI-0p0002_XF-0p0014_XL-0p0012_TE-0p0021_DT-1p58846354233e-05_H-5731c00627,0.7191633779583225,0.7157520476476488,0.22004197247525553,0.312506879336774,-1.362322174287375,-0.7885296375558797,0.7454114693807192,0.4285628807343817,0.3265359705028061,0.1793147297218954,0.3308641975308642,False,False,False,0.674074074074074,False,False,False,0.37530864197530867,False,False,False,False,False
P-228p027925635_VX-0p505215249994_LS-8p46696228038e-05_ST-384p613421136_M-TI64_XI-0p0002_XF-0p0014_XL-0p0012_TE-0p0021_DT-9p54864407413e-06_H-8eb307dfff,old-data-local,False,228.027925635,0.505215249994,8.46696228038e-05,384.613421136,1.771437525859751,P-341p923576441_VX-0p300981342968_LS-7p54559898543e-05_ST-360p882535069_M-TI64_XI-0p0002_XF-0p0014_XL-0p0012_TE-0p0021_DT-1p60279722173e-05_H-1d842653b1,0.0,0.0,1.771437525859751,0.3168877076646658,0.8482574923783006,P-209p90265043_VX-0p477857533217_LS-8p77962223972e-05_ST-386p665335025_M-TI64_XI-0p0002_XF-0p0014_XL-0p0012_TE-0p0021_DT-1p00953114007e-05_H-0011cc30ec,1.1451429907251691,0.8407442630543988,0.2225497058389717,0.3147027470747573,-0.5044286185073225,-0.31110034141284487,1.5274619382273418,0.8590227703205335,1.1293079145043206,0.6357151922766795,0.7135802469135802,False,False,False,0.6765432098765433,False,False,False,0.8049382716049382,False,False,False,False,False
P-228p959503311_VX-0p480404321045_LS-6p0796636822e-05_ST-336p115873803_M-TI64_XI-0p0002_XF-0p0014_XL-0p0012_TE-0p0021_DT-1p00417926977e-05_H-ba17ade68b,old-data-local,True,228.959503311,0.480404321045,6.0796636822e-05,336.115873803,0.6368238856100075,P-229p384485496_VX-0p374546448601_LS-5p61892687884e-05_ST-346p005476369_M-TI64_XI-0p0002_XF-0p0014_XL-0p0012_TE-0p0021_DT-1p28798994652e-05_H-f404b6f8f4,1.0,1.0,0.6368238856100075,0.8663882063274458,0.42364207221698225,P-243p936893462_VX-0p545516283598_LS-5p6904291389e-05_ST-360p082453969_M-TI64_XI-0p0002_XF-0p0014_XL-0p0012_TE-0p0021_DT-8p84322017154e-06_H-e0ed0fec98,0.35531211316003064,0.4150111859740584,0.23222976775245288,0.3231789814165115,-0.6106520279412704,-0.3702150966855437,-0.12796856746380111,-0.052167058320964105,-0.4062544297209016,-0.23729907961319338,0.0691358024691358,True,True,True,0.0024691358024691358,True,True,True,0.0345679012345679,True,True,True,True,True
P-229p384485496_VX-0p374546448601_LS-5p61892687884e-05_ST-346p005476369_M-TI64_XI-0p0002_XF-0p0014_XL-0p0012_TE-0p0021_DT-1p28798994652e-05_H-f404b6f8f4,old-data-local,False,229.384485496,0.374546448601,5.61892687884e-05,346.005476369,0.6267876347617916,P-212p944274192_VX-0p351323873231_LS-4p80439392259e-05_ST-351p894554175_M-TI64_XI-0p0002_XF-0p0014_XL-0p0012_TE-0p0021_DT-1p37312632889e-05_H-7c2e16b959,0.4,0.3,0.6267876347617916,0.5834882052881148,0.5178882482987892,P-202p623346674_VX-0p47308497906_LS-5p69403778977e-05_ST-355p073751689_M-TI64_XI-0p0002_XF-0p0014_XL-0p0012_TE-0p0021_DT-1p01971544575e-05_H-b41981edcb,0.35531211316003064,0.4854115025126696,0.23664577510096582,0.3270458072152985,-1.0638629556554005,-0.6224330703083268,-0.4474584544675622,-0.228022181438988,-0.0931231038121909,-0.05927432046084964,0.06419753086419754,True,True,True,0.06419753086419754,True,True,True,0.056790123456790124,True,True,True,True,True
P-229p39632192_VX-0p478464286668_LS-6p73160020334e-05_ST-313p601802213_M-TI64_XI-0p0002_XF-0p0014_XL-0p0012_TE-0p0021_DT-1p00825092644e-05_H-73ae961aa0,old-data-local,False,229.39632192,0.478464286668,6.73160020334e-05,313.601802213,0.8441705711355616,P-228p959503311_VX-0p480404321045_LS-6p0796636822e-05_ST-336p115873803_M-TI64_XI-0p0002_XF-0p0014_XL-0p0012_TE-0p0021_DT-1p00417926977e-05_H-ba17ade68b,0.0,0.1,0.8441705711355616,0.7465522296581858,0.530683643130238,P-236p369825033_VX-0p606859942193_LS-6p45901770765e-05_ST-328p218563755_M-TI64_XI-0p0002_XF-0p0014_XL-0p0012_TE-0p0021_DT-7p94931460723e-06_H-0e4c2fc094,0.4756123204310385,0.5301557818270058,0.23676876786915466,0.32715350441133173,-0.6189579267799479,-0.3748374410424486,0.3241054234865094,0.19666562956967762,-1.1191102842946163,-0.6425794885679382,0.1654320987654321,False,True,True,0.6814814814814815,False,False,False,0.05925925925925926,True,True,True,True,True
P-229p433825146_VX-0p876957934743_LS-6p77377719261e-05_ST-358p900225798_M-TI64_XI-0p0002_XF-0p0014_XL-0p0012_TE-0p00125_DT-7p34693508648e-06_H-bf889bf790,old-data-local,False,229.433825146,0.876957934743,6.77377719261e-05,358.900225798,1.613082632881186,P-243p936893462_VX-0p545516283598_LS-5p6904291389e-05_ST-360p082453969_M-TI64_XI-0p0002_XF-0p0014_XL-0p0012_TE-0p0021_DT-8p84322017154e-06_H-e0ed0fec98,0.0,0.0,1.613082632881186,0.2025844761795826,0.8884242187520938,P-225p435545826_VX-0p86531734725_LS-6p64530039846e-05_ST-364p26873014_M-TI64_XI-0p0002_XF-0p0014_XL-0p0012_TE-0p0021_DT-5p57497271764e-06_H-d9fce10048,0.9013680112857503,0.884564020241392,0.23715846543167482,0.3274947385782053,1.0871190211371666,0.5746173146460942,0.3533523198441736,0.21276384353203875,0.315159226950519,0.17284670220993595,0.6172839506172839,False,False,False,0.6839506172839506,False,False,False,0.9259259259259259,False,False,False,False,False
P-232p272231119_VX-0p829414389208_LS-6p88203473429e-05_ST-337p761722106_M-TI64_XI-0p0002_XF-0p0014_XL-0p0012_TE-0p0021_DT-5p81629721619e-06_H-24e0a43587,old-data-local,False,232.272231119,0.829414389208,6.88203473429e-05,337.761722106,1.5956724057043183,P-228p959503311_VX-0p480404321045_LS-6p0796636822e-05_ST-336p115873803_M-TI64_XI-0p0002_XF-0p0014_XL-0p0012_TE-0p0021_DT-1p00417926977e-05_H-ba17ade68b,0.0,0.0,1.5956724057043183,0.24946913285879743,0.8647967499268002,P-234p345987256_VX-0p872091919433_LS-7p00578367301e-05_ST-333p182550298_M-TI64_XI-0p0002_XF-0p0014_XL-0p0012_TE-0p0021_DT-5p53166529298e-06_H-b41981edcb,0.8871635411830517,0.8633385231502133,0.2666524585383055,0.35332081277900357,0.8835701127634882,0.4613396109021071,0.42842162081256857,0.2540838405059201,-0.3541424608198669,-0.20767182757880007,0.5876543209876544,False,False,False,0.691358024691358,False,False,False,0.8790123456790123,False,False,False,False,False
P-234p126702838_VX-0p687075747958_LS-6p17120592739e-05_ST-378p601004081_M-TI64_XI-0p0002_XF-0p0014_XL-0p0012_TE-0p0021_DT-7p02123545672e-06_H-9aef4c9512,old-data-local,False,234.126702838,0.687075747958,6.17120592739e-05,378.601004081,0.9124966165320124,P-243p936893462_VX-0p545516283598_LS-5p6904291389e-05_ST-360p082453969_M-TI64_XI-0p0002_XF-0p0014_XL-0p0012_TE-0p0021_DT-8p84322017154e-06_H-e0ed0fec98,0.0,0.0,0.9124966165320124,0.4260611476469265,0.6817013362824359,P-207p432942583_VX-0p674802143379_LS-5p74396795379e-05_ST-382p34582068_M-TI64_XI-0p0002_XF-0p0014_XL-0p0012_TE-0p0021_DT-7p14894084192e-06_H-676863bc48,0.51626158687279,0.6455440112801077,0.2859223503779207,0.3701942708656055,0.2741735118200159,0.1222022105799252,-0.06449019682239242,-0.017226995619245254,0.938938674508686,0.5274844427600441,0.20246913580246914,False,False,True,0.6987654320987654,False,False,False,0.24691358024691357,False,False,True,False,True
P-236p763849841_VX-0p800191513041_LS-6p78517796151e-05_ST-355p994293515_M-TI64_XI-0p0002_XF-0p0014_XL-0p0012_TE-0p0021_DT-6p02870753363e-06_H-eb41f0639c,old-data-local,False,236.763849841,0.800191513041,6.78517796151e-05,355.994293515,1.3369547523955945,P-243p936893462_VX-0p545516283598_LS-5p6904291389e-05_ST-360p082453969_M-TI64_XI-0p0002_XF-0p0014_XL-0p0012_TE-0p0021_DT-8p84322017154e-06_H-e0ed0fec98,0.0,0.0,1.3369547523955945,0.3497825561062138,0.792627723153348,P-229p433825146_VX-0p876957934743_LS-6p77377719261e-05_ST-358p900225798_M-TI64_XI-0p0002_XF-0p0014_XL-0p0012_TE-0p00125_DT-7p34693508648e-06_H-bf889bf790,0.7432812756581131,0.7866090900510035,0.31332505325676424,0.39418913094755015,0.7584577662525802,0.3917129082289605,0.36125798386114344,0.21711531622518723,0.2231496216398819,0.12053642064486585,0.43703703703703706,False,False,False,0.7086419753086419,False,False,False,0.5901234567901235,False,False,False,False,False
P-237p061390501_VX-0p937687434899_LS-4p7428723532e-05_ST-371p522412287_M-TI64_XI-0p0002_XF-0p0014_XL-0p0012_TE-0p0021_DT-5p14470006046e-06_H-6445dc47a6,old-data-local,False,237.061390501,0.937687434899,4.7428723532e-05,371.522412287,1.596416224137448,P-223p161294482_VX-0p578452940205_LS-4p86833733719e-05_ST-359p100984903_M-TI64_XI-0p0002_XF-0p0014_XL-0p0012_TE-0p0021_DT-8p33969415266e-06_H-1e85da8953,0.0,0.0,1.596416224137448,0.3311230358730287,0.8282146347196949,P-258p098094226_VX-0p965907163653_LS-4p72561688305e-05_ST-378p378118453_M-TI64_XI-0p0002_XF-0p0014_XL-0p0012_TE-0p0021_DT-4p99439364832e-06_H-985b11a49e,0.8949176385320892,0.7902343718749196,0.3164168104819322,0.39689639243023117,1.3471211586246385,0.7193119992721593,-1.054943160192628,-0.5623967643701226,0.7148114844391826,0.40006126363280703,0.5950617283950618,False,False,False,0.7111111111111111,False,False,False,0.7234567901234568,False,False,False,False,False
P-237p334710533_VX-0p878374904385_LS-5p83506544001e-05_ST-382p29609677_M-TI64_XI-0p0002_XF-0p0014_XL-0p0012_TE-0p0021_DT-5p49209748472e-06_H-8773df93d2,old-data-local,False,237.334710533,0.878374904385,5.83506544001e-05,382.29609677,1.5938286880030086,P-243p936893462_VX-0p545516283598_LS-5p6904291389e-05_ST-360p082453969_M-TI64_XI-0p0002_XF-0p0014_XL-0p0012_TE-0p0021_DT-8p84322017154e-06_H-e0ed0fec98,0.0,0.0,1.5938286880030086,0.6546037796388655,0.7088621566093087,P-210p093044543_VX-0p812610384047_LS-5p18819698292e-05_ST-390p525668596_M-TI64_XI-0p0002_XF-0p0014_XL-0p0012_TE-0p0021_DT-5p93657267704e-06_H-d9be003c20,0.8919178775205232,0.7017587522664187,0.3192568901662317,0.3993832753828962,1.0931855149289562,0.5779933999908974,-0.29758094526540935,-0.14552589937965296,1.0559352135849929,0.5940005622516772,0.5851851851851851,False,False,False,0.7135802469135802,False,False,False,0.30617283950617286,False,False,False,False,False
P-238p319282705_VX-0p253960262605_LS-5p92121677448e-05_ST-384p128817665_M-TI64_XI-0p0002_XF-0p0014_XL-0p0012_TE-0p0021_DT-1p89955725889e-05_H-452de4062d,old-data-local,True,238.319282705,0.253960262605,5.92121677448e-05,384.128817665,0.609832824844942,P-188p623199531_VX-0p253450423389_LS-5p98563054886e-05_ST-373p9812389_M-TI64_XI-0p0002_XF-0p0014_XL-0p0012_TE-0p0021_DT-1p90337839587e-05_H-b41981edcb,1.0,0.8,0.609832824844942,0.9820818499010191,0.3830813513558819,P-240p318887809_VX-0p361018894241_LS-4p85509578057e-05_ST-398p513006139_M-TI64_XI-0p0002_XF-0p0014_XL-0p0012_TE-0p0021_DT-1p33625155912e-05_H-3a501d5f99,0.4308287008362407,0.4410855856131007,0.32948762006539994,0.4083416957822298,-1.5801304373551368,-0.9097428638704493,-0.23784080748106784,-0.11264345235237222,1.1139640696529727,0.6269917460478326,0.05185185185185185,True,True,True,0.0049382716049382715,True,True,True,0.019753086419753086,True,True,True,True,True
P-238p568860016_VX-0p692328357435_LS-6p05159821767e-05_ST-343p889085336_M-TI64_XI-0p0002_XF-0p0014_XL-0p0012_TE-0p0021_DT-6p96796621315e-06_H-eb41f0639c,old-data-local,False,238.568860016,0.692328357435,6.05159821767e-05,343.889085336,0.8507618344158927,P-243p936893462_VX-0p545516283598_LS-5p6904291389e-05_ST-360p082453969_M-TI64_XI-0p0002_XF-0p0014_XL-0p0012_TE-0p0021_DT-8p84322017154e-06_H-e0ed0fec98,0.0,0.0,0.8507618344158927,0.43370744235819436,0.6623450243610031,P-273p444240295_VX-0p704920639812_LS-6p35261824567e-05_ST-347p093922324_M-TI64_XI-0p0002_XF-0p0014_XL-0p0012_TE-0p0021_DT-6p84349461565e-06_H-1d842653b1,0.4782449242946123,0.5846688144895404,0.33208098816010745,0.4106125485827223,0.2966615890789892,0.13471712787359746,-0.1474300735254115,-0.06287915182922081,-0.16013371681528168,-0.09737190844859397,0.17037037037037037,False,True,True,0.7185185185185186,False,False,False,0.21728395061728395,False,False,True,False,True
P-240p150803131_VX-0p464417169926_LS-7p86781365033e-05_ST-312p042470117_M-TI64_XI-0p0002_XF-0p0014_XL-0p0012_TE-0p0021_DT-1p03874725471e-05_H-0744488b5e,old-data-local,False,240.150803131,0.464417169926,7.86781365033e-05,312.042470117,1.4617470652425466,P-228p959503311_VX-0p480404321045_LS-6p0796636822e-05_ST-336p115873803_M-TI64_XI-0p0002_XF-0p0014_XL-0p0012_TE-0p0021_DT-1p00417926977e-05_H-ba17ade68b,0.0,0.0,1.4617470652425466,0.298310915840624,0.8305107450738423,P-223p185978023_VX-0p49812515056_LS-8p14092862216e-05_ST-313p14559396_M-TI64_XI-0p0002_XF-0p0014_XL-0p0012_TE-0p0021_DT-9p68455537246e-06_H-b40dbd8ddd,0.8157363215960024,0.8000983977025562,0.3485190240762938,0.4250063247578234,-0.6790980624483494,-0.40830623498391155,1.1119927881243845,0.630338290732495,-1.16848291817893,-0.6706493446593542,0.5259259259259259,False,False,False,0.7209876543209877,False,False,False,0.7358024691358025,False,False,False,False,False
P-243p936893462_VX-0p545516283598_LS-5p6904291389e-05_ST-360p082453969_M-TI64_XI-0p0002_XF-0p0014_XL-0p0012_TE-0p0021_DT-8p84322017154e-06_H-e0ed0fec98,old-data-local,True,243.936893462,0.545516283598,5.6904291389e-05,360.082453969,0.5528200959444011,P-202p623346674_VX-0p47308497906_LS-5p69403778977e-05_ST-355p073751689_M-TI64_XI-0p0002_XF-0p0014_XL-0p0012_TE-0p0021_DT-1p01971544575e-05_H-b41981edcb,0.8,0.8,0.5528200959444011,0.6264413030505708,0.4687850347815533,P-223p161294482_VX-0p578452940205_LS-4p86833733719e-05_ST-359p100984903_M-TI64_XI-0p0002_XF-0p0014_XL-0p0012_TE-0p0021_DT-8p33969415266e-06_H-1e85da8953,0.42334023050406505,0.5302439734791968,0.3878604442909543,0.45945518469873753,-0.3318871871917681,-0.21507871547395435,-0.397876461406692,-0.20073102810725924,0.35259173975791647,0.1941282333939055,0.044444444444444446,True,True,True,0.019753086419753086,True,True,True,0.044444444444444446,True,True,True,True,True
P-244p346847818_VX-0p692297386822_LS-7p87344285445e-05_ST-312p797130588_M-TI64_XI-0p0002_XF-0p0014_XL-0p0012_TE-0p0021_DT-6p96827793206e-06_H-9bd689b964,old-data-local,False,244.346847818,0.692297386822,7.87344285445e-05,312.797130588,1.7148991430143945,P-228p959503311_VX-0p480404321045_LS-6p0796636822e-05_ST-336p115873803_M-TI64_XI-0p0002_XF-0p0014_XL-0p0012_TE-0p0021_DT-1p00417926977e-05_H-ba17ade68b,0.0,0.0,1.7148991430143945,0.4245460762255034,0.8015625394809892,P-218p315594294_VX-0p70315782783_LS-8p24115302242e-05_ST-319p105471156_M-TI64_XI-0p0002_XF-0p0014_XL-0p0012_TE-0p0021_DT-6p86065121098e-06_H-6c8dbbeedf,0.9588732107773692,0.7623367190573782,0.3921202968507758,0.4631852753614928,0.2965289941200549,0.1346433369965247,1.1158962613765842,0.6324868588007714,-1.1445883448310035,-0.6570645471212351,0.6864197530864198,False,False,False,0.7308641975308642,False,False,False,0.6172839506172839,False,False,False,False,False
P-244p476502118_VX-0p49526990633_LS-8p73976519147e-05_ST-336p403249939_M-TI64_XI-0p0002_XF-0p0014_XL-0p0012_TE-0p0021_DT-9p74038709269e-06_H-f06f0c9a83,old-data-local,False,244.476502118,0.49526990633,8.73976519147e-05,336.403249939,1.5911549397139375,P-375p190327887_VX-0p471971299611_LS-7p58652830639e-05_ST-330p289975384_M-TI64_XI-0p0002_XF-0p0014_XL-0p0012_TE-0p0021_DT-1p02212160082e-05_H-1553ff852f,0.0,0.0,1.5911549397139375,0.5539961487261432,0.7417449280325517,P-213p315910834_VX-0p426447159191_LS-8p60684535809e-05_ST-346p722503996_M-TI64_XI-0p0002_XF-0p0014_XL-0p0012_TE-0p0021_DT-1p13123525366e-05_H-6aeda8a35c,1.0257080716982017,0.7297045305898353,0.3934675400100777,0.46436497326380316,-0.5470077703864774,-0.33479621180966623,1.7166323509289725,0.9631468367437723,-0.397155330955339,-0.23212596299337965,0.5802469135802469,False,False,False,0.7333333333333333,False,False,False,0.4024691358024691,False,False,False,False,False
P-246p351544569_VX-0p710899222357_LS-7p68583817855e-05_ST-368p835081824_M-TI64_XI-0p0002_XF-0p0014_XL-0p0012_TE-0p0021_DT-6p78594159524e-06_H-f404b6f8f4,old-data-local,False,246.351544569,0.710899222357,7.68583817855e-05,368.835081824,1.5790345508544428,P-243p936893462_VX-0p545516283598_LS-5p6904291389e-05_ST-360p082453969_M-TI64_XI-0p0002_XF-0p0014_XL-0p0012_TE-0p0021_DT-8p84322017154e-06_H-e0ed0fec98,0.0,0.0,1.5790345508544428,0.6241908024705329,0.7166922568639919,P-250p760727959_VX-0p576945875618_LS-7p55521762294e-05_ST-375p926323236_M-TI64_XI-0p0002_XF-0p0014_XL-0p0012_TE-0p0021_DT-8p36147861851e-06_H-a88ac79600,0.8721413929920118,0.7138244922219545,0.41295118317123647,0.4814256002247838,0.3761693169922424,0.17896424725082755,0.985805076414667,0.5608814581960936,0.6297233987028498,0.3516860781543641,0.5728395061728395,False,False,False,0.7358024691358025,False,False,False,0.32592592592592595,False,False,False,False,False
P-247p324665735_VX-0p977977830338_LS-8p14476523525e-05_ST-343p514293063_M-TI64_XI-0p0002_XF-0p0014_XL-0p0012_TE-0p0021_DT-4p93275047078e-06_H-b40dbd8ddd,old-data-local,False,247.324665735,0.977977830338,8.14476523525e-05,343.514293063,2.569245810695488,P-243p936893462_VX-0p545516283598_LS-5p6904291389e-05_ST-360p082453969_M-TI64_XI-0p0002_XF-0p0014_XL-0p0012_TE-0p0021_DT-8p84322017154e-06_H-e0ed0fec98,0.0,0.0,2.569245810695488,0.7373577501437474,0.7770044891754119,P-204p071587815_VX-0p957219619336_LS-8p8582220221e-05_ST-334p090301355_M-TI64_XI-0p0002_XF-0p0014_XL-0p0012_TE-0p0021_DT-5p03972182096e-06_H-676863bc48,1.424482218113759,0.762197882607082,0.42306292519649197,0.4902798302674724,1.519617044601736,0.8153082786179491,1.3040400262141671,0.736045832888149,-0.17200064479359045,-0.1041186208354362,0.9580246913580247,False,False,False,0.7407407407407407,False,False,False,0.528395061728395,False,False,False,False,False
P-248p695097131_VX-0p887957223036_LS-5p04400481913e-05_ST-333p269518536_M-TI64_XI-0p0002_XF-0p0014_XL-0p0012_TE-0p00125_DT-7p25592725977e-06_H-bf889bf790,old-data-local,False,248.695097131,0.887957223036,5.04400481913e-05,333.269518536,1.2087145316479866,P-243p042265843_VX-0p642372627708_LS-5p19118052277e-05_ST-314p809567363_M-TI64_XI-0p0002_XF-0p0014_XL-0p0012_TE-0p0021_DT-7p50984770355e-06_H-ac0fcec187,0.0,0.0,1.2087145316479866,0.39391962490097415,0.7542048986718075,P-226p380431899_VX-0p944850720806_LS-5p28066961668e-05_ST-329p382817534_M-TI64_XI-0p0002_XF-0p0014_XL-0p0012_TE-0p0021_DT-5p10569606054e-06_H-5637cba0f4,0.6772037262728,0.7152950420295986,0.43730313414870686,0.5027491046619285,1.1342104422698067,0.6008243235392765,-0.8461281126176976,-0.44745980581858924,-0.4963776670112589,-0.2885369031240958,0.3358024691358025,False,False,False,0.7432098765432099,False,False,False,0.4444444444444444,False,False,False,False,False
P-52p5445860993_VX-0p633129978235_LS-4p5e-05_ST-300_M-TI64_XI--0p0002_XF-0p0012_XL-0p0014_TE-0p00125_DT-2p95323714861e-06_H-306f9d252b,old-data-local,False,52.5445860993,0.633129978235,4.5e-05,300.0,1.680361204388828,P-135p208661893_VX-0p295797438033_LS-4p5e-05_ST-300_M-TI64_XI--0p0002_XF-0p0012_XL-0p0014_TE-0p00125_DT-6p32116012922e-06_H-fb250c7cf9,0.0,0.0,1.680361204388828,0.15540480090539988,0.9153460732701103,P-67p3007401579_VX-0p639039009111_LS-4p5e-05_ST-300_M-TI64_XI--0p0002_XF-0p0012_XL-0p0014_TE-0p00125_DT-2p92592931724e-06_H-306f9d252b,1.1007744975509037,0.8907572261657088,-1.6009048865723152,-1.2819841930470657,0.04321466314914965,-0.006329493401317437,-1.223358750426204,-0.6550968639985392,-1.5497798014244029,-0.8874283130628675,0.6641975308641975,False,False,False,0.891358024691358,False,False,False,0.9728395061728395,False,False,False,False,False
P-53p4525830151_VX-0p394191978834_LS-4p5e-05_ST-300_M-TI64_XI--0p0002_XF-0p0012_XL-0p0014_TE-0p00125_DT-4p7433308439e-06_H-306f9d252b,old-data-local,False,53.4525830151,0.394191978834,4.5e-05,300.0,0.948240942177892,P-135p208661893_VX-0p295797438033_LS-4p5e-05_ST-300_M-TI64_XI--0p0002_XF-0p0012_XL-0p0014_TE-0p00125_DT-6p32116012922e-06_H-fb250c7cf9,0.0,0.1,0.948240942177892,0.6077156232910887,0.6094263575359399,P-55p2363598851_VX-0p252312006514_LS-4p5e-05_ST-300_M-TI64_XI--0p0002_XF-0p0012_XL-0p0014_TE-0p00125_DT-7p41059847866e-06_H-fb250c7cf9,0.779948889312754,0.6973898809197827,-1.5914698533070977,-1.2737225152093596,-0.9797542467160252,-0.5756254431407432,-1.223358750426204,-0.6550968639985392,-1.5497798014244029,-0.8874283130628675,0.21975308641975308,False,False,True,0.8938271604938272,False,False,False,0.14074074074074075,False,True,True,False,True
P-55p2363598851_VX-0p252312006514_LS-4p5e-05_ST-300_M-TI64_XI--0p0002_XF-0p0012_XL-0p0014_TE-0p00125_DT-7p41059847866e-06_H-fb250c7cf9,old-data-local,False,55.2363598851,0.252312006514,4.5e-05,300.0,0.8515952994918238,P-135p208661893_VX-0p295797438033_LS-4p5e-05_ST-300_M-TI64_XI--0p0002_XF-0p0012_XL-0p0014_TE-0p00125_DT-6p32116012922e-06_H-fb250c7cf9,0.0,0.3,0.8515952994918238,0.133999537894178,0.8640419644957029,P-59p3859586774_VX-0p222677981218_LS-4p5e-05_ST-300_M-TI64_XI--0p0002_XF-0p0012_XL-0p0014_TE-0p00125_DT-8p39680224058e-06_H-306f9d252b,0.7349908934298195,0.9017647871857677,-1.5729345545485691,-1.2574922950644953,-1.5871871413570782,-0.9136700145082383,-1.223358750426204,-0.6550968639985392,-1.5497798014244029,-0.8874283130628675,0.1728395061728395,False,True,True,0.8962962962962963,False,False,False,0.8716049382716049,False,False,False,False,False
P-59p3859586774_VX-0p222677981218_LS-4p5e-05_ST-300_M-TI64_XI--0p0002_XF-0p0012_XL-0p0014_TE-0p00125_DT-8p39680224058e-06_H-306f9d252b,old-data-local,False,59.3859586774,0.222677981218,4.5e-05,300.0,0.8389100764625029,P-140p119887795_VX-0p222892199661_LS-4p5e-05_ST-300_M-TI64_XI--0p0002_XF-0p0012_XL-0p0014_TE-0p00125_DT-8p38873219639e-06_H-fb250c7cf9,0.0,0.3,0.8389100764625029,0.133999537894178,0.8622692838915126,P-55p2363598851_VX-0p252312006514_LS-4p5e-05_ST-300_M-TI64_XI--0p0002_XF-0p0012_XL-0p0014_TE-0p00125_DT-7p41059847866e-06_H-fb250c7cf9,0.7115520660377103,0.8988561698318329,-1.5298159029745577,-1.2197359461373496,-1.714059746919872,-0.9842763250062825,-1.223358750426204,-0.6550968639985392,-1.5497798014244029,-0.8874283130628675,0.1580246913580247,False,True,True,0.8987654320987655,False,False,False,0.8617283950617284,False,False,False,False,False
P-63p4364244112_VX-0p87794698955_LS-4p5e-05_ST-300_M-TI64_XI--0p0002_XF-0p0012_XL-0p0014_TE-0p00125_DT-2p12972194663e-06_H-306f9d252b,old-data-local,False,63.4364244112,0.87794698955,4.5e-05,300.0,2.2248252767241343,P-243p042265843_VX-0p642372627708_LS-5p19118052277e-05_ST-314p809567363_M-TI64_XI-0p0002_XF-0p0014_XL-0p0012_TE-0p0021_DT-7p50984770355e-06_H-ac0fcec187,0.0,0.0,2.2248252767241343,0.34915800116928447,0.8643510996485417,P-72p876222127_VX-0p956216556443_LS-4p5e-05_ST-300_M-TI64_XI--0p0002_XF-0p0012_XL-0p0014_TE-0p00125_DT-1p95539698515e-06_H-306f9d252b,1.5330781587950155,0.8818938840616832,-1.4877273470851846,-1.1828815885916082,1.091353476603648,0.5769738460354377,-1.223358750426204,-0.6550968639985392,-1.5497798014244029,-0.8874283130628675,0.8790123456790123,False,False,False,0.9012345679012346,False,False,False,0.8740740740740741,False,False,False,False,False
P-67p3007401579_VX-0p639039009111_LS-4p5e-05_ST-300_M-TI64_XI--0p0002_XF-0p0012_XL-0p0014_TE-0p00125_DT-2p92592931724e-06_H-306f9d252b,old-data-local,False,67.3007401579,0.639039009111,4.5e-05,300.0,1.6301607925101242,P-135p208661893_VX-0p295797438033_LS-4p5e-05_ST-300_M-TI64_XI--0p0002_XF-0p0012_XL-0p0014_TE-0p00125_DT-6p32116012922e-06_H-fb250c7cf9,0.0,0.0,1.6301607925101242,0.15540480090539988,0.9129660643784396,P-52p5445860993_VX-0p633129978235_LS-4p5e-05_ST-300_M-TI64_XI--0p0002_XF-0p0012_XL-0p0014_TE-0p00125_DT-2p95323714861e-06_H-306f9d252b,1.024983047164745,0.8836194728776686,-1.4475730833613973,-1.1477209716259857,0.06851308737943185,0.0077494197603617376,-1.223358750426204,-0.6550968639985392,-1.5497798014244029,-0.8874283130628675,0.6271604938271605,False,False,False,0.9037037037037037,False,False,False,0.9703703703703703,False,False,False,False,False
P-71p6599397131_VX-0p537693260466_LS-4p5e-05_ST-300_M-TI64_XI--0p0002_XF-0p0012_XL-0p0014_TE-0p00125_DT-3p47741567376e-06_H-306f9d252b,old-data-local,False,71.6599397131,0.537693260466,4.5e-05,300.0,1.2282425189977781,P-135p208661893_VX-0p295797438033_LS-4p5e-05_ST-300_M-TI64_XI--0p0002_XF-0p0012_XL-0p0014_TE-0p00125_DT-6p32116012922e-06_H-fb250c7cf9,0.0,0.0,1.2282425189977781,0.1284145679912422,0.9053448589014877,P-71p8781037338_VX-0p56768277259_LS-4p5e-05_ST-300_M-TI64_XI--0p0002_XF-0p0012_XL-0p0014_TE-0p00125_DT-3p29371096306e-06_H-306f9d252b,0.8163983405779404,0.9194925796909746,-1.4022764616467782,-1.1080575083160873,-0.3653800157299424,-0.23371792478737596,-1.223358750426204,-0.6550968639985392,-1.5497798014244029,-0.8874283130628675,0.35802469135802467,False,False,False,0.9061728395061729,False,False,False,0.9555555555555556,False,False,False,False,False
P-71p8781037338_VX-0p56768277259_LS-4p5e-05_ST-300_M-TI64_XI--0p0002_XF-0p0012_XL-0p0014_TE-0p00125_DT-3p29371096306e-06_H-306f9d252b,old-data-local,False,71.8781037338,0.56768277259,4.5e-05,300.0,1.3371668471772593,P-135p208661893_VX-0p295797438033_LS-4p5e-05_ST-300_M-TI64_XI--0p0002_XF-0p0012_XL-0p0014_TE-0p00125_DT-6p32116012922e-06_H-fb250c7cf9,0.0,0.0,1.3371668471772593,0.1284145679912422,0.9123797786583708,P-71p6599397131_VX-0p537693260466_LS-4p5e-05_ST-300_M-TI64_XI--0p0002_XF-0p0012_XL-0p0014_TE-0p00125_DT-3p47741567376e-06_H-306f9d252b,0.866996808127834,0.9238331753317303,-1.4000095103424728,-1.106072478605701,-0.23698545897553291,-0.16226462799216068,-1.223358750426204,-0.6550968639985392,-1.5497798014244029,-0.8874283130628675,0.43950617283950616,False,False,False,0.908641975308642,False,False,False,0.9654320987654321,False,False,False,False,False
P-72p876222127_VX-0p956216556443_LS-4p5e-05_ST-300_M-TI64_XI--0p0002_XF-0p0012_XL-0p0014_TE-0p00125_DT-1p95539698515e-06_H-306f9d252b,old-data-local,False,72.876222127,0.956216556443,4.5e-05,300.0,2.319820665058164,P-243p042265843_VX-0p642372627708_LS-5p19118052277e-05_ST-314p809567363_M-TI64_XI-0p0002_XF-0p0014_XL-0p0012_TE-0p0021_DT-7p50984770355e-06_H-ac0fcec187,0.0,0.0,2.319820665058164,0.34915800116928447,0.8691791711985422,P-63p4364244112_VX-0p87794698955_LS-4p5e-05_ST-300_M-TI64_XI--0p0002_XF-0p0012_XL-0p0014_TE-0p00125_DT-2p12972194663e-06_H-306f9d252b,1.672610882635585,0.8906693472283542,-1.3896380211021484,-1.096990803916044,1.4264501699754621,0.7634596604799754,-1.223358750426204,-0.6550968639985392,-1.5497798014244029,-0.8874283130628675,0.8962962962962963,False,False,False,0.9111111111111111,False,False,False,0.8888888888888888,False,False,False,False,False
P-74p5163352518_VX-0p201002332148_LS-4p5e-05_ST-300_M-TI64_XI--0p0002_XF-0p0012_XL-0p0014_TE-0p00125_DT-9p30229491189e-06_H-fb250c7cf9,old-data-local,False,74.5163352518,0.201002332148,4.5e-05,300.0,0.6881011082663759,P-140p119887795_VX-0p222892199661_LS-4p5e-05_ST-300_M-TI64_XI--0p0002_XF-0p0012_XL-0p0014_TE-0p00125_DT-8p38873219639e-06_H-fb250c7cf9,0.2,0.3,0.6881011082663759,0.18256543073540318,0.7903153244585294,P-59p3859586774_VX-0p222677981218_LS-4p5e-05_ST-300_M-TI64_XI--0p0002_XF-0p0012_XL-0p0014_TE-0p00125_DT-8p39680224058e-06_H-306f9d252b,0.5966299675267881,0.8022817870067762,-1.3725955382236974,-1.082067750744049,-1.8068600346737886,-1.035920932621895,-1.223358750426204,-0.6550968639985392,-1.5497798014244029,-0.8874283130628675,0.08641975308641975,True,True,True,0.1728395061728395,False,True,True,0.5851851851851851,False,False,False,True,True
P-76p2867092863_VX-0p693142102976_LS-5p97726511316e-05_ST-352p808802476_M-TI64_XI-0p0002_XF-0p0014_XL-0p0012_TE-0p0021_DT-6p95978585387e-06_H-0744488b5e,old-data-local,False,76.2867092863,0.693142102976,5.97726511316e-05,352.808802476,1.7892253061725927,P-223p161294482_VX-0p578452940205_LS-4p86833733719e-05_ST-359p100984903_M-TI64_XI-0p0002_XF-0p0014_XL-0p0012_TE-0p0021_DT-8p33969415266e-06_H-1e85da8953,0.0,0.0,1.7892253061725927,0.43328105838394937,0.8050484510219155,P-93p7392388905_VX-0p76284290369_LS-5p63100861802e-05_ST-349p958485388_M-TI64_XI-0p0002_XF-0p0014_XL-0p0012_TE-0p0021_DT-6p32387163816e-06_H-5cefbb31d2,1.4326771485911136,0.8414311751592192,-1.3541995088796241,-1.0659594802524115,0.30014549030471,0.13665596573852973,-0.19897506621396488,-0.09125078862928168,0.12228843676864495,0.06319374471675782,0.725925925925926,False,False,False,0.9135802469135802,False,False,False,0.6395061728395062,False,False,False,False,False
P-77p1412079225_VX-0p963213148682_LS-8p58459875102e-05_ST-347p110895162_M-TI64_XI-0p0002_XF-0p0014_XL-0p0012_TE-0p0021_DT-5p00836248925e-06_H-8eb307dfff,old-data-local,False,77.1412079225,0.963213148682,8.58459875102e-05,347.110895162,3.146389223943434,P-228p959503311_VX-0p480404321045_LS-6p0796636822e-05_ST-336p115873803_M-TI64_XI-0p0002_XF-0p0014_XL-0p0012_TE-0p0021_DT-1p00417926977e-05_H-ba17ade68b,0.0,0.0,3.146389223943434,0.6422770011674821,0.830474113314461,P-110p234671953_VX-0p866589137882_LS-8p08580037422e-05_ST-348p980680204_M-TI64_XI-0p0002_XF-0p0014_XL-0p0012_TE-0p0021_DT-5p56679098795e-06_H-6705b84f8a,2.0456636449151357,0.8326064819109417,-1.3453203784361834,-1.0581845722960075,1.456404787296457,0.7801298076881484,1.6090348936287981,0.9039225392921107,-0.058122581796622955,-0.03937545060506159,0.9975308641975309,False,False,False,0.9185185185185185,False,False,False,0.7308641975308642,False,False,False,False,False
P-77p2146242418_VX-0p855104240805_LS-5p17451748821e-05_ST-369p375740917_M-TI64_XI-0p0002_XF-0p0014_XL-0p0012_TE-0p0021_DT-5p64155850575e-06_H-f404b6f8f4,old-data-local,False,77.2146242418,0.855104240805,5.17451748821e-05,369.375740917,1.9630791823307518,P-223p161294482_VX-0p578452940205_LS-4p86833733719e-05_ST-359p100984903_M-TI64_XI-0p0002_XF-0p0014_XL-0p0012_TE-0p0021_DT-8p33969415266e-06_H-1e85da8953,0.0,0.0,1.9630791823307518,0.365736592550075,0.8429516853608608,P-96p3048792257_VX-0p802808589305_LS-5p4654094879e-05_ST-371p269771919_M-TI64_XI-0p0002_XF-0p0014_XL-0p0012_TE-0p0021_DT-6p00905454586e-06_H-24e0a43587,1.4571986135163744,0.8569334748151977,-1.3445575064453739,-1.0575165722537911,0.9935564671678233,0.5225484956347287,-0.7556263823611986,-0.39764541868444037,0.6468421148014848,0.36141859310352425,0.8,False,False,False,0.9209876543209876,False,False,False,0.7851851851851852,False,False,False,False,False
P-77p6071708937_VX-0p433253784538_LS-7p48831675656e-05_ST-344p207921637_M-TI64_XI-0p0002_XF-0p0014_XL-0p0012_TE-0p0021_DT-1p11346300371e-05_H-5958772c6a,old-data-local,False,77.6071708937,0.433253784538,7.48831675656e-05,344.207921637,1.8798823688288486,P-228p959503311_VX-0p480404321045_LS-6p0796636822e-05_ST-336p115873803_M-TI64_XI-0p0002_XF-0p0014_XL-0p0012_TE-0p0021_DT-1p00417926977e-05_H-ba17ade68b,0.0,0.0,1.8798823688288486,0.3750021091304313,0.833693427403511,P-91p4898167395_VX-0p477122889388_LS-7p769973149e-05_ST-351p010780102_M-TI64_XI-0p0002_XF-0p0014_XL-0p0012_TE-0p0021_DT-1p01108555266e-05_H-b41981edcb,1.4897602609689802,0.8656776185020844,-1.3404785380542055,-1.053944870722833,-0.8125183407548114,-0.4825564133817933,0.8488372971268051,0.4854910102675001,-0.15003850489815104,-0.09163247096202642,0.762962962962963,False,False,False,0.9234567901234568,False,False,False,0.745679012345679,False,False,False,False,False
P-78p18378444_VX-0p804643363326_LS-4p5e-05_ST-300_M-TI64_XI--0p0002_XF-0p0012_XL-0p0014_TE-0p00125_DT-2p32374124592e-06_H-b0e5aed98c,old-data-local,False,78.18378444,0.804643363326,4.5e-05,300.0,1.9494904371998738,P-211p816522505_VX-0p520710876808_LS-4p80782604054e-05_ST-318p660442183_M-TI64_XI-0p0002_XF-0p0014_XL-0p0012_TE-0p0021_DT-9p26448979247e-06_H-5a4acb0e81,0.0,0.0,1.9494904371998738,0.34925008530804974,0.8480689395395448,P-63p4364244112_VX-0p87794698955_LS-4p5e-05_ST-300_M-TI64_XI--0p0002_XF-0p0012_XL-0p0014_TE-0p00125_DT-2p12972194663e-06_H-306f9d252b,1.3187423231670536,0.8568880622515637,-1.3344869229992995,-1.0486983822452915,0.7775175409403493,0.4023199290563315,-1.223358750426204,-0.6550968639985392,-1.5497798014244029,-0.8874283130628675,0.7950617283950617,False,False,False,0.9259259259259259,False,False,False,0.8024691358024691,False,False,False,False,False
P-78p3109819881_VX-0p819836919071_LS-8p42620704062e-05_ST-359p367913591_M-TI64_XI-0p0002_XF-0p0014_XL-0p0012_TE-0p0021_DT-5p88424415978e-06_H-cedd8dc36d,old-data-local,False,78.3109819881,0.819836919071,8.42620704062e-05,359.367913591,2.7842426561241993,P-228p959503311_VX-0p480404321045_LS-6p0796636822e-05_ST-336p115873803_M-TI64_XI-0p0002_XF-0p0014_XL-0p0012_TE-0p0021_DT-1p00417926977e-05_H-ba17ade68b,0.0,0.0,2.7842426561241993,0.5481912587986153,0.8354982355857723,P-97p5646849269_VX-0p800614374072_LS-8p74302358335e-05_ST-345p052442693_M-TI64_XI-0p0002_XF-0p0014_XL-0p0012_TE-0p0021_DT-6p02552334713e-06_H-b41981edcb,1.8735750298980978,0.8474099412278284,-1.3331652080499485,-1.0475410378249943,0.8425659434397527,0.4385202394692951,1.4992009292287622,0.8434672131055839,0.3299674760946134,0.18126564585824362,0.9827160493827161,False,False,False,0.928395061728395,False,False,False,0.7604938271604939,False,False,False,False,False
P-79p1315856604_VX-0p738156089448_LS-4p61026192486e-05_ST-370p648100327_M-TI64_XI-0p0002_XF-0p0014_XL-0p0012_TE-0p0021_DT-6p53536653287e-06_H-0d7d85a8f4,old-data-local,False,79.1315856604,0.738156089448,4.61026192486e-05,370.648100327,1.6950119678715543,P-223p161294482_VX-0p578452940205_LS-4p86833733719e-05_ST-359p100984903_M-TI64_XI-0p0002_XF-0p0014_XL-0p0012_TE-0p0021_DT-8p33969415266e-06_H-1e85da8953,0.0,0.0,1.6950119678715543,0.39757373964412507,0.8100083842605781,P-95p3163706926_VX-0p805137875644_LS-4p85393429372e-05_ST-366p295455669_M-TI64_XI-0p0002_XF-0p0014_XL-0p0012_TE-0p0021_DT-5p99167018339e-06_H-270d04032e,1.2961597176817767,0.8389129824779639,-1.324638281569269,-1.0400745331981498,0.49286455878852736,0.2439067180022054,-1.1468995449591441,-0.6130118292670398,0.6871284242286675,0.3843225951611206,0.6666666666666666,False,False,False,0.9333333333333333,False,False,False,0.654320987654321,False,False,False,False,False
P-82p6239965333_VX-0p567384090403_LS-6p29636633496e-05_ST-368p216750002_M-TI64_XI-0p0002_XF-0p0014_XL-0p0012_TE-0p0021_DT-8p50238962391e-06_H-e6df4d4a2d,old-data-local,False,82.6239965333,0.567384090403,6.29636633496e-05,368.216750002,1.749663934653057,P-243p936893462_VX-0p545516283598_LS-5p6904291389e-05_ST-360p082453969_M-TI64_XI-0p0002_XF-0p0014_XL-0p0012_TE-0p0021_DT-8p84322017154e-06_H-e0ed0fec98,0.0,0.0,1.749663934653057,0.4676564253155397,0.7890893739314409,P-100p408926704_VX-0p564694322144_LS-6p38706769001e-05_ST-381p633419878_M-TI64_XI-0p0002_XF-0p0014_XL-0p0012_TE-0p0021_DT-8p54288845105e-06_H-790e4fd6dd,1.3864236188985963,0.8256135780417119,-1.2883484966721617,-1.008297802455204,-0.2382642115891713,-0.1629762710114573,0.02230010119649439,0.030544527563213575,0.6101453558055497,0.34055536051903496,0.7111111111111111,False,False,False,0.9382716049382716,False,False,False,0.582716049382716,False,False,False,False,False
P-83p4130417347_VX-0p322492976823_LS-7p74299080266e-05_ST-371p281013063_M-TI64_XI-0p0002_XF-0p0014_XL-0p0012_TE-0p0021_DT-1p49588392607e-05_H-b41989dc4b,old-data-local,False,83.4130417347,0.322492976823,7.74299080266e-05,371.281013063,2.1067448384883782,P-238p319282705_VX-0p253960262605_LS-5p92121677448e-05_ST-384p128817665_M-TI64_XI-0p0002_XF-0p0014_XL-0p0012_TE-0p0021_DT-1p89955725889e-05_H-452de4062d,0.0,0.0,2.1067448384883782,0.5658809264079678,0.7882678024583383,P-110p642328299_VX-0p274154737479_LS-7p4676600105e-05_ST-358p612942181_M-TI64_XI-0p0002_XF-0p0014_XL-0p0012_TE-0p0021_DT-1p7596342297e-05_H-b40dbd8ddd,1.596942517268823,0.8114496427076326,-1.280149495559465,-1.0011184418869896,-1.2867202802037345,-0.7464561672095344,1.0254365651208235,0.5826956082185939,0.7071681379467428,0.3957157868125441,0.8493827160493828,False,False,False,0.9407407407407408,False,False,False,0.5777777777777777,False,False,False,False,False
P-85p9171141482_VX-0p437191097118_LS-7p49853263212e-05_ST-320p146293033_M-TI64_XI-0p0002_XF-0p0014_XL-0p0012_TE-0p0021_DT-1p10343523343e-05_H-d4c4d1b9c0,old-data-local,False,85.9171141482,0.437191097118,7.49853263212e-05,320.146293033,1.8620428126929336,P-228p959503311_VX-0p480404321045_LS-6p0796636822e-05_ST-336p115873803_M-TI64_XI-0p0002_XF-0p0014_XL-0p0012_TE-0p0021_DT-1p00417926977e-05_H-ba17ade68b,0.0,0.0,1.8620428126929336,0.6932650426017397,0.7286960781788879,P-145p249113956_VX-0p501139719932_LS-7p51242767898e-05_ST-325p186450026_M-TI64_XI-0p0002_XF-0p0014_XL-0p0012_TE-0p0021_DT-9p62629863717e-06_H-30d8d23b36,1.3251452320402777,0.750811428592065,-1.2541295762086706,-0.9783344002205077,-0.7956614642100244,-0.47317533498375125,0.8559213175577906,0.4893902300416987,-0.9118941626974414,-0.5247707703479844,0.7580246913580246,False,False,False,0.9432098765432099,False,False,False,0.362962962962963,False,False,False,False,False
P-88p5362444224_VX-0p501389667448_LS-5p57799721508e-05_ST-306p707884961_M-TI64_XI-0p0002_XF-0p0014_XL-0p0012_TE-0p0021_DT-9p62149983578e-06_H-1422635bbf,old-data-local,False,88.5362444224,0.501389667448,5.57799721508e-05,306.707884961,1.2703758834451482,P-135p208661893_VX-0p295797438033_LS-4p5e-05_ST-300_M-TI64_XI--0p0002_XF-0p0012_XL-0p0014_TE-0p00125_DT-6p32116012922e-06_H-fb250c7cf9,0.0,0.0,1.2703758834451482,0.43828999238079513,0.7434899364576282,P-113p286681534_VX-0p56768277259_LS-5p80401726566e-05_ST-302p148970527_M-TI64_XI-0p0002_XF-0p0014_XL-0p0012_TE-0p00125_DT-1p13495658689e-05_H-bf889bf790,0.7772781558043454,0.7216991042166322,-1.2269140858991656,-0.9545034706612827,-0.5208071435493487,-0.32021521076929504,-0.4758404147416729,-0.24364431322269556,-1.3373901833519564,-0.766678303481173,0.3925925925925926,False,False,False,0.945679012345679,False,False,False,0.4049382716049383,False,False,False,False,False
P-89p9091669401_VX-0p254822282222_LS-4p87644701271e-05_ST-380p329545658_M-TI64_XI-0p0002_XF-0p0014_XL-0p0012_TE-0p0021_DT-1p8931313859e-05_H-f4a4199ba7,old-data-local,False,89.9091669401,0.254822282222,4.87644701271e-05,380.329545658,1.3422162168057792,P-208p096600196_VX-0p256636148953_LS-4p52492384214e-05_ST-395p602757306_M-TI64_XI-0p0002_XF-0p0014_XL-0p0012_TE-0p0021_DT-1p87975101041e-05_H-1980b1708d,0.0,0.0,1.3422162168057792,0.581277550416773,0.6978011780843384,P-119p65849417_VX-0p305673131798_LS-5p10692886867e-05_ST-393p327897391_M-TI64_XI-0p0002_XF-0p0014_XL-0p0012_TE-0p0021_DT-1p57819582462e-05_H-cb2618ba4f,1.118041287175672,0.742439046762373,-1.2126479915989965,-0.9420115300610482,-1.5764398595897937,-0.9076890077329397,-0.9623181461668421,-0.5114136694181328,0.9936689341204491,0.5586002733383297,0.4469135802469136,False,False,False,0.9481481481481482,False,False,False,0.28641975308641976,False,False,True,False,False
P-90p076179662_VX-0p77719101666_LS-5p40074605054e-05_ST-384p823624425_M-TI64_XI-0p0002_XF-0p0014_XL-0p0012_TE-0p0021_DT-6p20712347364e-06_H-765e346b33,old-data-local,False,90.076179662,0.77719101666,5.40074605054e-05,384.823624425,1.671481781133,P-202p397397496_VX-0p555230188132_LS-4p52196790327e-05_ST-397p348654616_M-TI64_XI-0p0002_XF-0p0014_XL-0p0012_TE-0p0021_DT-8p68850560746e-06_H-0011cc30ec,0.0,0.0,1.671481781133,0.44988830671224456,0.7879255914420793,P-96p3048792257_VX-0p802808589305_LS-5p4654094879e-05_ST-371p269771919_M-TI64_XI-0p0002_XF-0p0014_XL-0p0012_TE-0p0021_DT-6p00905454586e-06_H-24e0a43587,1.2196206007077754,0.8248426298756156,-1.2109125555425284,-0.940491915534692,0.6599853894510065,0.33691170681049404,-0.5987521381316566,-0.31129796089242495,1.1359635140752509,0.6394991046884793,0.6493827160493827,False,False,False,0.9506172839506173,False,False,False,0.5753086419753086,False,False,False,False,False
P-90p3577538021_VX-0p606625134218_LS-7p79676391387e-05_ST-345p062824899_M-TI64_XI-0p0002_XF-0p0014_XL-0p0012_TE-0p0021_DT-7p95239156919e-06_H-e341aeefe6,old-data-local,False,90.3577538021,0.606625134218,7.79676391387e-05,345.062824899,1.9657686304230373,P-228p959503311_VX-0p480404321045_LS-6p0796636822e-05_ST-336p115873803_M-TI64_XI-0p0002_XF-0p0014_XL-0p0012_TE-0p0021_DT-1p00417926977e-05_H-ba17ade68b,0.0,0.0,1.9657686304230373,0.5859647283953731,0.7703660038105603,P-91p4898167395_VX-0p477122889388_LS-7p769973149e-05_ST-351p010780102_M-TI64_XI-0p0002_XF-0p0014_XL-0p0012_TE-0p0021_DT-1p01108555266e-05_H-b41981edcb,1.4616115025956073,0.8172109620596449,-1.207986707081768,-0.9379299301441516,-0.07026093076303176,-0.0694801868246347,1.062724589648136,0.6032198576888166,-0.12296997609052537,-0.0762431824339578,0.8049382716049382,False,False,False,0.9530864197530864,False,False,False,0.49382716049382713,False,False,False,False,False
P-91p2790923782_VX-0p717805590808_LS-4p80270969425e-05_ST-305p576577078_M-TI64_XI-0p0002_XF-0p0014_XL-0p0012_TE-0p0021_DT-6p72065063966e-06_H-a55a682ac9,old-data-local,False,91.2790923782,0.717805590808,4.80270969425e-05,305.576577078,1.566030704316439,P-211p816522505_VX-0p520710876808_LS-4p80782604054e-05_ST-318p660442183_M-TI64_XI-0p0002_XF-0p0014_XL-0p0012_TE-0p0021_DT-9p26448979247e-06_H-5a4acb0e81,0.0,0.0,1.566030704316439,0.3570669150983422,0.8143272023772764,P-97p6596954152_VX-0p666705631564_LS-4p5e-05_ST-300_M-TI64_XI--0p0002_XF-0p0012_XL-0p0014_TE-0p00125_DT-2p80451054123e-06_H-b0e5aed98c,1.0927866854928576,0.8426812934802419,-1.1984130400761122,-0.9295468592738253,0.4057376578302763,0.19541942640365847,-1.0134500014276824,-0.5395579051761873,-1.3732104233515543,-0.7870432081428249,0.5604938271604938,False,False,False,0.9555555555555556,False,False,False,0.6864197530864198,False,False,False,False,False
P-92p0306358058_VX-0p635786516528_LS-6p85874395416e-05_ST-348p651765165_M-TI64_XI-0p0002_XF-0p0014_XL-0p0012_TE-0p0021_DT-7p58764220003e-06_H-8daf8adcd4,old-data-local,False,92.0306358058,0.635786516528,6.85874395416e-05,348.651765165,1.7077481883417103,P-228p959503311_VX-0p480404321045_LS-6p0796636822e-05_ST-336p115873803_M-TI64_XI-0p0002_XF-0p0014_XL-0p0012_TE-0p0021_DT-1p00417926977e-05_H-ba17ade68b,0.0,0.0,1.7077481883417103,0.6722293536259811,0.7175480264951564,P-90p3577538021_VX-0p606625134218_LS-7p79676391387e-05_ST-345p062824899_M-TI64_XI-0p0002_XF-0p0014_XL-0p0012_TE-0p0021_DT-7p95239156919e-06_H-e341aeefe6,1.3522729118330614,0.784850506098854,-1.1906037214360659,-0.9227087196592143,0.05458814115774632,0.0,0.41227103623218087,0.2451941599390397,-0.009334507263564553,-0.011637934426988567,0.6790123456790124,False,False,False,0.9604938271604938,False,False,False,0.3308641975308642,False,False,False,False,False
P-93p2349412886_VX-0p318136092994_LS-6p37701091846e-05_ST-373p005608841_M-TI64_XI-0p0002_XF-0p0014_XL-0p0012_TE-0p0021_DT-1p51637010363e-05_H-95ed9fb76f,old-data-local,False,93.2349412886,0.318136092994,6.37701091846e-05,373.005608841,1.6038125156266674,P-238p319282705_VX-0p253960262605_LS-5p92121677448e-05_ST-384p128817665_M-TI64_XI-0p0002_XF-0p0014_XL-0p0012_TE-0p0021_DT-1p89955725889e-05_H-452de4062d,0.0,0.0,1.6038125156266674,0.7491951191112033,0.6816010674803166,P-134p93654729_VX-0p343298656719_LS-5p9412954069e-05_ST-389p435734624_M-TI64_XI-0p0002_XF-0p0014_XL-0p0012_TE-0p0021_DT-1p40522559835e-05_H-b41981edcb,1.3028197890075386,0.720070157766044,-1.178089733674675,-0.9117509909005097,-1.305373473551526,-0.7568369200556827,0.07822167872619003,0.06132514473286745,0.7617734629856171,0.4267605882557414,0.6098765432098765,False,False,False,0.9679012345679012,False,False,False,0.24444444444444444,False,False,True,False,False
P-93p7887593651_VX-0p596649793105_LS-4p5e-05_ST-300_M-TI64_XI--0p0002_XF-0p0012_XL-0p0014_TE-0p00125_DT-3p13380310062e-06_H-306f9d252b,old-data-local,False,93.7887593651,0.596649793105,4.5e-05,300.0,1.3580491290586452,P-135p208661893_VX-0p295797438033_LS-4p5e-05_ST-300_M-TI64_XI--0p0002_XF-0p0012_XL-0p0014_TE-0p00125_DT-6p32116012922e-06_H-fb250c7cf9,0.0,0.0,1.3580491290586452,0.16954757723279493,0.8890102495413157,P-99p5435087092_VX-0p559592851831_LS-4p5e-05_ST-300_M-TI64_XI--0p0002_XF-0p0012_XL-0p0014_TE-0p00125_DT-3p34132747676e-06_H-306f9d252b,0.80984798545667,0.8875056634896817,-1.1723349872832156,-0.9067119137306165,-0.11296851117920977,-0.09324752942872751,-1.223358750426204,-0.6550968639985392,-1.5497798014244029,-0.8874283130628675,0.4641975308641975,False,False,False,0.9728395061728395,False,False,False,0.9308641975308642,False,False,False,False,False
P-95p3163706926_VX-0p805137875644_LS-4p85393429372e-05_ST-366p295455669_M-TI64_XI-0p0002_XF-0p0014_XL-0p0012_TE-0p0021_DT-5p99167018339e-06_H-270d04032e,old-data-local,False,95.3163706926,0.805137875644,4.85393429372e-05,366.295455669,1.6609147112857365,P-223p161294482_VX-0p578452940205_LS-4p86833733719e-05_ST-359p100984903_M-TI64_XI-0p0002_XF-0p0014_XL-0p0012_TE-0p0021_DT-8p33969415266e-06_H-1e85da8953,0.0,0.0,1.6609147112857365,0.37426365357166663,0.8161027750519106,P-77p2146242418_VX-0p855104240805_LS-5p17451748821e-05_ST-369p375740917_M-TI64_XI-0p0002_XF-0p0014_XL-0p0012_TE-0p0021_DT-5p64155850575e-06_H-f404b6f8f4,1.2776330512390428,0.8398596790370984,-1.156461515203647,-0.8928124913543676,0.7796347040878083,0.4034981588081476,-0.977929197842787,-0.520006377751473,0.5493120272730636,0.30596974814377054,0.6419753086419753,False,False,False,0.9753086419753086,False,False,False,0.6938271604938272,False,False,False,False,False
P-96p3048792257_VX-0p802808589305_LS-5p4654094879e-05_ST-371p269771919_M-TI64_XI-0p0002_XF-0p0014_XL-0p0012_TE-0p0021_DT-6p00905454586e-06_H-24e0a43587,old-data-local,False,96.3048792257,0.802808589305,5.4654094879e-05,371.269771919,1.7262902815338437,P-223p161294482_VX-0p578452940205_LS-4p86833733719e-05_ST-359p100984903_M-TI64_XI-0p0002_XF-0p0014_XL-0p0012_TE-0p0021_DT-8p33969415266e-06_H-1e85da8953,0.0,0.0,1.7262902815338437,0.365736592550075,0.8251759587408608,P-77p2146242418_VX-0p855104240805_LS-5p17451748821e-05_ST-369p375740917_M-TI64_XI-0p0002_XF-0p0014_XL-0p0012_TE-0p0021_DT-5p64155850575e-06_H-f404b6f8f4,1.276654133966036,0.8399394224480896,-1.1461898824145282,-0.8838182548121649,0.7696622948730993,0.3979483790246875,-0.5539124071946888,-0.28661706573655815,0.7068122131962831,0.39551343267951994,0.6987654320987654,False,False,False,0.9777777777777777,False,False,False,0.7185185185185186,False,False,False,False,False
P-97p6596954152_VX-0p666705631564_LS-4p5e-05_ST-300_M-TI64_XI--0p0002_XF-0p0012_XL-0p0014_TE-0p00125_DT-2p80451054123e-06_H-b0e5aed98c,old-data-local,False,97.6596954152,0.666705631564,4.5e-05,300.0,1.480686404665657,P-211p816522505_VX-0p520710876808_LS-4p80782604054e-05_ST-318p660442183_M-TI64_XI-0p0002_XF-0p0014_XL-0p0012_TE-0p0021_DT-9p26448979247e-06_H-5a4acb0e81,0.0,0.0,1.480686404665657,0.30261622278479894,0.8303057382820985,P-93p7887593651_VX-0p596649793105_LS-4p5e-05_ST-300_M-TI64_XI--0p0002_XF-0p0012_XL-0p0014_TE-0p00125_DT-3p13380310062e-06_H-306f9d252b,0.9474716857630918,0.8474225262871802,-1.132111931714745,-0.8714910599812267,0.18696262107163675,0.07366817753412772,-1.223358750426204,-0.6550968639985392,-1.5497798014244029,-0.8874283130628675,0.5308641975308642,False,False,False,0.9827160493827161,False,False,False,0.7283950617283951,False,False,False,False,False
P-98p2720448178_VX-0p404108184606_LS-6p2082238115e-05_ST-312p013044035_M-TI64_XI-0p0002_XF-0p0014_XL-0p0012_TE-0p0021_DT-1p19376958616e-05_H-e0ed0fec98,old-data-local,False,98.2720448178,0.404108184606,6.2082238115e-05,312.013044035,1.3820807235709849,P-135p208661893_VX-0p295797438033_LS-4p5e-05_ST-300_M-TI64_XI--0p0002_XF-0p0012_XL-0p0014_TE-0p00125_DT-6p32116012922e-06_H-fb250c7cf9,0.0,0.0,1.3820807235709849,0.634746000590363,0.6852748959609766,P-88p5362444224_VX-0p501389667448_LS-5p57799721508e-05_ST-306p707884961_M-TI64_XI-0p0002_XF-0p0014_XL-0p0012_TE-0p0021_DT-9p62149983578e-06_H-1422635bbf,0.8071005949048925,0.6924073230165089,-1.1257489839084998,-0.8659194182714797,-0.9372998433393676,-0.5519989969625104,-0.038820791805964684,-0.0030979212317446005,-1.1694146268104408,-0.6711790495818608,0.4839506172839506,False,False,False,0.9876543209876543,False,False,False,0.254320987654321,False,False,True,False,False
P-98p5137427197_VX-0p87794698955_LS-7p93698578539e-05_ST-325p506902574_M-TI64_XI-0p0002_XF-0p0014_XL-0p0012_TE-0p00125_DT-7p33865836642e-06_H-bf889bf790,old-data-local,False,98.5137427197,0.87794698955,7.93698578539e-05,325.506902574,2.5506285765214938,P-228p959503311_VX-0p480404321045_LS-6p0796636822e-05_ST-336p115873803_M-TI64_XI-0p0002_XF-0p0014_XL-0p0012_TE-0p0021_DT-1p00417926977e-05_H-ba17ade68b,0.0,0.0,2.5506285765214938,0.20578826537974917,0.9253421099989337,P-98p6430415843_VX-0p873233253177_LS-7p66258838728e-05_ST-323p115187787_M-TI64_XI-0p0002_XF-0p0014_XL-0p0012_TE-0p0021_DT-5p52443529316e-06_H-95ed9fb76f,1.6866882324293542,0.9367957599603377,-1.123237491077546,-0.863720258599458,1.091353476603648,0.5769738460354377,1.1599589967123713,0.6567400763910375,-0.7421628957380321,-0.4282733412473258,0.9555555555555556,False,False,False,0.9901234567901235,False,False,False,0.9851851851851852,False,False,False,False,False
P-98p6430415843_VX-0p873233253177_LS-7p66258838728e-05_ST-323p115187787_M-TI64_XI-0p0002_XF-0p0014_XL-0p0012_TE-0p0021_DT-5p52443529316e-06_H-95ed9fb76f,old-data-local,False,98.6430415843,0.873233253177,7.66258838728e-05,323.115187787,2.4569224960534237,P-228p959503311_VX-0p480404321045_LS-6p0796636822e-05_ST-336p115873803_M-TI64_XI-0p0002_XF-0p0014_XL-0p0012_TE-0p0021_DT-1p00417926977e-05_H-ba17ade68b,0.0,0.0,2.4569224960534237,0.20578826537974917,0.922714750561572,P-98p5137427197_VX-0p87794698955_LS-7p93698578539e-05_ST-325p506902574_M-TI64_XI-0p0002_XF-0p0014_XL-0p0012_TE-0p00125_DT-7p33865836642e-06_H-bf889bf790,1.6437006106155683,0.9352498131523496,-1.121893941262092,-0.8625437947310041,1.0711724850034503,0.5657428529241884,0.969682914843152,0.5520074223551592,-0.8178909967866546,-0.4713270884606459,0.9432098765432099,False,False,False,0.9925925925925926,False,False,False,0.9827160493827161,False,False,False,False,False
P-99p0936052974_VX-0p300439480401_LS-4p95355776339e-05_ST-340p036700638_M-TI64_XI-0p0002_XF-0p0014_XL-0p0012_TE-0p0021_DT-1p60568797302e-05_H-701e6757d1,old-data-local,False,99.0936052974,0.300439480401,4.95355776339e-05,340.036700638,1.264387191161119,P-212p944274192_VX-0p351323873231_LS-4p80439392259e-05_ST-351p894554175_M-TI64_XI-0p0002_XF-0p0014_XL-0p0012_TE-0p0021_DT-1p37312632889e-05_H-7c2e16b959,0.0,0.0,1.264387191161119,0.6327996920802875,0.666453685891435,P-126p384227376_VX-0p205870034079_LS-4p55514058242e-05_ST-348p956388187_M-TI64_XI-0p0002_XF-0p0014_XL-0p0012_TE-0p0021_DT-2p34328450209e-05_H-1d842653b1,0.8108591889724212,0.6687364490435985,-1.117212115203847,-0.8584442078511155,-1.3811382516025295,-0.7990010375194554,-0.9088470432684725,-0.4819818539962612,-0.2821105425112275,-0.16671947357537042,0.38765432098765434,False,False,False,0.9950617283950617,False,False,False,0.22469135802469137,False,False,True,False,False
P-99p5435087092_VX-0p559592851831_LS-4p5e-05_ST-300_M-TI64_XI--0p0002_XF-0p0012_XL-0p0014_TE-0p00125_DT-3p34132747676e-06_H-306f9d252b,old-data-local,False,99.5435087092,0.559592851831,4.5e-05,300.0,1.1886411257983143,P-135p208661893_VX-0p295797438033_LS-4p5e-05_ST-300_M-TI64_XI--0p0002_XF-0p0012_XL-0p0014_TE-0p00125_DT-6p32116012922e-06_H-fb250c7cf9,0.0,0.0,1.1886411257983143,0.15349479380920344,0.8856339424593523,P-101p127472137_VX-0p52394730996_LS-4p5e-05_ST-300_M-TI64_XI--0p0002_XF-0p0012_XL-0p0014_TE-0p00125_DT-3p56864695376e-06_H-b0e5aed98c,0.7073513379873911,0.8914377794505705,-1.1125371503635448,-0.8543506289174233,-0.2716209604046756,-0.18153975012994275,-1.223358750426204,-0.6550968639985392,-1.5497798014244029,-0.8874283130628675,0.3234567901234568,False,False,False,0.9975308641975309,False,False,False,0.9209876543209876,False,False,False,False,False
P-99p7580068976_VX-0p617169232141_LS-5p71058654975e-05_ST-337p763092798_M-TI64_XI-0p0002_XF-0p0014_XL-0p0012_TE-0p0021_DT-7p81652803119e-06_H-765e346b33,old-data-local,False,99.7580068976,0.617169232141,5.71058654975e-05,337.763092798,1.4877763782095375,P-228p959503311_VX-0p480404321045_LS-6p0796636822e-05_ST-336p115873803_M-TI64_XI-0p0002_XF-0p0014_XL-0p0012_TE-0p0021_DT-1p00417926977e-05_H-ba17ade68b,0.0,0.0,1.4877763782095375,0.5949860501679312,0.7143284120832533,P-148p299467422_VX-0p674162518859_LS-5p7557139752e-05_ST-331p520012414_M-TI64_XI-0p0002_XF-0p0014_XL-0p0012_TE-0p0021_DT-7p15572353559e-06_H-e73b90164d,1.1529837170021946,0.7476740576211818,-1.1103082908733122,-0.8523989538638015,-0.02511832312070064,-0.044357718836001196,-0.38389865701210185,-0.19303729940810524,-0.3540990610370632,-0.20764715347167112,0.5333333333333333,False,False,False,1.0,False,False,False,0.3160493827160494,False,False,False,False,False
P-100p408926704_VX-0p564694322144_LS-6p38706769001e-05_ST-381p633419878_M-TI64_XI-0p0002_XF-0p0014_XL-0p0012_TE-0p0021_DT-8p54288845105e-06_H-790e4fd6dd,old-data-remote-clean,False,100.408926704,0.564694322144,6.38706769001e-05,381.633419878,1.7117259935198126,P-243p936893462_VX-0p545516283598_LS-5p6904291389e-05_ST-360p082453969_M-TI64_XI-0p0002_XF-0p0014_XL-0p0012_TE-0p0021_DT-8p84322017154e-06_H-e0ed0fec98,0.0,0.0,1.7117259935198126,0.4676564253155397,0.7854179141421852,P-82p6239965333_VX-0p567384090403_LS-6p29636633496e-05_ST-368p216750002_M-TI64_XI-0p0002_XF-0p0014_XL-0p0012_TE-0p0021_DT-8p50238962391e-06_H-e6df4d4a2d,1.2035100618348782,0.8042966271672977,-1.1035445564161726,-0.846476367955103,-0.2497799575592436,-0.16938493844579247,0.08519537126106186,0.06516363730866749,1.034953086906371,0.5820715799385037,0.6839506172839506,False,False,False,0.17530864197530865,False,True,True,0.5580246913580247,False,False,False,False,False
P-102p025474754_VX-0p424029390103_LS-7p94734719352e-05_ST-354p238131711_M-TI64_XI-0p0002_XF-0p0014_XL-0p0012_TE-0p0021_DT-1p13768543304e-05_H-6f31342894,old-data-remote-clean,False,102.025474754,0.424029390103,7.94734719352e-05,354.238131711,1.950516760738447,P-228p959503311_VX-0p480404321045_LS-6p0796636822e-05_ST-336p115873803_M-TI64_XI-0p0002_XF-0p0014_XL-0p0012_TE-0p0021_DT-1p00417926977e-05_H-ba17ade68b,0.0,0.0,1.950516760738447,0.2987060129520146,0.8671958969800461,P-91p4898167395_VX-0p477122889388_LS-7p769973149e-05_ST-351p010780102_M-TI64_XI-0p0002_XF-0p0014_XL-0p0012_TE-0p0021_DT-1p01108555266e-05_H-b41981edcb,1.4023326313656004,0.8850844086190289,-1.0867469391983493,-0.831767728568916,-0.8520108816775377,-0.5045345432891722,1.1671439341615013,0.6606948433840134,0.16754483160642678,0.08892339270939693,0.7975308641975308,False,False,False,0.18024691358024691,False,True,True,0.8839506172839506,False,False,False,False,False
P-102p449509144_VX-0p918837420936_LS-5p51471704636e-05_ST-339p471112188_M-TI64_XI-0p0002_XF-0p0014_XL-0p0012_TE-0p0021_DT-5p25024394207e-06_H-b41981edcb,old-data-remote-clean,False,102.449509144,0.918837420936,5.51471704636e-05,339.471112188,2.0482411082860175,P-243p042265843_VX-0p642372627708_LS-5p19118052277e-05_ST-314p809567363_M-TI64_XI-0p0002_XF-0p0014_XL-0p0012_TE-0p0021_DT-7p50984770355e-06_H-ac0fcec187,0.0,0.0,2.0482411082860175,0.5901904224503167,0.7763101238084408,P-143p909481867_VX-0p917293492006_LS-5p50242100517e-05_ST-352p206869428_M-TI64_XI-0p0002_XF-0p0014_XL-0p0012_TE-0p0021_DT-5p25908081225e-06_H-cf6d926251,1.4317087760353926,0.8041213550833858,-1.0823407804266298,-0.827909526562578,1.2664183056543514,0.6743997767350578,-0.5197209422065794,-0.267797239101486,-0.3000185888745898,-0.176900746980306,0.8271604938271605,False,False,False,0.18271604938271604,False,True,True,0.5234567901234568,False,False,False,False,False
P-110p110895975_VX-0p451651242475_LS-8p6859144947e-05_ST-349p969995372_M-TI64_XI-0p0002_XF-0p0014_XL-0p0012_TE-0p0021_DT-1p06810745755e-05_H-6f31342894,old-data-remote-clean,False,110.110895975,0.451651242475,8.6859144947e-05,349.969995372,2.235819482938863,P-228p959503311_VX-0p480404321045_LS-6p0796636822e-05_ST-336p115873803_M-TI64_XI-0p0002_XF-0p0014_XL-0p0012_TE-0p0021_DT-1p00417926977e-05_H-ba17ade68b,0.0,0.0,2.235819482938863,0.5491818673480824,0.8028073245668268,P-102p025474754_VX-0p424029390103_LS-7p94734719352e-05_ST-354p238131711_M-TI64_XI-0p0002_XF-0p0014_XL-0p0012_TE-0p0021_DT-1p13768543304e-05_H-6f31342894,1.4919173535956822,0.828694994387657,-1.0027309950293999,-0.758200138032333,-0.7337530228175905,-0.43872245513617275,1.6792905260505333,0.9425929742317726,0.03240419455140597,0.012091797232334113,0.8839506172839506,False,False,False,0.19753086419753085,False,True,True,0.6320987654320988,False,False,False,False,False
P-110p131967455_VX-0p225166085115_LS-5p63312318207e-05_ST-326p092691949_M-TI64_XI-0p0002_XF-0p0014_XL-0p0012_TE-0p0021_DT-2p14247212255e-05_H-b41981edcb,old-data-remote-clean,False,110.131967455,0.225166085115,5.63312318207e-05,326.092691949,1.1820047234549491,P-140p119887795_VX-0p222892199661_LS-4p5e-05_ST-300_M-TI64_XI--0p0002_XF-0p0012_XL-0p0014_TE-0p00125_DT-8p38873219639e-06_H-fb250c7cf9,0.0,0.0,1.1820047234549491,0.7307531854182534,0.6179583511178699,P-99p0936052974_VX-0p300439480401_LS-4p95355776339e-05_ST-340p036700638_M-TI64_XI-0p0002_XF-0p0014_XL-0p0012_TE-0p0021_DT-1p60568797302e-05_H-701e6757d1,0.6943680171769185,0.6257024036672244,-1.0025120404148107,-0.7580084129545334,-1.7034073896659978,-0.9783481449987323,-0.4376142760087384,-0.22260370252841177,-0.7236152339414276,-0.41772842685845923,0.31851851851851853,False,False,False,0.2,False,True,True,0.15555555555555556,False,True,True,True,True
P-118p139890353_VX-0p847347819728_LS-5p08934239386e-05_ST-372p913421628_M-TI64_XI-0p0002_XF-0p0014_XL-0p0012_TE-0p0021_DT-5p69319999497e-06_H-d7a336064e,old-data-remote-clean,False,118.139890353,0.847347819728,5.08934239386e-05,372.913421628,1.652562662385066,P-223p161294482_VX-0p578452940205_LS-4p86833733719e-05_ST-359p100984903_M-TI64_XI-0p0002_XF-0p0014_XL-0p0012_TE-0p0021_DT-8p33969415266e-06_H-1e85da8953,0.0,0.0,1.652562662385066,0.18901494000457075,0.8973624897700186,P-122p181848607_VX-0p882188233955_LS-4p98408399334e-05_ST-370p38962934_M-TI64_XI-0p0002_XF-0p0014_XL-0p0012_TE-0p0021_DT-5p46835745177e-06_H-2afbe2208b,1.1456594785207912,0.9129889543453752,-0.9193013845048632,-0.685145963775203,0.9603487830259732,0.5040679730109541,-0.8146895634896951,-0.4301552520519411,0.758854568718038,0.4251011073734984,0.6320987654320988,False,False,False,0.2345679012345679,False,False,True,0.9407407407407408,False,False,False,False,False
P-121p661876009_VX-0p281641526906_LS-7p16631028882e-05_ST-330p429005364_M-TI64_XI-0p0002_XF-0p0014_XL-0p0012_TE-0p0021_DT-1p71285841829e-05_H-25d163a2a5,old-data-remote-clean,False,121.661876009,0.281641526906,7.16631028882e-05,330.429005364,1.6023202130995295,P-228p959503311_VX-0p480404321045_LS-6p0796636822e-05_ST-336p115873803_M-TI64_XI-0p0002_XF-0p0014_XL-0p0012_TE-0p0021_DT-1p00417926977e-05_H-ba17ade68b,0.0,0.0,1.6023202130995295,0.7032416093318866,0.6949803720334607,P-141p451666054_VX-0p378275685755_LS-6p85388508408e-05_ST-315p145948826_M-TI64_XI-0p0002_XF-0p0014_XL-0p0012_TE-0p0021_DT-1p27529227616e-05_H-8bf1b39107,1.1627769265267478,0.7352299902424041,-0.8827042868212204,-0.6531001381423511,-1.4616182172952359,-0.8437892202903906,0.6255475376752506,0.36258681286833544,-0.5863159279144252,-0.33966956188764186,0.6024691358024692,False,False,False,0.2518518518518518,False,False,True,0.2765432098765432,False,False,True,False,True
P-126p512169142_VX-0p57236868357_LS-7p44940442576e-05_ST-386p738254947_M-TI64_XI-0p0002_XF-0p0014_XL-0p0012_TE-0p0021_DT-8p42834477408e-06_H-d7a336064e,old-data-remote-clean,False,126.512169142,0.57236868357,7.44940442576e-05,386.738254947,1.9240812299473795,P-243p936893462_VX-0p545516283598_LS-5p6904291389e-05_ST-360p082453969_M-TI64_XI-0p0002_XF-0p0014_XL-0p0012_TE-0p0021_DT-8p84322017154e-06_H-e0ed0fec98,0.0,0.0,1.9240812299473795,0.3039222988118384,0.8635898485398299,P-153p721476211_VX-0p579411174254_LS-7p49286492013e-05_ST-383p484527945_M-TI64_XI-0p0002_XF-0p0014_XL-0p0012_TE-0p0021_DT-8p32590191107e-06_H-8daf8adcd4,1.3279165382972398,0.8386412198702533,-0.8323046915587281,-0.6089683150204862,-0.21692359665579744,-0.15109993192690033,0.8218542211500613,0.4706388589443584,1.196585848489406,0.67396476043855,0.782716049382716,False,False,False,0.2740740740740741,False,False,True,0.8691358024691358,False,False,False,False,False
P-128p682231034_VX-0p601925389683_LS-8p082715257e-05_ST-394p322355105_M-TI64_XI-0p0002_XF-0p0014_XL-0p0012_TE-0p0021_DT-8p01448266795e-06_H-b41981edcb,old-data-remote-clean,False,128.682231034,0.601925389683,8.082715257e-05,394.322355105,2.3280577505090365,P-243p936893462_VX-0p545516283598_LS-5p6904291389e-05_ST-360p082453969_M-TI64_XI-0p0002_XF-0p0014_XL-0p0012_TE-0p0021_DT-8p84322017154e-06_H-e0ed0fec98,0.0,0.0,2.3280577505090365,0.22233404596934295,0.9128235723325548,P-120p079917874_VX-0p610410046914_LS-8p29242579558e-05_ST-398p6729924_M-TI64_XI-0p0002_XF-0p0014_XL-0p0012_TE-0p0021_DT-7p90308191584e-06_H-a88ac79600,1.520622770617745,0.916735722899453,-0.809755489262637,-0.5892233666317671,-0.09038201889328434,-0.08067784284959888,1.2610125528386822,0.7123624490450343,1.436718788357336,0.810487699050561,0.9037037037037037,False,False,False,0.2765432098765432,False,False,True,0.9679012345679012,False,False,False,False,False
P-129p569646497_VX-0p287154347682_LS-6p5197985882e-05_ST-393p701994752_M-TI64_XI-0p0002_XF-0p0014_XL-0p0012_TE-0p0021_DT-1p67997477383e-05_H-b41981edcb,old-data-remote-clean,False,129.569646497,0.287154347682,6.5197985882e-05,393.701994752,1.249524467253297,P-238p319282705_VX-0p253960262605_LS-5p92121677448e-05_ST-384p128817665_M-TI64_XI-0p0002_XF-0p0014_XL-0p0012_TE-0p0021_DT-1p89955725889e-05_H-452de4062d,0.0,0.0,1.249524467253297,0.22831024921490753,0.8455102951157261,P-117p204089079_VX-0p299188895548_LS-6p61946140465e-05_ST-399p004242061_M-TI64_XI-0p0002_XF-0p0014_XL-0p0012_TE-0p0021_DT-1p61239961603e-05_H-0e4c2fc094,1.0330738708317009,0.8695056693901445,-0.8005343187192365,-0.5811489552148018,-1.4380160934235853,-0.8306543210810393,0.17723529374039632,0.11582468342555505,1.4170765167311827,0.7993204654136736,0.38271604938271603,False,False,False,0.27901234567901234,False,False,True,0.7925925925925926,False,False,False,False,False
P-131p049819122_VX-0p780196421599_LS-5p30845028915e-05_ST-389p742843455_M-TI64_XI-0p0002_XF-0p0014_XL-0p0012_TE-0p0021_DT-6p18321293134e-06_H-b41981edcb,old-data-remote-clean,False,131.049819122,0.780196421599,5.30845028915e-05,389.742843455,1.3537813560875727,P-202p397397496_VX-0p555230188132_LS-4p52196790327e-05_ST-397p348654616_M-TI64_XI-0p0002_XF-0p0014_XL-0p0012_TE-0p0021_DT-8p68850560746e-06_H-0011cc30ec,0.0,0.0,1.3537813560875727,0.3723830144161766,0.7842714049835802,P-118p239150472_VX-0p728951155133_LS-5p59862781201e-05_ST-395p421202378_M-TI64_XI-0p0002_XF-0p0014_XL-0p0012_TE-0p0021_DT-6p61789280262e-06_H-44aa3a8888,0.9042075174435653,0.7998276885059514,-0.7851537841467872,-0.5676811678697672,0.6728524755648086,0.3440724132003895,-0.6627530214176767,-0.3465256274563836,1.2917191743274594,0.7280509728944012,0.4567901234567901,False,False,False,0.28641975308641976,False,False,True,0.5506172839506173,False,False,False,False,False
P-132p12166853_VX-0p788188085218_LS-6p42596953306e-05_ST-382p443068729_M-TI64_XI-0p0002_XF-0p0014_XL-0p0012_TE-0p0021_DT-6p1205195733e-06_H-b41981edcb,old-data-remote-clean,False,132.12166853,0.788188085218,6.42596953306e-05,382.443068729,1.7862788168751262,P-243p936893462_VX-0p545516283598_LS-5p6904291389e-05_ST-360p082453969_M-TI64_XI-0p0002_XF-0p0014_XL-0p0012_TE-0p0021_DT-8p84322017154e-06_H-e0ed0fec98,0.0,0.0,1.7862788168751262,0.5087050844174049,0.7783404562747028,P-119p523515535_VX-0p859779155666_LS-6p70931710444e-05_ST-392p874711106_M-TI64_XI-0p0002_XF-0p0014_XL-0p0012_TE-0p0021_DT-5p61088341259e-06_H-2934a8b202,1.147634092689133,0.7935040269992867,-0.7740161529017806,-0.5579286297880381,0.7070673071982543,0.3631134269419549,0.11217117469079439,0.08001178564234974,1.0605887397591673,0.5966462345553422,0.7209876543209877,False,False,False,0.291358024691358,False,False,True,0.5358024691358024,False,False,False,False,False
P-134p93654729_VX-0p343298656719_LS-5p9412954069e-05_ST-389p435734624_M-TI64_XI-0p0002_XF-0p0014_XL-0p0012_TE-0p0021_DT-1p40522559835e-05_H-b41981edcb,old-data-remote-clean,False,134.93654729,0.343298656719,5.9412954069e-05,389.435734624,1.1527124336289603,P-238p319282705_VX-0p253960262605_LS-5p92121677448e-05_ST-384p128817665_M-TI64_XI-0p0002_XF-0p0014_XL-0p0012_TE-0p0021_DT-1p89955725889e-05_H-452de4062d,0.0,0.0,1.1527124336289603,0.4899582585986276,0.7017306871566531,P-129p569646497_VX-0p287154347682_LS-6p5197985882e-05_ST-393p701994752_M-TI64_XI-0p0002_XF-0p0014_XL-0p0012_TE-0p0021_DT-1p67997477383e-05_H-b41981edcb,0.8890030142755242,0.7645764270598215,-0.744766632032258,-0.5323166248762901,-1.1976446047750826,-0.6968843564215421,-0.22391763061246533,-0.10497979199246452,1.2819952855455266,0.7225226439946844,0.30864197530864196,False,False,False,0.30864197530864196,False,False,False,0.2938271604938272,False,False,True,False,False
P-137p056736091_VX-0p84145784316_LS-6p02926393206e-05_ST-342p992007776_M-TI64_XI-0p0002_XF-0p0014_XL-0p0012_TE-0p0021_DT-5p73305085006e-06_H-ddeae69a6e,old-data-remote-clean,False,137.056736091,0.84145784316,6.02926393206e-05,342.992007776,1.7252903606419545,P-223p161294482_VX-0p578452940205_LS-4p86833733719e-05_ST-359p100984903_M-TI64_XI-0p0002_XF-0p0014_XL-0p0012_TE-0p0021_DT-8p33969415266e-06_H-1e85da8953,0.0,0.0,1.7252903606419545,0.5736543483181521,0.7504705763116695,P-143p909481867_VX-0p917293492006_LS-5p50242100517e-05_ST-352p206869428_M-TI64_XI-0p0002_XF-0p0014_XL-0p0012_TE-0p0021_DT-5p25908081225e-06_H-cf6d926251,1.134414708681149,0.778244129260157,-0.722735663074228,-0.5130254615208049,0.9351319362958456,0.4900344588247276,-0.16291739369130964,-0.07140375528407199,-0.18853759694404307,-0.11352038514360523,0.6962962962962963,False,False,False,0.31851851851851853,False,False,False,0.4271604938271605,False,False,False,False,False
P-139p185905374_VX-0p93275027917_LS-8p26285474625e-05_ST-371p150203889_M-TI64_XI-0p0002_XF-0p0014_XL-0p0012_TE-0p0021_DT-5p17193155633e-06_H-b789300819,old-data-remote-clean,False,139.185905374,0.93275027917,8.26285474625e-05,371.150203889,2.69036545458613,P-243p936893462_VX-0p545516283598_LS-5p6904291389e-05_ST-360p082453969_M-TI64_XI-0p0002_XF-0p0014_XL-0p0012_TE-0p0021_DT-8p84322017154e-06_H-e0ed0fec98,0.0,0.0,2.69036545458613,0.4455700856239255,0.857914781757893,P-122p399838052_VX-0p958262341264_LS-8p77032416896e-05_ST-376p830559352_M-TI64_XI-0p0002_XF-0p0014_XL-0p0012_TE-0p0021_DT-5p03423790676e-06_H-79d0c72bd8,1.662341119839083,0.8585618979432743,-0.7006113775586932,-0.493652586600203,1.325983638319827,0.7075486850785244,1.3859271345384394,0.7811185193859671,0.7030263688693427,0.3933610641084868,0.9679012345679012,False,False,False,0.32839506172839505,False,False,False,0.8444444444444444,False,False,False,False,False
P-140p314676599_VX-0p596196399995_LS-8p19973378232e-05_ST-342p525649343_M-TI64_XI-0p0002_XF-0p0014_XL-0p0012_TE-0p0021_DT-8p09149569346e-06_H-95fb07b078,old-data-remote-clean,False,140.314676599,0.596196399995,8.19973378232e-05,342.525649343,1.815672350612962,P-228p959503311_VX-0p480404321045_LS-6p0796636822e-05_ST-336p115873803_M-TI64_XI-0p0002_XF-0p0014_XL-0p0012_TE-0p0021_DT-1p00417926977e-05_H-ba17ade68b,0.0,0.0,1.815672350612962,0.3287076675527331,0.8467120264280815,P-140p320645521_VX-0p612281673664_LS-8p56006119926e-05_ST-348p910931315_M-TI64_XI-0p0002_XF-0p0014_XL-0p0012_TE-0p0021_DT-7p87892372174e-06_H-dd169576f0,1.181000428399907,0.8656516132204569,-0.6888822693740996,-0.4833821285720426,-0.11490963003280294,-0.09432778816450774,1.342157004853777,0.7570263591715264,-0.20330375498724312,-0.12191539871057269,0.7382716049382716,False,False,False,0.3358024691358025,False,False,False,0.8,False,False,False,False,False
P-141p451666054_VX-0p378275685755_LS-6p85388508408e-05_ST-315p145948826_M-TI64_XI-0p0002_XF-0p0014_XL-0p0012_TE-0p0021_DT-1p27529227616e-05_H-8bf1b39107,old-data-remote-clean,False,141.451666054,0.378275685755,6.85388508408e-05,315.145948826,1.3217726952687954,P-228p959503311_VX-0p480404321045_LS-6p0796636822e-05_ST-336p115873803_M-TI64_XI-0p0002_XF-0p0014_XL-0p0012_TE-0p0021_DT-1p00417926977e-05_H-ba17ade68b,0.0,0.0,1.3217726952687954,0.40424511002978814,0.7657931981994486,P-131p192514944_VX-0p432823544687_LS-6p72236683266e-05_ST-324p578264519_M-TI64_XI-0p0002_XF-0p0014_XL-0p0012_TE-0p0021_DT-1p11456982002e-05_H-dfd65b549a,0.9607230607801549,0.8010204841518995,-0.6770677652238571,-0.4730368945534856,-1.0478969156131313,-0.6135477543991275,0.4089017376619245,0.24333961480632682,-1.0702184635061391,-0.6147829894628767,0.42962962962962964,False,False,False,0.345679012345679,False,False,False,0.47160493827160493,False,False,False,False,False
P-145p199982561_VX-0p253198682602_LS-7p7513591008e-05_ST-398p693210886_M-TI64_XI-0p0002_XF-0p0014_XL-0p0012_TE-0p0021_DT-1p90527081478e-05_H-2d34966482,old-data-remote-clean,False,145.199982561,0.253198682602,7.7513591008e-05,398.693210886,1.6611727062629216,P-238p319282705_VX-0p253960262605_LS-5p92121677448e-05_ST-384p128817665_M-TI64_XI-0p0002_XF-0p0014_XL-0p0012_TE-0p0021_DT-1p89955725889e-05_H-452de4062d,0.0,0.0,1.6611727062629216,0.48407645483637324,0.7743495424147762,P-149p381043177_VX-0p292260061908_LS-7p79529508561e-05_ST-384p444199936_M-TI64_XI-0p0002_XF-0p0014_XL-0p0012_TE-0p0021_DT-1p65062601148e-05_H-6464f5e6a2,1.128964399255277,0.8035474860476296,-0.6381188543666543,-0.43893173089518606,-1.5833910014654795,-0.9115574116284341,1.0312394152679458,0.5858896402320255,1.575111798281278,0.8891683682189353,0.6444444444444445,False,False,False,0.362962962962963,False,False,False,0.5160493827160494,False,False,False,False,False
P-149p381043177_VX-0p292260061908_LS-7p79529508561e-05_ST-384p444199936_M-TI64_XI-0p0002_XF-0p0014_XL-0p0012_TE-0p0021_DT-1p65062601148e-05_H-6464f5e6a2,old-data-remote-clean,False,149.381043177,0.292260061908,7.79529508561e-05,384.444199936,1.6030852924419392,P-238p319282705_VX-0p253960262605_LS-5p92121677448e-05_ST-384p128817665_M-TI64_XI-0p0002_XF-0p0014_XL-0p0012_TE-0p0021_DT-1p89955725889e-05_H-452de4062d,0.0,0.0,1.6030852924419392,0.48407645483637324,0.7680695061283028,P-145p199982561_VX-0p253198682602_LS-7p7513591008e-05_ST-398p693210886_M-TI64_XI-0p0002_XF-0p0014_XL-0p0012_TE-0p0021_DT-1p90527081478e-05_H-2d34966482,1.0839150636207056,0.7970397383948281,-0.5946732816896871,-0.40088911728247456,-1.4161569210485423,-0.8184893978094142,1.061706056352352,0.6026592318117044,1.1239499177219192,0.6326690068336934,0.6074074074074074,False,False,False,0.3802469135802469,False,False,False,0.47901234567901235,False,False,False,False,False
P-150p755371566_VX-0p566215971452_LS-6p88880703989e-05_ST-365p237346809_M-TI64_XI-0p0002_XF-0p0014_XL-0p0012_TE-0p0021_DT-8p51993028498e-06_H-3a501d5f99,old-data-remote-clean,False,150.755371566,0.566215971452,6.88880703989e-05,365.237346809,1.2894026424786278,P-243p936893462_VX-0p545516283598_LS-5p6904291389e-05_ST-360p082453969_M-TI64_XI-0p0002_XF-0p0014_XL-0p0012_TE-0p0021_DT-8p84322017154e-06_H-e0ed0fec98,0.0,0.0,1.2894026424786278,0.4237623315119249,0.752643593614434,P-140p573028588_VX-0p551169304036_LS-6p78791919712e-05_ST-377p8442615_M-TI64_XI-0p0002_XF-0p0014_XL-0p0012_TE-0p00125_DT-1p16896078445e-05_H-bf889bf790,0.9582861525650482,0.7926327233021385,-0.5803925789230668,-0.3883843849474226,-0.24326529711300163,-0.1657594423332449,0.43311775781556017,0.2566687102762439,0.5158094645485873,0.2869225140712844,0.40987654320987654,False,False,False,0.39012345679012345,False,False,False,0.43703703703703706,False,False,False,False,False
P-155p08939981_VX-0p967429278716_LS-6p89242148544e-05_ST-322p599938314_M-TI64_XI-0p0002_XF-0p0014_XL-0p0012_TE-0p0021_DT-4p98653566638e-06_H-765072ed36,old-data-remote-clean,False,155.08939981,0.967429278716,6.89242148544e-05,322.599938314,2.0553646718044494,P-243p042265843_VX-0p642372627708_LS-5p19118052277e-05_ST-314p809567363_M-TI64_XI-0p0002_XF-0p0014_XL-0p0012_TE-0p0021_DT-7p50984770355e-06_H-ac0fcec187,0.0,0.0,2.0553646718044494,0.5921384416955929,0.776340794964061,P-171p875575389_VX-0p916897438596_LS-6p66389080354e-05_ST-338p337187717_M-TI64_XI-0p0002_XF-0p0014_XL-0p0012_TE-0p0021_DT-5p2613524697e-06_H-30d8d23b36,1.2967454177508853,0.7853039565234972,-0.5353575133375144,-0.34894995023912884,1.4744553692697853,0.7901751992037221,0.4356241319361626,0.25804828048327577,-0.8342051762066597,-0.4806021996415095,0.8296296296296296,False,False,False,0.4024691358024691,False,False,False,0.5259259259259259,False,False,False,False,False
P-156p536166657_VX-0p9922713524_LS-8p48527663575e-05_ST-399p457924021_M-TI64_XI-0p0002_XF-0p0014_XL-0p0012_TE-0p0021_DT-4p86169492987e-06_H-17f36d0008,old-data-remote-clean,False,156.536166657,0.9922713524,8.48527663575e-05,399.457924021,3.129465247830653,P-243p936893462_VX-0p545516283598_LS-5p6904291389e-05_ST-360p082453969_M-TI64_XI-0p0002_XF-0p0014_XL-0p0012_TE-0p0021_DT-8p84322017154e-06_H-e0ed0fec98,0.0,0.0,3.129465247830653,0.39146349868975683,0.8888181139488766,P-162p201106716_VX-0p908426857038_LS-8p56302518524e-05_ST-395p218711567_M-TI64_XI-0p0002_XF-0p0014_XL-0p0012_TE-0p0021_DT-5p31041169208e-06_H-b41981edcb,1.84547989821688,0.8926381600149056,-0.5203240995770368,-0.335786115221411,1.580812119133848,0.8493641602182269,1.5401617079983623,0.8660130372037763,1.599324665917193,0.9029341258184417,0.9950617283950617,False,False,False,0.4123456790123457,False,False,False,0.928395061728395,False,False,False,False,False
P-162p201106716_VX-0p908426857038_LS-8p56302518524e-05_ST-395p218711567_M-TI64_XI-0p0002_XF-0p0014_XL-0p0012_TE-0p0021_DT-5p31041169208e-06_H-b41981edcb,old-data-remote-clean,False,162.201106716,0.908426857038,8.56302518524e-05,395.218711567,2.888075605662368,P-243p936893462_VX-0p545516283598_LS-5p6904291389e-05_ST-360p082453969_M-TI64_XI-0p0002_XF-0p0014_XL-0p0012_TE-0p0021_DT-8p84322017154e-06_H-e0ed0fec98,0.0,0.0,2.888075605662368,0.39146349868975683,0.8806345994867804,P-156p536166657_VX-0p9922713524_LS-8p48527663575e-05_ST-399p457924021_M-TI64_XI-0p0002_XF-0p0014_XL-0p0012_TE-0p0021_DT-4p86169492987e-06_H-17f36d0008,1.703799319923545,0.8847394310914588,-0.4614594746294546,-0.2842419866864162,1.221847399274802,0.6495954681843347,1.5940750813388846,0.8956882891981968,1.4650998365905448,0.8266231951129416,0.9876543209876543,False,False,False,0.42962962962962964,False,False,False,0.9135802469135802,False,False,False,False,False
P-165p961555057_VX-0p261983014715_LS-5p47380727674e-05_ST-307p441799119_M-TI64_XI-0p0002_XF-0p0014_XL-0p0012_TE-0p0021_DT-1p84138678161e-05_H-b41981edcb,old-data-remote-clean,False,165.961555057,0.261983014715,5.47380727674e-05,307.441799119,0.7629035305923492,P-140p539865228_VX-0p255658736827_LS-4p5e-05_ST-300_M-TI64_XI--0p0002_XF-0p0012_XL-0p0014_TE-0p00125_DT-7p31358918074e-06_H-fb250c7cf9,0.6,0.3,0.7629035305923492,0.8347638292411287,0.47751086976694906,P-210p464738138_VX-0p237113609615_LS-6p46217439158e-05_ST-306p057190902_M-TI64_XI-0p0002_XF-0p0014_XL-0p0012_TE-0p0021_DT-2p03451864735e-05_H-12faed80a6,0.4580669274191647,0.4523949857541894,-0.4223845013866136,-0.25002643795703966,-1.5457825060898727,-0.890627778394567,-0.5480891072368673,-0.28341177764234116,-1.3141524938832414,-0.753466964567956,0.10864197530864197,False,True,True,0.037037037037037035,True,True,True,0.04691358024691358,True,True,True,True,True
P-171p793878697_VX-0p802872637148_LS-7p56304072004e-05_ST-389p149112673_M-TI64_XI-0p0002_XF-0p0014_XL-0p0012_TE-0p0021_DT-6p00857518342e-06_H-b41981edcb,old-data-remote-clean,False,171.793878697,0.802872637148,7.56304072004e-05,389.149112673,2.075851862307984,P-243p936893462_VX-0p545516283598_LS-5p6904291389e-05_ST-360p082453969_M-TI64_XI-0p0002_XF-0p0014_XL-0p0012_TE-0p0021_DT-8p84322017154e-06_H-e0ed0fec98,0.0,0.0,2.075851862307984,0.3595657844414576,0.8523597031000532,P-194p299416559_VX-0p806548050335_LS-7p3474496565e-05_ST-381p946978961_M-TI64_XI-0p0002_XF-0p0014_XL-0p0012_TE-0p0021_DT-5p98119430208e-06_H-b41981edcb,1.2615472348559575,0.8312507398334958,-0.36178058677041525,-0.1969593205247476,0.7699365038825375,0.398100980024532,0.9006533241396179,0.5140118310524089,1.272920066298624,0.7173631036133571,0.8419753086419753,False,False,False,0.4666666666666667,False,False,False,0.8222222222222222,False,False,False,False,False
P-178p179131994_VX-0p674364285322_LS-6p39772031663e-05_ST-392p701744041_M-TI64_XI-0p0002_XF-0p0014_XL-0p0012_TE-0p0021_DT-7p15358257846e-06_H-b41981edcb,old-data-remote-clean,False,178.179131994,0.674364285322,6.39772031663e-05,392.701744041,1.4272245133858883,P-202p397397496_VX-0p555230188132_LS-4p52196790327e-05_ST-397p348654616_M-TI64_XI-0p0002_XF-0p0014_XL-0p0012_TE-0p0021_DT-8p68850560746e-06_H-0011cc30ec,0.0,0.0,1.4272245133858883,0.33389173552180423,0.8104090313578698,P-189p966894809_VX-0p644468304217_LS-6p74843907822e-05_ST-388p1301819_M-TI64_XI-0p0002_XF-0p0014_XL-0p0012_TE-0p0021_DT-7p48542724514e-06_H-851e5d4577,0.8054178071059885,0.7985777926940989,-0.29543115736629066,-0.1388612094695064,0.2197517324959258,0.0919157588138586,0.09258224908435954,0.06922955727019203,1.3854058980904123,0.7813147477188154,0.5061728395061729,False,False,False,0.49382716049382713,False,False,False,0.6592592592592592,False,False,False,False,False
P-180p4231768_VX-0p853402947533_LS-8p92029044014e-05_ST-332p421625378_M-TI64_XI-0p0002_XF-0p0014_XL-0p0012_TE-0p0021_DT-5p65280518067e-06_H-0b12abf205,old-data-remote-clean,False,180.4231768,0.853402947533,8.92029044014e-05,332.421625378,2.588099184537609,P-228p959503311_VX-0p480404321045_LS-6p0796636822e-05_ST-336p115873803_M-TI64_XI-0p0002_XF-0p0014_XL-0p0012_TE-0p0021_DT-1p00417926977e-05_H-ba17ade68b,0.0,0.0,2.588099184537609,0.5124287983247218,0.8347285361857434,P-204p071587815_VX-0p957219619336_LS-8p8582220221e-05_ST-334p090301355_M-TI64_XI-0p0002_XF-0p0014_XL-0p0012_TE-0p0021_DT-5p03972182096e-06_H-676863bc48,1.471320828610882,0.8167689274776968,-0.2721131955705787,-0.11844310570952243,0.9862726942720015,0.5184949781050907,1.8418144307591326,1.0320501446611337,-0.523224237135953,-0.30380000133582996,0.9604938271604938,False,False,False,0.49876543209876545,False,False,False,0.7506172839506173,False,False,False,False,False
P-181p628478787_VX-0p952936233186_LS-6p91719476824e-05_ST-399p362560559_M-TI64_XI-0p0002_XF-0p0014_XL-0p0012_TE-0p0021_DT-5p06237504149e-06_H-2ecbc85805,old-data-remote-clean,False,181.628478787,0.952936233186,6.91719476824e-05,399.362560559,2.3892524135069064,P-202p397397496_VX-0p555230188132_LS-4p52196790327e-05_ST-397p348654616_M-TI64_XI-0p0002_XF-0p0014_XL-0p0012_TE-0p0021_DT-8p68850560746e-06_H-0011cc30ec,0.0,0.0,2.3892524135069064,0.5559382536098845,0.8112386203660888,P-219p728507107_VX-0p99152217595_LS-6p49667790705e-05_ST-393p045172137_M-TI64_XI-0p0002_XF-0p0014_XL-0p0012_TE-0p0021_DT-4p86536833974e-06_H-765e346b33,1.3306840010300405,0.7982155911278287,-0.25958885309309526,-0.10747630996334114,1.412406071863688,0.7556439310910638,0.4528027320930505,0.26750380620872466,1.596305203092471,0.9012174686281058,0.9209876543209876,False,False,False,0.5061728395061729,False,False,False,0.6666666666666666,False,False,False,False,False
P-188p623199531_VX-0p253450423389_LS-5p98563054886e-05_ST-373p9812389_M-TI64_XI-0p0002_XF-0p0014_XL-0p0012_TE-0p0021_DT-1p90337839587e-05_H-b41981edcb,old-data-remote-clean,False,188.623199531,0.253450423389,5.98563054886e-05,373.9812389,0.609832824844942,P-238p319282705_VX-0p253960262605_LS-5p92121677448e-05_ST-384p128817665_M-TI64_XI-0p0002_XF-0p0014_XL-0p0012_TE-0p0021_DT-1p89955725889e-05_H-452de4062d,0.2,0.1,0.609832824844942,0.3934678521990212,0.6078265855871838,P-173p720948038_VX-0p230617607979_LS-6p23730108092e-05_ST-383p499521736_M-TI64_XI-0p0002_XF-0p0014_XL-0p0012_TE-0p0021_DT-2p09182665855e-05_H-eb41f0639c,0.48829859327783703,0.6660700966987063,-0.18690642240179567,-0.04383277952168381,-1.58231321978533,-0.9109576116352033,-0.1931742009758525,-0.0880578491587835,0.7926645257894299,0.44432310455668783,0.04938271604938271,True,True,True,0.08641975308641975,True,True,True,0.1382716049382716,False,True,True,True,True
P-189p966894809_VX-0p644468304217_LS-6p74843907822e-05_ST-388p1301819_M-TI64_XI-0p0002_XF-0p0014_XL-0p0012_TE-0p0021_DT-7p48542724514e-06_H-851e5d4577,old-data-remote-clean,False,189.966894809,0.644468304217,6.74843907822e-05,388.1301819,1.3494046982371841,P-243p936893462_VX-0p545516283598_LS-5p6904291389e-05_ST-360p082453969_M-TI64_XI-0p0002_XF-0p0014_XL-0p0012_TE-0p0021_DT-8p84322017154e-06_H-e0ed0fec98,0.0,0.0,1.3494046982371841,0.33389173552180423,0.8016441258797259,P-178p179131994_VX-0p674364285322_LS-6p39772031663e-05_ST-392p701744041_M-TI64_XI-0p0002_XF-0p0014_XL-0p0012_TE-0p0021_DT-7p15358257846e-06_H-b41981edcb,0.8454093556958819,0.8062599573990811,-0.17294402955041063,-0.031606771585189826,0.0917576115231202,0.02068530991401866,0.3357820470890699,0.20309273153677973,1.240657986823805,0.6990211223005935,0.45185185185185184,False,False,False,0.528395061728395,False,False,False,0.6197530864197531,False,False,False,False,False
P-191p425479448_VX-0p407642571095_LS-6p68635438353e-05_ST-376p486404344_M-TI64_XI-0p0002_XF-0p0014_XL-0p0012_TE-0p0021_DT-1p18341923663e-05_H-9a0fcdd2aa,old-data-remote-clean,False,191.425479448,0.407642571095,6.68635438353e-05,376.486404344,1.0051924109660455,P-238p319282705_VX-0p253960262605_LS-5p92121677448e-05_ST-384p128817665_M-TI64_XI-0p0002_XF-0p0014_XL-0p0012_TE-0p0021_DT-1p89955725889e-05_H-452de4062d,0.0,0.0,1.0051924109660455,0.3618447142805548,0.7353073244332838,P-185p872045369_VX-0p416268682161_LS-7p15564692144e-05_ST-371p982346013_M-TI64_XI-0p0002_XF-0p0014_XL-0p0012_TE-0p0021_DT-1p15889587897e-05_H-bc28d74e69,0.6483389844303928,0.7606201354247043,-0.15778781662762176,-0.018335408900187866,-0.9221680204281584,-0.5435779341008239,0.2927305002047795,0.1793960970399603,0.8719847787384505,0.48941910025808616,0.24444444444444444,False,False,True,0.5308641975308642,False,False,False,0.38271604938271603,False,False,False,False,False
P-194p299416559_VX-0p806548050335_LS-7p3474496565e-05_ST-381p946978961_M-TI64_XI-0p0002_XF-0p0014_XL-0p0012_TE-0p0021_DT-5p98119430208e-06_H-b41981edcb,old-data-remote-clean,False,194.299416559,0.806548050335,7.3474496565e-05,381.946978961,1.8205801512665984,P-243p936893462_VX-0p545516283598_LS-5p6904291389e-05_ST-360p082453969_M-TI64_XI-0p0002_XF-0p0014_XL-0p0012_TE-0p0021_DT-8p84322017154e-06_H-e0ed0fec98,0.0,0.0,1.8205801512665984,0.3595657844414576,0.8350726075019929,P-171p793878697_VX-0p802872637148_LS-7p56304072004e-05_ST-389p149112673_M-TI64_XI-0p0002_XF-0p0014_XL-0p0012_TE-0p0021_DT-6p00857518342e-06_H-b41981edcb,1.0703721368530301,0.8069301367968711,-0.12792461800591973,0.007813955842962668,0.7856721065519963,0.40685805443807643,0.7511554676039499,0.43172451919564553,1.0448812079562577,0.5877160211441614,0.7407407407407407,False,False,False,0.5456790123456791,False,False,False,0.7555555555555555,False,False,False,False,False
P-196p499083559_VX-0p373706074139_LS-6p49065899682e-05_ST-353p001345311_M-TI64_XI-0p0002_XF-0p0014_XL-0p0012_TE-0p0021_DT-1p290886324e-05_H-b789300819,old-data-remote-clean,False,196.499083559,0.373706074139,6.49065899682e-05,353.001345311,0.8303654070681332,P-228p959503311_VX-0p480404321045_LS-6p0796636822e-05_ST-336p115873803_M-TI64_XI-0p0002_XF-0p0014_XL-0p0012_TE-0p0021_DT-1p00417926977e-05_H-ba17ade68b,0.0,0.0,0.8303654070681332,0.5041216180271396,0.622235654189932,P-193p440626378_VX-0p303697281962_LS-7p07136561297e-05_ST-354p067159473_M-TI64_XI-0p0002_XF-0p0014_XL-0p0012_TE-0p0021_DT-1p58846354233e-05_H-5731c00627,0.518516192818451,0.6497966422823735,-0.10506778781601114,0.027828275041637634,-1.0674608636877179,-0.6244353544936821,0.15702895318014906,0.10470261461670674,0.1283848590278228,0.06665974768286646,0.15308641975308643,False,True,True,0.5506172839506173,False,False,False,0.16296296296296298,False,True,True,True,True
P-199p092557979_VX-0p316505824784_LS-5p93128195415e-05_ST-330p512210532_M-TI64_XI-0p0002_XF-0p0014_XL-0p0012_TE-0p0021_DT-1p52418067071e-05_H-8bf1b39107,old-data-remote-clean,False,199.092557979,0.316505824784,5.93128195415e-05,330.512210532,0.7942090572816913,P-228p959503311_VX-0p480404321045_LS-6p0796636822e-05_ST-336p115873803_M-TI64_XI-0p0002_XF-0p0014_XL-0p0012_TE-0p0021_DT-1p00417926977e-05_H-ba17ade68b,0.0,0.1,0.7942090572816913,0.6152075631512534,0.5635019807257035,P-225p511353261_VX-0p242923031869_LS-6p38341457094e-05_ST-340p774386379_M-TI64_XI-0p0002_XF-0p0014_XL-0p0012_TE-0p0021_DT-1p9858638211e-05_H-5cefbb31d2,0.4896198767743102,0.5563629026192336,-0.0781188885417978,0.051425767241810603,-1.3123531657635323,-0.7607212125971312,-0.230861284482276,-0.10880175054525627,-0.5836814292675461,-0.3381717686351247,0.1382716049382716,False,True,True,0.562962962962963,False,False,False,0.09135802469135802,True,True,True,True,True
P-202p623346674_VX-0p47308497906_LS-5p69403778977e-05_ST-355p073751689_M-TI64_XI-0p0002_XF-0p0014_XL-0p0012_TE-0p0021_DT-1p01971544575e-05_H-b41981edcb,old-data-remote-clean,False,202.623346674,0.47308497906,5.69403778977e-05,355.073751689,0.5528200959444011,P-243p936893462_VX-0p545516283598_LS-5p6904291389e-05_ST-360p082453969_M-TI64_XI-0p0002_XF-0p0014_XL-0p0012_TE-0p0021_DT-8p84322017154e-06_H-e0ed0fec98,0.2,0.4,0.5528200959444011,0.3224003956005533,0.6316352293906573,P-199p601335125_VX-0p449852506485_LS-5p7030843283e-05_ST-364p706449651_M-TI64_XI-0p0002_XF-0p0014_XL-0p0012_TE-0p0021_DT-1p07237828699e-05_H-1d842653b1,0.42334023050406505,0.6969035641368849,-0.04143031811815456,0.08355168992229048,-0.6419884386842095,-0.38765423050797576,-0.39537410550569985,-0.1993536696275246,0.1940027999545707,0.10396555889692123,0.04197530864197531,True,True,True,0.09382716049382717,True,True,True,0.17037037037037037,False,True,True,True,True
P-205p507001181_VX-0p303336340291_LS-4p80706805647e-05_ST-333p622908766_M-TI64_XI-0p0002_XF-0p0014_XL-0p0012_TE-0p0021_DT-1p59035366431e-05_H-89a38ff0e6,old-data-remote-clean,False,205.507001181,0.303336340291,4.80706805647e-05,333.622908766,0.6187742015491088,P-212p944274192_VX-0p351323873231_LS-4p80439392259e-05_ST-351p894554175_M-TI64_XI-0p0002_XF-0p0014_XL-0p0012_TE-0p0021_DT-1p37312632889e-05_H-7c2e16b959,0.4,0.4,0.6187742015491088,0.7905987514705772,0.4390421997409125,P-199p092557979_VX-0p316505824784_LS-5p93128195415e-05_ST-330p512210532_M-TI64_XI-0p0002_XF-0p0014_XL-0p0012_TE-0p0021_DT-1p52418067071e-05_H-8bf1b39107,0.3547333899191512,0.44760835953965666,-0.011466145635290945,0.10978947126000901,-1.368735881066514,-0.792098951595601,-1.0104277712888383,-0.5378943950784446,-0.48518838508161694,-0.2821754532920438,0.05432098765432099,True,True,True,0.056790123456790124,True,True,True,0.037037037037037035,True,True,True,True,True
P-207p940614893_VX-0p318461267696_LS-7p4904937331e-05_ST-370p987623474_M-TI64_XI-0p0002_XF-0p0014_XL-0p0012_TE-0p0021_DT-1p51482176715e-05_H-0b12abf205,old-data-remote-clean,False,207.940614893,0.318461267696,7.4904937331e-05,370.987623474,1.238217630090691,P-238p319282705_VX-0p253960262605_LS-5p92121677448e-05_ST-384p128817665_M-TI64_XI-0p0002_XF-0p0014_XL-0p0012_TE-0p0021_DT-1p89955725889e-05_H-452de4062d,0.0,0.0,1.238217630090691,0.4414037866193348,0.7372004296754333,P-227p786589532_VX-0p30483440954_LS-7p3391662288e-05_ST-359p259536614_M-TI64_XI-0p0002_XF-0p0014_XL-0p0012_TE-0p0021_DT-1p58253807708e-05_H-180177fd7b,0.7174529502538934,0.7152673431625721,0.01382163445279385,0.13193242364245616,-1.3039812981283845,-0.7560621557181959,0.8503468834756756,0.4863219238708304,0.697878637140388,0.39043442079495516,0.3728395061728395,False,False,False,0.5851851851851851,False,False,False,0.39012345679012345,False,False,False,False,False
P-210p464738138_VX-0p237113609615_LS-6p46217439158e-05_ST-306p057190902_M-TI64_XI-0p0002_XF-0p0014_XL-0p0012_TE-0p0021_DT-2p03451864735e-05_H-12faed80a6,old-data-remote-clean,False,210.464738138,0.237113609615,6.46217439158e-05,306.057190902,1.4484590855407233,P-228p959503311_VX-0p480404321045_LS-6p0796636822e-05_ST-336p115873803_M-TI64_XI-0p0002_XF-0p0014_XL-0p0012_TE-0p0021_DT-1p00417926977e-05_H-ba17ade68b,0.0,0.0,1.4484590855407233,0.8347638292411287,0.6343923215570543,P-165p961555057_VX-0p261983014715_LS-5p47380727674e-05_ST-307p441799119_M-TI64_XI-0p0002_XF-0p0014_XL-0p0012_TE-0p0021_DT-1p84138678161e-05_H-b41981edcb,0.823667490116444,0.6249387414753842,0.04004990281767175,0.15489890371522402,-1.652256270363116,-0.9498818595007629,0.13727680131577205,0.0938305424815564,-1.3579929014183103,-0.7783915803658867,0.5234567901234568,False,False,False,0.6049382716049383,False,False,False,0.18024691358024691,False,True,True,False,False
P-213p87237204_VX-0p329966780459_LS-7p13970627017e-05_ST-390p008507958_M-TI64_XI-0p0002_XF-0p0014_XL-0p0012_TE-0p0021_DT-1p46200190101e-05_H-765072ed36,old-data-remote-clean,False,213.87237204,0.329966780459,7.13970627017e-05,390.008507958,0.9586464574182902,P-238p319282705_VX-0p253960262605_LS-5p92121677448e-05_ST-384p128817665_M-TI64_XI-0p0002_XF-0p0014_XL-0p0012_TE-0p0021_DT-1p89955725889e-05_H-452de4062d,0.0,0.0,0.9586464574182902,0.38034315535442675,0.7159476431136534,P-207p687789994_VX-0p40901295179_LS-7p09627718894e-05_ST-395p011679_M-TI64_XI-0p0002_XF-0p0014_XL-0p0012_TE-0p0021_DT-1p17945424024e-05_H-d9444347fb,0.5565711861661606,0.7196239080539427,0.07545876672634025,0.18590426617547545,-1.2547225704328653,-0.7286490115884566,0.6070994457269866,0.3524325275127667,1.300130824595111,0.7328332539664937,0.22469135802469137,False,False,True,0.6197530864197531,False,False,False,0.32098765432098764,False,False,False,False,False
P-218p352277735_VX-0p662592791038_LS-5p96508880483e-05_ST-307p55260089_M-TI64_XI-0p0002_XF-0p0014_XL-0p0012_TE-0p0021_DT-7p28067173121e-06_H-b41981edcb,old-data-remote-clean,False,218.352277735,0.662592791038,5.96508880483e-05,307.55260089,0.6435119784396215,P-243p042265843_VX-0p642372627708_LS-5p19118052277e-05_ST-314p809567363_M-TI64_XI-0p0002_XF-0p0014_XL-0p0012_TE-0p0021_DT-7p50984770355e-06_H-ac0fcec187,0.2,0.1,0.6435119784396215,0.4564977207100028,0.5850057312559118,P-242p307622127_VX-0p748861384084_LS-6p09484851001e-05_ST-306p16946129_M-TI64_XI-0p0002_XF-0p0014_XL-0p0012_TE-0p0021_DT-6p44194066558e-06_H-1d842653b1,0.3963673664171554,0.5719369972899299,0.12200965089990812,0.22666600991200098,0.1693542540480617,0.06386888458262664,-0.20741851449963397,-0.09589827106367727,-1.3106442128138334,-0.7514723992187129,0.07160493827160494,True,True,True,0.10123456790123457,True,True,True,0.11358024691358025,False,True,True,True,True
P-218p623352015_VX-0p878480487228_LS-8p13012329394e-05_ST-381p006435488_M-TI64_XI-0p0002_XF-0p0014_XL-0p0012_TE-0p0021_DT-5p49143740032e-06_H-90ad187ad0,old-data-remote-clean,False,218.623352015,0.878480487228,8.13012329394e-05,381.006435488,2.3242825422455113,P-243p936893462_VX-0p545516283598_LS-5p6904291389e-05_ST-360p082453969_M-TI64_XI-0p0002_XF-0p0014_XL-0p0012_TE-0p0021_DT-8p84322017154e-06_H-e0ed0fec98,0.0,0.0,2.3242825422455113,0.32906849289176526,0.8759800386251041,P-218p170294814_VX-0p856055229722_LS-8p4878396046e-05_ST-374p889107005_M-TI64_XI-0p0002_XF-0p0014_XL-0p0012_TE-0p0021_DT-5p63529131711e-06_H-73846c96ef,1.3005356768702716,0.8764032018791929,0.12482639488288898,0.22913245922749775,1.093637548368907,0.5782449626767513,1.2938868278142717,0.730457261771235,1.0151010805133416,0.5707851056563356,0.8987654320987655,False,False,False,0.6345679012345679,False,False,False,0.9012345679012346,False,False,False,False,False
P-222p052357041_VX-0p997941039436_LS-5p29599486117e-05_ST-383p923575745_M-TI64_XI-0p0002_XF-0p0014_XL-0p0012_TE-0p0021_DT-4p83407377027e-06_H-02b1b704be,old-data-remote-clean,False,222.052357041,0.997941039436,5.29599486117e-05,383.923575745,1.8089456934225923,P-353p971838789_VX-0p831374608218_LS-4p0859447809e-05_ST-397p346534493_M-TI64_XI-0p0002_XF-0p0014_XL-0p0012_TE-0p0021_DT-5p80258352291e-06_H-eac21b41c2,0.0,0.0,1.8089456934225923,0.5885268381161738,0.7545219682919827,P-258p098094226_VX-0p965907163653_LS-4p72561688305e-05_ST-378p378118453_M-TI64_XI-0p0002_XF-0p0014_XL-0p0012_TE-0p0021_DT-4p99439364832e-06_H-985b11a49e,1.1069604603404617,0.7517244051825073,0.16045732701926457,0.26033227316489127,1.605085836922704,0.8628728104704958,-0.671390020348288,-0.3512796449451907,1.107465560323326,0.6232971442544725,0.7308641975308642,False,False,False,0.6518518518518519,False,False,False,0.4469135802469136,False,False,False,False,False
P-223p161294482_VX-0p578452940205_LS-4p86833733719e-05_ST-359p100984903_M-TI64_XI-0p0002_XF-0p0014_XL-0p0012_TE-0p0021_DT-8p33969415266e-06_H-1e85da8953,old-data-remote-clean,True,223.161294482,0.578452940205,4.86833733719e-05,359.100984903,0.7701562401109819,P-202p623346674_VX-0p47308497906_LS-5p69403778977e-05_ST-355p073751689_M-TI64_XI-0p0002_XF-0p0014_XL-0p0012_TE-0p0021_DT-1p01971544575e-05_H-b41981edcb,0.8,0.7,0.7701562401109819,0.6264413030505708,0.551451807918506,P-243p936893462_VX-0p545516283598_LS-5p6904291389e-05_ST-360p082453969_M-TI64_XI-0p0002_XF-0p0014_XL-0p0012_TE-0p0021_DT-8p84322017154e-06_H-e0ed0fec98,0.45002830786893283,0.5454388035198983,0.17198034153926628,0.27042226765748295,-0.1908749757045505,-0.13660352420538227,-0.967941658976383,-0.5145089897324999,0.3215157983412655,0.17646060793331994,0.12098765432098765,False,True,True,0.01728395061728395,True,True,True,0.07901234567901234,True,True,True,True,True
P-225p511353261_VX-0p242923031869_LS-6p38341457094e-05_ST-340p774386379_M-TI64_XI-0p0002_XF-0p0014_XL-0p0012_TE-0p0021_DT-1p9858638211e-05_H-5cefbb31d2,old-data-remote-clean,False,225.511353261,0.242923031869,6.38341457094e-05,340.774386379,1.049357018325106,P-228p959503311_VX-0p480404321045_LS-6p0796636822e-05_ST-336p115873803_M-TI64_XI-0p0002_XF-0p0014_XL-0p0012_TE-0p0021_DT-1p00417926977e-05_H-ba17ade68b,0.0,0.0,1.049357018325106,0.36713284932044676,0.7408150543775622,P-233p106311211_VX-0p310101846937_LS-6p6327379673e-05_ST-336p786172861_M-TI64_XI-0p0002_XF-0p0014_XL-0p0012_TE-0p0021_DT-1p55565684328e-05_H-add9572a86,0.5844792605561293,0.7345672881605257,0.19639989888494966,0.2918049708296243,-1.62738430204908,-0.9360402747891665,0.08266217966365959,0.06376930610018866,-0.25875343461516065,-0.15344024162492398,0.2641975308641975,False,False,True,0.6641975308641975,False,False,False,0.4,False,False,False,False,False
P-226p648480029_VX-0p577602942666_LS-6p93800013331e-05_ST-342p653362063_M-TI64_XI-0p0002_XF-0p0014_XL-0p0012_TE-0p0021_DT-8p35196680396e-06_H-b4093437b1,old-data-remote-clean,False,226.648480029,0.577602942666,6.93800013331e-05,342.653362063,0.7555496645824674,P-228p959503311_VX-0p480404321045_LS-6p0796636822e-05_ST-336p115873803_M-TI64_XI-0p0002_XF-0p0014_XL-0p0012_TE-0p0021_DT-1p00417926977e-05_H-ba17ade68b,0.0,0.1,0.7555496645824674,0.3421497650841544,0.6883028670352253,P-235p890696826_VX-0p62852965691_LS-7p09715556056e-05_ST-349p581827429_M-TI64_XI-0p0002_XF-0p0014_XL-0p0012_TE-0p0021_DT-7p6752473809e-06_H-765072ed36,0.41863249922808615,0.6738919452731124,0.20821582986021797,0.3021514542310253,-0.19451408316355157,-0.138628736425516,0.4672298490214387,0.2754448476215628,-0.1992600279433994,-0.11961641590848801,0.1037037037037037,False,True,True,0.6691358024691358,False,False,False,0.25679012345679014,False,False,True,False,True
P-227p690023792_VX-0p392329282459_LS-7p92871102354e-05_ST-391p94840599_M-TI64_XI-0p0002_XF-0p0014_XL-0p0012_TE-0p0021_DT-1p22961013075e-05_H-12074f4927,old-data-remote-clean,False,227.690023792,0.392329282459,7.92871102354e-05,391.94840599,1.53696938417236,P-238p319282705_VX-0p253960262605_LS-5p92121677448e-05_ST-384p128817665_M-TI64_XI-0p0002_XF-0p0014_XL-0p0012_TE-0p0021_DT-1p89955725889e-05_H-452de4062d,0.0,0.0,1.53696938417236,0.2893714473529524,0.8415567114538655,P-212p474685749_VX-0p445530901525_LS-8p01654967217e-05_ST-390p176194232_M-TI64_XI-0p0002_XF-0p0014_XL-0p0012_TE-0p0021_DT-1p08278024858e-05_H-4e23685f04,0.85144404230448,0.8149571995369619,0.21903855390265223,0.3116282474602145,-0.9877290371843493,-0.580063521238577,1.1542210076714274,0.6535817455320918,1.3615531961043796,0.7677537553336778,0.5530864197530864,False,False,False,0.671604938271605,False,False,False,0.7777777777777778,False,False,False,False,False
P-228p907235932_VX-0p414638318501_LS-7p95917332413e-05_ST-340p25610662_M-TI64_XI-0p0002_XF-0p0014_XL-0p0012_TE-0p0021_DT-1p16345267376e-05_H-02b1b704be,old-data-remote-clean,False,228.907235932,0.414638318501,7.95917332413e-05,340.25610662,1.3398093365070063,P-228p959503311_VX-0p480404321045_LS-6p0796636822e-05_ST-336p115873803_M-TI64_XI-0p0002_XF-0p0014_XL-0p0012_TE-0p0021_DT-1p00417926977e-05_H-ba17ade68b,0.0,0.0,1.3398093365070063,0.521947469841135,0.719647878787702,P-213p315910834_VX-0p426447159191_LS-8p60684535809e-05_ST-346p722503996_M-TI64_XI-0p0002_XF-0p0014_XL-0p0012_TE-0p0021_DT-1p13123525366e-05_H-6aeda8a35c,0.7380623204652373,0.7047846455952765,0.23168665526939314,0.32270341124748864,-0.892217020103603,-0.5269097997997914,1.1753445578250037,0.6652086691501881,-0.2751635610124802,-0.1627699016040537,0.4444444444444444,False,False,False,0.6790123456790124,False,False,False,0.33827160493827163,False,False,False,False,False
P-234p345987256_VX-0p872091919433_LS-7p00578367301e-05_ST-333p182550298_M-TI64_XI-0p0002_XF-0p0014_XL-0p0012_TE-0p0021_DT-5p53166529298e-06_H-b41981edcb,old-data-remote-clean,False,234.345987256,0.872091919433,7.00578367301e-05,333.182550298,1.7021131783295909,P-243p042265843_VX-0p642372627708_LS-5p19118052277e-05_ST-314p809567363_M-TI64_XI-0p0002_XF-0p0014_XL-0p0012_TE-0p0021_DT-7p50984770355e-06_H-ac0fcec187,0.0,0.0,1.7021131783295909,0.24946913285879743,0.8721708372592869,P-232p272231119_VX-0p829414389208_LS-6p88203473429e-05_ST-337p761722106_M-TI64_XI-0p0002_XF-0p0014_XL-0p0012_TE-0p0021_DT-5p81629721619e-06_H-24e0a43587,0.9460001587453978,0.8707395309125671,0.28820094377661193,0.37218949484139263,1.0662860753958578,0.5630235002913339,0.5142331604164406,0.30131663088782173,-0.4991313145410906,-0.2901024361695876,0.6765432098765433,False,False,False,0.7012345679012346,False,False,False,0.8962962962962963,False,False,False,False,False
P-235p890696826_VX-0p62852965691_LS-7p09715556056e-05_ST-349p581827429_M-TI64_XI-0p0002_XF-0p0014_XL-0p0012_TE-0p0021_DT-7p6752473809e-06_H-765072ed36,old-data-remote-clean,False,235.890696826,0.62852965691,7.09715556056e-05,349.581827429,1.042577540260156,P-228p959503311_VX-0p480404321045_LS-6p0796636822e-05_ST-336p115873803_M-TI64_XI-0p0002_XF-0p0014_XL-0p0012_TE-0p0021_DT-1p00417926977e-05_H-ba17ade68b,0.0,0.0,1.042577540260156,0.3421497650841544,0.7529118088712207,P-226p648480029_VX-0p577602942666_LS-6p93800013331e-05_ST-342p653362063_M-TI64_XI-0p0002_XF-0p0014_XL-0p0012_TE-0p0021_DT-8p35196680396e-06_H-b4093437b1,0.5814766558087201,0.7416224460574873,0.3042520843966316,0.3862444906217667,0.02351923712791269,-0.01729026274059333,0.5775933995286183,0.3361916710787755,0.020113757007966693,0.005104306673227346,0.25679012345679014,False,False,True,0.7037037037037037,False,False,False,0.43950617283950616,False,False,False,False,False
P-236p206080041_VX-0p584146530445_LS-8p43378292301e-05_ST-319p849522294_M-TI64_XI-0p0002_XF-0p0014_XL-0p0012_TE-0p0021_DT-8p25840838144e-06_H-b41981edcb,old-data-remote-clean,False,236.206080041,0.584146530445,8.43378292301e-05,319.849522294,1.6645677985051115,P-375p190327887_VX-0p471971299611_LS-7p58652830639e-05_ST-330p289975384_M-TI64_XI-0p0002_XF-0p0014_XL-0p0012_TE-0p0021_DT-1p02212160082e-05_H-1553ff852f,0.0,0.0,1.6645677985051115,0.4901358012845641,0.7725275061811716,P-223p185978023_VX-0p49812515056_LS-8p14092862216e-05_ST-313p14559396_M-TI64_XI-0p0002_XF-0p0014_XL-0p0012_TE-0p0021_DT-9p68455537246e-06_H-b40dbd8ddd,0.9790468299258603,0.7725360922498462,0.30752924434402473,0.389114097855459,-0.1664989207629632,-0.1230379219519371,1.504454292517919,0.8463587939836588,-0.9212907197758283,-0.530113001138489,0.6469135802469136,False,False,False,0.7061728395061728,False,False,False,0.508641975308642,False,False,False,False,False
P-240p318887809_VX-0p361018894241_LS-4p85509578057e-05_ST-398p513006139_M-TI64_XI-0p0002_XF-0p0014_XL-0p0012_TE-0p0021_DT-1p33625155912e-05_H-3a501d5f99,old-data-remote-clean,True,240.318887809,0.361018894241,4.85509578057e-05,398.513006139,0.8675433568274499,P-172p471893954_VX-0p300060565388_LS-5p45268436948e-05_ST-394p546009672_M-TI64_XI-0p0002_XF-0p0014_XL-0p0012_TE-0p0021_DT-1p60771562794e-05_H-0e4c2fc094,0.2,0.5,0.8675433568274499,0.6105178074259162,0.5869468583633914,P-208p096600196_VX-0p256636148953_LS-4p52492384214e-05_ST-395p602757306_M-TI64_XI-0p0002_XF-0p0014_XL-0p0012_TE-0p0021_DT-1p87975101041e-05_H-1980b1708d,0.6777241202633657,0.6242337011299058,0.3502655988726476,0.4265356927930297,-1.1217786809543593,-0.6546639499772544,-0.9771237850783696,-0.5195630586775087,1.5694060329599158,0.8859244656992256,0.18024691358024691,False,True,True,0.10864197530864197,False,True,True,0.11604938271604938,False,True,True,True,True
P-243p325077963_VX-0p998321353283_LS-5p70160449472e-05_ST-337p156153016_M-TI64_XI-0p0002_XF-0p0014_XL-0p0012_TE-0p0021_DT-4p83223221376e-06_H-d7a336064e,old-data-remote-clean,False,243.325077963,0.998321353283,5.70160449472e-05,337.156153016,1.7170541977419052,P-243p042265843_VX-0p642372627708_LS-5p19118052277e-05_ST-314p809567363_M-TI64_XI-0p0002_XF-0p0014_XL-0p0012_TE-0p0021_DT-7p50984770355e-06_H-ac0fcec187,0.0,0.0,1.7170541977419052,0.47873279789608586,0.7819766676607951,P-226p380431899_VX-0p944850720806_LS-5p28066961668e-05_ST-329p382817534_M-TI64_XI-0p0002_XF-0p0014_XL-0p0012_TE-0p0021_DT-5p10569606054e-06_H-5637cba0f4,0.9586605991933871,0.7663872004198901,0.38150304429895693,0.4538884008684203,1.6067140804103346,0.8637789498592481,-0.3901271061519767,-0.19646559161666005,-0.37331640141207356,-0.21857280066420798,0.6888888888888889,False,False,False,0.7283950617283951,False,False,False,0.5456790123456791,False,False,False,False,False
P-246p298220115_VX-0p718479932945_LS-4p8795144948e-05_ST-311p768373355_M-TI64_XI-0p0002_XF-0p0014_XL-0p0012_TE-0p0021_DT-6p71434285331e-06_H-0b12abf205,old-data-remote-clean,False,246.298220115,0.718479932945,4.8795144948e-05,311.768373355,0.4040986836694981,P-243p042265843_VX-0p642372627708_LS-5p19118052277e-05_ST-314p809567363_M-TI64_XI-0p0002_XF-0p0014_XL-0p0012_TE-0p0021_DT-7p50984770355e-06_H-ac0fcec187,0.2,0.3,0.4040986836694981,0.7181670304940355,0.3600739812056789,P-203p317554156_VX-0p724937635215_LS-5p40301996917e-05_ST-325p306920736_M-TI64_XI-0p0002_XF-0p0014_XL-0p0012_TE-0p0021_DT-6p65453187788e-06_H-dfd65b549a,0.2256270701958794,0.33329196101736974,0.4123970865784123,0.4809404119469894,0.4086247291311678,0.19702612039245535,-0.96019105430187,-0.5102428655303916,-1.1771615563688425,-0.6755834165509027,0.022222222222222223,True,True,True,0.11358024691358025,False,True,True,0.009876543209876543,True,True,True,True,True
P-246p882256304_VX-0p912145169038_LS-8p52944569156e-05_ST-321p903093968_M-TI64_XI-0p0002_XF-0p0014_XL-0p0012_TE-0p0021_DT-5p288764077e-06_H-0b12abf205,old-data-remote-clean,False,246.882256304,0.912145169038,8.52944569156e-05,321.903093968,2.4139244988313404,P-375p190327887_VX-0p471971299611_LS-7p58652830639e-05_ST-330p289975384_M-TI64_XI-0p0002_XF-0p0014_XL-0p0012_TE-0p0021_DT-1p02212160082e-05_H-1553ff852f,0.0,0.0,2.4139244988313404,0.4511472050819493,0.842535457501554,P-220p462707704_VX-0p946752122114_LS-8p2300511791e-05_ST-313p968629329_M-TI64_XI-0p0002_XF-0p0014_XL-0p0012_TE-0p0021_DT-5p0954420807e-06_H-b41989dc4b,1.4228528748578941,0.8196292942523907,0.4184658306186396,0.48625443752914527,1.237766665288221,0.6584547537177127,1.5707899680958604,0.882871587879194,-0.8562691360633616,-0.49314623728462126,0.9259259259259259,False,False,False,0.7382716049382716,False,False,False,0.782716049382716,False,False,False,False,False
P-76p6986127633_VX-0p686212461643_LS-6p4052091323e-05_ST-393p159111444_M-TI64_XI-0p0002_XF-0p0014_XL-0p0012_TE-0p0021_DT-7p0300684885e-06_H-b41981edcb,old-data-remote-clean,False,76.6986127633,0.686212461643,6.4052091323e-05,393.159111444,1.9347993246123683,P-202p397397496_VX-0p555230188132_LS-4p52196790327e-05_ST-397p348654616_M-TI64_XI-0p0002_XF-0p0014_XL-0p0012_TE-0p0021_DT-8p68850560746e-06_H-0011cc30ec,0.0,0.0,1.9347993246123683,0.6642910211836829,0.7444140322947399,P-78p6311637963_VX-0p75889512334_LS-7p24228839444e-05_ST-395p823418581_M-TI64_XI-0p0002_XF-0p0014_XL-0p0012_TE-0p0021_DT-6p3567684844e-06_H-9aaaba6a78,1.3884601657242042,0.7909447394351381,-1.3499194029233945,-1.0622116549371603,0.27047751092115946,0.12014533639571408,0.09777523747762841,0.07208790631470503,1.3998873760237314,0.7895479119152353,0.7901234567901234,False,False,False,0.9160493827160494,False,False,False,0.4074074074074074,False,False,False,False,False
P-78p6311637963_VX-0p75889512334_LS-7p24228839444e-05_ST-395p823418581_M-TI64_XI-0p0002_XF-0p0014_XL-0p0012_TE-0p0021_DT-6p3567684844e-06_H-9aaaba6a78,old-data-remote-clean,False,78.6311637963,0.75889512334,7.24228839444e-05,395.823418581,2.4443680665390533,P-202p397397496_VX-0p555230188132_LS-4p52196790327e-05_ST-397p348654616_M-TI64_XI-0p0002_XF-0p0014_XL-0p0012_TE-0p0021_DT-8p68850560746e-06_H-0011cc30ec,0.0,0.0,2.4443680665390533,0.6642910211836829,0.7863094657734526,P-76p6986127633_VX-0p686212461643_LS-6p4052091323e-05_ST-393p159111444_M-TI64_XI-0p0002_XF-0p0014_XL-0p0012_TE-0p0021_DT-7p0300684885e-06_H-b41981edcb,1.6069982108339878,0.8140890733643916,-1.3298381857234212,-1.0446277691752743,0.581654901661329,0.2933197373872452,0.6782332276445986,0.3915863176195098,1.4842464815458332,0.8375086497918975,0.9358024691358025,False,False,False,0.9308641975308642,False,False,False,0.562962962962963,False,False,False,False,False
P-80p5741190929_VX-0p403249617425_LS-8p97039861056e-05_ST-397p637850573_M-TI64_XI-0p0002_XF-0p0014_XL-0p0012_TE-0p0021_DT-1p19631126592e-05_H-6464f5e6a2,old-data-remote-clean,False,80.5741190929,0.403249617425,8.97039861056e-05,397.637850573,2.7836913187254853,P-238p319282705_VX-0p253960262605_LS-5p92121677448e-05_ST-384p128817665_M-TI64_XI-0p0002_XF-0p0014_XL-0p0012_TE-0p0021_DT-1p89955725889e-05_H-452de4062d,0.0,0.0,2.7836913187254853,0.48804767460113846,0.8508292759304422,P-107p176159755_VX-0p320752066655_LS-8p75302281584e-05_ST-393p859643937_M-TI64_XI-0p0002_XF-0p0014_XL-0p0012_TE-0p0021_DT-1p50400296819e-05_H-8daf8adcd4,1.8974171583534438,0.851943984276172,-1.3096488573928284,-1.0269492171513048,-0.940975640137681,-0.5540446272931729,1.87656106612384,1.0511755507805634,1.5416962619221881,0.8701706113033348,0.980246913580247,False,False,False,0.9358024691358025,False,False,False,0.817283950617284,False,False,False,False,False
P-91p4898167395_VX-0p477122889388_LS-7p769973149e-05_ST-351p010780102_M-TI64_XI-0p0002_XF-0p0014_XL-0p0012_TE-0p0021_DT-1p01108555266e-05_H-b41981edcb,old-data-remote-clean,False,91.4898167395,0.477122889388,7.769973149e-05,351.010780102,1.9070787121759465,P-228p959503311_VX-0p480404321045_LS-6p0796636822e-05_ST-336p115873803_M-TI64_XI-0p0002_XF-0p0014_XL-0p0012_TE-0p0021_DT-1p00417926977e-05_H-ba17ade68b,0.0,0.0,1.9070787121759465,0.2987060129520146,0.8645806140784268,P-102p025474754_VX-0p424029390103_LS-7p94734719352e-05_ST-354p238131711_M-TI64_XI-0p0002_XF-0p0014_XL-0p0012_TE-0p0021_DT-1p13768543304e-05_H-6f31342894,1.4327274333143873,0.8872474231863132,-1.196223394578357,-0.927629521499519,-0.6247008714629105,-0.3780334669588365,1.0441470017961572,0.5929942945901411,0.06535822888347018,0.030827176096262083,0.7753086419753087,False,False,False,0.9580246913580247,False,False,False,0.8765432098765432,False,False,False,False,False
P-92p2921456709_VX-0p425581954559_LS-4p53091383738e-05_ST-356p588229582_M-TI64_XI-0p0002_XF-0p0014_XL-0p0012_TE-0p0021_DT-1p13353504568e-05_H-765072ed36,old-data-remote-clean,False,92.2921456709,0.425581954559,4.53091383738e-05,356.588229582,1.3156332596059883,P-212p944274192_VX-0p351323873231_LS-4p80439392259e-05_ST-351p894554175_M-TI64_XI-0p0002_XF-0p0014_XL-0p0012_TE-0p0021_DT-1p37312632889e-05_H-7c2e16b959,0.0,0.0,1.3156332596059883,0.5181427806486537,0.7174448955191369,P-111p098510779_VX-0p492021331775_LS-4p80108469254e-05_ST-345p911753718_M-TI64_XI-0p0002_XF-0p0014_XL-0p0012_TE-0p0021_DT-9p80469807196e-06_H-0602c4a780,1.120035162242242,0.7781979250008811,-1.18788636168135,-0.920329294994611,-0.8453638637355139,-0.5008353884509883,-1.2019220899741596,-0.6432975967403891,0.24195522954207507,0.1312279853031951,0.4222222222222222,False,False,False,0.9629629629629629,False,False,False,0.32839506172839505,False,False,False,False,False
P-92p9578294978_VX-0p909619863772_LS-6p47386544357e-05_ST-309p507384821_M-TI64_XI-0p0002_XF-0p0014_XL-0p0012_TE-0p0021_DT-5p30344685197e-06_H-765072ed36,old-data-remote-clean,False,92.9578294978,0.909619863772,6.47386544357e-05,309.507384821,2.135552448894137,P-243p042265843_VX-0p642372627708_LS-5p19118052277e-05_ST-314p809567363_M-TI64_XI-0p0002_XF-0p0014_XL-0p0012_TE-0p0021_DT-7p50984770355e-06_H-ac0fcec187,0.0,0.0,2.135552448894137,0.7235521516734402,0.7469305070091511,P-155p56408626_VX-0p882684317254_LS-6p13538276829e-05_ST-315p150952839_M-TI64_XI-0p0002_XF-0p0014_XL-0p0012_TE-0p0021_DT-5p46528414374e-06_H-cda596b3bb,1.5683477457655166,0.749992882303337,-1.1809692136804835,-0.9142723742893533,1.22695503724449,0.6524379373745879,0.1453837570701216,0.09829281111754841,-1.2487505138411912,-0.7162839337380518,0.8666666666666667,False,False,False,0.9654320987654321,False,False,False,0.4123456790123457,False,False,False,False,False
P-93p7392388905_VX-0p76284290369_LS-5p63100861802e-05_ST-349p958485388_M-TI64_XI-0p0002_XF-0p0014_XL-0p0012_TE-0p0021_DT-6p32387163816e-06_H-5cefbb31d2,old-data-remote-clean,False,93.7392388905,0.76284290369,5.63100861802e-05,349.958485388,1.6719031292057427,P-223p161294482_VX-0p578452940205_LS-4p86833733719e-05_ST-359p100984903_M-TI64_XI-0p0002_XF-0p0014_XL-0p0012_TE-0p0021_DT-8p33969415266e-06_H-1e85da8953,0.0,0.0,1.6719031292057427,0.43328105838394937,0.794183776916912,P-76p2867092863_VX-0p693142102976_LS-5p97726511316e-05_ST-352p808802476_M-TI64_XI-0p0002_XF-0p0014_XL-0p0012_TE-0p0021_DT-6p95978585387e-06_H-0744488b5e,1.3005919804735646,0.8280956146629375,-1.1728495565697739,-0.9071624903794976,0.5985565940298546,0.3027257563936406,-0.43908058350679335,-0.22341079438354866,0.0320397576059303,0.01188460365546587,0.6518518518518519,False,False,False,0.9703703703703703,False,False,False,0.6,False,False,False,False,False
P-97p5646849269_VX-0p800614374072_LS-8p74302358335e-05_ST-345p052442693_M-TI64_XI-0p0002_XF-0p0014_XL-0p0012_TE-0p0021_DT-6p02552334713e-06_H-b41981edcb,old-data-remote-clean,False,97.5646849269,0.800614374072,8.74302358335e-05,345.052442693,2.6897030689786576,P-228p959503311_VX-0p480404321045_LS-6p0796636822e-05_ST-336p115873803_M-TI64_XI-0p0002_XF-0p0014_XL-0p0012_TE-0p0021_DT-1p00417926977e-05_H-ba17ade68b,0.0,0.0,2.6897030689786576,0.5481912587986153,0.8306951360037331,P-78p3109819881_VX-0p819836919071_LS-8p42620704062e-05_ST-359p367913591_M-TI64_XI-0p0002_XF-0p0014_XL-0p0012_TE-0p0021_DT-5p88424415978e-06_H-cedd8dc36d,1.7523246045375775,0.8433611951266846,-1.1330991896030222,-0.8723555409413257,0.7602681676495574,0.3927204209429466,1.7188918258525365,0.9643905075359585,-0.12329870456155857,-0.07643007464831028,0.9654320987654321,False,False,False,0.980246913580247,False,False,False,0.7382716049382716,False,False,False,False,False
P-97p9405338961_VX-0p913267755474_LS-7p48831340213e-05_ST-390p809181728_M-TI64_XI-0p0002_XF-0p0014_XL-0p0012_TE-0p0021_DT-5p28226314145e-06_H-0b12abf205,old-data-remote-clean,False,97.9405338961,0.913267755474,7.48831340213e-05,390.809181728,2.6983667451016755,P-243p936893462_VX-0p545516283598_LS-5p6904291389e-05_ST-360p082453969_M-TI64_XI-0p0002_XF-0p0014_XL-0p0012_TE-0p0021_DT-8p84322017154e-06_H-e0ed0fec98,0.0,0.0,2.6983667451016755,0.6315153931198408,0.8103490253090062,P-119p523515535_VX-0p859779155666_LS-6p70931710444e-05_ST-392p874711106_M-TI64_XI-0p0002_XF-0p0014_XL-0p0012_TE-0p0021_DT-5p61088341259e-06_H-2934a8b202,1.710782428919696,0.8181502758589513,-1.129193727518963,-0.8689357682029695,1.2425728117594528,0.6611294388362342,0.848834971055926,0.48548972994064943,1.3254823023261149,0.7472463463139956,0.9728395061728395,False,False,False,0.9851851851851852,False,False,False,0.6567901234567901,False,False,False,False,False
