experiment_name,partition,week6_simulation_id,has_keyhole,max_depth_um,T0_depth_um,G3_persistent_depth_um,max_depth_minus_G3_um,max_depth_over_G3,width_at_max_depth_um,total_height_at_max_depth_um,depth_ambiguity_score,flag_depth_bounding_box_ambiguity_candidate,max_depth_row_index,max_depth_iteration,max_depth_time_s,gif_path_in_repository,diagnostic_limitation,permanently_excluded,selected_for_visual_review,visual_review_rank,nearest_saved_frame_timestep,side_frame_path_in_repository,local_side_frame_path,side_gif_size_bytes,local_side_gif_path,visual_review_status,visual_review_note,reviewer,reviewed_at_utc,visual_evidence_scope,exclusion_decision
P-420p548248194_VX-0p890019823061_LS-4p2728397196e-05_ST-342p58191385_M-TI64_XI-0p0002_XF-0p0014_XL-0p0012_TE-0p0021_DT-5p42023950256e-06_H-39de960155,new-data,,True,311.9998,86.40669,131.71314999999998,180.28665,2.368782464013654,279.3203,370.4492,427.05985501576725,True,109723.0,109723.0,0.001993291,P-420p548248194_VX-0p890019823061_LS-4p2728397196e-05_ST-342p58191385_M-TI64_XI-0p0002_XF-0p0014_XL-0p0012_TE-0p0021_DT-5p42023950256e-06_H-39de960155/gif_files/animation_ss_side.gif,Bounding-box monitors cannot identify connected components; flags select cases for visual review and are not exclusions.,False,True,1.0,109799.0,P-420p548248194_VX-0p890019823061_LS-4p2728397196e-05_ST-342p58191385_M-TI64_XI-0p0002_XF-0p0014_XL-0p0012_TE-0p0021_DT-5p42023950256e-06_H-39de960155/frames/side/frame_00364.png,\\?\C:\Users\ozgur\Documents\thesis-week7-sph-v2-audit\data\raw\sph_v2\d69dac5bda8b622bc0de316b112815c6056c06ec\P-420p548248194_VX-0p890019823061_LS-4p2728397196e-05_ST-342p58191385_M-TI64_XI-0p0002_XF-0p0014_XL-0p0012_TE-0p0021_DT-5p42023950256e-06_H-39de960155\frames\side\frame_00364.png,1119992.0,\\?\C:\Users\ozgur\Documents\thesis-week7-sph-v2-audit\data\raw\sph_v2\d69dac5bda8b622bc0de316b112815c6056c06ec\P-420p548248194_VX-0p890019823061_LS-4p2728397196e-05_ST-342p58191385_M-TI64_XI-0p0002_XF-0p0014_XL-0p0012_TE-0p0021_DT-5p42023950256e-06_H-39de960155\gif_files\animation_ss_side.gif,REVIEWED,"The nearest saved side frame shows no clearly visible red melt component at the numerical maximum. The transient monitor event cannot be confirmed from this one rendered frame, so the visual result is inconclusive and the automatic flag remains for later GIF or connected-component sensitivity analysis.",Codex visual inspection,2026-08-08T16:21:26Z,Side frame nearest max-depth iteration plus pinned side-GIF reference,Retain; no exclusion
P-339p704237738_VX-0p701398887747_LS-5p24684299583e-05_ST-300p218383071_M-TI64_XI-0p0002_XF-0p0014_XL-0p0012_TE-0p0021_DT-6p87785607775e-06_H-1d842653b1,new-data,,True,311.9999,85.48333000000001,150.4327,161.5672,2.074016487106859,232.18318,346.66426,335.0930365756914,True,110260.0,110260.0,0.002003043,P-339p704237738_VX-0p701398887747_LS-5p24684299583e-05_ST-300p218383071_M-TI64_XI-0p0002_XF-0p0014_XL-0p0012_TE-0p0021_DT-6p87785607775e-06_H-1d842653b1/gif_files/animation_ss_side.gif,Bounding-box monitors cannot identify connected components; flags select cases for visual review and are not exclusions.,False,True,2.0,110173.0,P-339p704237738_VX-0p701398887747_LS-5p24684299583e-05_ST-300p218383071_M-TI64_XI-0p0002_XF-0p0014_XL-0p0012_TE-0p0021_DT-6p87785607775e-06_H-1d842653b1/frames/side/frame_00287.png,\\?\C:\Users\ozgur\Documents\thesis-week7-sph-v2-audit\data\raw\sph_v2\d69dac5bda8b622bc0de316b112815c6056c06ec\P-339p704237738_VX-0p701398887747_LS-5p24684299583e-05_ST-300p218383071_M-TI64_XI-0p0002_XF-0p0014_XL-0p0012_TE-0p0021_DT-6p87785607775e-06_H-1d842653b1\frames\side\frame_00287.png,945910.0,\\?\C:\Users\ozgur\Documents\thesis-week7-sph-v2-audit\data\raw\sph_v2\d69dac5bda8b622bc0de316b112815c6056c06ec\P-339p704237738_VX-0p701398887747_LS-5p24684299583e-05_ST-300p218383071_M-TI64_XI-0p0002_XF-0p0014_XL-0p0012_TE-0p0021_DT-6p87785607775e-06_H-1d842653b1\gif_files\animation_ss_side.gif,REVIEWED,The nearest saved side frame shows one continuous red melt region and no obvious detached lower component. This does not invalidate the numerical flag because the maximum-depth spike can be shorter than the saved-frame cadence and bounding-box monitors do not encode connectivity.,Codex visual inspection,2026-08-08T16:21:26Z,Side frame nearest max-depth iteration plus pinned side-GIF reference,Retain; no exclusion
P-400p342090514_VX-0p84724542505_LS-4p08786684736e-05_ST-395p5494372_M-TI64_XI-0p0002_XF-0p0014_XL-0p0012_TE-0p0021_DT-5p69388805225e-06_H-39de960155,new-data,,True,311.9905,90.50685,151.18835,160.80214999999998,2.0635882328234945,115.56094,325.44889,331.8294245527184,True,98924.0,98924.0,0.001797172,P-400p342090514_VX-0p84724542505_LS-4p08786684736e-05_ST-395p5494372_M-TI64_XI-0p0002_XF-0p0014_XL-0p0012_TE-0p0021_DT-5p69388805225e-06_H-39de960155/gif_files/animation_ss_side.gif,Bounding-box monitors cannot identify connected components; flags select cases for visual review and are not exclusions.,False,True,3.0,99040.0,P-400p342090514_VX-0p84724542505_LS-4p08786684736e-05_ST-395p5494372_M-TI64_XI-0p0002_XF-0p0014_XL-0p0012_TE-0p0021_DT-5p69388805225e-06_H-39de960155/frames/side/frame_00308.png,\\?\C:\Users\ozgur\Documents\thesis-week7-sph-v2-audit\data\raw\sph_v2\d69dac5bda8b622bc0de316b112815c6056c06ec\P-400p342090514_VX-0p84724542505_LS-4p08786684736e-05_ST-395p5494372_M-TI64_XI-0p0002_XF-0p0014_XL-0p0012_TE-0p0021_DT-5p69388805225e-06_H-39de960155\frames\side\frame_00308.png,1083008.0,\\?\C:\Users\ozgur\Documents\thesis-week7-sph-v2-audit\data\raw\sph_v2\d69dac5bda8b622bc0de316b112815c6056c06ec\P-400p342090514_VX-0p84724542505_LS-4p08786684736e-05_ST-395p5494372_M-TI64_XI-0p0002_XF-0p0014_XL-0p0012_TE-0p0021_DT-5p69388805225e-06_H-39de960155\gif_files\animation_ss_side.gif,REVIEWED,The nearest saved side frame shows no clearly visible red melt component. The visual evidence is therefore inconclusive for connectedness; retain the automatically selected case for later GIF or particle-level sensitivity analysis.,Codex visual inspection,2026-08-08T16:21:26Z,Side frame nearest max-depth iteration plus pinned side-GIF reference,Retain; no exclusion
P-140p119887795_VX-0p222892199661_LS-4p5e-05_ST-300_M-TI64_XI--0p0002_XF-0p0012_XL-0p0014_TE-0p00125_DT-8p38873219639e-06_H-fb250c7cf9,old-data-local,sim_00036,True,182.7274,86.1642,78.00963999999999,104.71776,2.342369481515361,180.65769,201.92373,245.28768519665005,True,68230.0,68230.0,0.001239745,P-140p119887795_VX-0p222892199661_LS-4p5e-05_ST-300_M-TI64_XI--0p0002_XF-0p0012_XL-0p0014_TE-0p00125_DT-8p38873219639e-06_H-fb250c7cf9/gif_files/animation_ss_side.gif,Bounding-box monitors cannot identify connected components; flags select cases for visual review and are not exclusions.,False,True,4.0,68329.0,P-140p119887795_VX-0p222892199661_LS-4p5e-05_ST-300_M-TI64_XI--0p0002_XF-0p0012_XL-0p0014_TE-0p00125_DT-8p38873219639e-06_H-fb250c7cf9/frames/side/frame_00148.png,\\?\C:\Users\ozgur\Documents\thesis-week7-sph-v2-audit\data\raw\sph_v2\d69dac5bda8b622bc0de316b112815c6056c06ec\P-140p119887795_VX-0p222892199661_LS-4p5e-05_ST-300_M-TI64_XI--0p0002_XF-0p0012_XL-0p0014_TE-0p00125_DT-8p38873219639e-06_H-fb250c7cf9\frames\side\frame_00148.png,451605.0,\\?\C:\Users\ozgur\Documents\thesis-week7-sph-v2-audit\data\raw\sph_v2\d69dac5bda8b622bc0de316b112815c6056c06ec\P-140p119887795_VX-0p222892199661_LS-4p5e-05_ST-300_M-TI64_XI--0p0002_XF-0p0012_XL-0p0014_TE-0p00125_DT-8p38873219639e-06_H-fb250c7cf9\gif_files\animation_ss_side.gif,REVIEWED,"Two small colored components are clearly separated below the main red melt region in the nearest saved side frame. This supports retaining a disconnected-lower-component sensitivity flag, but a rendered image alone is not a basis for permanent exclusion.",Codex visual inspection,2026-08-08T16:21:26Z,Side frame nearest max-depth iteration plus pinned side-GIF reference,Retain; no exclusion
P-377p008330657_VX-0p791215989527_LS-4p31405408456e-05_ST-371p11107289_M-TI64_XI-0p0002_XF-0p0014_XL-0p0012_TE-0p0021_DT-6p09709695819e-06_H-3d091b92d3,new-data,,True,311.9946,94.584615,194.4043,117.59029999999998,1.6048749950489778,410.4493,393.66728,188.71773213030775,True,111086.0,111086.0,0.002018044,P-377p008330657_VX-0p791215989527_LS-4p31405408456e-05_ST-371p11107289_M-TI64_XI-0p0002_XF-0p0014_XL-0p0012_TE-0p0021_DT-6p09709695819e-06_H-3d091b92d3/gif_files/animation_ss_side.gif,Bounding-box monitors cannot identify connected components; flags select cases for visual review and are not exclusions.,False,False,,,,,,,not_selected,,,,,
P-391p91054261_VX-0p798138981731_LS-4p10405950637e-05_ST-398p591592241_M-TI64_XI-0p0002_XF-0p0014_XL-0p0012_TE-0p0021_DT-6p04421123819e-06_H-eac21b41c2,new-data,,True,311.9938,111.341,196.45185,115.54195,1.5881438632418072,321.0353,376.69374,183.49723883949176,True,114337.0,114337.0,0.002077085,P-391p91054261_VX-0p798138981731_LS-4p10405950637e-05_ST-398p591592241_M-TI64_XI-0p0002_XF-0p0014_XL-0p0012_TE-0p0021_DT-6p04421123819e-06_H-eac21b41c2/gif_files/animation_ss_side.gif,Bounding-box monitors cannot identify connected components; flags select cases for visual review and are not exclusions.,False,False,,,,,,,not_selected,,,,,
P-135p208661893_VX-0p295797438033_LS-4p5e-05_ST-300_M-TI64_XI--0p0002_XF-0p0012_XL-0p0014_TE-0p00125_DT-6p32116012922e-06_H-fb250c7cf9,old-data-local,sim_00029,True,139.3355,119.1028,78.404255,60.93124499999999,1.7771420696491531,166.40794,161.07114,108.2834788455996,True,68795.0,68795.0,0.001250006,P-135p208661893_VX-0p295797438033_LS-4p5e-05_ST-300_M-TI64_XI--0p0002_XF-0p0012_XL-0p0014_TE-0p00125_DT-6p32116012922e-06_H-fb250c7cf9/gif_files/animation_ss_side.gif,Bounding-box monitors cannot identify connected components; flags select cases for visual review and are not exclusions.,False,False,,,,,,,not_selected,,,,,
P-449p762375807_VX-0p721910835583_LS-4p02949716673e-05_ST-312p266645761_M-TI64_XI-0p0002_XF-0p0014_XL-0p0012_TE-0p0021_DT-6p68243273994e-06_H-c87ffcf9e3,new-data,,True,311.9952,172.24105000000003,233.1426,78.85260000000002,1.3382161818560832,239.36657,387.3443,105.521825301425,True,113092.0,113092.0,0.002054474,P-449p762375807_VX-0p721910835583_LS-4p02949716673e-05_ST-312p266645761_M-TI64_XI-0p0002_XF-0p0014_XL-0p0012_TE-0p0021_DT-6p68243273994e-06_H-c87ffcf9e3/gif_files/animation_ss_side.gif,Bounding-box monitors cannot identify connected components; flags select cases for visual review and are not exclusions.,False,False,,,,,,,not_selected,,,,,
P-367p938083726_VX-0p695829187084_LS-4p35800266683e-05_ST-364p389584597_M-TI64_XI-0p0002_XF-0p0014_XL-0p0012_TE-0p0021_DT-6p93290924348e-06_H-c87ffcf9e3,new-data,,True,302.819,152.05270000000002,271.0418,31.777199999999997,1.1172409569298904,154.54322,324.98207,35.50278933655251,False,31338.0,31338.0,0.000569757,P-367p938083726_VX-0p695829187084_LS-4p35800266683e-05_ST-364p389584597_M-TI64_XI-0p0002_XF-0p0014_XL-0p0012_TE-0p0021_DT-6p93290924348e-06_H-c87ffcf9e3/gif_files/animation_ss_side.gif,Bounding-box monitors cannot identify connected components; flags select cases for visual review and are not exclusions.,False,False,,,,,,,not_selected,,,,,
P-399p256835613_VX-0p656366203199_LS-4p10009761764e-05_ST-341p515144691_M-TI64_XI-0p0002_XF-0p0014_XL-0p0012_TE-0p0021_DT-7p34973948918e-06_H-3c3f1974a9,new-data,,True,311.9639,167.5395,282.3002,29.66369999999995,1.1050785653003432,98.93701,326.5437,32.780719037499736,False,113747.0,113747.0,0.00206637,P-399p256835613_VX-0p656366203199_LS-4p10009761764e-05_ST-341p515144691_M-TI64_XI-0p0002_XF-0p0014_XL-0p0012_TE-0p0021_DT-7p34973948918e-06_H-3c3f1974a9/gif_files/animation_ss_side.gif,Bounding-box monitors cannot identify connected components; flags select cases for visual review and are not exclusions.,False,False,,,,,,,not_selected,,,,,
P-353p971838789_VX-0p831374608218_LS-4p0859447809e-05_ST-397p346534493_M-TI64_XI-0p0002_XF-0p0014_XL-0p0012_TE-0p0021_DT-5p80258352291e-06_H-eac21b41c2,new-data,,True,234.8576,82.59679,206.4062,28.451400000000007,1.137841789636164,141.99056,255.19721,32.373191893654365,False,26266.0,26266.0,0.0004776284,P-353p971838789_VX-0p831374608218_LS-4p0859447809e-05_ST-397p346534493_M-TI64_XI-0p0002_XF-0p0014_XL-0p0012_TE-0p0021_DT-5p80258352291e-06_H-eac21b41c2/gif_files/animation_ss_side.gif,Bounding-box monitors cannot identify connected components; flags select cases for visual review and are not exclusions.,False,False,,,,,,,not_selected,,,,,
P-446p579563616_VX-0p74347743801_LS-4p27116473193e-05_ST-393p115972114_M-TI64_XI-0p0002_XF-0p0014_XL-0p0012_TE-0p0021_DT-6p48859044859e-06_H-4a563c0a8f,new-data,,True,311.9884,150.2361,285.03290000000004,26.95549999999997,1.0945697847511635,219.79874,341.05144,29.504675832859963,False,111243.0,111243.0,0.002020895,P-446p579563616_VX-0p74347743801_LS-4p27116473193e-05_ST-393p115972114_M-TI64_XI-0p0002_XF-0p0014_XL-0p0012_TE-0p0021_DT-6p48859044859e-06_H-4a563c0a8f/gif_files/animation_ss_side.gif,Bounding-box monitors cannot identify connected components; flags select cases for visual review and are not exclusions.,False,False,,,,,,,not_selected,,,,,
P-324p489523844_VX-0p639524903021_LS-7p4699050731e-05_ST-392p096101418_M-TI64_XI-0p0002_XF-0p0014_XL-0p0012_TE-0p0021_DT-7p54328811939e-06_H-eed8ed7ef3,new-data,,False,106.0038,86.342,86.71844,19.28536,1.2223905319330006,199.83718,139.1252,23.57424146891941,False,107618.0,107618.0,0.001955062,P-324p489523844_VX-0p639524903021_LS-7p4699050731e-05_ST-392p096101418_M-TI64_XI-0p0002_XF-0p0014_XL-0p0012_TE-0p0021_DT-7p54328811939e-06_H-eed8ed7ef3/gif_files/animation_ss_side.gif,Bounding-box monitors cannot identify connected components; flags select cases for visual review and are not exclusions.,False,False,,,,,,,not_selected,,,,,
P-372p630059968_VX-0p727703112845_LS-4p39975555357e-05_ST-362p949632289_M-TI64_XI-0p0002_XF-0p0014_XL-0p0012_TE-0p0021_DT-6p62924277478e-06_H-54d2aec398,new-data,,True,275.7146,143.55285,254.94905,20.76555000000002,1.0814498034018956,150.47851,292.24656,22.456899965032253,False,44954.0,44954.0,0.0008170343,P-372p630059968_VX-0p727703112845_LS-4p39975555357e-05_ST-362p949632289_M-TI64_XI-0p0002_XF-0p0014_XL-0p0012_TE-0p0021_DT-6p62924277478e-06_H-54d2aec398/gif_files/animation_ss_side.gif,Bounding-box monitors cannot identify connected components; flags select cases for visual review and are not exclusions.,False,False,,,,,,,not_selected,,,,,
P-227p095146149_VX-0p485569900572_LS-4p61845747353e-05_ST-309p475761642_M-TI64_XI-0p0002_XF-0p0014_XL-0p0012_TE-0p0021_DT-9p93496630935e-06_H-c5f6eebf67,new-data,,True,207.3806,138.5759,187.6205,19.760099999999994,1.1053195146585797,159.38885999999997,226.14943,21.84122414160499,False,43573.0,43573.0,0.0007919543,P-227p095146149_VX-0p485569900572_LS-4p61845747353e-05_ST-309p475761642_M-TI64_XI-0p0002_XF-0p0014_XL-0p0012_TE-0p0021_DT-9p93496630935e-06_H-c5f6eebf67/gif_files/animation_ss_side.gif,Bounding-box monitors cannot identify connected components; flags select cases for visual review and are not exclusions.,False,False,,,,,,,not_selected,,,,,
P-364p483174853_VX-0p95103094401_LS-4p26115279421e-05_ST-393p929813999_M-TI64_XI-0p0002_XF-0p0014_XL-0p0012_TE-0p0021_DT-5p07251697056e-06_H-1ef68d8f61,new-data,,False,111.5838,74.45161,94.5531,17.030699999999996,1.1801178385478637,140.69252000000003,131.22854,20.09823287295709,False,23574.0,23574.0,0.0004286612,P-364p483174853_VX-0p95103094401_LS-4p26115279421e-05_ST-393p929813999_M-TI64_XI-0p0002_XF-0p0014_XL-0p0012_TE-0p0021_DT-5p07251697056e-06_H-1ef68d8f61/gif_files/animation_ss_side.gif,Bounding-box monitors cannot identify connected components; flags select cases for visual review and are not exclusions.,False,False,,,,,,,not_selected,,,,,
P-370p938359136_VX-0p662619902131_LS-4p40125404953e-05_ST-395p513826563_M-TI64_XI-0p0002_XF-0p0014_XL-0p0012_TE-0p0021_DT-7p28037384253e-06_H-3273b99318,new-data,,True,300.7084,151.9794,282.998,17.710399999999993,1.0625813609990176,161.04343,327.40912,18.818740935836992,False,29934.0,29934.0,0.0005442593,P-370p938359136_VX-0p662619902131_LS-4p40125404953e-05_ST-395p513826563_M-TI64_XI-0p0002_XF-0p0014_XL-0p0012_TE-0p0021_DT-7p28037384253e-06_H-3273b99318/gif_files/animation_ss_side.gif,Bounding-box monitors cannot identify connected components; flags select cases for visual review and are not exclusions.,False,False,,,,,,,not_selected,,,,,
P-160p605564338_VX-0p585171267024_LS-4p89218084001e-05_ST-323p833105745_M-TI64_XI-0p0002_XF-0p0014_XL-0p0012_TE-0p0021_DT-8p24394647322e-06_H-0602c4a780,new-data,,False,87.34396000000001,58.49999,73.78234,13.561620000000003,1.183805772492442,142.09503,112.10913,16.054324040348956,False,78353.0,78353.0,0.001423587,P-160p605564338_VX-0p585171267024_LS-4p89218084001e-05_ST-323p833105745_M-TI64_XI-0p0002_XF-0p0014_XL-0p0012_TE-0p0021_DT-8p24394647322e-06_H-0602c4a780/gif_files/animation_ss_side.gif,Bounding-box monitors cannot identify connected components; flags select cases for visual review and are not exclusions.,False,False,,,,,,,not_selected,,,,,
P-307p533441342_VX-0p76958695679_LS-6p29715413405e-05_ST-358p843506265_M-TI64_XI-0p0002_XF-0p0014_XL-0p0012_TE-0p0021_DT-6p26845421489e-06_H-0602c4a780,new-data,,False,91.83977,78.19757999999999,78.54619000000001,13.293579999999992,1.1692453828759866,167.68272,117.24198,15.543457036892548,False,89015.0,89015.0,0.001617217,P-307p533441342_VX-0p76958695679_LS-6p29715413405e-05_ST-358p843506265_M-TI64_XI-0p0002_XF-0p0014_XL-0p0012_TE-0p0021_DT-6p26845421489e-06_H-0602c4a780/gif_files/animation_ss_side.gif,Bounding-box monitors cannot identify connected components; flags select cases for visual review and are not exclusions.,False,False,,,,,,,not_selected,,,,,
P-251p6022239_VX-0p703685008905_LS-6p09329521029e-05_ST-391p344263507_M-TI64_XI-0p0002_XF-0p0014_XL-0p0012_TE-0p0021_DT-6p85551140349e-06_H-0e4c2fc094,new-data,,False,87.78929000000001,74.06815,74.78089,13.008400000000009,1.173953532780902,158.91017,118.46763,15.271257135827094,False,96866.0,96866.0,0.001759797,P-251p6022239_VX-0p703685008905_LS-6p09329521029e-05_ST-391p344263507_M-TI64_XI-0p0002_XF-0p0014_XL-0p0012_TE-0p0021_DT-6p85551140349e-06_H-0e4c2fc094/gif_files/animation_ss_side.gif,Bounding-box monitors cannot identify connected components; flags select cases for visual review and are not exclusions.,False,False,,,,,,,not_selected,,,,,
P-449p184068185_VX-0p980953819102_LS-4p30284180995e-05_ST-381p816740361_M-TI64_XI-0p0002_XF-0p0014_XL-0p0012_TE-0p0021_DT-4p91778563789e-06_H-c87ffcf9e3,new-data,,True,147.8212,78.60552000000001,134.0,13.821200000000005,1.1031432835820896,146.64438,169.3874,15.246763951044782,False,23133.0,23133.0,0.0004206395,P-449p184068185_VX-0p980953819102_LS-4p30284180995e-05_ST-381p816740361_M-TI64_XI-0p0002_XF-0p0014_XL-0p0012_TE-0p0021_DT-4p91778563789e-06_H-c87ffcf9e3/gif_files/animation_ss_side.gif,Bounding-box monitors cannot identify connected components; flags select cases for visual review and are not exclusions.,False,False,,,,,,,not_selected,,,,,
P-342p674555398_VX-0p462731136977_LS-5p8783513777e-05_ST-328p309527448_M-TI64_XI-0p0002_XF-0p0014_XL-0p0012_TE-0p0021_DT-1p04253209208e-05_H-add9572a86,new-data,,True,259.0791,203.3425,244.96975,14.109350000000006,1.0575962950527569,212.3279,283.55294999999995,14.92199628560262,False,57309.0,57309.0,0.001041411,P-342p674555398_VX-0p462731136977_LS-5p8783513777e-05_ST-328p309527448_M-TI64_XI-0p0002_XF-0p0014_XL-0p0012_TE-0p0021_DT-1p04253209208e-05_H-add9572a86/gif_files/animation_ss_side.gif,Bounding-box monitors cannot identify connected components; flags select cases for visual review and are not exclusions.,False,False,,,,,,,not_selected,,,,,
P-394p301389958_VX-0p965504599187_LS-4p1845661123e-05_ST-386p588977515_M-TI64_XI-0p0002_XF-0p0014_XL-0p0012_TE-0p0021_DT-4p99647604691e-06_H-aae9cbe76f,new-data,,True,116.0247,74.66928,103.3518,12.672899999999998,1.122619054530255,139.83668,135.11418,14.226839016156466,False,23808.0,23808.0,0.0004329177,P-394p301389958_VX-0p965504599187_LS-4p1845661123e-05_ST-386p588977515_M-TI64_XI-0p0002_XF-0p0014_XL-0p0012_TE-0p0021_DT-4p99647604691e-06_H-aae9cbe76f/gif_files/animation_ss_side.gif,Bounding-box monitors cannot identify connected components; flags select cases for visual review and are not exclusions.,False,False,,,,,,,not_selected,,,,,
P-447p413798058_VX-0p91078629156_LS-5p3177056457e-05_ST-328p907838563_M-TI64_XI-0p0002_XF-0p0014_XL-0p0012_TE-0p0021_DT-5p29665482201e-06_H-1553ff852f,new-data,,True,119.148,82.59582999999999,106.6781,12.46990000000001,1.1168927830548163,167.36265,142.23136000000002,13.927541315415263,False,25630.0,25630.0,0.0004660597,P-447p413798058_VX-0p91078629156_LS-5p3177056457e-05_ST-328p907838563_M-TI64_XI-0p0002_XF-0p0014_XL-0p0012_TE-0p0021_DT-5p29665482201e-06_H-1553ff852f/gif_files/animation_ss_side.gif,Bounding-box monitors cannot identify connected components; flags select cases for visual review and are not exclusions.,False,False,,,,,,,not_selected,,,,,
P-328p176471421_VX-0p746856862244_LS-5p78341655667e-05_ST-308p284457774_M-TI64_XI-0p0002_XF-0p0014_XL-0p0012_TE-0p0021_DT-6p45923047225e-06_H-354781c6a2,new-data,,False,102.5376,81.858095,90.32897,12.208629999999983,1.13515741406107,161.17584,127.7579,13.858716860028386,False,91124.0,91124.0,0.001655518,P-328p176471421_VX-0p746856862244_LS-5p78341655667e-05_ST-308p284457774_M-TI64_XI-0p0002_XF-0p0014_XL-0p0012_TE-0p0021_DT-6p45923047225e-06_H-354781c6a2/gif_files/animation_ss_side.gif,Bounding-box monitors cannot identify connected components; flags select cases for visual review and are not exclusions.,False,False,,,,,,,not_selected,,,,,
P-282p804328276_VX-0p543976889672_LS-5p22197252327e-05_ST-303p777238342_M-TI64_XI-0p0002_XF-0p0014_XL-0p0012_TE-0p0021_DT-8p8682454983e-06_H-cfd320609e,new-data,,True,197.1042,146.44625,184.30785,12.79634999999999,1.0694292185601426,175.62375,216.40939,13.68479058092207,False,48326.0,48326.0,0.0008782725,P-282p804328276_VX-0p543976889672_LS-5p22197252327e-05_ST-303p777238342_M-TI64_XI-0p0002_XF-0p0014_XL-0p0012_TE-0p0021_DT-8p8682454983e-06_H-cfd320609e/gif_files/animation_ss_side.gif,Bounding-box monitors cannot identify connected components; flags select cases for visual review and are not exclusions.,False,False,,,,,,,not_selected,,,,,
P-246p298220115_VX-0p718479932945_LS-4p8795144948e-05_ST-311p768373355_M-TI64_XI-0p0002_XF-0p0014_XL-0p0012_TE-0p0021_DT-6p71434285331e-06_H-0b12abf205,old-data-remote-clean,sim_00232,False,90.58417,70.58472499999999,78.86710500000001,11.717064999999993,1.148567200482381,136.00966,116.02267,13.45783654492008,False,94533.0,94533.0,0.001717428,P-246p298220115_VX-0p718479932945_LS-4p8795144948e-05_ST-311p768373355_M-TI64_XI-0p0002_XF-0p0014_XL-0p0012_TE-0p0021_DT-6p71434285331e-06_H-0b12abf205/gif_files/animation_ss_side.gif,Bounding-box monitors cannot identify connected components; flags select cases for visual review and are not exclusions.,False,False,,,,,,,not_selected,,,,,
P-258p098094226_VX-0p965907163653_LS-4p72561688305e-05_ST-378p378118453_M-TI64_XI-0p0002_XF-0p0014_XL-0p0012_TE-0p0021_DT-4p99439364832e-06_H-985b11a49e,new-data,,False,74.19824,62.57683,62.8159,11.38234,1.1812015747605304,120.32088,91.46956,13.444837932459777,False,70889.0,70889.0,0.001288034,P-258p098094226_VX-0p965907163653_LS-4p72561688305e-05_ST-378p378118453_M-TI64_XI-0p0002_XF-0p0014_XL-0p0012_TE-0p0021_DT-4p99439364832e-06_H-985b11a49e/gif_files/animation_ss_side.gif,Bounding-box monitors cannot identify connected components; flags select cases for visual review and are not exclusions.,False,False,,,,,,,not_selected,,,,,
P-441p843471056_VX-0p982124766198_LS-4p09875344609e-05_ST-327p495507906_M-TI64_XI-0p0002_XF-0p0014_XL-0p0012_TE-0p0021_DT-4p91192236368e-06_H-f55fc58583,new-data,,False,105.0848,78.49817,94.08593,10.998869999999997,1.116902389124495,126.05835,119.72511,12.28466418066973,False,69186.0,69186.0,0.001257107,P-441p843471056_VX-0p982124766198_LS-4p09875344609e-05_ST-327p495507906_M-TI64_XI-0p0002_XF-0p0014_XL-0p0012_TE-0p0021_DT-4p91192236368e-06_H-f55fc58583/gif_files/animation_ss_side.gif,Bounding-box monitors cannot identify connected components; flags select cases for visual review and are not exclusions.,False,False,,,,,,,not_selected,,,,,
P-273p06384474_VX-0p951903552318_LS-4p77154604482e-05_ST-314p535783501_M-TI64_XI-0p0002_XF-0p0014_XL-0p0012_TE-0p0021_DT-5p06786700319e-06_H-b5afaa2141,new-data,,False,77.25837,62.75334,66.855155,10.403215000000005,1.1556082698484509,122.58248999999998,95.07484,12.022041287011456,False,71974.0,71974.0,0.001307739,P-273p06384474_VX-0p951903552318_LS-4p77154604482e-05_ST-314p535783501_M-TI64_XI-0p0002_XF-0p0014_XL-0p0012_TE-0p0021_DT-5p06786700319e-06_H-b5afaa2141/gif_files/animation_ss_side.gif,Bounding-box monitors cannot identify connected components; flags select cases for visual review and are not exclusions.,False,False,,,,,,,not_selected,,,,,
P-273p444240295_VX-0p704920639812_LS-6p35261824567e-05_ST-347p093922324_M-TI64_XI-0p0002_XF-0p0014_XL-0p0012_TE-0p0021_DT-6p84349461565e-06_H-1d842653b1,new-data,,False,88.74047,74.596735,78.29888,10.441590000000003,1.1333555473590426,165.99662,119.59966,11.834033949748711,False,96818.0,96818.0,0.001758926,P-273p444240295_VX-0p704920639812_LS-6p35261824567e-05_ST-347p093922324_M-TI64_XI-0p0002_XF-0p0014_XL-0p0012_TE-0p0021_DT-6p84349461565e-06_H-1d842653b1/gif_files/animation_ss_side.gif,Bounding-box monitors cannot identify connected components; flags select cases for visual review and are not exclusions.,False,False,,,,,,,not_selected,,,,,
P-238p364831187_VX-0p683428278389_LS-5p30391716287e-05_ST-377p396343519_M-TI64_XI-0p0002_XF-0p0014_XL-0p0012_TE-0p0021_DT-7p05870792234e-06_H-1d842653b1,new-data,,False,88.90671,70.6435,78.69363,10.213080000000003,1.1297828045294136,145.07235,117.4719,11.538562165283269,False,99307.0,99307.0,0.001804128,P-238p364831187_VX-0p683428278389_LS-5p30391716287e-05_ST-377p396343519_M-TI64_XI-0p0002_XF-0p0014_XL-0p0012_TE-0p0021_DT-7p05870792234e-06_H-1d842653b1/gif_files/animation_ss_side.gif,Bounding-box monitors cannot identify connected components; flags select cases for visual review and are not exclusions.,False,False,,,,,,,not_selected,,,,,
P-426p513929333_VX-0p671876042338_LS-4p21074124626e-05_ST-335p829973615_M-TI64_XI-0p0002_XF-0p0014_XL-0p0012_TE-0p0021_DT-7p18007533983e-06_H-ff013f97fe,new-data,,True,302.6472,172.31650000000002,292.1213,10.52589999999998,1.0360326343885229,158.46004,323.96373,10.905175906310127,False,39307.0,39307.0,0.0007144804,P-426p513929333_VX-0p671876042338_LS-4p21074124626e-05_ST-335p829973615_M-TI64_XI-0p0002_XF-0p0014_XL-0p0012_TE-0p0021_DT-7p18007533983e-06_H-ff013f97fe/gif_files/animation_ss_side.gif,Bounding-box monitors cannot identify connected components; flags select cases for visual review and are not exclusions.,False,False,,,,,,,not_selected,,,,,
P-311p847977036_VX-0p831533579891_LS-6p59632228328e-05_ST-369p023839283_M-TI64_XI-0p0002_XF-0p0014_XL-0p0012_TE-0p0021_DT-5p80147419139e-06_H-0602c4a780,new-data,,False,84.20674,74.35231999999999,74.58006,9.626679999999991,1.1290784694997562,168.31555,110.67233,10.869277120763906,False,82760.0,82760.0,0.001503621,P-311p847977036_VX-0p831533579891_LS-6p59632228328e-05_ST-369p023839283_M-TI64_XI-0p0002_XF-0p0014_XL-0p0012_TE-0p0021_DT-5p80147419139e-06_H-0602c4a780/gif_files/animation_ss_side.gif,Bounding-box monitors cannot identify connected components; flags select cases for visual review and are not exclusions.,False,False,,,,,,,not_selected,,,,,
P-340p203296502_VX-0p374609743194_LS-5p54750053524e-05_ST-307p813155606_M-TI64_XI-0p0002_XF-0p0014_XL-0p0012_TE-0p0021_DT-1p28777232591e-05_H-22f5435fc5,new-data,,True,302.6767,219.75115,292.3277,10.34899999999999,1.0354020505070165,214.2716,326.53523,10.715375820697105,False,56820.0,56820.0,0.00103253,P-340p203296502_VX-0p374609743194_LS-5p54750053524e-05_ST-307p813155606_M-TI64_XI-0p0002_XF-0p0014_XL-0p0012_TE-0p0021_DT-1p28777232591e-05_H-22f5435fc5/gif_files/animation_ss_side.gif,Bounding-box monitors cannot identify connected components; flags select cases for visual review and are not exclusions.,False,False,,,,,,,not_selected,,,,,
P-319p96920879_VX-0p866402209965_LS-6p35942162539e-05_ST-320p061265262_M-TI64_XI-0p0002_XF-0p0014_XL-0p0012_TE-0p0021_DT-5p56799203364e-06_H-560be51b32,new-data,,False,83.76426,74.00761,74.271745,9.492514999999996,1.1278078897971229,149.23611000000002,108.28461,10.70573331101753,False,81741.0,81741.0,0.001485115,P-319p96920879_VX-0p866402209965_LS-6p35942162539e-05_ST-320p061265262_M-TI64_XI-0p0002_XF-0p0014_XL-0p0012_TE-0p0021_DT-5p56799203364e-06_H-560be51b32/gif_files/animation_ss_side.gif,Bounding-box monitors cannot identify connected components; flags select cases for visual review and are not exclusions.,False,False,,,,,,,not_selected,,,,,
P-237p061390501_VX-0p937687434899_LS-4p7428723532e-05_ST-371p522412287_M-TI64_XI-0p0002_XF-0p0014_XL-0p0012_TE-0p0021_DT-5p14470006046e-06_H-6445dc47a6,old-data-local,sim_00131,False,71.84503000000001,62.077235,62.55132499999999,9.293705000000015,1.1485772683472335,119.18221,89.57051000000001,10.674538301725043,False,72756.0,72756.0,0.001321941,P-237p061390501_VX-0p937687434899_LS-4p7428723532e-05_ST-371p522412287_M-TI64_XI-0p0002_XF-0p0014_XL-0p0012_TE-0p0021_DT-5p14470006046e-06_H-6445dc47a6/gif_files/animation_ss_side.gif,Bounding-box monitors cannot identify connected components; flags select cases for visual review and are not exclusions.,False,False,,,,,,,not_selected,,,,,
P-374p135097027_VX-0p852003077267_LS-4p24872306812e-05_ST-324p485874926_M-TI64_XI-0p0002_XF-0p0014_XL-0p0012_TE-0p0021_DT-5p66209293338e-06_H-c87ffcf9e3,new-data,,True,157.2098,82.51909,147.41369999999998,9.796100000000024,1.0664531179937824,141.04683,174.82721,10.447081389178916,False,29023.0,29023.0,0.0005277148,P-374p135097027_VX-0p852003077267_LS-4p24872306812e-05_ST-324p485874926_M-TI64_XI-0p0002_XF-0p0014_XL-0p0012_TE-0p0021_DT-5p66209293338e-06_H-c87ffcf9e3/gif_files/animation_ss_side.gif,Bounding-box monitors cannot identify connected components; flags select cases for visual review and are not exclusions.,False,False,,,,,,,not_selected,,,,,
P-355p313197397_VX-0p977425276438_LS-4p00293473664e-05_ST-317p253821106_M-TI64_XI-0p0002_XF-0p0014_XL-0p0012_TE-0p0021_DT-4p9355390323e-06_H-4dbd940f3b,new-data,,True,119.8932,74.3066,110.5689,9.324299999999994,1.0843302230554883,129.36198,137.83201,10.110620298836285,False,22837.0,22837.0,0.0004152553,P-355p313197397_VX-0p977425276438_LS-4p00293473664e-05_ST-317p253821106_M-TI64_XI-0p0002_XF-0p0014_XL-0p0012_TE-0p0021_DT-4p9355390323e-06_H-4dbd940f3b/gif_files/animation_ss_side.gif,Bounding-box monitors cannot identify connected components; flags select cases for visual review and are not exclusions.,False,False,,,,,,,not_selected,,,,,
P-310p791038761_VX-0p793031296086_LS-6p97064070297e-05_ST-311p244290057_M-TI64_XI-0p0002_XF-0p0014_XL-0p0012_TE-0p0021_DT-6p08314025792e-06_H-9f078c62f6,new-data,,False,83.4375,74.55759,74.71148000000001,8.726019999999991,1.1167962406848315,173.72367,110.71133,9.745186332140646,False,86526.0,86526.0,0.001572015,P-310p791038761_VX-0p793031296086_LS-6p97064070297e-05_ST-311p244290057_M-TI64_XI-0p0002_XF-0p0014_XL-0p0012_TE-0p0021_DT-6p08314025792e-06_H-9f078c62f6/gif_files/animation_ss_side.gif,Bounding-box monitors cannot identify connected components; flags select cases for visual review and are not exclusions.,False,False,,,,,,,not_selected,,,,,
P-347p783460623_VX-0p850325890926_LS-5p3362114496e-05_ST-354p131736173_M-TI64_XI-0p0002_XF-0p0014_XL-0p0012_TE-0p0021_DT-5p67326086915e-06_H-d1ce08951f,new-data,,False,95.41898,78.28754,86.65241999999999,8.766560000000013,1.1011692460522169,151.04319,115.21948,9.653466265671534,False,80648.0,80648.0,0.001465266,P-347p783460623_VX-0p850325890926_LS-5p3362114496e-05_ST-354p131736173_M-TI64_XI-0p0002_XF-0p0014_XL-0p0012_TE-0p0021_DT-5p67326086915e-06_H-d1ce08951f/gif_files/animation_ss_side.gif,Bounding-box monitors cannot identify connected components; flags select cases for visual review and are not exclusions.,False,False,,,,,,,not_selected,,,,,
P-323p763442528_VX-0p850556183123_LS-6p97450047543e-05_ST-350p102665969_M-TI64_XI-0p0002_XF-0p0014_XL-0p0012_TE-0p0021_DT-5p67172480635e-06_H-fe613e406c,new-data,,False,82.93315,74.37824,74.56653,8.366619999999998,1.1122034242440946,160.35111,108.02815,9.305383413349125,False,83490.0,83490.0,0.001516879,P-323p763442528_VX-0p850556183123_LS-6p97450047543e-05_ST-350p102665969_M-TI64_XI-0p0002_XF-0p0014_XL-0p0012_TE-0p0021_DT-5p67172480635e-06_H-fe613e406c/gif_files/animation_ss_side.gif,Bounding-box monitors cannot identify connected components; flags select cases for visual review and are not exclusions.,False,False,,,,,,,not_selected,,,,,
P-352p513614722_VX-0p929202686833_LS-7p33895545023e-05_ST-314p010655484_M-TI64_XI-0p0002_XF-0p0014_XL-0p0012_TE-0p0021_DT-5p19167741481e-06_H-1553ff852f,new-data,,False,78.63307999999999,70.61674000000001,70.682,7.95107999999999,1.1124908746215445,164.07309,102.99202,8.845503943385857,False,76529.0,76529.0,0.001390461,P-352p513614722_VX-0p929202686833_LS-7p33895545023e-05_ST-314p010655484_M-TI64_XI-0p0002_XF-0p0014_XL-0p0012_TE-0p0021_DT-5p19167741481e-06_H-1553ff852f/gif_files/animation_ss_side.gif,Bounding-box monitors cannot identify connected components; flags select cases for visual review and are not exclusions.,False,False,,,,,,,not_selected,,,,,
P-202p397397496_VX-0p555230188132_LS-4p52196790327e-05_ST-397p348654616_M-TI64_XI-0p0002_XF-0p0014_XL-0p0012_TE-0p0021_DT-8p68850560746e-06_H-0011cc30ec,old-data-local,sim_00095,True,164.1025,70.55308500000001,155.8014,8.301099999999991,1.053280009037146,147.37314,181.46702,8.743382683018243,False,61365.0,61365.0,0.001115071,P-202p397397496_VX-0p555230188132_LS-4p52196790327e-05_ST-397p348654616_M-TI64_XI-0p0002_XF-0p0014_XL-0p0012_TE-0p0021_DT-8p68850560746e-06_H-0011cc30ec/gif_files/animation_ss_side.gif,Bounding-box monitors cannot identify connected components; flags select cases for visual review and are not exclusions.,False,False,,,,,,,not_selected,,,,,
P-378p283018896_VX-0p735158781064_LS-4p42419225112e-05_ST-367p022862863_M-TI64_XI-0p0002_XF-0p0014_XL-0p0012_TE-0p0021_DT-6p56201180925e-06_H-36d24309a8,new-data,,True,203.4904,131.5029,195.1309,8.359499999999997,1.0428404727288194,150.95176999999998,221.63241,8.717624931776562,False,36812.0,36812.0,0.0006691692,P-378p283018896_VX-0p735158781064_LS-4p42419225112e-05_ST-367p022862863_M-TI64_XI-0p0002_XF-0p0014_XL-0p0012_TE-0p0021_DT-6p56201180925e-06_H-36d24309a8/gif_files/animation_ss_side.gif,Bounding-box monitors cannot identify connected components; flags select cases for visual review and are not exclusions.,False,False,,,,,,,not_selected,,,,,
P-143p879945116_VX-0p336279357485_LS-6p76007351295e-05_ST-398p207663754_M-TI64_XI-0p0002_XF-0p0014_XL-0p0012_TE-0p00125_DT-1p91595257833e-05_H-bf889bf790,old-data-local,sim_00041,False,62.29735,58.74863,54.77669,7.520659999999999,1.137296722383189,178.8551,77.21452000000001,8.553221968158352,False,68795.0,68795.0,0.001250006,P-143p879945116_VX-0p336279357485_LS-6p76007351295e-05_ST-398p207663754_M-TI64_XI-0p0002_XF-0p0014_XL-0p0012_TE-0p00125_DT-1p91595257833e-05_H-bf889bf790/gif_files/animation_ss_side.gif,Bounding-box monitors cannot identify connected components; flags select cases for visual review and are not exclusions.,False,False,,,,,,,not_selected,,,,,
P-336p384535968_VX-0p857000372961_LS-5p14827567032e-05_ST-367p720955238_M-TI64_XI-0p0002_XF-0p0014_XL-0p0012_TE-0p0021_DT-5p62907643359e-06_H-1d842653b1,new-data,,False,94.14768,77.66257,86.63813,7.50954999999999,1.0866771939791404,142.30884,112.98027,8.160456722046042,False,80249.0,80249.0,0.001458019,P-336p384535968_VX-0p857000372961_LS-5p14827567032e-05_ST-367p720955238_M-TI64_XI-0p0002_XF-0p0014_XL-0p0012_TE-0p0021_DT-5p62907643359e-06_H-1d842653b1/gif_files/animation_ss_side.gif,Bounding-box monitors cannot identify connected components; flags select cases for visual review and are not exclusions.,False,False,,,,,,,not_selected,,,,,
P-389p770210211_VX-0p908238681403_LS-4p3221586392e-05_ST-323p581279452_M-TI64_XI-0p0002_XF-0p0014_XL-0p0012_TE-0p0021_DT-5p31151194261e-06_H-8b3ff695c9,new-data,,True,138.2149,82.48979,131.37439999999998,6.84050000000002,1.052068743986652,143.48321,158.34834,7.196676243240715,False,24616.0,24616.0,0.0004476151,P-389p770210211_VX-0p908238681403_LS-4p3221586392e-05_ST-323p581279452_M-TI64_XI-0p0002_XF-0p0014_XL-0p0012_TE-0p0021_DT-5p31151194261e-06_H-8b3ff695c9/gif_files/animation_ss_side.gif,Bounding-box monitors cannot identify connected components; flags select cases for visual review and are not exclusions.,False,False,,,,,,,not_selected,,,,,
P-429p223744451_VX-0p993777087019_LS-4p49939505126e-05_ST-337p477091824_M-TI64_XI-0p0002_XF-0p0014_XL-0p0012_TE-0p0021_DT-4p8543286679e-06_H-c87ffcf9e3,new-data,,True,115.8962,77.89432,109.3287,6.56750000000001,1.060071143258815,150.40043,137.32035,6.962017233352278,False,22218.0,22218.0,0.0004039957,P-429p223744451_VX-0p993777087019_LS-4p49939505126e-05_ST-337p477091824_M-TI64_XI-0p0002_XF-0p0014_XL-0p0012_TE-0p0021_DT-4p8543286679e-06_H-c87ffcf9e3/gif_files/animation_ss_side.gif,Bounding-box monitors cannot identify connected components; flags select cases for visual review and are not exclusions.,False,False,,,,,,,not_selected,,,,,
P-435p358668153_VX-0p616312825798_LS-4p12302442682e-05_ST-330p720611029_M-TI64_XI-0p0002_XF-0p0014_XL-0p0012_TE-0p0021_DT-7p82738960003e-06_H-4dbd940f3b,new-data,,True,301.9033,244.2168,295.66395,6.239350000000002,1.0211028432786615,160.44444,327.08158000000003,6.371018025210718,False,33997.0,33997.0,0.0006180466,P-435p358668153_VX-0p616312825798_LS-4p12302442682e-05_ST-330p720611029_M-TI64_XI-0p0002_XF-0p0014_XL-0p0012_TE-0p0021_DT-7p82738960003e-06_H-4dbd940f3b/gif_files/animation_ss_side.gif,Bounding-box monitors cannot identify connected components; flags select cases for visual review and are not exclusions.,False,False,,,,,,,not_selected,,,,,
P-208p096600196_VX-0p256636148953_LS-4p52492384214e-05_ST-395p602757306_M-TI64_XI-0p0002_XF-0p0014_XL-0p0012_TE-0p0021_DT-1p87975101041e-05_H-1980b1708d,new-data,,True,158.3638,74.71056,152.34725,6.016549999999995,1.0394923439707642,181.09452,174.41952999999998,6.254157662117296,False,70549.0,70549.0,0.00128186,P-208p096600196_VX-0p256636148953_LS-4p52492384214e-05_ST-395p602757306_M-TI64_XI-0p0002_XF-0p0014_XL-0p0012_TE-0p0021_DT-1p87975101041e-05_H-1980b1708d/gif_files/animation_ss_side.gif,Bounding-box monitors cannot identify connected components; flags select cases for visual review and are not exclusions.,False,False,,,,,,,not_selected,,,,,
P-223p161294482_VX-0p578452940205_LS-4p86833733719e-05_ST-359p100984903_M-TI64_XI-0p0002_XF-0p0014_XL-0p0012_TE-0p0021_DT-8p33969415266e-06_H-1e85da8953,old-data-remote-clean,sim_00222,True,155.835,82.64709,149.85005,5.984949999999998,1.0399395929464157,151.77320000000003,180.13736,6.223986466804647,False,74877.0,74877.0,0.00136046,P-223p161294482_VX-0p578452940205_LS-4p86833733719e-05_ST-359p100984903_M-TI64_XI-0p0002_XF-0p0014_XL-0p0012_TE-0p0021_DT-8p33969415266e-06_H-1e85da8953/gif_files/animation_ss_side.gif,Bounding-box monitors cannot identify connected components; flags select cases for visual review and are not exclusions.,False,False,,,,,,,not_selected,,,,,
P-243p042265843_VX-0p642372627708_LS-5p19118052277e-05_ST-314p809567363_M-TI64_XI-0p0002_XF-0p0014_XL-0p0012_TE-0p0021_DT-7p50984770355e-06_H-ac0fcec187,new-data,,True,112.2186,74.52087,106.33515,5.8834500000000105,1.0553293055024608,159.35927,132.37195,6.208977202458464,False,33942.0,33942.0,0.0006170477,P-243p042265843_VX-0p642372627708_LS-5p19118052277e-05_ST-314p809567363_M-TI64_XI-0p0002_XF-0p0014_XL-0p0012_TE-0p0021_DT-7p50984770355e-06_H-ac0fcec187/gif_files/animation_ss_side.gif,Bounding-box monitors cannot identify connected components; flags select cases for visual review and are not exclusions.,False,False,,,,,,,not_selected,,,,,
P-375p190327887_VX-0p471971299611_LS-7p58652830639e-05_ST-330p289975384_M-TI64_XI-0p0002_XF-0p0014_XL-0p0012_TE-0p0021_DT-1p02212160082e-05_H-1553ff852f,new-data,,True,156.0124,102.2477,150.64065000000002,5.371749999999963,1.0356593655165454,246.9192,183.69743,5.5633031967134645,False,54020.0,54020.0,0.0009816801,P-375p190327887_VX-0p471971299611_LS-7p58652830639e-05_ST-330p289975384_M-TI64_XI-0p0002_XF-0p0014_XL-0p0012_TE-0p0021_DT-1p02212160082e-05_H-1553ff852f/gif_files/animation_ss_side.gif,Bounding-box monitors cannot identify connected components; flags select cases for visual review and are not exclusions.,False,False,,,,,,,not_selected,,,,,
P-423p354289604_VX-0p98992750487_LS-4p35270321082e-05_ST-379p923005206_M-TI64_XI-0p0002_XF-0p0014_XL-0p0012_TE-0p0021_DT-4p87320594618e-06_H-4d45e0bf17,new-data,,True,111.1982,74.74561,105.9577,5.240499999999997,1.049458415952781,146.32012999999998,130.11788,5.499686828800547,False,22690.0,22690.0,0.0004125814,P-423p354289604_VX-0p98992750487_LS-4p35270321082e-05_ST-379p923005206_M-TI64_XI-0p0002_XF-0p0014_XL-0p0012_TE-0p0021_DT-4p87320594618e-06_H-4d45e0bf17/gif_files/animation_ss_side.gif,Bounding-box monitors cannot identify connected components; flags select cases for visual review and are not exclusions.,False,False,,,,,,,not_selected,,,,,
P-377p125910628_VX-0p77115452106_LS-4p31707402483e-05_ST-313p190582012_M-TI64_XI-0p0002_XF-0p0014_XL-0p0012_TE-0p0021_DT-6p25571201526e-06_H-8b3ff695c9,new-data,,True,207.9276,98.33856,202.7497,5.177899999999994,1.025538385506859,149.51322,228.09131,5.310135206315959,False,29190.0,29190.0,0.0005307476,P-377p125910628_VX-0p77115452106_LS-4p31707402483e-05_ST-313p190582012_M-TI64_XI-0p0002_XF-0p0014_XL-0p0012_TE-0p0021_DT-6p25571201526e-06_H-8b3ff695c9/gif_files/animation_ss_side.gif,Bounding-box monitors cannot identify connected components; flags select cases for visual review and are not exclusions.,False,False,,,,,,,not_selected,,,,,
P-211p816522505_VX-0p520710876808_LS-4p80782604054e-05_ST-318p660442183_M-TI64_XI-0p0002_XF-0p0014_XL-0p0012_TE-0p0021_DT-9p26448979247e-06_H-5a4acb0e81,old-data-local,sim_00105,True,184.4088,78.62832,179.2678,5.14100000000002,1.0286777658899144,151.05332,208.30388,5.28843239444007,False,88881.0,88881.0,0.001614783,P-211p816522505_VX-0p520710876808_LS-4p80782604054e-05_ST-318p660442183_M-TI64_XI-0p0002_XF-0p0014_XL-0p0012_TE-0p0021_DT-9p26448979247e-06_H-5a4acb0e81/gif_files/animation_ss_side.gif,Bounding-box monitors cannot identify connected components; flags select cases for visual review and are not exclusions.,False,False,,,,,,,not_selected,,,,,
P-187p255870651_VX-0p828194463092_LS-4p64611349328e-05_ST-375p783913497_M-TI64_XI-0p0002_XF-0p0014_XL-0p0012_TE-0p0021_DT-5p82486459159e-06_H-bc28d74e69,new-data,,False,63.52674,58.45098,58.84376,4.682980000000001,1.0795832897150013,109.75498,86.72084,5.055666954069557,False,82949.0,82949.0,0.001507054,P-187p255870651_VX-0p828194463092_LS-4p64611349328e-05_ST-375p783913497_M-TI64_XI-0p0002_XF-0p0014_XL-0p0012_TE-0p0021_DT-5p82486459159e-06_H-bc28d74e69/gif_files/animation_ss_side.gif,Bounding-box monitors cannot identify connected components; flags select cases for visual review and are not exclusions.,False,False,,,,,,,not_selected,,,,,
P-348p497115387_VX-0p94790268949_LS-7p31988762132e-05_ST-305p038657876_M-TI64_XI-0p0002_XF-0p0014_XL-0p0012_TE-0p0021_DT-5p08925721649e-06_H-1d842653b1,new-data,,False,75.02064,70.402365,70.50156000000001,4.519079999999988,1.0640990071709049,160.30111,96.98227,4.808748541325881,False,75195.0,75195.0,0.001366235,P-348p497115387_VX-0p94790268949_LS-7p31988762132e-05_ST-305p038657876_M-TI64_XI-0p0002_XF-0p0014_XL-0p0012_TE-0p0021_DT-5p08925721649e-06_H-1d842653b1/gif_files/animation_ss_side.gif,Bounding-box monitors cannot identify connected components; flags select cases for visual review and are not exclusions.,False,False,,,,,,,not_selected,,,,,
P-240p318887809_VX-0p361018894241_LS-4p85509578057e-05_ST-398p513006139_M-TI64_XI-0p0002_XF-0p0014_XL-0p0012_TE-0p0021_DT-1p33625155912e-05_H-3a501d5f99,old-data-remote-clean,sim_00230,True,239.2377,94.365085,234.5346,4.703100000000006,1.020052904773965,187.76755,257.77633999999995,4.797410816442442,False,62685.0,62685.0,0.001139043,P-240p318887809_VX-0p361018894241_LS-4p85509578057e-05_ST-398p513006139_M-TI64_XI-0p0002_XF-0p0014_XL-0p0012_TE-0p0021_DT-1p33625155912e-05_H-3a501d5f99/gif_files/animation_ss_side.gif,Bounding-box monitors cannot identify connected components; flags select cases for visual review and are not exclusions.,False,False,,,,,,,not_selected,,,,,
P-445p244311553_VX-0p680564934933_LS-4p06442633709e-05_ST-341p721757622_M-TI64_XI-0p0002_XF-0p0014_XL-0p0012_TE-0p0021_DT-7p0884060512e-06_H-c87ffcf9e3,new-data,,True,302.4508,172.47639999999998,297.72835000000003,4.722449999999981,1.0158616067297588,157.75794,326.20473,4.79735564470093,False,32971.0,32971.0,0.0005994136,P-445p244311553_VX-0p680564934933_LS-4p06442633709e-05_ST-341p721757622_M-TI64_XI-0p0002_XF-0p0014_XL-0p0012_TE-0p0021_DT-7p0884060512e-06_H-c87ffcf9e3/gif_files/animation_ss_side.gif,Bounding-box monitors cannot identify connected components; flags select cases for visual review and are not exclusions.,False,False,,,,,,,not_selected,,,,,
P-210p093044543_VX-0p812610384047_LS-5p18819698292e-05_ST-390p525668596_M-TI64_XI-0p0002_XF-0p0014_XL-0p0012_TE-0p0021_DT-5p93657267704e-06_H-d9be003c20,old-data-local,sim_00104,False,67.35419,62.57318,62.89088,4.463310000000007,1.070969113486725,127.26279,90.35762,4.780067153916442,False,83164.0,83164.0,0.001510958,P-210p093044543_VX-0p812610384047_LS-5p18819698292e-05_ST-390p525668596_M-TI64_XI-0p0002_XF-0p0014_XL-0p0012_TE-0p0021_DT-5p93657267704e-06_H-d9be003c20/gif_files/animation_ss_side.gif,Bounding-box monitors cannot identify connected components; flags select cases for visual review and are not exclusions.,False,False,,,,,,,not_selected,,,,,
P-206p272219756_VX-0p781444456167_LS-4p98713368602e-05_ST-399p182507166_M-TI64_XI-0p0002_XF-0p0014_XL-0p0012_TE-0p0021_DT-6p17333780404e-06_H-16cfaf1a76,old-data-local,sim_00099,False,70.78016,62.61258,66.30422499999999,4.475935000000007,1.0675060299701868,125.20423999999998,95.27506,4.778087602254615,False,87125.0,87125.0,0.001582893,P-206p272219756_VX-0p781444456167_LS-4p98713368602e-05_ST-399p182507166_M-TI64_XI-0p0002_XF-0p0014_XL-0p0012_TE-0p0021_DT-6p17333780404e-06_H-16cfaf1a76/gif_files/animation_ss_side.gif,Bounding-box monitors cannot identify connected components; flags select cases for visual review and are not exclusions.,False,False,,,,,,,not_selected,,,,,
P-212p944274192_VX-0p351323873231_LS-4p80439392259e-05_ST-351p894554175_M-TI64_XI-0p0002_XF-0p0014_XL-0p0012_TE-0p0021_DT-1p37312632889e-05_H-7c2e16b959,new-data,,True,119.0752,78.70302,114.5273,4.547899999999999,1.039710182637677,182.71564,137.37850999999998,4.728497939617888,False,63000.0,63000.0,0.001144764,P-212p944274192_VX-0p351323873231_LS-4p80439392259e-05_ST-351p894554175_M-TI64_XI-0p0002_XF-0p0014_XL-0p0012_TE-0p0021_DT-1p37312632889e-05_H-7c2e16b959/gif_files/animation_ss_side.gif,Bounding-box monitors cannot identify connected components; flags select cases for visual review and are not exclusions.,False,False,,,,,,,not_selected,,,,,
P-360p567405001_VX-0p20359066256_LS-4p0817768449e-05_ST-337p353350673_M-TI64_XI-0p0002_XF-0p0014_XL-0p0012_TE-0p0021_DT-2p36951957538e-05_H-a3855470b8,new-data,,True,305.7462,96.47332,301.2056,4.540599999999984,1.0150747529262405,175.64542,322.57949,4.60904842313687,False,71459.0,71459.0,0.001298386,P-360p567405001_VX-0p20359066256_LS-4p0817768449e-05_ST-337p353350673_M-TI64_XI-0p0002_XF-0p0014_XL-0p0012_TE-0p0021_DT-2p36951957538e-05_H-a3855470b8/gif_files/animation_ss_side.gif,Bounding-box monitors cannot identify connected components; flags select cases for visual review and are not exclusions.,False,False,,,,,,,not_selected,,,,,
P-438p134561959_VX-0p25154969533_LS-4p05773405909e-05_ST-340p985774893_M-TI64_XI-0p0002_XF-0p0014_XL-0p0012_TE-0p0021_DT-1p91776046347e-05_H-dfeedce527,new-data,,True,305.7694,300.0219,301.24170000000004,4.527699999999925,1.015030123651539,173.23787000000002,322.63577,4.595751890856998,False,55854.0,55854.0,0.001014987,P-438p134561959_VX-0p25154969533_LS-4p05773405909e-05_ST-340p985774893_M-TI64_XI-0p0002_XF-0p0014_XL-0p0012_TE-0p0021_DT-1p91776046347e-05_H-dfeedce527/gif_files/animation_ss_side.gif,Bounding-box monitors cannot identify connected components; flags select cases for visual review and are not exclusions.,False,False,,,,,,,not_selected,,,,,
P-326p931045044_VX-0p255856443683_LS-6p48737236991e-05_ST-399p817710522_M-TI64_XI-0p0002_XF-0p0014_XL-0p0012_TE-0p0021_DT-1p88547942494e-05_H-9cf0389d20,new-data,,True,287.6517,94.37197,283.35630000000003,4.295399999999972,1.0151590065228828,245.2988,311.27151000000003,4.360513996618363,False,80449.0,80449.0,0.001461652,P-326p931045044_VX-0p255856443683_LS-6p48737236991e-05_ST-399p817710522_M-TI64_XI-0p0002_XF-0p0014_XL-0p0012_TE-0p0021_DT-1p88547942494e-05_H-9cf0389d20/gif_files/animation_ss_side.gif,Bounding-box monitors cannot identify connected components; flags select cases for visual review and are not exclusions.,False,False,,,,,,,not_selected,,,,,
P-110p131967455_VX-0p225166085115_LS-5p63312318207e-05_ST-326p092691949_M-TI64_XI-0p0002_XF-0p0014_XL-0p0012_TE-0p0021_DT-2p14247212255e-05_H-b41981edcb,old-data-remote-clean,sim_00184,False,55.02534,54.71282,51.01349,4.011849999999996,1.0786429236658772,182.45961,69.68517999999999,4.3273536133089445,False,110690.0,110690.0,0.002010852,P-110p131967455_VX-0p225166085115_LS-5p63312318207e-05_ST-326p092691949_M-TI64_XI-0p0002_XF-0p0014_XL-0p0012_TE-0p0021_DT-2p14247212255e-05_H-b41981edcb/gif_files/animation_ss_side.gif,Bounding-box monitors cannot identify connected components; flags select cases for visual review and are not exclusions.,False,False,,,,,,,not_selected,,,,,
P-109p759946449_VX-0p241926176876_LS-4p5e-05_ST-300_M-TI64_XI--0p0002_XF-0p0012_XL-0p0014_TE-0p00125_DT-7p72873359867e-06_H-fb250c7cf9,old-data-local,sim_00005,False,66.84565,66.61901499999999,62.78896,4.05669000000001,1.0646083324202218,166.69611,85.23289000000001,4.318785976045801,False,63730.0,63730.0,0.001158021,P-109p759946449_VX-0p241926176876_LS-4p5e-05_ST-300_M-TI64_XI--0p0002_XF-0p0012_XL-0p0014_TE-0p00125_DT-7p72873359867e-06_H-fb250c7cf9/gif_files/animation_ss_side.gif,Bounding-box monitors cannot identify connected components; flags select cases for visual review and are not exclusions.,False,False,,,,,,,not_selected,,,,,
P-74p5163352518_VX-0p201002332148_LS-4p5e-05_ST-300_M-TI64_XI--0p0002_XF-0p0012_XL-0p0014_TE-0p00125_DT-9p30229491189e-06_H-fb250c7cf9,old-data-local,sim_00152,False,50.88814,50.74676,46.927385,3.960754999999999,1.0844017837345934,155.41661,64.26436000000001,4.295049786935708,False,57498.0,57498.0,0.001044843,P-74p5163352518_VX-0p201002332148_LS-4p5e-05_ST-300_M-TI64_XI--0p0002_XF-0p0012_XL-0p0014_TE-0p00125_DT-9p30229491189e-06_H-fb250c7cf9/gif_files/animation_ss_side.gif,Bounding-box monitors cannot identify connected components; flags select cases for visual review and are not exclusions.,False,False,,,,,,,not_selected,,,,,
P-293p648784497_VX-0p426690912013_LS-5p33940457289e-05_ST-351p677261216_M-TI64_XI-0p0002_XF-0p0014_XL-0p0012_TE-0p0021_DT-1p13058902058e-05_H-5799d46da7,new-data,,True,270.62339999999995,236.99555,266.4633,4.160099999999943,1.0156122813160384,196.89063,292.89929,4.225048651502793,False,53525.0,53525.0,0.0009726905,P-293p648784497_VX-0p426690912013_LS-5p33940457289e-05_ST-351p677261216_M-TI64_XI-0p0002_XF-0p0014_XL-0p0012_TE-0p0021_DT-1p13058902058e-05_H-5799d46da7/gif_files/animation_ss_side.gif,Bounding-box monitors cannot identify connected components; flags select cases for visual review and are not exclusions.,False,False,,,,,,,not_selected,,,,,
P-237p334710533_VX-0p878374904385_LS-5p83506544001e-05_ST-382p29609677_M-TI64_XI-0p0002_XF-0p0014_XL-0p0012_TE-0p0021_DT-5p49209748472e-06_H-8773df93d2,old-data-local,sim_00132,False,66.85159,62.64183,62.88615000000001,3.965439999999994,1.063057445876397,135.23821999999998,90.98249,4.215490518176093,False,78667.0,78667.0,0.001429289,P-237p334710533_VX-0p878374904385_LS-5p83506544001e-05_ST-382p29609677_M-TI64_XI-0p0002_XF-0p0014_XL-0p0012_TE-0p0021_DT-5p49209748472e-06_H-8773df93d2/gif_files/animation_ss_side.gif,Bounding-box monitors cannot identify connected components; flags select cases for visual review and are not exclusions.,False,False,,,,,,,not_selected,,,,,
P-59p3859586774_VX-0p222677981218_LS-4p5e-05_ST-300_M-TI64_XI--0p0002_XF-0p0012_XL-0p0014_TE-0p00125_DT-8p39680224058e-06_H-306f9d252b,old-data-local,sim_00146,False,42.65557,38.8958,38.873135,3.782435000000007,1.0973020313386097,138.88186,58.7261,4.150473608906261,False,67726.0,67726.0,0.001230592,P-59p3859586774_VX-0p222677981218_LS-4p5e-05_ST-300_M-TI64_XI--0p0002_XF-0p0012_XL-0p0014_TE-0p00125_DT-8p39680224058e-06_H-306f9d252b/gif_files/animation_ss_side.gif,Bounding-box monitors cannot identify connected components; flags select cases for visual review and are not exclusions.,False,False,,,,,,,not_selected,,,,,
P-231p081894821_VX-0p850370876493_LS-5p5190986405e-05_ST-302p777484886_M-TI64_XI-0p0002_XF-0p0014_XL-0p0012_TE-0p0021_DT-5p67296074733e-06_H-179e4a5e71,new-data,,False,66.55402000000001,62.65886999999999,62.800715,3.753305000000012,1.0597653227355772,127.97551,90.23639,3.977622484650068,False,80493.0,80493.0,0.001462451,P-231p081894821_VX-0p850370876493_LS-5p5190986405e-05_ST-302p777484886_M-TI64_XI-0p0002_XF-0p0014_XL-0p0012_TE-0p0021_DT-5p67296074733e-06_H-179e4a5e71/gif_files/animation_ss_side.gif,Bounding-box monitors cannot identify connected components; flags select cases for visual review and are not exclusions.,False,False,,,,,,,not_selected,,,,,
P-210p464738138_VX-0p237113609615_LS-6p46217439158e-05_ST-306p057190902_M-TI64_XI-0p0002_XF-0p0014_XL-0p0012_TE-0p0021_DT-2p03451864735e-05_H-12faed80a6,old-data-remote-clean,sim_00217,False,74.43187,70.85820000000001,70.79170500000001,3.640164999999996,1.051420784398398,232.8807,92.55436,3.8273451396395903,False,113787.0,113787.0,0.002067096,P-210p464738138_VX-0p237113609615_LS-6p46217439158e-05_ST-306p057190902_M-TI64_XI-0p0002_XF-0p0014_XL-0p0012_TE-0p0021_DT-2p03451864735e-05_H-12faed80a6/gif_files/animation_ss_side.gif,Bounding-box monitors cannot identify connected components; flags select cases for visual review and are not exclusions.,False,False,,,,,,,not_selected,,,,,
P-241p526098173_VX-0p390351171714_LS-7p60309896784e-05_ST-322p459160533_M-TI64_XI-0p0002_XF-0p0014_XL-0p0012_TE-0p0021_DT-1p23584119956e-05_H-0e4c2fc094,new-data,,False,94.03579,90.41496,90.367865,3.6679249999999968,1.0405888199306246,231.0133,125.80011000000002,3.8168017473440328,False,115508.0,115508.0,0.002098351,P-241p526098173_VX-0p390351171714_LS-7p60309896784e-05_ST-322p459160533_M-TI64_XI-0p0002_XF-0p0014_XL-0p0012_TE-0p0021_DT-1p23584119956e-05_H-0e4c2fc094/gif_files/animation_ss_side.gif,Bounding-box monitors cannot identify connected components; flags select cases for visual review and are not exclusions.,False,False,,,,,,,not_selected,,,,,
P-387p363679816_VX-0p298546823055_LS-4p09005526538e-05_ST-395p436254411_M-TI64_XI-0p0002_XF-0p0014_XL-0p0012_TE-0p0021_DT-1p61586733821e-05_H-c87ffcf9e3,new-data,,True,304.4302,299.4273,300.66835,3.761850000000038,1.0125116261821374,166.90015,321.63806000000005,3.808916860953312,False,47954.0,47954.0,0.0008715167,P-387p363679816_VX-0p298546823055_LS-4p09005526538e-05_ST-395p436254411_M-TI64_XI-0p0002_XF-0p0014_XL-0p0012_TE-0p0021_DT-1p61586733821e-05_H-c87ffcf9e3/gif_files/animation_ss_side.gif,Bounding-box monitors cannot identify connected components; flags select cases for visual review and are not exclusions.,False,False,,,,,,,not_selected,,,,,
P-270p660461155_VX-0p506275452772_LS-4p55363433165e-05_ST-392p157982605_M-TI64_XI-0p0002_XF-0p0014_XL-0p0012_TE-0p0021_DT-9p52864804446e-06_H-b5aba20bdc,new-data,,True,301.73389999999995,171.73115,298.0861,3.647799999999961,1.0122374038910231,165.60118000000003,322.63531,3.692439601913636,False,39250.0,39250.0,0.0007134452,P-270p660461155_VX-0p506275452772_LS-4p55363433165e-05_ST-392p157982605_M-TI64_XI-0p0002_XF-0p0014_XL-0p0012_TE-0p0021_DT-9p52864804446e-06_H-b5aba20bdc/gif_files/animation_ss_side.gif,Bounding-box monitors cannot identify connected components; flags select cases for visual review and are not exclusions.,False,False,,,,,,,not_selected,,,,,
P-134p442185153_VX-0p806363522352_LS-4p5e-05_ST-300_M-TI64_XI--0p0002_XF-0p0012_XL-0p0014_TE-0p00125_DT-2p3187841709e-06_H-b0e5aed98c,old-data-local,sim_00027,False,54.33847,50.8492,50.89265,3.4458200000000048,1.0677076159327528,112.2229,79.72248,3.6791282571334034,False,68477.0,68477.0,0.001244231,P-134p442185153_VX-0p806363522352_LS-4p5e-05_ST-300_M-TI64_XI--0p0002_XF-0p0012_XL-0p0014_TE-0p00125_DT-2p3187841709e-06_H-b0e5aed98c/gif_files/animation_ss_side.gif,Bounding-box monitors cannot identify connected components; flags select cases for visual review and are not exclusions.,False,False,,,,,,,not_selected,,,,,
P-264p370573209_VX-0p395776293281_LS-4p78236029631e-05_ST-378p311267492_M-TI64_XI-0p0002_XF-0p0014_XL-0p0012_TE-0p0021_DT-1p21890085003e-05_H-985b11a49e,new-data,,True,302.1039,214.1457,298.9531,3.150800000000004,1.010539445819428,176.19352,323.26049,3.184007685887857,False,46665.0,46665.0,0.0008481074,P-264p370573209_VX-0p395776293281_LS-4p78236029631e-05_ST-378p311267492_M-TI64_XI-0p0002_XF-0p0014_XL-0p0012_TE-0p0021_DT-1p21890085003e-05_H-985b11a49e/gif_files/animation_ss_side.gif,Bounding-box monitors cannot identify connected components; flags select cases for visual review and are not exclusions.,False,False,,,,,,,not_selected,,,,,
P-220p256246323_VX-0p736244453131_LS-5p8651582992e-05_ST-358p758060614_M-TI64_XI-0p0002_XF-0p0014_XL-0p0012_TE-0p00125_DT-8p75110568607e-06_H-bf889bf790,old-data-local,sim_00116,False,69.99999000000001,66.77531,67.22159,2.778400000000005,1.0413319589733,150.99709,87.10528000000001,2.893236714811422,False,32784.0,32784.0,0.0005960175,P-220p256246323_VX-0p736244453131_LS-5p8651582992e-05_ST-358p758060614_M-TI64_XI-0p0002_XF-0p0014_XL-0p0012_TE-0p00125_DT-8p75110568607e-06_H-bf889bf790/gif_files/animation_ss_side.gif,Bounding-box monitors cannot identify connected components; flags select cases for visual review and are not exclusions.,False,False,,,,,,,not_selected,,,,,
P-369p066732517_VX-0p471239257303_LS-5p48020687799e-05_ST-388p757421411_M-TI64_XI-0p0002_XF-0p0014_XL-0p0012_TE-0p0021_DT-1p02370940626e-05_H-1553ff852f,new-data,,True,302.6773,231.41035,300.116,2.561300000000017,1.0085343667115385,200.44313,330.22603000000004,2.58315907345828,False,41293.0,41293.0,0.0007505477,P-369p066732517_VX-0p471239257303_LS-5p48020687799e-05_ST-388p757421411_M-TI64_XI-0p0002_XF-0p0014_XL-0p0012_TE-0p0021_DT-1p02370940626e-05_H-1553ff852f/gif_files/animation_ss_side.gif,Bounding-box monitors cannot identify connected components; flags select cases for visual review and are not exclusions.,False,False,,,,,,,not_selected,,,,,
P-446p862811862_VX-0p39827443832_LS-4p33402817419e-05_ST-361p067570798_M-TI64_XI-0p0002_XF-0p0014_XL-0p0012_TE-0p0021_DT-1p21125539047e-05_H-4b0ba6b8ba,new-data,,True,303.489,300.5299,300.9281,2.560900000000004,1.008510006210786,183.42433,329.62493,2.582693274905205,False,46151.0,46151.0,0.0008387728,P-446p862811862_VX-0p39827443832_LS-4p33402817419e-05_ST-361p067570798_M-TI64_XI-0p0002_XF-0p0014_XL-0p0012_TE-0p0021_DT-1p21125539047e-05_H-4b0ba6b8ba/gif_files/animation_ss_side.gif,Bounding-box monitors cannot identify connected components; flags select cases for visual review and are not exclusions.,False,False,,,,,,,not_selected,,,,,
P-409p380479822_VX-0p571506017722_LS-4p19025576691e-05_ST-383p379922389_M-TI64_XI-0p0002_XF-0p0014_XL-0p0012_TE-0p0021_DT-8p44106702891e-06_H-86665dad6a,new-data,,True,303.3359,212.18495,300.9293,2.406599999999969,1.007997227255704,166.37299,326.41474,2.4258461271135463,False,34626.0,34626.0,0.0006294697,P-409p380479822_VX-0p571506017722_LS-4p19025576691e-05_ST-383p379922389_M-TI64_XI-0p0002_XF-0p0014_XL-0p0012_TE-0p0021_DT-8p44106702891e-06_H-86665dad6a/gif_files/animation_ss_side.gif,Bounding-box monitors cannot identify connected components; flags select cases for visual review and are not exclusions.,False,False,,,,,,,not_selected,,,,,
P-378p895448518_VX-0p547210222693_LS-4p25171421559e-05_ST-392p752580943_M-TI64_XI-0p0002_XF-0p0014_XL-0p0012_TE-0p0021_DT-8p81584517788e-06_H-dc75daed1b,new-data,,True,303.1071,218.005,300.74285000000003,2.36424999999997,1.0078613672777257,166.70394000000002,330.5434,2.382836237586333,False,35320.0,35320.0,0.0006420733,P-378p895448518_VX-0p547210222693_LS-4p25171421559e-05_ST-392p752580943_M-TI64_XI-0p0002_XF-0p0014_XL-0p0012_TE-0p0021_DT-8p81584517788e-06_H-dc75daed1b/gif_files/animation_ss_side.gif,Bounding-box monitors cannot identify connected components; flags select cases for visual review and are not exclusions.,False,False,,,,,,,not_selected,,,,,
P-385p522203_VX-0p931994182449_LS-4p05647861864e-05_ST-365p262393292_M-TI64_XI-0p0002_XF-0p0014_XL-0p0012_TE-0p0021_DT-5p17612737704e-06_H-3a5de7627d,new-data,,True,139.438,78.38302999999999,137.14635,2.291649999999976,1.0167095223460192,134.49662999999998,156.61643999999998,2.3299423768842304,False,25996.0,25996.0,0.0004727172,P-385p522203_VX-0p931994182449_LS-4p05647861864e-05_ST-365p262393292_M-TI64_XI-0p0002_XF-0p0014_XL-0p0012_TE-0p0021_DT-5p17612737704e-06_H-3a5de7627d/gif_files/animation_ss_side.gif,Bounding-box monitors cannot identify connected components; flags select cases for visual review and are not exclusions.,False,False,,,,,,,not_selected,,,,,
P-413p458184039_VX-0p35207482727_LS-4p49853708666e-05_ST-303p358380963_M-TI64_XI-0p0002_XF-0p0014_XL-0p0012_TE-0p0021_DT-1p37019753455e-05_H-ff013f97fe,new-data,,True,302.9467,300.06730000000005,300.66255,2.284149999999954,1.0075970552368425,184.62416,323.16606,2.301502813719188,False,42681.0,42681.0,0.0007757549,P-413p458184039_VX-0p35207482727_LS-4p49853708666e-05_ST-303p358380963_M-TI64_XI-0p0002_XF-0p0014_XL-0p0012_TE-0p0021_DT-1p37019753455e-05_H-ff013f97fe/gif_files/animation_ss_side.gif,Bounding-box monitors cannot identify connected components; flags select cases for visual review and are not exclusions.,False,False,,,,,,,not_selected,,,,,
P-413p007329362_VX-0p214914258115_LS-4p25156575745e-05_ST-342p625619244_M-TI64_XI-0p0002_XF-0p0014_XL-0p0012_TE-0p0021_DT-2p24467219873e-05_H-c87ffcf9e3,new-data,,True,303.3839,198.87655,301.13219999999995,2.251700000000028,1.0074774467825096,192.60807,321.80104,2.268536966920205,False,73130.0,73130.0,0.001328733,P-413p007329362_VX-0p214914258115_LS-4p25156575745e-05_ST-342p625619244_M-TI64_XI-0p0002_XF-0p0014_XL-0p0012_TE-0p0021_DT-2p24467219873e-05_H-c87ffcf9e3/gif_files/animation_ss_side.gif,Bounding-box monitors cannot identify connected components; flags select cases for visual review and are not exclusions.,False,False,,,,,,,not_selected,,,,,
P-378p699667122_VX-0p273966982762_LS-4p19552514454e-05_ST-349p537322979_M-TI64_XI-0p0002_XF-0p0014_XL-0p0012_TE-0p0021_DT-1p76084014007e-05_H-c87ffcf9e3,new-data,,True,302.8145,267.0324,300.57210000000003,2.242399999999975,1.0074604396083335,188.59544,323.66459999999995,2.259129289777702,False,62920.0,62920.0,0.001143311,P-378p699667122_VX-0p273966982762_LS-4p19552514454e-05_ST-349p537322979_M-TI64_XI-0p0002_XF-0p0014_XL-0p0012_TE-0p0021_DT-1p76084014007e-05_H-c87ffcf9e3/gif_files/animation_ss_side.gif,Bounding-box monitors cannot identify connected components; flags select cases for visual review and are not exclusions.,False,False,,,,,,,not_selected,,,,,
P-404p674556304_VX-0p544519129004_LS-4p43635630435e-05_ST-368p185027338_M-TI64_XI-0p0002_XF-0p0014_XL-0p0012_TE-0p0021_DT-8p85941438245e-06_H-4d45e0bf17,new-data,,True,302.8414,223.7523,300.6846,2.1568000000000325,1.0071729646280525,173.18321,325.13089,2.172270650109816,False,45463.0,45463.0,0.0008262782,P-404p674556304_VX-0p544519129004_LS-4p43635630435e-05_ST-368p185027338_M-TI64_XI-0p0002_XF-0p0014_XL-0p0012_TE-0p0021_DT-8p85941438245e-06_H-4d45e0bf17/gif_files/animation_ss_side.gif,Bounding-box monitors cannot identify connected components; flags select cases for visual review and are not exclusions.,False,False,,,,,,,not_selected,,,,,
P-385p792960663_VX-0p466570238049_LS-4p25767555058e-05_ST-363p826454642_M-TI64_XI-0p0002_XF-0p0014_XL-0p0012_TE-0p0021_DT-1p03395377793e-05_H-3d091b92d3,new-data,,True,302.737,296.67615,300.6067,2.130300000000034,1.007086668394284,174.95043,323.36326,2.1453967296803773,False,57572.0,57572.0,0.001046187,P-385p792960663_VX-0p466570238049_LS-4p25767555058e-05_ST-363p826454642_M-TI64_XI-0p0002_XF-0p0014_XL-0p0012_TE-0p0021_DT-1p03395377793e-05_H-3d091b92d3/gif_files/animation_ss_side.gif,Bounding-box monitors cannot identify connected components; flags select cases for visual review and are not exclusions.,False,False,,,,,,,not_selected,,,,,
P-406p350963493_VX-0p484226878203_LS-4p36170368492e-05_ST-370p554621114_M-TI64_XI-0p0002_XF-0p0014_XL-0p0012_TE-0p0021_DT-9p96252133074e-06_H-778de5c076,new-data,,True,302.9004,297.60975,300.7824,2.117999999999995,1.0070416354148382,175.32338,326.56673000000006,2.132914183808622,False,46509.0,46509.0,0.0008452744,P-406p350963493_VX-0p484226878203_LS-4p36170368492e-05_ST-370p554621114_M-TI64_XI-0p0002_XF-0p0014_XL-0p0012_TE-0p0021_DT-9p96252133074e-06_H-778de5c076/gif_files/animation_ss_side.gif,Bounding-box monitors cannot identify connected components; flags select cases for visual review and are not exclusions.,False,False,,,,,,,not_selected,,,,,
P-440p884222701_VX-0p405879510898_LS-4p4918885946e-05_ST-386p365641032_M-TI64_XI-0p0002_XF-0p0014_XL-0p0012_TE-0p0021_DT-1p18855977537e-05_H-410a3c6302,new-data,,True,302.8026,300.40695,300.94995,1.8526499999999828,1.0061560070038222,183.3578,323.76763,1.8640549263756137,False,38743.0,38743.0,0.0007042377,P-440p884222701_VX-0p405879510898_LS-4p4918885946e-05_ST-386p365641032_M-TI64_XI-0p0002_XF-0p0014_XL-0p0012_TE-0p0021_DT-1p18855977537e-05_H-410a3c6302/gif_files/animation_ss_side.gif,Bounding-box monitors cannot identify connected components; flags select cases for visual review and are not exclusions.,False,False,,,,,,,not_selected,,,,,
P-433p517899565_VX-0p4209966739_LS-4p21798941345e-05_ST-396p810205947_M-TI64_XI-0p0002_XF-0p0014_XL-0p0012_TE-0p0021_DT-1p1458809302e-05_H-204261a8b1,new-data,,True,302.8148,300.4357,301.02505,1.7897499999999695,1.005945518487581,182.82543,323.75784,1.8003909917131171,False,63925.0,63925.0,0.001161563,P-433p517899565_VX-0p4209966739_LS-4p21798941345e-05_ST-396p810205947_M-TI64_XI-0p0002_XF-0p0014_XL-0p0012_TE-0p0021_DT-1p1458809302e-05_H-204261a8b1/gif_files/animation_ss_side.gif,Bounding-box monitors cannot identify connected components; flags select cases for visual review and are not exclusions.,False,False,,,,,,,not_selected,,,,,
P-373p935133861_VX-0p314504521571_LS-4p29297292387e-05_ST-349p298273812_M-TI64_XI-0p0002_XF-0p0014_XL-0p0012_TE-0p0021_DT-1p53387956997e-05_H-c87ffcf9e3,new-data,,True,302.65560000000005,296.376,300.8724,1.783200000000022,1.0059267649674746,184.28711,325.72077,1.793768607290023,False,55704.0,55704.0,0.001012263,P-373p935133861_VX-0p314504521571_LS-4p29297292387e-05_ST-349p298273812_M-TI64_XI-0p0002_XF-0p0014_XL-0p0012_TE-0p0021_DT-1p53387956997e-05_H-c87ffcf9e3/gif_files/animation_ss_side.gif,Bounding-box monitors cannot identify connected components; flags select cases for visual review and are not exclusions.,False,False,,,,,,,not_selected,,,,,
P-277p972333632_VX-0p331196372511_LS-4p5620211888e-05_ST-324p411035281_M-TI64_XI-0p0002_XF-0p0014_XL-0p0012_TE-0p0021_DT-1p4565741063e-05_H-0e4c2fc094,new-data,,True,301.7815,107.6205,300.0465,1.7350000000000136,1.0057824370555897,181.89891,323.15138,1.7450325282914618,False,53883.0,53883.0,0.0009791921,P-277p972333632_VX-0p331196372511_LS-4p5620211888e-05_ST-324p411035281_M-TI64_XI-0p0002_XF-0p0014_XL-0p0012_TE-0p0021_DT-1p4565741063e-05_H-0e4c2fc094/gif_files/animation_ss_side.gif,Bounding-box monitors cannot identify connected components; flags select cases for visual review and are not exclusions.,False,False,,,,,,,not_selected,,,,,
P-379p421209359_VX-0p229921993373_LS-5p57538994548e-05_ST-334p989783011_M-TI64_XI-0p0002_XF-0p0014_XL-0p0012_TE-0p0021_DT-2p09815534923e-05_H-1553ff852f,new-data,,True,302.6094,100.2409,300.9048,1.7045999999999708,1.0056649146175134,219.6589,323.99886999999995,1.714256413456984,False,67298.0,67298.0,0.001222819,P-379p421209359_VX-0p229921993373_LS-5p57538994548e-05_ST-334p989783011_M-TI64_XI-0p0002_XF-0p0014_XL-0p0012_TE-0p0021_DT-2p09815534923e-05_H-1553ff852f/gif_files/animation_ss_side.gif,Bounding-box monitors cannot identify connected components; flags select cases for visual review and are not exclusions.,False,False,,,,,,,not_selected,,,,,
P-363p673556898_VX-0p448546579177_LS-4p04529881073e-05_ST-391p93586396_M-TI64_XI-0p0002_XF-0p0014_XL-0p0012_TE-0p0021_DT-1p07550047798e-05_H-f55fc58583,new-data,,True,302.7273,298.89750000000004,301.0654,1.6619000000000028,1.0055200630826393,173.29896999999997,324.22216,1.6710737928370412,False,50963.0,50963.0,0.0009261625,P-363p673556898_VX-0p448546579177_LS-4p04529881073e-05_ST-391p93586396_M-TI64_XI-0p0002_XF-0p0014_XL-0p0012_TE-0p0021_DT-1p07550047798e-05_H-f55fc58583/gif_files/animation_ss_side.gif,Bounding-box monitors cannot identify connected components; flags select cases for visual review and are not exclusions.,False,False,,,,,,,not_selected,,,,,
P-354p619445985_VX-0p364015239092_LS-5p30095356481e-05_ST-318p142674345_M-TI64_XI-0p0002_XF-0p0014_XL-0p0012_TE-0p0021_DT-1p32525237544e-05_H-1553ff852f,new-data,,True,302.4097,255.6717,300.7655,1.644200000000012,1.0054667174260346,213.2043,326.14435,1.6531883767918982,False,62868.0,62868.0,0.001142367,P-354p619445985_VX-0p364015239092_LS-5p30095356481e-05_ST-318p142674345_M-TI64_XI-0p0002_XF-0p0014_XL-0p0012_TE-0p0021_DT-1p32525237544e-05_H-1553ff852f/gif_files/animation_ss_side.gif,Bounding-box monitors cannot identify connected components; flags select cases for visual review and are not exclusions.,False,False,,,,,,,not_selected,,,,,
P-422p617573631_VX-0p52186874631_LS-4p33544604908e-05_ST-334p849986924_M-TI64_XI-0p0002_XF-0p0014_XL-0p0012_TE-0p0021_DT-9p24393468113e-06_H-eac21b41c2,new-data,,True,302.6554,234.8536,301.09005,1.5653500000000236,1.0051989429740371,172.55805999999998,332.65912000000003,1.573488165384433,False,38332.0,38332.0,0.0006967736,P-422p617573631_VX-0p52186874631_LS-4p33544604908e-05_ST-334p849986924_M-TI64_XI-0p0002_XF-0p0014_XL-0p0012_TE-0p0021_DT-9p24393468113e-06_H-eac21b41c2/gif_files/animation_ss_side.gif,Bounding-box monitors cannot identify connected components; flags select cases for visual review and are not exclusions.,False,False,,,,,,,not_selected,,,,,
P-383p924442814_VX-0p598551929363_LS-4p34843261877e-05_ST-301p171019532_M-TI64_XI-0p0002_XF-0p0014_XL-0p0012_TE-0p0021_DT-8p05965258211e-06_H-82800d7335,new-data,,True,301.8799,182.7688,300.3194,1.5605000000000473,1.0051961345154528,163.38452999999998,330.25068000000005,1.5686085679114117,False,31674.0,31674.0,0.000575859,P-383p924442814_VX-0p598551929363_LS-4p34843261877e-05_ST-301p171019532_M-TI64_XI-0p0002_XF-0p0014_XL-0p0012_TE-0p0021_DT-8p05965258211e-06_H-82800d7335/gif_files/animation_ss_side.gif,Bounding-box monitors cannot identify connected components; flags select cases for visual review and are not exclusions.,False,False,,,,,,,not_selected,,,,,
P-358p08766286_VX-0p398145183006_LS-4p39068251559e-05_ST-301p093308231_M-TI64_XI-0p0002_XF-0p0014_XL-0p0012_TE-0p0021_DT-1p21164861687e-05_H-3d091b92d3,new-data,,True,302.3899,300.04735,300.8836,1.5063000000000102,1.005006254910537,177.18416,326.69809000000004,1.513840921771752,False,42600.0,42600.0,0.0007742838,P-358p08766286_VX-0p398145183006_LS-4p39068251559e-05_ST-301p093308231_M-TI64_XI-0p0002_XF-0p0014_XL-0p0012_TE-0p0021_DT-1p21164861687e-05_H-3d091b92d3/gif_files/animation_ss_side.gif,Bounding-box monitors cannot identify connected components; flags select cases for visual review and are not exclusions.,False,False,,,,,,,not_selected,,,,,
P-408p574656479_VX-0p243547442248_LS-8p65536608509e-05_ST-318p028622224_M-TI64_XI-0p0002_XF-0p0014_XL-0p0012_TE-0p0021_DT-1p98077243534e-05_H-1553ff852f,new-data,,True,215.5489,210.0328,214.5366,1.0123000000000104,1.0047185421974618,302.2268,241.64311,1.0170765802665012,False,88445.0,88445.0,0.001606865,P-408p574656479_VX-0p243547442248_LS-8p65536608509e-05_ST-318p028622224_M-TI64_XI-0p0002_XF-0p0014_XL-0p0012_TE-0p0021_DT-1p98077243534e-05_H-1553ff852f/gif_files/animation_ss_side.gif,Bounding-box monitors cannot identify connected components; flags select cases for visual review and are not exclusions.,False,False,,,,,,,not_selected,,,,,
P-341p923576441_VX-0p300981342968_LS-7p54559898543e-05_ST-360p882535069_M-TI64_XI-0p0002_XF-0p0014_XL-0p0012_TE-0p0021_DT-1p60279722173e-05_H-1d842653b1,new-data,,True,168.0292,94.55746,167.1787,0.8505000000000109,1.0050873705801038,267.8559,191.25386,0.8548268086783892,False,76849.0,76849.0,0.001396273,P-341p923576441_VX-0p300981342968_LS-7p54559898543e-05_ST-360p882535069_M-TI64_XI-0p0002_XF-0p0014_XL-0p0012_TE-0p0021_DT-1p60279722173e-05_H-1d842653b1/gif_files/animation_ss_side.gif,Bounding-box monitors cannot identify connected components; flags select cases for visual review and are not exclusions.,False,False,,,,,,,not_selected,,,,,
P-225p511353261_VX-0p242923031869_LS-6p38341457094e-05_ST-340p774386379_M-TI64_XI-0p0002_XF-0p0014_XL-0p0012_TE-0p0021_DT-1p9858638211e-05_H-5cefbb31d2,old-data-remote-clean,sim_00223,False,79.39003,74.68625,78.63338,0.7566499999999934,1.009622503827255,216.8448,95.87453,0.7639308675208859,False,73740.0,73740.0,0.001339811,P-225p511353261_VX-0p242923031869_LS-6p38341457094e-05_ST-340p774386379_M-TI64_XI-0p0002_XF-0p0014_XL-0p0012_TE-0p0021_DT-1p9858638211e-05_H-5cefbb31d2/gif_files/animation_ss_side.gif,Bounding-box monitors cannot identify connected components; flags select cases for visual review and are not exclusions.,False,False,,,,,,,not_selected,,,,,
P-126p384227376_VX-0p205870034079_LS-4p55514058242e-05_ST-348p956388187_M-TI64_XI-0p0002_XF-0p0014_XL-0p0012_TE-0p0021_DT-2p34328450209e-05_H-1d842653b1,new-data,,False,58.86335,58.710765,58.118385,0.7449649999999934,1.0128180609285684,171.76170000000002,71.19696,0.7545140067596443,False,108882.0,108882.0,0.001978017,P-126p384227376_VX-0p205870034079_LS-4p55514058242e-05_ST-348p956388187_M-TI64_XI-0p0002_XF-0p0014_XL-0p0012_TE-0p0021_DT-2p34328450209e-05_H-1d842653b1/gif_files/animation_ss_side.gif,Bounding-box monitors cannot identify connected components; flags select cases for visual review and are not exclusions.,False,False,,,,,,,not_selected,,,,,
P-218p846041052_VX-0p877499363134_LS-5p6186595533e-05_ST-332p098243358_M-TI64_XI-0p0002_XF-0p0014_XL-0p0012_TE-0p0021_DT-5p49757732676e-06_H-27d926f040,old-data-local,sim_00113,False,59.71754,58.775855,58.98716,0.7303799999999967,1.012382016696515,127.69563999999998,81.94391999999999,0.7394235773547972,False,77539.0,77539.0,0.001408804,P-218p846041052_VX-0p877499363134_LS-5p6186595533e-05_ST-332p098243358_M-TI64_XI-0p0002_XF-0p0014_XL-0p0012_TE-0p0021_DT-5p49757732676e-06_H-27d926f040/gif_files/animation_ss_side.gif,Bounding-box monitors cannot identify connected components; flags select cases for visual review and are not exclusions.,False,False,,,,,,,not_selected,,,,,
P-144p684844876_VX-0p221020126644_LS-8p32765690701e-05_ST-337p418493583_M-TI64_XI-0p0002_XF-0p0014_XL-0p0012_TE-0p0021_DT-2p18266122469e-05_H-73ae961aa0,old-data-local,sim_00043,False,59.3659,58.73507,58.66836,0.6975400000000036,1.0118895431881854,232.7216,73.55712,0.7058334319554904,False,109792.0,109792.0,0.001994544,P-144p684844876_VX-0p221020126644_LS-8p32765690701e-05_ST-337p418493583_M-TI64_XI-0p0002_XF-0p0014_XL-0p0012_TE-0p0021_DT-2p18266122469e-05_H-73ae961aa0/gif_files/animation_ss_side.gif,Bounding-box monitors cannot identify connected components; flags select cases for visual review and are not exclusions.,False,False,,,,,,,not_selected,,,,,
P-205p507001181_VX-0p303336340291_LS-4p80706805647e-05_ST-333p622908766_M-TI64_XI-0p0002_XF-0p0014_XL-0p0012_TE-0p0021_DT-1p59035366431e-05_H-89a38ff0e6,old-data-remote-clean,sim_00215,False,75.40021,74.744955,74.74901,0.6512000000000029,1.008711821066259,181.39164,92.026,0.6568731378783507,False,62608.0,62608.0,0.001137645,P-205p507001181_VX-0p303336340291_LS-4p80706805647e-05_ST-333p622908766_M-TI64_XI-0p0002_XF-0p0014_XL-0p0012_TE-0p0021_DT-1p59035366431e-05_H-89a38ff0e6/gif_files/animation_ss_side.gif,Bounding-box monitors cannot identify connected components; flags select cases for visual review and are not exclusions.,False,False,,,,,,,not_selected,,,,,
P-228p959503311_VX-0p480404321045_LS-6p0796636822e-05_ST-336p115873803_M-TI64_XI-0p0002_XF-0p0014_XL-0p0012_TE-0p0021_DT-1p00417926977e-05_H-ba17ade68b,old-data-local,sim_00124,True,124.0537,86.54001,123.4027,0.6509999999999962,1.00527541131596,185.61337,152.69492,0.6544342927666861,False,92091.0,92091.0,0.00167308,P-228p959503311_VX-0p480404321045_LS-6p0796636822e-05_ST-336p115873803_M-TI64_XI-0p0002_XF-0p0014_XL-0p0012_TE-0p0021_DT-1p00417926977e-05_H-ba17ade68b/gif_files/animation_ss_side.gif,Bounding-box monitors cannot identify connected components; flags select cases for visual review and are not exclusions.,False,False,,,,,,,not_selected,,,,,
P-218p135837307_VX-0p411781802704_LS-5p72773552436e-05_ST-307p427986374_M-TI64_XI-0p0002_XF-0p0014_XL-0p0012_TE-0p0021_DT-1p17152350379e-05_H-b40dbd8ddd,old-data-local,sim_00108,False,79.38282,78.713215,78.75068999999999,0.6321300000000036,1.008026977287437,191.14391,97.8682,0.6372040931527112,False,56839.0,56839.0,0.001032875,P-218p135837307_VX-0p411781802704_LS-5p72773552436e-05_ST-307p427986374_M-TI64_XI-0p0002_XF-0p0014_XL-0p0012_TE-0p0021_DT-1p17152350379e-05_H-b40dbd8ddd/gif_files/animation_ss_side.gif,Bounding-box monitors cannot identify connected components; flags select cases for visual review and are not exclusions.,False,False,,,,,,,not_selected,,,,,
P-195p080816167_VX-0p844140965531_LS-6p21634030137e-05_ST-331p625980857_M-TI64_XI-0p0002_XF-0p0014_XL-0p0012_TE-0p0021_DT-5p71482820998e-06_H-cca0c4e3bb,old-data-local,sim_00091,False,59.38228,55.936285,58.76613,0.6161500000000046,1.0104847809443978,143.23735000000002,79.40422000000001,0.6226101977788954,False,41791.0,41791.0,0.0007595918,P-195p080816167_VX-0p844140965531_LS-6p21634030137e-05_ST-331p625980857_M-TI64_XI-0p0002_XF-0p0014_XL-0p0012_TE-0p0021_DT-5p71482820998e-06_H-cca0c4e3bb/gif_files/animation_ss_side.gif,Bounding-box monitors cannot identify connected components; flags select cases for visual review and are not exclusions.,False,False,,,,,,,not_selected,,,,,
P-236p369825033_VX-0p606859942193_LS-6p45901770765e-05_ST-328p218563755_M-TI64_XI-0p0002_XF-0p0014_XL-0p0012_TE-0p0021_DT-7p94931460723e-06_H-0e4c2fc094,new-data,,False,79.34149000000001,71.80616500000001,78.72644,0.6150500000000108,1.0078124960305586,182.86901,99.52339,0.6198550756836059,False,43861.0,43861.0,0.0007971846,P-236p369825033_VX-0p606859942193_LS-6p45901770765e-05_ST-328p218563755_M-TI64_XI-0p0002_XF-0p0014_XL-0p0012_TE-0p0021_DT-7p94931460723e-06_H-0e4c2fc094/gif_files/animation_ss_side.gif,Bounding-box monitors cannot identify connected components; flags select cases for visual review and are not exclusions.,False,False,,,,,,,not_selected,,,,,
P-100p408926704_VX-0p564694322144_LS-6p38706769001e-05_ST-381p633419878_M-TI64_XI-0p0002_XF-0p0014_XL-0p0012_TE-0p0021_DT-8p54288845105e-06_H-790e4fd6dd,old-data-remote-clean,sim_00180,False,43.33023,35.697935,42.74644,0.5837900000000005,1.0136570437210677,143.09997,57.593410000000006,0.5917628455539226,False,44992.0,44992.0,0.0008177244,P-100p408926704_VX-0p564694322144_LS-6p38706769001e-05_ST-381p633419878_M-TI64_XI-0p0002_XF-0p0014_XL-0p0012_TE-0p0021_DT-8p54288845105e-06_H-790e4fd6dd/gif_files/animation_ss_side.gif,Bounding-box monitors cannot identify connected components; flags select cases for visual review and are not exclusions.,False,False,,,,,,,not_selected,,,,,
P-133p757797566_VX-0p645163458122_LS-4p5e-05_ST-300_M-TI64_XI--0p0002_XF-0p0012_XL-0p0014_TE-0p00125_DT-2p89815386795e-06_H-306f9d252b,old-data-local,sim_00026,False,62.68266,62.05676,62.10921,0.5734500000000011,1.0092329301886145,125.98752999999998,88.69481,0.5787446238166621,False,66547.0,66547.0,0.00120918,P-133p757797566_VX-0p645163458122_LS-4p5e-05_ST-300_M-TI64_XI--0p0002_XF-0p0012_XL-0p0014_TE-0p00125_DT-2p89815386795e-06_H-306f9d252b/gif_files/animation_ss_side.gif,Bounding-box monitors cannot identify connected components; flags select cases for visual review and are not exclusions.,False,False,,,,,,,not_selected,,,,,
P-149p217972816_VX-0p206404715799_LS-4p87379527164e-05_ST-365p118947745_M-TI64_XI-0p0002_XF-0p0014_XL-0p0012_TE-0p0021_DT-2p33721433367e-05_H-b40dbd8ddd,old-data-local,sim_00048,False,62.83078999999999,62.73913,62.26006,0.5707299999999975,1.0091668719882376,185.87693,76.84975,0.5759618088498444,False,112163.0,112163.0,0.002037603,P-149p217972816_VX-0p206404715799_LS-4p87379527164e-05_ST-365p118947745_M-TI64_XI-0p0002_XF-0p0014_XL-0p0012_TE-0p0021_DT-2p33721433367e-05_H-b40dbd8ddd/gif_files/animation_ss_side.gif,Bounding-box monitors cannot identify connected components; flags select cases for visual review and are not exclusions.,False,False,,,,,,,not_selected,,,,,
P-129p716882801_VX-0p574107735504_LS-5p55330779174e-05_ST-369p509713723_M-TI64_XI-0p0002_XF-0p0014_XL-0p0012_TE-0p0021_DT-8p40281414912e-06_H-0e4c2fc094,new-data,,False,55.39056,47.43797,54.82536,0.5651999999999973,1.0103090978335572,142.70469000000003,76.0947,0.5710267020955238,False,61888.0,61888.0,0.001124569,P-129p716882801_VX-0p574107735504_LS-5p55330779174e-05_ST-369p509713723_M-TI64_XI-0p0002_XF-0p0014_XL-0p0012_TE-0p0021_DT-8p40281414912e-06_H-0e4c2fc094/gif_files/animation_ss_side.gif,Bounding-box monitors cannot identify connected components; flags select cases for visual review and are not exclusions.,False,False,,,,,,,not_selected,,,,,
P-172p471893954_VX-0p300060565388_LS-5p45268436948e-05_ST-394p546009672_M-TI64_XI-0p0002_XF-0p0014_XL-0p0012_TE-0p0021_DT-1p60771562794e-05_H-0e4c2fc094,new-data,,False,71.23713000000001,70.71863,70.68087,0.5562600000000089,1.0078700219734138,192.89047,89.77687,0.56063777842294,False,91245.0,91245.0,0.001657716,P-172p471893954_VX-0p300060565388_LS-5p45268436948e-05_ST-394p546009672_M-TI64_XI-0p0002_XF-0p0014_XL-0p0012_TE-0p0021_DT-1p60771562794e-05_H-0e4c2fc094/gif_files/animation_ss_side.gif,Bounding-box monitors cannot identify connected components; flags select cases for visual review and are not exclusions.,False,False,,,,,,,not_selected,,,,,
P-173p043282634_VX-0p866796851528_LS-6p96390683614e-05_ST-349p021338305_M-TI64_XI-0p0002_XF-0p0014_XL-0p0012_TE-0p0021_DT-5p56545699781e-06_H-27614c4053,new-data,,False,51.38208,50.6536,50.8306,0.551479999999998,1.0108493702612205,147.10681,76.56327999999999,0.5574632107116558,False,48755.0,48755.0,0.0008860635,P-173p043282634_VX-0p866796851528_LS-6p96390683614e-05_ST-349p021338305_M-TI64_XI-0p0002_XF-0p0014_XL-0p0012_TE-0p0021_DT-5p56545699781e-06_H-27614c4053/gif_files/animation_ss_side.gif,Bounding-box monitors cannot identify connected components; flags select cases for visual review and are not exclusions.,False,False,,,,,,,not_selected,,,,,
P-162p201106716_VX-0p908426857038_LS-8p56302518524e-05_ST-395p218711567_M-TI64_XI-0p0002_XF-0p0014_XL-0p0012_TE-0p0021_DT-5p31041169208e-06_H-b41981edcb,old-data-remote-clean,sim_00202,False,43.3943,42.755205,42.84402,0.5502800000000008,1.0128437994380546,159.01255,62.71633,0.5573476859547735,False,33721.0,33721.0,0.0006130342,P-162p201106716_VX-0p908426857038_LS-8p56302518524e-05_ST-395p218711567_M-TI64_XI-0p0002_XF-0p0014_XL-0p0012_TE-0p0021_DT-5p31041169208e-06_H-b41981edcb/gif_files/animation_ss_side.gif,Bounding-box monitors cannot identify connected components; flags select cases for visual review and are not exclusions.,False,False,,,,,,,not_selected,,,,,
P-183p86712976_VX-0p92773562332_LS-4p77447546287e-05_ST-393p876492884_M-TI64_XI-0p0002_XF-0p0014_XL-0p0012_TE-0p0021_DT-5p19988721113e-06_H-95ed9fb76f,old-data-local,sim_00080,False,55.367140000000006,54.55737,54.83391,0.5332300000000103,1.0097244570011514,127.09127,69.00639,0.5384153722067344,False,24950.0,24950.0,0.0004536905,P-183p86712976_VX-0p92773562332_LS-4p77447546287e-05_ST-393p876492884_M-TI64_XI-0p0002_XF-0p0014_XL-0p0012_TE-0p0021_DT-5p19988721113e-06_H-95ed9fb76f/gif_files/animation_ss_side.gif,Bounding-box monitors cannot identify connected components; flags select cases for visual review and are not exclusions.,False,False,,,,,,,not_selected,,,,,
P-113p729503671_VX-0p646987288946_LS-8p28088886776e-05_ST-328p878079062_M-TI64_XI-0p0002_XF-0p0014_XL-0p0012_TE-0p0021_DT-7p45628343159e-06_H-0e4c2fc094,new-data,,False,35.401709999999994,34.473155000000006,34.874810000000004,0.5268999999999906,1.0151083260381917,154.88706000000002,109.08214,0.5348605769895136,False,45603.0,45603.0,0.0008288207,P-113p729503671_VX-0p646987288946_LS-8p28088886776e-05_ST-328p878079062_M-TI64_XI-0p0002_XF-0p0014_XL-0p0012_TE-0p0021_DT-7p45628343159e-06_H-0e4c2fc094/gif_files/animation_ss_side.gif,Bounding-box monitors cannot identify connected components; flags select cases for visual review and are not exclusions.,False,False,,,,,,,not_selected,,,,,
P-78p18378444_VX-0p804643363326_LS-4p5e-05_ST-300_M-TI64_XI--0p0002_XF-0p0012_XL-0p0014_TE-0p00125_DT-2p32374124592e-06_H-b0e5aed98c,old-data-local,sim_00157,False,31.42675,30.81813,30.913105,0.5136449999999968,1.0166157686198134,95.10497,43.59409,0.5221796064727208,False,13183.0,13183.0,0.0002396536,P-78p18378444_VX-0p804643363326_LS-4p5e-05_ST-300_M-TI64_XI--0p0002_XF-0p0012_XL-0p0014_TE-0p00125_DT-2p32374124592e-06_H-b0e5aed98c/gif_files/animation_ss_side.gif,Bounding-box monitors cannot identify connected components; flags select cases for visual review and are not exclusions.,False,False,,,,,,,not_selected,,,,,
P-71p6599397131_VX-0p537693260466_LS-4p5e-05_ST-300_M-TI64_XI--0p0002_XF-0p0012_XL-0p0014_TE-0p00125_DT-3p47741567376e-06_H-306f9d252b,old-data-local,sim_00149,False,35.407799999999995,34.812685,34.89514,0.5126599999999968,1.014691444138066,109.4754,51.86444,0.5201917157518177,False,32574.0,32574.0,0.0005922038,P-71p6599397131_VX-0p537693260466_LS-4p5e-05_ST-300_M-TI64_XI--0p0002_XF-0p0012_XL-0p0014_TE-0p00125_DT-3p47741567376e-06_H-306f9d252b/gif_files/animation_ss_side.gif,Bounding-box monitors cannot identify connected components; flags select cases for visual review and are not exclusions.,False,False,,,,,,,not_selected,,,,,
P-79p1315856604_VX-0p738156089448_LS-4p61026192486e-05_ST-370p648100327_M-TI64_XI-0p0002_XF-0p0014_XL-0p0012_TE-0p0021_DT-6p53536653287e-06_H-0d7d85a8f4,old-data-local,sim_00159,False,35.37865,30.97721,34.883995,0.4946550000000016,1.0141799985924778,100.46199,50.07502,0.5016692072037637,False,37983.0,37983.0,0.0006904355,P-79p1315856604_VX-0p738156089448_LS-4p61026192486e-05_ST-370p648100327_M-TI64_XI-0p0002_XF-0p0014_XL-0p0012_TE-0p0021_DT-6p53536653287e-06_H-0d7d85a8f4/gif_files/animation_ss_side.gif,Bounding-box monitors cannot identify connected components; flags select cases for visual review and are not exclusions.,False,False,,,,,,,not_selected,,,,,
P-188p702615393_VX-0p897654681927_LS-7p37418626284e-05_ST-361p378936642_M-TI64_XI-0p0002_XF-0p0014_XL-0p0012_TE-0p0021_DT-5p37413851912e-06_H-cedd8dc36d,old-data-local,sim_00084,False,51.40892,50.83965,50.912655,0.496265000000001,1.009747380096363,155.74141999999998,71.57317,0.5011022835835227,False,37637.0,37637.0,0.0006841518,P-188p702615393_VX-0p897654681927_LS-7p37418626284e-05_ST-361p378936642_M-TI64_XI-0p0002_XF-0p0014_XL-0p0012_TE-0p0021_DT-5p37413851912e-06_H-cedd8dc36d/gif_files/animation_ss_side.gif,Bounding-box monitors cannot identify connected components; flags select cases for visual review and are not exclusions.,False,False,,,,,,,not_selected,,,,,
P-105p276295276_VX-0p639039009111_LS-7p6636834293e-05_ST-367p44858305_M-TI64_XI-0p0002_XF-0p0014_XL-0p0012_TE-0p00125_DT-1p00822530836e-05_H-bf889bf790,old-data-local,sim_00003,False,35.43061,34.838854999999995,34.94248,0.4881300000000053,1.0139695293522384,126.99391,50.75443,0.4949489463627134,False,41864.0,41864.0,0.0007609175,P-105p276295276_VX-0p639039009111_LS-7p6636834293e-05_ST-367p44858305_M-TI64_XI-0p0002_XF-0p0014_XL-0p0012_TE-0p00125_DT-1p00822530836e-05_H-bf889bf790/gif_files/animation_ss_side.gif,Bounding-box monitors cannot identify connected components; flags select cases for visual review and are not exclusions.,False,False,,,,,,,not_selected,,,,,
P-210p211145159_VX-0p921242046338_LS-8p23126060485e-05_ST-311p238003519_M-TI64_XI-0p0002_XF-0p0014_XL-0p0012_TE-0p0021_DT-5p23653975868e-06_H-0e4c2fc094,new-data,,False,51.40045,50.795955,50.91613,0.4843199999999967,1.0095121133518985,166.67111,100.55401,0.4889269067385882,False,38610.0,38610.0,0.0007018223,P-210p211145159_VX-0p921242046338_LS-8p23126060485e-05_ST-311p238003519_M-TI64_XI-0p0002_XF-0p0014_XL-0p0012_TE-0p0021_DT-5p23653975868e-06_H-0e4c2fc094/gif_files/animation_ss_side.gif,Bounding-box monitors cannot identify connected components; flags select cases for visual review and are not exclusions.,False,False,,,,,,,not_selected,,,,,
P-222p052357041_VX-0p997941039436_LS-5p29599486117e-05_ST-383p923575745_M-TI64_XI-0p0002_XF-0p0014_XL-0p0012_TE-0p0021_DT-4p83407377027e-06_H-02b1b704be,old-data-remote-clean,sim_00221,False,59.10619,57.83656,58.62358,0.4826100000000011,1.008232352920105,116.7871,78.48304,0.4865830158427729,False,69317.0,69317.0,0.001259486,P-222p052357041_VX-0p997941039436_LS-5p29599486117e-05_ST-383p923575745_M-TI64_XI-0p0002_XF-0p0014_XL-0p0012_TE-0p0021_DT-4p83407377027e-06_H-02b1b704be/gif_files/animation_ss_side.gif,Bounding-box monitors cannot identify connected components; flags select cases for visual review and are not exclusions.,False,False,,,,,,,not_selected,,,,,
P-102p449509144_VX-0p918837420936_LS-5p51471704636e-05_ST-339p471112188_M-TI64_XI-0p0002_XF-0p0014_XL-0p0012_TE-0p0021_DT-5p25024394207e-06_H-b41981edcb,old-data-remote-clean,sim_00182,False,35.38736,34.705600000000004,34.90918,0.4781800000000018,1.0136978296253307,108.48668,52.57580000000001,0.4847300281702425,False,34366.0,34366.0,0.0006247479,P-102p449509144_VX-0p918837420936_LS-5p51471704636e-05_ST-339p471112188_M-TI64_XI-0p0002_XF-0p0014_XL-0p0012_TE-0p0021_DT-5p25024394207e-06_H-b41981edcb/gif_files/animation_ss_side.gif,Bounding-box monitors cannot identify connected components; flags select cases for visual review and are not exclusions.,False,False,,,,,,,not_selected,,,,,
P-77p1412079225_VX-0p963213148682_LS-8p58459875102e-05_ST-347p110895162_M-TI64_XI-0p0002_XF-0p0014_XL-0p0012_TE-0p0021_DT-5p00836248925e-06_H-8eb307dfff,old-data-local,sim_00154,False,19.03058,15.102659999999998,18.56064,0.4699400000000011,1.0253191700286195,95.31231,43.94286,0.4818384907632507,False,34188.0,34188.0,0.0006215153,P-77p1412079225_VX-0p963213148682_LS-8p58459875102e-05_ST-347p110895162_M-TI64_XI-0p0002_XF-0p0014_XL-0p0012_TE-0p0021_DT-5p00836248925e-06_H-8eb307dfff/gif_files/animation_ss_side.gif,Bounding-box monitors cannot identify connected components; flags select cases for visual review and are not exclusions.,False,False,,,,,,,not_selected,,,,,
P-155p252053768_VX-0p916931554055_LS-7p35634948929e-05_ST-366p816583574_M-TI64_XI-0p0002_XF-0p0014_XL-0p0012_TE-0p0021_DT-5p26115671522e-06_H-1d842653b1,new-data,,False,43.39815,42.78011,42.92189,0.4762599999999963,1.011095969911856,150.55907,57.37651,0.4815445666302169,False,27029.0,27029.0,0.0004915022,P-155p252053768_VX-0p916931554055_LS-7p35634948929e-05_ST-366p816583574_M-TI64_XI-0p0002_XF-0p0014_XL-0p0012_TE-0p0021_DT-5p26115671522e-06_H-1d842653b1/gif_files/animation_ss_side.gif,Bounding-box monitors cannot identify connected components; flags select cases for visual review and are not exclusions.,False,False,,,,,,,not_selected,,,,,
P-180p4231768_VX-0p853402947533_LS-8p92029044014e-05_ST-332p421625378_M-TI64_XI-0p0002_XF-0p0014_XL-0p0012_TE-0p0021_DT-5p65280518067e-06_H-0b12abf205,old-data-remote-clean,sim_00206,False,47.32168,46.819025,46.84703,0.4746499999999969,1.0101319123111967,166.84251,68.00606,0.4794591121785064,False,37616.0,37616.0,0.0006837705,P-180p4231768_VX-0p853402947533_LS-8p92029044014e-05_ST-332p421625378_M-TI64_XI-0p0002_XF-0p0014_XL-0p0012_TE-0p0021_DT-5p65280518067e-06_H-0b12abf205/gif_files/animation_ss_side.gif,Bounding-box monitors cannot identify connected components; flags select cases for visual review and are not exclusions.,False,False,,,,,,,not_selected,,,,,
P-133p058435031_VX-0p81650327798_LS-4p78587303962e-05_ST-362p382821566_M-TI64_XI-0p0002_XF-0p0014_XL-0p0012_TE-0p0021_DT-5p90826850683e-06_H-dd169576f0,old-data-local,sim_00025,False,47.39063,46.692315,46.915980000000005,0.4746499999999969,1.010117021961387,117.66469,68.47425,0.4794520444739693,False,50487.0,50487.0,0.000917518,P-133p058435031_VX-0p81650327798_LS-4p78587303962e-05_ST-362p382821566_M-TI64_XI-0p0002_XF-0p0014_XL-0p0012_TE-0p0021_DT-5p90826850683e-06_H-dd169576f0/gif_files/animation_ss_side.gif,Bounding-box monitors cannot identify connected components; flags select cases for visual review and are not exclusions.,False,False,,,,,,,not_selected,,,,,
P-92p9578294978_VX-0p909619863772_LS-6p47386544357e-05_ST-309p507384821_M-TI64_XI-0p0002_XF-0p0014_XL-0p0012_TE-0p0021_DT-5p30344685197e-06_H-765072ed36,old-data-remote-clean,sim_00239,False,27.41976,26.82148,26.95618,0.4635800000000003,1.0171975406010791,110.43762999999998,39.00381,0.4715524358718486,False,24572.0,24572.0,0.0004468148,P-92p9578294978_VX-0p909619863772_LS-6p47386544357e-05_ST-309p507384821_M-TI64_XI-0p0002_XF-0p0014_XL-0p0012_TE-0p0021_DT-5p30344685197e-06_H-765072ed36/gif_files/animation_ss_side.gif,Bounding-box monitors cannot identify connected components; flags select cases for visual review and are not exclusions.,False,False,,,,,,,not_selected,,,,,
P-171p875575389_VX-0p916897438596_LS-6p66389080354e-05_ST-338p337187717_M-TI64_XI-0p0002_XF-0p0014_XL-0p0012_TE-0p0021_DT-5p2613524697e-06_H-30d8d23b36,old-data-local,sim_00070,False,47.51574,46.827485,47.06516,0.4505800000000022,1.009573535923388,148.72534,62.59600999999999,0.4548936438163624,False,25514.0,25514.0,0.0004639496,P-171p875575389_VX-0p916897438596_LS-6p66389080354e-05_ST-338p337187717_M-TI64_XI-0p0002_XF-0p0014_XL-0p0012_TE-0p0021_DT-5p2613524697e-06_H-30d8d23b36/gif_files/animation_ss_side.gif,Bounding-box monitors cannot identify connected components; flags select cases for visual review and are not exclusions.,False,False,,,,,,,not_selected,,,,,
P-146p427721311_VX-0p978546391515_LS-4p61745657385e-05_ST-377p807319924_M-TI64_XI-0p0002_XF-0p0014_XL-0p0012_TE-0p0021_DT-4p92988441309e-06_H-c321cc4e90,old-data-local,sim_00047,False,47.39079,46.563705,46.942095,0.4486950000000007,1.0095584783763911,110.84695,65.28024,0.4529838414550955,False,38669.0,38669.0,0.0007028938,P-146p427721311_VX-0p978546391515_LS-4p61745657385e-05_ST-377p807319924_M-TI64_XI-0p0002_XF-0p0014_XL-0p0012_TE-0p0021_DT-4p92988441309e-06_H-c321cc4e90/gif_files/animation_ss_side.gif,Bounding-box monitors cannot identify connected components; flags select cases for visual review and are not exclusions.,False,False,,,,,,,not_selected,,,,,
P-76p2867092863_VX-0p693142102976_LS-5p97726511316e-05_ST-352p808802476_M-TI64_XI-0p0002_XF-0p0014_XL-0p0012_TE-0p0021_DT-6p95978585387e-06_H-0744488b5e,old-data-local,sim_00153,False,27.40172,26.6876,26.95717,0.4445499999999995,1.0164909743864063,110.33507,37.004501000000005,0.4518810626634765,False,29892.0,29892.0,0.0005434965,P-76p2867092863_VX-0p693142102976_LS-5p97726511316e-05_ST-352p808802476_M-TI64_XI-0p0002_XF-0p0014_XL-0p0012_TE-0p0021_DT-6p95978585387e-06_H-0744488b5e/gif_files/animation_ss_side.gif,Bounding-box monitors cannot identify connected components; flags select cases for visual review and are not exclusions.,False,False,,,,,,,not_selected,,,,,
P-218p623352015_VX-0p878480487228_LS-8p13012329394e-05_ST-381p006435488_M-TI64_XI-0p0002_XF-0p0014_XL-0p0012_TE-0p0021_DT-5p49143740032e-06_H-90ad187ad0,old-data-remote-clean,sim_00220,False,55.39758,54.88171,54.95137,0.4462099999999935,1.0081200887257222,174.99504000000002,74.82548,0.449833264790298,False,35865.0,35865.0,0.0006519709,P-218p623352015_VX-0p878480487228_LS-8p13012329394e-05_ST-381p006435488_M-TI64_XI-0p0002_XF-0p0014_XL-0p0012_TE-0p0021_DT-5p49143740032e-06_H-90ad187ad0/gif_files/animation_ss_side.gif,Bounding-box monitors cannot identify connected components; flags select cases for visual review and are not exclusions.,False,False,,,,,,,not_selected,,,,,
P-71p8781037338_VX-0p56768277259_LS-4p5e-05_ST-300_M-TI64_XI--0p0002_XF-0p0012_XL-0p0014_TE-0p00125_DT-3p29371096306e-06_H-306f9d252b,old-data-local,sim_00150,False,35.37937,34.85407,34.942455,0.436914999999999,1.0125038438197889,103.41905,48.30039,0.4423781169225221,False,19576.0,19576.0,0.000355938,P-71p8781037338_VX-0p56768277259_LS-4p5e-05_ST-300_M-TI64_XI--0p0002_XF-0p0012_XL-0p0014_TE-0p00125_DT-3p29371096306e-06_H-306f9d252b/gif_files/animation_ss_side.gif,Bounding-box monitors cannot identify connected components; flags select cases for visual review and are not exclusions.,False,False,,,,,,,not_selected,,,,,
P-91p4898167395_VX-0p477122889388_LS-7p769973149e-05_ST-351p010780102_M-TI64_XI-0p0002_XF-0p0014_XL-0p0012_TE-0p0021_DT-1p01108555266e-05_H-b41981edcb,old-data-remote-clean,sim_00237,False,35.305229999999995,33.61417,34.89388,0.4113499999999916,1.0117886001785985,153.21355,50.99891,0.416199240683458,False,52438.0,52438.0,0.0009529497,P-91p4898167395_VX-0p477122889388_LS-7p769973149e-05_ST-351p010780102_M-TI64_XI-0p0002_XF-0p0014_XL-0p0012_TE-0p0021_DT-1p01108555266e-05_H-b41981edcb/gif_files/animation_ss_side.gif,Bounding-box monitors cannot identify connected components; flags select cases for visual review and are not exclusions.,False,False,,,,,,,not_selected,,,,,
P-93p7887593651_VX-0p596649793105_LS-4p5e-05_ST-300_M-TI64_XI--0p0002_XF-0p0012_XL-0p0014_TE-0p00125_DT-3p13380310062e-06_H-306f9d252b,old-data-local,sim_00170,False,46.63997,46.08216,46.2354,0.4045699999999996,1.0087502216916042,118.59259,70.29573,0.408110077189772,False,60246.0,60246.0,0.001094749,P-93p7887593651_VX-0p596649793105_LS-4p5e-05_ST-300_M-TI64_XI--0p0002_XF-0p0012_XL-0p0014_TE-0p00125_DT-3p13380310062e-06_H-306f9d252b/gif_files/animation_ss_side.gif,Bounding-box monitors cannot identify connected components; flags select cases for visual review and are not exclusions.,False,False,,,,,,,not_selected,,,,,
P-155p08939981_VX-0p967429278716_LS-6p89242148544e-05_ST-322p599938314_M-TI64_XI-0p0002_XF-0p0014_XL-0p0012_TE-0p0021_DT-4p98653566638e-06_H-765072ed36,old-data-remote-clean,sim_00200,False,43.39245,42.7637,42.993225,0.3992249999999941,1.0092857653734977,135.57476000000003,64.66946,0.4029321096812287,False,38662.0,38662.0,0.0007027666,P-155p08939981_VX-0p967429278716_LS-6p89242148544e-05_ST-322p599938314_M-TI64_XI-0p0002_XF-0p0014_XL-0p0012_TE-0p0021_DT-4p98653566638e-06_H-765072ed36/gif_files/animation_ss_side.gif,Bounding-box monitors cannot identify connected components; flags select cases for visual review and are not exclusions.,False,False,,,,,,,not_selected,,,,,
P-233p918914285_VX-0p55009860706_LS-6p76633993968e-05_ST-363p156889773_M-TI64_XI-0p0002_XF-0p0014_XL-0p0012_TE-0p0021_DT-8p76955611431e-06_H-9f078c62f6,new-data,,False,82.8999,73.72658,82.49965,0.4002499999999998,1.004851535733788,190.80235,103.8173,0.4021918271774484,False,59859.0,59859.0,0.001087721,P-233p918914285_VX-0p55009860706_LS-6p76633993968e-05_ST-363p156889773_M-TI64_XI-0p0002_XF-0p0014_XL-0p0012_TE-0p0021_DT-8p76955611431e-06_H-9f078c62f6/gif_files/animation_ss_side.gif,Bounding-box monitors cannot identify connected components; flags select cases for visual review and are not exclusions.,False,False,,,,,,,not_selected,,,,,
P-148p299467422_VX-0p674162518859_LS-5p7557139752e-05_ST-331p520012414_M-TI64_XI-0p0002_XF-0p0014_XL-0p0012_TE-0p0021_DT-7p15572353559e-06_H-e73b90164d,new-data,,False,55.35622,51.7807,54.961940000000006,0.3942799999999948,1.0071736914672225,142.49819999999997,69.98486999999999,0.3971084430716913,False,36715.0,36715.0,0.0006674076,P-148p299467422_VX-0p674162518859_LS-5p7557139752e-05_ST-331p520012414_M-TI64_XI-0p0002_XF-0p0014_XL-0p0012_TE-0p0021_DT-7p15572353559e-06_H-e73b90164d/gif_files/animation_ss_side.gif,Bounding-box monitors cannot identify connected components; flags select cases for visual review and are not exclusions.,False,False,,,,,,,not_selected,,,,,
P-131p049819122_VX-0p780196421599_LS-5p30845028915e-05_ST-389p742843455_M-TI64_XI-0p0002_XF-0p0014_XL-0p0012_TE-0p0021_DT-6p18321293134e-06_H-b41981edcb,old-data-remote-clean,sim_00190,False,47.37157,46.76886,46.98181,0.3897600000000025,1.008295976676931,125.22888000000002,71.46369,0.3929934398696032,False,57427.0,57427.0,0.001043554,P-131p049819122_VX-0p780196421599_LS-5p30845028915e-05_ST-389p742843455_M-TI64_XI-0p0002_XF-0p0014_XL-0p0012_TE-0p0021_DT-6p18321293134e-06_H-b41981edcb/gif_files/animation_ss_side.gif,Bounding-box monitors cannot identify connected components; flags select cases for visual review and are not exclusions.,False,False,,,,,,,not_selected,,,,,
P-196p954129245_VX-0p972458485112_LS-5p85340423111e-05_ST-310p387913302_M-TI64_XI-0p0002_XF-0p0014_XL-0p0012_TE-0p0021_DT-4p96074709293e-06_H-f575443233,old-data-local,sim_00092,False,54.6115,50.99379,54.241695,0.3698049999999995,1.006817725736631,131.17956999999998,76.13551,0.3723262290660343,False,41595.0,41595.0,0.0007560322,P-196p954129245_VX-0p972458485112_LS-5p85340423111e-05_ST-310p387913302_M-TI64_XI-0p0002_XF-0p0014_XL-0p0012_TE-0p0021_DT-4p96074709293e-06_H-f575443233/gif_files/animation_ss_side.gif,Bounding-box monitors cannot identify connected components; flags select cases for visual review and are not exclusions.,False,False,,,,,,,not_selected,,,,,
P-173p720948038_VX-0p230617607979_LS-6p23730108092e-05_ST-383p499521736_M-TI64_XI-0p0002_XF-0p0014_XL-0p0012_TE-0p0021_DT-2p09182665855e-05_H-eb41f0639c,old-data-local,sim_00071,False,67.05313000000001,66.733,66.68789,0.3652400000000142,1.0054768564427516,218.1601,83.26830000000001,0.3672403670471649,False,113875.0,113875.0,0.002068694,P-173p720948038_VX-0p230617607979_LS-6p23730108092e-05_ST-383p499521736_M-TI64_XI-0p0002_XF-0p0014_XL-0p0012_TE-0p0021_DT-2p09182665855e-05_H-eb41f0639c/gif_files/animation_ss_side.gif,Bounding-box monitors cannot identify connected components; flags select cases for visual review and are not exclusions.,False,False,,,,,,,not_selected,,,,,
P-140p314676599_VX-0p596196399995_LS-8p19973378232e-05_ST-342p525649343_M-TI64_XI-0p0002_XF-0p0014_XL-0p0012_TE-0p0021_DT-8p09149569346e-06_H-95fb07b078,old-data-remote-clean,sim_00195,False,47.21203,44.544525,46.849355,0.3626749999999958,1.0077413018813173,171.51339,72.08544,0.3654825766598025,False,61403.0,61403.0,0.001115761,P-140p314676599_VX-0p596196399995_LS-8p19973378232e-05_ST-342p525649343_M-TI64_XI-0p0002_XF-0p0014_XL-0p0012_TE-0p0021_DT-8p09149569346e-06_H-95fb07b078/gif_files/animation_ss_side.gif,Bounding-box monitors cannot identify connected components; flags select cases for visual review and are not exclusions.,False,False,,,,,,,not_selected,,,,,
P-72p876222127_VX-0p956216556443_LS-4p5e-05_ST-300_M-TI64_XI--0p0002_XF-0p0012_XL-0p0014_TE-0p00125_DT-1p95539698515e-06_H-306f9d252b,old-data-local,sim_00151,False,27.39027,26.83881,27.029755,0.3605149999999959,1.0133377087583664,88.08292,42.91967,0.3653234440730183,False,17165.0,17165.0,0.0003120822,P-72p876222127_VX-0p956216556443_LS-4p5e-05_ST-300_M-TI64_XI--0p0002_XF-0p0012_XL-0p0014_TE-0p00125_DT-1p95539698515e-06_H-306f9d252b/gif_files/animation_ss_side.gif,Bounding-box monitors cannot identify connected components; flags select cases for visual review and are not exclusions.,False,False,,,,,,,not_selected,,,,,
P-308p624203673_VX-0p258745269308_LS-8p46230110859e-05_ST-352p536460601_M-TI64_XI-0p0002_XF-0p0014_XL-0p0012_TE-0p0021_DT-1p86442852305e-05_H-19ea1511f8,new-data,,False,94.62959,86.29448500000001,94.26725,0.3623400000000032,1.0038437527349109,284.0692,116.27706,0.3637327453659708,False,92643.0,92643.0,0.001683104,P-308p624203673_VX-0p258745269308_LS-8p46230110859e-05_ST-352p536460601_M-TI64_XI-0p0002_XF-0p0014_XL-0p0012_TE-0p0021_DT-1p86442852305e-05_H-19ea1511f8/gif_files/animation_ss_side.gif,Bounding-box monitors cannot identify connected components; flags select cases for visual review and are not exclusions.,False,False,,,,,,,not_selected,,,,,
P-243p325077963_VX-0p998321353283_LS-5p70160449472e-05_ST-337p156153016_M-TI64_XI-0p0002_XF-0p0014_XL-0p0012_TE-0p0021_DT-4p83223221376e-06_H-d7a336064e,old-data-remote-clean,sim_00231,False,59.27349,58.81433,58.932255,0.3412350000000046,1.005790292599528,149.76831,77.25289000000001,0.3432108504952046,False,21889.0,21889.0,0.0003980113,P-243p325077963_VX-0p998321353283_LS-5p70160449472e-05_ST-337p156153016_M-TI64_XI-0p0002_XF-0p0014_XL-0p0012_TE-0p0021_DT-4p83223221376e-06_H-d7a336064e/gif_files/animation_ss_side.gif,Bounding-box monitors cannot identify connected components; flags select cases for visual review and are not exclusions.,False,False,,,,,,,not_selected,,,,,
P-63p4364244112_VX-0p87794698955_LS-4p5e-05_ST-300_M-TI64_XI--0p0002_XF-0p0012_XL-0p0014_TE-0p00125_DT-2p12972194663e-06_H-306f9d252b,old-data-local,sim_00147,False,23.29158,22.88304,22.955505,0.3360749999999974,1.014640279096452,86.18266,40.67833,0.3409952317973375,False,48560.0,48560.0,0.0008825221,P-63p4364244112_VX-0p87794698955_LS-4p5e-05_ST-300_M-TI64_XI--0p0002_XF-0p0012_XL-0p0014_TE-0p00125_DT-2p12972194663e-06_H-306f9d252b/gif_files/animation_ss_side.gif,Bounding-box monitors cannot identify connected components; flags select cases for visual review and are not exclusions.,False,False,,,,,,,not_selected,,,,,
P-149p254341218_VX-0p887957223036_LS-4p5e-05_ST-300_M-TI64_XI--0p0002_XF-0p0012_XL-0p0014_TE-0p00125_DT-2p10571289147e-06_H-306f9d252b,old-data-local,sim_00049,False,54.95313,54.44253,54.61661,0.3365200000000001,1.006161495559684,112.17256,79.32350000000001,0.338593466485745,False,63046.0,63046.0,0.001145599,P-149p254341218_VX-0p887957223036_LS-4p5e-05_ST-300_M-TI64_XI--0p0002_XF-0p0012_XL-0p0014_TE-0p00125_DT-2p10571289147e-06_H-306f9d252b/gif_files/animation_ss_side.gif,Bounding-box monitors cannot identify connected components; flags select cases for visual review and are not exclusions.,False,False,,,,,,,not_selected,,,,,
P-204p071587815_VX-0p957219619336_LS-8p8582220221e-05_ST-334p090301355_M-TI64_XI-0p0002_XF-0p0014_XL-0p0012_TE-0p0021_DT-5p03972182096e-06_H-676863bc48,new-data,,False,47.24953,46.86536,46.9141,0.3354300000000023,1.0071498760500577,187.47358,83.46542,0.3378282829234731,False,59639.0,59639.0,0.001083726,P-204p071587815_VX-0p957219619336_LS-8p8582220221e-05_ST-334p090301355_M-TI64_XI-0p0002_XF-0p0014_XL-0p0012_TE-0p0021_DT-5p03972182096e-06_H-676863bc48/gif_files/animation_ss_side.gif,Bounding-box monitors cannot identify connected components; flags select cases for visual review and are not exclusions.,False,False,,,,,,,not_selected,,,,,
P-167p779770961_VX-0p390580196452_LS-6p45833025222e-05_ST-394p852870083_M-TI64_XI-0p0002_XF-0p0014_XL-0p0012_TE-0p0021_DT-1p23511653864e-05_H-73ae961aa0,old-data-local,sim_00067,False,67.16396999999999,66.76979,66.82814,0.3358299999999872,1.0050252782734936,197.13757,96.99185,0.3375176392025745,False,110637.0,110637.0,0.00200989,P-167p779770961_VX-0p390580196452_LS-6p45833025222e-05_ST-394p852870083_M-TI64_XI-0p0002_XF-0p0014_XL-0p0012_TE-0p0021_DT-1p23511653864e-05_H-73ae961aa0/gif_files/animation_ss_side.gif,Bounding-box monitors cannot identify connected components; flags select cases for visual review and are not exclusions.,False,False,,,,,,,not_selected,,,,,
P-161p701140241_VX-0p559592851831_LS-7p43216837725e-05_ST-378p872335114_M-TI64_XI-0p0002_XF-0p0014_XL-0p0012_TE-0p00125_DT-1p15136442488e-05_H-bf889bf790,old-data-local,sim_00061,False,63.07095,62.67888000000001,62.73662,0.3343300000000084,1.0053291044369304,151.46332999999998,90.25323,0.3361116794864074,False,57351.0,57351.0,0.001042174,P-161p701140241_VX-0p559592851831_LS-7p43216837725e-05_ST-378p872335114_M-TI64_XI-0p0002_XF-0p0014_XL-0p0012_TE-0p00125_DT-1p15136442488e-05_H-bf889bf790/gif_files/animation_ss_side.gif,Bounding-box monitors cannot identify connected components; flags select cases for visual review and are not exclusions.,False,False,,,,,,,not_selected,,,,,
P-255p411547814_VX-0p885409904065_LS-6p83114026847e-05_ST-348p701073765_M-TI64_XI-0p0002_XF-0p0014_XL-0p0012_TE-0p0021_DT-5p44846017745e-06_H-89021150a8,new-data,,False,63.22623,62.73396,62.893330000000006,0.332899999999988,1.005293089108177,167.36892,82.52430999999999,0.3346620693641,False,38615.0,38615.0,0.0007019131,P-255p411547814_VX-0p885409904065_LS-6p83114026847e-05_ST-348p701073765_M-TI64_XI-0p0002_XF-0p0014_XL-0p0012_TE-0p0021_DT-5p44846017745e-06_H-89021150a8/gif_files/animation_ss_side.gif,Bounding-box monitors cannot identify connected components; flags select cases for visual review and are not exclusions.,False,False,,,,,,,not_selected,,,,,
P-157p183722649_VX-0p714259673467_LS-7p38607203139e-05_ST-347p368293375_M-TI64_XI-0p0002_XF-0p0014_XL-0p0012_TE-0p0021_DT-6p75401507634e-06_H-add9572a86,new-data,,False,51.23838,50.11429,50.91924,0.3191399999999973,1.006267571943336,159.92776,79.32503000000001,0.3211402329099935,False,60966.0,60966.0,0.001107825,P-157p183722649_VX-0p714259673467_LS-7p38607203139e-05_ST-347p368293375_M-TI64_XI-0p0002_XF-0p0014_XL-0p0012_TE-0p0021_DT-6p75401507634e-06_H-add9572a86/gif_files/animation_ss_side.gif,Bounding-box monitors cannot identify connected components; flags select cases for visual review and are not exclusions.,False,False,,,,,,,not_selected,,,,,
P-181p197687991_VX-0p643443519749_LS-5p49477846524e-05_ST-320p630170488_M-TI64_XI-0p0002_XF-0p0014_XL-0p0012_TE-0p0021_DT-7p49734895908e-06_H-6014a1f9c3,old-data-local,sim_00077,False,67.07716,59.87088,66.75883,0.3183300000000031,1.0047683579835058,146.66191999999998,86.79035000000002,0.3198479113968925,False,53910.0,53910.0,0.0009796824,P-181p197687991_VX-0p643443519749_LS-5p49477846524e-05_ST-320p630170488_M-TI64_XI-0p0002_XF-0p0014_XL-0p0012_TE-0p0021_DT-7p49734895908e-06_H-6014a1f9c3/gif_files/animation_ss_side.gif,Bounding-box monitors cannot identify connected components; flags select cases for visual review and are not exclusions.,False,False,,,,,,,not_selected,,,,,
P-93p2349412886_VX-0p318136092994_LS-6p37701091846e-05_ST-373p005608841_M-TI64_XI-0p0002_XF-0p0014_XL-0p0012_TE-0p0021_DT-1p51637010363e-05_H-95ed9fb76f,old-data-local,sim_00169,False,47.05715,42.82515,46.74211,0.3150399999999962,1.0067399610329957,166.50646,59.92814,0.3171633573238311,False,75588.0,75588.0,0.001373372,P-93p2349412886_VX-0p318136092994_LS-6p37701091846e-05_ST-373p005608841_M-TI64_XI-0p0002_XF-0p0014_XL-0p0012_TE-0p0021_DT-1p51637010363e-05_H-95ed9fb76f/gif_files/animation_ss_side.gif,Bounding-box monitors cannot identify connected components; flags select cases for visual review and are not exclusions.,False,False,,,,,,,not_selected,,,,,
P-109p741517589_VX-0p915030812968_LS-7p99759662409e-05_ST-303p804431165_M-TI64_XI-0p0002_XF-0p0014_XL-0p0012_TE-0p0021_DT-5p27208541466e-06_H-0e4c2fc094,new-data,,False,27.37239,26.90932,27.06171,0.3106800000000014,1.011480427511787,124.24156000000002,51.6105,0.3142467392193634,False,52988.0,52988.0,0.0009629381,P-109p741517589_VX-0p915030812968_LS-7p99759662409e-05_ST-303p804431165_M-TI64_XI-0p0002_XF-0p0014_XL-0p0012_TE-0p0021_DT-5p27208541466e-06_H-0e4c2fc094/gif_files/animation_ss_side.gif,Bounding-box monitors cannot identify connected components; flags select cases for visual review and are not exclusions.,False,False,,,,,,,not_selected,,,,,
P-163p341658752_VX-0p941874162971_LS-5p45765866009e-05_ST-310p281913475_M-TI64_XI-0p0002_XF-0p0014_XL-0p0012_TE-0p0021_DT-5p12183133657e-06_H-b40dbd8ddd,old-data-local,sim_00063,False,50.6134,46.81844,50.301125,0.3122749999999996,1.0062081116476025,123.99342,72.77055,0.3142136380647546,False,52282.0,52282.0,0.0009501166,P-163p341658752_VX-0p941874162971_LS-5p45765866009e-05_ST-310p281913475_M-TI64_XI-0p0002_XF-0p0014_XL-0p0012_TE-0p0021_DT-5p12183133657e-06_H-b40dbd8ddd/gif_files/animation_ss_side.gif,Bounding-box monitors cannot identify connected components; flags select cases for visual review and are not exclusions.,False,False,,,,,,,not_selected,,,,,
P-140p974625597_VX-0p98622838083_LS-4p5e-05_ST-300_M-TI64_XI--0p0002_XF-0p0012_XL-0p0014_TE-0p00125_DT-1p89589248085e-06_H-b0e5aed98c,old-data-local,sim_00040,False,47.28695,46.84275,46.977925,0.3090249999999983,1.006578089602723,104.0048,70.64114,0.3110577941394798,False,63505.0,63505.0,0.001153935,P-140p974625597_VX-0p98622838083_LS-4p5e-05_ST-300_M-TI64_XI--0p0002_XF-0p0012_XL-0p0014_TE-0p00125_DT-1p89589248085e-06_H-b0e5aed98c/gif_files/animation_ss_side.gif,Bounding-box monitors cannot identify connected components; flags select cases for visual review and are not exclusions.,False,False,,,,,,,not_selected,,,,,
P-250p760727959_VX-0p576945875618_LS-7p55521762294e-05_ST-375p926323236_M-TI64_XI-0p0002_XF-0p0014_XL-0p0012_TE-0p0021_DT-8p36147861851e-06_H-a88ac79600,new-data,,False,79.12313,74.81853,78.81882,0.3043100000000009,1.0038608799269009,199.36669,109.65855,0.3054849043705561,False,83455.0,83455.0,0.001516243,P-250p760727959_VX-0p576945875618_LS-7p55521762294e-05_ST-375p926323236_M-TI64_XI-0p0002_XF-0p0014_XL-0p0012_TE-0p0021_DT-8p36147861851e-06_H-a88ac79600/gif_files/animation_ss_side.gif,Bounding-box monitors cannot identify connected components; flags select cases for visual review and are not exclusions.,False,False,,,,,,,not_selected,,,,,
P-199p601335125_VX-0p449852506485_LS-5p7030843283e-05_ST-364p706449651_M-TI64_XI-0p0002_XF-0p0014_XL-0p0012_TE-0p0021_DT-1p07237828699e-05_H-1d842653b1,new-data,,False,82.90426,82.340345,82.60052,0.3037399999999906,1.0036772165598955,183.42139,112.6005,0.3048569177578932,False,107096.0,107096.0,0.001945582,P-199p601335125_VX-0p449852506485_LS-5p7030843283e-05_ST-364p706449651_M-TI64_XI-0p0002_XF-0p0014_XL-0p0012_TE-0p0021_DT-1p07237828699e-05_H-1d842653b1/gif_files/animation_ss_side.gif,Bounding-box monitors cannot identify connected components; flags select cases for visual review and are not exclusions.,False,False,,,,,,,not_selected,,,,,
P-96p3048792257_VX-0p802808589305_LS-5p4654094879e-05_ST-371p269771919_M-TI64_XI-0p0002_XF-0p0014_XL-0p0012_TE-0p0021_DT-6p00905454586e-06_H-24e0a43587,old-data-local,sim_00172,False,35.23861,34.68289,34.936815,0.3017949999999985,1.0086383089013695,112.97828,47.64992,0.3044019984348873,False,29906.0,29906.0,0.0005437508,P-96p3048792257_VX-0p802808589305_LS-5p4654094879e-05_ST-371p269771919_M-TI64_XI-0p0002_XF-0p0014_XL-0p0012_TE-0p0021_DT-6p00905454586e-06_H-24e0a43587/gif_files/animation_ss_side.gif,Bounding-box monitors cannot identify connected components; flags select cases for visual review and are not exclusions.,False,False,,,,,,,not_selected,,,,,
P-217p682945702_VX-0p631899079757_LS-7p17459883069e-05_ST-324p134516573_M-TI64_XI-0p0002_XF-0p0014_XL-0p0012_TE-0p0021_DT-7p63432129838e-06_H-7c2e16b959,new-data,,False,74.68508,67.46731,74.38219,0.302890000000005,1.0040720769313192,178.53281,102.30285,0.3041233913817323,False,71287.0,71287.0,0.001295262,P-217p682945702_VX-0p631899079757_LS-7p17459883069e-05_ST-324p134516573_M-TI64_XI-0p0002_XF-0p0014_XL-0p0012_TE-0p0021_DT-7p63432129838e-06_H-7c2e16b959/gif_files/animation_ss_side.gif,Bounding-box monitors cannot identify connected components; flags select cases for visual review and are not exclusions.,False,False,,,,,,,not_selected,,,,,
P-198p603717725_VX-0p869799932432_LS-5p56307183941e-05_ST-326p836247823_M-TI64_XI-0p0002_XF-0p0014_XL-0p0012_TE-0p0021_DT-5p54624163919e-06_H-bf3689621a,old-data-local,sim_00094,False,58.90576,55.03649,58.6056,0.3001599999999982,1.0051216948550992,134.58268,78.60225,0.3016973279277047,False,41868.0,41868.0,0.0007609901,P-198p603717725_VX-0p869799932432_LS-5p56307183941e-05_ST-326p836247823_M-TI64_XI-0p0002_XF-0p0014_XL-0p0012_TE-0p0021_DT-5p54624163919e-06_H-bf3689621a/gif_files/animation_ss_side.gif,Bounding-box monitors cannot identify connected components; flags select cases for visual review and are not exclusions.,False,False,,,,,,,not_selected,,,,,
P-151p630328889_VX-0p596649793105_LS-5p54888002616e-05_ST-323p086654154_M-TI64_XI-0p0002_XF-0p0014_XL-0p0012_TE-0p00125_DT-1p0798550665e-05_H-bf889bf790,old-data-local,sim_00054,False,62.80282,60.221,62.50648999999999,0.2963300000000117,1.0047407877166037,142.55014,82.04593,0.297734837624073,False,57201.0,57201.0,0.00103945,P-151p630328889_VX-0p596649793105_LS-5p54888002616e-05_ST-323p086654154_M-TI64_XI-0p0002_XF-0p0014_XL-0p0012_TE-0p00125_DT-1p0798550665e-05_H-bf889bf790/gif_files/animation_ss_side.gif,Bounding-box monitors cannot identify connected components; flags select cases for visual review and are not exclusions.,False,False,,,,,,,not_selected,,,,,
P-242p307622127_VX-0p748861384084_LS-6p09484851001e-05_ST-306p16946129_M-TI64_XI-0p0002_XF-0p0014_XL-0p0012_TE-0p0021_DT-6p44194066558e-06_H-1d842653b1,new-data,,False,70.81725,66.783195,70.52078,0.2964699999999993,1.0042040090878177,150.03703,100.18163,0.2977163625742646,False,91081.0,91081.0,0.001654737,P-242p307622127_VX-0p748861384084_LS-6p09484851001e-05_ST-306p16946129_M-TI64_XI-0p0002_XF-0p0014_XL-0p0012_TE-0p0021_DT-6p44194066558e-06_H-1d842653b1/gif_files/animation_ss_side.gif,Bounding-box monitors cannot identify connected components; flags select cases for visual review and are not exclusions.,False,False,,,,,,,not_selected,,,,,
P-97p5646849269_VX-0p800614374072_LS-8p74302358335e-05_ST-345p052442693_M-TI64_XI-0p0002_XF-0p0014_XL-0p0012_TE-0p0021_DT-6p02552334713e-06_H-b41981edcb,old-data-remote-clean,sim_00241,False,26.979,22.85191,26.68698,0.2920200000000008,1.0109424146156665,128.75302000000002,40.63108,0.2952154039160677,False,28587.0,28587.0,0.0005197967,P-97p5646849269_VX-0p800614374072_LS-8p74302358335e-05_ST-345p052442693_M-TI64_XI-0p0002_XF-0p0014_XL-0p0012_TE-0p0021_DT-6p02552334713e-06_H-b41981edcb/gif_files/animation_ss_side.gif,Bounding-box monitors cannot identify connected components; flags select cases for visual review and are not exclusions.,False,False,,,,,,,not_selected,,,,,
P-165p961555057_VX-0p261983014715_LS-5p47380727674e-05_ST-307p441799119_M-TI64_XI-0p0002_XF-0p0014_XL-0p0012_TE-0p0021_DT-1p84138678161e-05_H-b41981edcb,old-data-remote-clean,sim_00203,False,67.05891,66.72152,66.767555,0.2913549999999958,1.0043637212715066,196.11313,83.35229000000001,0.2926263920110556,False,95842.0,95842.0,0.001741201,P-165p961555057_VX-0p261983014715_LS-5p47380727674e-05_ST-307p441799119_M-TI64_XI-0p0002_XF-0p0014_XL-0p0012_TE-0p0021_DT-1p84138678161e-05_H-b41981edcb/gif_files/animation_ss_side.gif,Bounding-box monitors cannot identify connected components; flags select cases for visual review and are not exclusions.,False,False,,,,,,,not_selected,,,,,
P-123p578555013_VX-0p413960648538_LS-5p40122226787e-05_ST-380p745973079_M-TI64_XI-0p0002_XF-0p0014_XL-0p0012_TE-0p0021_DT-1p16535729182e-05_H-f404b6f8f4,old-data-local,sim_00019,False,55.16539,54.7679,54.87616,0.2892299999999963,1.0052705947354916,161.9076,77.17672999999999,0.2907544141153425,False,85438.0,85438.0,0.001552256,P-123p578555013_VX-0p413960648538_LS-5p40122226787e-05_ST-380p745973079_M-TI64_XI-0p0002_XF-0p0014_XL-0p0012_TE-0p0021_DT-1p16535729182e-05_H-f404b6f8f4/gif_files/animation_ss_side.gif,Bounding-box monitors cannot identify connected components; flags select cases for visual review and are not exclusions.,False,False,,,,,,,not_selected,,,,,
P-149p73987868_VX-0p504680707931_LS-6p9723584777e-05_ST-320p536129041_M-TI64_XI-0p0002_XF-0p0014_XL-0p0012_TE-0p0021_DT-9p55875770008e-06_H-95ed9fb76f,old-data-local,sim_00050,False,62.61592,54.75336,62.32984,0.2860800000000054,1.0045897759403843,172.76330000000002,86.59517000000001,0.2873930431010306,False,75585.0,75585.0,0.001373318,P-149p73987868_VX-0p504680707931_LS-6p9723584777e-05_ST-320p536129041_M-TI64_XI-0p0002_XF-0p0014_XL-0p0012_TE-0p0021_DT-9p55875770008e-06_H-95ed9fb76f/gif_files/animation_ss_side.gif,Bounding-box monitors cannot identify connected components; flags select cases for visual review and are not exclusions.,False,False,,,,,,,not_selected,,,,,
P-124p939831153_VX-0p895565001264_LS-4p79284796095e-05_ST-395p904294171_M-TI64_XI-0p0002_XF-0p0014_XL-0p0012_TE-0p0021_DT-5p38667834965e-06_H-cf6d926251,old-data-local,sim_00020,False,43.23801,42.80561,42.95511,0.282900000000005,1.0065859451878951,111.82032,63.40156,0.2847631638936606,False,50129.0,50129.0,0.0009110164,P-124p939831153_VX-0p895565001264_LS-4p79284796095e-05_ST-395p904294171_M-TI64_XI-0p0002_XF-0p0014_XL-0p0012_TE-0p0021_DT-5p38667834965e-06_H-cf6d926251/gif_files/animation_ss_side.gif,Bounding-box monitors cannot identify connected components; flags select cases for visual review and are not exclusions.,False,False,,,,,,,not_selected,,,,,
P-287p102038097_VX-0p362628106341_LS-6p67475186474e-05_ST-334p763632341_M-TI64_XI-0p0002_XF-0p0014_XL-0p0012_TE-0p0021_DT-1p33032175903e-05_H-c5f6eebf67,new-data,,False,98.64497,90.68274,98.36166,0.2833100000000002,1.0028802889255837,231.1692,122.51098,0.2841260146555072,False,63258.0,63258.0,0.001149449,P-287p102038097_VX-0p362628106341_LS-6p67475186474e-05_ST-334p763632341_M-TI64_XI-0p0002_XF-0p0014_XL-0p0012_TE-0p0021_DT-1p33032175903e-05_H-c5f6eebf67/gif_files/animation_ss_side.gif,Bounding-box monitors cannot identify connected components; flags select cases for visual review and are not exclusions.,False,False,,,,,,,not_selected,,,,,
P-160p556282667_VX-0p957190479289_LS-5p53708249108e-05_ST-363p791890923_M-TI64_XI-0p0002_XF-0p0014_XL-0p0012_TE-0p0021_DT-5p03987524677e-06_H-0590129dfb,old-data-local,sim_00060,False,47.2519,46.84559,46.9697,0.2822000000000031,1.006008128644637,122.67157,69.02807,0.2838954939035197,False,49295.0,49295.0,0.0008958703,P-160p556282667_VX-0p957190479289_LS-5p53708249108e-05_ST-363p791890923_M-TI64_XI-0p0002_XF-0p0014_XL-0p0012_TE-0p0021_DT-5p03987524677e-06_H-0590129dfb/gif_files/animation_ss_side.gif,Bounding-box monitors cannot identify connected components; flags select cases for visual review and are not exclusions.,False,False,,,,,,,not_selected,,,,,
P-118p4900546_VX-0p535113778256_LS-4p79907961621e-05_ST-385p412174328_M-TI64_XI-0p0002_XF-0p0014_XL-0p0012_TE-0p0021_DT-9p01513061154e-06_H-dd169576f0,old-data-local,sim_00015,False,55.19167,46.77987,54.9103,0.2813700000000025,1.00512417524581,134.83887,69.42011000000001,0.2828117891889161,False,47639.0,47639.0,0.0008657961,P-118p4900546_VX-0p535113778256_LS-4p79907961621e-05_ST-385p412174328_M-TI64_XI-0p0002_XF-0p0014_XL-0p0012_TE-0p0021_DT-9p01513061154e-06_H-dd169576f0/gif_files/animation_ss_side.gif,Bounding-box monitors cannot identify connected components; flags select cases for visual review and are not exclusions.,False,False,,,,,,,not_selected,,,,,
P-234p126702838_VX-0p687075747958_LS-6p17120592739e-05_ST-378p601004081_M-TI64_XI-0p0002_XF-0p0014_XL-0p0012_TE-0p0021_DT-7p02123545672e-06_H-9aef4c9512,old-data-local,sim_00129,False,74.59258000000001,70.65697999999999,74.31175999999999,0.2808200000000198,1.003778944274769,166.82824000000002,94.14475000000002,0.2818812031312606,False,47372.0,47372.0,0.0008609471,P-234p126702838_VX-0p687075747958_LS-6p17120592739e-05_ST-378p601004081_M-TI64_XI-0p0002_XF-0p0014_XL-0p0012_TE-0p0021_DT-7p02123545672e-06_H-9aef4c9512/gif_files/animation_ss_side.gif,Bounding-box monitors cannot identify connected components; flags select cases for visual review and are not exclusions.,False,False,,,,,,,not_selected,,,,,
P-203p317554156_VX-0p724937635215_LS-5p40301996917e-05_ST-325p306920736_M-TI64_XI-0p0002_XF-0p0014_XL-0p0012_TE-0p0021_DT-6p65453187788e-06_H-dfd65b549a,new-data,,False,66.93857,62.7824,66.66340499999998,0.2751650000000154,1.0041276769465948,146.88224,83.00301,0.2763007922270252,False,39216.0,39216.0,0.0007128277,P-203p317554156_VX-0p724937635215_LS-5p40301996917e-05_ST-325p306920736_M-TI64_XI-0p0002_XF-0p0014_XL-0p0012_TE-0p0021_DT-6p65453187788e-06_H-dfd65b549a/gif_files/animation_ss_side.gif,Bounding-box monitors cannot identify connected components; flags select cases for visual review and are not exclusions.,False,False,,,,,,,not_selected,,,,,
P-236p763849841_VX-0p800191513041_LS-6p78517796151e-05_ST-355p994293515_M-TI64_XI-0p0002_XF-0p0014_XL-0p0012_TE-0p0021_DT-6p02870753363e-06_H-eb41f0639c,old-data-local,sim_00130,False,67.04621,63.872535000000006,66.77541,0.2708000000000083,1.0040553850586618,161.26025,90.73468,0.271898198273894,False,50958.0,50958.0,0.0009260717,P-236p763849841_VX-0p800191513041_LS-6p78517796151e-05_ST-355p994293515_M-TI64_XI-0p0002_XF-0p0014_XL-0p0012_TE-0p0021_DT-6p02870753363e-06_H-eb41f0639c/gif_files/animation_ss_side.gif,Bounding-box monitors cannot identify connected components; flags select cases for visual review and are not exclusions.,False,False,,,,,,,not_selected,,,,,
P-53p4525830151_VX-0p394191978834_LS-4p5e-05_ST-300_M-TI64_XI--0p0002_XF-0p0012_XL-0p0014_TE-0p00125_DT-4p7433308439e-06_H-306f9d252b,old-data-local,sim_00144,False,31.15842,30.79568,30.88926,0.2691599999999958,1.008713708259764,111.16731,47.45316999999999,0.2715053817151939,False,39200.0,39200.0,0.0007125371,P-53p4525830151_VX-0p394191978834_LS-4p5e-05_ST-300_M-TI64_XI--0p0002_XF-0p0012_XL-0p0014_TE-0p00125_DT-4p7433308439e-06_H-306f9d252b/gif_files/animation_ss_side.gif,Bounding-box monitors cannot identify connected components; flags select cases for visual review and are not exclusions.,False,False,,,,,,,not_selected,,,,,
P-171p382540224_VX-0p233605939402_LS-6p18629013601e-05_ST-355p188153249_M-TI64_XI-0p0002_XF-0p0014_XL-0p0012_TE-0p0021_DT-2p06506761573e-05_H-ba17ade68b,old-data-local,sim_00069,False,66.92866,66.73917,66.65982,0.2688399999999973,1.0040330141905571,218.186,83.60003,0.2699242355349867,False,114769.0,114769.0,0.00208493,P-171p382540224_VX-0p233605939402_LS-6p18629013601e-05_ST-355p188153249_M-TI64_XI-0p0002_XF-0p0014_XL-0p0012_TE-0p0021_DT-2p06506761573e-05_H-ba17ade68b/gif_files/animation_ss_side.gif,Bounding-box monitors cannot identify connected components; flags select cases for visual review and are not exclusions.,False,False,,,,,,,not_selected,,,,,
P-145p199982561_VX-0p253198682602_LS-7p7513591008e-05_ST-398p693210886_M-TI64_XI-0p0002_XF-0p0014_XL-0p0012_TE-0p0021_DT-1p90527081478e-05_H-2d34966482,old-data-remote-clean,sim_00197,False,59.07345,58.84488,58.806845,0.2666050000000055,1.0045335708793766,230.5837,77.5326,0.2678136726643017,False,115143.0,115143.0,0.002091722,P-145p199982561_VX-0p253198682602_LS-7p7513591008e-05_ST-398p693210886_M-TI64_XI-0p0002_XF-0p0014_XL-0p0012_TE-0p0021_DT-1p90527081478e-05_H-2d34966482/gif_files/animation_ss_side.gif,Bounding-box monitors cannot identify connected components; flags select cases for visual review and are not exclusions.,False,False,,,,,,,not_selected,,,,,
P-263p723264659_VX-0p501861307944_LS-7p03164616445e-05_ST-399p080626763_M-TI64_XI-0p0002_XF-0p0014_XL-0p0012_TE-0p0021_DT-9p61245771821e-06_H-1d842653b1,new-data,,False,98.55861,83.64314999999999,98.29212,0.2664900000000045,1.0027112041128017,206.8843,127.80424,0.2672125087840251,False,88623.0,88623.0,0.001610098,P-263p723264659_VX-0p501861307944_LS-7p03164616445e-05_ST-399p080626763_M-TI64_XI-0p0002_XF-0p0014_XL-0p0012_TE-0p0021_DT-9p61245771821e-06_H-1d842653b1/gif_files/animation_ss_side.gif,Bounding-box monitors cannot identify connected components; flags select cases for visual review and are not exclusions.,False,False,,,,,,,not_selected,,,,,
P-52p5445860993_VX-0p633129978235_LS-4p5e-05_ST-300_M-TI64_XI--0p0002_XF-0p0012_XL-0p0014_TE-0p00125_DT-2p95323714861e-06_H-306f9d252b,old-data-local,sim_00143,False,23.18574,22.84292,22.92576,0.2599799999999987,1.011340082073615,88.15248,39.43052,0.2629281945374971,False,25450.0,25450.0,0.0004627855,P-52p5445860993_VX-0p633129978235_LS-4p5e-05_ST-300_M-TI64_XI--0p0002_XF-0p0012_XL-0p0014_TE-0p00125_DT-2p95323714861e-06_H-306f9d252b/gif_files/animation_ss_side.gif,Bounding-box monitors cannot identify connected components; flags select cases for visual review and are not exclusions.,False,False,,,,,,,not_selected,,,,,
P-234p345987256_VX-0p872091919433_LS-7p00578367301e-05_ST-333p182550298_M-TI64_XI-0p0002_XF-0p0014_XL-0p0012_TE-0p0021_DT-5p53166529298e-06_H-b41981edcb,old-data-remote-clean,sim_00227,False,62.6313,58.83496,62.3715,0.2597999999999985,1.00416536398836,158.91342,84.80988,0.2608821615641744,False,45485.0,45485.0,0.0008266777,P-234p345987256_VX-0p872091919433_LS-7p00578367301e-05_ST-333p182550298_M-TI64_XI-0p0002_XF-0p0014_XL-0p0012_TE-0p0021_DT-5p53166529298e-06_H-b41981edcb/gif_files/animation_ss_side.gif,Bounding-box monitors cannot identify connected components; flags select cases for visual review and are not exclusions.,False,False,,,,,,,not_selected,,,,,
P-166p164223082_VX-0p514604075971_LS-6p70362084208e-05_ST-302p957496397_M-TI64_XI-0p0002_XF-0p0014_XL-0p0012_TE-0p00125_DT-1p25202137351e-05_H-bf889bf790,old-data-local,sim_00064,False,67.02459,66.67379000000001,66.76555,0.2590399999999988,1.003879845219578,159.23012,84.89472,0.2600450351056783,False,60961.0,60961.0,0.001107734,P-166p164223082_VX-0p514604075971_LS-6p70362084208e-05_ST-302p957496397_M-TI64_XI-0p0002_XF-0p0014_XL-0p0012_TE-0p00125_DT-1p25202137351e-05_H-bf889bf790/gif_files/animation_ss_side.gif,Bounding-box monitors cannot identify connected components; flags select cases for visual review and are not exclusions.,False,False,,,,,,,not_selected,,,,,
P-99p0936052974_VX-0p300439480401_LS-4p95355776339e-05_ST-340p036700638_M-TI64_XI-0p0002_XF-0p0014_XL-0p0012_TE-0p0021_DT-1p60568797302e-05_H-701e6757d1,old-data-local,sim_00177,False,51.02231,50.67512,50.76388,0.2584300000000041,1.0050908244208283,159.17389,70.38883,0.2597456217550788,False,106856.0,106856.0,0.001941224,P-99p0936052974_VX-0p300439480401_LS-4p95355776339e-05_ST-340p036700638_M-TI64_XI-0p0002_XF-0p0014_XL-0p0012_TE-0p0021_DT-1p60568797302e-05_H-701e6757d1/gif_files/animation_ss_side.gif,Bounding-box monitors cannot identify connected components; flags select cases for visual review and are not exclusions.,False,False,,,,,,,not_selected,,,,,
P-92p2921456709_VX-0p425581954559_LS-4p53091383738e-05_ST-356p588229582_M-TI64_XI-0p0002_XF-0p0014_XL-0p0012_TE-0p0021_DT-1p13353504568e-05_H-765072ed36,old-data-remote-clean,sim_00238,False,47.10923,46.218185000000005,46.851055,0.2581750000000014,1.0055105482683369,131.15157,59.659940000000006,0.2595976857991792,False,54781.0,54781.0,0.0009955005,P-92p2921456709_VX-0p425581954559_LS-4p53091383738e-05_ST-356p588229582_M-TI64_XI-0p0002_XF-0p0014_XL-0p0012_TE-0p0021_DT-1p13353504568e-05_H-765072ed36/gif_files/animation_ss_side.gif,Bounding-box monitors cannot identify connected components; flags select cases for visual review and are not exclusions.,False,False,,,,,,,not_selected,,,,,
P-98p5137427197_VX-0p87794698955_LS-7p93698578539e-05_ST-325p506902574_M-TI64_XI-0p0002_XF-0p0014_XL-0p0012_TE-0p00125_DT-7p33865836642e-06_H-bf889bf790,old-data-local,sim_00175,False,27.19738,26.81054,26.941025,0.2563549999999992,1.0095154137602411,109.9756,48.12238,0.2587943238945058,False,61092.0,61092.0,0.001110113,P-98p5137427197_VX-0p87794698955_LS-7p93698578539e-05_ST-325p506902574_M-TI64_XI-0p0002_XF-0p0014_XL-0p0012_TE-0p00125_DT-7p33865836642e-06_H-bf889bf790/gif_files/animation_ss_side.gif,Bounding-box monitors cannot identify connected components; flags select cases for visual review and are not exclusions.,False,False,,,,,,,not_selected,,,,,
P-233p106311211_VX-0p310101846937_LS-6p6327379673e-05_ST-336p786172861_M-TI64_XI-0p0002_XF-0p0014_XL-0p0012_TE-0p0021_DT-1p55565684328e-05_H-add9572a86,new-data,,False,82.84798,82.64645,82.59051000000001,0.2574699999999978,1.0031174283825102,230.7418,106.21398,0.2582726442856427,False,106973.0,106973.0,0.001943348,P-233p106311211_VX-0p310101846937_LS-6p6327379673e-05_ST-336p786172861_M-TI64_XI-0p0002_XF-0p0014_XL-0p0012_TE-0p0021_DT-1p55565684328e-05_H-add9572a86/gif_files/animation_ss_side.gif,Bounding-box monitors cannot identify connected components; flags select cases for visual review and are not exclusions.,False,False,,,,,,,not_selected,,,,,
P-76p6986127633_VX-0p686212461643_LS-6p4052091323e-05_ST-393p159111444_M-TI64_XI-0p0002_XF-0p0014_XL-0p0012_TE-0p0021_DT-7p0300684885e-06_H-b41981edcb,old-data-remote-clean,sim_00234,False,27.22905,26.57544,26.97527,0.253779999999999,1.0094078761769576,118.75335,41.60888,0.2561675308161873,False,35736.0,35736.0,0.0006496282,P-76p6986127633_VX-0p686212461643_LS-6p4052091323e-05_ST-393p159111444_M-TI64_XI-0p0002_XF-0p0014_XL-0p0012_TE-0p0021_DT-7p0300684885e-06_H-b41981edcb/gif_files/animation_ss_side.gif,Bounding-box monitors cannot identify connected components; flags select cases for visual review and are not exclusions.,False,False,,,,,,,not_selected,,,,,
P-203p030488295_VX-0p654564663741_LS-6p39602473907e-05_ST-333p568221635_M-TI64_XI-0p0002_XF-0p0014_XL-0p0012_TE-0p0021_DT-7p36996796534e-06_H-0e4c2fc094,new-data,,False,70.64577,65.373875,70.39099,0.2547799999999967,1.0036194973248709,161.62174,94.95355,0.2557021755284272,False,64439.0,64439.0,0.001170897,P-203p030488295_VX-0p654564663741_LS-6p39602473907e-05_ST-333p568221635_M-TI64_XI-0p0002_XF-0p0014_XL-0p0012_TE-0p0021_DT-7p36996796534e-06_H-0e4c2fc094/gif_files/animation_ss_side.gif,Bounding-box monitors cannot identify connected components; flags select cases for visual review and are not exclusions.,False,False,,,,,,,not_selected,,,,,
P-226p648480029_VX-0p577602942666_LS-6p93800013331e-05_ST-342p653362063_M-TI64_XI-0p0002_XF-0p0014_XL-0p0012_TE-0p0021_DT-8p35196680396e-06_H-b4093437b1,old-data-remote-clean,sim_00224,False,78.90024,70.60906,78.64686,0.2533799999999928,1.003221743372844,183.29886,108.54858,0.254196325335804,False,82821.0,82821.0,0.001504729,P-226p648480029_VX-0p577602942666_LS-6p93800013331e-05_ST-342p653362063_M-TI64_XI-0p0002_XF-0p0014_XL-0p0012_TE-0p0021_DT-8p35196680396e-06_H-b4093437b1/gif_files/animation_ss_side.gif,Bounding-box monitors cannot identify connected components; flags select cases for visual review and are not exclusions.,False,False,,,,,,,not_selected,,,,,
P-229p384485496_VX-0p374546448601_LS-5p61892687884e-05_ST-346p005476369_M-TI64_XI-0p0002_XF-0p0014_XL-0p0012_TE-0p0021_DT-1p28798994652e-05_H-f404b6f8f4,old-data-local,sim_00125,False,82.94931,82.6434,82.69717,0.2521399999999971,1.0030489556051314,199.24552,111.96354,0.2529087636662749,False,115273.0,115273.0,0.002094083,P-229p384485496_VX-0p374546448601_LS-5p61892687884e-05_ST-346p005476369_M-TI64_XI-0p0002_XF-0p0014_XL-0p0012_TE-0p0021_DT-1p28798994652e-05_H-f404b6f8f4/gif_files/animation_ss_side.gif,Bounding-box monitors cannot identify connected components; flags select cases for visual review and are not exclusions.,False,False,,,,,,,not_selected,,,,,
P-88p5362444224_VX-0p501389667448_LS-5p57799721508e-05_ST-306p707884961_M-TI64_XI-0p0002_XF-0p0014_XL-0p0012_TE-0p0021_DT-9p62149983578e-06_H-1422635bbf,old-data-local,sim_00163,False,39.1488,35.046245,38.89921,0.2495900000000048,1.0064163256785936,135.70415,63.01903,0.2511914507261251,False,85380.0,85380.0,0.001551202,P-88p5362444224_VX-0p501389667448_LS-5p57799721508e-05_ST-306p707884961_M-TI64_XI-0p0002_XF-0p0014_XL-0p0012_TE-0p0021_DT-9p62149983578e-06_H-1422635bbf/gif_files/animation_ss_side.gif,Bounding-box monitors cannot identify connected components; flags select cases for visual review and are not exclusions.,False,False,,,,,,,not_selected,,,,,
P-132p644034819_VX-0p797235702485_LS-4p6520297442e-05_ST-303p62522115_M-TI64_XI-0p0002_XF-0p0014_XL-0p0012_TE-0p0021_DT-6p0510594144e-06_H-0e4c2fc094,new-data,,False,47.18788,46.68914,46.938615,0.2492650000000011,1.0053104464202876,118.97467,59.14799,0.2505887084269542,False,30126.0,30126.0,0.0005477461,P-132p644034819_VX-0p797235702485_LS-4p6520297442e-05_ST-303p62522115_M-TI64_XI-0p0002_XF-0p0014_XL-0p0012_TE-0p0021_DT-6p0510594144e-06_H-0e4c2fc094/gif_files/animation_ss_side.gif,Bounding-box monitors cannot identify connected components; flags select cases for visual review and are not exclusions.,False,False,,,,,,,not_selected,,,,,
P-77p6071708937_VX-0p433253784538_LS-7p48831675656e-05_ST-344p207921637_M-TI64_XI-0p0002_XF-0p0014_XL-0p0012_TE-0p0021_DT-1p11346300371e-05_H-5958772c6a,old-data-local,sim_00156,False,34.68217,30.78383,34.43542,0.2467499999999987,1.0071655870612293,145.25986,51.57819,0.248518108607357,False,58121.0,58121.0,0.001056158,P-77p6071708937_VX-0p433253784538_LS-7p48831675656e-05_ST-344p207921637_M-TI64_XI-0p0002_XF-0p0014_XL-0p0012_TE-0p0021_DT-1p11346300371e-05_H-5958772c6a/gif_files/animation_ss_side.gif,Bounding-box monitors cannot identify connected components; flags select cases for visual review and are not exclusions.,False,False,,,,,,,not_selected,,,,,
P-164p187091551_VX-0p507792014735_LS-6p92164167976e-05_ST-301p020288893_M-TI64_XI-0p0002_XF-0p0014_XL-0p0012_TE-0p0021_DT-9p50018996564e-06_H-c15424829d,new-data,,False,66.76807,58.543,66.52321,0.2448599999999885,1.0036808205737515,181.0433,97.72493,0.2457612857256773,False,93402.0,93402.0,0.001696888,P-164p187091551_VX-0p507792014735_LS-6p92164167976e-05_ST-301p020288893_M-TI64_XI-0p0002_XF-0p0014_XL-0p0012_TE-0p0021_DT-9p50018996564e-06_H-c15424829d/gif_files/animation_ss_side.gif,Bounding-box monitors cannot identify connected components; flags select cases for visual review and are not exclusions.,False,False,,,,,,,not_selected,,,,,
P-97p6596954152_VX-0p666705631564_LS-4p5e-05_ST-300_M-TI64_XI--0p0002_XF-0p0012_XL-0p0014_TE-0p00125_DT-2p80451054123e-06_H-b0e5aed98c,old-data-local,sim_00173,False,43.13503,42.79696,42.89072,0.2443099999999987,1.0056961039590848,111.23404,59.83482,0.2457016151582427,False,24809.0,24809.0,0.0004511258,P-97p6596954152_VX-0p666705631564_LS-4p5e-05_ST-300_M-TI64_XI--0p0002_XF-0p0012_XL-0p0014_TE-0p00125_DT-2p80451054123e-06_H-b0e5aed98c/gif_files/animation_ss_side.gif,Bounding-box monitors cannot identify connected components; flags select cases for visual review and are not exclusions.,False,False,,,,,,,not_selected,,,,,
P-162p142815649_VX-0p926926325143_LS-6p49234891537e-05_ST-377p454931887_M-TI64_XI-0p0002_XF-0p0014_XL-0p0012_TE-0p0021_DT-5p20442722594e-06_H-eed8ed7ef3,new-data,,False,47.2123,46.77227,46.96848,0.2438199999999994,1.0051911409524004,135.18931999999998,66.85585,0.2450857039870137,False,36017.0,36017.0,0.0006547314,P-162p142815649_VX-0p926926325143_LS-6p49234891537e-05_ST-377p454931887_M-TI64_XI-0p0002_XF-0p0014_XL-0p0012_TE-0p0021_DT-5p20442722594e-06_H-eed8ed7ef3/gif_files/animation_ss_side.gif,Bounding-box monitors cannot identify connected components; flags select cases for visual review and are not exclusions.,False,False,,,,,,,not_selected,,,,,
P-261p886347681_VX-0p412060740992_LS-8p23359668267e-05_ST-378p690023731_M-TI64_XI-0p0002_XF-0p0014_XL-0p0012_TE-0p0021_DT-1p17073045867e-05_H-0e4c2fc094,new-data,,False,94.94726,94.62022,94.70366,0.2436000000000007,1.0025722342726775,240.9504,124.83233,0.2442265962688249,False,104548.0,104548.0,0.001899309,P-261p886347681_VX-0p412060740992_LS-8p23359668267e-05_ST-378p690023731_M-TI64_XI-0p0002_XF-0p0014_XL-0p0012_TE-0p0021_DT-1p17073045867e-05_H-0e4c2fc094/gif_files/animation_ss_side.gif,Bounding-box monitors cannot identify connected components; flags select cases for visual review and are not exclusions.,False,False,,,,,,,not_selected,,,,,
P-129p840936159_VX-0p750604494449_LS-8p84568803437e-05_ST-319p185657099_M-TI64_XI-0p0002_XF-0p0014_XL-0p0012_TE-0p0021_DT-6p42698070514e-06_H-f575443233,old-data-local,sim_00023,False,35.102650000000004,34.760245,34.86106,0.2415900000000022,1.0069300818735862,154.95717,58.145900000000005,0.2432642384798419,False,45068.0,45068.0,0.0008191047,P-129p840936159_VX-0p750604494449_LS-8p84568803437e-05_ST-319p185657099_M-TI64_XI-0p0002_XF-0p0014_XL-0p0012_TE-0p0021_DT-6p42698070514e-06_H-f575443233/gif_files/animation_ss_side.gif,Bounding-box monitors cannot identify connected components; flags select cases for visual review and are not exclusions.,False,False,,,,,,,not_selected,,,,,
P-209p47686991_VX-0p866693950214_LS-6p90699464413e-05_ST-369p570871734_M-TI64_XI-0p0002_XF-0p0014_XL-0p0012_TE-0p0021_DT-5p56611777644e-06_H-b021dd2b47,new-data,,False,59.03557,58.44805,58.79409,0.2414800000000028,1.0041072155381603,158.77676000000002,78.30861,0.2424718104081578,False,39243.0,39243.0,0.0007133181,P-209p47686991_VX-0p866693950214_LS-6p90699464413e-05_ST-369p570871734_M-TI64_XI-0p0002_XF-0p0014_XL-0p0012_TE-0p0021_DT-5p56611777644e-06_H-b021dd2b47/gif_files/animation_ss_side.gif,Bounding-box monitors cannot identify connected components; flags select cases for visual review and are not exclusions.,False,False,,,,,,,not_selected,,,,,
P-223p185978023_VX-0p49812515056_LS-8p14092862216e-05_ST-313p14559396_M-TI64_XI-0p0002_XF-0p0014_XL-0p0012_TE-0p0021_DT-9p68455537246e-06_H-b40dbd8ddd,old-data-local,sim_00119,False,79.03657999999999,74.55723499999999,78.79657,0.2400099999999838,1.003045944766377,211.2685,111.72967,0.240741057203362,False,99030.0,99030.0,0.001799097,P-223p185978023_VX-0p49812515056_LS-8p14092862216e-05_ST-313p14559396_M-TI64_XI-0p0002_XF-0p0014_XL-0p0012_TE-0p0021_DT-9p68455537246e-06_H-b40dbd8ddd/gif_files/animation_ss_side.gif,Bounding-box monitors cannot identify connected components; flags select cases for visual review and are not exclusions.,False,False,,,,,,,not_selected,,,,,
P-185p872045369_VX-0p416268682161_LS-7p15564692144e-05_ST-371p982346013_M-TI64_XI-0p0002_XF-0p0014_XL-0p0012_TE-0p0021_DT-1p15889587897e-05_H-bc28d74e69,new-data,,False,75.07011,74.77214000000001,74.83095,0.2391599999999982,1.0031960037925485,206.296,102.4671,0.2399243562670241,False,98350.0,98350.0,0.001786748,P-185p872045369_VX-0p416268682161_LS-7p15564692144e-05_ST-371p982346013_M-TI64_XI-0p0002_XF-0p0014_XL-0p0012_TE-0p0021_DT-1p15889587897e-05_H-bc28d74e69/gif_files/animation_ss_side.gif,Bounding-box monitors cannot identify connected components; flags select cases for visual review and are not exclusions.,False,False,,,,,,,not_selected,,,,,
P-110p642328299_VX-0p274154737479_LS-7p4676600105e-05_ST-358p612942181_M-TI64_XI-0p0002_XF-0p0014_XL-0p0012_TE-0p0021_DT-1p7596342297e-05_H-b40dbd8ddd,old-data-local,sim_00007,False,51.03213,50.78583,50.79339,0.2387399999999928,1.0047002178826812,202.3284,69.37307999999999,0.2398621300173041,False,106416.0,106416.0,0.001933233,P-110p642328299_VX-0p274154737479_LS-7p4676600105e-05_ST-358p612942181_M-TI64_XI-0p0002_XF-0p0014_XL-0p0012_TE-0p0021_DT-1p7596342297e-05_H-b40dbd8ddd/gif_files/animation_ss_side.gif,Bounding-box monitors cannot identify connected components; flags select cases for visual review and are not exclusions.,False,False,,,,,,,not_selected,,,,,
P-177p821134596_VX-0p63969291749_LS-8p76195222961e-05_ST-320p228793407_M-TI64_XI-0p0002_XF-0p0014_XL-0p0012_TE-0p0021_DT-7p5413068851e-06_H-0e4c2fc094,new-data,,False,55.06646,54.66565,54.82933,0.2371300000000005,1.0043248750258302,187.60799,88.73379999999999,0.2381555576148756,False,83282.0,83282.0,0.001513101,P-177p821134596_VX-0p63969291749_LS-8p76195222961e-05_ST-320p228793407_M-TI64_XI-0p0002_XF-0p0014_XL-0p0012_TE-0p0021_DT-7p5413068851e-06_H-0e4c2fc094/gif_files/animation_ss_side.gif,Bounding-box monitors cannot identify connected components; flags select cases for visual review and are not exclusions.,False,False,,,,,,,not_selected,,,,,
P-247p324665735_VX-0p977977830338_LS-8p14476523525e-05_ST-343p514293063_M-TI64_XI-0p0002_XF-0p0014_XL-0p0012_TE-0p0021_DT-4p93275047078e-06_H-b40dbd8ddd,old-data-local,sim_00141,False,55.212230000000005,54.84386,54.975615000000005,0.2366150000000004,1.0043039991458032,163.43223999999998,84.92075,0.2376333907578846,False,48357.0,48357.0,0.0008788355,P-247p324665735_VX-0p977977830338_LS-8p14476523525e-05_ST-343p514293063_M-TI64_XI-0p0002_XF-0p0014_XL-0p0012_TE-0p0021_DT-4p93275047078e-06_H-b40dbd8ddd/gif_files/animation_ss_side.gif,Bounding-box monitors cannot identify connected components; flags select cases for visual review and are not exclusions.,False,False,,,,,,,not_selected,,,,,
P-252p710023356_VX-0p579349155213_LS-8p35702038612e-05_ST-362p250166341_M-TI64_XI-0p0002_XF-0p0014_XL-0p0012_TE-0p0021_DT-8p32679319476e-06_H-1d842653b1,new-data,,False,82.97400999999999,74.93073000000001,82.73796,0.2360499999999916,1.0028529830805593,208.853,107.88142,0.2367234466561576,False,69537.0,69537.0,0.001263481,P-252p710023356_VX-0p579349155213_LS-8p35702038612e-05_ST-362p250166341_M-TI64_XI-0p0002_XF-0p0014_XL-0p0012_TE-0p0021_DT-8p32679319476e-06_H-1d842653b1/gif_files/animation_ss_side.gif,Bounding-box monitors cannot identify connected components; flags select cases for visual review and are not exclusions.,False,False,,,,,,,not_selected,,,,,
P-176p31832051_VX-0p578189015568_LS-5p80825678862e-05_ST-392p957182722_M-TI64_XI-0p0002_XF-0p0014_XL-0p0012_TE-0p0021_DT-8p34350095405e-06_H-568de84222,old-data-local,sim_00073,False,70.78679,61.26925,70.552235,0.2345550000000003,1.003324558038452,158.81476999999998,89.99644,0.2353347917107094,False,56705.0,56705.0,0.001030442,P-176p31832051_VX-0p578189015568_LS-5p80825678862e-05_ST-392p957182722_M-TI64_XI-0p0002_XF-0p0014_XL-0p0012_TE-0p0021_DT-8p34350095405e-06_H-568de84222/gif_files/animation_ss_side.gif,Bounding-box monitors cannot identify connected components; flags select cases for visual review and are not exclusions.,False,False,,,,,,,not_selected,,,,,
P-122p181848607_VX-0p882188233955_LS-4p98408399334e-05_ST-370p38962934_M-TI64_XI-0p0002_XF-0p0014_XL-0p0012_TE-0p0021_DT-5p46835745177e-06_H-2afbe2208b,new-data,,False,43.1616,42.580775,42.9282,0.2334000000000031,1.0054369854780774,111.60962,64.26192999999999,0.2346689924105864,False,49320.0,49320.0,0.0008963243,P-122p181848607_VX-0p882188233955_LS-4p98408399334e-05_ST-370p38962934_M-TI64_XI-0p0002_XF-0p0014_XL-0p0012_TE-0p0021_DT-5p46835745177e-06_H-2afbe2208b/gif_files/animation_ss_side.gif,Bounding-box monitors cannot identify connected components; flags select cases for visual review and are not exclusions.,False,False,,,,,,,not_selected,,,,,
P-207p432942583_VX-0p674802143379_LS-5p74396795379e-05_ST-382p34582068_M-TI64_XI-0p0002_XF-0p0014_XL-0p0012_TE-0p0021_DT-7p14894084192e-06_H-676863bc48,new-data,,False,70.88922,66.114745,70.658965,0.2302549999999996,1.0032586806217725,158.93952000000002,89.32014999999998,0.2310053275065658,False,48463.0,48463.0,0.0008807605,P-207p432942583_VX-0p674802143379_LS-5p74396795379e-05_ST-382p34582068_M-TI64_XI-0p0002_XF-0p0014_XL-0p0012_TE-0p0021_DT-7p14894084192e-06_H-676863bc48/gif_files/animation_ss_side.gif,Bounding-box monitors cannot identify connected components; flags select cases for visual review and are not exclusions.,False,False,,,,,,,not_selected,,,,,
P-115p973342836_VX-0p629021136955_LS-5p81694798744e-05_ST-308p264473639_M-TI64_XI-0p0002_XF-0p0014_XL-0p0012_TE-0p0021_DT-7p66925039494e-06_H-27614c4053,new-data,,False,47.09942,42.71745,46.86994,0.2294800000000023,1.004896101851208,136.02311999999998,72.71204999999999,0.2306035574528175,False,71275.0,71275.0,0.001295045,P-115p973342836_VX-0p629021136955_LS-5p81694798744e-05_ST-308p264473639_M-TI64_XI-0p0002_XF-0p0014_XL-0p0012_TE-0p0021_DT-7p66925039494e-06_H-27614c4053/gif_files/animation_ss_side.gif,Bounding-box monitors cannot identify connected components; flags select cases for visual review and are not exclusions.,False,False,,,,,,,not_selected,,,,,
P-255p66284442_VX-0p61175678634_LS-8p38548151022e-05_ST-392p782565278_M-TI64_XI-0p0002_XF-0p0014_XL-0p0012_TE-0p0021_DT-7p88568383831e-06_H-1d842653b1,new-data,,False,79.07471000000001,74.73689999999999,78.84478,0.2299300000000101,1.002916236179491,206.8169,107.06312,0.2306005301847605,False,72826.0,72826.0,0.001323212,P-255p66284442_VX-0p61175678634_LS-8p38548151022e-05_ST-392p782565278_M-TI64_XI-0p0002_XF-0p0014_XL-0p0012_TE-0p0021_DT-7p88568383831e-06_H-1d842653b1/gif_files/animation_ss_side.gif,Bounding-box monitors cannot identify connected components; flags select cases for visual review and are not exclusions.,False,False,,,,,,,not_selected,,,,,
P-227p690023792_VX-0p392329282459_LS-7p92871102354e-05_ST-391p94840599_M-TI64_XI-0p0002_XF-0p0014_XL-0p0012_TE-0p0021_DT-1p22961013075e-05_H-12074f4927,old-data-remote-clean,sim_00225,False,87.03117,86.77511,86.80308,0.2280900000000087,1.0026276717369935,235.5924,116.29087,0.2286893456464997,False,108821.0,108821.0,0.00197691,P-227p690023792_VX-0p392329282459_LS-7p92871102354e-05_ST-391p94840599_M-TI64_XI-0p0002_XF-0p0014_XL-0p0012_TE-0p0021_DT-1p22961013075e-05_H-12074f4927/gif_files/animation_ss_side.gif,Bounding-box monitors cannot identify connected components; flags select cases for visual review and are not exclusions.,False,False,,,,,,,not_selected,,,,,
P-240p986949999_VX-0p621810109213_LS-6p5255993688e-05_ST-389p31118835_M-TI64_XI-0p0002_XF-0p0014_XL-0p0012_TE-0p0021_DT-7p75818940789e-06_H-377b770359,new-data,,False,78.99126,73.696965,78.76384499999999,0.2274150000000077,1.002887301908636,182.96199,98.30315,0.2280716157635601,False,51257.0,51257.0,0.0009315018,P-240p986949999_VX-0p621810109213_LS-6p5255993688e-05_ST-389p31118835_M-TI64_XI-0p0002_XF-0p0014_XL-0p0012_TE-0p0021_DT-7p75818940789e-06_H-377b770359/gif_files/animation_ss_side.gif,Bounding-box monitors cannot identify connected components; flags select cases for visual review and are not exclusions.,False,False,,,,,,,not_selected,,,,,
P-144p087720513_VX-0p415546267467_LS-5p02923295381e-05_ST-327p07537462_M-TI64_XI-0p0002_XF-0p0014_XL-0p0012_TE-0p0021_DT-1p16091058462e-05_H-0602c4a780,new-data,,False,63.06074,62.416985,62.83395499999999,0.2267850000000066,1.0036092746350282,159.69097000000002,80.18428,0.2276035293481116,False,71234.0,71234.0,0.0012943,P-144p087720513_VX-0p415546267467_LS-5p02923295381e-05_ST-327p07537462_M-TI64_XI-0p0002_XF-0p0014_XL-0p0012_TE-0p0021_DT-1p16091058462e-05_H-0602c4a780/gif_files/animation_ss_side.gif,Bounding-box monitors cannot identify connected components; flags select cases for visual review and are not exclusions.,False,False,,,,,,,not_selected,,,,,
P-137p601432421_VX-0p461948695475_LS-6p48780591522e-05_ST-397p490087405_M-TI64_XI-0p0002_XF-0p0014_XL-0p0012_TE-0p0021_DT-1p04429791669e-05_H-ef2aaf59fd,old-data-local,sim_00033,False,59.14077,58.25875,58.915855,0.2249149999999957,1.0038175632009414,174.31464,86.41257,0.2257736272273355,False,93797.0,93797.0,0.001704062,P-137p601432421_VX-0p461948695475_LS-6p48780591522e-05_ST-397p490087405_M-TI64_XI-0p0002_XF-0p0014_XL-0p0012_TE-0p0021_DT-1p04429791669e-05_H-ef2aaf59fd/gif_files/animation_ss_side.gif,Bounding-box monitors cannot identify connected components; flags select cases for visual review and are not exclusions.,False,False,,,,,,,not_selected,,,,,
P-102p928146519_VX-0p633805217924_LS-5p29394366699e-05_ST-318p223787128_M-TI64_XI-0p0002_XF-0p0014_XL-0p0012_TE-0p0021_DT-7p61136145079e-06_H-6c9c68731f,new-data,,False,43.09636,38.97961,42.87279,0.2235699999999951,1.0052147294356162,126.2387,67.29154,0.2247358570599158,False,76544.0,76544.0,0.001390734,P-102p928146519_VX-0p633805217924_LS-5p29394366699e-05_ST-318p223787128_M-TI64_XI-0p0002_XF-0p0014_XL-0p0012_TE-0p0021_DT-7p61136145079e-06_H-6c9c68731f/gif_files/animation_ss_side.gif,Bounding-box monitors cannot identify connected components; flags select cases for visual review and are not exclusions.,False,False,,,,,,,not_selected,,,,,
P-222p079289377_VX-0p741891960581_LS-8p7279944479e-05_ST-335p366959171_M-TI64_XI-0p0002_XF-0p0014_XL-0p0012_TE-0p0021_DT-6p50245704137e-06_H-0f2c16c7e5,new-data,,False,62.83974,58.95031,62.617895,0.2218449999999947,1.0035428370755677,187.44197000000003,89.83729,0.2226309606910239,False,56598.0,56598.0,0.001028499,P-222p079289377_VX-0p741891960581_LS-8p7279944479e-05_ST-335p366959171_M-TI64_XI-0p0002_XF-0p0014_XL-0p0012_TE-0p0021_DT-6p50245704137e-06_H-0f2c16c7e5/gif_files/animation_ss_side.gif,Bounding-box monitors cannot identify connected components; flags select cases for visual review and are not exclusions.,False,False,,,,,,,not_selected,,,,,
P-113p286681534_VX-0p56768277259_LS-5p80401726566e-05_ST-302p148970527_M-TI64_XI-0p0002_XF-0p0014_XL-0p0012_TE-0p00125_DT-1p13495658689e-05_H-bf889bf790,old-data-local,sim_00010,False,47.08422,46.8229,46.864115,0.2201050000000037,1.0046966639613275,132.792,65.84994999999999,0.2211387592212118,False,56367.0,56367.0,0.001024303,P-113p286681534_VX-0p56768277259_LS-5p80401726566e-05_ST-302p148970527_M-TI64_XI-0p0002_XF-0p0014_XL-0p0012_TE-0p00125_DT-1p13495658689e-05_H-bf889bf790/gif_files/animation_ss_side.gif,Bounding-box monitors cannot identify connected components; flags select cases for visual review and are not exclusions.,False,False,,,,,,,not_selected,,,,,
P-229p433825146_VX-0p876957934743_LS-6p77377719261e-05_ST-358p900225798_M-TI64_XI-0p0002_XF-0p0014_XL-0p0012_TE-0p00125_DT-7p34693508648e-06_H-bf889bf790,old-data-local,sim_00127,False,62.4467,58.81311,62.228460000000005,0.2182399999999944,1.0035070769869603,138.29836,82.35033,0.2190053844816286,False,43911.0,43911.0,0.0007980926,P-229p433825146_VX-0p876957934743_LS-6p77377719261e-05_ST-358p900225798_M-TI64_XI-0p0002_XF-0p0014_XL-0p0012_TE-0p00125_DT-7p34693508648e-06_H-bf889bf790/gif_files/animation_ss_side.gif,Bounding-box monitors cannot identify connected components; flags select cases for visual review and are not exclusions.,False,False,,,,,,,not_selected,,,,,
P-90p3577538021_VX-0p606625134218_LS-7p79676391387e-05_ST-345p062824899_M-TI64_XI-0p0002_XF-0p0014_XL-0p0012_TE-0p0021_DT-7p95239156919e-06_H-e341aeefe6,old-data-local,sim_00166,False,31.068510000000003,26.793985,30.85245,0.2160600000000023,1.0070030094854705,140.14737000000002,51.32105,0.2175730702294331,False,46993.0,46993.0,0.0008540642,P-90p3577538021_VX-0p606625134218_LS-7p79676391387e-05_ST-345p062824899_M-TI64_XI-0p0002_XF-0p0014_XL-0p0012_TE-0p0021_DT-7p95239156919e-06_H-e341aeefe6/gif_files/animation_ss_side.gif,Bounding-box monitors cannot identify connected components; flags select cases for visual review and are not exclusions.,False,False,,,,,,,not_selected,,,,,
P-212p092538093_VX-0p79096361392_LS-7p95278191784e-05_ST-347p757246585_M-TI64_XI-0p0002_XF-0p0014_XL-0p0012_TE-0p0021_DT-6p09904238086e-06_H-b40dbd8ddd,old-data-local,sim_00106,False,59.04094,58.7098,58.82434,0.2165999999999996,1.0036821492599832,175.13506,80.64947,0.217397553529712,False,45941.0,45941.0,0.000834959,P-212p092538093_VX-0p79096361392_LS-7p95278191784e-05_ST-347p757246585_M-TI64_XI-0p0002_XF-0p0014_XL-0p0012_TE-0p0021_DT-6p09904238086e-06_H-b40dbd8ddd/gif_files/animation_ss_side.gif,Bounding-box monitors cannot identify connected components; flags select cases for visual review and are not exclusions.,False,False,,,,,,,not_selected,,,,,
P-98p2720448178_VX-0p404108184606_LS-6p2082238115e-05_ST-312p013044035_M-TI64_XI-0p0002_XF-0p0014_XL-0p0012_TE-0p0021_DT-1p19376958616e-05_H-e0ed0fec98,old-data-local,sim_00174,False,46.95971,42.82524,46.74359,0.2161200000000036,1.0046235216422188,159.13651000000002,70.46345,0.2171192354973199,False,88612.0,88612.0,0.001609898,P-98p2720448178_VX-0p404108184606_LS-6p2082238115e-05_ST-312p013044035_M-TI64_XI-0p0002_XF-0p0014_XL-0p0012_TE-0p0021_DT-1p19376958616e-05_H-e0ed0fec98/gif_files/animation_ss_side.gif,Bounding-box monitors cannot identify connected components; flags select cases for visual review and are not exclusions.,False,False,,,,,,,not_selected,,,,,
P-196p499083559_VX-0p373706074139_LS-6p49065899682e-05_ST-353p001345311_M-TI64_XI-0p0002_XF-0p0014_XL-0p0012_TE-0p0021_DT-1p290886324e-05_H-b789300819,old-data-remote-clean,sim_00212,False,74.96981,74.72211,74.75444499999999,0.2153650000000055,1.0028809658074511,207.1756,102.55812,0.2159854592011273,False,107707.0,107707.0,0.001956678,P-196p499083559_VX-0p373706074139_LS-6p49065899682e-05_ST-353p001345311_M-TI64_XI-0p0002_XF-0p0014_XL-0p0012_TE-0p0021_DT-1p290886324e-05_H-b789300819/gif_files/animation_ss_side.gif,Bounding-box monitors cannot identify connected components; flags select cases for visual review and are not exclusions.,False,False,,,,,,,not_selected,,,,,
P-83p4130417347_VX-0p322492976823_LS-7p74299080266e-05_ST-371p281013063_M-TI64_XI-0p0002_XF-0p0014_XL-0p0012_TE-0p0021_DT-1p49588392607e-05_H-b41989dc4b,old-data-local,sim_00161,False,39.07992,38.774775,38.86547,0.2144499999999993,1.0055177513612985,181.09286,64.21253,0.2156332817794297,False,109473.0,109473.0,0.00198875,P-83p4130417347_VX-0p322492976823_LS-7p74299080266e-05_ST-371p281013063_M-TI64_XI-0p0002_XF-0p0014_XL-0p0012_TE-0p0021_DT-1p49588392607e-05_H-b41989dc4b/gif_files/animation_ss_side.gif,Bounding-box monitors cannot identify connected components; flags select cases for visual review and are not exclusions.,False,False,,,,,,,not_selected,,,,,
P-199p092557979_VX-0p316505824784_LS-5p93128195415e-05_ST-330p512210532_M-TI64_XI-0p0002_XF-0p0014_XL-0p0012_TE-0p0021_DT-1p52418067071e-05_H-8bf1b39107,old-data-remote-clean,sim_00213,False,75.01402,74.78072999999999,74.80045000000001,0.21356999999999,1.0028551967267576,208.5714,94.05194,0.2141797843649236,False,90938.0,90938.0,0.00165214,P-199p092557979_VX-0p316505824784_LS-5p93128195415e-05_ST-330p512210532_M-TI64_XI-0p0002_XF-0p0014_XL-0p0012_TE-0p0021_DT-1p52418067071e-05_H-8bf1b39107/gif_files/animation_ss_side.gif,Bounding-box monitors cannot identify connected components; flags select cases for visual review and are not exclusions.,False,False,,,,,,,not_selected,,,,,
P-144p999955433_VX-0p569412101686_LS-7p52189895652e-05_ST-349p795043891_M-TI64_XI-0p0002_XF-0p0014_XL-0p0012_TE-0p0021_DT-8p47210761544e-06_H-24e0a43587,old-data-local,sim_00044,False,54.99804,49.850550000000005,54.78538,0.2126600000000067,1.0038816925245386,169.82728999999998,80.66356,0.2134854807322751,False,66798.0,66798.0,0.001213739,P-144p999955433_VX-0p569412101686_LS-7p52189895652e-05_ST-349p795043891_M-TI64_XI-0p0002_XF-0p0014_XL-0p0012_TE-0p0021_DT-8p47210761544e-06_H-24e0a43587/gif_files/animation_ss_side.gif,Bounding-box monitors cannot identify connected components; flags select cases for visual review and are not exclusions.,False,False,,,,,,,not_selected,,,,,
P-212p375773305_VX-0p288263650586_LS-8p35116649465e-05_ST-312p800399692_M-TI64_XI-0p0002_XF-0p0014_XL-0p0012_TE-0p0021_DT-1p67350985572e-05_H-bf3689621a,old-data-local,sim_00107,False,74.83116,74.637395,74.61926,0.2118999999999999,1.0028397494159014,255.8815,98.30825,0.2125017429012294,False,114969.0,114969.0,0.002088562,P-212p375773305_VX-0p288263650586_LS-8p35116649465e-05_ST-312p800399692_M-TI64_XI-0p0002_XF-0p0014_XL-0p0012_TE-0p0021_DT-1p67350985572e-05_H-bf3689621a/gif_files/animation_ss_side.gif,Bounding-box monitors cannot identify connected components; flags select cases for visual review and are not exclusions.,False,False,,,,,,,not_selected,,,,,
P-159p365045029_VX-0p465685970522_LS-5p71815338387e-05_ST-335p270795676_M-TI64_XI-0p0002_XF-0p0014_XL-0p0012_TE-0p0021_DT-1p03591710045e-05_H-312d3c9a86,old-data-local,sim_00059,False,70.89394,66.02616,70.68297,0.2109700000000032,1.0029847359271973,166.36711,90.75934,0.211599689738564,False,70842.0,70842.0,0.001287181,P-159p365045029_VX-0p465685970522_LS-5p71815338387e-05_ST-335p270795676_M-TI64_XI-0p0002_XF-0p0014_XL-0p0012_TE-0p0021_DT-1p03591710045e-05_H-312d3c9a86/gif_files/animation_ss_side.gif,Bounding-box monitors cannot identify connected components; flags select cases for visual review and are not exclusions.,False,False,,,,,,,not_selected,,,,,
P-126p429096271_VX-0p381791494837_LS-8p54596605095e-05_ST-336p470624887_M-TI64_XI-0p0002_XF-0p0014_XL-0p0012_TE-0p0021_DT-1p26354847299e-05_H-bf3689621a,old-data-local,sim_00022,False,51.04531,50.78823,50.83506,0.210250000000002,1.0041359250879216,200.10614,78.21767000000001,0.2111195782497375,False,99397.0,99397.0,0.001805762,P-126p429096271_VX-0p381791494837_LS-8p54596605095e-05_ST-336p470624887_M-TI64_XI-0p0002_XF-0p0014_XL-0p0012_TE-0p0021_DT-1p26354847299e-05_H-bf3689621a/gif_files/animation_ss_side.gif,Bounding-box monitors cannot identify connected components; flags select cases for visual review and are not exclusions.,False,False,,,,,,,not_selected,,,,,
P-178p179131994_VX-0p674364285322_LS-6p39772031663e-05_ST-392p701744041_M-TI64_XI-0p0002_XF-0p0014_XL-0p0012_TE-0p0021_DT-7p15358257846e-06_H-b41981edcb,old-data-remote-clean,sim_00205,False,63.03022,58.966555,62.82199,0.2082300000000003,1.0033146036921148,159.60335999999998,90.9013,0.2089201999268094,False,77905.0,77905.0,0.001415451,P-178p179131994_VX-0p674364285322_LS-6p39772031663e-05_ST-392p701744041_M-TI64_XI-0p0002_XF-0p0014_XL-0p0012_TE-0p0021_DT-7p15358257846e-06_H-b41981edcb/gif_files/animation_ss_side.gif,Bounding-box monitors cannot identify connected components; flags select cases for visual review and are not exclusions.,False,False,,,,,,,not_selected,,,,,
P-134p93654729_VX-0p343298656719_LS-5p9412954069e-05_ST-389p435734624_M-TI64_XI-0p0002_XF-0p0014_XL-0p0012_TE-0p0021_DT-1p40522559835e-05_H-b41981edcb,old-data-remote-clean,sim_00192,False,59.02771,58.78432,58.81989,0.2078199999999981,1.0035331585965224,187.88781,82.27758,0.2085542610195274,False,103377.0,103377.0,0.001878042,P-134p93654729_VX-0p343298656719_LS-5p9412954069e-05_ST-389p435734624_M-TI64_XI-0p0002_XF-0p0014_XL-0p0012_TE-0p0021_DT-1p40522559835e-05_H-b41981edcb/gif_files/animation_ss_side.gif,Bounding-box monitors cannot identify connected components; flags select cases for visual review and are not exclusions.,False,False,,,,,,,not_selected,,,,,
P-166p614725594_VX-0p931765035172_LS-5p67575778907e-05_ST-364p064697506_M-TI64_XI-0p0002_XF-0p0014_XL-0p0012_TE-0p0021_DT-5p17740033261e-06_H-0744488b5e,old-data-local,sim_00065,False,51.05197,50.62764,50.846030000000006,0.2059399999999982,1.0040502670513312,127.04524,74.19053000000001,0.2067741119965493,False,56376.0,56376.0,0.001024467,P-166p614725594_VX-0p931765035172_LS-5p67575778907e-05_ST-364p064697506_M-TI64_XI-0p0002_XF-0p0014_XL-0p0012_TE-0p0021_DT-5p17740033261e-06_H-0744488b5e/gif_files/animation_ss_side.gif,Bounding-box monitors cannot identify connected components; flags select cases for visual review and are not exclusions.,False,False,,,,,,,not_selected,,,,,
P-149p779509657_VX-0p251536582152_LS-4p84927831067e-05_ST-381p35096431_M-TI64_XI-0p0002_XF-0p0014_XL-0p0012_TE-0p0021_DT-1p91786044071e-05_H-6af407d4ba,old-data-local,sim_00051,False,62.97765,62.751915,62.77177,0.2058800000000005,1.0032798183004876,183.25949,78.62431,0.2065552489917049,False,98815.0,98815.0,0.001795193,P-149p779509657_VX-0p251536582152_LS-4p84927831067e-05_ST-381p35096431_M-TI64_XI-0p0002_XF-0p0014_XL-0p0012_TE-0p0021_DT-1p91786044071e-05_H-6af407d4ba/gif_files/animation_ss_side.gif,Bounding-box monitors cannot identify connected components; flags select cases for visual review and are not exclusions.,False,False,,,,,,,not_selected,,,,,
P-182p701235644_VX-0p787372384637_LS-5p07019733104e-05_ST-389p154544132_M-TI64_XI-0p0002_XF-0p0014_XL-0p0012_TE-0p0021_DT-6p1268602978e-06_H-d9be003c20,old-data-local,sim_00079,False,59.14885,58.488870000000006,58.94409,0.2047600000000002,1.0034738003419852,135.35616000000002,78.87042,0.2054712953580251,False,46684.0,46684.0,0.0008484525,P-182p701235644_VX-0p787372384637_LS-5p07019733104e-05_ST-389p154544132_M-TI64_XI-0p0002_XF-0p0014_XL-0p0012_TE-0p0021_DT-6p1268602978e-06_H-d9be003c20/gif_files/animation_ss_side.gif,Bounding-box monitors cannot identify connected components; flags select cases for visual review and are not exclusions.,False,False,,,,,,,not_selected,,,,,
P-151p505871803_VX-0p995509859725_LS-6p72580848008e-05_ST-301p996554082_M-TI64_XI-0p0002_XF-0p0014_XL-0p0012_TE-0p0021_DT-4p84587928074e-06_H-73846c96ef,old-data-local,sim_00053,False,42.77122,42.39804,42.567645,0.2035750000000007,1.0047823881260052,126.8946,66.45472000000001,0.2045485746627522,False,55811.0,55811.0,0.001014206,P-151p505871803_VX-0p995509859725_LS-6p72580848008e-05_ST-301p996554082_M-TI64_XI-0p0002_XF-0p0014_XL-0p0012_TE-0p0021_DT-4p84587928074e-06_H-73846c96ef/gif_files/animation_ss_side.gif,Bounding-box monitors cannot identify connected components; flags select cases for visual review and are not exclusions.,False,False,,,,,,,not_selected,,,,,
P-131p192514944_VX-0p432823544687_LS-6p72236683266e-05_ST-324p578264519_M-TI64_XI-0p0002_XF-0p0014_XL-0p0012_TE-0p0021_DT-1p11456982002e-05_H-dfd65b549a,new-data,,False,58.50217,54.79085,58.298370000000006,0.2037999999999939,1.003495809574093,175.28733,82.96602,0.204512445991194,False,85432.0,85432.0,0.001552147,P-131p192514944_VX-0p432823544687_LS-6p72236683266e-05_ST-324p578264519_M-TI64_XI-0p0002_XF-0p0014_XL-0p0012_TE-0p0021_DT-1p11456982002e-05_H-dfd65b549a/gif_files/animation_ss_side.gif,Bounding-box monitors cannot identify connected components; flags select cases for visual review and are not exclusions.,False,False,,,,,,,not_selected,,,,,
P-124p08408212_VX-0p537482635976_LS-5p36452858207e-05_ST-384p350705088_M-TI64_XI-0p0002_XF-0p0014_XL-0p0012_TE-0p0021_DT-8p97539805031e-06_H-1d842653b1,new-data,,False,55.08516,46.98435,54.88154,0.2036200000000008,1.0037101728559366,142.89945,70.82436000000001,0.2043754653969266,False,53106.0,53106.0,0.0009650811,P-124p08408212_VX-0p537482635976_LS-5p36452858207e-05_ST-384p350705088_M-TI64_XI-0p0002_XF-0p0014_XL-0p0012_TE-0p0021_DT-8p97539805031e-06_H-1d842653b1/gif_files/animation_ss_side.gif,Bounding-box monitors cannot identify connected components; flags select cases for visual review and are not exclusions.,False,False,,,,,,,not_selected,,,,,
P-132p12166853_VX-0p788188085218_LS-6p42596953306e-05_ST-382p443068729_M-TI64_XI-0p0002_XF-0p0014_XL-0p0012_TE-0p0021_DT-6p1205195733e-06_H-b41981edcb,old-data-remote-clean,sim_00191,False,43.11125,42.746210000000005,42.90862,0.2026299999999992,1.0047223611479466,135.06408000000002,64.5177,0.2035868920394076,False,44401.0,44401.0,0.0008069914,P-132p12166853_VX-0p788188085218_LS-6p42596953306e-05_ST-382p443068729_M-TI64_XI-0p0002_XF-0p0014_XL-0p0012_TE-0p0021_DT-6p1205195733e-06_H-b41981edcb/gif_files/animation_ss_side.gif,Bounding-box monitors cannot identify connected components; flags select cases for visual review and are not exclusions.,False,False,,,,,,,not_selected,,,,,
P-211p964201781_VX-0p31026524833_LS-8p22948660567e-05_ST-308p041416816_M-TI64_XI-0p0002_XF-0p0014_XL-0p0012_TE-0p0021_DT-1p5548375556e-05_H-22f5435fc5,new-data,,False,75.01098,74.73733,74.80826499999999,0.2027150000000119,1.0027097941651235,250.8808,96.98238,0.203264315924195,False,99309.0,99309.0,0.001804164,P-211p964201781_VX-0p31026524833_LS-8p22948660567e-05_ST-308p041416816_M-TI64_XI-0p0002_XF-0p0014_XL-0p0012_TE-0p0021_DT-1p5548375556e-05_H-22f5435fc5/gif_files/animation_ss_side.gif,Bounding-box monitors cannot identify connected components; flags select cases for visual review and are not exclusions.,False,False,,,,,,,not_selected,,,,,
P-111p098510779_VX-0p492021331775_LS-4p80108469254e-05_ST-345p911753718_M-TI64_XI-0p0002_XF-0p0014_XL-0p0012_TE-0p0021_DT-9p80469807196e-06_H-0602c4a780,new-data,,False,54.88141,46.872595,54.67908,0.2023300000000034,1.0037003182935778,134.7094,72.36753,0.203078685400343,False,62644.0,62644.0,0.001138299,P-111p098510779_VX-0p492021331775_LS-4p80108469254e-05_ST-345p911753718_M-TI64_XI-0p0002_XF-0p0014_XL-0p0012_TE-0p0021_DT-9p80469807196e-06_H-0602c4a780/gif_files/animation_ss_side.gif,Bounding-box monitors cannot identify connected components; flags select cases for visual review and are not exclusions.,False,False,,,,,,,not_selected,,,,,
P-143p909481867_VX-0p917293492006_LS-5p50242100517e-05_ST-352p206869428_M-TI64_XI-0p0002_XF-0p0014_XL-0p0012_TE-0p0021_DT-5p25908081225e-06_H-cf6d926251,old-data-local,sim_00042,False,47.007250000000006,46.50832,46.80512,0.202130000000011,1.0043185446378518,119.92177,70.16322,0.20300290742766,False,58610.0,58610.0,0.001065038,P-143p909481867_VX-0p917293492006_LS-5p50242100517e-05_ST-352p206869428_M-TI64_XI-0p0002_XF-0p0014_XL-0p0012_TE-0p0021_DT-5p25908081225e-06_H-cf6d926251/gif_files/animation_ss_side.gif,Bounding-box monitors cannot identify connected components; flags select cases for visual review and are not exclusions.,False,False,,,,,,,not_selected,,,,,
P-194p299416559_VX-0p806548050335_LS-7p3474496565e-05_ST-381p946978961_M-TI64_XI-0p0002_XF-0p0014_XL-0p0012_TE-0p0021_DT-5p98119430208e-06_H-b41981edcb,old-data-remote-clean,sim_00211,False,55.08983,54.766270000000006,54.889320000000005,0.2005099999999942,1.003652987502851,164.26291999999998,84.03335,0.2012424605241908,False,59282.0,59282.0,0.001077242,P-194p299416559_VX-0p806548050335_LS-7p3474496565e-05_ST-381p946978961_M-TI64_XI-0p0002_XF-0p0014_XL-0p0012_TE-0p0021_DT-5p98119430208e-06_H-b41981edcb/gif_files/animation_ss_side.gif,Bounding-box monitors cannot identify connected components; flags select cases for visual review and are not exclusions.,False,False,,,,,,,not_selected,,,,,
P-260p125654688_VX-0p378472963537_LS-6p21275317791e-05_ST-359p026868384_M-TI64_XI-0p0002_XF-0p0014_XL-0p0012_TE-0p0021_DT-1p27462753427e-05_H-0602c4a780,new-data,,False,86.94682999999999,86.700545,86.74683,0.1999999999999886,1.0023055597535957,215.2945,114.49484,0.2004611119507077,False,111526.0,111526.0,0.002026035,P-260p125654688_VX-0p378472963537_LS-6p21275317791e-05_ST-359p026868384_M-TI64_XI-0p0002_XF-0p0014_XL-0p0012_TE-0p0021_DT-1p27462753427e-05_H-0602c4a780/gif_files/animation_ss_side.gif,Bounding-box monitors cannot identify connected components; flags select cases for visual review and are not exclusions.,False,False,,,,,,,not_selected,,,,,
P-198p376734591_VX-0p636800402216_LS-8p40585875992e-05_ST-361p411435367_M-TI64_XI-0p0002_XF-0p0014_XL-0p0012_TE-0p0021_DT-7p5755614887e-06_H-1605f46060,new-data,,False,63.06052,60.69527,62.86118999999999,0.1993300000000104,1.0031709549246524,189.13668,90.68375,0.1999620664451414,False,65437.0,65437.0,0.001189022,P-198p376734591_VX-0p636800402216_LS-8p40585875992e-05_ST-361p411435367_M-TI64_XI-0p0002_XF-0p0014_XL-0p0012_TE-0p0021_DT-7p5755614887e-06_H-1605f46060/gif_files/animation_ss_side.gif,Bounding-box monitors cannot identify connected components; flags select cases for visual review and are not exclusions.,False,False,,,,,,,not_selected,,,,,
P-246p351544569_VX-0p710899222357_LS-7p68583817855e-05_ST-368p835081824_M-TI64_XI-0p0002_XF-0p0014_XL-0p0012_TE-0p0021_DT-6p78594159524e-06_H-f404b6f8f4,old-data-local,sim_00140,False,71.06263,69.763275,70.86487,0.1977600000000023,1.0027906634133388,183.19782,95.7356,0.1983118815966242,False,59052.0,59052.0,0.001073065,P-246p351544569_VX-0p710899222357_LS-7p68583817855e-05_ST-368p835081824_M-TI64_XI-0p0002_XF-0p0014_XL-0p0012_TE-0p0021_DT-6p78594159524e-06_H-f404b6f8f4/gif_files/animation_ss_side.gif,Bounding-box monitors cannot identify connected components; flags select cases for visual review and are not exclusions.,False,False,,,,,,,not_selected,,,,,
P-292p980726174_VX-0p558994342483_LS-6p4603431573e-05_ST-342p453415035_M-TI64_XI-0p0002_XF-0p0014_XL-0p0012_TE-0p0021_DT-8p62999897564e-06_H-0e4c2fc094,new-data,,False,94.89105,86.701255,94.6948,0.1962500000000062,1.0020724474839169,198.72502,116.40818,0.1966567178187249,False,50375.0,50375.0,0.000915484,P-292p980726174_VX-0p558994342483_LS-6p4603431573e-05_ST-342p453415035_M-TI64_XI-0p0002_XF-0p0014_XL-0p0012_TE-0p0021_DT-8p62999897564e-06_H-0e4c2fc094/gif_files/animation_ss_side.gif,Bounding-box monitors cannot identify connected components; flags select cases for visual review and are not exclusions.,False,False,,,,,,,not_selected,,,,,
P-265p432977562_VX-0p293015283246_LS-7p41925746724e-05_ST-326p902943993_M-TI64_XI-0p0002_XF-0p0014_XL-0p0012_TE-0p0021_DT-1p64637166689e-05_H-1d842653b1,new-data,,False,86.50816,82.732785,86.31229,0.1958699999999993,1.0022693176139803,247.0989,106.15603,0.1963144912410497,False,73890.0,73890.0,0.001342535,P-265p432977562_VX-0p293015283246_LS-7p41925746724e-05_ST-326p902943993_M-TI64_XI-0p0002_XF-0p0014_XL-0p0012_TE-0p0021_DT-1p64637166689e-05_H-1d842653b1/gif_files/animation_ss_side.gif,Bounding-box monitors cannot identify connected components; flags select cases for visual review and are not exclusions.,False,False,,,,,,,not_selected,,,,,
P-128p682231034_VX-0p601925389683_LS-8p082715257e-05_ST-394p322355105_M-TI64_XI-0p0002_XF-0p0014_XL-0p0012_TE-0p0021_DT-8p01448266795e-06_H-b41981edcb,old-data-remote-clean,sim_00188,False,43.06697,41.97075,42.87202,0.1949499999999986,1.0045472548296068,166.89167,58.50102999999999,0.1958364873290304,False,43329.0,43329.0,0.0007875231,P-128p682231034_VX-0p601925389683_LS-8p082715257e-05_ST-394p322355105_M-TI64_XI-0p0002_XF-0p0014_XL-0p0012_TE-0p0021_DT-8p01448266795e-06_H-b41981edcb/gif_files/animation_ss_side.gif,Bounding-box monitors cannot identify connected components; flags select cases for visual review and are not exclusions.,False,False,,,,,,,not_selected,,,,,
P-210p331349445_VX-0p877062157481_LS-5p88084341536e-05_ST-346p930868597_M-TI64_XI-0p0002_XF-0p0014_XL-0p0012_TE-0p0021_DT-5p50031780743e-06_H-0e4c2fc094,new-data,,False,59.11381,58.68051,58.91895,0.1948599999999913,1.0033072551360809,142.98459,83.76098,0.195504451735808,False,55178.0,55178.0,0.00100271,P-210p331349445_VX-0p877062157481_LS-5p88084341536e-05_ST-346p930868597_M-TI64_XI-0p0002_XF-0p0014_XL-0p0012_TE-0p0021_DT-5p50031780743e-06_H-0e4c2fc094/gif_files/animation_ss_side.gif,Bounding-box monitors cannot identify connected components; flags select cases for visual review and are not exclusions.,False,False,,,,,,,not_selected,,,,,
P-155p610380822_VX-0p863747905944_LS-4p82199969556e-05_ST-303p817651114_M-TI64_XI-0p0002_XF-0p0014_XL-0p0012_TE-0p0021_DT-5p58510251639e-06_H-44aa3a8888,new-data,,False,51.09016,50.43674,50.89622,0.1939399999999977,1.003810499090109,119.48924,73.72393,0.1946790081935335,False,58523.0,58523.0,0.001063458,P-155p610380822_VX-0p863747905944_LS-4p82199969556e-05_ST-303p817651114_M-TI64_XI-0p0002_XF-0p0014_XL-0p0012_TE-0p0021_DT-5p58510251639e-06_H-44aa3a8888/gif_files/animation_ss_side.gif,Bounding-box monitors cannot identify connected components; flags select cases for visual review and are not exclusions.,False,False,,,,,,,not_selected,,,,,
P-129p569646497_VX-0p287154347682_LS-6p5197985882e-05_ST-393p701994752_M-TI64_XI-0p0002_XF-0p0014_XL-0p0012_TE-0p0021_DT-1p67997477383e-05_H-b41981edcb,old-data-remote-clean,sim_00189,False,58.95484,58.732130000000005,58.765275,0.1895650000000017,1.003225799589979,193.07586,74.46008,0.1901764986992761,False,91015.0,91015.0,0.001653539,P-129p569646497_VX-0p287154347682_LS-6p5197985882e-05_ST-393p701994752_M-TI64_XI-0p0002_XF-0p0014_XL-0p0012_TE-0p0021_DT-1p67997477383e-05_H-b41981edcb/gif_files/animation_ss_side.gif,Bounding-box monitors cannot identify connected components; flags select cases for visual review and are not exclusions.,False,False,,,,,,,not_selected,,,,,
P-218p315594294_VX-0p70315782783_LS-8p24115302242e-05_ST-319p105471156_M-TI64_XI-0p0002_XF-0p0014_XL-0p0012_TE-0p0021_DT-6p86065121098e-06_H-6c8dbbeedf,old-data-local,sim_00110,False,63.077160000000006,62.72201,62.88955500000001,0.1876049999999978,1.002983086778083,182.99281,91.14555,0.188164641995,False,63572.0,63572.0,0.001155152,P-218p315594294_VX-0p70315782783_LS-8p24115302242e-05_ST-319p105471156_M-TI64_XI-0p0002_XF-0p0014_XL-0p0012_TE-0p0021_DT-6p86065121098e-06_H-6c8dbbeedf/gif_files/animation_ss_side.gif,Bounding-box monitors cannot identify connected components; flags select cases for visual review and are not exclusions.,False,False,,,,,,,not_selected,,,,,
P-120p906267006_VX-0p64748664338_LS-6p03748750968e-05_ST-359p518818343_M-TI64_XI-0p0002_XF-0p0014_XL-0p0012_TE-0p0021_DT-7p45053299916e-06_H-c5f6eebf67,new-data,,False,47.09125,43.11279,46.904770000000006,0.1864799999999888,1.0039757150498765,138.08020000000002,62.606370000000005,0.1872213913424897,False,42711.0,42711.0,0.0007762997,P-120p906267006_VX-0p64748664338_LS-6p03748750968e-05_ST-359p518818343_M-TI64_XI-0p0002_XF-0p0014_XL-0p0012_TE-0p0021_DT-7p45053299916e-06_H-c5f6eebf67/gif_files/animation_ss_side.gif,Bounding-box monitors cannot identify connected components; flags select cases for visual review and are not exclusions.,False,False,,,,,,,not_selected,,,,,
P-78p6311637963_VX-0p75889512334_LS-7p24228839444e-05_ST-395p823418581_M-TI64_XI-0p0002_XF-0p0014_XL-0p0012_TE-0p0021_DT-6p3567684844e-06_H-9aaaba6a78,old-data-remote-clean,sim_00235,False,23.14528,22.797205,22.962300000000003,0.182979999999997,1.0079687139354505,117.39704,45.37138,0.1844381152759057,False,44427.0,44427.0,0.0008074636,P-78p6311637963_VX-0p75889512334_LS-7p24228839444e-05_ST-395p823418581_M-TI64_XI-0p0002_XF-0p0014_XL-0p0012_TE-0p0021_DT-6p3567684844e-06_H-9aaaba6a78/gif_files/animation_ss_side.gif,Bounding-box monitors cannot identify connected components; flags select cases for visual review and are not exclusions.,False,False,,,,,,,not_selected,,,,,
P-191p425479448_VX-0p407642571095_LS-6p68635438353e-05_ST-376p486404344_M-TI64_XI-0p0002_XF-0p0014_XL-0p0012_TE-0p0021_DT-1p18341923663e-05_H-9a0fcdd2aa,old-data-remote-clean,sim_00210,False,74.96266,74.73629500000001,74.77897,0.1836899999999985,1.0024564392903512,203.8071,104.73923,0.1841412233332431,False,104439.0,104439.0,0.001897329,P-191p425479448_VX-0p407642571095_LS-6p68635438353e-05_ST-376p486404344_M-TI64_XI-0p0002_XF-0p0014_XL-0p0012_TE-0p0021_DT-1p18341923663e-05_H-9a0fcdd2aa/gif_files/animation_ss_side.gif,Bounding-box monitors cannot identify connected components; flags select cases for visual review and are not exclusions.,False,False,,,,,,,not_selected,,,,,
P-171p793878697_VX-0p802872637148_LS-7p56304072004e-05_ST-389p149112673_M-TI64_XI-0p0002_XF-0p0014_XL-0p0012_TE-0p0021_DT-6p00857518342e-06_H-b41981edcb,old-data-remote-clean,sim_00204,False,51.07378,50.749825,50.89065,0.1831299999999984,1.0035984999209089,158.53416,70.95237999999999,0.1837889932905144,False,41523.0,41523.0,0.0007547247,P-171p793878697_VX-0p802872637148_LS-7p56304072004e-05_ST-389p149112673_M-TI64_XI-0p0002_XF-0p0014_XL-0p0012_TE-0p0021_DT-6p00857518342e-06_H-b41981edcb/gif_files/animation_ss_side.gif,Bounding-box monitors cannot identify connected components; flags select cases for visual review and are not exclusions.,False,False,,,,,,,not_selected,,,,,
P-145p536707456_VX-0p311971481812_LS-7p55813970315e-05_ST-356p422554756_M-TI64_XI-0p0002_XF-0p0014_XL-0p0012_TE-0p0021_DT-1p54633384276e-05_H-f404b6f8f4,old-data-local,sim_00046,False,62.83411,62.49203,62.651755000000016,0.1823549999999798,1.002910612799274,215.2028,82.02812999999999,0.1828857647969914,False,97509.0,97509.0,0.001771475,P-145p536707456_VX-0p311971481812_LS-7p55813970315e-05_ST-356p422554756_M-TI64_XI-0p0002_XF-0p0014_XL-0p0012_TE-0p0021_DT-1p54633384276e-05_H-f404b6f8f4/gif_files/animation_ss_side.gif,Bounding-box monitors cannot identify connected components; flags select cases for visual review and are not exclusions.,False,False,,,,,,,not_selected,,,,,
P-118p239150472_VX-0p728951155133_LS-5p59862781201e-05_ST-395p421202378_M-TI64_XI-0p0002_XF-0p0014_XL-0p0012_TE-0p0021_DT-6p61789280262e-06_H-44aa3a8888,new-data,,False,46.944770000000005,42.71263,46.76281,0.1819600000000036,1.0038911263031456,128.04047999999997,72.23998,0.182668029342124,False,64900.0,64900.0,0.00117927,P-118p239150472_VX-0p728951155133_LS-5p59862781201e-05_ST-395p421202378_M-TI64_XI-0p0002_XF-0p0014_XL-0p0012_TE-0p0021_DT-6p61789280262e-06_H-44aa3a8888/gif_files/animation_ss_side.gif,Bounding-box monitors cannot identify connected components; flags select cases for visual review and are not exclusions.,False,False,,,,,,,not_selected,,,,,
P-197p742114875_VX-0p874617254357_LS-7p7301896977e-05_ST-350p888533369_M-TI64_XI-0p0002_XF-0p0014_XL-0p0012_TE-0p0021_DT-5p51569338357e-06_H-054022a1b4,old-data-local,sim_00093,False,54.67252,50.82025,54.49132,0.1811999999999969,1.0033253002496545,159.92618,81.97114,0.1818025444052342,False,49825.0,49825.0,0.0009054955,P-197p742114875_VX-0p874617254357_LS-7p7301896977e-05_ST-350p888533369_M-TI64_XI-0p0002_XF-0p0014_XL-0p0012_TE-0p0021_DT-5p51569338357e-06_H-054022a1b4/gif_files/animation_ss_side.gif,Bounding-box monitors cannot identify connected components; flags select cases for visual review and are not exclusions.,False,False,,,,,,,not_selected,,,,,
P-104p101541641_VX-0p916529700054_LS-8p82882842693e-05_ST-394p968412652_M-TI64_XI-0p0002_XF-0p0014_XL-0p0012_TE-0p0021_DT-5p2634634783e-06_H-6014a1f9c3,old-data-local,sim_00002,False,26.93815,26.660185,26.758460000000003,0.1796899999999972,1.006715259398336,165.77412,113.61118,0.1808966649612842,False,62094.0,62094.0,0.00112831,P-104p101541641_VX-0p916529700054_LS-8p82882842693e-05_ST-394p968412652_M-TI64_XI-0p0002_XF-0p0014_XL-0p0012_TE-0p0021_DT-5p2634634783e-06_H-6014a1f9c3/gif_files/animation_ss_side.gif,Bounding-box monitors cannot identify connected components; flags select cases for visual review and are not exclusions.,False,False,,,,,,,not_selected,,,,,
P-202p623346674_VX-0p47308497906_LS-5p69403778977e-05_ST-355p073751689_M-TI64_XI-0p0002_XF-0p0014_XL-0p0012_TE-0p0021_DT-1p01971544575e-05_H-b41981edcb,old-data-remote-clean,sim_00214,False,86.74041,78.71352,86.56102,0.1793899999999979,1.0020724108842525,177.89176,115.04029,0.1797617697885239,False,91695.0,91695.0,0.001665888,P-202p623346674_VX-0p47308497906_LS-5p69403778977e-05_ST-355p073751689_M-TI64_XI-0p0002_XF-0p0014_XL-0p0012_TE-0p0021_DT-1p01971544575e-05_H-b41981edcb/gif_files/animation_ss_side.gif,Bounding-box monitors cannot identify connected components; flags select cases for visual review and are not exclusions.,False,False,,,,,,,not_selected,,,,,
P-101p127472137_VX-0p52394730996_LS-4p5e-05_ST-300_M-TI64_XI--0p0002_XF-0p0012_XL-0p0014_TE-0p00125_DT-3p56864695376e-06_H-b0e5aed98c,old-data-local,sim_00001,False,51.0315,50.71019,50.852430000000005,0.1790699999999958,1.0035213656456534,123.91549,67.0768,0.1797005709461629,False,29030.0,29030.0,0.0005278419,P-101p127472137_VX-0p52394730996_LS-4p5e-05_ST-300_M-TI64_XI--0p0002_XF-0p0012_XL-0p0014_TE-0p00125_DT-3p56864695376e-06_H-b0e5aed98c/gif_files/animation_ss_side.gif,Bounding-box monitors cannot identify connected components; flags select cases for visual review and are not exclusions.,False,False,,,,,,,not_selected,,,,,
P-193p81397439_VX-0p717380412454_LS-5p49903358659e-05_ST-340p433066031_M-TI64_XI-0p0002_XF-0p0014_XL-0p0012_TE-0p0021_DT-6p72463384735e-06_H-ff88caf608,old-data-local,sim_00088,False,63.05216,61.98689,62.87319000000001,0.1789699999999925,1.0028465232955412,142.75282,80.89039000000001,0.1794794422741955,False,47922.0,47922.0,0.0008709356,P-193p81397439_VX-0p717380412454_LS-5p49903358659e-05_ST-340p433066031_M-TI64_XI-0p0002_XF-0p0014_XL-0p0012_TE-0p0021_DT-6p72463384735e-06_H-ff88caf608/gif_files/animation_ss_side.gif,Bounding-box monitors cannot identify connected components; flags select cases for visual review and are not exclusions.,False,False,,,,,,,not_selected,,,,,
P-230p324353521_VX-0p227660683076_LS-8p68191306555e-05_ST-386p564919231_M-TI64_XI-0p0002_XF-0p0014_XL-0p0012_TE-0p0021_DT-2p11899592755e-05_H-0602c4a780,new-data,,False,74.786,74.64661000000001,74.60725500000001,0.1787449999999921,1.0023958125788168,269.6095,90.55194,0.1791732395193927,False,106384.0,106384.0,0.001932652,P-230p324353521_VX-0p227660683076_LS-8p68191306555e-05_ST-386p564919231_M-TI64_XI-0p0002_XF-0p0014_XL-0p0012_TE-0p0021_DT-2p11899592755e-05_H-0602c4a780/gif_files/animation_ss_side.gif,Bounding-box monitors cannot identify connected components; flags select cases for visual review and are not exclusions.,False,False,,,,,,,not_selected,,,,,
P-203p020934762_VX-0p232834869492_LS-7p55576098976e-05_ST-395p193912826_M-TI64_XI-0p0002_XF-0p0014_XL-0p0012_TE-0p0021_DT-2p07190641743e-05_H-b40dbd8ddd,old-data-local,sim_00097,False,70.85074,70.70868,70.67441,0.1763300000000072,1.002494962462368,248.5558,86.3576,0.1767699367309965,False,105230.0,105230.0,0.001911694,P-203p020934762_VX-0p232834869492_LS-7p55576098976e-05_ST-395p193912826_M-TI64_XI-0p0002_XF-0p0014_XL-0p0012_TE-0p0021_DT-2p07190641743e-05_H-b40dbd8ddd/gif_files/animation_ss_side.gif,Bounding-box monitors cannot identify connected components; flags select cases for visual review and are not exclusions.,False,False,,,,,,,not_selected,,,,,
P-240p150803131_VX-0p464417169926_LS-7p86781365033e-05_ST-312p042470117_M-TI64_XI-0p0002_XF-0p0014_XL-0p0012_TE-0p0021_DT-1p03874725471e-05_H-0744488b5e,old-data-local,sim_00135,False,82.9862,82.71558999999999,82.80981,0.1763899999999978,1.0021300616436628,222.8689,105.87446,0.1767657215733235,False,67409.0,67409.0,0.001224835,P-240p150803131_VX-0p464417169926_LS-7p86781365033e-05_ST-312p042470117_M-TI64_XI-0p0002_XF-0p0014_XL-0p0012_TE-0p0021_DT-1p03874725471e-05_H-0744488b5e/gif_files/animation_ss_side.gif,Bounding-box monitors cannot identify connected components; flags select cases for visual review and are not exclusions.,False,False,,,,,,,not_selected,,,,,
P-267p46239641_VX-0p483361678819_LS-7p67845272617e-05_ST-366p829607628_M-TI64_XI-0p0002_XF-0p0014_XL-0p0012_TE-0p0021_DT-9p98035387249e-06_H-1d842653b1,new-data,,False,90.95953,86.919805,90.78383,0.1756999999999919,1.0019353666836923,222.8969,119.25155,0.1760400439263167,False,87038.0,87038.0,0.001581313,P-267p46239641_VX-0p483361678819_LS-7p67845272617e-05_ST-366p829607628_M-TI64_XI-0p0002_XF-0p0014_XL-0p0012_TE-0p0021_DT-9p98035387249e-06_H-1d842653b1/gif_files/animation_ss_side.gif,Bounding-box monitors cannot identify connected components; flags select cases for visual review and are not exclusions.,False,False,,,,,,,not_selected,,,,,
P-267p660345133_VX-0p739236683111_LS-7p20061497304e-05_ST-322p433694738_M-TI64_XI-0p0002_XF-0p0014_XL-0p0012_TE-0p0021_DT-6p52581333317e-06_H-0e4c2fc094,new-data,,False,74.50152,70.684565,74.32635,0.1751699999999942,1.0023567684946186,177.92755,101.36124,0.1755828351371966,False,63622.0,63622.0,0.00115606,P-267p660345133_VX-0p739236683111_LS-7p20061497304e-05_ST-322p433694738_M-TI64_XI-0p0002_XF-0p0014_XL-0p0012_TE-0p0021_DT-6p52581333317e-06_H-0e4c2fc094/gif_files/animation_ss_side.gif,Bounding-box monitors cannot identify connected components; flags select cases for visual review and are not exclusions.,False,False,,,,,,,not_selected,,,,,
P-218p170294814_VX-0p856055229722_LS-8p4878396046e-05_ST-374p889107005_M-TI64_XI-0p0002_XF-0p0014_XL-0p0012_TE-0p0021_DT-5p63529131711e-06_H-73846c96ef,old-data-local,sim_00109,False,55.07801,54.82408,54.90434,0.1736700000000013,1.0031631379231587,176.04288000000005,84.75043,0.1742193421631163,False,55880.0,55880.0,0.001015459,P-218p170294814_VX-0p856055229722_LS-8p4878396046e-05_ST-374p889107005_M-TI64_XI-0p0002_XF-0p0014_XL-0p0012_TE-0p0021_DT-5p63529131711e-06_H-73846c96ef/gif_files/animation_ss_side.gif,Bounding-box monitors cannot identify connected components; flags select cases for visual review and are not exclusions.,False,False,,,,,,,not_selected,,,,,
P-117p204089079_VX-0p299188895548_LS-6p61946140465e-05_ST-399p004242061_M-TI64_XI-0p0002_XF-0p0014_XL-0p0012_TE-0p0021_DT-1p61239961603e-05_H-0e4c2fc094,new-data,,False,54.9824,54.719100000000005,54.809000000000005,0.1733999999999937,1.0031637139885785,193.19325,72.39371999999999,0.1739485880056132,False,96568.0,96568.0,0.001754385,P-117p204089079_VX-0p299188895548_LS-6p61946140465e-05_ST-399p004242061_M-TI64_XI-0p0002_XF-0p0014_XL-0p0012_TE-0p0021_DT-1p61239961603e-05_H-0e4c2fc094/gif_files/animation_ss_side.gif,Bounding-box monitors cannot identify connected components; flags select cases for visual review and are not exclusions.,False,False,,,,,,,not_selected,,,,,
P-163p562272254_VX-0p729793018519_LS-5p10150522361e-05_ST-318p261957537_M-TI64_XI-0p0002_XF-0p0014_XL-0p0012_TE-0p0021_DT-6p6102586358e-06_H-eed8ed7ef3,new-data,,False,58.92024,54.79702,58.7476,0.1726400000000012,1.0029386732394174,131.88916,76.29508000000001,0.1731473325480542,False,45641.0,45641.0,0.0008295108,P-163p562272254_VX-0p729793018519_LS-5p10150522361e-05_ST-318p261957537_M-TI64_XI-0p0002_XF-0p0014_XL-0p0012_TE-0p0021_DT-6p6102586358e-06_H-eed8ed7ef3/gif_files/animation_ss_side.gif,Bounding-box monitors cannot identify connected components; flags select cases for visual review and are not exclusions.,False,False,,,,,,,not_selected,,,,,
P-89p9091669401_VX-0p254822282222_LS-4p87644701271e-05_ST-380p329545658_M-TI64_XI-0p0002_XF-0p0014_XL-0p0012_TE-0p0021_DT-1p8931313859e-05_H-f4a4199ba7,old-data-local,sim_00164,False,47.01138,46.79579,46.83899,0.17239,1.003680480727701,158.82341,60.69063,0.1730244780726484,False,99388.0,99388.0,0.001805599,P-89p9091669401_VX-0p254822282222_LS-4p87644701271e-05_ST-380p329545658_M-TI64_XI-0p0002_XF-0p0014_XL-0p0012_TE-0p0021_DT-1p8931313859e-05_H-f4a4199ba7/gif_files/animation_ss_side.gif,Bounding-box monitors cannot identify connected components; flags select cases for visual review and are not exclusions.,False,False,,,,,,,not_selected,,,,,
P-218p352277735_VX-0p662592791038_LS-5p96508880483e-05_ST-307p55260089_M-TI64_XI-0p0002_XF-0p0014_XL-0p0012_TE-0p0021_DT-7p28067173121e-06_H-b41981edcb,old-data-remote-clean,sim_00219,False,71.03442,66.73003,70.86373499999999,0.1706850000000059,1.0024086368013203,159.18661999999998,92.40092,0.1710961181724393,False,55771.0,55771.0,0.00101348,P-218p352277735_VX-0p662592791038_LS-5p96508880483e-05_ST-307p55260089_M-TI64_XI-0p0002_XF-0p0014_XL-0p0012_TE-0p0021_DT-7p28067173121e-06_H-b41981edcb/gif_files/animation_ss_side.gif,Bounding-box monitors cannot identify connected components; flags select cases for visual review and are not exclusions.,False,False,,,,,,,not_selected,,,,,
P-293p577290228_VX-0p952339824621_LS-7p01980103413e-05_ST-347p682708595_M-TI64_XI-0p0002_XF-0p0014_XL-0p0012_TE-0p0021_DT-5p06554538443e-06_H-1d842653b1,new-data,,False,66.43639,66.066525,66.26677000000001,0.1696199999999947,1.002559653956274,166.71745,93.20082,0.1700541685040579,False,50619.0,50619.0,0.0009199152,P-293p577290228_VX-0p952339824621_LS-7p01980103413e-05_ST-347p682708595_M-TI64_XI-0p0002_XF-0p0014_XL-0p0012_TE-0p0021_DT-5p06554538443e-06_H-1d842653b1/gif_files/animation_ss_side.gif,Bounding-box monitors cannot identify connected components; flags select cases for visual review and are not exclusions.,False,False,,,,,,,not_selected,,,,,
P-126p512169142_VX-0p57236868357_LS-7p44940442576e-05_ST-386p738254947_M-TI64_XI-0p0002_XF-0p0014_XL-0p0012_TE-0p0021_DT-8p42834477408e-06_H-d7a336064e,old-data-remote-clean,sim_00187,False,47.03584,42.799980000000005,46.86723,0.168610000000001,1.0035976096731127,165.73377,74.3616,0.1692165929669845,False,71010.0,71010.0,0.001290232,P-126p512169142_VX-0p57236868357_LS-7p44940442576e-05_ST-386p738254947_M-TI64_XI-0p0002_XF-0p0014_XL-0p0012_TE-0p0021_DT-8p42834477408e-06_H-d7a336064e/gif_files/animation_ss_side.gif,Bounding-box monitors cannot identify connected components; flags select cases for visual review and are not exclusions.,False,False,,,,,,,not_selected,,,,,
P-256p84590034_VX-0p686841697171_LS-8p87652204691e-05_ST-323p817390946_M-TI64_XI-0p0002_XF-0p0014_XL-0p0012_TE-0p0021_DT-7p0236280396e-06_H-27614c4053,new-data,,False,70.98262,70.67384,70.81400000000001,0.16861999999999,1.0023811675657357,202.6422,103.86902,0.1690215124749242,False,79351.0,79351.0,0.001441711,P-256p84590034_VX-0p686841697171_LS-8p87652204691e-05_ST-323p817390946_M-TI64_XI-0p0002_XF-0p0014_XL-0p0012_TE-0p0021_DT-7p0236280396e-06_H-27614c4053/gif_files/animation_ss_side.gif,Bounding-box monitors cannot identify connected components; flags select cases for visual review and are not exclusions.,False,False,,,,,,,not_selected,,,,,
P-141p451666054_VX-0p378275685755_LS-6p85388508408e-05_ST-315p145948826_M-TI64_XI-0p0002_XF-0p0014_XL-0p0012_TE-0p0021_DT-1p27529227616e-05_H-8bf1b39107,old-data-remote-clean,sim_00196,False,62.9553,62.30543,62.78716000000001,0.1681399999999939,1.0026779360620863,191.36245,86.87962,0.1685902681694731,False,94681.0,94681.0,0.001720116,P-141p451666054_VX-0p378275685755_LS-6p85388508408e-05_ST-315p145948826_M-TI64_XI-0p0002_XF-0p0014_XL-0p0012_TE-0p0021_DT-1p27529227616e-05_H-8bf1b39107/gif_files/animation_ss_side.gif,Bounding-box monitors cannot identify connected components; flags select cases for visual review and are not exclusions.,False,False,,,,,,,not_selected,,,,,
P-116p440418649_VX-0p621036488786_LS-7p33150072515e-05_ST-327p034160515_M-TI64_XI-0p0002_XF-0p0014_XL-0p0012_TE-0p0021_DT-7p76785372538e-06_H-3f4a2df486,old-data-local,sim_00013,False,42.834480000000006,38.69279,42.669115,0.1653650000000084,1.003875519799274,151.30706000000004,60.07791,0.1660058753316154,False,46551.0,46551.0,0.0008460371,P-116p440418649_VX-0p621036488786_LS-7p33150072515e-05_ST-327p034160515_M-TI64_XI-0p0002_XF-0p0014_XL-0p0012_TE-0p0021_DT-7p76785372538e-06_H-3f4a2df486/gif_files/animation_ss_side.gif,Bounding-box monitors cannot identify connected components; flags select cases for visual review and are not exclusions.,False,False,,,,,,,not_selected,,,,,
P-137p340072051_VX-0p708357837186_LS-8p48461574474e-05_ST-331p337392673_M-TI64_XI-0p0002_XF-0p0014_XL-0p0012_TE-0p0021_DT-6p81028761138e-06_H-701e6757d1,old-data-local,sim_00032,False,39.08076,38.749285,38.91566,0.1650999999999953,1.0042425080289012,162.01658999999998,67.31338,0.1658004380755669,False,58645.0,58645.0,0.001065674,P-137p340072051_VX-0p708357837186_LS-8p48461574474e-05_ST-331p337392673_M-TI64_XI-0p0002_XF-0p0014_XL-0p0012_TE-0p0021_DT-6p81028761138e-06_H-701e6757d1/gif_files/animation_ss_side.gif,Bounding-box monitors cannot identify connected components; flags select cases for visual review and are not exclusions.,False,False,,,,,,,not_selected,,,,,
P-207p940614893_VX-0p318461267696_LS-7p4904937331e-05_ST-370p987623474_M-TI64_XI-0p0002_XF-0p0014_XL-0p0012_TE-0p0021_DT-1p51482176715e-05_H-0b12abf205,old-data-remote-clean,sim_00216,False,75.00605,74.78965,74.840735,0.1653150000000067,1.0022088906529312,233.2946,95.01188,0.165680162758296,False,91309.0,91309.0,0.001658878,P-207p940614893_VX-0p318461267696_LS-7p4904937331e-05_ST-370p987623474_M-TI64_XI-0p0002_XF-0p0014_XL-0p0012_TE-0p0021_DT-1p51482176715e-05_H-0b12abf205/gif_files/animation_ss_side.gif,Bounding-box monitors cannot identify connected components; flags select cases for visual review and are not exclusions.,False,False,,,,,,,not_selected,,,,,
P-209p90265043_VX-0p477857533217_LS-8p77962223972e-05_ST-386p665335025_M-TI64_XI-0p0002_XF-0p0014_XL-0p0012_TE-0p0021_DT-1p00953114007e-05_H-0011cc30ec,old-data-local,sim_00103,False,74.98109,74.29782,74.81618999999999,0.1649000000000029,1.002204068397495,221.2342,103.22016,0.1652634508787499,False,87749.0,87749.0,0.001594225,P-209p90265043_VX-0p477857533217_LS-8p77962223972e-05_ST-386p665335025_M-TI64_XI-0p0002_XF-0p0014_XL-0p0012_TE-0p0021_DT-1p00953114007e-05_H-0011cc30ec/gif_files/animation_ss_side.gif,Bounding-box monitors cannot identify connected components; flags select cases for visual review and are not exclusions.,False,False,,,,,,,not_selected,,,,,
P-207p687789994_VX-0p40901295179_LS-7p09627718894e-05_ST-395p011679_M-TI64_XI-0p0002_XF-0p0014_XL-0p0012_TE-0p0021_DT-1p17945424024e-05_H-d9444347fb,old-data-local,sim_00100,False,82.92468,82.71335,82.760285,0.1643949999999989,1.001986399636009,211.9613,114.17057,0.1647215541681606,False,110787.0,110787.0,0.002012614,P-207p687789994_VX-0p40901295179_LS-7p09627718894e-05_ST-395p011679_M-TI64_XI-0p0002_XF-0p0014_XL-0p0012_TE-0p0021_DT-1p17945424024e-05_H-d9444347fb/gif_files/animation_ss_side.gif,Bounding-box monitors cannot identify connected components; flags select cases for visual review and are not exclusions.,False,False,,,,,,,not_selected,,,,,
P-136p984349172_VX-0p357723834949_LS-5p17808569448e-05_ST-373p061688931_M-TI64_XI-0p0002_XF-0p0014_XL-0p0012_TE-0p0021_DT-1p34856001521e-05_H-270d04032e,old-data-local,sim_00031,False,62.86187,58.80416,62.69762,0.1642500000000026,1.002619716665481,170.18437999999998,79.79174,0.1646802884623079,False,79171.0,79171.0,0.001438442,P-136p984349172_VX-0p357723834949_LS-5p17808569448e-05_ST-373p061688931_M-TI64_XI-0p0002_XF-0p0014_XL-0p0012_TE-0p0021_DT-1p34856001521e-05_H-270d04032e/gif_files/animation_ss_side.gif,Bounding-box monitors cannot identify connected components; flags select cases for visual review and are not exclusions.,False,False,,,,,,,not_selected,,,,,
P-236p206080041_VX-0p584146530445_LS-8p43378292301e-05_ST-319p849522294_M-TI64_XI-0p0002_XF-0p0014_XL-0p0012_TE-0p0021_DT-8p25840838144e-06_H-b41981edcb,old-data-remote-clean,sim_00229,False,75.02262,70.73367999999999,74.86163,0.1609899999999982,1.0021505008640608,206.562,97.5493,0.1613362091341033,False,59498.0,59498.0,0.001081165,P-236p206080041_VX-0p584146530445_LS-8p43378292301e-05_ST-319p849522294_M-TI64_XI-0p0002_XF-0p0014_XL-0p0012_TE-0p0021_DT-8p25840838144e-06_H-b41981edcb/gif_files/animation_ss_side.gif,Bounding-box monitors cannot identify connected components; flags select cases for visual review and are not exclusions.,False,False,,,,,,,not_selected,,,,,
P-186p021611878_VX-0p483877556354_LS-6p53069178085e-05_ST-388p836932905_M-TI64_XI-0p0002_XF-0p0014_XL-0p0012_TE-0p0021_DT-9p96971349398e-06_H-b40dbd8ddd,old-data-local,sim_00082,False,74.92757999999999,68.17873999999999,74.76677,0.1608099999999979,1.0021508218156274,183.29514,104.54642,0.1611558736561689,False,94481.0,94481.0,0.001716484,P-186p021611878_VX-0p483877556354_LS-6p53069178085e-05_ST-388p836932905_M-TI64_XI-0p0002_XF-0p0014_XL-0p0012_TE-0p0021_DT-9p96971349398e-06_H-b40dbd8ddd/gif_files/animation_ss_side.gif,Bounding-box monitors cannot identify connected components; flags select cases for visual review and are not exclusions.,False,False,,,,,,,not_selected,,,,,
P-137p056736091_VX-0p84145784316_LS-6p02926393206e-05_ST-342p992007776_M-TI64_XI-0p0002_XF-0p0014_XL-0p0012_TE-0p0021_DT-5p73305085006e-06_H-ddeae69a6e,old-data-remote-clean,sim_00193,False,46.54316,42.83726,46.383015,0.1601449999999999,1.0034526647308288,127.77716,65.78311,0.1606979269933185,False,38164.0,38164.0,0.0006937226,P-137p056736091_VX-0p84145784316_LS-6p02926393206e-05_ST-342p992007776_M-TI64_XI-0p0002_XF-0p0014_XL-0p0012_TE-0p0021_DT-5p73305085006e-06_H-ddeae69a6e/gif_files/animation_ss_side.gif,Bounding-box monitors cannot identify connected components; flags select cases for visual review and are not exclusions.,False,False,,,,,,,not_selected,,,,,
P-213p315910834_VX-0p426447159191_LS-8p60684535809e-05_ST-346p722503996_M-TI64_XI-0p0002_XF-0p0014_XL-0p0012_TE-0p0021_DT-1p13123525366e-05_H-6aeda8a35c,new-data,,False,78.93777,78.75622,78.77935,0.1584200000000066,1.0020109330681202,230.6509,112.02027,0.1587385720166582,False,109435.0,109435.0,0.00198806,P-213p315910834_VX-0p426447159191_LS-8p60684535809e-05_ST-346p722503996_M-TI64_XI-0p0002_XF-0p0014_XL-0p0012_TE-0p0021_DT-1p13123525366e-05_H-6aeda8a35c/gif_files/animation_ss_side.gif,Bounding-box monitors cannot identify connected components; flags select cases for visual review and are not exclusions.,False,False,,,,,,,not_selected,,,,,
P-140p236446589_VX-0p550532928497_LS-7p91865165046e-05_ST-370p758962256_M-TI64_XI-0p0002_XF-0p0014_XL-0p0012_TE-0p0021_DT-8p76263771576e-06_H-a88ac79600,new-data,,False,51.04514,46.6948,50.88819,0.1569500000000019,1.0030842126630954,175.14166,68.06181,0.1574340671774747,False,50585.0,50585.0,0.0009192977,P-140p236446589_VX-0p550532928497_LS-7p91865165046e-05_ST-370p758962256_M-TI64_XI-0p0002_XF-0p0014_XL-0p0012_TE-0p0021_DT-8p76263771576e-06_H-a88ac79600/gif_files/animation_ss_side.gif,Bounding-box monitors cannot identify connected components; flags select cases for visual review and are not exclusions.,False,False,,,,,,,not_selected,,,,,
P-177p868754925_VX-0p784825891065_LS-5p3694165939e-05_ST-378p775948175_M-TI64_XI-0p0002_XF-0p0014_XL-0p0012_TE-0p0021_DT-6p14673987943e-06_H-fa25be35ef,old-data-local,sim_00075,False,59.014210000000006,55.72084,58.85726,0.1569500000000019,1.00266662090624,135.68802,82.90847000000001,0.1573685261512363,False,57714.0,57714.0,0.001048766,P-177p868754925_VX-0p784825891065_LS-5p3694165939e-05_ST-378p775948175_M-TI64_XI-0p0002_XF-0p0014_XL-0p0012_TE-0p0021_DT-6p14673987943e-06_H-fa25be35ef/gif_files/animation_ss_side.gif,Bounding-box monitors cannot identify connected components; flags select cases for visual review and are not exclusions.,False,False,,,,,,,not_selected,,,,,
P-164p607131174_VX-0p867199563125_LS-5p32762751968e-05_ST-314p058214573_M-TI64_XI-0p0002_XF-0p0014_XL-0p0012_TE-0p0021_DT-5p56287250149e-06_H-0e4c2fc094,new-data,,False,51.07507,50.78344,50.9183,0.1567700000000016,1.0030788537716302,126.95449,72.78726,0.1572526719057801,False,50694.0,50694.0,0.0009212773,P-164p607131174_VX-0p867199563125_LS-5p32762751968e-05_ST-314p058214573_M-TI64_XI-0p0002_XF-0p0014_XL-0p0012_TE-0p0021_DT-5p56287250149e-06_H-0e4c2fc094/gif_files/animation_ss_side.gif,Bounding-box monitors cannot identify connected components; flags select cases for visual review and are not exclusions.,False,False,,,,,,,not_selected,,,,,
P-193p028200221_VX-0p93446669696_LS-8p62901752671e-05_ST-365p941151844_M-TI64_XI-0p0002_XF-0p0014_XL-0p0012_TE-0p0021_DT-5p16243181133e-06_H-4852b0403a,old-data-local,sim_00086,False,47.07,46.80242,46.91342,0.1565800000000052,1.0033376377164571,166.58523999999997,68.77839,0.1571026073136481,False,37194.0,37194.0,0.0006761066,P-193p028200221_VX-0p93446669696_LS-8p62901752671e-05_ST-365p941151844_M-TI64_XI-0p0002_XF-0p0014_XL-0p0012_TE-0p0021_DT-5p16243181133e-06_H-4852b0403a/gif_files/animation_ss_side.gif,Bounding-box monitors cannot identify connected components; flags select cases for visual review and are not exclusions.,False,False,,,,,,,not_selected,,,,,
P-176p64993117_VX-0p775213670345_LS-6p57722012124e-05_ST-360p022077993_M-TI64_XI-0p0002_XF-0p0014_XL-0p0012_TE-0p0021_DT-6p222956054e-06_H-5731c00627,old-data-local,sim_00074,False,55.0918,54.756665,54.935365,0.1564350000000018,1.0028476191975788,149.9266,82.36874999999999,0.1568804673091751,False,62927.0,62927.0,0.001143438,P-176p64993117_VX-0p775213670345_LS-6p57722012124e-05_ST-360p022077993_M-TI64_XI-0p0002_XF-0p0014_XL-0p0012_TE-0p0021_DT-6p222956054e-06_H-5731c00627/gif_files/animation_ss_side.gif,Bounding-box monitors cannot identify connected components; flags select cases for visual review and are not exclusions.,False,False,,,,,,,not_selected,,,,,
P-118p139890353_VX-0p847347819728_LS-5p08934239386e-05_ST-372p913421628_M-TI64_XI-0p0002_XF-0p0014_XL-0p0012_TE-0p0021_DT-5p69319999497e-06_H-d7a336064e,old-data-remote-clean,sim_00185,False,43.08986,42.57925,42.933705,0.1561550000000053,1.0036371191351878,111.02658999999998,59.46977999999999,0.1567229543385606,False,37404.0,37404.0,0.0006799204,P-118p139890353_VX-0p847347819728_LS-5p08934239386e-05_ST-372p913421628_M-TI64_XI-0p0002_XF-0p0014_XL-0p0012_TE-0p0021_DT-5p69319999497e-06_H-d7a336064e/gif_files/animation_ss_side.gif,Bounding-box monitors cannot identify connected components; flags select cases for visual review and are not exclusions.,False,False,,,,,,,not_selected,,,,,
P-115p281467344_VX-0p424433079834_LS-5p4086019252e-05_ST-352p652659088_M-TI64_XI-0p0002_XF-0p0014_XL-0p0012_TE-0p0021_DT-1p13660334979e-05_H-d616b14147,old-data-local,sim_00012,False,54.97528,54.70013,54.81933,0.1559499999999971,1.0028447994530396,157.2047,77.45899,0.1563936464746986,False,83169.0,83169.0,0.001511049,P-115p281467344_VX-0p424433079834_LS-5p4086019252e-05_ST-352p652659088_M-TI64_XI-0p0002_XF-0p0014_XL-0p0012_TE-0p0021_DT-1p13660334979e-05_H-d616b14147/gif_files/animation_ss_side.gif,Bounding-box monitors cannot identify connected components; flags select cases for visual review and are not exclusions.,False,False,,,,,,,not_selected,,,,,
P-189p966894809_VX-0p644468304217_LS-6p74843907822e-05_ST-388p1301819_M-TI64_XI-0p0002_XF-0p0014_XL-0p0012_TE-0p0021_DT-7p48542724514e-06_H-851e5d4577,old-data-remote-clean,sim_00209,False,66.99212,62.75649,66.83615,0.1559699999999964,1.0023336173612634,167.29144,86.76366,0.1563339742998326,False,51230.0,51230.0,0.0009310115,P-189p966894809_VX-0p644468304217_LS-6p74843907822e-05_ST-388p1301819_M-TI64_XI-0p0002_XF-0p0014_XL-0p0012_TE-0p0021_DT-7p48542724514e-06_H-851e5d4577/gif_files/animation_ss_side.gif,Bounding-box monitors cannot identify connected components; flags select cases for visual review and are not exclusions.,False,False,,,,,,,not_selected,,,,,
P-82p6239965333_VX-0p567384090403_LS-6p29636633496e-05_ST-368p216750002_M-TI64_XI-0p0002_XF-0p0014_XL-0p0012_TE-0p0021_DT-8p50238962391e-06_H-e6df4d4a2d,old-data-local,sim_00160,False,34.90841,29.70513,34.75299,0.1554200000000065,1.0044721331891158,131.98352,49.68094,0.1561150589402589,False,44087.0,44087.0,0.0008012889,P-82p6239965333_VX-0p567384090403_LS-6p29636633496e-05_ST-368p216750002_M-TI64_XI-0p0002_XF-0p0014_XL-0p0012_TE-0p0021_DT-8p50238962391e-06_H-e6df4d4a2d/gif_files/animation_ss_side.gif,Bounding-box monitors cannot identify connected components; flags select cases for visual review and are not exclusions.,False,False,,,,,,,not_selected,,,,,
P-150p071418192_VX-0p423845414489_LS-8p67749479825e-05_ST-322p128190627_M-TI64_XI-0p0002_XF-0p0014_XL-0p0012_TE-0p0021_DT-1p1381792602e-05_H-2afbe2208b,new-data,,False,58.95469,58.764745,58.799795,0.1548950000000033,1.002634277891615,201.7712,86.20779,0.155303036474025,False,93071.0,93071.0,0.001690877,P-150p071418192_VX-0p423845414489_LS-8p67749479825e-05_ST-322p128190627_M-TI64_XI-0p0002_XF-0p0014_XL-0p0012_TE-0p0021_DT-1p1381792602e-05_H-2afbe2208b/gif_files/animation_ss_side.gif,Bounding-box monitors cannot identify connected components; flags select cases for visual review and are not exclusions.,False,False,,,,,,,not_selected,,,,,
P-80p5741190929_VX-0p403249617425_LS-8p97039861056e-05_ST-397p637850573_M-TI64_XI-0p0002_XF-0p0014_XL-0p0012_TE-0p0021_DT-1p19631126592e-05_H-6464f5e6a2,old-data-remote-clean,sim_00236,False,31.054550000000003,26.91556,30.90066,0.153890000000004,1.0049801525274866,160.43345999999997,46.37713,0.154656395672459,False,56665.0,56665.0,0.001029715,P-80p5741190929_VX-0p403249617425_LS-8p97039861056e-05_ST-397p637850573_M-TI64_XI-0p0002_XF-0p0014_XL-0p0012_TE-0p0021_DT-1p19631126592e-05_H-6464f5e6a2/gif_files/animation_ss_side.gif,Bounding-box monitors cannot identify connected components; flags select cases for visual review and are not exclusions.,False,False,,,,,,,not_selected,,,,,
P-335p17845091_VX-0p53366627312_LS-7p35439468085e-05_ST-327p916348879_M-TI64_XI-0p0002_XF-0p0014_XL-0p0012_TE-0p0021_DT-9p03958306155e-06_H-1d842653b1,new-data,,False,98.71385,90.5894,98.565725,0.1481249999999931,1.0015028043470486,214.9815,124.80469,0.1483476028938997,False,80491.0,80491.0,0.001462414,P-335p17845091_VX-0p53366627312_LS-7p35439468085e-05_ST-327p916348879_M-TI64_XI-0p0002_XF-0p0014_XL-0p0012_TE-0p0021_DT-9p03958306155e-06_H-1d842653b1/gif_files/animation_ss_side.gif,Bounding-box monitors cannot identify connected components; flags select cases for visual review and are not exclusions.,False,False,,,,,,,not_selected,,,,,
P-235p890696826_VX-0p62852965691_LS-7p09715556056e-05_ST-349p581827429_M-TI64_XI-0p0002_XF-0p0014_XL-0p0012_TE-0p0021_DT-7p6752473809e-06_H-765072ed36,old-data-remote-clean,sim_00228,False,74.97139,70.88499999999999,74.82339,0.1479999999999961,1.0019779911067916,183.55021,104.9148,0.1482927426838013,False,80969.0,80969.0,0.001471095,P-235p890696826_VX-0p62852965691_LS-7p09715556056e-05_ST-349p581827429_M-TI64_XI-0p0002_XF-0p0014_XL-0p0012_TE-0p0021_DT-7p6752473809e-06_H-765072ed36/gif_files/animation_ss_side.gif,Bounding-box monitors cannot identify connected components; flags select cases for visual review and are not exclusions.,False,False,,,,,,,not_selected,,,,,
P-244p476502118_VX-0p49526990633_LS-8p73976519147e-05_ST-336p403249939_M-TI64_XI-0p0002_XF-0p0014_XL-0p0012_TE-0p0021_DT-9p74038709269e-06_H-f06f0c9a83,old-data-local,sim_00139,False,82.98297,78.25226,82.83522,0.1477499999999878,1.001783661587426,223.6065,109.54822,0.14801353599953,False,84116.0,84116.0,0.001528247,P-244p476502118_VX-0p49526990633_LS-8p73976519147e-05_ST-336p403249939_M-TI64_XI-0p0002_XF-0p0014_XL-0p0012_TE-0p0021_DT-9p74038709269e-06_H-f06f0c9a83/gif_files/animation_ss_side.gif,Bounding-box monitors cannot identify connected components; flags select cases for visual review and are not exclusions.,False,False,,,,,,,not_selected,,,,,
P-307p26373251_VX-0p980958450675_LS-7p64412572662e-05_ST-372p845922747_M-TI64_XI-0p0002_XF-0p0014_XL-0p0012_TE-0p0021_DT-4p91776241868e-06_H-0e4c2fc094,new-data,,False,66.28011000000001,62.78201,66.1342,0.1459100000000006,1.002206271490394,170.35511000000002,96.64078,0.146231917073164,False,57054.0,57054.0,0.00103678,P-307p26373251_VX-0p980958450675_LS-7p64412572662e-05_ST-372p845922747_M-TI64_XI-0p0002_XF-0p0014_XL-0p0012_TE-0p0021_DT-4p91776241868e-06_H-0e4c2fc094/gif_files/animation_ss_side.gif,Bounding-box monitors cannot identify connected components; flags select cases for visual review and are not exclusions.,False,False,,,,,,,not_selected,,,,,
P-121p661876009_VX-0p281641526906_LS-7p16631028882e-05_ST-330p429005364_M-TI64_XI-0p0002_XF-0p0014_XL-0p0012_TE-0p0021_DT-1p71285841829e-05_H-25d163a2a5,old-data-remote-clean,sim_00186,False,54.959900000000005,54.80547,54.81564,0.1442600000000027,1.002631730652055,202.5365,77.14792,0.1446396534638681,False,114815.0,114815.0,0.002085765,P-121p661876009_VX-0p281641526906_LS-7p16631028882e-05_ST-330p429005364_M-TI64_XI-0p0002_XF-0p0014_XL-0p0012_TE-0p0021_DT-1p71285841829e-05_H-25d163a2a5/gif_files/animation_ss_side.gif,Bounding-box monitors cannot identify connected components; flags select cases for visual review and are not exclusions.,False,False,,,,,,,not_selected,,,,,
P-153p721476211_VX-0p579411174254_LS-7p49286492013e-05_ST-383p484527945_M-TI64_XI-0p0002_XF-0p0014_XL-0p0012_TE-0p0021_DT-8p32590191107e-06_H-8daf8adcd4,old-data-local,sim_00055,False,58.48435,52.22291,58.34026,0.1440899999999985,1.0024698210121106,170.25197,81.13771,0.1444458765096335,False,63000.0,63000.0,0.001144764,P-153p721476211_VX-0p579411174254_LS-7p49286492013e-05_ST-383p484527945_M-TI64_XI-0p0002_XF-0p0014_XL-0p0012_TE-0p0021_DT-8p32590191107e-06_H-8daf8adcd4/gif_files/animation_ss_side.gif,Bounding-box monitors cannot identify connected components; flags select cases for visual review and are not exclusions.,False,False,,,,,,,not_selected,,,,,
P-156p536166657_VX-0p9922713524_LS-8p48527663575e-05_ST-399p457924021_M-TI64_XI-0p0002_XF-0p0014_XL-0p0012_TE-0p0021_DT-4p86169492987e-06_H-17f36d0008,old-data-remote-clean,sim_00201,False,39.01937,38.79092,38.87557,0.1437999999999988,1.00369898113391,141.90794000000002,67.69225999999999,0.1443319134870551,False,53513.0,53513.0,0.0009724725,P-156p536166657_VX-0p9922713524_LS-8p48527663575e-05_ST-399p457924021_M-TI64_XI-0p0002_XF-0p0014_XL-0p0012_TE-0p0021_DT-4p86169492987e-06_H-17f36d0008/gif_files/animation_ss_side.gif,Bounding-box monitors cannot identify connected components; flags select cases for visual review and are not exclusions.,False,False,,,,,,,not_selected,,,,,
P-132p334528879_VX-0p441351904611_LS-8p05471929698e-05_ST-380p80221881_M-TI64_XI-0p0002_XF-0p0014_XL-0p0012_TE-0p0021_DT-1p09303269174e-05_H-2934a8b202,new-data,,False,54.91077,50.87139500000001,54.76712,0.1436500000000009,1.002622924119435,188.86348,79.84829,0.1440267830497578,False,82575.0,82575.0,0.001500261,P-132p334528879_VX-0p441351904611_LS-8p05471929698e-05_ST-380p80221881_M-TI64_XI-0p0002_XF-0p0014_XL-0p0012_TE-0p0021_DT-1p09303269174e-05_H-2934a8b202/gif_files/animation_ss_side.gif,Bounding-box monitors cannot identify connected components; flags select cases for visual review and are not exclusions.,False,False,,,,,,,not_selected,,,,,
P-210p302841339_VX-0p779412575788_LS-5p86430912284e-05_ST-304p177226769_M-TI64_XI-0p0002_XF-0p0014_XL-0p0012_TE-0p0021_DT-6p18943131388e-06_H-c15424829d,new-data,,False,63.04418,62.51617999999999,62.90071,0.1434699999999935,1.0022808963523622,144.73440000000002,86.69963000000001,0.1437972401996669,False,54912.0,54912.0,0.0009978795,P-210p302841339_VX-0p779412575788_LS-5p86430912284e-05_ST-304p177226769_M-TI64_XI-0p0002_XF-0p0014_XL-0p0012_TE-0p0021_DT-6p18943131388e-06_H-c15424829d/gif_files/animation_ss_side.gif,Bounding-box monitors cannot identify connected components; flags select cases for visual review and are not exclusions.,False,False,,,,,,,not_selected,,,,,
P-120p079917874_VX-0p610410046914_LS-8p29242579558e-05_ST-398p6729924_M-TI64_XI-0p0002_XF-0p0014_XL-0p0012_TE-0p0021_DT-7p90308191584e-06_H-a88ac79600,new-data,,False,39.06833,38.589385,38.92551,0.1428200000000004,1.0036690591850947,165.92415999999997,70.46936000000001,0.1433440150328156,False,82868.0,82868.0,0.001505583,P-120p079917874_VX-0p610410046914_LS-8p29242579558e-05_ST-398p6729924_M-TI64_XI-0p0002_XF-0p0014_XL-0p0012_TE-0p0021_DT-7p90308191584e-06_H-a88ac79600/gif_files/animation_ss_side.gif,Bounding-box monitors cannot identify connected components; flags select cases for visual review and are not exclusions.,False,False,,,,,,,not_selected,,,,,
P-149p381043177_VX-0p292260061908_LS-7p79529508561e-05_ST-384p444199936_M-TI64_XI-0p0002_XF-0p0014_XL-0p0012_TE-0p0021_DT-1p65062601148e-05_H-6464f5e6a2,old-data-remote-clean,sim_00198,False,62.9227,62.71052,62.78044,0.1422600000000002,1.002265992401455,222.389,80.85115,0.1425823600790312,False,95919.0,95919.0,0.001742599,P-149p381043177_VX-0p292260061908_LS-7p79529508561e-05_ST-384p444199936_M-TI64_XI-0p0002_XF-0p0014_XL-0p0012_TE-0p0021_DT-1p65062601148e-05_H-6464f5e6a2/gif_files/animation_ss_side.gif,Bounding-box monitors cannot identify connected components; flags select cases for visual review and are not exclusions.,False,False,,,,,,,not_selected,,,,,
P-150p755371566_VX-0p566215971452_LS-6p88880703989e-05_ST-365p237346809_M-TI64_XI-0p0002_XF-0p0014_XL-0p0012_TE-0p0021_DT-8p51993028498e-06_H-3a501d5f99,old-data-remote-clean,sim_00199,False,58.95304,52.424895,58.81123,0.1418099999999995,1.0024112741733169,167.09929000000002,80.29021999999999,0.1421519427905176,False,58848.0,58848.0,0.00106936,P-150p755371566_VX-0p566215971452_LS-6p88880703989e-05_ST-365p237346809_M-TI64_XI-0p0002_XF-0p0014_XL-0p0012_TE-0p0021_DT-8p51993028498e-06_H-3a501d5f99/gif_files/animation_ss_side.gif,Bounding-box monitors cannot identify connected components; flags select cases for visual review and are not exclusions.,False,False,,,,,,,not_selected,,,,,
P-136p115095044_VX-0p8200930762_LS-6p39666133344e-05_ST-362p502989524_M-TI64_XI-0p0002_XF-0p0014_XL-0p0012_TE-0p0021_DT-5p88240620853e-06_H-f575443233,old-data-local,sim_00030,False,43.09649,42.780620000000006,42.955565,0.1409250000000028,1.003280715781529,134.94523999999998,67.13038,0.1413873348715148,False,49068.0,49068.0,0.0008917478,P-136p115095044_VX-0p8200930762_LS-6p39666133344e-05_ST-362p502989524_M-TI64_XI-0p0002_XF-0p0014_XL-0p0012_TE-0p0021_DT-5p88240620853e-06_H-f575443233/gif_files/animation_ss_side.gif,Bounding-box monitors cannot identify connected components; flags select cases for visual review and are not exclusions.,False,False,,,,,,,not_selected,,,,,
P-92p0306358058_VX-0p635786516528_LS-6p85874395416e-05_ST-348p651765165_M-TI64_XI-0p0002_XF-0p0014_XL-0p0012_TE-0p0021_DT-7p58764220003e-06_H-8daf8adcd4,old-data-local,sim_00168,False,34.4968,30.767740000000003,34.35702,0.1397800000000018,1.0040684552967634,132.48599000000002,51.16019,0.1403486886813834,False,42199.0,42199.0,0.0007670014,P-92p0306358058_VX-0p635786516528_LS-6p85874395416e-05_ST-348p651765165_M-TI64_XI-0p0002_XF-0p0014_XL-0p0012_TE-0p0021_DT-7p58764220003e-06_H-8daf8adcd4/gif_files/animation_ss_side.gif,Bounding-box monitors cannot identify connected components; flags select cases for visual review and are not exclusions.,False,False,,,,,,,not_selected,,,,,
P-139p185905374_VX-0p93275027917_LS-8p26285474625e-05_ST-371p150203889_M-TI64_XI-0p0002_XF-0p0014_XL-0p0012_TE-0p0021_DT-5p17193155633e-06_H-b789300819,old-data-remote-clean,sim_00194,False,35.11826,34.84468,34.97869,0.139569999999999,1.003990143713215,141.32834,62.20253,0.1401269043580525,False,50061.0,50061.0,0.0009097815,P-139p185905374_VX-0p93275027917_LS-8p26285474625e-05_ST-371p150203889_M-TI64_XI-0p0002_XF-0p0014_XL-0p0012_TE-0p0021_DT-5p17193155633e-06_H-b789300819/gif_files/animation_ss_side.gif,Bounding-box monitors cannot identify connected components; flags select cases for visual review and are not exclusions.,False,False,,,,,,,not_selected,,,,,
P-279p19481345_VX-0p961152667742_LS-7p84955743249e-05_ST-372p579911887_M-TI64_XI-0p0002_XF-0p0014_XL-0p0012_TE-0p0021_DT-5p01909921797e-06_H-6ea4fcc339,new-data,,False,62.93174,62.69445,62.79223,0.1395100000000013,1.0022217717064674,177.46877999999998,83.38825,0.1398199593707706,False,37049.0,37049.0,0.0006734733,P-279p19481345_VX-0p961152667742_LS-7p84955743249e-05_ST-372p579911887_M-TI64_XI-0p0002_XF-0p0014_XL-0p0012_TE-0p0021_DT-5p01909921797e-06_H-6ea4fcc339/gif_files/animation_ss_side.gif,Bounding-box monitors cannot identify connected components; flags select cases for visual review and are not exclusions.,False,False,,,,,,,not_selected,,,,,
P-194p036512211_VX-0p298398024189_LS-7p09068727373e-05_ST-343p727832606_M-TI64_XI-0p0002_XF-0p0014_XL-0p0012_TE-0p0021_DT-1p61667310503e-05_H-7931c20f4a,old-data-local,sim_00089,False,74.8278,74.66601,74.68874,0.1390600000000006,1.001861860301834,227.6755,95.72784,0.1393189102935736,False,106196.0,106196.0,0.001929238,P-194p036512211_VX-0p298398024189_LS-7p09068727373e-05_ST-343p727832606_M-TI64_XI-0p0002_XF-0p0014_XL-0p0012_TE-0p0021_DT-1p61667310503e-05_H-7931c20f4a/gif_files/animation_ss_side.gif,Bounding-box monitors cannot identify connected components; flags select cases for visual review and are not exclusions.,False,False,,,,,,,not_selected,,,,,
P-110p110895975_VX-0p451651242475_LS-8p6859144947e-05_ST-349p969995372_M-TI64_XI-0p0002_XF-0p0014_XL-0p0012_TE-0p0021_DT-1p06810745755e-05_H-6f31342894,old-data-remote-clean,sim_00183,False,42.90704,38.797700000000006,42.768275,0.1387649999999922,1.0032445779026624,176.63257,63.32579,0.1392152338526552,False,65110.0,65110.0,0.001183083,P-110p110895975_VX-0p451651242475_LS-8p6859144947e-05_ST-349p969995372_M-TI64_XI-0p0002_XF-0p0014_XL-0p0012_TE-0p0021_DT-1p06810745755e-05_H-6f31342894/gif_files/animation_ss_side.gif,Bounding-box monitors cannot identify connected components; flags select cases for visual review and are not exclusions.,False,False,,,,,,,not_selected,,,,,
P-218p521967876_VX-0p920050491887_LS-7p11545742791e-05_ST-300p883630406_M-TI64_XI-0p0002_XF-0p0014_XL-0p0012_TE-0p0021_DT-5p24332158458e-06_H-7931c20f4a,old-data-local,sim_00112,False,55.0716,54.79062,54.93594,0.1356600000000014,1.0024694216572976,151.26066,79.35188,0.1359950017420304,False,46155.0,46155.0,0.0008388454,P-218p521967876_VX-0p920050491887_LS-7p11545742791e-05_ST-300p883630406_M-TI64_XI-0p0002_XF-0p0014_XL-0p0012_TE-0p0021_DT-5p24332158458e-06_H-7931c20f4a/gif_files/animation_ss_side.gif,Bounding-box monitors cannot identify connected components; flags select cases for visual review and are not exclusions.,False,False,,,,,,,not_selected,,,,,
P-246p882256304_VX-0p912145169038_LS-8p52944569156e-05_ST-321p903093968_M-TI64_XI-0p0002_XF-0p0014_XL-0p0012_TE-0p0021_DT-5p288764077e-06_H-0b12abf205,old-data-remote-clean,sim_00233,False,58.8919,58.66828,58.75684,0.1350599999999957,1.0022986259982667,175.42219999999998,87.97954999999999,0.1353704524273216,False,51703.0,51703.0,0.0009396015,P-246p882256304_VX-0p912145169038_LS-8p52944569156e-05_ST-321p903093968_M-TI64_XI-0p0002_XF-0p0014_XL-0p0012_TE-0p0021_DT-5p288764077e-06_H-0b12abf205/gif_files/animation_ss_side.gif,Bounding-box monitors cannot identify connected components; flags select cases for visual review and are not exclusions.,False,False,,,,,,,not_selected,,,,,
P-213p87237204_VX-0p329966780459_LS-7p13970627017e-05_ST-390p008507958_M-TI64_XI-0p0002_XF-0p0014_XL-0p0012_TE-0p0021_DT-1p46200190101e-05_H-765072ed36,old-data-remote-clean,sim_00218,False,78.85351999999999,78.72033,78.72234999999999,0.1311699999999973,1.0016662358275636,232.7871,103.88435,0.1313885601534988,False,110293.0,110293.0,0.002003642,P-213p87237204_VX-0p329966780459_LS-7p13970627017e-05_ST-390p008507958_M-TI64_XI-0p0002_XF-0p0014_XL-0p0012_TE-0p0021_DT-1p46200190101e-05_H-765072ed36/gif_files/animation_ss_side.gif,Bounding-box monitors cannot identify connected components; flags select cases for visual review and are not exclusions.,False,False,,,,,,,not_selected,,,,,
P-119p523515535_VX-0p859779155666_LS-6p70931710444e-05_ST-392p874711106_M-TI64_XI-0p0002_XF-0p0014_XL-0p0012_TE-0p0021_DT-5p61088341259e-06_H-2934a8b202,new-data,,False,38.90503,38.07826,38.77427,0.1307600000000093,1.0033723394405625,130.22940000000003,59.82765,0.1312009671052572,False,40448.0,40448.0,0.0007352018,P-119p523515535_VX-0p859779155666_LS-6p70931710444e-05_ST-392p874711106_M-TI64_XI-0p0002_XF-0p0014_XL-0p0012_TE-0p0021_DT-5p61088341259e-06_H-2934a8b202/gif_files/animation_ss_side.gif,Bounding-box monitors cannot identify connected components; flags select cases for visual review and are not exclusions.,False,False,,,,,,,not_selected,,,,,
P-78p3109819881_VX-0p819836919071_LS-8p42620704062e-05_ST-359p367913591_M-TI64_XI-0p0002_XF-0p0014_XL-0p0012_TE-0p0021_DT-5p88424415978e-06_H-cedd8dc36d,old-data-local,sim_00158,False,19.117600000000003,18.77861,18.9878,0.129800000000003,1.0068359683586303,103.39376,29.66935,0.1306873086929532,False,22170.0,22170.0,0.0004031226,P-78p3109819881_VX-0p819836919071_LS-8p42620704062e-05_ST-359p367913591_M-TI64_XI-0p0002_XF-0p0014_XL-0p0012_TE-0p0021_DT-5p88424415978e-06_H-cedd8dc36d/gif_files/animation_ss_side.gif,Bounding-box monitors cannot identify connected components; flags select cases for visual review and are not exclusions.,False,False,,,,,,,not_selected,,,,,
P-227p786589532_VX-0p30483440954_LS-7p3391662288e-05_ST-359p259536614_M-TI64_XI-0p0002_XF-0p0014_XL-0p0012_TE-0p0021_DT-1p58253807708e-05_H-180177fd7b,old-data-local,sim_00122,False,78.87527,78.729635,78.746745,0.1285249999999962,1.001632130953476,241.7692,100.2666,0.1287347696307917,False,98563.0,98563.0,0.001790616,P-227p786589532_VX-0p30483440954_LS-7p3391662288e-05_ST-359p259536614_M-TI64_XI-0p0002_XF-0p0014_XL-0p0012_TE-0p0021_DT-1p58253807708e-05_H-180177fd7b/gif_files/animation_ss_side.gif,Bounding-box monitors cannot identify connected components; flags select cases for visual review and are not exclusions.,False,False,,,,,,,not_selected,,,,,
P-93p7392388905_VX-0p76284290369_LS-5p63100861802e-05_ST-349p958485388_M-TI64_XI-0p0002_XF-0p0014_XL-0p0012_TE-0p0021_DT-6p32387163816e-06_H-5cefbb31d2,old-data-remote-clean,sim_00240,False,35.05195,33.256665,34.924580000000006,0.127369999999992,1.0036470016246437,115.92961,52.55493,0.1278345185969228,False,38041.0,38041.0,0.0006914888,P-93p7392388905_VX-0p76284290369_LS-5p63100861802e-05_ST-349p958485388_M-TI64_XI-0p0002_XF-0p0014_XL-0p0012_TE-0p0021_DT-6p32387163816e-06_H-5cefbb31d2/gif_files/animation_ss_side.gif,Bounding-box monitors cannot identify connected components; flags select cases for visual review and are not exclusions.,False,False,,,,,,,not_selected,,,,,
P-98p6430415843_VX-0p873233253177_LS-7p66258838728e-05_ST-323p115187787_M-TI64_XI-0p0002_XF-0p0014_XL-0p0012_TE-0p0021_DT-5p52443529316e-06_H-95ed9fb76f,old-data-local,sim_00176,False,26.99932,26.82025,26.87328,0.1260399999999961,1.0046901606353968,118.18435999999998,52.27839,0.1266311478464815,False,59452.0,59452.0,0.00108033,P-98p6430415843_VX-0p873233253177_LS-7p66258838728e-05_ST-323p115187787_M-TI64_XI-0p0002_XF-0p0014_XL-0p0012_TE-0p0021_DT-5p52443529316e-06_H-95ed9fb76f/gif_files/animation_ss_side.gif,Bounding-box monitors cannot identify connected components; flags select cases for visual review and are not exclusions.,False,False,,,,,,,not_selected,,,,,
P-158p404299584_VX-0p530960738208_LS-8p44011119013e-05_ST-377p174397227_M-TI64_XI-0p0002_XF-0p0014_XL-0p0012_TE-0p0021_DT-9p08564467365e-06_H-fa25be35ef,old-data-local,sim_00057,False,58.79612,52.19154,58.67149,0.1246300000000033,1.0021242003569366,190.84751,79.38126,0.1248947390904883,False,61678.0,61678.0,0.001120755,P-158p404299584_VX-0p530960738208_LS-8p44011119013e-05_ST-377p174397227_M-TI64_XI-0p0002_XF-0p0014_XL-0p0012_TE-0p0021_DT-9p08564467365e-06_H-fa25be35ef/gif_files/animation_ss_side.gif,Bounding-box monitors cannot identify connected components; flags select cases for visual review and are not exclusions.,False,False,,,,,,,not_selected,,,,,
P-233p11801175_VX-0p947725383123_LS-6p63357513021e-05_ST-310p062780041_M-TI64_XI-0p0002_XF-0p0014_XL-0p0012_TE-0p0021_DT-5p09020934642e-06_H-1d842653b1,new-data,,False,59.03615,58.74257,58.91176000000001,0.1243899999999911,1.0021114629744552,143.62124,86.84639,0.1246526448793835,False,51746.0,51746.0,0.0009403824,P-233p11801175_VX-0p947725383123_LS-6p63357513021e-05_ST-310p062780041_M-TI64_XI-0p0002_XF-0p0014_XL-0p0012_TE-0p0021_DT-5p09020934642e-06_H-1d842653b1/gif_files/animation_ss_side.gif,Bounding-box monitors cannot identify connected components; flags select cases for visual review and are not exclusions.,False,False,,,,,,,not_selected,,,,,
P-97p9405338961_VX-0p913267755474_LS-7p48831340213e-05_ST-390p809181728_M-TI64_XI-0p0002_XF-0p0014_XL-0p0012_TE-0p0021_DT-5p28226314145e-06_H-0b12abf205,old-data-remote-clean,sim_00242,False,27.05185,26.84932,26.93021,0.1216400000000028,1.0045168604329489,112.17284,50.42577000000001,0.1221894309030667,False,58379.0,58379.0,0.001060843,P-97p9405338961_VX-0p913267755474_LS-7p48831340213e-05_ST-390p809181728_M-TI64_XI-0p0002_XF-0p0014_XL-0p0012_TE-0p0021_DT-5p28226314145e-06_H-0b12abf205/gif_files/animation_ss_side.gif,Bounding-box monitors cannot identify connected components; flags select cases for visual review and are not exclusions.,False,False,,,,,,,not_selected,,,,,
P-250p363893775_VX-0p962117015407_LS-8p16921850603e-05_ST-395p976068127_M-TI64_XI-0p0002_XF-0p0014_XL-0p0012_TE-0p0021_DT-5p01406848207e-06_H-0f2c16c7e5,new-data,,False,59.06488,58.73985,58.95107,0.1138100000000008,1.001930584126802,166.86655,88.72405,0.1140297197794722,False,58502.0,58502.0,0.001063077,P-250p363893775_VX-0p962117015407_LS-8p16921850603e-05_ST-395p976068127_M-TI64_XI-0p0002_XF-0p0014_XL-0p0012_TE-0p0021_DT-5p01406848207e-06_H-0f2c16c7e5/gif_files/animation_ss_side.gif,Bounding-box monitors cannot identify connected components; flags select cases for visual review and are not exclusions.,False,False,,,,,,,not_selected,,,,,
P-220p072225453_VX-0p425314653287_LS-7p24382024748e-05_ST-381p760927113_M-TI64_XI-0p0002_XF-0p0014_XL-0p0012_TE-0p0021_DT-1p1342474485e-05_H-ba17ade68b,old-data-local,sim_00115,False,86.81653,86.262795,86.70526499999998,0.1112650000000172,1.00128325540554,215.0592,112.11175,0.1114077814127147,False,89885.0,89885.0,0.001633017,P-220p072225453_VX-0p425314653287_LS-7p24382024748e-05_ST-381p760927113_M-TI64_XI-0p0002_XF-0p0014_XL-0p0012_TE-0p0021_DT-1p1342474485e-05_H-ba17ade68b/gif_files/animation_ss_side.gif,Bounding-box monitors cannot identify connected components; flags select cases for visual review and are not exclusions.,False,False,,,,,,,not_selected,,,,,
P-181p628478787_VX-0p952936233186_LS-6p91719476824e-05_ST-399p362560559_M-TI64_XI-0p0002_XF-0p0014_XL-0p0012_TE-0p0021_DT-5p06237504149e-06_H-2ecbc85805,old-data-remote-clean,sim_00207,False,50.952200000000005,50.385920000000006,50.842045,0.110155000000006,1.002166612298935,143.47857,75.87254,0.1103936631777952,False,46026.0,46026.0,0.0008365027,P-181p628478787_VX-0p952936233186_LS-6p91719476824e-05_ST-399p362560559_M-TI64_XI-0p0002_XF-0p0014_XL-0p0012_TE-0p0021_DT-5p06237504149e-06_H-2ecbc85805/gif_files/animation_ss_side.gif,Bounding-box monitors cannot identify connected components; flags select cases for visual review and are not exclusions.,False,False,,,,,,,not_selected,,,,,
P-225p007853492_VX-0p825221323097_LS-8p70957490335e-05_ST-338p940755161_M-TI64_XI-0p0002_XF-0p0014_XL-0p0012_TE-0p0021_DT-5p84585064393e-06_H-c2c7cd9590,new-data,,False,58.96711,58.68753,58.85763,0.1094799999999978,1.0018600816920422,182.78306,142.70074,0.1096836417436425,False,46025.0,46025.0,0.0008364845,P-225p007853492_VX-0p825221323097_LS-8p70957490335e-05_ST-338p940755161_M-TI64_XI-0p0002_XF-0p0014_XL-0p0012_TE-0p0021_DT-5p84585064393e-06_H-c2c7cd9590/gif_files/animation_ss_side.gif,Bounding-box monitors cannot identify connected components; flags select cases for visual review and are not exclusions.,False,False,,,,,,,not_selected,,,,,
P-188p623199531_VX-0p253450423389_LS-5p98563054886e-05_ST-373p9812389_M-TI64_XI-0p0002_XF-0p0014_XL-0p0012_TE-0p0021_DT-1p90337839587e-05_H-b41981edcb,old-data-remote-clean,sim_00208,False,70.8237,70.712775,70.71777999999999,0.1059200000000117,1.00149778457412,215.226,87.15327,0.1060786453421025,False,97106.0,97106.0,0.001764156,P-188p623199531_VX-0p253450423389_LS-5p98563054886e-05_ST-373p9812389_M-TI64_XI-0p0002_XF-0p0014_XL-0p0012_TE-0p0021_DT-1p90337839587e-05_H-b41981edcb/gif_files/animation_ss_side.gif,Bounding-box monitors cannot identify connected components; flags select cases for visual review and are not exclusions.,False,False,,,,,,,not_selected,,,,,
P-228p907235932_VX-0p414638318501_LS-7p95917332413e-05_ST-340p25610662_M-TI64_XI-0p0002_XF-0p0014_XL-0p0012_TE-0p0021_DT-1p16345267376e-05_H-02b1b704be,old-data-remote-clean,sim_00226,False,86.4795,82.768745,86.37544,0.104060000000004,1.0012047406068207,227.8539,111.38256,0.1041853653075498,False,86942.0,86942.0,0.00157957,P-228p907235932_VX-0p414638318501_LS-7p95917332413e-05_ST-340p25610662_M-TI64_XI-0p0002_XF-0p0014_XL-0p0012_TE-0p0021_DT-1p16345267376e-05_H-02b1b704be/gif_files/animation_ss_side.gif,Bounding-box monitors cannot identify connected components; flags select cases for visual review and are not exclusions.,False,False,,,,,,,not_selected,,,,,
P-102p025474754_VX-0p424029390103_LS-7p94734719352e-05_ST-354p238131711_M-TI64_XI-0p0002_XF-0p0014_XL-0p0012_TE-0p0021_DT-1p13768543304e-05_H-6f31342894,old-data-remote-clean,sim_00181,False,42.96001,38.81103,42.85997,0.100040000000007,1.0023341126930327,168.41760000000002,58.6544,0.100273504633818,False,59685.0,59685.0,0.001084561,P-102p025474754_VX-0p424029390103_LS-7p94734719352e-05_ST-354p238131711_M-TI64_XI-0p0002_XF-0p0014_XL-0p0012_TE-0p0021_DT-1p13768543304e-05_H-6f31342894/gif_files/animation_ss_side.gif,Bounding-box monitors cannot identify connected components; flags select cases for visual review and are not exclusions.,False,False,,,,,,,not_selected,,,,,
P-168p279672268_VX-0p662944494492_LS-8p51138696034e-05_ST-361p222757169_M-TI64_XI-0p0002_XF-0p0014_XL-0p0012_TE-0p0021_DT-7p27680920966e-06_H-1d842653b1,new-data,,False,54.55363,50.79968,54.4569,0.0967300000000008,1.001776267102975,180.5524,80.24425000000001,0.0969018183168716,False,57179.0,57179.0,0.00103905,P-168p279672268_VX-0p662944494492_LS-8p51138696034e-05_ST-361p222757169_M-TI64_XI-0p0002_XF-0p0014_XL-0p0012_TE-0p0021_DT-7p27680920966e-06_H-1d842653b1/gif_files/animation_ss_side.gif,Bounding-box monitors cannot identify connected components; flags select cases for visual review and are not exclusions.,False,False,,,,,,,not_selected,,,,,
P-167p350234557_VX-0p509305540745_LS-7p79284260895e-05_ST-367p465417979_M-TI64_XI-0p0002_XF-0p0014_XL-0p0012_TE-0p0021_DT-9p47195782704e-06_H-0c5439e4b5,new-data,,False,62.98711000000001,58.61101,62.8944,0.0927100000000109,1.0014740581037422,190.48914,85.56944000000001,0.0928466599268089,False,71688.0,71688.0,0.001302545,P-167p350234557_VX-0p509305540745_LS-7p79284260895e-05_ST-367p465417979_M-TI64_XI-0p0002_XF-0p0014_XL-0p0012_TE-0p0021_DT-9p47195782704e-06_H-0c5439e4b5/gif_files/animation_ss_side.gif,Bounding-box monitors cannot identify connected components; flags select cases for visual review and are not exclusions.,False,False,,,,,,,not_selected,,,,,
P-174p128102602_VX-0p994422815088_LS-7p40414236536e-05_ST-367p557277174_M-TI64_XI-0p0002_XF-0p0014_XL-0p0012_TE-0p0021_DT-4p85117651146e-06_H-6705b84f8a,old-data-local,sim_00072,False,46.62348,46.3826,46.5313,0.0921799999999919,1.0019810321224636,137.48470999999998,72.32473,0.0923626115410406,False,56318.0,56318.0,0.001023414,P-174p128102602_VX-0p994422815088_LS-7p40414236536e-05_ST-367p557277174_M-TI64_XI-0p0002_XF-0p0014_XL-0p0012_TE-0p0021_DT-4p85117651146e-06_H-6705b84f8a/gif_files/animation_ss_side.gif,Bounding-box monitors cannot identify connected components; flags select cases for visual review and are not exclusions.,False,False,,,,,,,not_selected,,,,,
P-173p906668607_VX-0p677544388934_LS-8p62016404031e-05_ST-334p396108383_M-TI64_XI-0p0002_XF-0p0014_XL-0p0012_TE-0p0021_DT-7p12000672104e-06_H-89021150a8,new-data,,False,54.75972,50.79225,54.67042,0.0893000000000014,1.0016334244368343,179.41049,83.18765,0.0894458648022108,False,60194.0,60194.0,0.001093805,P-173p906668607_VX-0p677544388934_LS-8p62016404031e-05_ST-334p396108383_M-TI64_XI-0p0002_XF-0p0014_XL-0p0012_TE-0p0021_DT-7p12000672104e-06_H-89021150a8/gif_files/animation_ss_side.gif,Bounding-box monitors cannot identify connected components; flags select cases for visual review and are not exclusions.,False,False,,,,,,,not_selected,,,,,
P-140p320645521_VX-0p612281673664_LS-8p56006119926e-05_ST-348p910931315_M-TI64_XI-0p0002_XF-0p0014_XL-0p0012_TE-0p0021_DT-7p87892372174e-06_H-dd169576f0,old-data-local,sim_00037,False,46.86095,42.74968,46.77812,0.0828300000000012,1.0017706996347866,175.0083,66.17231,0.0829766670507506,False,51208.0,51208.0,0.0009306119,P-140p320645521_VX-0p612281673664_LS-8p56006119926e-05_ST-348p910931315_M-TI64_XI-0p0002_XF-0p0014_XL-0p0012_TE-0p0021_DT-7p87892372174e-06_H-dd169576f0/gif_files/animation_ss_side.gif,Bounding-box monitors cannot identify connected components; flags select cases for visual review and are not exclusions.,False,False,,,,,,,not_selected,,,,,
P-166p111836501_VX-0p454755470987_LS-7p13150844087e-05_ST-303p391516497_M-TI64_XI-0p0002_XF-0p0014_XL-0p0012_TE-0p0021_DT-1p06081639712e-05_H-0e4c2fc094,new-data,,False,66.837,66.5654,66.77135,0.0656500000000051,1.0009832061205892,187.97408,87.94892999999999,0.0657145474818217,False,74231.0,74231.0,0.001348728,P-166p111836501_VX-0p454755470987_LS-7p13150844087e-05_ST-303p391516497_M-TI64_XI-0p0002_XF-0p0014_XL-0p0012_TE-0p0021_DT-1p06081639712e-05_H-0e4c2fc094/gif_files/animation_ss_side.gif,Bounding-box monitors cannot identify connected components; flags select cases for visual review and are not exclusions.,False,False,,,,,,,not_selected,,,,,
P-143p707582907_VX-0p952433280409_LS-8p80948922839e-05_ST-329p530804101_M-TI64_XI-0p0002_XF-0p0014_XL-0p0012_TE-0p0021_DT-5p06504833697e-06_H-1605f46060,new-data,,False,34.96528,34.780725,34.9027,0.0625799999999969,1.0017929844969014,135.93884,62.28648,0.062692204969813,False,58423.0,58423.0,0.001061642,P-143p707582907_VX-0p952433280409_LS-8p80948922839e-05_ST-329p530804101_M-TI64_XI-0p0002_XF-0p0014_XL-0p0012_TE-0p0021_DT-5p06504833697e-06_H-1605f46060/gif_files/animation_ss_side.gif,Bounding-box monitors cannot identify connected components; flags select cases for visual review and are not exclusions.,False,False,,,,,,,not_selected,,,,,
P-122p399838052_VX-0p958262341264_LS-8p77032416896e-05_ST-376p830559352_M-TI64_XI-0p0002_XF-0p0014_XL-0p0012_TE-0p0021_DT-5p03423790676e-06_H-79d0c72bd8,old-data-local,sim_00018,False,30.79184,30.58443,30.731635,0.0602050000000033,1.001959056197303,128.11297,57.871300000000005,0.060322944978362,False,56542.0,56542.0,0.001027482,P-122p399838052_VX-0p958262341264_LS-8p77032416896e-05_ST-376p830559352_M-TI64_XI-0p0002_XF-0p0014_XL-0p0012_TE-0p0021_DT-5p03423790676e-06_H-79d0c72bd8/gif_files/animation_ss_side.gif,Bounding-box monitors cannot identify connected components; flags select cases for visual review and are not exclusions.,False,False,,,,,,,not_selected,,,,,
P-212p474685749_VX-0p445530901525_LS-8p01654967217e-05_ST-390p176194232_M-TI64_XI-0p0002_XF-0p0014_XL-0p0012_TE-0p0021_DT-1p08278024858e-05_H-4e23685f04,new-data,,False,78.89913,78.665605,78.83944,0.0596900000000033,1.0007571083711402,218.0876,109.77964,0.0597351917986767,False,105972.0,105972.0,0.001925169,P-212p474685749_VX-0p445530901525_LS-8p01654967217e-05_ST-390p176194232_M-TI64_XI-0p0002_XF-0p0014_XL-0p0012_TE-0p0021_DT-1p08278024858e-05_H-4e23685f04/gif_files/animation_ss_side.gif,Bounding-box monitors cannot identify connected components; flags select cases for visual review and are not exclusions.,False,False,,,,,,,not_selected,,,,,
P-208p39901443_VX-0p201684842681_LS-6p50424237325e-05_ST-372p154003234_M-TI64_XI-0p0002_XF-0p0014_XL-0p0012_TE-0p00125_DT-3p19456481434e-05_H-bf889bf790,old-data-local,sim_00101,False,54.37234,50.290025,,,,177.36217,67.1173,,False,68795.0,68795.0,0.001250006,P-208p39901443_VX-0p201684842681_LS-6p50424237325e-05_ST-372p154003234_M-TI64_XI-0p0002_XF-0p0014_XL-0p0012_TE-0p00125_DT-3p19456481434e-05_H-bf889bf790/gif_files/animation_ss_side.gif,Bounding-box monitors cannot identify connected components; flags select cases for visual review and are not exclusions.,False,False,,,,,,,not_selected,,,,,
