experiment_name,population_row_index,has_keyhole,active_sample_count,active_duration_ms,first_active_time_s,last_active_time_s,median_dt_us,dt_cv,dt_p99_p01_ratio,sampling_effectively_uniform,derivative_method,duplicate_timestamp_count,nonpositive_dt_count_raw,missing_width_count,invalid_or_sentinel_row_count,obvious_jump_count,largest_jump_um,jump_threshold_um,oscillation_mad_delta_um,nonmonotonic_fraction,monotonic_nondecreasing,significant_negative_step_fraction,quality_flag,bounds_known_sentinel_rows_excluded,cooling_rows_in_primary
P-102p928146519_VX-0p633805217924_LS-5p29394366699e-05_ST-318p223787128_M-TI64_XI-0p0002_XF-0p0014_XL-0p0012_TE-0p0021_DT-7p61136145079e-06_H-6c9c68731f,0,0,79440,1.4430115000000001,0.0002780125,0.001721024,0.018099999999992254,0.01441089856303677,1.0555555555629175,True,centered_finite_difference,0,0,0,15292,194,6.833500000000129,5.0,0.009488654198329461,0.9645765933609436,False,0.003650599831317111,ok,0,0
P-109p741517589_VX-0p915030812968_LS-7p99759662409e-05_ST-303p804431165_M-TI64_XI-0p0002_XF-0p0014_XL-0p0012_TE-0p0021_DT-5p27208541466e-06_H-0e4c2fc094,1,0,54832,0.9962036,0.0001958874,0.001192091,0.018199999999972145,0.009165324173175565,1.0555555555629175,True,centered_finite_difference,0,0,0,36574,92,6.218899999999991,5.0,0.011267776860879677,0.9357845014681476,False,0.0036658094873338073,ok,0,0
P-111p098510779_VX-0p492021331775_LS-4p80108469254e-05_ST-345p911753718_M-TI64_XI-0p0002_XF-0p0014_XL-0p0012_TE-0p0021_DT-9p80469807196e-06_H-0602c4a780,2,0,96075,1.7449926,0.0003550104,0.002100003,0.018000000000066574,0.016136480217840657,1.05555555558768,True,centered_finite_difference,0,0,0,19525,134,7.449900000000042,5.0,0.013195159744590096,0.9069467285633991,False,0.003341174511314195,ok,0,0
P-113p729503671_VX-0p646987288946_LS-8p28088886776e-05_ST-328p878079062_M-TI64_XI-0p0002_XF-0p0014_XL-0p0012_TE-0p0021_DT-7p45628343159e-06_H-0e4c2fc094,3,0,77950,1.4159652,0.0002699908,0.001685956,0.018099999999992254,0.014196654353870748,1.0555555555629175,True,centered_finite_difference,0,0,0,14851,129,7.448800000000119,5.0,0.009933434863980184,0.9560995009557531,False,0.0029378183171047735,ok,0,0
P-115p973342836_VX-0p629021136955_LS-5p81694798744e-05_ST-308p264473639_M-TI64_XI-0p0002_XF-0p0014_XL-0p0012_TE-0p0021_DT-7p66925039494e-06_H-27614c4053,4,0,80286,1.4583792,0.0002757388,0.001734118,0.018099999999992254,0.014462627800329848,1.0555555555629175,True,centered_finite_difference,0,0,0,15167,203,7.528100000000052,5.0,0.009488654198329461,0.9631188889580868,False,0.003524942392725914,ok,0,0
P-117p204089079_VX-0p299188895548_LS-6p61946140465e-05_ST-399p004242061_M-TI64_XI-0p0002_XF-0p0014_XL-0p0012_TE-0p0021_DT-1p61239961603e-05_H-0e4c2fc094,5,0,84696,1.5381278,0.0005618752,0.002100003,0.018000000000066574,0.01716544025152302,1.05555555558768,True,centered_finite_difference,0,0,0,30904,1,5.206000000000005,5.0,0.009785174642040427,0.6551626424228113,False,0.002444063994332605,ok,0,0
P-118p239150472_VX-0p728951155133_LS-5p59862781201e-05_ST-395p421202378_M-TI64_XI-0p0002_XF-0p0014_XL-0p0012_TE-0p0021_DT-6p61789280262e-06_H-44aa3a8888,6,0,69233,1.2577026999999998,0.0002386903,0.001496393,0.018100000000100674,0.012858169902963332,1.0555555555629175,True,centered_finite_difference,0,0,0,16308,204,7.05660000000006,5.0,0.009043873532889431,0.964005084354056,False,0.0034810492257915417,ok,0,0
P-119p523515535_VX-0p859779155666_LS-6p70931710444e-05_ST-392p874711106_M-TI64_XI-0p0002_XF-0p0014_XL-0p0012_TE-0p0021_DT-5p61088341259e-06_H-2934a8b202,7,0,58659,1.065699,0.000202994,0.001268693,0.018199999999917935,0.010387054315230772,1.0555555555629175,True,centered_finite_difference,0,0,0,29528,198,8.633299999999991,5.0,0.009488654198413738,0.9622728357598281,False,0.0039039858160864675,ok,0,0
P-120p079917874_VX-0p610410046914_LS-8p29242579558e-05_ST-398p6729924_M-TI64_XI-0p0002_XF-0p0014_XL-0p0012_TE-0p0021_DT-7p90308191584e-06_H-a88ac79600,8,0,82865,1.5052062,0.0002817778,0.001786984,0.018099999999992254,0.01473129895537772,1.055555555574964,True,centered_finite_difference,0,0,0,15499,84,46.24279999999999,5.0,0.009933434863895908,0.9404445838965051,False,0.003246283066229002,ok,0,0
P-120p906267006_VX-0p64748664338_LS-6p03748750968e-05_ST-359p518818343_M-TI64_XI-0p0002_XF-0p0014_XL-0p0012_TE-0p0021_DT-7p45053299916e-06_H-c5f6eebf67,9,0,78070,1.4181495,0.0002665165,0.001684666,0.018099999999992254,0.014172437633140411,1.0555555555629175,True,centered_finite_difference,0,0,0,14660,191,7.751800000000003,5.0,0.009043873532889431,0.9572685701110556,False,0.0036506167620950695,ok,0,0
P-122p181848607_VX-0p882188233955_LS-4p98408399334e-05_ST-370p38962934_M-TI64_XI-0p0002_XF-0p0014_XL-0p0012_TE-0p0021_DT-5p46835745177e-06_H-2afbe2208b,10,0,57106,1.037499,0.000198959,0.001236458,0.018199999999972145,0.009906904821070265,1.0555555555629175,True,centered_finite_difference,0,0,0,32502,26,6.716599999999801,5.0,0.011267776860890212,0.9618247088696261,False,0.003957621924524998,ok,0,0
P-124p08408212_VX-0p537482635976_LS-5p36452858207e-05_ST-384p350705088_M-TI64_XI-0p0002_XF-0p0014_XL-0p0012_TE-0p0021_DT-8p97539805031e-06_H-1d842653b1,11,0,94121,1.7095633,0.0003198857,0.002029449,0.018000000000066574,0.015779876686438637,1.055555555574964,True,centered_finite_difference,0,0,0,17594,165,7.807400000000143,5.0,0.010229955307396182,0.9419995750106247,False,0.0035061623459413513,ok,0,0
P-126p384227376_VX-0p205870034079_LS-4p55514058242e-05_ST-348p956388187_M-TI64_XI-0p0002_XF-0p0014_XL-0p0012_TE-0p0021_DT-2p34328450209e-05_H-1d842653b1,12,0,69886,1.2691665,0.0008308365,0.002100003,0.018000000000066574,0.018856389406333565,1.05555555558768,True,centered_finite_difference,0,0,0,45714,2,5.3528,5.0,0.006968230426912684,0.4525148458181298,False,0.0017027974529584316,ok,0,0
P-129p716882801_VX-0p574107735504_LS-5p55330779174e-05_ST-369p509713723_M-TI64_XI-0p0002_XF-0p0014_XL-0p0012_TE-0p0021_DT-8p40281414912e-06_H-0e4c2fc094,13,0,88191,1.601904,0.000298076,0.00189998,0.018099999999992254,0.015255053847991364,1.055555555574964,True,centered_finite_difference,0,0,0,16395,175,7.845300000000037,5.0,0.009636914420311359,0.9508220886721851,False,0.0036285293117133462,ok,0,0
P-131p192514944_VX-0p432823544687_LS-6p72236683266e-05_ST-324p578264519_M-TI64_XI-0p0002_XF-0p0014_XL-0p0012_TE-0p0021_DT-1p11456982002e-05_H-dfd65b549a,14,0,94299,1.7126874,0.0003873156,0.002100003,0.018000000000066574,0.01628529683650429,1.05555555558768,True,centered_finite_difference,0,0,0,21301,26,7.414299999999987,5.0,0.008747353089125795,0.9185242529003796,False,0.002937496023245456,ok,0,0
P-132p334528879_VX-0p441351904611_LS-8p05471929698e-05_ST-380p80221881_M-TI64_XI-0p0002_XF-0p0014_XL-0p0012_TE-0p0021_DT-1p09303269174e-05_H-2934a8b202,15,0,94901,1.7236376999999998,0.0003763653,0.002100003,0.018000000000066574,0.016234386550342046,1.05555555558768,True,centered_finite_difference,0,0,0,20699,146,7.928100000000057,5.0,0.009192133754618498,0.9533403582718651,False,0.0026870389884088514,ok,0,0
P-132p644034819_VX-0p797235702485_LS-4p6520297442e-05_ST-303p62522115_M-TI64_XI-0p0002_XF-0p0014_XL-0p0012_TE-0p0021_DT-6p0510594144e-06_H-0e4c2fc094,16,0,63245,1.1489713000000001,0.0002192427,0.001368214,0.018199999999917935,0.011637291993160406,1.0555555555629175,True,centered_finite_difference,0,0,0,25272,28,5.627199999999974,5.0,0.01200907796995693,0.9388400480678009,False,0.00433242679147429,ok,0,0
P-140p236446589_VX-0p550532928497_LS-7p91865165046e-05_ST-370p758962256_M-TI64_XI-0p0002_XF-0p0014_XL-0p0012_TE-0p0021_DT-8p76263771576e-06_H-a88ac79600,17,0,92460,1.6794269000000002,0.0003019141,0.001981341,0.018099999999992254,0.015549895637659213,1.055555555574964,True,centered_finite_difference,0,0,0,16606,75,7.202899999999943,5.0,0.008450832645467502,0.9589115175375031,False,0.0031473409835710963,ok,0,0
P-143p707582907_VX-0p952433280409_LS-8p80948922839e-05_ST-329p530804101_M-TI64_XI-0p0002_XF-0p0014_XL-0p0012_TE-0p0021_DT-5p06504833697e-06_H-1605f46060,18,0,53117,0.9650709000000001,0.0001802021,0.001145273,0.018199999999972145,0.008183835352458799,1.0555555555629175,True,centered_finite_difference,0,0,0,31372,61,6.429000000000087,5.0,0.010822996195070938,0.9422584531967768,False,0.0032758490850214625,ok,0,0
P-144p087720513_VX-0p415546267467_LS-5p02923295381e-05_ST-327p07537462_M-TI64_XI-0p0002_XF-0p0014_XL-0p0012_TE-0p0021_DT-1p16091058462e-05_H-0602c4a780,19,0,93152,1.6918236,0.0004081794,0.002100003,0.018000000000066574,0.016383657059435272,1.05555555558768,True,centered_finite_difference,0,0,0,22448,2,5.548400000000023,5.0,0.020311650393568952,0.7746347328531095,False,0.0035104293029597105,ok,0,0
P-148p299467422_VX-0p674162518859_LS-5p7557139752e-05_ST-331p520012414_M-TI64_XI-0p0002_XF-0p0014_XL-0p0012_TE-0p0021_DT-7p15572353559e-06_H-e73b90164d,20,0,75253,1.3670156,0.0002509824,0.001617998,0.018099999999992254,0.013728558756473361,1.0555555555629175,True,centered_finite_difference,0,0,0,13806,179,7.88799999999992,5.0,0.009933434863938046,0.9461143889863393,False,0.003534789773029288,ok,0,0
P-150p071418192_VX-0p423845414489_LS-8p67749479825e-05_ST-322p128190627_M-TI64_XI-0p0002_XF-0p0014_XL-0p0012_TE-0p0021_DT-1p1381792602e-05_H-2afbe2208b,21,0,94581,1.7178168999999999,0.0003821861,0.002100003,0.018000000000066574,0.016261389574912626,1.05555555558768,True,centered_finite_difference,0,0,0,21019,119,8.148999999999994,5.0,0.009043873532720879,0.9459928103193064,False,0.0028758722774370905,ok,0,0
P-155p252053768_VX-0p916931554055_LS-7p35634948929e-05_ST-366p816583574_M-TI64_XI-0p0002_XF-0p0014_XL-0p0012_TE-0p0021_DT-5p26115671522e-06_H-1d842653b1,22,0,55370,1.0059840000000002,0.000183619,0.001189603,0.018199999999972145,0.009068919044581413,1.0555555555629175,True,centered_finite_difference,0,0,0,26157,96,7.706800000000012,5.0,0.009785174642208978,0.9568169914573137,False,0.00372049341689393,ok,0,0
P-155p610380822_VX-0p863747905944_LS-4p82199969556e-05_ST-303p817651114_M-TI64_XI-0p0002_XF-0p0014_XL-0p0012_TE-0p0021_DT-5p58510251639e-06_H-44aa3a8888,23,0,58523,1.0632325,0.0001996315,0.001262864,0.018199999999917935,0.010292561565404678,1.0555555555629175,True,centered_finite_difference,0,0,0,27497,179,5.814199999999971,5.0,0.012750379079150064,0.9302997163459895,False,0.004442773657769727,ok,0,0
P-157p183722649_VX-0p714259673467_LS-7p38607203139e-05_ST-347p368293375_M-TI64_XI-0p0002_XF-0p0014_XL-0p0012_TE-0p0021_DT-6p75401507634e-06_H-add9572a86,24,0,71281,1.2949017,0.0002322563,0.001527158,0.018100000000019358,0.013051820502745528,1.0555555555629175,True,centered_finite_difference,0,0,0,12776,85,7.46570000000014,5.0,0.010081695085919943,0.9586560044893379,False,0.003605499438832772,ok,0,0
P-160p605564338_VX-0p585171267024_LS-4p89218084001e-05_ST-323p833105745_M-TI64_XI-0p0002_XF-0p0014_XL-0p0012_TE-0p0021_DT-8p24394647322e-06_H-0602c4a780,25,0,86634,1.5736400000000001,0.000290418,0.001864058,0.018099999999992254,0.015085735708550596,1.055555555574964,True,centered_finite_difference,0,0,0,15974,152,7.366600000000062,5.0,0.013046899522776751,0.8949822815786133,False,0.003924601479805617,ok,0,0
P-162p142815649_VX-0p926926325143_LS-6p49234891537e-05_ST-377p454931887_M-TI64_XI-0p0002_XF-0p0014_XL-0p0012_TE-0p0021_DT-5p20442722594e-06_H-eed8ed7ef3,26,0,54788,0.9954156999999999,0.0001813653,0.001176781,0.018199999999972145,0.008822895364396498,1.0555555555629175,True,centered_finite_difference,0,0,0,27871,172,7.117199999999997,5.0,0.010526475751359973,0.9534378593461953,False,0.003833026082829868,ok,0,0
P-163p562272254_VX-0p729793018519_LS-5p10150522361e-05_ST-318p261957537_M-TI64_XI-0p0002_XF-0p0014_XL-0p0012_TE-0p0021_DT-6p6102586358e-06_H-eed8ed7ef3,27,0,69464,1.2619027999999999,0.0002327652,0.001494668,0.018100000000100674,0.012816320201060874,1.0555555555629175,True,centered_finite_difference,0,0,0,12804,179,6.737500000000011,5.0,0.012305598413625756,0.918345018211134,False,0.004333242157695464,ok,0,0
P-164p187091551_VX-0p507792014735_LS-6p92164167976e-05_ST-301p020288893_M-TI64_XI-0p0002_XF-0p0014_XL-0p0012_TE-0p0021_DT-9p50018996564e-06_H-c15424829d,28,0,97898,1.7781528000000002,0.0003218502,0.002100003,0.018000000000066574,0.015987945402816398,1.05555555558768,True,centered_finite_difference,0,0,0,17702,73,6.256800000000055,5.0,0.008747353089094191,0.9174949181282368,False,0.0031461638252449,ok,0,0
P-164p607131174_VX-0p867199563125_LS-5p32762751968e-05_ST-314p058214573_M-TI64_XI-0p0002_XF-0p0014_XL-0p0012_TE-0p0021_DT-5p56287250149e-06_H-0e4c2fc094,29,0,58445,1.0618184000000002,0.0001960146,0.001257833,0.018199999999917935,0.010205054053733158,1.0555555555629175,True,centered_finite_difference,0,0,0,25115,191,6.279100000000028,5.0,0.012009077969914793,0.94302238039833,False,0.004192047087810554,ok,0,0
P-166p111836501_VX-0p454755470987_LS-7p13150844087e-05_ST-303p391516497_M-TI64_XI-0p0002_XF-0p0014_XL-0p0012_TE-0p0021_DT-1p06081639712e-05_H-0e4c2fc094,30,0,96009,1.7437921,0.0003562109,0.002100003,0.018000000000066574,0.016141935664130903,1.05555555558768,True,centered_finite_difference,0,0,0,19591,118,8.177900000000008,5.0,0.009340393976558257,0.9000395800349971,False,0.003103908007666028,ok,0,0
P-167p350234557_VX-0p509305540745_LS-7p79284260895e-05_ST-367p465417979_M-TI64_XI-0p0002_XF-0p0014_XL-0p0012_TE-0p0021_DT-9p47195782704e-06_H-0c5439e4b5,31,0,98210,1.7838281,0.0003161749,0.002100003,0.018000000000066574,0.015962936987890728,1.05555555558768,True,centered_finite_difference,0,0,0,17390,149,7.656599999999855,5.0,0.009340393976516119,0.9426325489517254,False,0.003268539543219053,ok,0,0
P-168p279672268_VX-0p662944494492_LS-8p51138696034e-05_ST-361p222757169_M-TI64_XI-0p0002_XF-0p0014_XL-0p0012_TE-0p0021_DT-7p27680920966e-06_H-1d842653b1,32,0,77102,1.4006044,0.0002447796,0.001645384,0.018099999999992254,0.0138549635198221,1.0555555555629175,True,centered_finite_difference,0,0,0,13465,88,6.8127000000000635,5.0,0.010526475751359973,0.954734698642041,False,0.003203590096107703,ok,0,0
P-172p471893954_VX-0p300060565388_LS-5p45268436948e-05_ST-394p546009672_M-TI64_XI-0p0002_XF-0p0014_XL-0p0012_TE-0p0021_DT-1p60771562794e-05_H-0e4c2fc094,33,0,85493,1.5526019000000002,0.0005474011,0.002100003,0.018000000000066574,0.017087213620463348,1.05555555558768,True,centered_finite_difference,0,0,0,30107,1,5.120500000000013,5.0,0.007116490648726027,0.4824661956674309,False,0.0026201281991297433,ok,0,0
P-173p043282634_VX-0p866796851528_LS-6p96390683614e-05_ST-349p021338305_M-TI64_XI-0p0002_XF-0p0014_XL-0p0012_TE-0p0021_DT-5p56545699781e-06_H-27614c4053,34,0,58744,1.0672522,0.0001911618,0.001258414,0.018199999999917935,0.010191019497127154,1.0555555555629175,True,centered_finite_difference,0,0,0,19500,49,6.866199999999935,5.0,0.009636914420142806,0.9460361234530071,False,0.0037791736887799396,ok,0,0
P-173p906668607_VX-0p677544388934_LS-8p62016404031e-05_ST-334p396108383_M-TI64_XI-0p0002_XF-0p0014_XL-0p0012_TE-0p0021_DT-7p12000672104e-06_H-89021150a8,35,0,75500,1.3715165,0.0002383995,0.001609916,0.018099999999992254,0.013619004605909485,1.0555555555629175,True,centered_finite_difference,0,0,0,13114,89,6.751100000000122,5.0,0.00978517464237753,0.9538801838434946,False,0.003258321302268904,ok,0,0
P-177p821134596_VX-0p63969291749_LS-8p76195222961e-05_ST-320p228793407_M-TI64_XI-0p0002_XF-0p0014_XL-0p0012_TE-0p0021_DT-7p5413068851e-06_H-0e4c2fc094,36,0,80079,1.4546604,0.0002505276,0.001705188,0.018099999999992254,0.014200122593315895,1.0555555555629175,True,centered_finite_difference,0,0,0,13781,102,6.754499999999837,5.0,0.01022995530764901,0.9497240190813956,False,0.003234346512150653,ok,0,0
P-185p872045369_VX-0p416268682161_LS-7p15564692144e-05_ST-371p982346013_M-TI64_XI-0p0002_XF-0p0014_XL-0p0012_TE-0p0021_DT-1p15889587897e-05_H-bc28d74e69,37,0,94618,1.71849,0.000381513,0.002100003,0.018000000000066574,0.016258257964917783,1.05555555558768,True,centered_finite_difference,0,0,0,20982,102,7.961400000000015,5.0,0.011564297304390484,0.8470253759895157,False,0.0028958855174017356,ok,0,0
P-187p255870651_VX-0p828194463092_LS-4p64611349328e-05_ST-375p783913497_M-TI64_XI-0p0002_XF-0p0014_XL-0p0012_TE-0p0021_DT-5p82486459159e-06_H-bc28d74e69,38,0,61166,1.1112265,0.0002058475,0.001317074,0.018199999999917935,0.011013237351193564,1.0555555555629175,True,centered_finite_difference,0,0,0,20755,162,5.956600000000037,5.0,0.013491680188553888,0.8956919807079212,False,0.004708575165535846,ok,0,0
P-198p376734591_VX-0p636800402216_LS-8p40585875992e-05_ST-361p411435367_M-TI64_XI-0p0002_XF-0p0014_XL-0p0012_TE-0p0021_DT-7p5755614887e-06_H-1605f46060,39,0,80694,1.4658343,0.0002470897,0.001712924,0.018099999999992254,0.014221933252118046,1.0555555555629175,True,centered_finite_difference,0,0,0,13592,129,6.472899999999925,5.0,0.009340393976600395,0.9360911107531013,False,0.0034079783872207007,ok,0,0
P-199p601335125_VX-0p449852506485_LS-5p7030843283e-05_ST-364p706449651_M-TI64_XI-0p0002_XF-0p0014_XL-0p0012_TE-0p0021_DT-1p07237828699e-05_H-1d842653b1,40,0,95737,1.7388445,0.0003611585,0.002100003,0.018000000000066574,0.016164481049475286,1.05555555558768,True,centered_finite_difference,0,0,0,19863,6,5.626799999999946,5.0,0.018532527731387444,0.7999603075123256,False,0.0032067351884348624,ok,0,0
P-203p030488295_VX-0p654564663741_LS-6p39602473907e-05_ST-333p568221635_M-TI64_XI-0p0002_XF-0p0014_XL-0p0012_TE-0p0021_DT-7p36996796534e-06_H-0e4c2fc094,41,0,78145,1.4195432,0.0002469078,0.001666451,0.018099999999992254,0.013981305973439705,1.0555555555629175,True,centered_finite_difference,0,0,0,13582,33,5.587000000000046,5.0,0.011564297304390484,0.9016943079443079,False,0.0034935503685503684,ok,0,0
P-203p317554156_VX-0p724937635215_LS-5p40301996917e-05_ST-325p306920736_M-TI64_XI-0p0002_XF-0p0014_XL-0p0012_TE-0p0021_DT-6p65453187788e-06_H-dfd65b549a,42,0,70256,1.2762901,0.0002283849,0.001504675,0.018100000000100674,0.012870341580395796,1.0555555555629175,True,centered_finite_difference,0,0,0,12563,157,7.993999999999992,5.0,0.013343419966487717,0.8945128460607786,False,0.004284392569923849,ok,0,0
P-204p071587815_VX-0p957219619336_LS-8p8582220221e-05_ST-334p090301355_M-TI64_XI-0p0002_XF-0p0014_XL-0p0012_TE-0p0021_DT-5p03972182096e-06_H-676863bc48,43,0,53518,0.9723636,0.0001671704,0.001139534,0.018199999999972145,0.008007961527011892,1.0555555555629175,True,centered_finite_difference,0,0,0,18559,93,7.355399999999989,5.0,0.010378215529630907,0.9453631556327896,False,0.0036623876525216288,ok,0,0
P-207p432942583_VX-0p674802143379_LS-5p74396795379e-05_ST-382p34582068_M-TI64_XI-0p0002_XF-0p0014_XL-0p0012_TE-0p0021_DT-7p14894084192e-06_H-676863bc48,44,0,75648,1.3742011,0.0002422709,0.001616472,0.018099999999992254,0.013676602244714802,1.0555555555629175,True,centered_finite_difference,0,0,0,13327,109,7.7450000000000045,5.0,0.01260211885712603,0.8909540365116925,False,0.0041112007085542055,ok,0,0
P-208p096600196_VX-0p256636148953_LS-4p52492384214e-05_ST-395p602757306_M-TI64_XI-0p0002_XF-0p0014_XL-0p0012_TE-0p0021_DT-1p87975101041e-05_H-1980b1708d,45,1,80031,1.4534077,0.0006465953,0.002100003,0.018000000000066574,0.01764671556529603,1.05555555558768,True,centered_finite_difference,0,0,0,35569,0,4.011800000000001,5.0,0.00622692931771955,0.3917905785330501,False,0.002461576908659253,ok,0,0
P-209p47686991_VX-0p866693950214_LS-6p90699464413e-05_ST-369p570871734_M-TI64_XI-0p0002_XF-0p0014_XL-0p0012_TE-0p0021_DT-5p56611777644e-06_H-b021dd2b47,46,0,59023,1.0723236999999999,0.0001862363,0.00125856,0.018199999999917935,0.01017210765044297,1.0555555555629175,True,centered_finite_difference,0,0,0,12402,27,6.145300000000134,5.0,0.011712557526456658,0.9346514858866185,False,0.004049337535156382,ok,0,0
P-210p211145159_VX-0p921242046338_LS-8p23126060485e-05_ST-311p238003519_M-TI64_XI-0p0002_XF-0p0014_XL-0p0012_TE-0p0021_DT-5p23653975868e-06_H-0e4c2fc094,47,0,55634,1.0107869,0.0001732591,0.001184046,0.018199999999972145,0.008925857267912266,1.0555555555629175,True,centered_finite_difference,0,0,0,15536,75,8.757300000000022,5.0,0.009488654198645498,0.944673125662826,False,0.0038646127298545825,ok,0,0
P-210p302841339_VX-0p779412575788_LS-5p86430912284e-05_ST-304p177226769_M-TI64_XI-0p0002_XF-0p0014_XL-0p0012_TE-0p0021_DT-6p18943131388e-06_H-c15424829d,48,0,65474,1.189459,0.000210046,0.001399505,0.018199999999917935,0.01190058284094802,1.0555555555629175,True,centered_finite_difference,0,0,0,11554,17,7.1211999999999875,5.0,0.013491680188722441,0.9000351289844669,False,0.0041391107784888425,ok,0,0
P-210p331349445_VX-0p877062157481_LS-5p88084341536e-05_ST-346p930868597_M-TI64_XI-0p0002_XF-0p0014_XL-0p0012_TE-0p0021_DT-5p50031780743e-06_H-0e4c2fc094,49,0,58146,1.0563954999999998,0.0001872905,0.001243686,0.018199999999972145,0.009962653315675982,1.0555555555629175,True,centered_finite_difference,0,0,0,17821,88,6.523199999999861,5.0,0.013491680188427474,0.893627998968097,False,0.004333992604695159,ok,0,0
P-211p964201781_VX-0p31026524833_LS-8p22948660567e-05_ST-308p041416816_M-TI64_XI-0p0002_XF-0p0014_XL-0p0012_TE-0p0021_DT-1p5548375556e-05_H-22f5435fc5,50,0,88812,1.6128794,0.0004871236,0.002100003,0.018000000000066574,0.01677287959903381,1.05555555558768,True,centered_finite_difference,0,0,0,26788,2,6.209100000000002,5.0,0.01171255752616169,0.6512368963304095,False,0.002488430487214422,ok,0,0
P-212p474685749_VX-0p445530901525_LS-8p01654967217e-05_ST-390p176194232_M-TI64_XI-0p0002_XF-0p0014_XL-0p0012_TE-0p0021_DT-1p08278024858e-05_H-4e23685f04,51,0,96627,1.7550335,0.0003449695,0.002100003,0.018000000000066574,0.016091059223316006,1.05555555558768,True,centered_finite_difference,0,0,0,18973,84,7.307799999999986,5.0,0.009785174642040427,0.8570881543269927,False,0.002939167511849813,ok,0,0
P-212p944274192_VX-0p351323873231_LS-4p80439392259e-05_ST-351p894554175_M-TI64_XI-0p0002_XF-0p0014_XL-0p0012_TE-0p0021_DT-1p37312632889e-05_H-7c2e16b959,52,1,89777,1.6304327,0.0004695703,0.002100003,0.018000000000066574,0.0166839063340689,1.05555555558768,True,centered_finite_difference,0,0,0,25823,0,4.8704000000000285,5.0,0.00800605198002747,0.5023168775619319,False,0.003308233826412404,ok,0,0
P-213p315910834_VX-0p426447159191_LS-8p60684535809e-05_ST-346p722503996_M-TI64_XI-0p0002_XF-0p0014_XL-0p0012_TE-0p0021_DT-1p13123525366e-05_H-6aeda8a35c,53,0,96000,1.7436284,0.0003563746,0.002100003,0.018000000000066574,0.016142679866212144,1.05555555558768,True,centered_finite_difference,0,0,0,19600,18,6.2724999999999795,5.0,0.009785174642040427,0.8546130688861342,False,0.002947947374451817,ok,0,0
P-217p682945702_VX-0p631899079757_LS-7p17459883069e-05_ST-324p134516573_M-TI64_XI-0p0002_XF-0p0014_XL-0p0012_TE-0p0021_DT-7p63432129838e-06_H-7c2e16b959,54,0,81253,1.4759814,0.0002502366,0.001726218,0.018099999999992254,0.01430231877182131,1.0555555555629175,True,centered_finite_difference,0,0,0,13765,159,7.2549000000000206,5.0,0.010526475751612802,0.8976148279426968,False,0.0032614581794909664,ok,0,0
P-222p079289377_VX-0p741891960581_LS-8p7279944479e-05_ST-335p366959171_M-TI64_XI-0p0002_XF-0p0014_XL-0p0012_TE-0p0021_DT-6p50245704137e-06_H-0f2c16c7e5,55,0,69424,1.2611953,0.0002090827,0.001470278,0.018199999999917935,0.012511771018631919,1.0555555555629175,True,centered_finite_difference,0,0,0,11501,154,6.257500000000022,5.0,0.009636914420395635,0.9498149028419977,False,0.003370640853895683,ok,0,0
P-225p007853492_VX-0p825221323097_LS-8p70957490335e-05_ST-338p940755161_M-TI64_XI-0p0002_XF-0p0014_XL-0p0012_TE-0p0021_DT-5p84585064393e-06_H-c2c7cd9590,56,0,62366,1.1330331999999999,0.0001887808,0.001321814,0.018199999999917935,0.01098891777126104,1.0555555555629175,True,centered_finite_difference,0,0,0,10384,164,8.8016,5.0,0.009043873532973708,0.9440391245089393,False,0.0033672733103503566,ok,0,0
P-227p095146149_VX-0p485569900572_LS-4p61845747353e-05_ST-309p475761642_M-TI64_XI-0p0002_XF-0p0014_XL-0p0012_TE-0p0021_DT-9p93496630935e-06_H-c5f6eebf67,57,1,96763,1.7575073,0.0003424957,0.002100003,0.018000000000066574,0.016079929697538766,1.05555555558768,True,centered_finite_difference,0,0,0,18837,0,4.113500000000014,5.0,0.0203116503934004,0.7576734668568239,False,0.004226865918439056,ok,0,0
P-230p324353521_VX-0p227660683076_LS-8p68191306555e-05_ST-386p564919231_M-TI64_XI-0p0002_XF-0p0014_XL-0p0012_TE-0p0021_DT-2p11899592755e-05_H-0602c4a780,58,0,80313,1.458529,0.000641474,0.002100003,0.018000000000066574,0.01761642856473197,1.05555555558768,True,centered_finite_difference,0,0,0,35287,2,5.8176999999999985,5.0,0.00756127131437675,0.4922427532622771,False,0.0012824982567984859,ok,0,0
P-231p081894821_VX-0p850370876493_LS-5p5190986405e-05_ST-302p777484886_M-TI64_XI-0p0002_XF-0p0014_XL-0p0012_TE-0p0021_DT-5p67296074733e-06_H-179e4a5e71,59,0,59987,1.0898253999999998,0.0001929066,0.001282732,0.018199999999917935,0.010528520048455966,1.0555555555629175,True,centered_finite_difference,0,0,0,15461,97,6.4722999999999615,5.0,0.01319515974471651,0.8669356183109392,False,0.0047677791484679755,ok,0,0
P-233p106311211_VX-0p310101846937_LS-6p6327379673e-05_ST-336p786172861_M-TI64_XI-0p0002_XF-0p0014_XL-0p0012_TE-0p0021_DT-1p55565684328e-05_H-add9572a86,60,0,88125,1.6004011,0.0004996019,0.002100003,0.018000000000066574,0.0168365186118603,1.05555555558768,True,centered_finite_difference,0,0,0,27475,0,4.94610000000001,5.0,0.008302572423906987,0.5418047296990605,False,0.0024851345830874676,ok,0,0
P-233p11801175_VX-0p947725383123_LS-6p63357513021e-05_ST-310p062780041_M-TI64_XI-0p0002_XF-0p0014_XL-0p0012_TE-0p0021_DT-5p09020934642e-06_H-1d842653b1,61,0,54021,0.9814965000000001,0.0001694605,0.001150957,0.018199999999972145,0.008262846195281556,1.0555555555629175,True,centered_finite_difference,0,0,0,22592,17,46.50059999999999,5.0,0.010526475751570664,0.8454091077378748,False,0.004350240651610515,ok,0,0
P-233p918914285_VX-0p55009860706_LS-6p76633993968e-05_ST-363p156889773_M-TI64_XI-0p0002_XF-0p0014_XL-0p0012_TE-0p0021_DT-8p76955611431e-06_H-9f078c62f6,62,0,93469,1.6977782,0.0002851248,0.001982903,0.018099999999992254,0.015479320814172515,1.055555555574964,True,centered_finite_difference,0,0,0,15683,139,7.283600000000035,5.0,0.011564297304390484,0.8508473488252664,False,0.003241751187572217,ok,0,0
P-236p369825033_VX-0p606859942193_LS-6p45901770765e-05_ST-328p218563755_M-TI64_XI-0p0002_XF-0p0014_XL-0p0012_TE-0p0021_DT-7p94931460723e-06_H-0e4c2fc094,63,0,84600,1.5367491999999998,0.0002606958,0.001797445,0.018099999999992254,0.014676873836443139,1.0555555555629175,True,centered_finite_difference,0,0,0,14340,91,6.265899999999931,5.0,0.012305598413710032,0.8567595361647301,False,0.003877114386694878,ok,0,0
P-238p364831187_VX-0p683428278389_LS-5p30391716287e-05_ST-377p396343519_M-TI64_XI-0p0002_XF-0p0014_XL-0p0012_TE-0p0021_DT-7p05870792234e-06_H-1d842653b1,64,0,74702,1.3570243,0.0002390357,0.00159606,0.018099999999992254,0.013538685752030565,1.0555555555629175,True,centered_finite_difference,0,0,0,13149,116,7.485299999999938,5.0,0.013788200632180576,0.859399472563955,False,0.0038687567770177107,ok,0,0
P-240p986949999_VX-0p621810109213_LS-6p5255993688e-05_ST-389p31118835_M-TI64_XI-0p0002_XF-0p0014_XL-0p0012_TE-0p0021_DT-7p75818940789e-06_H-377b770359,65,0,82612,1.5006567,0.0002535653,0.001754222,0.018099999999992254,0.0144505983296769,1.0555555555629175,True,centered_finite_difference,0,0,0,13948,77,6.24939999999998,5.0,0.01275037907923434,0.8702715134788346,False,0.0038493663071503797,ok,0,0
P-241p526098173_VX-0p390351171714_LS-7p60309896784e-05_ST-322p459160533_M-TI64_XI-0p0002_XF-0p0014_XL-0p0012_TE-0p0021_DT-1p23584119956e-05_H-0e4c2fc094,66,0,94253,1.7118507,0.0003881523,0.002100003,0.018000000000066574,0.016289205835064362,1.05555555558768,True,centered_finite_difference,0,0,0,21347,24,8.053900000000056,5.0,0.016160364181668132,0.7735008275686458,False,0.0028116114246912534,ok,0,0
P-242p307622127_VX-0p748861384084_LS-6p09484851001e-05_ST-306p16946129_M-TI64_XI-0p0002_XF-0p0014_XL-0p0012_TE-0p0021_DT-6p44194066558e-06_H-1d842653b1,67,0,68399,1.2425766000000003,0.0002140264,0.001456603,0.018199999999917935,0.012424426970073621,1.0555555555629175,True,centered_finite_difference,0,0,0,11773,5,5.466600000000019,5.0,0.014826022185042535,0.8652445977952572,False,0.0041521681920523995,ok,0,0
P-243p042265843_VX-0p642372627708_LS-5p19118052277e-05_ST-314p809567363_M-TI64_XI-0p0002_XF-0p0014_XL-0p0012_TE-0p0021_DT-7p50984770355e-06_H-ac0fcec187,68,1,79469,1.443576,0.000254493,0.001698069,0.018099999999992254,0.01418319774738645,1.0555555555629175,True,centered_finite_difference,0,0,0,13999,105,7.591899999999896,5.0,0.013936460853825368,0.8461644938843308,False,0.004291035385312327,ok,0,0
P-250p363893775_VX-0p962117015407_LS-8p16921850603e-05_ST-395p976068127_M-TI64_XI-0p0002_XF-0p0014_XL-0p0012_TE-0p0021_DT-5p01406848207e-06_H-0f2c16c7e5,69,0,53512,0.9722585000000001,0.0001614815,0.00113374,0.018199999999972145,0.00785513525447651,1.0555555555629175,True,centered_finite_difference,0,0,0,12050,146,49.20740000000001,5.0,0.009636914420353497,0.9088037973500775,False,0.0037188615424865916,ok,0,0
P-250p760727959_VX-0p576945875618_LS-7p55521762294e-05_ST-375p926323236_M-TI64_XI-0p0002_XF-0p0014_XL-0p0012_TE-0p0021_DT-8p36147861851e-06_H-a88ac79600,70,0,89466,1.6251119,0.0002655161,0.001890628,0.018099999999992254,0.015071317832465257,1.055555555574964,True,centered_finite_difference,0,0,0,14605,117,7.200199999999995,5.0,0.011860817747890759,0.8594310624266472,False,0.00339797686246018,ok,0,0
P-251p6022239_VX-0p703685008905_LS-6p09329521029e-05_ST-391p344263507_M-TI64_XI-0p0002_XF-0p0014_XL-0p0012_TE-0p0021_DT-6p85551140349e-06_H-0e4c2fc094,71,0,72878,1.3239091,0.0002262039,0.001550113,0.018099999999992254,0.013180731359683846,1.0555555555629175,True,centered_finite_difference,0,0,0,12443,15,5.423699999999997,5.0,0.014381241519433952,0.8691493886960221,False,0.004267464357753475,ok,0,0
P-252p710023356_VX-0p579349155213_LS-8p35702038612e-05_ST-362p250166341_M-TI64_XI-0p0002_XF-0p0014_XL-0p0012_TE-0p0021_DT-8p32679319476e-06_H-1d842653b1,72,0,89357,1.6231411,0.0002596589,0.0018828,0.018099999999992254,0.01501489975602425,1.055555555574964,True,centered_finite_difference,0,0,0,14283,29,7.996699999999992,5.0,0.011267776860721659,0.8848538430547473,False,0.00351403375262993,ok,0,0
P-255p411547814_VX-0p885409904065_LS-6p83114026847e-05_ST-348p701073765_M-TI64_XI-0p0002_XF-0p0014_XL-0p0012_TE-0p0021_DT-5p44846017745e-06_H-89021150a8,73,0,58006,1.0538603,0.0001780937,0.001231954,0.018199999999972145,0.009745954314493365,1.0555555555629175,True,centered_finite_difference,0,0,0,9796,13,5.796400000000025,5.0,0.011267776860848074,0.8795103870356004,False,0.004516851995517628,ok,0,0
P-255p66284442_VX-0p61175678634_LS-8p38548151022e-05_ST-392p782565278_M-TI64_XI-0p0002_XF-0p0014_XL-0p0012_TE-0p0021_DT-7p88568383831e-06_H-1d842653b1,74,0,84625,1.5372264000000002,0.0002458346,0.001783061,0.018099999999992254,0.0145444648322523,1.0555555555629175,True,centered_finite_difference,0,0,0,13523,53,7.854700000000005,5.0,0.01186081774810145,0.8949588769143505,False,0.003592361505010399,ok,0,0
P-256p84590034_VX-0p686841697171_LS-8p87652204691e-05_ST-323p817390946_M-TI64_XI-0p0002_XF-0p0014_XL-0p0012_TE-0p0021_DT-7p0236280396e-06_H-27614c4053,75,0,75391,1.3695528000000001,0.0002185702,0.001588123,0.018099999999992254,0.013390859728545652,1.0555555555629175,True,centered_finite_difference,0,0,0,12023,127,8.321099999999994,5.0,0.009933434863769493,0.9222443294866693,False,0.0035017906884202148,ok,0,0
P-258p098094226_VX-0p965907163653_LS-4p72561688305e-05_ST-378p378118453_M-TI64_XI-0p0002_XF-0p0014_XL-0p0012_TE-0p0021_DT-4p99439364832e-06_H-985b11a49e,76,0,52650,0.9565952999999999,0.0001726957,0.001129291,0.018199999999972145,0.007794755416492745,1.0555555555629175,True,centered_finite_difference,0,0,0,28590,4,5.4850000000000065,5.0,0.012157338191712335,0.8284867708788392,False,0.005489183080400388,ok,0,0
P-260p125654688_VX-0p378472963537_LS-6p21275317791e-05_ST-359p026868384_M-TI64_XI-0p0002_XF-0p0014_XL-0p0012_TE-0p0021_DT-1p27462753427e-05_H-0602c4a780,77,0,93014,1.6893134,0.0004106896,0.002100003,0.018000000000066574,0.016395613183063807,1.05555555558768,True,centered_finite_difference,0,0,0,22586,1,5.334400000000015,5.0,0.011564297304221934,0.6241385612763807,False,0.002967327147818047,ok,0,0
P-261p886347681_VX-0p412060740992_LS-8p23359668267e-05_ST-378p690023731_M-TI64_XI-0p0002_XF-0p0014_XL-0p0012_TE-0p0021_DT-1p17073045867e-05_H-0e4c2fc094,78,0,95893,1.7416821,0.0003583209,0.002100003,0.018000000000066574,0.016151538695567236,1.05555555558768,True,centered_finite_difference,0,0,0,19707,12,7.591400000000018,5.0,0.012453858635523377,0.7891482084011179,False,0.0032119467734534686,ok,0,0
P-263p723264659_VX-0p501861307944_LS-7p03164616445e-05_ST-399p080626763_M-TI64_XI-0p0002_XF-0p0014_XL-0p0012_TE-0p0021_DT-9p61245771821e-06_H-1d842653b1,79,0,98820,1.7949239,0.0003050791,0.002100003,0.018000000000066574,0.015914389142806174,1.05555555558768,True,centered_finite_difference,0,0,0,16780,102,7.557000000000016,5.0,0.013639940410114404,0.8175856869630335,False,0.0035114704662058916,ok,0,0
P-264p370573209_VX-0p395776293281_LS-4p78236029631e-05_ST-378p311267492_M-TI64_XI-0p0002_XF-0p0014_XL-0p0012_TE-0p0021_DT-1p21890085003e-05_H-985b11a49e,80,1,92965,1.6884221,0.0004115809,0.002100003,0.018000000000066574,0.016399864763449575,1.05555555558768,True,centered_finite_difference,0,0,0,22635,0,4.2338000000000005,5.0,0.00978517464213787,0.5466847381782195,False,0.0033776515640462977,ok,0,0
P-265p432977562_VX-0p293015283246_LS-7p41925746724e-05_ST-326p902943993_M-TI64_XI-0p0002_XF-0p0014_XL-0p0012_TE-0p0021_DT-1p64637166689e-05_H-1d842653b1,81,0,87666,1.5920653,0.0005079377,0.002100003,0.018000000000066574,0.016879416827555272,1.05555555558768,True,centered_finite_difference,0,0,0,27934,0,4.454100000000015,5.0,0.007857791758045575,0.48775452004790965,False,0.0023156333770604004,ok,0,0
P-267p46239641_VX-0p483361678819_LS-7p67845272617e-05_ST-366p829607628_M-TI64_XI-0p0002_XF-0p0014_XL-0p0012_TE-0p0021_DT-9p98035387249e-06_H-1d842653b1,82,0,98501,1.7891213,0.0003108817,0.002100003,0.018000000000066574,0.01593972262228876,1.05555555558768,True,centered_finite_difference,0,0,0,17099,17,7.411200000000008,5.0,0.012305598413457205,0.819502538071066,False,0.003197969543147208,ok,0,0
P-267p660345133_VX-0p739236683111_LS-7p20061497304e-05_ST-322p433694738_M-TI64_XI-0p0002_XF-0p0014_XL-0p0012_TE-0p0021_DT-6p52581333317e-06_H-0e4c2fc094,83,0,69719,1.266553,0.00020901,0.001475563,0.018199999999917935,0.012553717912267703,1.0555555555629175,True,centered_finite_difference,0,0,0,11497,164,6.40769999999992,5.0,0.014974282406898017,0.8612266559568548,False,0.0036289050173556325,ok,0,0
P-270p660461155_VX-0p506275452772_LS-4p55363433165e-05_ST-392p157982605_M-TI64_XI-0p0002_XF-0p0014_XL-0p0012_TE-0p0021_DT-9p52864804446e-06_H-b5aba20bdc,84,1,97692,1.7744057,0.0003255973,0.002100003,0.018000000000066574,0.016004520989494977,1.05555555558768,True,centered_finite_difference,0,0,0,17908,0,4.3319000000000045,5.0,0.019422089062267507,0.7100756466818847,False,0.00427879743272154,ok,0,0
P-273p06384474_VX-0p951903552318_LS-4p77154604482e-05_ST-314p535783501_M-TI64_XI-0p0002_XF-0p0014_XL-0p0012_TE-0p0021_DT-5p06786700319e-06_H-b5afaa2141,85,0,53480,0.9716674,0.0001742406,0.001145908,0.018199999999972145,0.00817311356777131,1.0555555555629175,True,centered_finite_difference,0,0,0,26917,5,5.5777000000000125,5.0,0.012157338191559584,0.7996596795003647,False,0.005366592494250079,ok,0,0
P-273p444240295_VX-0p704920639812_LS-6p35261824567e-05_ST-347p093922324_M-TI64_XI-0p0002_XF-0p0014_XL-0p0012_TE-0p0021_DT-6p84349461565e-06_H-1d842653b1,86,0,72936,1.3249654,0.0002224416,0.001547407,0.018099999999992254,0.013144307737632227,1.0555555555629175,True,centered_finite_difference,0,0,0,12236,95,5.966399999999965,5.0,0.015270802850735395,0.8516487283197367,False,0.004085829848495236,ok,0,0
P-277p972333632_VX-0p331196372511_LS-4p5620211888e-05_ST-324p411035281_M-TI64_XI-0p0002_XF-0p0014_XL-0p0012_TE-0p0021_DT-1p4565741063e-05_H-0e4c2fc094,87,1,88483,1.6069027000000002,0.0004931003,0.002100003,0.018000000000066574,0.016803292527730718,1.05555555558768,True,centered_finite_difference,0,0,0,27117,0,4.870899999999981,5.0,0.0068199702051836165,0.40868199181754483,False,0.003198390633123121,ok,0,0
P-279p19481345_VX-0p961152667742_LS-7p84955743249e-05_ST-372p579911887_M-TI64_XI-0p0002_XF-0p0014_XL-0p0012_TE-0p0021_DT-5p01909921797e-06_H-6ea4fcc339,88,0,53670,0.9751302000000001,0.0001597548,0.001134885,0.018199999999972145,0.007876800875056897,1.0555555555629175,True,centered_finite_difference,0,0,0,11354,63,5.69479999999999,5.0,0.010971256416884281,0.8724962268721236,False,0.004248262497903818,ok,0,0
P-282p804328276_VX-0p543976889672_LS-5p22197252327e-05_ST-303p777238342_M-TI64_XI-0p0002_XF-0p0014_XL-0p0012_TE-0p0021_DT-8p8682454983e-06_H-cfd320609e,89,1,94135,1.7098563000000002,0.0002953657,0.002005222,0.018099999999992254,0.015595443970565765,1.055555555574964,True,centered_finite_difference,0,0,0,16246,14,92.87509999999997,5.0,0.022535553721359042,0.7169566787770625,False,0.0045360868549089595,ok,0,0
P-287p102038097_VX-0p362628106341_LS-6p67475186474e-05_ST-334p763632341_M-TI64_XI-0p0002_XF-0p0014_XL-0p0012_TE-0p0021_DT-1p33032175903e-05_H-c5f6eebf67,90,0,92614,1.6820374,0.0004179656,0.002100003,0.018000000000066574,0.016430421065414112,1.05555555558768,True,centered_finite_difference,0,0,0,22986,1,5.48960000000003,5.0,0.01022995530764901,0.5961366114908274,False,0.0029693455562394048,ok,0,0
P-292p980726174_VX-0p558994342483_LS-6p4603431573e-05_ST-342p453415035_M-TI64_XI-0p0002_XF-0p0014_XL-0p0012_TE-0p0021_DT-8p62999897564e-06_H-0e4c2fc094,91,0,92261,1.6758547,0.0002755023,0.001951357,0.018099999999992254,0.015331414768733101,1.055555555574964,True,centered_finite_difference,0,0,0,15154,124,7.301999999999907,5.0,0.014232981297620607,0.8046932581833948,False,0.0036960763060914807,ok,0,0
P-293p577290228_VX-0p952339824621_LS-7p01980103413e-05_ST-347p682708595_M-TI64_XI-0p0002_XF-0p0014_XL-0p0012_TE-0p0021_DT-5p06554538443e-06_H-1d842653b1,92,0,54094,0.9828272,0.0001625538,0.001145381,0.018199999999972145,0.008116491077054318,1.0555555555629175,True,centered_finite_difference,0,0,0,11335,14,5.5184999999999915,5.0,0.01052647575144425,0.8625145582607732,False,0.004270423160113139,ok,0,0
P-293p648784497_VX-0p426690912013_LS-5p33940457289e-05_ST-351p677261216_M-TI64_XI-0p0002_XF-0p0014_XL-0p0012_TE-0p0021_DT-1p13058902058e-05_H-5799d46da7,93,1,95159,1.7283306999999999,0.0003716723,0.002100003,0.018000000000066574,0.01621271507376527,1.05555555558768,True,centered_finite_difference,0,0,0,20441,0,4.006299999999996,5.0,0.016605144847224043,0.6580739401836945,False,0.0036465667626473866,ok,0,0
P-307p26373251_VX-0p980958450675_LS-7p64412572662e-05_ST-372p845922747_M-TI64_XI-0p0002_XF-0p0014_XL-0p0012_TE-0p0021_DT-4p91776241868e-06_H-0e4c2fc094,94,0,52671,0.9569913,0.0001549747,0.001111966,0.018199999999972145,0.007310660494061333,1.0555555555629175,True,centered_finite_difference,0,0,0,11505,70,5.3530000000000655,5.0,0.010378215529378077,0.8507499525346497,False,0.0037972280235428137,ok,0,0
P-307p533441342_VX-0p76958695679_LS-6p29715413405e-05_ST-358p843506265_M-TI64_XI-0p0002_XF-0p0014_XL-0p0012_TE-0p0021_DT-6p26845421489e-06_H-0602c4a780,95,0,66895,1.2152725999999998,0.0002021034,0.001417376,0.018199999999917935,0.012028857684682672,1.0555555555629175,True,centered_finite_difference,0,0,0,11117,2,5.056100000000015,5.0,0.012009077969914793,0.8219571261996592,False,0.004439860077136963,ok,0,0
P-308p624203673_VX-0p258745269308_LS-8p46230110859e-05_ST-352p536460601_M-TI64_XI-0p0002_XF-0p0014_XL-0p0012_TE-0p0021_DT-1p86442852305e-05_H-19ea1511f8,96,0,85748,1.5572329,0.0005427701,0.002100003,0.018000000000066574,0.017062417029080606,1.05555555558768,True,centered_finite_difference,0,0,0,29852,2,5.652899999999961,5.0,0.007857791758087714,0.45510630109508204,False,0.0017260079069821685,ok,0,0
P-310p791038761_VX-0p793031296086_LS-6p97064070297e-05_ST-311p244290057_M-TI64_XI-0p0002_XF-0p0014_XL-0p0012_TE-0p0021_DT-6p08314025792e-06_H-9f078c62f6,97,0,65110,1.1828632,0.0001926158,0.001375479,0.018199999999917935,0.011584893810832149,1.0555555555629175,True,centered_finite_difference,0,0,0,10595,52,5.905099999999834,5.0,0.013046899522850494,0.8407132654471732,False,0.00456158134820071,ok,0,0
P-311p847977036_VX-0p831533579891_LS-6p59632228328e-05_ST-369p023839283_M-TI64_XI-0p0002_XF-0p0014_XL-0p0012_TE-0p0021_DT-5p80147419139e-06_H-0602c4a780,98,0,61986,1.1261343000000001,0.0001856547,0.001311789,0.018199999999917935,0.010856421769555662,1.0555555555629175,True,centered_finite_difference,0,0,0,10212,2,5.104800000000026,5.0,0.011416037082492865,0.8333306445107688,False,0.004501088973138663,ok,0,0
P-319p96920879_VX-0p866402209965_LS-6p35942162539e-05_ST-320p061265262_M-TI64_XI-0p0002_XF-0p0014_XL-0p0012_TE-0p0021_DT-5p56799203364e-06_H-560be51b32,99,0,59430,1.0797199,0.0001792751,0.001258995,0.018199999999917935,0.010145742786099046,1.0555555555629175,True,centered_finite_difference,0,0,0,9861,2,5.393400000000156,5.0,0.010229955307691148,0.8214339800434132,False,0.004745158087802252,ok,0,0
P-323p763442528_VX-0p850556183123_LS-6p97450047543e-05_ST-350p102665969_M-TI64_XI-0p0002_XF-0p0014_XL-0p0012_TE-0p0021_DT-5p67172480635e-06_H-fe613e406c,100,0,60732,1.1033658000000002,0.0001790752,0.001282441,0.018199999999917935,0.010461338046911389,1.0555555555629175,True,centered_finite_difference,0,0,0,9850,14,5.547499999999987,5.0,0.010822996195155215,0.8337751724819285,False,0.004659893629283232,ok,0,0
P-324p489523844_VX-0p639524903021_LS-7p4699050731e-05_ST-392p096101418_M-TI64_XI-0p0002_XF-0p0014_XL-0p0012_TE-0p0021_DT-7p54328811939e-06_H-eed8ed7ef3,101,0,81104,1.4732949999999998,0.000232329,0.001705624,0.018099999999992254,0.0141167505791707,1.0555555555629175,True,centered_finite_difference,0,0,0,12780,88,7.142099999999971,5.0,0.016753405069121662,0.8101056681010567,False,0.004093560040935601,ok,0,0
P-326p931045044_VX-0p255856443683_LS-6p48737236991e-05_ST-399p817710522_M-TI64_XI-0p0002_XF-0p0014_XL-0p0012_TE-0p0021_DT-1p88547942494e-05_H-9cf0389d20,102,1,83568,1.5176424000000002,0.0005823606,0.002100003,0.018000000000066574,0.017278081054534426,1.05555555558768,True,centered_finite_difference,0,0,0,32032,1,5.219100000000026,5.0,0.0072647508706657855,0.4330178180382208,False,0.001830866251032106,ok,0,0
P-328p176471421_VX-0p746856862244_LS-5p78341655667e-05_ST-308p284457774_M-TI64_XI-0p0002_XF-0p0014_XL-0p0012_TE-0p0021_DT-6p45923047225e-06_H-354781c6a2,103,0,68826,1.2503347999999999,0.0002101732,0.001460508,0.018199999999917935,0.012438512164044763,1.0555555555629175,True,centered_finite_difference,0,0,0,11561,15,5.48479999999995,5.0,0.008895613311076087,0.8113185615691972,False,0.005143479840174355,ok,0,0
P-335p17845091_VX-0p53366627312_LS-7p35439468085e-05_ST-327p916348879_M-TI64_XI-0p0002_XF-0p0014_XL-0p0012_TE-0p0021_DT-9p03958306155e-06_H-1d842653b1,104,0,97309,1.7675290000000001,0.00027643,0.002043959,0.018099999999992254,0.015629982381087343,1.055555555574964,True,centered_finite_difference,0,0,0,15205,2,7.456299999999999,5.0,0.017346445956375037,0.7794734245899617,False,0.003422123566407695,ok,0,0
P-336p384535968_VX-0p857000372961_LS-5p14827567032e-05_ST-367p720955238_M-TI64_XI-0p0002_XF-0p0014_XL-0p0012_TE-0p0021_DT-5p62907643359e-06_H-1d842653b1,105,0,59729,1.0851439999999999,0.000187654,0.001272798,0.018199999999917935,0.010373454102315527,1.0555555555629175,True,centered_finite_difference,0,0,0,12666,1,5.178999999999974,5.0,0.009933434864022322,0.7181054111974283,False,0.00557527457808733,ok,0,0
P-339p704237738_VX-0p701398887747_LS-5p24684299583e-05_ST-300p218383071_M-TI64_XI-0p0002_XF-0p0014_XL-0p0012_TE-0p0021_DT-6p87785607775e-06_H-1d842653b1,106,1,73107,1.3280674999999997,0.0002270945,0.001555162,0.018099999999992254,0.013219209480828567,1.0555555555629175,True,centered_finite_difference,0,0,0,12492,0,4.629100000000005,5.0,0.013046899522982176,0.7858725685990205,False,0.005416792055371652,ok,0,0
P-340p203296502_VX-0p374609743194_LS-5p54750053524e-05_ST-307p813155606_M-TI64_XI-0p0002_XF-0p0014_XL-0p0012_TE-0p0021_DT-1p28777232591e-05_H-22f5435fc5,107,1,92843,1.6862029,0.0004138001,0.002100003,0.018000000000066574,0.016410466430785035,1.05555555558768,True,centered_finite_difference,0,0,0,22757,0,4.6252000000000315,5.0,0.009488654198413738,0.5421253312078586,False,0.0032420671678766075,ok,0,0
P-341p923576441_VX-0p300981342968_LS-7p54559898543e-05_ST-360p882535069_M-TI64_XI-0p0002_XF-0p0014_XL-0p0012_TE-0p0021_DT-1p60279722173e-05_H-1d842653b1,108,1,89383,1.6232658999999998,0.0004767371,0.002100003,0.018000000000066574,0.016720058365656317,1.05555555558768,True,centered_finite_difference,0,0,0,26217,1,6.402399999999972,5.0,0.00830257242382271,0.47962677049070285,False,0.002405406010158645,ok,0,0
P-342p674555398_VX-0p462731136977_LS-5p8783513777e-05_ST-328p309527448_M-TI64_XI-0p0002_XF-0p0014_XL-0p0012_TE-0p0021_DT-1p04253209208e-05_H-add9572a86,109,1,97330,1.767821,0.000332182,0.002100003,0.018000000000066574,0.016033775769623275,1.05555555558768,True,centered_finite_difference,0,0,0,18270,0,4.2028000000000265,5.0,0.014232981297704884,0.6647658971118577,False,0.0036165993691499965,ok,0,0
P-347p783460623_VX-0p850325890926_LS-5p3362114496e-05_ST-354p131736173_M-TI64_XI-0p0002_XF-0p0014_XL-0p0012_TE-0p0021_DT-5p67326086915e-06_H-d1ce08951f,110,0,60298,1.0954774,0.0001873086,0.001282786,0.018199999999917935,0.01050292752113741,1.0555555555629175,True,centered_finite_difference,0,0,0,10303,1,5.209400000000073,5.0,0.010822996195070938,0.7013284242997164,False,0.005754846841468066,ok,0,0
P-348p497115387_VX-0p94790268949_LS-7p31988762132e-05_ST-305p038657876_M-TI64_XI-0p0002_XF-0p0014_XL-0p0012_TE-0p0021_DT-5p08925721649e-06_H-1d842653b1,111,0,54608,0.9921655999999999,0.0001585734,0.001150739,0.018199999999972145,0.008216481998253778,1.0555555555629175,True,centered_finite_difference,0,0,0,8722,1,5.250500000000002,5.0,0.009340393976768948,0.7846796198289596,False,0.004413353599355394,ok,0,0
P-352p513614722_VX-0p929202686833_LS-7p33895545023e-05_ST-314p010655484_M-TI64_XI-0p0002_XF-0p0014_XL-0p0012_TE-0p0021_DT-5p19167741481e-06_H-1553ff852f,112,0,55734,1.0126123999999999,0.0001612816,0.001173894,0.018199999999972145,0.008688419837652027,1.0555555555629175,True,centered_finite_difference,0,0,0,8871,1,5.41409999999998,5.0,0.009785174642293254,0.7735273536324978,False,0.004288303159707893,ok,0,0
P-353p971838789_VX-0p831374608218_LS-4p0859447809e-05_ST-397p346534493_M-TI64_XI-0p0002_XF-0p0014_XL-0p0012_TE-0p0021_DT-5p80258352291e-06_H-eac21b41c2,113,1,61233,1.1124478,0.0001995952,0.001312043,0.018199999999917935,0.010923608506416773,1.0555555555629175,True,centered_finite_difference,0,0,0,16681,1,5.1696000000000595,5.0,0.015419063072590878,0.5182747582963156,False,0.006254899399007055,ok,0,0
P-354p619445985_VX-0p364015239092_LS-5p30095356481e-05_ST-318p142674345_M-TI64_XI-0p0002_XF-0p0014_XL-0p0012_TE-0p0021_DT-1p32525237544e-05_H-1553ff852f,114,1,92036,1.6715237,0.0004284793,0.002100003,0.018000000000066574,0.016481113708130237,1.05555555558768,True,centered_finite_difference,0,0,0,23564,0,4.1906999999999925,5.0,0.008302572423738436,0.4847938284348346,False,0.003150975172488727,ok,0,0
P-355p313197397_VX-0p977425276438_LS-4p00293473664e-05_ST-317p253821106_M-TI64_XI-0p0002_XF-0p0014_XL-0p0012_TE-0p0021_DT-4p9355390323e-06_H-4dbd940f3b,115,1,52024,0.9452281,0.0001707509,0.001115979,0.018199999999972145,0.007465418590635109,1.0555555555629175,True,centered_finite_difference,0,0,0,30913,0,4.658500000000003,5.0,0.010526475751528526,0.5010668358226169,False,0.006266459066182266,ok,0,0
P-358p08766286_VX-0p398145183006_LS-4p39068251559e-05_ST-301p093308231_M-TI64_XI-0p0002_XF-0p0014_XL-0p0012_TE-0p0021_DT-1p21164861687e-05_H-3d091b92d3,116,1,93189,1.6924966000000001,0.0004075064,0.002100003,0.018000000000066574,0.016380456771273838,1.05555555558768,True,centered_finite_difference,0,0,0,22411,0,4.898599999999994,5.0,0.008302572423612022,0.4700497918186891,False,0.004260205176632184,ok,0,0
P-360p567405001_VX-0p20359066256_LS-4p0817768449e-05_ST-337p353350673_M-TI64_XI-0p0002_XF-0p0014_XL-0p0012_TE-0p0021_DT-2p36951957538e-05_H-a3855470b8,117,1,71520,1.2988411999999998,0.0008011618,0.002100003,0.018000000000066574,0.018644167838593375,1.05555555558768,True,centered_finite_difference,0,0,0,44080,0,3.977999999999995,5.0,0.007561271314503164,0.41467302395167716,False,0.0015799997203540317,ok,0,0
P-363p673556898_VX-0p448546579177_LS-4p04529881073e-05_ST-391p93586396_M-TI64_XI-0p0002_XF-0p0014_XL-0p0012_TE-0p0021_DT-1p07550047798e-05_H-f55fc58583,118,1,95435,1.7333511,0.0003666519,0.002100003,0.018000000000066574,0.016189629420193887,1.05555555558768,True,centered_finite_difference,0,0,0,20165,0,4.880199999999981,5.0,0.008450832645551779,0.480625353647547,False,0.005103003122576859,ok,0,0
P-364p483174853_VX-0p95103094401_LS-4p26115279421e-05_ST-393p929813999_M-TI64_XI-0p0002_XF-0p0014_XL-0p0012_TE-0p0021_DT-5p07251697056e-06_H-1ef68d8f61,119,0,53579,0.9734655999999999,0.0001734954,0.001146961,0.018199999999972145,0.00819215045084333,1.0555555555629175,True,centered_finite_difference,0,0,0,25694,0,4.617199999999987,5.0,0.009636914420142806,0.4915263727649408,False,0.005785956922617492,ok,0,0
P-367p938083726_VX-0p695829187084_LS-4p35800266683e-05_ST-364p389584597_M-TI64_XI-0p0002_XF-0p0014_XL-0p0012_TE-0p0021_DT-6p93290924348e-06_H-c87ffcf9e3,120,1,73364,1.3327283,0.0002348917,0.00156762,0.018099999999992254,0.013338624986698026,1.0555555555629175,True,centered_finite_difference,0,0,0,12921,0,4.7322000000000095,5.0,0.012305598413625756,0.535078990771915,False,0.005724956722053351,ok,0,0
P-369p066732517_VX-0p471239257303_LS-5p48020687799e-05_ST-388p757421411_M-TI64_XI-0p0002_XF-0p0014_XL-0p0012_TE-0p0021_DT-1p02370940626e-05_H-1553ff852f,121,1,97495,1.7708223,0.0003291807,0.002100003,0.018000000000066574,0.016020421713607118,1.05555555558768,True,centered_finite_difference,0,0,0,18105,0,4.03009999999998,5.0,0.014307111408611555,0.6407573799413298,False,0.003938703920241246,ok,0,0
P-370p938359136_VX-0p662619902131_LS-4p40125404953e-05_ST-395p513826563_M-TI64_XI-0p0002_XF-0p0014_XL-0p0012_TE-0p0021_DT-7p28037384253e-06_H-3273b99318,122,1,77084,1.4002756,0.0002459074,0.001646183,0.018099999999992254,0.013864819907256479,1.0555555555629175,True,centered_finite_difference,0,0,0,13527,0,4.672599999999987,5.0,0.011119516638697625,0.5655592024181726,False,0.005630294617490238,ok,0,0
P-372p630059968_VX-0p727703112845_LS-4p39975555357e-05_ST-362p949632289_M-TI64_XI-0p0002_XF-0p0014_XL-0p0012_TE-0p0021_DT-6p62924277478e-06_H-54d2aec398,123,1,70169,1.2747131,0.0002242409,0.001498954,0.018100000000100674,0.012807151067171953,1.0555555555629175,True,centered_finite_difference,0,0,0,12335,0,4.685699999999981,5.0,0.01438124151947609,0.539804469273743,False,0.005928628434614069,ok,0,0
P-373p935133861_VX-0p314504521571_LS-4p29297292387e-05_ST-349p298273812_M-TI64_XI-0p0002_XF-0p0014_XL-0p0012_TE-0p0021_DT-1p53387956997e-05_H-c87ffcf9e3,124,1,87273,1.5849281,0.0005150749,0.002100003,0.018000000000066574,0.016916417953393256,1.05555555558768,True,centered_finite_difference,0,0,0,28327,0,4.962299999999977,5.0,0.005782148652068829,0.34714455953799617,False,0.0028989824915207625,ok,0,0
P-374p135097027_VX-0p852003077267_LS-4p24872306812e-05_ST-324p485874926_M-TI64_XI-0p0002_XF-0p0014_XL-0p0012_TE-0p0021_DT-5p66209293338e-06_H-c87ffcf9e3,125,1,59840,1.0871553999999999,0.0001931066,0.001280262,0.018199999999917935,0.010497001483373939,1.0555555555629175,True,centered_finite_difference,0,0,0,17374,0,4.682999999999982,5.0,0.01082299619523949,0.5695115225856047,False,0.006316950483798192,ok,0,0
P-375p190327887_VX-0p471971299611_LS-7p58652830639e-05_ST-330p289975384_M-TI64_XI-0p0002_XF-0p0014_XL-0p0012_TE-0p0021_DT-1p02212160082e-05_H-1553ff852f,126,1,98857,1.7955969,0.0003044061,0.002100003,0.018000000000066574,0.01591145972081219,1.05555555558768,True,centered_finite_difference,0,0,0,16743,2,5.224600000000031,5.0,0.01275037907902365,0.6627316500768795,False,0.003105527231528688,ok,0,0
P-377p008330657_VX-0p791215989527_LS-4p31405408456e-05_ST-371p11107289_M-TI64_XI-0p0002_XF-0p0014_XL-0p0012_TE-0p0021_DT-6p09709695819e-06_H-3d091b92d3,127,1,64488,1.1715558,0.0002070652,0.001378621,0.018199999999917935,0.01168490714433842,1.0555555555629175,True,centered_finite_difference,0,0,0,11390,0,4.6724,5.0,0.015419063072506602,0.5098081783925442,False,0.005954688541876657,ok,0,0
P-377p125910628_VX-0p77115452106_LS-4p31707402483e-05_ST-313p190582012_M-TI64_XI-0p0002_XF-0p0014_XL-0p0012_TE-0p0021_DT-6p25571201526e-06_H-8b3ff695c9,128,1,66172,1.2021337,0.0002123543,0.001414488,0.018199999999917935,0.012051128900274518,1.0555555555629175,True,centered_finite_difference,0,0,0,11681,0,4.7282999999999795,5.0,0.015567323294362083,0.5229178945459492,False,0.006301854286621027,ok,0,0
P-378p283018896_VX-0p735158781064_LS-4p42419225112e-05_ST-367p022862863_M-TI64_XI-0p0002_XF-0p0014_XL-0p0012_TE-0p0021_DT-6p56201180925e-06_H-36d24309a8,129,1,69475,1.2621111,0.0002216419,0.001483753,0.018100000000100674,0.012678052408983871,1.0555555555629175,True,centered_finite_difference,0,0,0,12192,0,4.67890000000002,5.0,0.01438124151968678,0.5245415551141435,False,0.005556035351354464,ok,0,0
P-378p699667122_VX-0p273966982762_LS-4p19552514454e-05_ST-349p537322979_M-TI64_XI-0p0002_XF-0p0014_XL-0p0012_TE-0p0021_DT-1p76084014007e-05_H-c87ffcf9e3,130,1,83020,1.5076903,0.0005923127,0.002100003,0.018000000000066574,0.01733363624933632,1.05555555558768,True,centered_finite_difference,0,0,0,32580,0,4.523700000000005,5.0,0.005930408874092863,0.35678579602259725,False,0.0026379503487153544,ok,0,0
P-378p895448518_VX-0p547210222693_LS-4p25171421559e-05_ST-392p752580943_M-TI64_XI-0p0002_XF-0p0014_XL-0p0012_TE-0p0021_DT-8p81584517788e-06_H-dc75daed1b,131,1,93326,1.6951595,0.0002982215,0.001993381,0.018099999999992254,0.01557105249760033,1.055555555574964,True,centered_finite_difference,0,0,0,16403,0,4.569500000000011,5.0,0.012305598413625756,0.5421698365925529,False,0.005336190731315296,ok,0,0
P-379p421209359_VX-0p229921993373_LS-5p57538994548e-05_ST-334p989783011_M-TI64_XI-0p0002_XF-0p0014_XL-0p0012_TE-0p0021_DT-2p09815534923e-05_H-1553ff852f,132,1,79239,1.4390243,0.0006609787,0.002100003,0.018000000000066574,0.01773265284434011,1.05555555558768,True,centered_finite_difference,0,0,0,36361,0,4.154000000000028,5.0,0.007413011092479129,0.41377874252252705,False,0.001968752366288902,ok,0,0
P-383p924442814_VX-0p598551929363_LS-4p34843261877e-05_ST-301p171019532_M-TI64_XI-0p0002_XF-0p0014_XL-0p0012_TE-0p0021_DT-8p05965258211e-06_H-82800d7335,133,1,85363,1.5505882,0.0002718098,0.001822398,0.018099999999992254,0.01483384154264455,1.055555555574964,True,centered_finite_difference,0,0,0,14951,0,4.938800000000015,5.0,0.013491680188722441,0.5920784423982568,False,0.0056348258007075745,ok,0,0
P-385p522203_VX-0p931994182449_LS-4p05647861864e-05_ST-365p262393292_M-TI64_XI-0p0002_XF-0p0014_XL-0p0012_TE-0p0021_DT-5p17612737704e-06_H-3a5de7627d,134,1,54636,0.9926588000000001,0.0001777302,0.001170389,0.018199999999972145,0.008687198991486622,1.0555555555629175,True,centered_finite_difference,0,0,0,26255,0,4.563499999999998,5.0,0.009785174642145771,0.4895213690857509,False,0.006241420334950123,ok,0,0
P-385p792960663_VX-0p466570238049_LS-4p25767555058e-05_ST-363p826454642_M-TI64_XI-0p0002_XF-0p0014_XL-0p0012_TE-0p0021_DT-1p03395377793e-05_H-3d091b92d3,135,1,96425,1.7513591000000002,0.0003486439,0.002100003,0.018000000000066574,0.016107635959709363,1.05555555558768,True,centered_finite_difference,0,0,0,19175,0,4.898099999999986,5.0,0.010378215529462354,0.5048846760142703,False,0.004926159462374512,ok,0,0
P-387p363679816_VX-0p298546823055_LS-4p09005526538e-05_ST-395p436254411_M-TI64_XI-0p0002_XF-0p0014_XL-0p0012_TE-0p0021_DT-1p61586733821e-05_H-c87ffcf9e3,136,1,85593,1.554418,0.000545585,0.002100003,0.018000000000066574,0.0170774754318014,1.05555555558768,True,centered_finite_difference,0,0,0,30007,0,4.348600000000035,5.0,0.005485628208652831,0.3676161323488176,False,0.002885783718104496,ok,0,0
P-389p770210211_VX-0p908238681403_LS-4p3221586392e-05_ST-323p581279452_M-TI64_XI-0p0002_XF-0p0014_XL-0p0012_TE-0p0021_DT-5p31151194261e-06_H-8b3ff695c9,137,1,56173,1.0205698,0.0001804202,0.00120099,0.018199999999972145,0.009255259992177807,1.0555555555629175,True,centered_finite_difference,0,0,0,22205,0,4.9430999999999585,5.0,0.009192133754955603,0.48191269671722564,False,0.006052837712739443,ok,0,0
P-391p91054261_VX-0p798138981731_LS-4p10405950637e-05_ST-398p591592241_M-TI64_XI-0p0002_XF-0p0014_XL-0p0012_TE-0p0021_DT-6p04421123819e-06_H-eac21b41c2,138,1,63868,1.1602964,0.0002063746,0.001366671,0.018199999999917935,0.01156050738379512,1.0555555555629175,True,centered_finite_difference,0,0,0,11352,0,4.798800000000005,5.0,0.015419063072464463,0.47262279424428894,False,0.00555842610424789,ok,0,0
P-394p301389958_VX-0p965504599187_LS-4p1845661123e-05_ST-386p588977515_M-TI64_XI-0p0002_XF-0p0014_XL-0p0012_TE-0p0021_DT-4p99647604691e-06_H-aae9cbe76f,139,1,52791,0.9591574999999999,0.0001706055,0.001129763,0.018199999999972145,0.007797620109503189,1.0555555555629175,True,centered_finite_difference,0,0,0,28461,0,4.698800000000003,5.0,0.009785174642251116,0.415078613373745,False,0.006421670770979352,ok,0,0
P-399p256835613_VX-0p656366203199_LS-4p10009761764e-05_ST-341p515144691_M-TI64_XI-0p0002_XF-0p0014_XL-0p0012_TE-0p0021_DT-7p34973948918e-06_H-3c3f1974a9,140,1,77725,1.4119103,0.0002499637,0.001661874,0.018099999999992254,0.013970891251113558,1.0555555555629175,True,centered_finite_difference,0,0,0,13750,1,5.055599999999973,5.0,0.010526475751697078,0.5049920230559415,False,0.005120683443981267,ok,0,0
P-400p342090514_VX-0p84724542505_LS-4p08786684736e-05_ST-395p5494372_M-TI64_XI-0p0002_XF-0p0014_XL-0p0012_TE-0p0021_DT-5p69388805225e-06_H-39de960155,141,1,60158,1.0929287,0.0001945243,0.001287453,0.018199999999917935,0.010595637956135386,1.0555555555629175,True,centered_finite_difference,0,0,0,10700,0,4.7757000000000165,5.0,0.014232981297620607,0.48235450571005867,False,0.005119936167029606,ok,0,0
P-404p674556304_VX-0p544519129004_LS-4p43635630435e-05_ST-368p185027338_M-TI64_XI-0p0002_XF-0p0014_XL-0p0012_TE-0p0021_DT-8p85941438245e-06_H-4d45e0bf17,142,1,93972,1.7068952,0.0002963298,0.002003225,0.018099999999992254,0.015594014812926762,1.055555555574964,True,centered_finite_difference,0,0,0,16299,0,4.798799999999979,5.0,0.012157338191728137,0.5577465388258079,False,0.005022826191058944,ok,0,0
P-406p350963493_VX-0p484226878203_LS-4p36170368492e-05_ST-370p554621114_M-TI64_XI-0p0002_XF-0p0014_XL-0p0012_TE-0p0021_DT-9p96252133074e-06_H-778de5c076,143,1,97253,1.7664203,0.0003335827,0.002100003,0.018000000000066574,0.016040022533838297,1.05555555558768,True,centered_finite_difference,0,0,0,18347,0,4.957300000000007,5.0,0.010674735973194387,0.5226010776127997,False,0.005089869617077284,ok,0,0
P-408p574656479_VX-0p243547442248_LS-8p65536608509e-05_ST-318p028622224_M-TI64_XI-0p0002_XF-0p0014_XL-0p0012_TE-0p0021_DT-1p98077243534e-05_H-1553ff852f,144,1,85548,1.5536008,0.0005464022,0.002100003,0.018000000000066574,0.01708185398429439,1.05555555558768,True,centered_finite_difference,0,0,0,30052,4,5.3195000000000014,5.0,0.008302572423569883,0.4342992740832525,False,0.0014728745601832911,ok,0,0
P-409p380479822_VX-0p571506017722_LS-4p19025576691e-05_ST-383p379922389_M-TI64_XI-0p0002_XF-0p0014_XL-0p0012_TE-0p0021_DT-8p44106702891e-06_H-86665dad6a,145,1,89382,1.6235548,0.0002850702,0.001908625,0.018099999999992254,0.015226208172128133,1.055555555574964,True,centered_finite_difference,0,0,0,15680,0,4.947099999999999,5.0,0.011564297304390484,0.49981539700831273,False,0.004922746444993902,ok,0,0
P-413p007329362_VX-0p214914258115_LS-4p25156575745e-05_ST-342p625619244_M-TI64_XI-0p0002_XF-0p0014_XL-0p0012_TE-0p0021_DT-2p24467219873e-05_H-c87ffcf9e3,146,1,74437,1.3518162,0.0007481868,0.002100003,0.018000000000066574,0.018282950529047822,1.05555555558768,True,centered_finite_difference,0,0,0,41163,0,3.996700000000002,5.0,0.007116490648726027,0.40849857595786987,False,0.001558385727336235,ok,0,0
P-413p458184039_VX-0p35207482727_LS-4p49853708666e-05_ST-303p358380963_M-TI64_XI-0p0002_XF-0p0014_XL-0p0012_TE-0p0021_DT-1p37019753455e-05_H-ff013f97fe,147,1,90623,1.6458213000000002,0.0004541817,0.002100003,0.018000000000066574,0.016607076793840676,1.05555555558768,True,centered_finite_difference,0,0,0,24977,0,4.828899999999997,5.0,0.0060786690956112395,0.35725320562335855,False,0.003652534704597118,ok,0,0
P-420p548248194_VX-0p890019823061_LS-4p2728397196e-05_ST-342p58191385_M-TI64_XI-0p0002_XF-0p0014_XL-0p0012_TE-0p0021_DT-5p42023950256e-06_H-39de960155,148,1,57358,1.0420881999999998,0.0001834918,0.00122558,0.018199999999972145,0.0096715733712412,1.0555555555629175,True,centered_finite_difference,0,0,0,10093,0,4.790899999999995,5.0,0.009043873533079052,0.5119688965601409,False,0.006049828268563558,ok,0,0
P-422p617573631_VX-0p52186874631_LS-4p33544604908e-05_ST-334p849986924_M-TI64_XI-0p0002_XF-0p0014_XL-0p0012_TE-0p0021_DT-9p24393468113e-06_H-eac21b41c2,149,1,98040,1.7807514999999998,0.0003094265,0.002090178,0.018000000000066574,0.01590644598136931,1.055555555574964,True,centered_finite_difference,0,0,0,17019,1,5.037599999999987,5.0,0.011416037082492865,0.5213537469782433,False,0.005457012005426412,ok,0,0
P-423p354289604_VX-0p98992750487_LS-4p35270321082e-05_ST-379p923005206_M-TI64_XI-0p0002_XF-0p0014_XL-0p0012_TE-0p0021_DT-4p87320594618e-06_H-4d45e0bf17,150,1,51579,0.9371511,0.0001647349,0.001101886,0.018199999999972145,0.007077248344534175,1.0555555555629175,True,centered_finite_difference,0,0,0,29327,0,4.744600000000009,5.0,0.011267776860721659,0.4219628523789212,False,0.006475629144208771,ok,0,0
P-426p513929333_VX-0p671876042338_LS-4p21074124626e-05_ST-335p829973615_M-TI64_XI-0p0002_XF-0p0014_XL-0p0012_TE-0p0021_DT-7p18007533983e-06_H-ff013f97fe,151,1,76032,1.3811756000000002,0.0002423254,0.001623501,0.018099999999992254,0.013718860453460612,1.0555555555629175,True,centered_finite_difference,0,0,0,13330,1,5.122599999999998,5.0,0.010822996195155215,0.48848496008207176,False,0.004721758230195578,ok,0,0
P-429p223744451_VX-0p993777087019_LS-4p49939505126e-05_ST-337p477091824_M-TI64_XI-0p0002_XF-0p0014_XL-0p0012_TE-0p0021_DT-4p8543286679e-06_H-c87ffcf9e3,152,1,51434,0.9345199,0.0001630991,0.001097619,0.018199999999972145,0.0069570286702939875,1.0555555555629175,True,centered_finite_difference,0,0,0,29758,0,4.710699999999995,5.0,0.011860817748122518,0.4284797697976008,False,0.005988373223416873,ok,0,0
P-433p517899565_VX-0p4209966739_LS-4p21798941345e-05_ST-396p810205947_M-TI64_XI-0p0002_XF-0p0014_XL-0p0012_TE-0p0021_DT-1p1458809302e-05_H-204261a8b1,153,1,94495,1.7162526,0.0003837504,0.002100003,0.018000000000066574,0.016268668588629995,1.05555555558768,True,centered_finite_difference,0,0,0,21105,0,4.7649000000000195,5.0,0.007116490648726027,0.4382288822570745,False,0.0046987110292717,ok,0,0
P-435p358668153_VX-0p616312825798_LS-4p12302442682e-05_ST-330p720611029_M-TI64_XI-0p0002_XF-0p0014_XL-0p0012_TE-0p0021_DT-7p82738960003e-06_H-4dbd940f3b,154,1,82877,1.5054523000000002,0.0002644247,0.001769877,0.018099999999992254,0.014573530310405772,1.0555555555629175,True,centered_finite_difference,0,0,0,14545,1,14.333899999999971,5.0,0.01141603708282997,0.5019909262030021,False,0.004766156667792847,ok,0,0
P-438p134561959_VX-0p25154969533_LS-4p05773405909e-05_ST-340p985774893_M-TI64_XI-0p0002_XF-0p0014_XL-0p0012_TE-0p0021_DT-1p91776046347e-05_H-dfeedce527,155,1,80233,1.4570762,0.0006429268,0.002100003,0.018000000000066574,0.0176250024711781,1.05555555558768,True,centered_finite_difference,0,0,0,35367,0,4.160400000000015,5.0,0.006078669095906207,0.3696156147173198,False,0.0023681324159936187,ok,0,0
P-440p884222701_VX-0p405879510898_LS-4p4918885946e-05_ST-386p365641032_M-TI64_XI-0p0002_XF-0p0014_XL-0p0012_TE-0p0021_DT-1p18855977537e-05_H-410a3c6302,156,1,93988,1.7070303,0.0003929727,0.002100003,0.018000000000066574,0.016311790391599103,1.05555555558768,True,centered_finite_difference,0,0,0,21612,1,5.268799999999979,5.0,0.00800605198002747,0.4604253779778054,False,0.004404864502537585,ok,0,0
P-441p843471056_VX-0p982124766198_LS-4p09875344609e-05_ST-327p495507906_M-TI64_XI-0p0002_XF-0p0014_XL-0p0012_TE-0p0021_DT-4p91192236368e-06_H-f55fc58583,157,0,51922,0.9433788,0.0001672612,0.00111064,0.018199999999972145,0.007318290028288762,1.0555555555629175,True,centered_finite_difference,0,0,0,30737,0,4.8854999999999995,5.0,0.01215733819189669,0.4165559214961191,False,0.005855049016775486,ok,0,0
P-445p244311553_VX-0p680564934933_LS-4p06442633709e-05_ST-341p721757622_M-TI64_XI-0p0002_XF-0p0014_XL-0p0012_TE-0p0021_DT-7p0884060512e-06_H-c87ffcf9e3,158,1,75013,1.362671,0.000240108,0.001602779,0.018099999999992254,0.013584409359983047,1.0555555555629175,True,centered_finite_difference,0,0,0,13208,2,29.905999999999892,5.0,0.01008169508600422,0.4456753586092892,False,0.004759238521836506,ok,0,0
P-446p579563616_VX-0p74347743801_LS-4p27116473193e-05_ST-393p115972114_M-TI64_XI-0p0002_XF-0p0014_XL-0p0012_TE-0p0021_DT-6p48859044859e-06_H-4a563c0a8f,159,1,68753,1.2490018,0.0002181522,0.001467154,0.018199999999917935,0.012529862186369123,1.0555555555629175,True,centered_finite_difference,0,0,0,12000,0,4.962300000000005,5.0,0.012898639301384789,0.4322056085641145,False,0.00482895043053293,ok,0,0
P-446p862811862_VX-0p39827443832_LS-4p33402817419e-05_ST-361p067570798_M-TI64_XI-0p0002_XF-0p0014_XL-0p0012_TE-0p0021_DT-1p21125539047e-05_H-4b0ba6b8ba,160,1,93459,1.6974079,0.0004025951,0.002100003,0.018000000000066574,0.016357153348887876,1.05555555558768,True,centered_finite_difference,0,0,0,22141,0,4.512,5.0,0.0072647508707922,0.4310813413511952,False,0.004643797213721672,ok,0,0
P-447p413798058_VX-0p91078629156_LS-5p3177056457e-05_ST-328p907838563_M-TI64_XI-0p0002_XF-0p0014_XL-0p0012_TE-0p0021_DT-5p29665482201e-06_H-1553ff852f,161,1,56454,1.0256795,0.0001719505,0.00119763,0.018199999999972145,0.00916139216250105,1.0555555555629175,True,centered_finite_difference,0,0,0,18114,0,4.584600000000009,5.0,0.010378215529630907,0.39981931872531135,False,0.006022709156289303,ok,0,0
P-449p184068185_VX-0p980953819102_LS-4p30284180995e-05_ST-381p816740361_M-TI64_XI-0p0002_XF-0p0014_XL-0p0012_TE-0p0021_DT-4p91778563789e-06_H-c87ffcf9e3,162,1,52068,0.9460316000000001,0.0001659344,0.001111966,0.018199999999972145,0.007348380338063505,1.0555555555629175,True,centered_finite_difference,0,0,0,28047,0,4.808299999999993,5.0,0.010674735973257594,0.3860986805462193,False,0.006299575546891505,ok,0,0
P-449p762375807_VX-0p721910835583_LS-4p02949716673e-05_ST-312p266645761_M-TI64_XI-0p0002_XF-0p0014_XL-0p0012_TE-0p0021_DT-6p68243273994e-06_H-c87ffcf9e3,163,1,70691,1.2841905,0.0002267855,0.001510976,0.018100000000100674,0.012908101100196146,1.0555555555629175,True,centered_finite_difference,0,0,0,12475,1,5.230699999999997,5.0,0.012009077969914793,0.4186164945536851,False,0.004937049087565427,ok,0,0
P-101p127472137_VX-0p52394730996_LS-4p5e-05_ST-300_M-TI64_XI--0p0002_XF-0p0012_XL-0p0014_TE-0p00125_DT-3p56864695376e-06_H-b0e5aed98c,164,0,68685,1.2479878189999998,2.018181e-06,0.001250006,0.018199999999917935,0.00930133959486087,1.0555555555629175,True,centered_finite_difference,0,0,0,111,88,7.354219999999998,5.0,0.015715583516133287,0.9372342903733039,False,0.0037417739211461185,ok,0,0
P-104p101541641_VX-0p916529700054_LS-8p82882842693e-05_ST-394p968412652_M-TI64_XI-0p0002_XF-0p0014_XL-0p0012_TE-0p0021_DT-5p2634634783e-06_H-6014a1f9c3,165,0,54509,0.9903348999999999,0.0001997951,0.00119013,0.018199999999972145,0.0091477541927483,1.0555555555629175,True,centered_finite_difference,0,0,0,36791,62,11.445800000000013,5.0,0.012898639300879132,0.9074998165406912,False,0.0033939972114185074,ok,0,0
P-105p276295276_VX-0p639039009111_LS-7p6636834293e-05_ST-367p44858305_M-TI64_XI-0p0002_XF-0p0014_XL-0p0012_TE-0p00125_DT-1p00822530836e-05_H-bf889bf790,166,0,53638,0.9744309,0.0002755751,0.001250006,0.018199999999917935,0.010478082266082192,1.0555555555629175,True,centered_finite_difference,0,0,0,15158,149,7.06310000000002,5.0,0.009192133754702774,0.9593937021086191,False,0.003542330853701736,ok,0,0
P-109p759946449_VX-0p241926176876_LS-4p5e-05_ST-300_M-TI64_XI--0p0002_XF-0p0012_XL-0p0014_TE-0p00125_DT-7p72873359867e-06_H-fb250c7cf9,168,0,68695,1.248169636,1.836364e-06,0.001250006,0.018199999999917935,0.009300664938497294,1.0555555555629175,True,centered_finite_difference,0,0,0,101,3,7.929650000000009,5.0,0.006908926338237912,0.4826913558680525,False,0.002489300375578653,ok,0,0
P-110p642328299_VX-0p274154737479_LS-7p4676600105e-05_ST-358p612942181_M-TI64_XI-0p0002_XF-0p0014_XL-0p0012_TE-0p0021_DT-1p7596342297e-05_H-b40dbd8ddd,170,0,81836,1.4861879,0.0006138151,0.002100003,0.018000000000066574,0.017455584752311952,1.05555555558768,True,centered_finite_difference,0,0,0,33764,3,5.684699999999989,5.0,0.010229955307691148,0.6598032626626749,False,0.0019307142420724628,ok,0,0
P-113p286681534_VX-0p56768277259_LS-5p80401726566e-05_ST-302p148970527_M-TI64_XI-0p0002_XF-0p0014_XL-0p0012_TE-0p00125_DT-1p13495658689e-05_H-bf889bf790,173,0,52004,0.9447085999999999,0.0003052974,0.001250006,0.018199999999917935,0.010635391795279952,1.0555555555629175,True,centered_finite_difference,0,0,0,16792,111,7.297999999999988,5.0,0.00889561331124464,0.946483856700575,False,0.003634405707363037,ok,0,0
P-115p281467344_VX-0p424433079834_LS-5p4086019252e-05_ST-352p652659088_M-TI64_XI-0p0002_XF-0p0014_XL-0p0012_TE-0p0021_DT-1p13660334979e-05_H-d616b14147,175,0,93297,1.6944611,0.0004055419,0.002100003,0.018000000000066574,0.016371123971388627,1.05555555558768,True,centered_finite_difference,0,0,0,22303,91,7.98550000000003,5.0,0.015419063072532938,0.8769400617389813,False,0.0031834162236323103,ok,0,0
P-116p440418649_VX-0p621036488786_LS-7p33150072515e-05_ST-327p034160515_M-TI64_XI-0p0002_XF-0p0014_XL-0p0012_TE-0p0021_DT-7p76785372538e-06_H-3f4a2df486,176,0,81396,1.478534,0.000277867,0.001756401,0.018099999999992254,0.014576317907985806,1.0555555555629175,True,centered_finite_difference,0,0,0,15284,168,7.564499999999896,5.0,0.009636914420227082,0.9609804042017323,False,0.0031942994041403035,ok,0,0
P-118p4900546_VX-0p535113778256_LS-4p79907961621e-05_ST-385p412174328_M-TI64_XI-0p0002_XF-0p0014_XL-0p0012_TE-0p0021_DT-9p01513061154e-06_H-dd169576f0,178,0,94323,1.7132227000000002,0.0003252153,0.002038438,0.018000000000066574,0.015830121320376447,1.055555555574964,True,centered_finite_difference,0,0,0,17887,155,6.907899999999984,5.0,0.012009077969851586,0.9194567545217447,False,0.0034244396853332203,ok,0,0
P-122p399838052_VX-0p958262341264_LS-8p77032416896e-05_ST-376p830559352_M-TI64_XI-0p0002_XF-0p0014_XL-0p0012_TE-0p0021_DT-5p03423790676e-06_H-79d0c72bd8,181,0,52461,0.9531531999999999,0.0001851458,0.001138299,0.018199999999972145,0.00804856258763291,1.0555555555629175,True,centered_finite_difference,0,0,0,35007,64,7.149200000000011,5.0,0.011712557525993138,0.9287075867327488,False,0.0033358749523446436,ok,0,0
P-123p578555013_VX-0p413960648538_LS-5p40122226787e-05_ST-380p745973079_M-TI64_XI-0p0002_XF-0p0014_XL-0p0012_TE-0p0021_DT-1p16535729182e-05_H-f404b6f8f4,182,0,92898,1.6872033,0.0004127997,0.002100003,0.018000000000066574,0.016405686404876742,1.05555555558768,True,centered_finite_difference,0,0,0,22702,0,4.914399999999944,5.0,0.01882904817488772,0.8452479627975069,False,0.0028633863310978825,ok,0,0
P-124p939831153_VX-0p895565001264_LS-4p79284796095e-05_ST-395p904294171_M-TI64_XI-0p0002_XF-0p0014_XL-0p0012_TE-0p0021_DT-5p38667834965e-06_H-cf6d926251,183,0,56243,1.021828,0.00019616,0.001217988,0.018199999999972145,0.009604943513073992,1.0555555555629175,True,centered_finite_difference,0,0,0,33547,19,6.229099999999903,5.0,0.011119516638866178,0.9575228476938943,False,0.004036129582874009,ok,0,0
P-126p429096271_VX-0p381791494837_LS-8p54596605095e-05_ST-336p470624887_M-TI64_XI-0p0002_XF-0p0014_XL-0p0012_TE-0p0021_DT-1p26354847299e-05_H-bf3689621a,185,0,91636,1.6642477,0.0004357553,0.002100003,0.018000000000066574,0.01651647767182517,1.05555555558768,True,centered_finite_difference,0,0,0,23964,120,8.224100000000078,5.0,0.008450832645341088,0.9481093468652807,False,0.002531783707098816,ok,0,0
P-129p840936159_VX-0p750604494449_LS-8p84568803437e-05_ST-319p185657099_M-TI64_XI-0p0002_XF-0p0014_XL-0p0012_TE-0p0021_DT-6p42698070514e-06_H-f575443233,186,0,67345,1.2234224,0.0002298026,0.001453225,0.018199999999917935,0.01247302139067602,1.0555555555629175,True,centered_finite_difference,0,0,0,12641,67,7.4061000000000945,5.0,0.009933434864164538,0.9450582086006177,False,0.0029104300308861963,ok,0,0
P-133p058435031_VX-0p81650327798_LS-4p78587303962e-05_ST-362p382821566_M-TI64_XI-0p0002_XF-0p0014_XL-0p0012_TE-0p0021_DT-5p90826850683e-06_H-dd169576f0,188,0,61780,1.1223702,0.0002135538,0.001335924,0.018199999999917935,0.011264564963643595,1.0555555555629175,True,centered_finite_difference,0,0,0,26305,146,5.80720000000008,5.0,0.01126777686051097,0.9458715744832387,False,0.0039981223393062365,ok,0,0
P-133p757797566_VX-0p645163458122_LS-4p5e-05_ST-300_M-TI64_XI--0p0002_XF-0p0012_XL-0p0014_TE-0p00125_DT-2p89815386795e-06_H-306f9d252b,189,0,68717,1.248569636,1.436364e-06,0.001250006,0.018199999999917935,0.009299181333474293,1.0555555555629175,True,centered_finite_difference,0,0,0,79,176,6.1136000000000195,5.0,0.012898639300879132,0.9563129402177076,False,0.0038564526456720412,ok,0,0
P-134p442185153_VX-0p806363522352_LS-4p5e-05_ST-300_M-TI64_XI--0p0002_XF-0p0012_XL-0p0014_TE-0p00125_DT-2p3187841709e-06_H-b0e5aed98c,190,0,68717,1.248569636,1.436364e-06,0.001250006,0.018199999999917935,0.009299181333474293,1.0555555555629175,True,centered_finite_difference,0,0,0,79,10,5.9416399999999925,5.0,0.011193646749688573,0.9688136678502823,False,0.0039001106001513475,ok,0,0
P-135p208661893_VX-0p295797438033_LS-4p5e-05_ST-300_M-TI64_XI--0p0002_XF-0p0012_XL-0p0014_TE-0p00125_DT-6p32116012922e-06_H-fb250c7cf9,192,1,68718,1.248587818,1.418182e-06,0.001250006,0.018199999999917935,0.009299113922308042,1.0555555555629175,True,centered_finite_difference,0,0,0,78,2,5.598379999999992,5.0,0.007783661647181041,0.5199441186314886,False,0.00276496354613851,ok,0,0
P-136p115095044_VX-0p8200930762_LS-6p39666133344e-05_ST-362p502989524_M-TI64_XI-0p0002_XF-0p0014_XL-0p0012_TE-0p0021_DT-5p88240620853e-06_H-f575443233,193,0,61718,1.1212488,0.0002088282,0.001330077,0.018199999999917935,0.011177334803276914,1.0555555555629175,True,centered_finite_difference,0,0,0,21677,198,7.059099999999944,5.0,0.010378215529378077,0.9626196995965455,False,0.0034836430805126628,ok,0,0
P-136p984349172_VX-0p357723834949_LS-5p17808569448e-05_ST-373p061688931_M-TI64_XI-0p0002_XF-0p0014_XL-0p0012_TE-0p0021_DT-1p34856001521e-05_H-270d04032e,194,0,89577,1.6267947,0.0004732083,0.002100003,0.018000000000066574,0.016702228887389467,1.05555555558768,True,centered_finite_difference,0,0,0,26023,0,4.913900000000008,5.0,0.012602118857252445,0.6783290167009021,False,0.0028913994820041083,ok,0,0
P-137p340072051_VX-0p708357837186_LS-8p48461574474e-05_ST-331p337392673_M-TI64_XI-0p0002_XF-0p0014_XL-0p0012_TE-0p0021_DT-6p81028761138e-06_H-701e6757d1,195,0,71600,1.3006888000000003,0.0002391992,0.001539888,0.018099999999992254,0.013173672311357494,1.0555555555629175,True,centered_finite_difference,0,0,0,13158,63,7.156300000000044,5.0,0.010081695085835667,0.9532395703850612,False,0.0035335689045936395,ok,0,0
P-137p601432421_VX-0p461948695475_LS-6p48780591522e-05_ST-397p490087405_M-TI64_XI-0p0002_XF-0p0014_XL-0p0012_TE-0p0021_DT-1p04429791669e-05_H-ef2aaf59fd,196,0,95673,1.7376803,0.0003623227,0.002100003,0.018000000000066574,0.01616980181973922,1.05555555558768,True,centered_finite_difference,0,0,0,19927,13,5.428899999999999,5.0,0.010378215529588768,0.9035558993226859,False,0.0031461660673969397,ok,0,0
P-140p119887795_VX-0p222892199661_LS-4p5e-05_ST-300_M-TI64_XI--0p0002_XF-0p0012_XL-0p0014_TE-0p00125_DT-8p38873219639e-06_H-fb250c7cf9,199,1,68721,1.2486423629999999,1.363637e-06,0.001250006,0.018199999999917935,0.009298911650539981,1.0555555555629175,True,centered_finite_difference,0,0,0,75,4,8.005956,5.0,0.006063843073716445,0.4224243306169965,False,0.0023573923166472642,ok,0,0
P-140p320645521_VX-0p612281673664_LS-8p56006119926e-05_ST-348p910931315_M-TI64_XI-0p0002_XF-0p0014_XL-0p0012_TE-0p0021_DT-7p87892372174e-06_H-dd169576f0,200,0,83033,1.5082711999999998,0.0002732468,0.001781518,0.018099999999992254,0.01466702760927249,1.0555555555629175,True,centered_finite_difference,0,0,0,15030,93,7.166799999999853,5.0,0.009488654198540152,0.9585701898063397,False,0.003071105116099817,ok,0,0
P-140p974625597_VX-0p98622838083_LS-4p5e-05_ST-300_M-TI64_XI--0p0002_XF-0p0012_XL-0p0014_TE-0p00125_DT-1p89589248085e-06_H-b0e5aed98c,203,0,60794,1.104681545,1.345455e-06,0.001106027,0.018199999999972145,0.006662760052036152,1.0555555555629175,True,centered_finite_difference,0,0,0,74,3,8.063159999999996,5.0,0.011979425925535268,0.9628575658381722,False,0.00424390966065172,ok,0,0
P-143p879945116_VX-0p336279357485_LS-6p76007351295e-05_ST-398p207663754_M-TI64_XI-0p0002_XF-0p0014_XL-0p0012_TE-0p00125_DT-1p91595257833e-05_H-bf889bf790,204,0,41694,0.7571780999999999,0.0004928279,0.001250006,0.018099999999992254,0.011830556134611793,1.0555555555629175,True,centered_finite_difference,0,0,0,27102,0,4.692100000000022,5.0,0.00963691442026922,0.5647230950039575,False,0.002038711534310316,ok,0,0
P-143p909481867_VX-0p917293492006_LS-5p50242100517e-05_ST-352p206869428_M-TI64_XI-0p0002_XF-0p0014_XL-0p0012_TE-0p0021_DT-5p25908081225e-06_H-cf6d926251,205,0,55131,1.0016403999999999,0.0001875086,0.001189149,0.018199999999972145,0.009077175410544425,1.0555555555629175,True,centered_finite_difference,0,0,0,31790,207,6.547000000000031,5.0,0.010822996195070938,0.9605840740068928,False,0.004244512969345184,ok,0,0
P-144p684844876_VX-0p221020126644_LS-8p32765690701e-05_ST-337p418493583_M-TI64_XI-0p0002_XF-0p0014_XL-0p0012_TE-0p0021_DT-2p18266122469e-05_H-73ae961aa0,206,0,76052,1.3811459000000001,0.0007188571,0.002100003,0.018000000000066574,0.018092023667698402,1.05555555558768,True,centered_finite_difference,0,0,0,39548,3,6.479200000000006,5.0,0.008154312201925092,0.5855412815084614,False,0.0012623108177407267,ok,0,0
P-144p999955433_VX-0p569412101686_LS-7p52189895652e-05_ST-349p795043891_M-TI64_XI-0p0002_XF-0p0014_XL-0p0012_TE-0p0021_DT-8p47210761544e-06_H-24e0a43587,207,0,89420,1.6242345,0.0002914185,0.001915653,0.018099999999992254,0.015280330710209566,1.055555555574964,True,centered_finite_difference,0,0,0,16029,92,7.7393999999998755,5.0,0.009043873532868361,0.9529742001140697,False,0.003243158612822778,ok,0,0
P-145p536707456_VX-0p311971481812_LS-7p55813970315e-05_ST-356p422554756_M-TI64_XI-0p0002_XF-0p0014_XL-0p0012_TE-0p0021_DT-1p54633384276e-05_H-f404b6f8f4,209,0,87072,1.5812778,0.0005187252,0.002100003,0.018000000000066574,0.01693543898477485,1.05555555558768,True,centered_finite_difference,0,0,0,28528,2,5.316199999999989,5.0,0.013639940410248718,0.7413375291428834,False,0.002136187708881258,ok,0,0
P-146p427721311_VX-0p978546391515_LS-4p61745657385e-05_ST-377p807319924_M-TI64_XI-0p0002_XF-0p0014_XL-0p0012_TE-0p0021_DT-4p92988441309e-06_H-c321cc4e90,210,0,51535,0.9363416,0.0001783664,0.001114708,0.018199999999972145,0.007461191255650702,1.0555555555629175,True,centered_finite_difference,0,0,0,38832,0,4.987700000000018,5.0,0.012305598413625756,0.9311522490006597,False,0.004948189544766562,ok,0,0
P-149p217972816_VX-0p206404715799_LS-4p87379527164e-05_ST-365p118947745_M-TI64_XI-0p0002_XF-0p0014_XL-0p0012_TE-0p0021_DT-2p33721433367e-05_H-b40dbd8ddd,211,0,70930,1.2881263,0.0008118767,0.002100003,0.018000000000066574,0.018719945777324914,1.05555555558768,True,centered_finite_difference,0,0,0,44670,1,5.680600000000001,5.0,0.006819970205057202,0.4441342751201906,False,0.0017623257059876777,ok,0,0
P-149p254341218_VX-0p887957223036_LS-4p5e-05_ST-300_M-TI64_XI--0p0002_XF-0p0012_XL-0p0014_TE-0p00125_DT-2p10571289147e-06_H-306f9d252b,212,0,67538,1.2271582730000001,1.272727e-06,0.001228431,0.018199999999917935,0.008988297337754764,1.0555555555629175,True,centered_finite_difference,0,0,0,70,6,5.577089999999998,5.0,0.011668079459508129,0.9688911263455587,False,0.004190295689770052,ok,0,0
P-149p73987868_VX-0p504680707931_LS-6p9723584777e-05_ST-320p536129041_M-TI64_XI-0p0002_XF-0p0014_XL-0p0012_TE-0p0021_DT-9p55875770008e-06_H-95ed9fb76f,213,0,97597,1.7726777,0.0003273253,0.002100003,0.018000000000066574,0.016012181606284277,1.05555555558768,True,centered_finite_difference,0,0,0,18003,45,7.149900000000116,5.0,0.008599092867238709,0.9266055985901062,False,0.0033403008320013116,ok,0,0
P-149p779509657_VX-0p251536582152_LS-4p84927831067e-05_ST-381p35096431_M-TI64_XI-0p0002_XF-0p0014_XL-0p0012_TE-0p0021_DT-1p91786044071e-05_H-6af407d4ba,214,0,78829,1.4315783999999998,0.0006684246,0.002100003,0.018000000000066574,0.017777650548437204,1.05555555558768,True,centered_finite_difference,0,0,0,36771,2,5.160499999999994,5.0,0.006375189539575032,0.4469731567463338,False,0.0020043639315979094,ok,0,0
P-151p505871803_VX-0p995509859725_LS-6p72580848008e-05_ST-301p996554082_M-TI64_XI-0p0002_XF-0p0014_XL-0p0012_TE-0p0021_DT-4p84587928074e-06_H-73846c96ef,216,0,50897,0.9247612,0.0001709508,0.001095712,0.018199999999972145,0.006929217506999026,1.0555555555629175,True,centered_finite_difference,0,0,0,37222,198,6.590399999999988,5.0,0.010229955307564733,0.9571086136435083,False,0.003615215341087708,ok,0,0
P-151p630328889_VX-0p596649793105_LS-5p54888002616e-05_ST-323p086654154_M-TI64_XI-0p0002_XF-0p0014_XL-0p0012_TE-0p00125_DT-1p0798550665e-05_H-bf889bf790,217,0,53214,0.9667183999999999,0.0002832876,0.001250006,0.018199999999917935,0.010518206044516266,1.0555555555629175,True,centered_finite_difference,0,0,0,15582,112,7.464999999999918,5.0,0.0124538586354391,0.9044218518031308,False,0.0036457256685396427,ok,0,0
P-153p721476211_VX-0p579411174254_LS-7p49286492013e-05_ST-383p484527945_M-TI64_XI-0p0002_XF-0p0014_XL-0p0012_TE-0p0021_DT-8p32590191107e-06_H-8daf8adcd4,218,0,88007,1.598585,0.000283997,0.001882582,0.018099999999992254,0.015125694560041822,1.055555555574964,True,centered_finite_difference,0,0,0,15621,192,8.257700000000032,5.0,0.008895613311139293,0.9564688771220144,False,0.003397495625298275,ok,0,0
P-158p404299584_VX-0p530960738208_LS-8p44011119013e-05_ST-377p174397227_M-TI64_XI-0p0002_XF-0p0014_XL-0p0012_TE-0p0021_DT-9p08564467365e-06_H-fa25be35ef,220,0,96293,1.7490320999999998,0.0003053519,0.002054384,0.018000000000066574,0.01578797242442286,1.055555555574964,True,centered_finite_difference,0,0,0,16795,177,7.359499999999997,5.0,0.008006051980153885,0.9576392639056204,False,0.0030116728284800397,ok,0,0
P-159p365045029_VX-0p465685970522_LS-5p71815338387e-05_ST-335p270795676_M-TI64_XI-0p0002_XF-0p0014_XL-0p0012_TE-0p0021_DT-1p03591710045e-05_H-312d3c9a86,222,0,95961,1.7429189999999999,0.000357084,0.002100003,0.018000000000066574,0.016145907104984595,1.05555555558768,True,centered_finite_difference,0,0,0,19639,36,8.308299999999974,5.0,0.014084721075849401,0.8466131721550646,False,0.003240933722384327,ok,0,0
P-160p556282667_VX-0p957190479289_LS-5p53708249108e-05_ST-363p791890923_M-TI64_XI-0p0002_XF-0p0014_XL-0p0012_TE-0p0021_DT-5p03987524677e-06_H-0590129dfb,223,0,52930,0.9616761999999999,0.0001778938,0.00113957,0.018199999999972145,0.00804857380924968,1.0555555555629175,True,centered_finite_difference,0,0,0,32751,197,6.130300000000034,5.0,0.011267776860763797,0.9523134765440496,False,0.00417540478754558,ok,0,0
P-161p701140241_VX-0p559592851831_LS-7p43216837725e-05_ST-378p872335114_M-TI64_XI-0p0002_XF-0p0014_XL-0p0012_TE-0p00125_DT-1p15136442488e-05_H-bf889bf790,224,0,52520,0.9540945999999999,0.0002959114,0.001250006,0.018199999999917935,0.010584925249302058,1.0555555555629175,True,centered_finite_difference,0,0,0,16276,1,7.261600000000044,5.0,0.010674735973299732,0.8867838306136827,False,0.003789104895371199,ok,0,0
P-163p341658752_VX-0p941874162971_LS-5p45765866009e-05_ST-310p281913475_M-TI64_XI-0p0002_XF-0p0014_XL-0p0012_TE-0p0021_DT-5p12183133657e-06_H-b40dbd8ddd,226,0,53795,0.9773828,0.0001807292,0.001158112,0.018199999999972145,0.008454497385098125,1.0555555555629175,True,centered_finite_difference,0,0,0,31588,192,6.102599999999882,5.0,0.011564297304327278,0.937836933487006,False,0.0040710859947206005,ok,0,0
P-166p164223082_VX-0p514604075971_LS-6p70362084208e-05_ST-302p957496397_M-TI64_XI-0p0002_XF-0p0014_XL-0p0012_TE-0p00125_DT-1p25202137351e-05_H-bf889bf790,227,0,51159,0.9293381999999999,0.0003206678,0.001250006,0.018199999999917935,0.010719662153108553,1.0555555555629175,True,centered_finite_difference,0,0,0,17637,9,7.70840000000004,5.0,0.012453858635354824,0.8451659564486493,False,0.003674889557840416,ok,0,0
P-166p614725594_VX-0p931765035172_LS-5p67575778907e-05_ST-364p064697506_M-TI64_XI-0p0002_XF-0p0014_XL-0p0012_TE-0p0021_DT-5p17740033261e-06_H-0744488b5e,228,0,54442,0.9891319,0.0001815471,0.001170679,0.018199999999972145,0.008707108763264625,1.0555555555629175,True,centered_finite_difference,0,0,0,29485,197,6.461200000000076,5.0,0.011416037082535004,0.9548134677908194,False,0.0042063885674399806,ok,0,0
P-167p779770961_VX-0p390580196452_LS-6p45833025222e-05_ST-394p852870083_M-TI64_XI-0p0002_XF-0p0014_XL-0p0012_TE-0p0021_DT-1p23511653864e-05_H-73ae961aa0,230,0,92693,1.6834744000000001,0.0004165286,0.002100003,0.018000000000066574,0.0164235290393261,1.05555555558768,True,centered_finite_difference,0,0,0,22907,0,4.711400000000019,5.0,0.018829048175056273,0.7923769041556984,False,0.003085487420705131,ok,0,0
P-171p382540224_VX-0p233605939402_LS-6p18629013601e-05_ST-355p188153249_M-TI64_XI-0p0002_XF-0p0014_XL-0p0012_TE-0p0021_DT-2p06506761573e-05_H-ba17ade68b,232,0,77664,1.4104211,0.0006895819,0.002100003,0.018000000000066574,0.01790746551521676,1.05555555558768,True,centered_finite_difference,0,0,0,37936,0,4.912600000000026,5.0,0.006819970205141478,0.46202181218855826,False,0.0018670409332629436,ok,0,0
P-171p875575389_VX-0p916897438596_LS-6p66389080354e-05_ST-338p337187717_M-TI64_XI-0p0002_XF-0p0014_XL-0p0012_TE-0p0021_DT-5p2613524697e-06_H-30d8d23b36,233,0,55477,1.0079282,0.0001817288,0.001189657,0.018199999999972145,0.009061024927937342,1.0555555555629175,True,centered_finite_difference,0,0,0,25818,152,6.812700000000007,5.0,0.010674735973173317,0.9553861129136924,False,0.004019756291008724,ok,0,0
P-173p720948038_VX-0p230617607979_LS-6p23730108092e-05_ST-383p499521736_M-TI64_XI-0p0002_XF-0p0014_XL-0p0012_TE-0p0021_DT-2p09182665855e-05_H-eb41f0639c,234,0,77294,1.4037016,0.0006963014,0.002100003,0.018000000000066574,0.01794931230051734,1.05555555558768,True,centered_finite_difference,0,0,0,38306,0,4.717000000000002,5.0,0.006375189539575032,0.4653073370162887,False,0.0017207250333147893,ok,0,0
P-174p128102602_VX-0p994422815088_LS-7p40414236536e-05_ST-367p557277174_M-TI64_XI-0p0002_XF-0p0014_XL-0p0012_TE-0p0021_DT-4p85117651146e-06_H-6705b84f8a,235,0,51172,0.9297578,0.0001671522,0.00109691,0.018199999999972145,0.006948601533330508,1.0555555555629175,True,centered_finite_difference,0,0,0,29448,41,7.775399999999987,5.0,0.010674735973510423,0.9473139082683552,False,0.00357624435715542,ok,0,0
P-176p31832051_VX-0p578189015568_LS-5p80825678862e-05_ST-392p957182722_M-TI64_XI-0p0002_XF-0p0014_XL-0p0012_TE-0p0021_DT-8p34350095405e-06_H-568de84222,236,0,88133,1.6008711,0.0002857069,0.001886578,0.018099999999992254,0.01514895216864166,1.055555555574964,True,centered_finite_difference,0,0,0,15715,16,7.796099999999797,5.0,0.011564297304390484,0.9008646121726501,False,0.0036876503426678166,ok,0,0
P-176p64993117_VX-0p775213670345_LS-6p57722012124e-05_ST-360p022077993_M-TI64_XI-0p0002_XF-0p0014_XL-0p0012_TE-0p0021_DT-6p222956054e-06_H-5731c00627,237,0,65738,1.1942512,0.0002128268,0.001407078,0.018199999999917935,0.011984788944579751,1.0555555555629175,True,centered_finite_difference,0,0,0,11707,65,7.142100000000056,5.0,0.010081695085898873,0.9536334180142081,False,0.0032858207706466676,ok,0,0
P-177p868754925_VX-0p784825891065_LS-5p3694165939e-05_ST-378p775948175_M-TI64_XI-0p0002_XF-0p0014_XL-0p0012_TE-0p0021_DT-6p14673987943e-06_H-fa25be35ef,238,0,64720,1.1757629,0.0002140991,0.001389862,0.018199999999917935,0.01182834192458012,1.0555555555629175,True,centered_finite_difference,0,0,0,12994,185,7.0020000000000095,5.0,0.012157338191728137,0.9186946646270802,False,0.004125527279469707,ok,0,0
P-181p197687991_VX-0p643443519749_LS-5p49477846524e-05_ST-320p630170488_M-TI64_XI-0p0002_XF-0p0014_XL-0p0012_TE-0p0021_DT-7p49734895908e-06_H-6014a1f9c3,240,0,79089,1.4366685000000001,0.0002585675,0.001695236,0.018099999999992254,0.014188495122006376,1.0555555555629175,True,centered_finite_difference,0,0,0,14223,153,7.83809999999994,5.0,0.012453858635565515,0.8921328140805179,False,0.003894396115719199,ok,0,0
P-182p701235644_VX-0p787372384637_LS-5p07019733104e-05_ST-389p154544132_M-TI64_XI-0p0002_XF-0p0014_XL-0p0012_TE-0p0021_DT-6p1268602978e-06_H-d9be003c20,242,0,64460,1.1710407999999999,0.0002143172,0.001385358,0.018199999999917935,0.011785383054244905,1.0555555555629175,True,centered_finite_difference,0,0,0,14794,175,6.847700000000003,5.0,0.013491680188216783,0.8956701158876185,False,0.004266277788982144,ok,0,0
P-183p86712976_VX-0p92773562332_LS-4p77447546287e-05_ST-393p876492884_M-TI64_XI-0p0002_XF-0p0014_XL-0p0012_TE-0p0021_DT-5p19988721113e-06_H-95ed9fb76f,243,0,54590,0.9918178,0.0001839462,0.001175764,0.018199999999972145,0.008814281279203836,1.0555555555629175,True,centered_finite_difference,0,0,0,30072,151,5.661500000000018,5.0,0.013195159744632234,0.9029841176793859,False,0.004158346919709099,ok,0,0
P-186p021611878_VX-0p483877556354_LS-6p53069178085e-05_ST-388p836932905_M-TI64_XI-0p0002_XF-0p0014_XL-0p0012_TE-0p0021_DT-9p96971349398e-06_H-b40dbd8ddd,245,0,97258,1.7665113000000001,0.0003334917,0.002100003,0.018000000000066574,0.016039615084914114,1.05555555558768,True,centered_finite_difference,0,0,0,18342,124,6.419700000000006,5.0,0.010674735973257594,0.8699013952723197,False,0.0032491234564093075,ok,0,0
P-188p702615393_VX-0p897654681927_LS-7p37418626284e-05_ST-361p378936642_M-TI64_XI-0p0002_XF-0p0014_XL-0p0012_TE-0p0021_DT-5p37413851912e-06_H-cedd8dc36d,247,0,56861,1.0330627000000001,0.0001820923,0.001215155,0.018199999999972145,0.009497925196252383,1.0555555555629175,True,centered_finite_difference,0,0,0,16885,36,8.893900000000006,5.0,0.01008169508600422,0.9528139289482941,False,0.0036405205768554345,ok,0,0
P-193p028200221_VX-0p93446669696_LS-8p62901752671e-05_ST-365p941151844_M-TI64_XI-0p0002_XF-0p0014_XL-0p0012_TE-0p0021_DT-5p16243181133e-06_H-4852b0403a,249,0,54734,0.9944419000000001,0.0001728411,0.001167283,0.018199999999972145,0.008606051293953677,1.0555555555629175,True,centered_finite_difference,0,0,0,17369,83,28.50869999999992,5.0,0.01067473597334187,0.9469241590996291,False,0.0031607987868379223,ok,0,0
P-193p81397439_VX-0p717380412454_LS-5p49903358659e-05_ST-340p433066031_M-TI64_XI-0p0002_XF-0p0014_XL-0p0012_TE-0p0021_DT-6p72463384735e-06_H-ff88caf608,251,0,70976,1.2893633,0.0002311657,0.001520529,0.018100000000046464,0.01299900826045513,1.0555555555629175,True,centered_finite_difference,0,0,0,12716,148,7.5149000000000115,5.0,0.012305598413710032,0.891426558647411,False,0.004057766819302571,ok,0,0
P-194p036512211_VX-0p298398024189_LS-7p09068727373e-05_ST-343p727832606_M-TI64_XI-0p0002_XF-0p0014_XL-0p0012_TE-0p0021_DT-1p61667310503e-05_H-7931c20f4a,252,0,86760,1.5756116,0.0005243914,0.002100003,0.018000000000066574,0.016965098168021615,1.05555555558768,True,centered_finite_difference,0,0,0,28840,1,6.382999999999996,5.0,0.00830257242365416,0.546214225613481,False,0.002328288707799767,ok,0,0
P-195p080816167_VX-0p844140965531_LS-6p21634030137e-05_ST-331p625980857_M-TI64_XI-0p0002_XF-0p0014_XL-0p0012_TE-0p0021_DT-5p71482820998e-06_H-cca0c4e3bb,254,0,60408,1.0974688000000001,0.0001947242,0.001292193,0.018199999999917935,0.010656937570269942,1.0555555555629175,True,centered_finite_difference,0,0,0,14189,94,6.729399999999885,5.0,0.011712557526203829,0.9262006058900458,False,0.003923386362507657,ok,0,0
P-196p954129245_VX-0p972458485112_LS-5p85340423111e-05_ST-310p387913302_M-TI64_XI-0p0002_XF-0p0014_XL-0p0012_TE-0p0021_DT-4p96074709293e-06_H-f575443233,255,0,52333,0.9508401999999999,0.0001708418,0.001121682,0.018199999999972145,0.0076076684817377345,1.0555555555629175,True,centered_finite_difference,0,0,0,28984,189,6.387399999999957,5.0,0.01171255752641452,0.9289727126805778,False,0.0041274936941068565,ok,0,0
P-197p742114875_VX-0p874617254357_LS-7p7301896977e-05_ST-350p888533369_M-TI64_XI-0p0002_XF-0p0014_XL-0p0012_TE-0p0021_DT-5p51569338357e-06_H-054022a1b4,256,0,58488,1.0626088,0.0001845642,0.001247173,0.018199999999972145,0.010001794200560797,1.0555555555629175,True,centered_finite_difference,0,0,0,12317,40,8.053099999999976,5.0,0.009785174642040427,0.9498350060697249,False,0.0036589327542872773,ok,0,0
P-198p603717725_VX-0p869799932432_LS-5p56307183941e-05_ST-326p836247823_M-TI64_XI-0p0002_XF-0p0014_XL-0p0012_TE-0p0021_DT-5p54624163919e-06_H-bf3689621a,257,0,58505,1.0629122,0.0001911618,0.001254074,0.018199999999917935,0.010130388803711855,1.0555555555629175,True,centered_finite_difference,0,0,0,19665,168,6.576999999999998,5.0,0.012453858635481239,0.9135956515793792,False,0.004392862026528101,ok,0,0
P-202p397397496_VX-0p555230188132_LS-4p52196790327e-05_ST-397p348654616_M-TI64_XI-0p0002_XF-0p0014_XL-0p0012_TE-0p0021_DT-8p68850560746e-06_H-0011cc30ec,258,1,91447,1.6610268999999998,0.0003035511,0.001964578,0.018099999999992254,0.015502627568203408,1.055555555574964,True,centered_finite_difference,0,0,0,16696,0,4.365299999999991,5.0,0.019273828840622717,0.8010301161341119,False,0.0038492662336242155,ok,0,0
P-203p020934762_VX-0p232834869492_LS-7p55576098976e-05_ST-395p193912826_M-TI64_XI-0p0002_XF-0p0014_XL-0p0012_TE-0p0021_DT-2p07190641743e-05_H-b40dbd8ddd,260,0,79527,1.4442546,0.0006557484,0.002100003,0.018000000000066574,0.017701254245788434,1.05555555558768,True,centered_finite_difference,0,0,0,36073,3,11.770299999999995,5.0,0.006819970205120409,0.4515504363352866,False,0.001596961999849106,ok,0,0
P-206p272219756_VX-0p781444456167_LS-4p98713368602e-05_ST-399p182507166_M-TI64_XI-0p0002_XF-0p0014_XL-0p0012_TE-0p0021_DT-6p17333780404e-06_H-16cfaf1a76,262,0,65045,1.1816647999999998,0.0002142082,0.001395873,0.018199999999917935,0.0118863372887795,1.0555555555629175,True,centered_finite_difference,0,0,0,11783,162,6.721400000000017,5.0,0.014529501741331571,0.8765451079269417,False,0.004689133509624254,ok,0,0
P-207p687789994_VX-0p40901295179_LS-7p09627718894e-05_ST-395p011679_M-TI64_XI-0p0002_XF-0p0014_XL-0p0012_TE-0p0021_DT-1p17945424024e-05_H-d9444347fb,263,0,94543,1.7171257000000002,0.0003828773,0.002100003,0.018000000000066574,0.01626460458132617,1.05555555558768,True,centered_finite_difference,0,0,0,21057,71,7.96670000000006,5.0,0.014974282406855879,0.8030293414567071,False,0.0029616466755516065,ok,0,0
P-208p39901443_VX-0p201684842681_LS-6p50424237325e-05_ST-372p154003234_M-TI64_XI-0p0002_XF-0p0014_XL-0p0012_TE-0p00125_DT-3p19456481434e-05_H-bf889bf790,264,0,25621,0.4652796999999999,0.0007847263,0.001250006,0.018099999999992254,0.014941046730478927,1.055555555574964,True,centered_finite_difference,0,0,0,43175,0,3.9345999999999943,5.0,0.007857791758193058,0.40269320843091333,False,0.000156128024980484,ok,0,0
P-209p90265043_VX-0p477857533217_LS-8p77962223972e-05_ST-386p665335025_M-TI64_XI-0p0002_XF-0p0014_XL-0p0012_TE-0p0021_DT-1p00953114007e-05_H-0011cc30ec,266,0,98019,1.7803537999999999,0.0003196492,0.002100003,0.018000000000066574,0.015978232403387464,1.05555555558768,True,centered_finite_difference,0,0,0,17581,52,6.9283000000000285,5.0,0.009488654198413738,0.9012324266971372,False,0.003040257911812116,ok,0,0
P-210p093044543_VX-0p812610384047_LS-5p18819698292e-05_ST-390p525668596_M-TI64_XI-0p0002_XF-0p0014_XL-0p0012_TE-0p0021_DT-5p93657267704e-06_H-d9be003c20,267,0,62612,1.1374872,0.0002048478,0.001342335,0.018199999999917935,0.011294327740982475,1.0555555555629175,True,centered_finite_difference,0,0,0,13509,170,6.7625000000000455,5.0,0.014826022185000396,0.8826723738640175,False,0.004392199453770104,ok,0,0
P-211p816522505_VX-0p520710876808_LS-4p80782604054e-05_ST-318p660442183_M-TI64_XI-0p0002_XF-0p0014_XL-0p0012_TE-0p0021_DT-9p26448979247e-06_H-5a4acb0e81,268,1,97748,1.7754335,0.0003193945,0.002094828,0.018000000000066574,0.01596359705701964,1.05555555558768,True,centered_finite_difference,0,0,0,17567,52,8.00219999999996,5.0,0.021349471946504654,0.7945819309032502,False,0.004030814244938463,ok,0,0
P-212p092538093_VX-0p79096361392_LS-7p95278191784e-05_ST-347p757246585_M-TI64_XI-0p0002_XF-0p0014_XL-0p0012_TE-0p0021_DT-6p09904238086e-06_H-b40dbd8ddd,269,0,64891,1.17888,0.000200195,0.001379075,0.018199999999917935,0.011656733955076309,1.0555555555629175,True,centered_finite_difference,0,0,0,11012,143,6.3481999999997925,5.0,0.010081695085835667,0.9501001695176452,False,0.003513638465094776,ok,0,0
P-212p375773305_VX-0p288263650586_LS-8p35116649465e-05_ST-312p800399692_M-TI64_XI-0p0002_XF-0p0014_XL-0p0012_TE-0p0021_DT-1p67350985572e-05_H-bf3689621a,270,0,86918,1.578481,0.000521522,0.002100003,0.018000000000066574,0.01695005904473828,1.05555555558768,True,centered_finite_difference,0,0,0,28682,1,5.319100000000001,5.0,0.008895613311033949,0.5800476316485843,False,0.0021169621593014024,ok,0,0
P-218p135837307_VX-0p411781802704_LS-5p72773552436e-05_ST-307p427986374_M-TI64_XI-0p0002_XF-0p0014_XL-0p0012_TE-0p0021_DT-1p17152350379e-05_H-b40dbd8ddd,271,0,94140,1.7097952,0.0003902078,0.002100003,0.018000000000066574,0.01629882489432295,1.05555555558768,True,centered_finite_difference,0,0,0,21460,1,5.395600000000012,5.0,0.015863843738020373,0.7218581034427815,False,0.0034629643399653703,ok,0,0
P-218p170294814_VX-0p856055229722_LS-8p4878396046e-05_ST-374p889107005_M-TI64_XI-0p0002_XF-0p0014_XL-0p0012_TE-0p0021_DT-5p63529131711e-06_H-73846c96ef,272,0,60025,1.0905222,0.0001836918,0.001274214,0.018199999999917935,0.01037362813394075,1.0555555555629175,True,centered_finite_difference,0,0,0,10104,162,8.436500000000024,5.0,0.009340393976684671,0.9465547114487538,False,0.0034652805544448887,ok,0,0
P-218p315594294_VX-0p70315782783_LS-8p24115302242e-05_ST-319p105471156_M-TI64_XI-0p0002_XF-0p0014_XL-0p0012_TE-0p0021_DT-6p86065121098e-06_H-6c8dbbeedf,273,0,73173,1.3292696,0.0002220054,0.001551275,0.018099999999992254,0.013168109928578942,1.0555555555629175,True,centered_finite_difference,0,0,0,12212,132,6.632399999999791,5.0,0.009785174642314324,0.9350024599573608,False,0.003689936041108621,ok,0,0
P-218p521967876_VX-0p920050491887_LS-7p11545742791e-05_ST-300p883630406_M-TI64_XI-0p0002_XF-0p0014_XL-0p0012_TE-0p0021_DT-5p24332158458e-06_H-7931c20f4a,275,0,55644,1.0109669000000001,0.0001746041,0.001185571,0.018199999999972145,0.008958146687313765,1.0555555555629175,True,centered_finite_difference,0,0,0,16515,11,5.865000000000009,5.0,0.010378215529630907,0.9433351904102942,False,0.0035943425048972914,ok,0,0
P-218p846041052_VX-0p877499363134_LS-5p6186595533e-05_ST-332p098243358_M-TI64_XI-0p0002_XF-0p0014_XL-0p0012_TE-0p0021_DT-5p49757732676e-06_H-27d926f040,276,0,58097,1.0555048999999999,0.0001875631,0.001243068,0.018199999999972145,0.009953838881383462,1.0555555555629175,True,centered_finite_difference,0,0,0,18119,146,6.404799999999966,5.0,0.013046899522745148,0.884501514734233,False,0.0043376480308454975,ok,0,0
P-220p072225453_VX-0p425314653287_LS-7p24382024748e-05_ST-381p760927113_M-TI64_XI-0p0002_XF-0p0014_XL-0p0012_TE-0p0021_DT-1p1342474485e-05_H-ba17ade68b,278,0,95539,1.7352429,0.0003647601,0.002100003,0.018000000000066574,0.016180954481539004,1.05555555558768,True,centered_finite_difference,0,0,0,20061,94,7.988100000000031,5.0,0.013343419966571993,0.8192656325231845,False,0.0032343151416190418,ok,0,0
P-220p256246323_VX-0p736244453131_LS-5p8651582992e-05_ST-358p758060614_M-TI64_XI-0p0002_XF-0p0014_XL-0p0012_TE-0p00125_DT-8p75110568607e-06_H-bf889bf790,279,0,56576,1.0278551999999999,0.0002221508,0.001250006,0.018199999999917935,0.010214358858261894,1.0555555555629175,True,centered_finite_difference,0,0,0,12220,128,7.490099999999984,5.0,0.012602118857336721,0.8831816173221387,False,0.0047017233760494916,ok,0,0
P-223p185978023_VX-0p49812515056_LS-8p14092862216e-05_ST-313p14559396_M-TI64_XI-0p0002_XF-0p0014_XL-0p0012_TE-0p0021_DT-9p68455537246e-06_H-b40dbd8ddd,282,0,98693,1.7926138,0.0003073892,0.002100003,0.018000000000066574,0.015924459277550363,1.05555555558768,True,centered_finite_difference,0,0,0,16907,47,8.313400000000026,5.0,0.009192133754471015,0.8863231062294816,False,0.0033032059336116403,ok,0,0
P-227p786589532_VX-0p30483440954_LS-7p3391662288e-05_ST-359p259536614_M-TI64_XI-0p0002_XF-0p0014_XL-0p0012_TE-0p0021_DT-1p58253807708e-05_H-180177fd7b,285,0,88106,1.6000561,0.0004999469,0.002100003,0.018000000000066574,0.016838285856800434,1.05555555558768,True,centered_finite_difference,0,0,0,27494,2,8.157600000000027,5.0,0.008747353089136328,0.5437943363032745,False,0.002326769195845866,ok,0,0
P-228p959503311_VX-0p480404321045_LS-6p0796636822e-05_ST-336p115873803_M-TI64_XI-0p0002_XF-0p0014_XL-0p0012_TE-0p0021_DT-1p00417926977e-05_H-ba17ade68b,287,1,97392,1.7689487,0.0003310543,0.002100003,0.018000000000066574,0.01602875605288193,1.05555555558768,True,centered_finite_difference,0,0,0,18208,65,6.316699999999969,5.0,0.015419063072380187,0.8051565339713115,False,0.003141974104383362,ok,0,0
P-229p384485496_VX-0p374546448601_LS-5p61892687884e-05_ST-346p005476369_M-TI64_XI-0p0002_XF-0p0014_XL-0p0012_TE-0p0021_DT-1p28798994652e-05_H-f404b6f8f4,288,0,92098,1.6726514,0.0004273516,0.002100003,0.018000000000066574,0.016475655553950155,1.05555555558768,True,centered_finite_difference,0,0,0,23502,2,5.460600000000007,5.0,0.011712557526098484,0.6465465758928086,False,0.0027905360652355667,ok,0,0
P-229p433825146_VX-0p876957934743_LS-6p77377719261e-05_ST-358p900225798_M-TI64_XI-0p0002_XF-0p0014_XL-0p0012_TE-0p00125_DT-7p34693508648e-06_H-bf889bf790,290,0,58285,1.0589214999999998,0.0001849095,0.001243831,0.018199999999972145,0.009953734421534449,1.0555555555629175,True,centered_finite_difference,0,0,0,10171,47,6.514699999999948,5.0,0.013343419966529855,0.8823176171848192,False,0.0044952302518701534,ok,0,0
P-234p126702838_VX-0p687075747958_LS-6p17120592739e-05_ST-378p601004081_M-TI64_XI-0p0002_XF-0p0014_XL-0p0012_TE-0p0021_DT-7p02123545672e-06_H-9aef4c9512,292,0,74574,1.3547046,0.0002328924,0.001587597,0.018099999999992254,0.013456529018424727,1.0555555555629175,True,centered_finite_difference,0,0,0,12811,20,5.700499999999977,5.0,0.01319515974471651,0.8769527845198665,False,0.004022903731913695,ok,0,0
P-236p763849841_VX-0p800191513041_LS-6p78517796151e-05_ST-355p994293515_M-TI64_XI-0p0002_XF-0p0014_XL-0p0012_TE-0p0021_DT-6p02870753363e-06_H-eb41f0639c,293,0,64119,1.1648613,0.0001983047,0.001363166,0.018199999999917935,0.011486133661164995,1.0555555555629175,True,centered_finite_difference,0,0,0,10908,43,5.741999999999905,5.0,0.013195159744669106,0.8954427773792071,False,0.004070619794753424,ok,0,0
P-237p061390501_VX-0p937687434899_LS-4p7428723532e-05_ST-371p522412287_M-TI64_XI-0p0002_XF-0p0014_XL-0p0012_TE-0p0021_DT-5p14470006046e-06_H-6445dc47a6,294,0,54180,0.9843765000000001,0.0001788935,0.00116327,0.018199999999972145,0.008552058009528303,1.0555555555629175,True,centered_finite_difference,0,0,0,26480,7,5.432800000000043,5.0,0.01260211885737886,0.8498495727126747,False,0.005038852692002436,ok,0,0
P-237p334710533_VX-0p878374904385_LS-5p83506544001e-05_ST-382p29609677_M-TI64_XI-0p0002_XF-0p0014_XL-0p0012_TE-0p0021_DT-5p49209748472e-06_H-8773df93d2,295,0,58176,1.0569416999999999,0.0001848913,0.001241833,0.018199999999972145,0.009923624092657886,1.0555555555629175,True,centered_finite_difference,0,0,0,15078,109,6.381000000000029,5.0,0.013639940410282957,0.8639106145251396,False,0.004177051998281048,ok,0,0
P-240p150803131_VX-0p464417169926_LS-7p86781365033e-05_ST-312p042470117_M-TI64_XI-0p0002_XF-0p0014_XL-0p0012_TE-0p0021_DT-1p03874725471e-05_H-0744488b5e,298,0,97629,1.7732596999999999,0.0003267433,0.002100003,0.018000000000066574,0.016009602156827805,1.05555555558768,True,centered_finite_difference,0,0,0,17971,22,7.1503000000000725,5.0,0.01067473597334187,0.8434465522186259,False,0.0031855615192362846,ok,0,0
P-244p476502118_VX-0p49526990633_LS-8p73976519147e-05_ST-336p403249939_M-TI64_XI-0p0002_XF-0p0014_XL-0p0012_TE-0p0021_DT-9p74038709269e-06_H-f06f0c9a83,301,0,99038,1.7988893,0.0003011137,0.002100003,0.018000000000066574,0.0158971473884035,1.05555555558768,True,centered_finite_difference,0,0,0,16562,21,6.811100000000046,5.0,0.010081695085793528,0.865676464351707,False,0.0034027686622171514,ok,0,0
P-246p351544569_VX-0p710899222357_LS-7p68583817855e-05_ST-368p835081824_M-TI64_XI-0p0002_XF-0p0014_XL-0p0012_TE-0p0021_DT-6p78594159524e-06_H-f404b6f8f4,302,0,72490,1.3168699,0.0002175161,0.001534386,0.018100000000046464,0.013031455969627669,1.0555555555629175,True,centered_finite_difference,0,0,0,11965,149,6.579499999999996,5.0,0.01082299619523949,0.8928251182938101,False,0.003435003931631006,ok,0,0
P-247p324665735_VX-0p977977830338_LS-8p14476523525e-05_ST-343p514293063_M-TI64_XI-0p0002_XF-0p0014_XL-0p0012_TE-0p0021_DT-4p93275047078e-06_H-b40dbd8ddd,303,0,52605,0.9557888999999999,0.0001595731,0.001115362,0.018199999999972145,0.007411946558687735,1.0555555555629175,True,centered_finite_difference,0,0,0,17984,130,6.694100000000024,5.0,0.010229955307901838,0.9285795756976656,False,0.0036499125541783893,ok,0,0
P-52p5445860993_VX-0p633129978235_LS-4p5e-05_ST-300_M-TI64_XI--0p0002_XF-0p0012_XL-0p0014_TE-0p00125_DT-2p95323714861e-06_H-306f9d252b,305,0,68528,1.24513329,4.87271e-06,0.001250006,0.018199999999917935,0.009311950884124901,1.0555555555629175,True,centered_finite_difference,0,0,0,268,196,9.973660000000002,5.0,0.009488654198455876,0.9687860259459775,False,0.004625913873363784,ok,0,0
P-53p4525830151_VX-0p394191978834_LS-4p5e-05_ST-300_M-TI64_XI--0p0002_XF-0p0012_XL-0p0014_TE-0p00125_DT-4p7433308439e-06_H-306f9d252b,306,0,68535,1.245260562,4.745438e-06,0.001250006,0.018199999999917935,0.009311476995879244,1.0555555555629175,True,centered_finite_difference,0,0,0,261,18,8.900840000000002,5.0,0.021571862279287875,0.8914261534420871,False,0.0030203986342545305,ok,0,0
P-59p3859586774_VX-0p222677981218_LS-4p5e-05_ST-300_M-TI64_XI--0p0002_XF-0p0012_XL-0p0014_TE-0p00125_DT-8p39680224058e-06_H-306f9d252b,308,0,68571,1.2459151039999998,4.090896e-06,0.001250006,0.018199999999917935,0.009309041012107395,1.0555555555629175,True,centered_finite_difference,0,0,0,225,10,8.11909,5.0,0.007798487669402407,0.5561324194254047,False,0.0024938019542073793,ok,0,0
P-63p4364244112_VX-0p87794698955_LS-4p5e-05_ST-300_M-TI64_XI--0p0002_XF-0p0012_XL-0p0014_TE-0p00125_DT-2p12972194663e-06_H-306f9d252b,309,0,68174,1.238705738,3.727262e-06,0.001242433,0.018199999999917935,0.00920121191485756,1.0555555555629175,True,centered_finite_difference,0,0,0,205,268,8.014766000000002,5.0,0.01037821552954663,0.9764422865357253,False,0.00453258621448374,ok,0,0
P-71p6599397131_VX-0p537693260466_LS-4p5e-05_ST-300_M-TI64_XI--0p0002_XF-0p0012_XL-0p0014_TE-0p00125_DT-3p47741567376e-06_H-306f9d252b,311,0,68622,1.246842371,3.163629e-06,0.001250006,0.018199999999917935,0.009305593266136527,1.0555555555629175,True,centered_finite_difference,0,0,0,174,82,9.234729999999999,5.0,0.012305598413625756,0.9669343203975459,False,0.0035703356115474854,ok,0,0
P-71p8781037338_VX-0p56768277259_LS-4p5e-05_ST-300_M-TI64_XI--0p0002_XF-0p0012_XL-0p0014_TE-0p00125_DT-3p29371096306e-06_H-306f9d252b,312,0,68623,1.246860553,3.145447e-06,0.001250006,0.018199999999917935,0.009305525715434509,1.0555555555629175,True,centered_finite_difference,0,0,0,173,30,9.521860000000004,5.0,0.011712557526203829,0.9684066334411705,False,0.003949170819853691,ok,0,0
P-72p876222127_VX-0p956216556443_LS-4p5e-05_ST-300_M-TI64_XI--0p0002_XF-0p0012_XL-0p0014_TE-0p00125_DT-1p95539698515e-06_H-306f9d252b,313,0,62609,1.137641098,3.090902e-06,0.001140732,0.018199999999972145,0.007455315291233806,1.0555555555629175,True,centered_finite_difference,0,0,0,170,271,8.183538,5.0,0.0102299553078597,0.9781497572195247,False,0.004552133912599029,ok,0,0
P-74p5163352518_VX-0p201002332148_LS-4p5e-05_ST-300_M-TI64_XI--0p0002_XF-0p0012_XL-0p0014_TE-0p00125_DT-9p30229491189e-06_H-fb250c7cf9,314,0,68631,1.247006006,2.999994e-06,0.001250006,0.018199999999917935,0.009304985221293196,1.0555555555629175,True,centered_finite_difference,0,0,0,165,6,7.243130000000001,5.0,0.007264750870707924,0.5278886784205158,False,0.002098207780853854,ok,0,0
P-76p2867092863_VX-0p693142102976_LS-5p97726511316e-05_ST-352p808802476_M-TI64_XI-0p0002_XF-0p0014_XL-0p0012_TE-0p0021_DT-6p95978585387e-06_H-0744488b5e,315,0,72065,1.3090975999999999,0.0002645884,0.001573686,0.018099999999992254,0.013525065895055416,1.0555555555629175,True,centered_finite_difference,0,0,0,17201,33,7.509299999999939,5.0,0.009488654198540152,0.9617423401420959,False,0.003385879218472469,ok,0,0
P-77p1412079225_VX-0p963213148682_LS-8p58459875102e-05_ST-347p110895162_M-TI64_XI-0p0002_XF-0p0014_XL-0p0012_TE-0p0021_DT-5p00836248925e-06_H-8eb307dfff,316,0,51074,0.9279485,0.0002045025,0.001132451,0.018199999999972145,0.007989493799519399,1.0555555555629175,True,centered_finite_difference,0,0,0,48188,34,217.6753,5.0,0.012750379078897235,0.8765492530299767,False,0.0025257964090615393,ok,0,0
P-77p6071708937_VX-0p433253784538_LS-7p48831675656e-05_ST-344p207921637_M-TI64_XI-0p0002_XF-0p0014_XL-0p0012_TE-0p0021_DT-1p11346300371e-05_H-5958772c6a,318,0,92514,1.6802184,0.0004197846,0.002100003,0.018000000000066574,0.016439158200825154,1.05555555558768,True,centered_finite_difference,0,0,0,23086,56,9.200699999999983,5.0,0.008450832645593917,0.9612594986650524,False,0.0026266578751094442,ok,0,0
P-78p18378444_VX-0p804643363326_LS-4p5e-05_ST-300_M-TI64_XI--0p0002_XF-0p0012_XL-0p0014_TE-0p00125_DT-2p32374124592e-06_H-b0e5aed98c,319,0,68641,1.2471878229999998,2.818177e-06,0.001250006,0.018199999999917935,0.009304309771399778,1.0555555555629175,True,centered_finite_difference,0,0,0,155,250,7.93756999999998,5.0,0.008747353089368089,0.9785693473193473,False,0.0040646853146853144,ok,0,0
P-78p3109819881_VX-0p819836919071_LS-8p42620704062e-05_ST-359p367913591_M-TI64_XI-0p0002_XF-0p0014_XL-0p0012_TE-0p0021_DT-5p88424415978e-06_H-cedd8dc36d,320,0,60320,1.0958386,0.0002346554,0.001330494,0.018199999999917935,0.011306052144702199,1.0555555555629175,True,centered_finite_difference,0,0,0,38570,27,9.195100000000046,5.0,0.013788200632222714,0.8895372933901424,False,0.0028515061589217327,ok,0,0
P-79p1315856604_VX-0p738156089448_LS-4p61026192486e-05_ST-370p648100327_M-TI64_XI-0p0002_XF-0p0014_XL-0p0012_TE-0p0021_DT-6p53536653287e-06_H-0d7d85a8f4,321,0,67772,1.2311618,0.0002465622,0.001477724,0.018100000000100674,0.012754106888183927,1.0555555555629175,True,centered_finite_difference,0,0,0,27508,178,8.856300000000005,5.0,0.009636914420395635,0.9691165837895265,False,0.003910227088282599,ok,0,0
P-82p6239965333_VX-0p567384090403_LS-6p29636633496e-05_ST-368p216750002_M-TI64_XI-0p0002_XF-0p0014_XL-0p0012_TE-0p0021_DT-8p50238962391e-06_H-e6df4d4a2d,322,0,88359,1.6049243999999998,0.0003175756,0.0019225,0.018099999999992254,0.015426591995286561,1.055555555574964,True,centered_finite_difference,0,0,0,17467,193,7.208700000000007,5.0,0.0081543122017144,0.96165599040268,False,0.0031236560356730572,ok,0,0
P-83p4130417347_VX-0p322492976823_LS-7p74299080266e-05_ST-371p281013063_M-TI64_XI-0p0002_XF-0p0014_XL-0p0012_TE-0p0021_DT-1p49588392607e-05_H-b41989dc4b,323,0,85330,1.5496417,0.0005503613,0.002100003,0.018000000000066574,0.017103122411045096,1.05555555558768,True,centered_finite_difference,0,0,0,30270,86,7.875599999999935,5.0,0.017642966400086002,0.886509861828921,False,0.002250114263614949,ok,0,0
P-88p5362444224_VX-0p501389667448_LS-5p57799721508e-05_ST-306p707884961_M-TI64_XI-0p0002_XF-0p0014_XL-0p0012_TE-0p0021_DT-9p62149983578e-06_H-1422635bbf,325,0,96086,1.7451927,0.0003548103,0.002100003,0.018000000000066574,0.016135570944384798,1.05555555558768,True,centered_finite_difference,0,0,0,19514,170,7.917800000000028,5.0,0.008450832645341088,0.9584430452203778,False,0.0031534578758391006,ok,0,0
P-89p9091669401_VX-0p254822282222_LS-4p87644701271e-05_ST-380p329545658_M-TI64_XI-0p0002_XF-0p0014_XL-0p0012_TE-0p0021_DT-1p8931313859e-05_H-f4a4199ba7,326,0,77721,1.4114563,0.0006885467,0.002100003,0.018000000000066574,0.017901044402523637,1.05555555558768,True,centered_finite_difference,0,0,0,37879,0,4.841299999999997,5.0,0.00667170998341241,0.513484302624807,False,0.002496139989706639,ok,0,0
P-90p3577538021_VX-0p606625134218_LS-7p79676391387e-05_ST-345p062824899_M-TI64_XI-0p0002_XF-0p0014_XL-0p0012_TE-0p0021_DT-7p95239156919e-06_H-e341aeefe6,328,0,82583,1.500059,0.000298076,0.001798135,0.018099999999992254,0.014857871449740356,1.055555555574964,True,centered_finite_difference,0,0,0,16395,159,7.677000000000021,5.0,0.00948865419858229,0.954893318156499,False,0.003099949141459398,ok,0,0
P-92p0306358058_VX-0p635786516528_LS-6p85874395416e-05_ST-348p651765165_M-TI64_XI-0p0002_XF-0p0014_XL-0p0012_TE-0p0021_DT-7p58764220003e-06_H-8daf8adcd4,330,0,78966,1.4343985,0.0002812685,0.001715667,0.018099999999992254,0.014401184709153352,1.0555555555629175,True,centered_finite_difference,0,0,0,15471,161,7.013299999999987,5.0,0.00963691442024815,0.9567909833470525,False,0.0031786234407648957,ok,0,0
P-93p2349412886_VX-0p318136092994_LS-6p37701091846e-05_ST-373p005608841_M-TI64_XI-0p0002_XF-0p0014_XL-0p0012_TE-0p0021_DT-1p51637010363e-05_H-95ed9fb76f,331,0,85561,1.5538369,0.0005461661,0.002100003,0.018000000000066574,0.017080588043978297,1.05555555558768,True,centered_finite_difference,0,0,0,30039,0,4.830100000000002,5.0,0.012898639301005547,0.7790790088826555,False,0.0024310425432445067,ok,0,0
P-93p7887593651_VX-0p596649793105_LS-4p5e-05_ST-300_M-TI64_XI--0p0002_XF-0p0012_XL-0p0014_TE-0p00125_DT-3p13380310062e-06_H-306f9d252b,332,0,68674,1.2477878199999999,2.21818e-06,0.001250006,0.018199999999917935,0.009302081872323061,1.0555555555629175,True,centered_finite_difference,0,0,0,122,7,7.767759999999996,5.0,0.01174962258153075,0.9494415563613064,False,0.003698687985088754,ok,0,0
P-96p3048792257_VX-0p802808589305_LS-5p4654094879e-05_ST-371p269771919_M-TI64_XI-0p0002_XF-0p0014_XL-0p0012_TE-0p0021_DT-6p00905454586e-06_H-24e0a43587,334,0,62540,1.1361654,0.0002225506,0.001358716,0.018199999999917935,0.011555028909093068,1.0555555555629175,True,centered_finite_difference,0,0,0,29793,29,7.064799999999934,5.0,0.00919213375478705,0.9590975231455572,False,0.0038216153120452837,ok,0,0
P-97p6596954152_VX-0p666705631564_LS-4p5e-05_ST-300_M-TI64_XI--0p0002_XF-0p0012_XL-0p0014_TE-0p00125_DT-2p80451054123e-06_H-b0e5aed98c,335,0,68680,1.24789691,2.10909e-06,0.001250006,0.018199999999917935,0.009301676954548503,1.0555555555629175,True,centered_finite_difference,0,0,0,116,34,7.123950000000008,5.0,0.01097036685560599,0.9715779204705951,False,0.003960453704917078,ok,0,0
P-98p2720448178_VX-0p404108184606_LS-6p2082238115e-05_ST-312p013044035_M-TI64_XI-0p0002_XF-0p0014_XL-0p0012_TE-0p0021_DT-1p19376958616e-05_H-e0ed0fec98,336,0,91893,1.6689224999999999,0.0004310805,0.002100003,0.018000000000066574,0.016493730876589344,1.05555555558768,True,centered_finite_difference,0,0,0,23707,110,8.467800000000011,5.0,0.009933434864022322,0.9169242153832761,False,0.002916467157097462,ok,0,0
P-98p5137427197_VX-0p87794698955_LS-7p93698578539e-05_ST-325p506902574_M-TI64_XI-0p0002_XF-0p0014_XL-0p0012_TE-0p00125_DT-7p33865836642e-06_H-bf889bf790,337,0,57031,1.0361311,0.0002063019,0.001242433,0.018199999999917935,0.010029895069198927,1.0555555555629175,True,centered_finite_difference,0,0,0,11348,59,7.631199999999865,5.0,0.011119516638655487,0.9470278800631247,False,0.0038576187971243207,ok,0,0
P-98p6430415843_VX-0p873233253177_LS-7p66258838728e-05_ST-323p115187787_M-TI64_XI-0p0002_XF-0p0014_XL-0p0012_TE-0p0021_DT-5p52443529316e-06_H-95ed9fb76f,338,0,57318,1.0413417,0.0002077923,0.001249134,0.018199999999917935,0.010134533480597056,1.0555555555629175,True,centered_finite_difference,0,0,0,34550,74,7.093800000000009,5.0,0.010822996195197351,0.9413786485684875,False,0.0031927700333234466,ok,0,0
P-99p0936052974_VX-0p300439480401_LS-4p95355776339e-05_ST-340p036700638_M-TI64_XI-0p0002_XF-0p0014_XL-0p0012_TE-0p0021_DT-1p60568797302e-05_H-701e6757d1,339,0,83697,1.5199851,0.0005800179,0.002100003,0.018000000000066574,0.017265084641276626,1.05555555558768,True,centered_finite_difference,0,0,0,31903,0,3.993399999999988,5.0,0.007857791758003437,0.5952853182947812,False,0.0024015484610973047,ok,0,0
P-100p408926704_VX-0p564694322144_LS-6p38706769001e-05_ST-381p633419878_M-TI64_XI-0p0002_XF-0p0014_XL-0p0012_TE-0p0021_DT-8p54288845105e-06_H-790e4fd6dd,342,0,89235,1.6208441,0.0003108089,0.001931653,0.018099999999992254,0.015426288353685952,1.055555555574964,True,centered_finite_difference,0,0,0,17095,172,7.95100000000005,5.0,0.009340393976558257,0.9600040343366878,False,0.003182643387049779,ok,0,0
P-102p025474754_VX-0p424029390103_LS-7p94734719352e-05_ST-354p238131711_M-TI64_XI-0p0002_XF-0p0014_XL-0p0012_TE-0p0021_DT-1p13768543304e-05_H-6f31342894,343,0,93072,1.6903683999999999,0.0004096346,0.002100003,0.018000000000066574,0.016390585305981156,1.05555555558768,True,centered_finite_difference,0,0,0,22528,67,7.618800000000011,5.0,0.009192133754618498,0.9588378764599069,False,0.0026001654650750503,ok,0,0
P-102p449509144_VX-0p918837420936_LS-5p51471704636e-05_ST-339p471112188_M-TI64_XI-0p0002_XF-0p0014_XL-0p0012_TE-0p0021_DT-5p25024394207e-06_H-b41981edcb,344,0,54659,0.993063,0.000194088,0.001187151,0.018199999999972145,0.009068300589354398,1.0555555555629175,True,centered_finite_difference,0,0,0,39109,17,7.544800000000123,5.0,0.009636914420227082,0.9615243880127338,False,0.003750594606462,ok,0,0
P-110p110895975_VX-0p451651242475_LS-8p6859144947e-05_ST-349p969995372_M-TI64_XI-0p0002_XF-0p0014_XL-0p0012_TE-0p0021_DT-1p06810745755e-05_H-6f31342894,345,0,94615,1.7184354000000002,0.0003815676,0.002100003,0.018000000000066574,0.01625851264477418,1.05555555558768,True,centered_finite_difference,0,0,0,20985,78,28.52340000000001,5.0,0.008154312201840815,0.9573636036950134,False,0.0025894687889741475,ok,0,0
P-110p131967455_VX-0p225166085115_LS-5p63312318207e-05_ST-326p092691949_M-TI64_XI-0p0002_XF-0p0014_XL-0p0012_TE-0p0021_DT-2p14247212255e-05_H-b41981edcb,346,0,73962,1.3431898000000002,0.0007568132,0.002100003,0.018000000000066574,0.018340301548039305,1.05555555558768,True,centered_finite_difference,0,0,0,41638,1,5.52240000000002,5.0,0.00622692931771955,0.4974513595002772,False,0.0018117656602804181,ok,0,0
P-118p139890353_VX-0p847347819728_LS-5p08934239386e-05_ST-372p913421628_M-TI64_XI-0p0002_XF-0p0014_XL-0p0012_TE-0p0021_DT-5p69319999497e-06_H-d7a336064e,347,0,59448,1.0800247,0.0002072833,0.001287308,0.018199999999917935,0.010653424238822441,1.0555555555629175,True,centered_finite_difference,0,0,0,31320,52,7.260600000000011,5.0,0.011267776860426694,0.957676585866402,False,0.003986744495096473,ok,0,0
P-121p661876009_VX-0p281641526906_LS-7p16631028882e-05_ST-330p429005364_M-TI64_XI-0p0002_XF-0p0014_XL-0p0012_TE-0p0021_DT-1p71285841829e-05_H-25d163a2a5,348,0,83123,1.5095607999999998,0.0005904422,0.002100003,0.018000000000066574,0.017323154071580353,1.05555555558768,True,centered_finite_difference,0,0,0,32477,2,6.98490000000001,5.0,0.009488654198519084,0.6664541276677655,False,0.002189552705661558,ok,0,0
P-126p512169142_VX-0p57236868357_LS-7p44940442576e-05_ST-386p738254947_M-TI64_XI-0p0002_XF-0p0014_XL-0p0012_TE-0p0021_DT-8p42834477408e-06_H-d7a336064e,349,0,88617,1.6096445000000001,0.0002961115,0.001905756,0.018099999999992254,0.015267307878967113,1.055555555574964,True,centered_finite_difference,0,0,0,16287,40,6.987100000000112,5.0,0.009192133754702774,0.9561140200415275,False,0.0032386927868556467,ok,0,0
P-128p682231034_VX-0p601925389683_LS-8p082715257e-05_ST-394p322355105_M-TI64_XI-0p0002_XF-0p0014_XL-0p0012_TE-0p0021_DT-8p01448266795e-06_H-b41981edcb,350,0,84268,1.5306861999999999,0.0002814868,0.001812173,0.018099999999992254,0.014836846267894842,1.055555555574964,True,centered_finite_difference,0,0,0,15483,70,7.380200000000059,5.0,0.009785174642124703,0.955712200505536,False,0.002812488874648439,ok,0,0
P-129p569646497_VX-0p287154347682_LS-6p5197985882e-05_ST-393p701994752_M-TI64_XI-0p0002_XF-0p0014_XL-0p0012_TE-0p0021_DT-1p67997477383e-05_H-b41981edcb,351,0,83795,1.5217649,0.0005782381,0.002100003,0.018000000000066574,0.017255229098496312,1.05555555558768,True,centered_finite_difference,0,0,0,31805,1,8.659299999999991,5.0,0.008154312201798677,0.5724395541446882,False,0.0025061460247750435,ok,0,0
P-131p049819122_VX-0p780196421599_LS-5p30845028915e-05_ST-389p742843455_M-TI64_XI-0p0002_XF-0p0014_XL-0p0012_TE-0p0021_DT-6p18321293134e-06_H-b41981edcb,352,0,64752,1.1763379,0.0002217691,0.001398107,0.018199999999917935,0.011944519384196712,1.0555555555629175,True,centered_finite_difference,0,0,0,21033,202,6.810000000000116,5.0,0.010229955307522595,0.9599079550894967,False,0.003938163117171936,ok,0,0
P-132p12166853_VX-0p788188085218_LS-6p42596953306e-05_ST-382p443068729_M-TI64_XI-0p0002_XF-0p0014_XL-0p0012_TE-0p0021_DT-6p1205195733e-06_H-b41981edcb,353,0,64192,1.1661707000000001,0.0002177523,0.001383923,0.018199999999917935,0.011787517269888987,1.0555555555629175,True,centered_finite_difference,0,0,0,20207,193,7.304700000000082,5.0,0.009933434864190875,0.9555233599725819,False,0.003910205480519076,ok,0,0
P-134p93654729_VX-0p343298656719_LS-5p9412954069e-05_ST-389p435734624_M-TI64_XI-0p0002_XF-0p0014_XL-0p0012_TE-0p0021_DT-1p40522559835e-05_H-b41981edcb,354,0,88773,1.61217,0.000487833,0.002100003,0.018000000000066574,0.01677650553536258,1.05555555558768,True,centered_finite_difference,0,0,0,26827,0,4.320600000000027,5.0,0.012750379079150064,0.7155296715180463,False,0.002692290361825801,ok,0,0
P-137p056736091_VX-0p84145784316_LS-6p02926393206e-05_ST-342p992007776_M-TI64_XI-0p0002_XF-0p0014_XL-0p0012_TE-0p0021_DT-5p73305085006e-06_H-ddeae69a6e,355,0,60131,1.0924314,0.0002038846,0.001296316,0.018199999999917935,0.010752052592569686,1.0555555555629175,True,centered_finite_difference,0,0,0,25385,206,6.8103000000000975,5.0,0.009785174642208978,0.9593879926825212,False,0.004057874605022452,ok,0,0
P-139p185905374_VX-0p93275027917_LS-8p26285474625e-05_ST-371p150203889_M-TI64_XI-0p0002_XF-0p0014_XL-0p0012_TE-0p0021_DT-5p17193155633e-06_H-b789300819,356,0,54240,0.9854616000000002,0.0001839644,0.001169426,0.018199999999972145,0.008692824769576876,1.0555555555629175,True,centered_finite_difference,0,0,0,30133,89,6.5848000000002,5.0,0.011416037082324313,0.9493537860211287,False,0.0035398882722764064,ok,0,0
P-140p314676599_VX-0p596196399995_LS-8p19973378232e-05_ST-342p525649343_M-TI64_XI-0p0002_XF-0p0014_XL-0p0012_TE-0p0021_DT-8p09149569346e-06_H-95fb07b078,357,0,85310,1.549612,0.000279977,0.001829589,0.018099999999992254,0.014901050339889964,1.055555555574964,True,centered_finite_difference,0,0,0,15400,59,7.048499999999876,5.0,0.00978517464216684,0.9548230550117807,False,0.0033642405842290966,ok,0,0
P-141p451666054_VX-0p378275685755_LS-6p85388508408e-05_ST-315p145948826_M-TI64_XI-0p0002_XF-0p0014_XL-0p0012_TE-0p0021_DT-1p27529227616e-05_H-8bf1b39107,358,0,91619,1.6639385,0.0004360645,0.002100003,0.018000000000066574,0.016517984754462377,1.05555555558768,True,centered_finite_difference,0,0,0,23981,89,7.288299999999964,5.0,0.011712557526203829,0.8709533061188849,False,0.0029361042589884086,ok,0,0
P-145p199982561_VX-0p253198682602_LS-7p7513591008e-05_ST-398p693210886_M-TI64_XI-0p0002_XF-0p0014_XL-0p0012_TE-0p0021_DT-1p90527081478e-05_H-2d34966482,359,0,80754,1.4665379,0.0006334651,0.002100003,0.018000000000066574,0.017569383690833513,1.05555555558768,True,centered_finite_difference,0,0,0,34846,2,5.993500000000012,5.0,0.007709531536211163,0.5544437977536438,False,0.0017584486025286987,ok,0,0
P-149p381043177_VX-0p292260061908_LS-7p79529508561e-05_ST-384p444199936_M-TI64_XI-0p0002_XF-0p0014_XL-0p0012_TE-0p0021_DT-1p65062601148e-05_H-6464f5e6a2,360,0,85422,1.5513125,0.0005486905,0.002100003,0.018000000000066574,0.01709413716263074,1.05555555558768,True,centered_finite_difference,0,0,0,30178,3,6.67730000000001,5.0,0.00948865419858229,0.6729141545989862,False,0.002036969831774388,ok,0,0
P-150p755371566_VX-0p566215971452_LS-6p88880703989e-05_ST-365p237346809_M-TI64_XI-0p0002_XF-0p0014_XL-0p0012_TE-0p0021_DT-8p51993028498e-06_H-3a501d5f99,361,0,89926,1.6334216,0.0002930374,0.001926459,0.018099999999992254,0.015325954226837734,1.055555555574964,True,centered_finite_difference,0,0,0,16118,65,6.93930000000006,5.0,0.009340393976347566,0.9462440922991382,False,0.003247150403113706,ok,0,0
P-155p08939981_VX-0p967429278716_LS-6p89242148544e-05_ST-322p599938314_M-TI64_XI-0p0002_XF-0p0014_XL-0p0012_TE-0p0021_DT-4p98653566638e-06_H-765072ed36,362,0,52425,0.9525071,0.0001750039,0.001127511,0.018199999999972145,0.007760873828010942,1.0555555555629175,True,centered_finite_difference,0,0,0,32015,170,6.862200000000001,5.0,0.010081695085582838,0.9566801464977873,False,0.0038341217762856705,ok,0,0
P-156p536166657_VX-0p9922713524_LS-8p48527663575e-05_ST-399p457924021_M-TI64_XI-0p0002_XF-0p0014_XL-0p0012_TE-0p0021_DT-4p86169492987e-06_H-17f36d0008,363,0,51154,0.9294287000000001,0.0001698603,0.001099289,0.018199999999972145,0.007023416877369307,1.0555555555629175,True,centered_finite_difference,0,0,0,30043,45,6.767999999999972,5.0,0.01186081774810145,0.9053036967528786,False,0.0034406584169061442,ok,0,0
P-162p201106716_VX-0p908426857038_LS-8p56302518524e-05_ST-395p218711567_M-TI64_XI-0p0002_XF-0p0014_XL-0p0012_TE-0p0021_DT-5p31041169208e-06_H-b41981edcb,364,0,56005,1.0175166,0.0001832374,0.001200754,0.018199999999972145,0.009263333222762732,1.0555555555629175,True,centered_finite_difference,0,0,0,21198,38,7.872699999999952,5.0,0.010674735973257594,0.9453431897721591,False,0.0031247768016570243,ok,0,0
P-165p961555057_VX-0p261983014715_LS-5p47380727674e-05_ST-307p441799119_M-TI64_XI-0p0002_XF-0p0014_XL-0p0012_TE-0p0021_DT-1p84138678161e-05_H-b41981edcb,365,0,81083,1.4725127999999998,0.0006274902,0.002100003,0.018000000000066574,0.01753453870378489,1.05555555558768,True,centered_finite_difference,0,0,0,34517,0,4.9553000000000305,5.0,0.006968230426954822,0.4575738141634395,False,0.002269307614513702,ok,0,0
P-171p793878697_VX-0p802872637148_LS-7p56304072004e-05_ST-389p149112673_M-TI64_XI-0p0002_XF-0p0014_XL-0p0012_TE-0p0021_DT-6p00857518342e-06_H-b41981edcb,366,0,63520,1.1539773,0.0002046297,0.001358607,0.018199999999917935,0.011467671431811365,1.0555555555629175,True,centered_finite_difference,0,0,0,11256,32,8.635300000000022,5.0,0.009785174642124703,0.9614131204836348,False,0.0033218407090791734,ok,0,0
P-178p179131994_VX-0p674364285322_LS-6p39772031663e-05_ST-392p701744041_M-TI64_XI-0p0002_XF-0p0014_XL-0p0012_TE-0p0021_DT-7p15358257846e-06_H-b41981edcb,367,0,75632,1.3739103,0.0002435977,0.001617508,0.018099999999992254,0.01368992138583071,1.0555555555629175,True,centered_finite_difference,0,0,0,13400,20,7.613200000000035,5.0,0.01097125641692642,0.9312451243537703,False,0.0033980775079001995,ok,0,0
P-180p4231768_VX-0p853402947533_LS-8p92029044014e-05_ST-332p421625378_M-TI64_XI-0p0002_XF-0p0014_XL-0p0012_TE-0p0021_DT-5p65280518067e-06_H-0b12abf205,368,0,59865,1.087611,0.000190562,0.001278173,0.018199999999917935,0.01045712470564719,1.0555555555629175,True,centered_finite_difference,0,0,0,11523,76,6.604000000000006,5.0,0.010378215529504492,0.9480155018040892,False,0.003407724174796205,ok,0,0
P-181p628478787_VX-0p952936233186_LS-6p91719476824e-05_ST-399p362560559_M-TI64_XI-0p0002_XF-0p0014_XL-0p0012_TE-0p0021_DT-5p06237504149e-06_H-2ecbc85805,369,0,53458,0.9712687000000001,0.0001733863,0.001144655,0.018199999999972145,0.008142955792754198,1.0555555555629175,True,centered_finite_difference,0,0,0,24897,15,6.546300000000201,5.0,0.009488654198666567,0.9458817367229736,False,0.0037413248031127823,ok,0,0
P-188p623199531_VX-0p253450423389_LS-5p98563054886e-05_ST-373p9812389_M-TI64_XI-0p0002_XF-0p0014_XL-0p0012_TE-0p0021_DT-1p90337839587e-05_H-b41981edcb,370,0,80799,1.4673552,0.0006326478,0.002100003,0.018000000000066574,0.017564602743588387,1.05555555558768,True,centered_finite_difference,0,0,0,34801,1,5.050300000000008,5.0,0.006968230427039098,0.46442981261912425,False,0.002128765563504047,ok,0,0
P-189p966894809_VX-0p644468304217_LS-6p74843907822e-05_ST-388p1301819_M-TI64_XI-0p0002_XF-0p0014_XL-0p0012_TE-0p0021_DT-7p48542724514e-06_H-851e5d4577,371,0,79341,1.4412564,0.0002512916,0.001692548,0.018099999999992254,0.014139521742488795,1.0555555555629175,True,centered_finite_difference,0,0,0,13823,81,6.3513999999999555,5.0,0.009636914420437773,0.9259768086715402,False,0.0036047390975548275,ok,0,0
P-191p425479448_VX-0p407642571095_LS-6p68635438353e-05_ST-376p486404344_M-TI64_XI-0p0002_XF-0p0014_XL-0p0012_TE-0p0021_DT-1p18341923663e-05_H-9a0fcdd2aa,372,0,94062,1.7083764000000001,0.0003916266,0.002100003,0.018000000000066574,0.016305473293311914,1.05555555558768,True,centered_finite_difference,0,0,0,21538,50,7.730200000000025,5.0,0.01616036418161546,0.8095703851755776,False,0.003072474245436472,ok,0,0
P-194p299416559_VX-0p806548050335_LS-7p3474496565e-05_ST-381p946978961_M-TI64_XI-0p0002_XF-0p0014_XL-0p0012_TE-0p0021_DT-5p98119430208e-06_H-b41981edcb,373,0,63396,1.1517283,0.0002006857,0.001352414,0.018199999999917935,0.01138326089390251,1.0555555555629175,True,centered_finite_difference,0,0,0,11039,39,6.255400000000066,5.0,0.009785174642124703,0.9522517548702579,False,0.0034229828850855745,ok,0,0
P-196p499083559_VX-0p373706074139_LS-6p49065899682e-05_ST-353p001345311_M-TI64_XI-0p0002_XF-0p0014_XL-0p0012_TE-0p0021_DT-1p290886324e-05_H-b789300819,374,0,92152,1.6736337000000001,0.0004263693,0.002100003,0.018000000000066574,0.016470902481862774,1.05555555558768,True,centered_finite_difference,0,0,0,23448,1,5.068199999999985,5.0,0.01749470617844121,0.7305943505767707,False,0.0029625288927955205,ok,0,0
P-199p092557979_VX-0p316505824784_LS-5p93128195415e-05_ST-330p512210532_M-TI64_XI-0p0002_XF-0p0014_XL-0p0012_TE-0p0021_DT-1p52418067071e-05_H-8bf1b39107,375,0,87741,1.5934274,0.0005065756,0.002100003,0.018000000000066574,0.016872382773017756,1.05555555558768,True,centered_finite_difference,0,0,0,27859,1,5.465799999999991,5.0,0.008599092867365123,0.5313767950763619,False,0.002872122179165717,ok,0,0
P-202p623346674_VX-0p47308497906_LS-5p69403778977e-05_ST-355p073751689_M-TI64_XI-0p0002_XF-0p0014_XL-0p0012_TE-0p0021_DT-1p01971544575e-05_H-b41981edcb,376,0,96710,1.7565432,0.0003434598,0.002100003,0.018000000000066574,0.0160842657411803,1.05555555558768,True,centered_finite_difference,0,0,0,18890,5,5.230000000000018,5.0,0.017642966400254555,0.8110620521357889,False,0.0033192360586915383,ok,0,0
P-205p507001181_VX-0p303336340291_LS-4p80706805647e-05_ST-333p622908766_M-TI64_XI-0p0002_XF-0p0014_XL-0p0012_TE-0p0021_DT-1p59035366431e-05_H-89a38ff0e6,377,0,85689,1.5561614000000001,0.0005438416,0.002100003,0.018000000000066574,0.017068144812037136,1.05555555558768,True,centered_finite_difference,0,0,0,29911,0,4.69149999999998,5.0,0.007116490648810304,0.4586056390626459,False,0.0027308374568200916,ok,0,0
P-207p940614893_VX-0p318461267696_LS-7p4904937331e-05_ST-370p987623474_M-TI64_XI-0p0002_XF-0p0014_XL-0p0012_TE-0p0021_DT-1p51482176715e-05_H-0b12abf205,378,0,89019,1.6166448,0.0004833582,0.002100003,0.018000000000066574,0.016753670044871175,1.05555555558768,True,centered_finite_difference,0,0,0,26581,1,5.532100000000021,5.0,0.009933434863866938,0.602529825428565,False,0.002684850255004606,ok,0,0
P-210p464738138_VX-0p237113609615_LS-6p46217439158e-05_ST-306p057190902_M-TI64_XI-0p0002_XF-0p0014_XL-0p0012_TE-0p0021_DT-2p03451864735e-05_H-12faed80a6,379,0,79285,1.4398597000000002,0.0006601433,0.002100003,0.018000000000066574,0.01772762605105427,1.05555555558768,True,centered_finite_difference,0,0,0,36315,0,4.081499999999998,5.0,0.006819970205057202,0.4615685384188487,False,0.0016775137480450027,ok,0,0
P-213p87237204_VX-0p329966780459_LS-7p13970627017e-05_ST-390p008507958_M-TI64_XI-0p0002_XF-0p0014_XL-0p0012_TE-0p0021_DT-1p46200190101e-05_H-765072ed36,380,0,89803,1.6309056,0.0004690974,0.002100003,0.018000000000066574,0.01668153019631605,1.05555555558768,True,centered_finite_difference,0,0,0,25797,1,8.104000000000028,5.0,0.01022995530764901,0.5937061535377831,False,0.0026280038306496513,ok,0,0
P-218p352277735_VX-0p662592791038_LS-5p96508880483e-05_ST-307p55260089_M-TI64_XI-0p0002_XF-0p0014_XL-0p0012_TE-0p0021_DT-7p28067173121e-06_H-b41981edcb,381,0,77180,1.4020221,0.0002442339,0.001646256,0.018099999999992254,0.013857464002752316,1.0555555555629175,True,centered_finite_difference,0,0,0,13435,17,7.264100000000042,5.0,0.01334341996640344,0.88302517524197,False,0.0039000246180955957,ok,0,0
P-218p623352015_VX-0p878480487228_LS-8p13012329394e-05_ST-381p006435488_M-TI64_XI-0p0002_XF-0p0014_XL-0p0012_TE-0p0021_DT-5p49143740032e-06_H-90ad187ad0,382,0,58440,1.0617404,0.0001799476,0.001241688,0.018199999999972145,0.009900189598231007,1.0555555555629175,True,centered_finite_difference,0,0,0,9898,84,6.41820000000002,5.0,0.00978517464216684,0.9309878676910966,False,0.0033368127449134996,ok,0,0
P-222p052357041_VX-0p997941039436_LS-5p29599486117e-05_ST-383p923575745_M-TI64_XI-0p0002_XF-0p0014_XL-0p0012_TE-0p0021_DT-4p83407377027e-06_H-02b1b704be,383,0,50986,0.9263805,0.0001666615,0.001093042,0.018199999999972145,0.00683836880743362,1.0555555555629175,True,centered_finite_difference,0,0,0,30118,176,5.787800000000061,5.0,0.012305598413667894,0.8823183289202706,False,0.004883789349808767,ok,0,0
P-223p161294482_VX-0p578452940205_LS-4p86833733719e-05_ST-359p100984903_M-TI64_XI-0p0002_XF-0p0014_XL-0p0012_TE-0p0021_DT-8p33969415266e-06_H-1e85da8953,384,1,88039,1.5991624,0.0002865436,0.001885706,0.018099999999992254,0.015149393665297137,1.055555555574964,True,centered_finite_difference,0,0,0,15761,87,7.596899999999948,5.0,0.01882904817509841,0.8048683523024148,False,0.004089143324473523,ok,0,0
P-225p511353261_VX-0p242923031869_LS-6p38341457094e-05_ST-340p774386379_M-TI64_XI-0p0002_XF-0p0014_XL-0p0012_TE-0p0021_DT-1p9858638211e-05_H-5cefbb31d2,385,0,80341,1.4590375,0.0006409655,0.002100003,0.018000000000066574,0.017613430043152776,1.05555555558768,True,centered_finite_difference,0,0,0,35259,0,4.581600000000018,5.0,0.006819970205225754,0.4355862584017924,False,0.0019790888722927558,ok,0,0
P-226p648480029_VX-0p577602942666_LS-6p93800013331e-05_ST-342p653362063_M-TI64_XI-0p0002_XF-0p0014_XL-0p0012_TE-0p0021_DT-8p35196680396e-06_H-b4093437b1,386,0,88975,1.6161841000000001,0.0002723009,0.001888485,0.018099999999992254,0.01509430238439243,1.055555555574964,True,centered_finite_difference,0,0,0,14978,147,7.077300000000093,5.0,0.011712557526203829,0.872479600782251,False,0.003360532290332007,ok,0,0
P-227p690023792_VX-0p392329282459_LS-7p92871102354e-05_ST-391p94840599_M-TI64_XI-0p0002_XF-0p0014_XL-0p0012_TE-0p0021_DT-1p22961013075e-05_H-12074f4927,387,0,94353,1.7136695999999998,0.0003863334,0.002100003,0.018000000000066574,0.01628071210023328,1.05555555558768,True,centered_finite_difference,0,0,0,21247,8,5.791900000000009,5.0,0.013195159744590096,0.8045616415126335,False,0.002829828726471087,ok,0,0
P-228p907235932_VX-0p414638318501_LS-7p95917332413e-05_ST-340p25610662_M-TI64_XI-0p0002_XF-0p0014_XL-0p0012_TE-0p0021_DT-1p16345267376e-05_H-02b1b704be,388,0,95469,1.7339696,0.0003660334,0.002100003,0.018000000000066574,0.016186790897825532,1.05555555558768,True,centered_finite_difference,0,0,0,20131,21,7.99109999999996,5.0,0.011119516638866178,0.8207147944861105,False,0.003131939498051703,ok,0,0
P-234p345987256_VX-0p872091919433_LS-7p00578367301e-05_ST-333p182550298_M-TI64_XI-0p0002_XF-0p0014_XL-0p0012_TE-0p0021_DT-5p53166529298e-06_H-b41981edcb,389,0,58814,1.0685313,0.0001822377,0.001250769,0.018199999999972145,0.010043720917310943,1.0555555555629175,True,centered_finite_difference,0,0,0,10024,34,5.540899999999908,5.0,0.01067473597334187,0.9140326118375189,False,0.0039617091459371225,ok,0,0
P-235p890696826_VX-0p62852965691_LS-7p09715556056e-05_ST-349p581827429_M-TI64_XI-0p0002_XF-0p0014_XL-0p0012_TE-0p0021_DT-7p6752473809e-06_H-765072ed36,390,0,81833,1.4865168999999998,0.0002489451,0.001735462,0.018099999999992254,0.014340794182786408,1.0555555555629175,True,centered_finite_difference,0,0,0,13694,145,6.882300000000043,5.0,0.011416037082492865,0.8788982305210675,False,0.0035560660866164827,ok,0,0
P-236p206080041_VX-0p584146530445_LS-8p43378292301e-05_ST-319p849522294_M-TI64_XI-0p0002_XF-0p0014_XL-0p0012_TE-0p0021_DT-8p25840838144e-06_H-b41981edcb,391,0,88465,1.6069405,0.0002603865,0.001867327,0.018099999999992254,0.014959226104524236,1.055555555574964,True,centered_finite_difference,0,0,0,14323,43,7.2575999999999965,5.0,0.01037821552954663,0.9069451980466631,False,0.0033120817507686744,ok,0,0
P-240p318887809_VX-0p361018894241_LS-4p85509578057e-05_ST-398p513006139_M-TI64_XI-0p0002_XF-0p0014_XL-0p0012_TE-0p0021_DT-1p33625155912e-05_H-3a501d5f99,392,1,90727,1.6477130999999998,0.0004522899,0.002100003,0.018000000000066574,0.016597704185585347,1.05555555558768,True,centered_finite_difference,0,0,0,24873,0,4.03799999999999,5.0,0.007413011092521267,0.46843242289972004,False,0.0035491479840398564,ok,0,0
P-243p325077963_VX-0p998321353283_LS-5p70160449472e-05_ST-337p156153016_M-TI64_XI-0p0002_XF-0p0014_XL-0p0012_TE-0p0021_DT-4p83223221376e-06_H-d7a336064e,393,0,51131,0.929016,0.000163608,0.001092624,0.018199999999972145,0.006815681259863796,1.0555555555629175,True,centered_finite_difference,0,0,0,29819,172,6.015199999999993,5.0,0.011119516638781902,0.8739487580676707,False,0.004165851750440055,ok,0,0
P-246p298220115_VX-0p718479932945_LS-4p8795144948e-05_ST-311p768373355_M-TI64_XI-0p0002_XF-0p0014_XL-0p0012_TE-0p0021_DT-6p71434285331e-06_H-0b12abf205,394,0,70898,1.287947,0.000230257,0.001518204,0.018100000000046464,0.012977436546989565,1.0555555555629175,True,centered_finite_difference,0,0,0,12666,143,6.83099999999996,5.0,0.01363994041019868,0.854436718055771,False,0.004259700692553987,ok,0,0
P-246p882256304_VX-0p912145169038_LS-8p52944569156e-05_ST-321p903093968_M-TI64_XI-0p0002_XF-0p0014_XL-0p0012_TE-0p0021_DT-5p288764077e-06_H-0b12abf205,395,0,56489,1.0263168,0.0001695332,0.00119585,0.018199999999972145,0.009119997682590045,1.0555555555629175,True,centered_finite_difference,0,0,0,9325,160,8.323100000000029,5.0,0.009785174642208978,0.9325166407024501,False,0.003398951989803144,ok,0,0
P-76p6986127633_VX-0p686212461643_LS-6p4052091323e-05_ST-393p159111444_M-TI64_XI-0p0002_XF-0p0014_XL-0p0012_TE-0p0021_DT-7p0300684885e-06_H-b41981edcb,396,0,72773,1.3219497,0.0002676443,0.001589594,0.018099999999992254,0.01363962048424451,1.0555555555629175,True,centered_finite_difference,0,0,0,14722,36,7.149399999999929,5.0,0.009340393976505584,0.9614961798493926,False,0.003174297806848788,ok,0,0
P-78p6311637963_VX-0p75889512334_LS-7p24228839444e-05_ST-395p823418581_M-TI64_XI-0p0002_XF-0p0014_XL-0p0012_TE-0p0021_DT-6p3567684844e-06_H-9aaaba6a78,397,0,65619,1.1920633,0.0002452707,0.001437334,0.018199999999917935,0.012414983724743372,1.0555555555629175,True,centered_finite_difference,0,0,0,26981,66,7.699000000000012,5.0,0.010229955307796494,0.9465085799628151,False,0.0035660946691456613,ok,0,0
P-80p5741190929_VX-0p403249617425_LS-8p97039861056e-05_ST-397p637850573_M-TI64_XI-0p0002_XF-0p0014_XL-0p0012_TE-0p0021_DT-1p19631126592e-05_H-6464f5e6a2,398,0,90546,1.6444207,0.0004555823,0.002100003,0.018000000000066574,0.016614024530631936,1.05555555558768,True,centered_finite_difference,0,0,0,25054,54,7.890499999999946,5.0,0.006819970205141478,0.9434977083218289,False,0.0021315368049036392,ok,0,0
P-91p4898167395_VX-0p477122889388_LS-7p769973149e-05_ST-351p010780102_M-TI64_XI-0p0002_XF-0p0014_XL-0p0012_TE-0p0021_DT-1p01108555266e-05_H-b41981edcb,399,0,95085,1.7269846,0.0003730184,0.002100003,0.018000000000066574,0.016218923495209026,1.05555555558768,True,centered_finite_difference,0,0,0,20515,126,8.487200000000044,5.0,0.008302572423559348,0.949139708047621,False,0.002755458331580497,ok,0,0
P-92p2921456709_VX-0p425581954559_LS-4p53091383738e-05_ST-356p588229582_M-TI64_XI-0p0002_XF-0p0014_XL-0p0012_TE-0p0021_DT-1p13353504568e-05_H-765072ed36,400,0,92672,1.6830924,0.0004169106,0.002100003,0.018000000000066574,0.016425360665510924,1.05555555558768,True,centered_finite_difference,0,0,0,22928,8,5.416299999999998,5.0,0.01882904817514055,0.8855952779186584,False,0.0031401409286616094,ok,0,0
P-92p9578294978_VX-0p909619863772_LS-6p47386544357e-05_ST-309p507384821_M-TI64_XI-0p0002_XF-0p0014_XL-0p0012_TE-0p0021_DT-5p30344685197e-06_H-765072ed36,401,0,55022,0.9996515,0.0001995225,0.001199174,0.018199999999972145,0.00930603851065493,1.0555555555629175,True,centered_finite_difference,0,0,0,41595,55,7.1215999999997734,5.0,0.010674735973089041,0.9533814361789135,False,0.003798549644681122,ok,0,0
P-93p7392388905_VX-0p76284290369_LS-5p63100861802e-05_ST-349p958485388_M-TI64_XI-0p0002_XF-0p0014_XL-0p0012_TE-0p0021_DT-6p32387163816e-06_H-5cefbb31d2,402,0,65796,1.1952879,0.0002346191,0.001429907,0.018199999999917935,0.012298244681529917,1.0555555555629175,True,centered_finite_difference,0,0,0,26970,31,7.672199999999975,5.0,0.009933434863938046,0.9660004559616993,False,0.0034653089140512195,ok,0,0
P-97p5646849269_VX-0p800614374072_LS-8p74302358335e-05_ST-345p052442693_M-TI64_XI-0p0002_XF-0p0014_XL-0p0012_TE-0p0021_DT-6p02552334713e-06_H-b41981edcb,403,0,62355,1.1328,0.000229639,0.001362439,0.018199999999917935,0.011628639357621557,1.0555555555629175,True,centered_finite_difference,0,0,0,27127,70,11.72799999999997,5.0,0.012898639300879132,0.8976328703852199,False,0.00319145523943933,ok,0,0
P-97p9405338961_VX-0p913267755474_LS-7p48831340213e-05_ST-390p809181728_M-TI64_XI-0p0002_XF-0p0014_XL-0p0012_TE-0p0021_DT-5p28226314145e-06_H-0b12abf205,404,0,54803,0.9956744,0.0001987046,0.001194379,0.018199999999972145,0.009217511605452137,1.0555555555629175,True,centered_finite_difference,0,0,0,37878,56,7.701799999999988,5.0,0.011267776860679521,0.9319185431188642,False,0.0037772344075033756,ok,0,0
