benchmark,method,seed,budget,global_error,latent_uncertainty_region_fraction,mean_true_boundary_distance_test,near_boundary_error_q10,near_boundary_test_size_q10,near_boundary_error_q20,near_boundary_test_size_q20,near_boundary_error_q30,near_boundary_test_size_q30
branin,random,0,6,0.251,0.971,37.89289019425876,0.4875,400,0.41375,800,0.3625,1200
branin,random,0,7,0.211,0.967,37.89289019425876,0.4875,400,0.41375,800,0.3591666666666667,1200
branin,random,0,8,0.21625,0.91475,37.89289019425876,0.49,400,0.42875,800,0.37666666666666665,1200
branin,random,0,9,0.22125,0.89125,37.89289019425876,0.49,400,0.43875,800,0.38916666666666666,1200
branin,random,0,10,0.195,0.8475,37.89289019425876,0.45,400,0.3825,800,0.3333333333333333,1200
branin,random,0,11,0.11875,0.84325,37.89289019425876,0.4325,400,0.35125,800,0.29083333333333333,1200
branin,random,0,12,0.11275,0.773,37.89289019425876,0.425,400,0.3375,800,0.2791666666666667,1200
branin,random,0,13,0.11375,0.72525,37.89289019425876,0.42,400,0.33,800,0.27416666666666667,1200
branin,random,0,14,0.12275,0.69175,37.89289019425876,0.415,400,0.33625,800,0.2808333333333333,1200
branin,random,0,15,0.12325,0.78575,37.89289019425876,0.4075,400,0.3425,800,0.285,1200
branin,random,0,16,0.11375,0.85725,37.89289019425876,0.4575,400,0.3675,800,0.28833333333333333,1200
branin,random,0,17,0.11375,0.82675,37.89289019425876,0.4575,400,0.375,800,0.2916666666666667,1200
branin,random,0,18,0.11525,0.804,37.89289019425876,0.46,400,0.37375,800,0.2941666666666667,1200
branin,random,0,19,0.11575,0.774,37.89289019425876,0.4575,400,0.37375,800,0.295,1200
branin,random,0,20,0.12,0.823,37.89289019425876,0.4625,400,0.375,800,0.30083333333333334,1200
branin,random,0,21,0.1165,0.812,37.89289019425876,0.4575,400,0.36625,800,0.29083333333333333,1200
branin,random,0,22,0.1135,0.79925,37.89289019425876,0.455,400,0.3725,800,0.28833333333333333,1200
branin,random,0,23,0.113,0.7955,37.89289019425876,0.45,400,0.37,800,0.2866666666666667,1200
branin,random,0,24,0.11375,0.75975,37.89289019425876,0.455,400,0.36875,800,0.2841666666666667,1200
branin,random,0,25,0.114,0.7465,37.89289019425876,0.455,400,0.37,800,0.285,1200
branin,random,0,26,0.11525,0.728,37.89289019425876,0.4475,400,0.36875,800,0.285,1200
branin,random,0,27,0.10425,0.7315,37.89289019425876,0.445,400,0.365,800,0.2808333333333333,1200
branin,random,0,28,0.10425,0.71225,37.89289019425876,0.4425,400,0.365,800,0.28,1200
branin,random,0,29,0.1025,0.705,37.89289019425876,0.435,400,0.36,800,0.27666666666666667,1200
branin,random,0,30,0.1025,0.68275,37.89289019425876,0.435,400,0.36,800,0.27666666666666667,1200
branin,random,0,31,0.10125,0.66125,37.89289019425876,0.4275,400,0.35875,800,0.2775,1200
branin,random,0,32,0.1,0.62975,37.89289019425876,0.425,400,0.35375,800,0.2733333333333333,1200
branin,random,0,33,0.0955,0.61825,37.89289019425876,0.4225,400,0.35,800,0.265,1200
branin,random,0,34,0.09525,0.601,37.89289019425876,0.4225,400,0.35,800,0.2658333333333333,1200
branin,random,0,35,0.094,0.58275,37.89289019425876,0.4225,400,0.35,800,0.26416666666666666,1200
branin,random,0,36,0.094,0.56775,37.89289019425876,0.42,400,0.34625,800,0.2625,1200
branin,random,0,37,0.095,0.56025,37.89289019425876,0.43,400,0.3275,800,0.24916666666666668,1200
branin,random,0,38,0.08975,0.53725,37.89289019425876,0.425,400,0.31625,800,0.23916666666666667,1200
branin,random,0,39,0.092,0.53075,37.89289019425876,0.4275,400,0.31875,800,0.24333333333333335,1200
branin,random,0,40,0.092,0.53725,37.89289019425876,0.4225,400,0.31375,800,0.24083333333333334,1200
branin,random,0,41,0.0895,0.52,37.89289019425876,0.4175,400,0.305,800,0.23333333333333334,1200
branin,random,0,42,0.096,0.606,37.89289019425876,0.435,400,0.33,800,0.25166666666666665,1200
branin,random,0,43,0.09675,0.593,37.89289019425876,0.435,400,0.33125,800,0.25416666666666665,1200
branin,random,0,44,0.09675,0.58075,37.89289019425876,0.435,400,0.33125,800,0.25416666666666665,1200
branin,random,0,45,0.10425,0.5695,37.89289019425876,0.4475,400,0.35625,800,0.2733333333333333,1200
branin,random,0,46,0.10275,0.59175,37.89289019425876,0.4475,400,0.34625,800,0.2633333333333333,1200
branin,random,0,47,0.1,0.58225,37.89289019425876,0.445,400,0.3425,800,0.2608333333333333,1200
branin,random,0,48,0.101,0.5635,37.89289019425876,0.4475,400,0.3475,800,0.26416666666666666,1200
branin,random,0,49,0.11425,0.5535,37.89289019425876,0.4525,400,0.36875,800,0.2916666666666667,1200
branin,random,0,50,0.114,0.54225,37.89289019425876,0.4525,400,0.37,800,0.29083333333333333,1200
branin,random,1,6,0.3635,0.97425,40.072198386339714,0.4625,400,0.40875,800,0.37666666666666665,1200
branin,random,1,7,0.28,0.96975,40.072198386339714,0.42,400,0.36875,800,0.3275,1200
branin,random,1,8,0.20575,0.9635,40.072198386339714,0.4025,400,0.36125,800,0.31416666666666665,1200
branin,random,1,9,0.217,0.8875,40.072198386339714,0.41,400,0.3675,800,0.325,1200
branin,random,1,10,0.23025,0.8435,40.072198386339714,0.44,400,0.37625,800,0.33166666666666667,1200
branin,random,1,11,0.222,0.8365,40.072198386339714,0.4225,400,0.3475,800,0.31166666666666665,1200
branin,random,1,12,0.22075,0.784,40.072198386339714,0.4225,400,0.35,800,0.31333333333333335,1200
branin,random,1,13,0.2165,0.744,40.072198386339714,0.415,400,0.34625,800,0.30916666666666665,1200
branin,random,1,14,0.21725,0.7465,40.072198386339714,0.435,400,0.36125,800,0.3175,1200
branin,random,1,15,0.215,0.7135,40.072198386339714,0.4375,400,0.365,800,0.3125,1200
branin,random,1,16,0.21525,0.6845,40.072198386339714,0.4375,400,0.36625,800,0.31333333333333335,1200
branin,random,1,17,0.216,0.6545,40.072198386339714,0.4375,400,0.365,800,0.3125,1200
branin,random,1,18,0.1875,0.70625,40.072198386339714,0.4075,400,0.33375,800,0.2808333333333333,1200
branin,random,1,19,0.18425,0.63625,40.072198386339714,0.4,400,0.32875,800,0.27666666666666667,1200
branin,random,1,20,0.1775,0.61575,40.072198386339714,0.3625,400,0.29375,800,0.25166666666666665,1200
branin,random,1,21,0.14325,0.6285,40.072198386339714,0.355,400,0.2875,800,0.2425,1200
branin,random,1,22,0.1215,0.57475,40.072198386339714,0.3475,400,0.2725,800,0.22666666666666666,1200
branin,random,1,23,0.108,0.54725,40.072198386339714,0.3425,400,0.27,800,0.2225,1200
branin,random,1,24,0.1085,0.5165,40.072198386339714,0.34,400,0.2725,800,0.22333333333333333,1200
branin,random,1,25,0.1045,0.49925,40.072198386339714,0.345,400,0.2675,800,0.21583333333333332,1200
branin,random,1,26,0.11075,0.4455,40.072198386339714,0.36,400,0.2875,800,0.2275,1200
branin,random,1,27,0.12,0.4765,40.072198386339714,0.355,400,0.30375,800,0.25166666666666665,1200
branin,random,1,28,0.118,0.44475,40.072198386339714,0.3575,400,0.3,800,0.2475,1200
branin,random,1,29,0.12375,0.43825,40.072198386339714,0.3675,400,0.3075,800,0.25333333333333335,1200
branin,random,1,30,0.1255,0.42525,40.072198386339714,0.37,400,0.31375,800,0.2575,1200
branin,random,1,31,0.126,0.40125,40.072198386339714,0.3675,400,0.31125,800,0.255,1200
branin,random,1,32,0.122,0.3665,40.072198386339714,0.37,400,0.3175,800,0.2633333333333333,1200
branin,random,1,33,0.12975,0.4475,40.072198386339714,0.3975,400,0.34,800,0.2875,1200
branin,random,1,34,0.1325,0.4285,40.072198386339714,0.3975,400,0.34,800,0.2875,1200
branin,random,1,35,0.129,0.40975,40.072198386339714,0.39,400,0.335,800,0.2825,1200
branin,random,1,36,0.12775,0.40675,40.072198386339714,0.385,400,0.33,800,0.2791666666666667,1200
branin,random,1,37,0.1285,0.39,40.072198386339714,0.385,400,0.33,800,0.2791666666666667,1200
branin,random,1,38,0.11125,0.387,40.072198386339714,0.4225,400,0.32875,800,0.255,1200
branin,random,1,39,0.11075,0.36775,40.072198386339714,0.42,400,0.32625,800,0.25333333333333335,1200
branin,random,1,40,0.117,0.35325,40.072198386339714,0.415,400,0.325,800,0.25916666666666666,1200
branin,random,1,41,0.1145,0.335,40.072198386339714,0.4125,400,0.3275,800,0.26,1200
branin,random,1,42,0.1155,0.33375,40.072198386339714,0.41,400,0.33,800,0.2625,1200
branin,random,1,43,0.11625,0.323,40.072198386339714,0.41,400,0.32875,800,0.2608333333333333,1200
branin,random,1,44,0.1295,0.3155,40.072198386339714,0.42,400,0.345,800,0.2791666666666667,1200
branin,random,1,45,0.1355,0.3145,40.072198386339714,0.4225,400,0.35375,800,0.2925,1200
branin,random,1,46,0.13475,0.28975,40.072198386339714,0.4225,400,0.34875,800,0.2891666666666667,1200
branin,random,1,47,0.136,0.28675,40.072198386339714,0.42,400,0.3475,800,0.28583333333333333,1200
branin,random,1,48,0.13425,0.28575,40.072198386339714,0.43,400,0.3525,800,0.2925,1200
branin,random,1,49,0.13425,0.2815,40.072198386339714,0.43,400,0.35375,800,0.29333333333333333,1200
branin,random,1,50,0.1445,0.29575,40.072198386339714,0.43,400,0.34875,800,0.2891666666666667,1200
branin,random,2,6,0.396,0.75775,38.38582212377317,0.455,400,0.4,800,0.36083333333333334,1200
branin,random,2,7,0.3705,0.92225,38.38582212377317,0.4225,400,0.35375,800,0.31833333333333336,1200
branin,random,2,8,0.24775,0.9275,38.38582212377317,0.44,400,0.335,800,0.29083333333333333,1200
branin,random,2,9,0.2465,0.911,38.38582212377317,0.44,400,0.3325,800,0.2891666666666667,1200
branin,random,2,10,0.2515,0.86325,38.38582212377317,0.4575,400,0.355,800,0.305,1200
branin,random,2,11,0.2525,0.8155,38.38582212377317,0.4675,400,0.36125,800,0.30666666666666664,1200
branin,random,2,12,0.17475,0.80525,38.38582212377317,0.45,400,0.33125,800,0.26916666666666667,1200
branin,random,2,13,0.1425,0.81,38.38582212377317,0.4375,400,0.30375,800,0.2375,1200
branin,random,2,14,0.14125,0.816,38.38582212377317,0.4,400,0.2875,800,0.2275,1200
branin,random,2,15,0.139,0.77975,38.38582212377317,0.4,400,0.28125,800,0.22333333333333333,1200
branin,random,2,16,0.13875,0.7495,38.38582212377317,0.3975,400,0.28,800,0.2225,1200
branin,random,2,17,0.13825,0.71775,38.38582212377317,0.3975,400,0.2775,800,0.22083333333333333,1200
branin,random,2,18,0.1625,0.767,38.38582212377317,0.3925,400,0.2875,800,0.23166666666666666,1200
branin,random,2,19,0.1675,0.74225,38.38582212377317,0.39,400,0.29125,800,0.23333333333333334,1200
branin,random,2,20,0.1695,0.7305,38.38582212377317,0.3925,400,0.295,800,0.23583333333333334,1200
branin,random,2,21,0.1665,0.697,38.38582212377317,0.3725,400,0.275,800,0.21833333333333332,1200
branin,random,2,22,0.19925,0.76225,38.38582212377317,0.3925,400,0.3,800,0.25083333333333335,1200
branin,random,2,23,0.20575,0.746,38.38582212377317,0.4,400,0.31,800,0.25833333333333336,1200
branin,random,2,24,0.21025,0.72875,38.38582212377317,0.4025,400,0.31,800,0.25916666666666666,1200
branin,random,2,25,0.151,0.748,38.38582212377317,0.4,400,0.31,800,0.25916666666666666,1200
branin,random,2,26,0.11725,0.7485,38.38582212377317,0.3925,400,0.29625,800,0.24416666666666667,1200
branin,random,2,27,0.11675,0.72875,38.38582212377317,0.39,400,0.2925,800,0.24166666666666667,1200
branin,random,2,28,0.12025,0.71325,38.38582212377317,0.395,400,0.29875,800,0.2475,1200
branin,random,2,29,0.118,0.6835,38.38582212377317,0.395,400,0.29875,800,0.2475,1200
branin,random,2,30,0.1185,0.66825,38.38582212377317,0.395,400,0.29875,800,0.2475,1200
branin,random,2,31,0.11875,0.6765,38.38582212377317,0.38,400,0.28625,800,0.23833333333333334,1200
branin,random,2,32,0.11875,0.6515,38.38582212377317,0.38,400,0.28625,800,0.23833333333333334,1200
branin,random,2,33,0.11925,0.6325,38.38582212377317,0.38,400,0.28875,800,0.23916666666666667,1200
branin,random,2,34,0.1275,0.61325,38.38582212377317,0.3925,400,0.30375,800,0.25916666666666666,1200
branin,random,2,35,0.1275,0.58675,38.38582212377317,0.385,400,0.29875,800,0.25416666666666665,1200
branin,random,2,36,0.12775,0.56475,38.38582212377317,0.385,400,0.29875,800,0.25416666666666665,1200
branin,random,2,37,0.1305,0.543,38.38582212377317,0.4025,400,0.3125,800,0.2633333333333333,1200
branin,random,2,38,0.12925,0.54675,38.38582212377317,0.395,400,0.315,800,0.2683333333333333,1200
branin,random,2,39,0.12375,0.52925,38.38582212377317,0.395,400,0.315,800,0.2683333333333333,1200
branin,random,2,40,0.137,0.57375,38.38582212377317,0.3875,400,0.31875,800,0.27666666666666667,1200
branin,random,2,41,0.1265,0.579,38.38582212377317,0.39,400,0.31,800,0.265,1200
branin,random,2,42,0.12825,0.5565,38.38582212377317,0.3975,400,0.31375,800,0.26916666666666667,1200
branin,random,2,43,0.1295,0.523,38.38582212377317,0.3975,400,0.31375,800,0.2683333333333333,1200
branin,random,2,44,0.129,0.5085,38.38582212377317,0.3975,400,0.31375,800,0.2675,1200
branin,random,2,45,0.119,0.534,38.38582212377317,0.3925,400,0.305,800,0.25916666666666666,1200
branin,random,2,46,0.09625,0.5835,38.38582212377317,0.3875,400,0.3075,800,0.25333333333333335,1200
branin,random,2,47,0.09125,0.65675,38.38582212377317,0.38,400,0.2975,800,0.24333333333333335,1200
branin,random,2,48,0.09125,0.6375,38.38582212377317,0.38,400,0.2975,800,0.24333333333333335,1200
branin,random,2,49,0.09075,0.63025,38.38582212377317,0.38,400,0.295,800,0.24166666666666667,1200
branin,random,2,50,0.1,0.62075,38.38582212377317,0.38,400,0.29625,800,0.24833333333333332,1200
branin,random,3,6,0.4175,0.9765,39.540792131416296,0.575,400,0.63875,800,0.6566666666666666,1200
branin,random,3,7,0.24625,0.972,39.540792131416296,0.53,400,0.52375,800,0.5008333333333334,1200
branin,random,3,8,0.23275,0.96625,39.540792131416296,0.5175,400,0.50625,800,0.485,1200
branin,random,3,9,0.22475,0.95625,39.540792131416296,0.515,400,0.49625,800,0.48083333333333333,1200
branin,random,3,10,0.2215,0.95075,39.540792131416296,0.52,400,0.50625,800,0.48333333333333334,1200
branin,random,3,11,0.2215,0.94575,39.540792131416296,0.52,400,0.50625,800,0.48333333333333334,1200
branin,random,3,12,0.21925,0.7645,39.540792131416296,0.515,400,0.5025,800,0.4866666666666667,1200
branin,random,3,13,0.196,0.92875,39.540792131416296,0.5275,400,0.50125,800,0.4716666666666667,1200
branin,random,3,14,0.21325,0.92325,39.540792131416296,0.525,400,0.50125,800,0.4725,1200
branin,random,3,15,0.213,0.9085,39.540792131416296,0.525,400,0.50125,800,0.4725,1200
branin,random,3,16,0.21175,0.87675,39.540792131416296,0.52,400,0.4975,800,0.4716666666666667,1200
branin,random,3,17,0.21075,0.8385,39.540792131416296,0.5225,400,0.4975,800,0.4716666666666667,1200
branin,random,3,18,0.16275,0.83225,39.540792131416296,0.49,400,0.40625,800,0.3416666666666667,1200
branin,random,3,19,0.16475,0.832,39.540792131416296,0.485,400,0.41,800,0.3491666666666667,1200
branin,random,3,20,0.16625,0.7875,39.540792131416296,0.4875,400,0.41625,800,0.3541666666666667,1200
branin,random,3,21,0.167,0.7565,39.540792131416296,0.485,400,0.42125,800,0.35833333333333334,1200
branin,random,3,22,0.13975,0.79425,39.540792131416296,0.49,400,0.41125,800,0.3433333333333333,1200
branin,random,3,23,0.1445,0.77325,39.540792131416296,0.5,400,0.41875,800,0.3425,1200
branin,random,3,24,0.14375,0.751,39.540792131416296,0.4975,400,0.41375,800,0.33916666666666667,1200
branin,random,3,25,0.14275,0.7255,39.540792131416296,0.4975,400,0.4125,800,0.3375,1200
branin,random,3,26,0.14225,0.7055,39.540792131416296,0.4975,400,0.41125,800,0.33666666666666667,1200
branin,random,3,27,0.122,0.6855,39.540792131416296,0.4825,400,0.37375,800,0.295,1200
branin,random,3,28,0.12575,0.66225,39.540792131416296,0.47,400,0.36875,800,0.2941666666666667,1200
branin,random,3,29,0.119,0.6415,39.540792131416296,0.4675,400,0.36625,800,0.2925,1200
branin,random,3,30,0.118,0.613,39.540792131416296,0.465,400,0.36375,800,0.29,1200
branin,random,3,31,0.112,0.65675,39.540792131416296,0.485,400,0.37,800,0.2875,1200
branin,random,3,32,0.12125,0.74225,39.540792131416296,0.495,400,0.38875,800,0.30583333333333335,1200
branin,random,3,33,0.12,0.721,39.540792131416296,0.49,400,0.385,800,0.3025,1200
branin,random,3,34,0.12025,0.701,39.540792131416296,0.485,400,0.38375,800,0.3025,1200
branin,random,3,35,0.109,0.681,39.540792131416296,0.49,400,0.38125,800,0.29833333333333334,1200
branin,random,3,36,0.10825,0.65925,39.540792131416296,0.485,400,0.37875,800,0.2966666666666667,1200
branin,random,3,37,0.1055,0.63875,39.540792131416296,0.46,400,0.36625,800,0.2875,1200
branin,random,3,38,0.107,0.6375,39.540792131416296,0.465,400,0.37,800,0.29,1200
branin,random,3,39,0.107,0.62275,39.540792131416296,0.4575,400,0.365,800,0.2875,1200
branin,random,3,40,0.1055,0.59275,39.540792131416296,0.4575,400,0.36375,800,0.2841666666666667,1200
branin,random,3,41,0.1035,0.583,39.540792131416296,0.4475,400,0.35375,800,0.2775,1200
branin,random,3,42,0.10075,0.576,39.540792131416296,0.4125,400,0.3325,800,0.26416666666666666,1200
branin,random,3,43,0.10025,0.561,39.540792131416296,0.4125,400,0.3325,800,0.2625,1200
branin,random,3,44,0.08825,0.54975,39.540792131416296,0.4,400,0.31375,800,0.24583333333333332,1200
branin,random,3,45,0.086,0.53625,39.540792131416296,0.3975,400,0.31375,800,0.24666666666666667,1200
branin,random,3,46,0.0835,0.538,39.540792131416296,0.375,400,0.30125,800,0.23833333333333334,1200
branin,random,3,47,0.08075,0.52575,39.540792131416296,0.3675,400,0.2925,800,0.23166666666666666,1200
branin,random,3,48,0.0805,0.50675,39.540792131416296,0.3675,400,0.2925,800,0.23083333333333333,1200
branin,random,3,49,0.08025,0.48625,39.540792131416296,0.3675,400,0.2925,800,0.23,1200
branin,random,3,50,0.079,0.471,39.540792131416296,0.3575,400,0.28625,800,0.22583333333333333,1200
branin,random,4,6,0.3315,0.48,38.72809299129944,0.4375,400,0.395,800,0.35,1200
branin,random,4,7,0.2975,0.78925,38.72809299129944,0.465,400,0.40875,800,0.355,1200
branin,random,4,8,0.29725,0.70175,38.72809299129944,0.4625,400,0.40875,800,0.35583333333333333,1200
branin,random,4,9,0.29725,0.96,38.72809299129944,0.4675,400,0.405,800,0.35333333333333333,1200
branin,random,4,10,0.29325,0.95025,38.72809299129944,0.47,400,0.40625,800,0.35333333333333333,1200
branin,random,4,11,0.2935,0.926,38.72809299129944,0.47,400,0.40375,800,0.3516666666666667,1200
branin,random,4,12,0.175,0.92125,38.72809299129944,0.455,400,0.37875,800,0.325,1200
branin,random,4,13,0.18725,0.89575,38.72809299129944,0.4625,400,0.38125,800,0.33,1200
branin,random,4,14,0.189,0.874,38.72809299129944,0.4625,400,0.38125,800,0.33,1200
branin,random,4,15,0.18725,0.893,38.72809299129944,0.4475,400,0.385,800,0.32083333333333336,1200
branin,random,4,16,0.189,0.8535,38.72809299129944,0.45,400,0.37625,800,0.31583333333333335,1200
branin,random,4,17,0.15275,0.85625,38.72809299129944,0.425,400,0.3575,800,0.2975,1200
branin,random,4,18,0.15275,0.84175,38.72809299129944,0.425,400,0.3575,800,0.2975,1200
branin,random,4,19,0.196,0.89925,38.72809299129944,0.445,400,0.4025,800,0.3675,1200
branin,random,4,20,0.1935,0.88675,38.72809299129944,0.445,400,0.4025,800,0.3675,1200
branin,random,4,21,0.193,0.8815,38.72809299129944,0.4525,400,0.41125,800,0.37416666666666665,1200
branin,random,4,22,0.1915,0.87325,38.72809299129944,0.43,400,0.3825,800,0.3575,1200
branin,random,4,23,0.19,0.8585,38.72809299129944,0.4275,400,0.37875,800,0.3541666666666667,1200
branin,random,4,24,0.18975,0.84125,38.72809299129944,0.425,400,0.37625,800,0.3516666666666667,1200
branin,random,4,25,0.19375,0.82425,38.72809299129944,0.4175,400,0.3725,800,0.35083333333333333,1200
branin,random,4,26,0.18,0.819,38.72809299129944,0.4175,400,0.3725,800,0.3441666666666667,1200
branin,random,4,27,0.17925,0.8145,38.72809299129944,0.4575,400,0.38625,800,0.35833333333333334,1200
branin,random,4,28,0.17575,0.79425,38.72809299129944,0.4625,400,0.38625,800,0.35583333333333333,1200
branin,random,4,29,0.17975,0.79825,38.72809299129944,0.465,400,0.39125,800,0.3625,1200
branin,random,4,30,0.17725,0.76875,38.72809299129944,0.46,400,0.38875,800,0.3616666666666667,1200
branin,random,4,31,0.179,0.75325,38.72809299129944,0.46,400,0.38875,800,0.36083333333333334,1200
branin,random,4,32,0.17925,0.736,38.72809299129944,0.4625,400,0.39,800,0.3616666666666667,1200
branin,random,4,33,0.18,0.7045,38.72809299129944,0.465,400,0.38875,800,0.36083333333333334,1200
branin,random,4,34,0.16875,0.683,38.72809299129944,0.465,400,0.3875,800,0.3591666666666667,1200
branin,random,4,35,0.1755,0.658,38.72809299129944,0.47,400,0.39125,800,0.3641666666666667,1200
branin,random,4,36,0.162,0.633,38.72809299129944,0.465,400,0.39,800,0.36083333333333334,1200
branin,random,4,37,0.162,0.615,38.72809299129944,0.465,400,0.39,800,0.3625,1200
branin,random,4,38,0.1715,0.59525,38.72809299129944,0.47,400,0.3925,800,0.36583333333333334,1200
branin,random,4,39,0.176,0.57125,38.72809299129944,0.4775,400,0.4125,800,0.38916666666666666,1200
branin,random,4,40,0.16325,0.56075,38.72809299129944,0.4775,400,0.4125,800,0.36083333333333334,1200
branin,random,4,41,0.16075,0.54625,38.72809299129944,0.4725,400,0.41,800,0.35833333333333334,1200
branin,random,4,42,0.16075,0.53575,38.72809299129944,0.475,400,0.41125,800,0.3591666666666667,1200
branin,random,4,43,0.161,0.5205,38.72809299129944,0.4775,400,0.41,800,0.36,1200
branin,random,4,44,0.157,0.50325,38.72809299129944,0.475,400,0.40375,800,0.355,1200
branin,random,4,45,0.16275,0.52375,38.72809299129944,0.4775,400,0.4125,800,0.3625,1200
branin,random,4,46,0.16125,0.5125,38.72809299129944,0.4775,400,0.4125,800,0.3625,1200
branin,random,4,47,0.16,0.50125,38.72809299129944,0.4775,400,0.4125,800,0.36,1200
branin,random,4,48,0.16,0.48475,38.72809299129944,0.4775,400,0.41125,800,0.35833333333333334,1200
branin,random,4,49,0.15875,0.46175,38.72809299129944,0.4775,400,0.41,800,0.3575,1200
branin,random,4,50,0.1595,0.4695,38.72809299129944,0.465,400,0.415,800,0.3575,1200
branin,smallest_abs_mu,0,6,0.251,0.971,37.89289019425876,0.4875,400,0.41375,800,0.3625,1200
branin,smallest_abs_mu,0,7,0.23025,0.969,37.89289019425876,0.4875,400,0.41375,800,0.3625,1200
branin,smallest_abs_mu,0,8,0.24575,0.967,37.89289019425876,0.4875,400,0.42625,800,0.38666666666666666,1200
branin,smallest_abs_mu,0,9,0.223,0.96275,37.89289019425876,0.485,400,0.4225,800,0.36583333333333334,1200
branin,smallest_abs_mu,0,10,0.19975,0.957,37.89289019425876,0.475,400,0.40625,800,0.3466666666666667,1200
branin,smallest_abs_mu,0,11,0.19975,0.9535,37.89289019425876,0.475,400,0.40625,800,0.3466666666666667,1200
branin,smallest_abs_mu,0,12,0.1435,0.949,37.89289019425876,0.4625,400,0.3875,800,0.325,1200
branin,smallest_abs_mu,0,13,0.1425,0.94075,37.89289019425876,0.445,400,0.3825,800,0.31666666666666665,1200
branin,smallest_abs_mu,0,14,0.157,0.934,37.89289019425876,0.465,400,0.40125,800,0.3358333333333333,1200
branin,smallest_abs_mu,0,15,0.16,0.9295,37.89289019425876,0.45,400,0.37375,800,0.325,1200
branin,smallest_abs_mu,0,16,0.14975,0.9235,37.89289019425876,0.4525,400,0.3675,800,0.31083333333333335,1200
branin,smallest_abs_mu,0,17,0.14325,0.91525,37.89289019425876,0.4575,400,0.37,800,0.3075,1200
branin,smallest_abs_mu,0,18,0.151,0.91025,37.89289019425876,0.46,400,0.37875,800,0.31833333333333336,1200
branin,smallest_abs_mu,0,19,0.14375,0.906,37.89289019425876,0.46,400,0.37875,800,0.31833333333333336,1200
branin,smallest_abs_mu,0,20,0.14375,0.90175,37.89289019425876,0.46,400,0.37875,800,0.31833333333333336,1200
branin,smallest_abs_mu,0,21,0.1395,0.8975,37.89289019425876,0.46,400,0.3725,800,0.31166666666666665,1200
branin,smallest_abs_mu,0,22,0.12375,0.8935,37.89289019425876,0.45,400,0.36,800,0.2916666666666667,1200
branin,smallest_abs_mu,0,23,0.1215,0.8875,37.89289019425876,0.4325,400,0.34875,800,0.28583333333333333,1200
branin,smallest_abs_mu,0,24,0.10775,0.87575,37.89289019425876,0.415,400,0.33,800,0.25666666666666665,1200
branin,smallest_abs_mu,0,25,0.1005,0.7905,37.89289019425876,0.39,400,0.305,800,0.24083333333333334,1200
branin,smallest_abs_mu,0,26,0.1,0.8525,37.89289019425876,0.425,400,0.325,800,0.25416666666666665,1200
branin,smallest_abs_mu,0,27,0.086,0.69325,37.89289019425876,0.345,400,0.2775,800,0.2175,1200
branin,smallest_abs_mu,0,28,0.10475,0.85375,37.89289019425876,0.4075,400,0.33125,800,0.26666666666666666,1200
branin,smallest_abs_mu,0,29,0.0935,0.84625,37.89289019425876,0.4025,400,0.325,800,0.25166666666666665,1200
branin,smallest_abs_mu,0,30,0.08975,0.838,37.89289019425876,0.415,400,0.33625,800,0.25666666666666665,1200
branin,smallest_abs_mu,0,31,0.10375,0.8595,37.89289019425876,0.41,400,0.335,800,0.25666666666666665,1200
branin,smallest_abs_mu,0,32,0.09775,0.8565,37.89289019425876,0.4075,400,0.33375,800,0.255,1200
branin,smallest_abs_mu,0,33,0.08975,0.84,37.89289019425876,0.4025,400,0.33125,800,0.25333333333333335,1200
branin,smallest_abs_mu,0,34,0.09375,0.83425,37.89289019425876,0.415,400,0.35,800,0.26666666666666666,1200
branin,smallest_abs_mu,0,35,0.10525,0.83175,37.89289019425876,0.41,400,0.3675,800,0.285,1200
branin,smallest_abs_mu,0,36,0.09525,0.82425,37.89289019425876,0.4075,400,0.33375,800,0.25416666666666665,1200
branin,smallest_abs_mu,0,37,0.08825,0.81775,37.89289019425876,0.405,400,0.3225,800,0.2425,1200
branin,smallest_abs_mu,0,38,0.0955,0.8195,37.89289019425876,0.4025,400,0.32875,800,0.245,1200
branin,smallest_abs_mu,0,39,0.08875,0.8115,37.89289019425876,0.4025,400,0.32875,800,0.245,1200
branin,smallest_abs_mu,0,40,0.082,0.80325,37.89289019425876,0.4025,400,0.32625,800,0.24166666666666667,1200
branin,smallest_abs_mu,0,41,0.087,0.79625,37.89289019425876,0.4225,400,0.33625,800,0.255,1200
branin,smallest_abs_mu,0,42,0.07525,0.783,37.89289019425876,0.405,400,0.3,800,0.22666666666666666,1200
branin,smallest_abs_mu,0,43,0.068,0.77075,37.89289019425876,0.3625,400,0.2675,800,0.2025,1200
branin,smallest_abs_mu,0,44,0.0665,0.76225,37.89289019425876,0.365,400,0.26625,800,0.20083333333333334,1200
branin,smallest_abs_mu,0,45,0.06325,0.743,37.89289019425876,0.3775,400,0.26,800,0.18916666666666668,1200
branin,smallest_abs_mu,0,46,0.06125,0.7405,37.89289019425876,0.3775,400,0.25125,800,0.1825,1200
branin,smallest_abs_mu,0,47,0.05875,0.7295,37.89289019425876,0.3675,400,0.23875,800,0.17416666666666666,1200
branin,smallest_abs_mu,0,48,0.06325,0.726,37.89289019425876,0.38,400,0.25125,800,0.18583333333333332,1200
branin,smallest_abs_mu,0,49,0.0645,0.73275,37.89289019425876,0.375,400,0.25875,800,0.1875,1200
branin,smallest_abs_mu,0,50,0.07325,0.7285,37.89289019425876,0.37,400,0.26,800,0.19166666666666668,1200
branin,smallest_abs_mu,1,6,0.3635,0.97425,40.072198386339714,0.4625,400,0.40875,800,0.37666666666666665,1200
branin,smallest_abs_mu,1,7,0.2915,0.97325,40.072198386339714,0.44,400,0.38875,800,0.345,1200
branin,smallest_abs_mu,1,8,0.291,0.97,40.072198386339714,0.44,400,0.38875,800,0.345,1200
branin,smallest_abs_mu,1,9,0.2615,0.96375,40.072198386339714,0.4225,400,0.3725,800,0.3308333333333333,1200
branin,smallest_abs_mu,1,10,0.24225,0.95975,40.072198386339714,0.4225,400,0.3725,800,0.3308333333333333,1200
branin,smallest_abs_mu,1,11,0.23925,0.956,40.072198386339714,0.41,400,0.36,800,0.3225,1200
branin,smallest_abs_mu,1,12,0.18875,0.95025,40.072198386339714,0.37,400,0.3025,800,0.25916666666666666,1200
branin,smallest_abs_mu,1,13,0.152,0.94675,40.072198386339714,0.3675,400,0.2975,800,0.24916666666666668,1200
branin,smallest_abs_mu,1,14,0.152,0.9445,40.072198386339714,0.3675,400,0.2975,800,0.24916666666666668,1200
branin,smallest_abs_mu,1,15,0.13375,0.9405,40.072198386339714,0.3625,400,0.2875,800,0.2375,1200
branin,smallest_abs_mu,1,16,0.1045,0.93375,40.072198386339714,0.34,400,0.25625,800,0.20083333333333334,1200
branin,smallest_abs_mu,1,17,0.10025,0.9295,40.072198386339714,0.3425,400,0.24375,800,0.19,1200
branin,smallest_abs_mu,1,18,0.11825,0.924,40.072198386339714,0.385,400,0.28375,800,0.23,1200
branin,smallest_abs_mu,1,19,0.125,0.91625,40.072198386339714,0.39,400,0.295,800,0.24333333333333335,1200
branin,smallest_abs_mu,1,20,0.115,0.9105,40.072198386339714,0.3775,400,0.2775,800,0.22583333333333333,1200
branin,smallest_abs_mu,1,21,0.10425,0.9065,40.072198386339714,0.3775,400,0.27375,800,0.21916666666666668,1200
branin,smallest_abs_mu,1,22,0.104,0.90425,40.072198386339714,0.3775,400,0.27375,800,0.21916666666666668,1200
branin,smallest_abs_mu,1,23,0.08925,0.901,40.072198386339714,0.3725,400,0.26875,800,0.21583333333333332,1200
branin,smallest_abs_mu,1,24,0.08425,0.89475,40.072198386339714,0.35,400,0.24625,800,0.2,1200
branin,smallest_abs_mu,1,25,0.07675,0.88475,40.072198386339714,0.3225,400,0.2275,800,0.18333333333333332,1200
branin,smallest_abs_mu,1,26,0.0765,0.88075,40.072198386339714,0.325,400,0.22625,800,0.1825,1200
branin,smallest_abs_mu,1,27,0.08075,0.87425,40.072198386339714,0.335,400,0.24375,800,0.195,1200
branin,smallest_abs_mu,1,28,0.0745,0.8665,40.072198386339714,0.3175,400,0.22625,800,0.17583333333333334,1200
branin,smallest_abs_mu,1,29,0.0685,0.849,40.072198386339714,0.31,400,0.20875,800,0.15583333333333332,1200
branin,smallest_abs_mu,1,30,0.0825,0.84025,40.072198386339714,0.3825,400,0.27875,800,0.205,1200
branin,smallest_abs_mu,1,31,0.07675,0.825,40.072198386339714,0.35,400,0.24625,800,0.185,1200
branin,smallest_abs_mu,1,32,0.071,0.816,40.072198386339714,0.36,400,0.2525,800,0.19,1200
branin,smallest_abs_mu,1,33,0.066,0.80375,40.072198386339714,0.3675,400,0.25625,800,0.19083333333333333,1200
branin,smallest_abs_mu,1,34,0.05675,0.797,40.072198386339714,0.365,400,0.24625,800,0.17666666666666667,1200
branin,smallest_abs_mu,1,35,0.061,0.786,40.072198386339714,0.3675,400,0.24875,800,0.17583333333333334,1200
branin,smallest_abs_mu,1,36,0.057,0.791,40.072198386339714,0.3775,400,0.2375,800,0.1675,1200
branin,smallest_abs_mu,1,37,0.05925,0.77875,40.072198386339714,0.365,400,0.23875,800,0.17416666666666666,1200
branin,smallest_abs_mu,1,38,0.05925,0.76925,40.072198386339714,0.365,400,0.23875,800,0.17416666666666666,1200
branin,smallest_abs_mu,1,39,0.0595,0.7695,40.072198386339714,0.36,400,0.24125,800,0.175,1200
branin,smallest_abs_mu,1,40,0.068,0.7615,40.072198386339714,0.425,400,0.28,800,0.2025,1200
branin,smallest_abs_mu,1,41,0.06775,0.75125,40.072198386339714,0.395,400,0.2825,800,0.2025,1200
branin,smallest_abs_mu,1,42,0.074,0.75875,40.072198386339714,0.3925,400,0.27625,800,0.20166666666666666,1200
branin,smallest_abs_mu,1,43,0.0675,0.75475,40.072198386339714,0.3925,400,0.27625,800,0.20166666666666666,1200
branin,smallest_abs_mu,1,44,0.06425,0.7495,40.072198386339714,0.395,400,0.265,800,0.19083333333333333,1200
branin,smallest_abs_mu,1,45,0.0585,0.776,40.072198386339714,0.3575,400,0.23875,800,0.17,1200
branin,smallest_abs_mu,1,46,0.05175,0.7725,40.072198386339714,0.3375,400,0.20625,800,0.14833333333333334,1200
branin,smallest_abs_mu,1,47,0.05575,0.76825,40.072198386339714,0.3525,400,0.21625,800,0.15583333333333332,1200
branin,smallest_abs_mu,1,48,0.06625,0.7575,40.072198386339714,0.3675,400,0.23125,800,0.17666666666666667,1200
branin,smallest_abs_mu,1,49,0.0565,0.753,40.072198386339714,0.36,400,0.22125,800,0.16583333333333333,1200
branin,smallest_abs_mu,1,50,0.05725,0.73775,40.072198386339714,0.365,400,0.22875,800,0.17083333333333334,1200
branin,smallest_abs_mu,2,6,0.396,0.75775,38.38582212377317,0.455,400,0.4,800,0.36083333333333334,1200
branin,smallest_abs_mu,2,7,0.30225,0.7305,38.38582212377317,0.47,400,0.40875,800,0.36333333333333334,1200
branin,smallest_abs_mu,2,8,0.33225,0.689,38.38582212377317,0.4575,400,0.4025,800,0.3625,1200
branin,smallest_abs_mu,2,9,0.26775,0.65125,38.38582212377317,0.455,400,0.4,800,0.3475,1200
branin,smallest_abs_mu,2,10,0.24475,0.8205,38.38582212377317,0.445,400,0.3875,800,0.3308333333333333,1200
branin,smallest_abs_mu,2,11,0.25225,0.832,38.38582212377317,0.44,400,0.3775,800,0.3258333333333333,1200
branin,smallest_abs_mu,2,12,0.16775,0.82775,38.38582212377317,0.445,400,0.36125,800,0.29833333333333334,1200
branin,smallest_abs_mu,2,13,0.19475,0.82175,38.38582212377317,0.44,400,0.3775,800,0.32666666666666666,1200
branin,smallest_abs_mu,2,14,0.18725,0.802,38.38582212377317,0.46,400,0.38,800,0.32416666666666666,1200
branin,smallest_abs_mu,2,15,0.14725,0.78525,38.38582212377317,0.45,400,0.35625,800,0.2941666666666667,1200
branin,smallest_abs_mu,2,16,0.156,0.87075,38.38582212377317,0.43,400,0.3275,800,0.27666666666666667,1200
branin,smallest_abs_mu,2,17,0.156,0.868,38.38582212377317,0.43,400,0.3275,800,0.27666666666666667,1200
branin,smallest_abs_mu,2,18,0.14425,0.8545,38.38582212377317,0.43,400,0.3275,800,0.2775,1200
branin,smallest_abs_mu,2,19,0.134,0.85425,38.38582212377317,0.3775,400,0.29,800,0.25,1200
branin,smallest_abs_mu,2,20,0.124,0.827,38.38582212377317,0.3875,400,0.29,800,0.24666666666666667,1200
branin,smallest_abs_mu,2,21,0.11175,0.816,38.38582212377317,0.36,400,0.27125,800,0.2275,1200
branin,smallest_abs_mu,2,22,0.12075,0.81125,38.38582212377317,0.3875,400,0.31875,800,0.26916666666666667,1200
branin,smallest_abs_mu,2,23,0.1075,0.797,38.38582212377317,0.3925,400,0.31125,800,0.2633333333333333,1200
branin,smallest_abs_mu,2,24,0.1005,0.7665,38.38582212377317,0.3925,400,0.30875,800,0.25666666666666665,1200
branin,smallest_abs_mu,2,25,0.10475,0.8285,38.38582212377317,0.3925,400,0.3175,800,0.27,1200
branin,smallest_abs_mu,2,26,0.10875,0.83075,38.38582212377317,0.3875,400,0.305,800,0.2608333333333333,1200
branin,smallest_abs_mu,2,27,0.0895,0.77775,38.38582212377317,0.3675,400,0.27875,800,0.2275,1200
branin,smallest_abs_mu,2,28,0.08375,0.84525,38.38582212377317,0.3675,400,0.2725,800,0.22166666666666668,1200
branin,smallest_abs_mu,2,29,0.082,0.83625,38.38582212377317,0.3625,400,0.26875,800,0.2175,1200
branin,smallest_abs_mu,2,30,0.08625,0.82225,38.38582212377317,0.37,400,0.27625,800,0.22333333333333333,1200
branin,smallest_abs_mu,2,31,0.08625,0.815,38.38582212377317,0.37,400,0.27625,800,0.22333333333333333,1200
branin,smallest_abs_mu,2,32,0.09525,0.83175,38.38582212377317,0.39,400,0.28625,800,0.2275,1200
branin,smallest_abs_mu,2,33,0.0895,0.82475,38.38582212377317,0.3925,400,0.27,800,0.21083333333333334,1200
branin,smallest_abs_mu,2,34,0.08025,0.82,38.38582212377317,0.3925,400,0.27125,800,0.21166666666666667,1200
branin,smallest_abs_mu,2,35,0.0755,0.8,38.38582212377317,0.3875,400,0.26125,800,0.20166666666666666,1200
branin,smallest_abs_mu,2,36,0.07975,0.807,38.38582212377317,0.3925,400,0.275,800,0.21416666666666667,1200
branin,smallest_abs_mu,2,37,0.0855,0.80275,38.38582212377317,0.4425,400,0.31375,800,0.23666666666666666,1200
branin,smallest_abs_mu,2,38,0.08,0.795,38.38582212377317,0.4375,400,0.295,800,0.22,1200
branin,smallest_abs_mu,2,39,0.0795,0.7705,38.38582212377317,0.41,400,0.28375,800,0.21666666666666667,1200
branin,smallest_abs_mu,2,40,0.0745,0.77675,38.38582212377317,0.4075,400,0.28125,800,0.21583333333333332,1200
branin,smallest_abs_mu,2,41,0.07525,0.766,38.38582212377317,0.4,400,0.2775,800,0.21416666666666667,1200
branin,smallest_abs_mu,2,42,0.07175,0.764,38.38582212377317,0.3975,400,0.2675,800,0.2025,1200
branin,smallest_abs_mu,2,43,0.07325,0.75225,38.38582212377317,0.415,400,0.27625,800,0.2075,1200
branin,smallest_abs_mu,2,44,0.074,0.7455,38.38582212377317,0.4025,400,0.275,800,0.20916666666666667,1200
branin,smallest_abs_mu,2,45,0.063,0.73875,38.38582212377317,0.3725,400,0.24625,800,0.185,1200
branin,smallest_abs_mu,2,46,0.07375,0.7405,38.38582212377317,0.37,400,0.24,800,0.1775,1200
branin,smallest_abs_mu,2,47,0.06475,0.733,38.38582212377317,0.3725,400,0.24125,800,0.17833333333333334,1200
branin,smallest_abs_mu,2,48,0.0705,0.75925,38.38582212377317,0.38,400,0.24625,800,0.18416666666666667,1200
branin,smallest_abs_mu,2,49,0.055,0.7565,38.38582212377317,0.3675,400,0.22375,800,0.15916666666666668,1200
branin,smallest_abs_mu,2,50,0.051,0.7455,38.38582212377317,0.37,400,0.225,800,0.15916666666666668,1200
branin,smallest_abs_mu,3,6,0.4175,0.9765,39.540792131416296,0.575,400,0.63875,800,0.6566666666666666,1200
branin,smallest_abs_mu,3,7,0.29725,0.9725,39.540792131416296,0.5225,400,0.53375,800,0.5208333333333334,1200
branin,smallest_abs_mu,3,8,0.25625,0.9685,39.540792131416296,0.4975,400,0.5025,800,0.4875,1200
branin,smallest_abs_mu,3,9,0.25625,0.96675,39.540792131416296,0.4975,400,0.5025,800,0.4875,1200
branin,smallest_abs_mu,3,10,0.25725,0.962,39.540792131416296,0.505,400,0.49875,800,0.49,1200
branin,smallest_abs_mu,3,11,0.2605,0.95725,39.540792131416296,0.505,400,0.5025,800,0.49166666666666664,1200
branin,smallest_abs_mu,3,12,0.2225,0.9535,39.540792131416296,0.475,400,0.44625,800,0.4058333333333333,1200
branin,smallest_abs_mu,3,13,0.17275,0.9485,39.540792131416296,0.4,400,0.34875,800,0.3025,1200
branin,smallest_abs_mu,3,14,0.169,0.94525,39.540792131416296,0.4,400,0.34875,800,0.3025,1200
branin,smallest_abs_mu,3,15,0.1675,0.93975,39.540792131416296,0.405,400,0.3575,800,0.30583333333333335,1200
branin,smallest_abs_mu,3,16,0.152,0.93175,39.540792131416296,0.4075,400,0.35375,800,0.2941666666666667,1200
branin,smallest_abs_mu,3,17,0.14,0.926,39.540792131416296,0.4075,400,0.35375,800,0.2941666666666667,1200
branin,smallest_abs_mu,3,18,0.14975,0.92175,39.540792131416296,0.43,400,0.37125,800,0.30416666666666664,1200
branin,smallest_abs_mu,3,19,0.1265,0.91725,39.540792131416296,0.3875,400,0.335,800,0.2683333333333333,1200
branin,smallest_abs_mu,3,20,0.11875,0.915,39.540792131416296,0.3825,400,0.33125,800,0.2658333333333333,1200
branin,smallest_abs_mu,3,21,0.1115,0.9105,39.540792131416296,0.3825,400,0.32125,800,0.24583333333333332,1200
branin,smallest_abs_mu,3,22,0.10875,0.89925,39.540792131416296,0.38,400,0.31125,800,0.2375,1200
branin,smallest_abs_mu,3,23,0.104,0.88625,39.540792131416296,0.3475,400,0.28625,800,0.22166666666666668,1200
branin,smallest_abs_mu,3,24,0.11275,0.876,39.540792131416296,0.4,400,0.3275,800,0.25083333333333335,1200
branin,smallest_abs_mu,3,25,0.128,0.86825,39.540792131416296,0.45,400,0.37125,800,0.29,1200
branin,smallest_abs_mu,3,26,0.14,0.859,39.540792131416296,0.47,400,0.38875,800,0.305,1200
branin,smallest_abs_mu,3,27,0.139,0.853,39.540792131416296,0.465,400,0.38,800,0.3,1200
branin,smallest_abs_mu,3,28,0.1305,0.84325,39.540792131416296,0.4575,400,0.3725,800,0.295,1200
branin,smallest_abs_mu,3,29,0.11725,0.83075,39.540792131416296,0.4575,400,0.37125,800,0.2925,1200
branin,smallest_abs_mu,3,30,0.09675,0.82525,39.540792131416296,0.46,400,0.3725,800,0.28833333333333333,1200
branin,smallest_abs_mu,3,31,0.09225,0.82475,39.540792131416296,0.4475,400,0.35375,800,0.275,1200
branin,smallest_abs_mu,3,32,0.08875,0.816,39.540792131416296,0.45,400,0.35375,800,0.27416666666666667,1200
branin,smallest_abs_mu,3,33,0.087,0.8085,39.540792131416296,0.4225,400,0.33,800,0.2625,1200
branin,smallest_abs_mu,3,34,0.091,0.801,39.540792131416296,0.44,400,0.3475,800,0.2758333333333333,1200
branin,smallest_abs_mu,3,35,0.09525,0.7905,39.540792131416296,0.445,400,0.3525,800,0.2808333333333333,1200
branin,smallest_abs_mu,3,36,0.091,0.7765,39.540792131416296,0.4275,400,0.32125,800,0.25583333333333336,1200
branin,smallest_abs_mu,3,37,0.08625,0.77775,39.540792131416296,0.4075,400,0.30125,800,0.2375,1200
branin,smallest_abs_mu,3,38,0.0865,0.762,39.540792131416296,0.405,400,0.3025,800,0.23916666666666667,1200
branin,smallest_abs_mu,3,39,0.08525,0.75675,39.540792131416296,0.4,400,0.29125,800,0.23083333333333333,1200
branin,smallest_abs_mu,3,40,0.07675,0.7445,39.540792131416296,0.38,400,0.2725,800,0.21416666666666667,1200
branin,smallest_abs_mu,3,41,0.06475,0.73375,39.540792131416296,0.37,400,0.26625,800,0.20333333333333334,1200
branin,smallest_abs_mu,3,42,0.06425,0.7305,39.540792131416296,0.375,400,0.26625,800,0.20333333333333334,1200
branin,smallest_abs_mu,3,43,0.05775,0.7205,39.540792131416296,0.375,400,0.25125,800,0.185,1200
branin,smallest_abs_mu,3,44,0.058,0.7195,39.540792131416296,0.345,400,0.22875,800,0.17,1200
branin,smallest_abs_mu,3,45,0.062,0.74075,39.540792131416296,0.34,400,0.22375,800,0.165,1200
branin,smallest_abs_mu,3,46,0.053,0.73775,39.540792131416296,0.345,400,0.22625,800,0.16666666666666666,1200
branin,smallest_abs_mu,3,47,0.0565,0.734,39.540792131416296,0.33,400,0.21375,800,0.17333333333333334,1200
branin,smallest_abs_mu,3,48,0.0635,0.7285,39.540792131416296,0.3425,400,0.2275,800,0.19166666666666668,1200
branin,smallest_abs_mu,3,49,0.069,0.72875,39.540792131416296,0.36,400,0.24,800,0.20666666666666667,1200
branin,smallest_abs_mu,3,50,0.06625,0.72125,39.540792131416296,0.355,400,0.23625,800,0.20166666666666666,1200
branin,smallest_abs_mu,4,6,0.3315,0.48,38.72809299129944,0.4375,400,0.395,800,0.35,1200
branin,smallest_abs_mu,4,7,0.28275,0.57325,38.72809299129944,0.4325,400,0.38125,800,0.33,1200
branin,smallest_abs_mu,4,8,0.2915,0.827,38.72809299129944,0.42,400,0.37875,800,0.3258333333333333,1200
branin,smallest_abs_mu,4,9,0.29475,0.83,38.72809299129944,0.4,400,0.37,800,0.32,1200
branin,smallest_abs_mu,4,10,0.2545,0.78725,38.72809299129944,0.3925,400,0.3625,800,0.3075,1200
branin,smallest_abs_mu,4,11,0.18275,0.78375,38.72809299129944,0.395,400,0.36125,800,0.3025,1200
branin,smallest_abs_mu,4,12,0.1445,0.77975,38.72809299129944,0.395,400,0.35,800,0.28,1200
branin,smallest_abs_mu,4,13,0.1565,0.75,38.72809299129944,0.3975,400,0.3675,800,0.305,1200
branin,smallest_abs_mu,4,14,0.2015,0.75125,38.72809299129944,0.3975,400,0.37,800,0.31583333333333335,1200
branin,smallest_abs_mu,4,15,0.167,0.66775,38.72809299129944,0.4,400,0.36375,800,0.3,1200
branin,smallest_abs_mu,4,16,0.1635,0.89775,38.72809299129944,0.4225,400,0.39,800,0.31416666666666665,1200
branin,smallest_abs_mu,4,17,0.16075,0.883,38.72809299129944,0.4525,400,0.40625,800,0.32416666666666666,1200
branin,smallest_abs_mu,4,18,0.15325,0.86675,38.72809299129944,0.4625,400,0.41375,800,0.32666666666666666,1200
branin,smallest_abs_mu,4,19,0.147,0.86525,38.72809299129944,0.4575,400,0.41125,800,0.32416666666666666,1200
branin,smallest_abs_mu,4,20,0.147,0.863,38.72809299129944,0.4575,400,0.41125,800,0.32416666666666666,1200
branin,smallest_abs_mu,4,21,0.139,0.851,38.72809299129944,0.4125,400,0.3825,800,0.3025,1200
branin,smallest_abs_mu,4,22,0.13775,0.8905,38.72809299129944,0.41,400,0.375,800,0.30416666666666664,1200
branin,smallest_abs_mu,4,23,0.12275,0.88475,38.72809299129944,0.3825,400,0.32875,800,0.26666666666666666,1200
branin,smallest_abs_mu,4,24,0.12625,0.8805,38.72809299129944,0.4075,400,0.36,800,0.2833333333333333,1200
branin,smallest_abs_mu,4,25,0.11725,0.8685,38.72809299129944,0.3975,400,0.35125,800,0.2758333333333333,1200
branin,smallest_abs_mu,4,26,0.1195,0.86025,38.72809299129944,0.4075,400,0.35625,800,0.2791666666666667,1200
branin,smallest_abs_mu,4,27,0.118,0.86725,38.72809299129944,0.3925,400,0.345,800,0.27166666666666667,1200
branin,smallest_abs_mu,4,28,0.11225,0.8555,38.72809299129944,0.3925,400,0.33625,800,0.26166666666666666,1200
branin,smallest_abs_mu,4,29,0.11225,0.85225,38.72809299129944,0.3925,400,0.33625,800,0.26166666666666666,1200
branin,smallest_abs_mu,4,30,0.1035,0.859,38.72809299129944,0.34,400,0.29125,800,0.22666666666666666,1200
branin,smallest_abs_mu,4,31,0.11375,0.8525,38.72809299129944,0.38,400,0.3225,800,0.26,1200
branin,smallest_abs_mu,4,32,0.103,0.84,38.72809299129944,0.3725,400,0.3175,800,0.255,1200
branin,smallest_abs_mu,4,33,0.09325,0.836,38.72809299129944,0.38,400,0.31625,800,0.25,1200
branin,smallest_abs_mu,4,34,0.09475,0.83075,38.72809299129944,0.41,400,0.33,800,0.25583333333333336,1200
branin,smallest_abs_mu,4,35,0.09325,0.8255,38.72809299129944,0.3875,400,0.32625,800,0.24166666666666667,1200
branin,smallest_abs_mu,4,36,0.095,0.81475,38.72809299129944,0.375,400,0.32625,800,0.24583333333333332,1200
branin,smallest_abs_mu,4,37,0.09075,0.80775,38.72809299129944,0.3725,400,0.32125,800,0.23833333333333334,1200
branin,smallest_abs_mu,4,38,0.084,0.79175,38.72809299129944,0.3375,400,0.2875,800,0.21583333333333332,1200
branin,smallest_abs_mu,4,39,0.0805,0.784,38.72809299129944,0.3225,400,0.27875,800,0.20833333333333334,1200
branin,smallest_abs_mu,4,40,0.06975,0.77325,38.72809299129944,0.29,400,0.2425,800,0.17833333333333334,1200
branin,smallest_abs_mu,4,41,0.0705,0.765,38.72809299129944,0.29,400,0.245,800,0.18,1200
branin,smallest_abs_mu,4,42,0.08925,0.8135,38.72809299129944,0.345,400,0.26625,800,0.20166666666666666,1200
branin,smallest_abs_mu,4,43,0.078,0.80525,38.72809299129944,0.34,400,0.2625,800,0.19416666666666665,1200
branin,smallest_abs_mu,4,44,0.0775,0.79825,38.72809299129944,0.34,400,0.25875,800,0.19166666666666668,1200
branin,smallest_abs_mu,4,45,0.084,0.79625,38.72809299129944,0.35,400,0.2825,800,0.21,1200
branin,smallest_abs_mu,4,46,0.08625,0.7955,38.72809299129944,0.37,400,0.2925,800,0.21666666666666667,1200
branin,smallest_abs_mu,4,47,0.07975,0.7795,38.72809299129944,0.365,400,0.28625,800,0.21,1200
branin,smallest_abs_mu,4,48,0.08825,0.788,38.72809299129944,0.355,400,0.28,800,0.20583333333333334,1200
branin,smallest_abs_mu,4,49,0.0975,0.78175,38.72809299129944,0.36,400,0.2825,800,0.21,1200
branin,smallest_abs_mu,4,50,0.08175,0.778,38.72809299129944,0.36,400,0.28375,800,0.21083333333333334,1200
branin,straddle,0,6,0.251,0.971,37.89289019425876,0.4875,400,0.41375,800,0.3625,1200
branin,straddle,0,7,0.23025,0.969,37.89289019425876,0.4875,400,0.41375,800,0.3625,1200
branin,straddle,0,8,0.24575,0.967,37.89289019425876,0.4875,400,0.42625,800,0.38666666666666666,1200
branin,straddle,0,9,0.223,0.96275,37.89289019425876,0.485,400,0.4225,800,0.36583333333333334,1200
branin,straddle,0,10,0.19975,0.957,37.89289019425876,0.475,400,0.40625,800,0.3466666666666667,1200
branin,straddle,0,11,0.19975,0.9535,37.89289019425876,0.475,400,0.40625,800,0.3466666666666667,1200
branin,straddle,0,12,0.18675,0.94875,37.89289019425876,0.4575,400,0.375,800,0.33,1200
branin,straddle,0,13,0.2015,0.942,37.89289019425876,0.47,400,0.395,800,0.35083333333333333,1200
branin,straddle,0,14,0.2015,0.93775,37.89289019425876,0.47,400,0.395,800,0.35083333333333333,1200
branin,straddle,0,15,0.1605,0.93325,37.89289019425876,0.46,400,0.38125,800,0.335,1200
branin,straddle,0,16,0.1535,0.92875,37.89289019425876,0.4425,400,0.36625,800,0.31583333333333335,1200
branin,straddle,0,17,0.14725,0.925,37.89289019425876,0.4425,400,0.36625,800,0.31666666666666665,1200
branin,straddle,0,18,0.10375,0.52975,37.89289019425876,0.4125,400,0.31875,800,0.26666666666666666,1200
branin,straddle,0,19,0.1185,0.46775,37.89289019425876,0.4275,400,0.33625,800,0.28833333333333333,1200
branin,straddle,0,20,0.112,0.367,37.89289019425876,0.4225,400,0.33,800,0.2816666666666667,1200
branin,straddle,0,21,0.102,0.28025,37.89289019425876,0.41,400,0.32375,800,0.275,1200
branin,straddle,0,22,0.115,0.525,37.89289019425876,0.4175,400,0.335,800,0.28833333333333333,1200
branin,straddle,0,23,0.10275,0.343,37.89289019425876,0.42,400,0.32125,800,0.26416666666666666,1200
branin,straddle,0,24,0.0985,0.40425,37.89289019425876,0.41,400,0.3175,800,0.26166666666666666,1200
branin,straddle,0,25,0.1005,0.45325,37.89289019425876,0.4025,400,0.32,800,0.26916666666666667,1200
branin,straddle,0,26,0.11625,0.425,37.89289019425876,0.4675,400,0.37125,800,0.31166666666666665,1200
branin,straddle,0,27,0.1065,0.3465,37.89289019425876,0.4475,400,0.34375,800,0.285,1200
branin,straddle,0,28,0.10775,0.298,37.89289019425876,0.46,400,0.3525,800,0.29083333333333333,1200
branin,straddle,0,29,0.1045,0.361,37.89289019425876,0.4,400,0.31,800,0.25833333333333336,1200
branin,straddle,0,30,0.10725,0.37875,37.89289019425876,0.42,400,0.325,800,0.2675,1200
branin,straddle,0,31,0.105,0.4435,37.89289019425876,0.3725,400,0.31,800,0.26,1200
branin,straddle,0,32,0.11575,0.43075,37.89289019425876,0.3975,400,0.33625,800,0.285,1200
branin,straddle,0,33,0.10575,0.401,37.89289019425876,0.4,400,0.33625,800,0.2791666666666667,1200
branin,straddle,0,34,0.10625,0.32075,37.89289019425876,0.3975,400,0.33375,800,0.2775,1200
branin,straddle,0,35,0.09625,0.38225,37.89289019425876,0.4075,400,0.335,800,0.27,1200
branin,straddle,0,36,0.0935,0.34925,37.89289019425876,0.42,400,0.33,800,0.27,1200
branin,straddle,0,37,0.08125,0.43175,37.89289019425876,0.405,400,0.30875,800,0.2425,1200
branin,straddle,0,38,0.0815,0.3695,37.89289019425876,0.405,400,0.30875,800,0.24333333333333335,1200
branin,straddle,0,39,0.07425,0.396,37.89289019425876,0.35,400,0.265,800,0.21333333333333335,1200
branin,straddle,0,40,0.07475,0.34425,37.89289019425876,0.355,400,0.26625,800,0.21416666666666667,1200
branin,straddle,0,41,0.07625,0.4235,37.89289019425876,0.3625,400,0.26625,800,0.22,1200
branin,straddle,0,42,0.07625,0.3755,37.89289019425876,0.36,400,0.26,800,0.21416666666666667,1200
branin,straddle,0,43,0.0765,0.3525,37.89289019425876,0.36,400,0.26,800,0.21416666666666667,1200
branin,straddle,0,44,0.07175,0.3765,37.89289019425876,0.3525,400,0.25,800,0.205,1200
branin,straddle,0,45,0.0715,0.3495,37.89289019425876,0.35,400,0.24875,800,0.20416666666666666,1200
branin,straddle,0,46,0.07675,0.3775,37.89289019425876,0.355,400,0.275,800,0.22333333333333333,1200
branin,straddle,0,47,0.06775,0.438,37.89289019425876,0.335,400,0.24625,800,0.195,1200
branin,straddle,0,48,0.06775,0.392,37.89289019425876,0.335,400,0.24625,800,0.195,1200
branin,straddle,0,49,0.06375,0.5135,37.89289019425876,0.36,400,0.255,800,0.2,1200
branin,straddle,0,50,0.06325,0.55475,37.89289019425876,0.365,400,0.26,800,0.2025,1200
branin,straddle,1,6,0.3635,0.97425,40.072198386339714,0.4625,400,0.40875,800,0.37666666666666665,1200
branin,straddle,1,7,0.2915,0.97325,40.072198386339714,0.44,400,0.38875,800,0.345,1200
branin,straddle,1,8,0.291,0.97,40.072198386339714,0.44,400,0.38875,800,0.345,1200
branin,straddle,1,9,0.2615,0.96375,40.072198386339714,0.4225,400,0.3725,800,0.3308333333333333,1200
branin,straddle,1,10,0.24225,0.95975,40.072198386339714,0.4225,400,0.3725,800,0.3308333333333333,1200
branin,straddle,1,11,0.23925,0.956,40.072198386339714,0.41,400,0.36,800,0.3225,1200
branin,straddle,1,12,0.20275,0.9525,40.072198386339714,0.4075,400,0.355,800,0.3125,1200
branin,straddle,1,13,0.15375,0.9485,40.072198386339714,0.4375,400,0.35625,800,0.2875,1200
branin,straddle,1,14,0.15375,0.94625,40.072198386339714,0.4375,400,0.35625,800,0.2875,1200
branin,straddle,1,15,0.1535,0.944,40.072198386339714,0.4375,400,0.35625,800,0.2875,1200
branin,straddle,1,16,0.14375,0.80975,40.072198386339714,0.385,400,0.32375,800,0.2758333333333333,1200
branin,straddle,1,17,0.13225,0.79125,40.072198386339714,0.4025,400,0.33125,800,0.2816666666666667,1200
branin,straddle,1,18,0.1195,0.789,40.072198386339714,0.41,400,0.335,800,0.2825,1200
branin,straddle,1,19,0.122,0.92825,40.072198386339714,0.425,400,0.33875,800,0.275,1200
branin,straddle,1,20,0.11375,0.79675,40.072198386339714,0.405,400,0.325,800,0.27666666666666667,1200
branin,straddle,1,21,0.108,0.78825,40.072198386339714,0.4325,400,0.31875,800,0.2633333333333333,1200
branin,straddle,1,22,0.09,0.736,40.072198386339714,0.395,400,0.29875,800,0.23833333333333334,1200
branin,straddle,1,23,0.07675,0.6805,40.072198386339714,0.38,400,0.27,800,0.20833333333333334,1200
branin,straddle,1,24,0.07175,0.6115,40.072198386339714,0.3825,400,0.25625,800,0.19666666666666666,1200
branin,straddle,1,25,0.0715,0.55425,40.072198386339714,0.3825,400,0.25625,800,0.19666666666666666,1200
branin,straddle,1,26,0.06675,0.4715,40.072198386339714,0.3725,400,0.26,800,0.1975,1200
branin,straddle,1,27,0.07525,0.4615,40.072198386339714,0.365,400,0.2725,800,0.21333333333333335,1200
branin,straddle,1,28,0.069,0.52475,40.072198386339714,0.3375,400,0.2525,800,0.19583333333333333,1200
branin,straddle,1,29,0.08,0.87075,40.072198386339714,0.3375,400,0.26375,800,0.20166666666666666,1200
branin,straddle,1,30,0.0765,0.53775,40.072198386339714,0.3525,400,0.2625,800,0.20416666666666666,1200
branin,straddle,1,31,0.0615,0.53325,40.072198386339714,0.35,400,0.24625,800,0.18083333333333335,1200
branin,straddle,1,32,0.06075,0.42125,40.072198386339714,0.3525,400,0.25,800,0.17833333333333334,1200
branin,straddle,1,33,0.0605,0.37625,40.072198386339714,0.35,400,0.24875,800,0.17833333333333334,1200
branin,straddle,1,34,0.06025,0.3185,40.072198386339714,0.345,400,0.24625,800,0.1775,1200
branin,straddle,1,35,0.05125,0.46175,40.072198386339714,0.305,400,0.20375,800,0.14583333333333334,1200
branin,straddle,1,36,0.049,0.56925,40.072198386339714,0.2775,400,0.185,800,0.13416666666666666,1200
branin,straddle,1,37,0.04625,0.48025,40.072198386339714,0.295,400,0.18875,800,0.13666666666666666,1200
branin,straddle,1,38,0.04,0.5065,40.072198386339714,0.25,400,0.15875,800,0.115,1200
branin,straddle,1,39,0.04075,0.43375,40.072198386339714,0.2575,400,0.16125,800,0.1175,1200
branin,straddle,1,40,0.0395,0.46825,40.072198386339714,0.2475,400,0.15625,800,0.11333333333333333,1200
branin,straddle,1,41,0.0405,0.39375,40.072198386339714,0.2525,400,0.15875,800,0.11583333333333333,1200
branin,straddle,1,42,0.04025,0.34525,40.072198386339714,0.2525,400,0.15875,800,0.11583333333333333,1200
branin,straddle,1,43,0.053,0.50025,40.072198386339714,0.27,400,0.185,800,0.13916666666666666,1200
branin,straddle,1,44,0.05325,0.44425,40.072198386339714,0.2725,400,0.1875,800,0.14166666666666666,1200
branin,straddle,1,45,0.04975,0.40575,40.072198386339714,0.265,400,0.175,800,0.12833333333333333,1200
branin,straddle,1,46,0.05,0.424,40.072198386339714,0.2675,400,0.17875,800,0.135,1200
branin,straddle,1,47,0.0505,0.37575,40.072198386339714,0.27,400,0.1825,800,0.1375,1200
branin,straddle,1,48,0.04675,0.41925,40.072198386339714,0.2575,400,0.1675,800,0.12416666666666666,1200
branin,straddle,1,49,0.038,0.42275,40.072198386339714,0.23,400,0.15125,800,0.11,1200
branin,straddle,1,50,0.051,0.4775,40.072198386339714,0.32,400,0.21625,800,0.15416666666666667,1200
branin,straddle,2,6,0.396,0.75775,38.38582212377317,0.455,400,0.4,800,0.36083333333333334,1200
branin,straddle,2,7,0.30225,0.7305,38.38582212377317,0.47,400,0.40875,800,0.36333333333333334,1200
branin,straddle,2,8,0.32375,0.7075,38.38582212377317,0.4575,400,0.4025,800,0.3625,1200
branin,straddle,2,9,0.24,0.7115,38.38582212377317,0.46,400,0.3875,800,0.34,1200
branin,straddle,2,10,0.27725,0.64525,38.38582212377317,0.47,400,0.39625,800,0.34833333333333333,1200
branin,straddle,2,11,0.28025,0.44725,38.38582212377317,0.4675,400,0.3925,800,0.3416666666666667,1200
branin,straddle,2,12,0.2635,0.4175,38.38582212377317,0.485,400,0.4,800,0.345,1200
branin,straddle,2,13,0.1995,0.54575,38.38582212377317,0.4725,400,0.39125,800,0.3358333333333333,1200
branin,straddle,2,14,0.211,0.56925,38.38582212377317,0.4825,400,0.3925,800,0.33666666666666667,1200
branin,straddle,2,15,0.17525,0.42575,38.38582212377317,0.48,400,0.38625,800,0.3258333333333333,1200
branin,straddle,2,16,0.15675,0.4845,38.38582212377317,0.4825,400,0.39125,800,0.3308333333333333,1200
branin,straddle,2,17,0.159,0.35225,38.38582212377317,0.505,400,0.4075,800,0.3416666666666667,1200
branin,straddle,2,18,0.135,0.3415,38.38582212377317,0.5025,400,0.3875,800,0.3125,1200
branin,straddle,2,19,0.1245,0.39075,38.38582212377317,0.44,400,0.3575,800,0.29583333333333334,1200
branin,straddle,2,20,0.11925,0.37925,38.38582212377317,0.44,400,0.3525,800,0.29083333333333333,1200
branin,straddle,2,21,0.12125,0.372,38.38582212377317,0.44,400,0.355,800,0.29333333333333333,1200
branin,straddle,2,22,0.115,0.41075,38.38582212377317,0.4225,400,0.33625,800,0.2758333333333333,1200
branin,straddle,2,23,0.1005,0.4995,38.38582212377317,0.39,400,0.29875,800,0.23666666666666666,1200
branin,straddle,2,24,0.09075,0.49275,38.38582212377317,0.4125,400,0.31625,800,0.24916666666666668,1200
branin,straddle,2,25,0.09175,0.55625,38.38582212377317,0.42,400,0.325,800,0.2575,1200
branin,straddle,2,26,0.09225,0.44475,38.38582212377317,0.415,400,0.32125,800,0.255,1200
branin,straddle,2,27,0.07275,0.55775,38.38582212377317,0.3975,400,0.29,800,0.21916666666666668,1200
branin,straddle,2,28,0.08825,0.6545,38.38582212377317,0.3825,400,0.29375,800,0.225,1200
branin,straddle,2,29,0.10275,0.75375,38.38582212377317,0.42,400,0.33375,800,0.25916666666666666,1200
branin,straddle,2,30,0.0985,0.69475,38.38582212377317,0.415,400,0.32875,800,0.25416666666666665,1200
branin,straddle,2,31,0.08775,0.61475,38.38582212377317,0.4175,400,0.3175,800,0.24166666666666667,1200
branin,straddle,2,32,0.08975,0.50075,38.38582212377317,0.4425,400,0.3425,800,0.25583333333333336,1200
branin,straddle,2,33,0.0845,0.50425,38.38582212377317,0.425,400,0.32,800,0.24166666666666667,1200
branin,straddle,2,34,0.0835,0.459,38.38582212377317,0.425,400,0.31875,800,0.24083333333333334,1200
branin,straddle,2,35,0.08175,0.47175,38.38582212377317,0.4125,400,0.3075,800,0.2325,1200
branin,straddle,2,36,0.08175,0.41025,38.38582212377317,0.4125,400,0.3075,800,0.2325,1200
branin,straddle,2,37,0.0835,0.44075,38.38582212377317,0.4325,400,0.31625,800,0.24,1200
branin,straddle,2,38,0.0895,0.48725,38.38582212377317,0.4325,400,0.32625,800,0.25333333333333335,1200
branin,straddle,2,39,0.08275,0.4515,38.38582212377317,0.42,400,0.3175,800,0.24666666666666667,1200
branin,straddle,2,40,0.06975,0.375,38.38582212377317,0.395,400,0.29625,800,0.21916666666666668,1200
branin,straddle,2,41,0.0725,0.39575,38.38582212377317,0.3875,400,0.3,800,0.22583333333333333,1200
branin,straddle,2,42,0.072,0.338,38.38582212377317,0.385,400,0.2975,800,0.22416666666666665,1200
branin,straddle,2,43,0.072,0.30375,38.38582212377317,0.385,400,0.2975,800,0.22416666666666665,1200
branin,straddle,2,44,0.07775,0.33975,38.38582212377317,0.4075,400,0.32,800,0.2375,1200
branin,straddle,2,45,0.07875,0.315,38.38582212377317,0.41,400,0.325,800,0.24083333333333334,1200
branin,straddle,2,46,0.0785,0.278,38.38582212377317,0.41,400,0.325,800,0.24083333333333334,1200
branin,straddle,2,47,0.07825,0.3235,38.38582212377317,0.4,400,0.3175,800,0.23583333333333334,1200
branin,straddle,2,48,0.078,0.29425,38.38582212377317,0.4,400,0.31625,800,0.235,1200
branin,straddle,2,49,0.0735,0.2965,38.38582212377317,0.4075,400,0.3175,800,0.23666666666666666,1200
branin,straddle,2,50,0.07575,0.4005,38.38582212377317,0.4075,400,0.31875,800,0.24083333333333334,1200
branin,straddle,3,6,0.4175,0.9765,39.540792131416296,0.575,400,0.63875,800,0.6566666666666666,1200
branin,straddle,3,7,0.29725,0.9725,39.540792131416296,0.5225,400,0.53375,800,0.5208333333333334,1200
branin,straddle,3,8,0.25625,0.9685,39.540792131416296,0.4975,400,0.5025,800,0.4875,1200
branin,straddle,3,9,0.25625,0.96675,39.540792131416296,0.4975,400,0.5025,800,0.4875,1200
branin,straddle,3,10,0.25725,0.962,39.540792131416296,0.505,400,0.49875,800,0.49,1200
branin,straddle,3,11,0.2605,0.95725,39.540792131416296,0.505,400,0.5025,800,0.49166666666666664,1200
branin,straddle,3,12,0.2585,0.954,39.540792131416296,0.505,400,0.5025,800,0.49166666666666664,1200
branin,straddle,3,13,0.2185,0.95075,39.540792131416296,0.475,400,0.44625,800,0.4058333333333333,1200
branin,straddle,3,14,0.21425,0.94675,39.540792131416296,0.4775,400,0.4275,800,0.3875,1200
branin,straddle,3,15,0.16475,0.94175,39.540792131416296,0.4025,400,0.33,800,0.2841666666666667,1200
branin,straddle,3,16,0.14225,0.938,39.540792131416296,0.37,400,0.3,800,0.25166666666666665,1200
branin,straddle,3,17,0.13025,0.932,39.540792131416296,0.37,400,0.3,800,0.25166666666666665,1200
branin,straddle,3,18,0.11225,0.92775,39.540792131416296,0.3525,400,0.28625,800,0.23333333333333334,1200
branin,straddle,3,19,0.10925,0.925,39.540792131416296,0.3475,400,0.28125,800,0.23083333333333333,1200
branin,straddle,3,20,0.12075,0.9185,39.540792131416296,0.3525,400,0.29,800,0.23583333333333334,1200
branin,straddle,3,21,0.123,0.72175,39.540792131416296,0.3925,400,0.31375,800,0.24916666666666668,1200
branin,straddle,3,22,0.1195,0.9035,39.540792131416296,0.3325,400,0.28125,800,0.2275,1200
branin,straddle,3,23,0.1195,0.89825,39.540792131416296,0.3325,400,0.28125,800,0.2275,1200
branin,straddle,3,24,0.12825,0.62225,39.540792131416296,0.3875,400,0.31625,800,0.2475,1200
branin,straddle,3,25,0.115,0.60925,39.540792131416296,0.3825,400,0.31375,800,0.24833333333333332,1200
branin,straddle,3,26,0.11575,0.50325,39.540792131416296,0.3875,400,0.31625,800,0.25083333333333335,1200
branin,straddle,3,27,0.1155,0.553,39.540792131416296,0.3775,400,0.31375,800,0.25,1200
branin,straddle,3,28,0.10025,0.62975,39.540792131416296,0.3575,400,0.28875,800,0.22833333333333333,1200
branin,straddle,3,29,0.09425,0.6275,39.540792131416296,0.36,400,0.29375,800,0.22666666666666666,1200
branin,straddle,3,30,0.094,0.56825,39.540792131416296,0.3625,400,0.29375,800,0.22666666666666666,1200
branin,straddle,3,31,0.087,0.49425,39.540792131416296,0.3575,400,0.28875,800,0.2225,1200
branin,straddle,3,32,0.07275,0.4385,39.540792131416296,0.3575,400,0.275,800,0.21,1200
branin,straddle,3,33,0.0725,0.38925,39.540792131416296,0.36,400,0.275,800,0.21,1200
branin,straddle,3,34,0.07625,0.48575,39.540792131416296,0.355,400,0.2825,800,0.22166666666666668,1200
branin,straddle,3,35,0.07625,0.44925,39.540792131416296,0.355,400,0.2825,800,0.22166666666666668,1200
branin,straddle,3,36,0.0775,0.46575,39.540792131416296,0.37,400,0.28875,800,0.22583333333333333,1200
branin,straddle,3,37,0.0685,0.6035,39.540792131416296,0.3575,400,0.275,800,0.21333333333333335,1200
branin,straddle,3,38,0.0715,0.63075,39.540792131416296,0.3675,400,0.28625,800,0.22166666666666668,1200
branin,straddle,3,39,0.071,0.623,39.540792131416296,0.365,400,0.285,800,0.22083333333333333,1200
branin,straddle,3,40,0.06875,0.6375,39.540792131416296,0.3625,400,0.2775,800,0.21333333333333335,1200
branin,straddle,3,41,0.06925,0.59,39.540792131416296,0.3625,400,0.2775,800,0.21416666666666667,1200
branin,straddle,3,42,0.06925,0.5345,39.540792131416296,0.365,400,0.2775,800,0.21416666666666667,1200
branin,straddle,3,43,0.072,0.59325,39.540792131416296,0.3675,400,0.285,800,0.22333333333333333,1200
branin,straddle,3,44,0.072,0.5555,39.540792131416296,0.3575,400,0.2725,800,0.215,1200
branin,straddle,3,45,0.07475,0.555,39.540792131416296,0.38,400,0.2925,800,0.22833333333333333,1200
branin,straddle,3,46,0.0665,0.65375,39.540792131416296,0.3375,400,0.2575,800,0.19916666666666666,1200
branin,straddle,3,47,0.0665,0.62775,39.540792131416296,0.3375,400,0.2575,800,0.19916666666666666,1200
branin,straddle,3,48,0.0665,0.58275,39.540792131416296,0.335,400,0.2575,800,0.19916666666666666,1200
branin,straddle,3,49,0.06775,0.5275,39.540792131416296,0.3375,400,0.25875,800,0.20166666666666666,1200
branin,straddle,3,50,0.0635,0.50175,39.540792131416296,0.3325,400,0.25,800,0.19,1200
branin,straddle,4,6,0.3315,0.48,38.72809299129944,0.4375,400,0.395,800,0.35,1200
branin,straddle,4,7,0.264,0.60175,38.72809299129944,0.44,400,0.3975,800,0.35083333333333333,1200
branin,straddle,4,8,0.2845,0.64825,38.72809299129944,0.435,400,0.3925,800,0.3475,1200
branin,straddle,4,9,0.23475,0.59325,38.72809299129944,0.41,400,0.35875,800,0.3125,1200
branin,straddle,4,10,0.202,0.50175,38.72809299129944,0.405,400,0.35,800,0.2991666666666667,1200
branin,straddle,4,11,0.1865,0.55425,38.72809299129944,0.4225,400,0.35375,800,0.30333333333333334,1200
branin,straddle,4,12,0.219,0.53875,38.72809299129944,0.4425,400,0.37375,800,0.3233333333333333,1200
branin,straddle,4,13,0.17325,0.411,38.72809299129944,0.4525,400,0.3725,800,0.315,1200
branin,straddle,4,14,0.18425,0.47875,38.72809299129944,0.445,400,0.375,800,0.32916666666666666,1200
branin,straddle,4,15,0.17425,0.4805,38.72809299129944,0.455,400,0.39625,800,0.3408333333333333,1200
branin,straddle,4,16,0.173,0.39875,38.72809299129944,0.455,400,0.395,800,0.33916666666666667,1200
branin,straddle,4,17,0.17975,0.525,38.72809299129944,0.4825,400,0.40875,800,0.36083333333333334,1200
branin,straddle,4,18,0.18125,0.49525,38.72809299129944,0.485,400,0.4125,800,0.36666666666666664,1200
branin,straddle,4,19,0.17675,0.514,38.72809299129944,0.475,400,0.405,800,0.3525,1200
branin,straddle,4,20,0.158,0.39925,38.72809299129944,0.4675,400,0.385,800,0.32666666666666666,1200
branin,straddle,4,21,0.15675,0.30825,38.72809299129944,0.465,400,0.3775,800,0.32166666666666666,1200
branin,straddle,4,22,0.14425,0.3415,38.72809299129944,0.465,400,0.3825,800,0.3125,1200
branin,straddle,4,23,0.1395,0.25575,38.72809299129944,0.455,400,0.36375,800,0.30083333333333334,1200
branin,straddle,4,24,0.1215,0.383,38.72809299129944,0.4625,400,0.35875,800,0.2866666666666667,1200
branin,straddle,4,25,0.107,0.498,38.72809299129944,0.4675,400,0.36375,800,0.29,1200
branin,straddle,4,26,0.10625,0.5075,38.72809299129944,0.47,400,0.365,800,0.29,1200
branin,straddle,4,27,0.1065,0.391,38.72809299129944,0.47,400,0.3675,800,0.29,1200
branin,straddle,4,28,0.0925,0.52675,38.72809299129944,0.375,400,0.29625,800,0.23583333333333334,1200
branin,straddle,4,29,0.09425,0.6785,38.72809299129944,0.4,400,0.3025,800,0.245,1200
branin,straddle,4,30,0.0925,0.58275,38.72809299129944,0.395,400,0.2975,800,0.24083333333333334,1200
branin,straddle,4,31,0.09075,0.4935,38.72809299129944,0.3925,400,0.29375,800,0.2375,1200
branin,straddle,4,32,0.09775,0.55825,38.72809299129944,0.405,400,0.30125,800,0.2425,1200
branin,straddle,4,33,0.10175,0.62,38.72809299129944,0.4125,400,0.31375,800,0.25583333333333336,1200
branin,straddle,4,34,0.095,0.549,38.72809299129944,0.4075,400,0.31,800,0.25,1200
branin,straddle,4,35,0.0945,0.509,38.72809299129944,0.405,400,0.30875,800,0.24916666666666668,1200
branin,straddle,4,36,0.09,0.402,38.72809299129944,0.4125,400,0.305,800,0.24083333333333334,1200
branin,straddle,4,37,0.08725,0.44325,38.72809299129944,0.4025,400,0.2975,800,0.23666666666666666,1200
branin,straddle,4,38,0.08725,0.4115,38.72809299129944,0.3775,400,0.29375,800,0.23833333333333334,1200
branin,straddle,4,39,0.07625,0.35175,38.72809299129944,0.36,400,0.26,800,0.20416666666666666,1200
branin,straddle,4,40,0.06175,0.4215,38.72809299129944,0.335,400,0.2375,800,0.17666666666666667,1200
branin,straddle,4,41,0.0615,0.385,38.72809299129944,0.335,400,0.2375,800,0.17583333333333334,1200
branin,straddle,4,42,0.062,0.33225,38.72809299129944,0.3375,400,0.23875,800,0.17666666666666667,1200
branin,straddle,4,43,0.06175,0.261,38.72809299129944,0.3375,400,0.23625,800,0.17583333333333334,1200
branin,straddle,4,44,0.06175,0.20775,38.72809299129944,0.3375,400,0.23625,800,0.17583333333333334,1200
branin,straddle,4,45,0.067,0.33825,38.72809299129944,0.3775,400,0.2625,800,0.1925,1200
branin,straddle,4,46,0.06475,0.462,38.72809299129944,0.39,400,0.2675,800,0.1975,1200
branin,straddle,4,47,0.06425,0.415,38.72809299129944,0.385,400,0.265,800,0.19583333333333333,1200
branin,straddle,4,48,0.0565,0.53525,38.72809299129944,0.37,400,0.24375,800,0.17666666666666667,1200
branin,straddle,4,49,0.05625,0.52825,38.72809299129944,0.3675,400,0.24125,800,0.17583333333333334,1200
branin,straddle,4,50,0.0565,0.477,38.72809299129944,0.3675,400,0.24125,800,0.17666666666666667,1200
branin,randomized_straddle,0,6,0.251,0.971,37.89289019425876,0.4875,400,0.41375,800,0.3625,1200
branin,randomized_straddle,0,7,0.23025,0.969,37.89289019425876,0.4875,400,0.41375,800,0.3625,1200
branin,randomized_straddle,0,8,0.24575,0.967,37.89289019425876,0.4875,400,0.42625,800,0.38666666666666666,1200
branin,randomized_straddle,0,9,0.223,0.96275,37.89289019425876,0.485,400,0.4225,800,0.36583333333333334,1200
branin,randomized_straddle,0,10,0.19975,0.957,37.89289019425876,0.475,400,0.40625,800,0.3466666666666667,1200
branin,randomized_straddle,0,11,0.19975,0.9535,37.89289019425876,0.475,400,0.40625,800,0.3466666666666667,1200
branin,randomized_straddle,0,12,0.18675,0.94875,37.89289019425876,0.4575,400,0.375,800,0.33,1200
branin,randomized_straddle,0,13,0.2015,0.942,37.89289019425876,0.47,400,0.395,800,0.35083333333333333,1200
branin,randomized_straddle,0,14,0.201,0.934,37.89289019425876,0.46,400,0.3875,800,0.3408333333333333,1200
branin,randomized_straddle,0,15,0.201,0.92975,37.89289019425876,0.46,400,0.3875,800,0.3408333333333333,1200
branin,randomized_straddle,0,16,0.16,0.92525,37.89289019425876,0.45,400,0.37375,800,0.325,1200
branin,randomized_straddle,0,17,0.1535,0.92125,37.89289019425876,0.45,400,0.375,800,0.3258333333333333,1200
branin,randomized_straddle,0,18,0.1605,0.916,37.89289019425876,0.45,400,0.38125,800,0.33416666666666667,1200
branin,randomized_straddle,0,19,0.10275,0.385,37.89289019425876,0.4125,400,0.30875,800,0.2525,1200
branin,randomized_straddle,0,20,0.09875,0.3585,37.89289019425876,0.4275,400,0.3225,800,0.26416666666666666,1200
branin,randomized_straddle,0,21,0.107,0.43675,37.89289019425876,0.44,400,0.3425,800,0.28583333333333333,1200
branin,randomized_straddle,0,22,0.11125,0.692,37.89289019425876,0.4275,400,0.33,800,0.2808333333333333,1200
branin,randomized_straddle,0,23,0.09575,0.5465,37.89289019425876,0.42,400,0.30375,800,0.25166666666666665,1200
branin,randomized_straddle,0,24,0.09425,0.496,37.89289019425876,0.425,400,0.30375,800,0.25,1200
branin,randomized_straddle,0,25,0.084,0.4245,37.89289019425876,0.405,400,0.28625,800,0.23083333333333333,1200
branin,randomized_straddle,0,26,0.09475,0.457,37.89289019425876,0.43,400,0.30875,800,0.25166666666666665,1200
branin,randomized_straddle,0,27,0.08875,0.51875,37.89289019425876,0.34,400,0.2575,800,0.215,1200
branin,randomized_straddle,0,28,0.0905,0.50875,37.89289019425876,0.345,400,0.26375,800,0.22166666666666668,1200
branin,randomized_straddle,0,29,0.0775,0.478,37.89289019425876,0.345,400,0.255,800,0.2075,1200
branin,randomized_straddle,0,30,0.07675,0.46475,37.89289019425876,0.345,400,0.25375,800,0.20333333333333334,1200
branin,randomized_straddle,0,31,0.078,0.432,37.89289019425876,0.35,400,0.26,800,0.21,1200
branin,randomized_straddle,0,32,0.078,0.38625,37.89289019425876,0.3475,400,0.25875,800,0.21,1200
branin,randomized_straddle,0,33,0.0705,0.40125,37.89289019425876,0.34,400,0.2525,800,0.19916666666666666,1200
branin,randomized_straddle,0,34,0.07025,0.438,37.89289019425876,0.365,400,0.26125,800,0.20166666666666666,1200
branin,randomized_straddle,0,35,0.07075,0.401,37.89289019425876,0.365,400,0.26125,800,0.2025,1200
branin,randomized_straddle,0,36,0.06425,0.3575,37.89289019425876,0.3525,400,0.24375,800,0.19,1200
branin,randomized_straddle,0,37,0.071,0.3505,37.89289019425876,0.3525,400,0.24875,800,0.195,1200
branin,randomized_straddle,0,38,0.07075,0.316,37.89289019425876,0.3525,400,0.2475,800,0.19416666666666665,1200
branin,randomized_straddle,0,39,0.06125,0.40225,37.89289019425876,0.325,400,0.22,800,0.16916666666666666,1200
branin,randomized_straddle,0,40,0.0605,0.43525,37.89289019425876,0.3225,400,0.22125,800,0.17166666666666666,1200
branin,randomized_straddle,0,41,0.06475,0.48875,37.89289019425876,0.3325,400,0.2325,800,0.17833333333333334,1200
branin,randomized_straddle,0,42,0.06375,0.4555,37.89289019425876,0.3325,400,0.2225,800,0.1725,1200
branin,randomized_straddle,0,43,0.064,0.42075,37.89289019425876,0.3325,400,0.2225,800,0.1725,1200
branin,randomized_straddle,0,44,0.06425,0.5265,37.89289019425876,0.3275,400,0.23125,800,0.17833333333333334,1200
branin,randomized_straddle,0,45,0.06475,0.48875,37.89289019425876,0.325,400,0.23,800,0.1775,1200
branin,randomized_straddle,0,46,0.06525,0.56325,37.89289019425876,0.3325,400,0.23625,800,0.18083333333333335,1200
branin,randomized_straddle,0,47,0.0645,0.5225,37.89289019425876,0.325,400,0.23125,800,0.17833333333333334,1200
branin,randomized_straddle,0,48,0.054,0.6155,37.89289019425876,0.32,400,0.22375,800,0.17,1200
branin,randomized_straddle,0,49,0.0615,0.642,37.89289019425876,0.345,400,0.255,800,0.195,1200
branin,randomized_straddle,0,50,0.06175,0.6535,37.89289019425876,0.345,400,0.25125,800,0.19416666666666665,1200
branin,randomized_straddle,1,6,0.3635,0.97425,40.072198386339714,0.4625,400,0.40875,800,0.37666666666666665,1200
branin,randomized_straddle,1,7,0.2915,0.97325,40.072198386339714,0.44,400,0.38875,800,0.345,1200
branin,randomized_straddle,1,8,0.291,0.97,40.072198386339714,0.44,400,0.38875,800,0.345,1200
branin,randomized_straddle,1,9,0.2615,0.96375,40.072198386339714,0.4225,400,0.3725,800,0.3308333333333333,1200
branin,randomized_straddle,1,10,0.24225,0.95975,40.072198386339714,0.4225,400,0.3725,800,0.3308333333333333,1200
branin,randomized_straddle,1,11,0.23925,0.956,40.072198386339714,0.41,400,0.36,800,0.3225,1200
branin,randomized_straddle,1,12,0.20275,0.9525,40.072198386339714,0.4075,400,0.355,800,0.3125,1200
branin,randomized_straddle,1,13,0.15375,0.9485,40.072198386339714,0.4375,400,0.35625,800,0.2875,1200
branin,randomized_straddle,1,14,0.15375,0.94625,40.072198386339714,0.4375,400,0.35625,800,0.2875,1200
branin,randomized_straddle,1,15,0.1535,0.944,40.072198386339714,0.4375,400,0.35625,800,0.2875,1200
branin,randomized_straddle,1,16,0.14375,0.80975,40.072198386339714,0.385,400,0.32375,800,0.2758333333333333,1200
branin,randomized_straddle,1,17,0.13225,0.79125,40.072198386339714,0.4025,400,0.33125,800,0.2816666666666667,1200
branin,randomized_straddle,1,18,0.1195,0.789,40.072198386339714,0.41,400,0.335,800,0.2825,1200
branin,randomized_straddle,1,19,0.1135,0.81775,40.072198386339714,0.435,400,0.32875,800,0.2683333333333333,1200
branin,randomized_straddle,1,20,0.09925,0.7905,40.072198386339714,0.435,400,0.3175,800,0.24916666666666668,1200
branin,randomized_straddle,1,21,0.09775,0.91475,40.072198386339714,0.4225,400,0.305,800,0.23666666666666666,1200
branin,randomized_straddle,1,22,0.08875,0.76925,40.072198386339714,0.4325,400,0.295,800,0.2325,1200
branin,randomized_straddle,1,23,0.07175,0.69,40.072198386339714,0.3825,400,0.25875,800,0.19583333333333333,1200
branin,randomized_straddle,1,24,0.06275,0.54475,40.072198386339714,0.3725,400,0.25125,800,0.1875,1200
branin,randomized_straddle,1,25,0.06225,0.4835,40.072198386339714,0.3675,400,0.25,800,0.18666666666666668,1200
branin,randomized_straddle,1,26,0.0515,0.421,40.072198386339714,0.3425,400,0.23375,800,0.1625,1200
branin,randomized_straddle,1,27,0.06,0.578,40.072198386339714,0.365,400,0.25375,800,0.18416666666666667,1200
branin,randomized_straddle,1,28,0.07225,0.48425,40.072198386339714,0.3375,400,0.26375,800,0.2075,1200
branin,randomized_straddle,1,29,0.064,0.57,40.072198386339714,0.3225,400,0.23375,800,0.1825,1200
branin,randomized_straddle,1,30,0.076,0.854,40.072198386339714,0.3675,400,0.29,800,0.21916666666666668,1200
branin,randomized_straddle,1,31,0.08025,0.8475,40.072198386339714,0.3575,400,0.29125,800,0.22083333333333333,1200
branin,randomized_straddle,1,32,0.0805,0.841,40.072198386339714,0.3575,400,0.2925,800,0.22166666666666668,1200
branin,randomized_straddle,1,33,0.0805,0.83675,40.072198386339714,0.355,400,0.29125,800,0.22083333333333333,1200
branin,randomized_straddle,1,34,0.0755,0.6725,40.072198386339714,0.335,400,0.2775,800,0.21833333333333332,1200
branin,randomized_straddle,1,35,0.07125,0.56075,40.072198386339714,0.315,400,0.26,800,0.20416666666666666,1200
branin,randomized_straddle,1,36,0.07125,0.50575,40.072198386339714,0.315,400,0.25875,800,0.20333333333333334,1200
branin,randomized_straddle,1,37,0.0705,0.41925,40.072198386339714,0.31,400,0.25375,800,0.2,1200
branin,randomized_straddle,1,38,0.06925,0.474,40.072198386339714,0.315,400,0.24625,800,0.19416666666666665,1200
branin,randomized_straddle,1,39,0.05925,0.512,40.072198386339714,0.3075,400,0.2325,800,0.17583333333333334,1200
branin,randomized_straddle,1,40,0.061,0.55,40.072198386339714,0.315,400,0.2375,800,0.1825,1200
branin,randomized_straddle,1,41,0.05475,0.598,40.072198386339714,0.315,400,0.21625,800,0.16083333333333333,1200
branin,randomized_straddle,1,42,0.05075,0.56375,40.072198386339714,0.32,400,0.21875,800,0.16083333333333333,1200
branin,randomized_straddle,1,43,0.0505,0.528,40.072198386339714,0.3175,400,0.2175,800,0.16,1200
branin,randomized_straddle,1,44,0.05075,0.5375,40.072198386339714,0.3175,400,0.21875,800,0.16083333333333333,1200
branin,randomized_straddle,1,45,0.0485,0.54475,40.072198386339714,0.3025,400,0.21,800,0.15583333333333332,1200
branin,randomized_straddle,1,46,0.04875,0.51575,40.072198386339714,0.305,400,0.21125,800,0.15666666666666668,1200
branin,randomized_straddle,1,47,0.04875,0.50475,40.072198386339714,0.305,400,0.21125,800,0.15666666666666668,1200
branin,randomized_straddle,1,48,0.061,0.61125,40.072198386339714,0.31,400,0.22625,800,0.17333333333333334,1200
branin,randomized_straddle,1,49,0.05675,0.67325,40.072198386339714,0.3,400,0.205,800,0.15833333333333333,1200
branin,randomized_straddle,1,50,0.06775,0.6685,40.072198386339714,0.3725,400,0.26,800,0.195,1200
branin,randomized_straddle,2,6,0.396,0.75775,38.38582212377317,0.455,400,0.4,800,0.36083333333333334,1200
branin,randomized_straddle,2,7,0.30225,0.7305,38.38582212377317,0.47,400,0.40875,800,0.36333333333333334,1200
branin,randomized_straddle,2,8,0.32975,0.6955,38.38582212377317,0.4575,400,0.4025,800,0.3625,1200
branin,randomized_straddle,2,9,0.246,0.69975,38.38582212377317,0.4575,400,0.38625,800,0.3383333333333333,1200
branin,randomized_straddle,2,10,0.28175,0.63025,38.38582212377317,0.4675,400,0.395,800,0.3475,1200
branin,randomized_straddle,2,11,0.26325,0.5635,38.38582212377317,0.4825,400,0.39875,800,0.3466666666666667,1200
branin,randomized_straddle,2,12,0.266,0.39175,38.38582212377317,0.485,400,0.39875,800,0.3441666666666667,1200
branin,randomized_straddle,2,13,0.207,0.53175,38.38582212377317,0.475,400,0.39375,800,0.3416666666666667,1200
branin,randomized_straddle,2,14,0.1795,0.34175,38.38582212377317,0.455,400,0.3775,800,0.31833333333333336,1200
branin,randomized_straddle,2,15,0.1555,0.4785,38.38582212377317,0.4725,400,0.39,800,0.3283333333333333,1200
branin,randomized_straddle,2,16,0.14325,0.5185,38.38582212377317,0.47,400,0.385,800,0.32,1200
branin,randomized_straddle,2,17,0.12075,0.45175,38.38582212377317,0.4725,400,0.3675,800,0.2925,1200
branin,randomized_straddle,2,18,0.1225,0.529,38.38582212377317,0.475,400,0.355,800,0.2791666666666667,1200
branin,randomized_straddle,2,19,0.13275,0.49625,38.38582212377317,0.445,400,0.35,800,0.2808333333333333,1200
branin,randomized_straddle,2,20,0.1445,0.50825,38.38582212377317,0.44,400,0.36375,800,0.2975,1200
branin,randomized_straddle,2,21,0.14425,0.42025,38.38582212377317,0.44,400,0.36,800,0.29333333333333333,1200
branin,randomized_straddle,2,22,0.139,0.4275,38.38582212377317,0.3875,400,0.32125,800,0.26916666666666667,1200
branin,randomized_straddle,2,23,0.128,0.47575,38.38582212377317,0.4075,400,0.32,800,0.2675,1200
branin,randomized_straddle,2,24,0.12075,0.42625,38.38582212377317,0.41,400,0.31625,800,0.26,1200
branin,randomized_straddle,2,25,0.12125,0.40625,38.38582212377317,0.41,400,0.31625,800,0.26,1200
branin,randomized_straddle,2,26,0.11725,0.42225,38.38582212377317,0.39,400,0.3025,800,0.24833333333333332,1200
branin,randomized_straddle,2,27,0.096,0.46775,38.38582212377317,0.3875,400,0.29125,800,0.23666666666666666,1200
branin,randomized_straddle,2,28,0.0855,0.55675,38.38582212377317,0.3675,400,0.26125,800,0.2025,1200
branin,randomized_straddle,2,29,0.06775,0.603,38.38582212377317,0.3625,400,0.255,800,0.185,1200
branin,randomized_straddle,2,30,0.07125,0.522,38.38582212377317,0.3725,400,0.27875,800,0.20083333333333334,1200
branin,randomized_straddle,2,31,0.071,0.4865,38.38582212377317,0.3725,400,0.27625,800,0.2,1200
branin,randomized_straddle,2,32,0.05875,0.393,38.38582212377317,0.3625,400,0.26,800,0.185,1200
branin,randomized_straddle,2,33,0.063,0.431,38.38582212377317,0.3625,400,0.26625,800,0.19333333333333333,1200
branin,randomized_straddle,2,34,0.05725,0.451,38.38582212377317,0.3725,400,0.25875,800,0.185,1200
branin,randomized_straddle,2,35,0.0565,0.4065,38.38582212377317,0.3625,400,0.255,800,0.1825,1200
branin,randomized_straddle,2,36,0.05825,0.38475,38.38582212377317,0.38,400,0.265,800,0.18833333333333332,1200
branin,randomized_straddle,2,37,0.053,0.43775,38.38582212377317,0.3575,400,0.23875,800,0.17083333333333334,1200
branin,randomized_straddle,2,38,0.06125,0.52775,38.38582212377317,0.365,400,0.25125,800,0.18416666666666667,1200
branin,randomized_straddle,2,39,0.064,0.52475,38.38582212377317,0.3775,400,0.2625,800,0.19333333333333333,1200
branin,randomized_straddle,2,40,0.06575,0.585,38.38582212377317,0.38,400,0.26875,800,0.19583333333333333,1200
branin,randomized_straddle,2,41,0.06975,0.554,38.38582212377317,0.4275,400,0.29,800,0.21,1200
branin,randomized_straddle,2,42,0.06475,0.60275,38.38582212377317,0.405,400,0.26625,800,0.1925,1200
branin,randomized_straddle,2,43,0.06475,0.5445,38.38582212377317,0.41,400,0.26875,800,0.19416666666666665,1200
branin,randomized_straddle,2,44,0.06425,0.49375,38.38582212377317,0.41,400,0.2675,800,0.19333333333333333,1200
branin,randomized_straddle,2,45,0.0625,0.462,38.38582212377317,0.415,400,0.2725,800,0.1975,1200
branin,randomized_straddle,2,46,0.05575,0.56025,38.38582212377317,0.4,400,0.25875,800,0.18416666666666667,1200
branin,randomized_straddle,2,47,0.05675,0.68375,38.38582212377317,0.3925,400,0.25875,800,0.185,1200
branin,randomized_straddle,2,48,0.0585,0.618,38.38582212377317,0.4,400,0.26375,800,0.18916666666666668,1200
branin,randomized_straddle,2,49,0.059,0.573,38.38582212377317,0.405,400,0.26625,800,0.19083333333333333,1200
branin,randomized_straddle,2,50,0.05875,0.539,38.38582212377317,0.4025,400,0.265,800,0.18916666666666668,1200
branin,randomized_straddle,3,6,0.4175,0.9765,39.540792131416296,0.575,400,0.63875,800,0.6566666666666666,1200
branin,randomized_straddle,3,7,0.29725,0.9725,39.540792131416296,0.5225,400,0.53375,800,0.5208333333333334,1200
branin,randomized_straddle,3,8,0.25625,0.9685,39.540792131416296,0.4975,400,0.5025,800,0.4875,1200
branin,randomized_straddle,3,9,0.25625,0.96675,39.540792131416296,0.4975,400,0.5025,800,0.4875,1200
branin,randomized_straddle,3,10,0.25725,0.962,39.540792131416296,0.505,400,0.49875,800,0.49,1200
branin,randomized_straddle,3,11,0.2605,0.95725,39.540792131416296,0.505,400,0.5025,800,0.49166666666666664,1200
branin,randomized_straddle,3,12,0.2585,0.954,39.540792131416296,0.505,400,0.5025,800,0.49166666666666664,1200
branin,randomized_straddle,3,13,0.2185,0.95075,39.540792131416296,0.475,400,0.44625,800,0.4058333333333333,1200
branin,randomized_straddle,3,14,0.169,0.94525,39.540792131416296,0.4,400,0.34875,800,0.3025,1200
branin,randomized_straddle,3,15,0.1465,0.9415,39.540792131416296,0.3675,400,0.31875,800,0.27,1200
branin,randomized_straddle,3,16,0.14225,0.938,39.540792131416296,0.37,400,0.3,800,0.25166666666666665,1200
branin,randomized_straddle,3,17,0.13025,0.932,39.540792131416296,0.37,400,0.3,800,0.25166666666666665,1200
branin,randomized_straddle,3,18,0.12875,0.92675,39.540792131416296,0.375,400,0.30875,800,0.2575,1200
branin,randomized_straddle,3,19,0.12575,0.924,39.540792131416296,0.37,400,0.30375,800,0.255,1200
branin,randomized_straddle,3,20,0.10925,0.91475,39.540792131416296,0.3625,400,0.29375,800,0.24,1200
branin,randomized_straddle,3,21,0.123,0.62,39.540792131416296,0.3875,400,0.31375,800,0.2575,1200
branin,randomized_straddle,3,22,0.119,0.43575,39.540792131416296,0.3925,400,0.315,800,0.24916666666666668,1200
branin,randomized_straddle,3,23,0.12175,0.465,39.540792131416296,0.41,400,0.325,800,0.25583333333333336,1200
branin,randomized_straddle,3,24,0.13425,0.884,39.540792131416296,0.435,400,0.3675,800,0.2916666666666667,1200
branin,randomized_straddle,3,25,0.1145,0.5935,39.540792131416296,0.3925,400,0.33625,800,0.26,1200
branin,randomized_straddle,3,26,0.11425,0.47775,39.540792131416296,0.395,400,0.335,800,0.26,1200
branin,randomized_straddle,3,27,0.11425,0.39675,39.540792131416296,0.395,400,0.33375,800,0.25916666666666666,1200
branin,randomized_straddle,3,28,0.11425,0.321,39.540792131416296,0.395,400,0.33375,800,0.25916666666666666,1200
branin,randomized_straddle,3,29,0.1145,0.27025,39.540792131416296,0.3975,400,0.335,800,0.26,1200
branin,randomized_straddle,3,30,0.0915,0.35,39.540792131416296,0.395,400,0.3275,800,0.25333333333333335,1200
branin,randomized_straddle,3,31,0.08575,0.4365,39.540792131416296,0.4,400,0.3125,800,0.23583333333333334,1200
branin,randomized_straddle,3,32,0.085,0.547,39.540792131416296,0.3875,400,0.295,800,0.22583333333333333,1200
branin,randomized_straddle,3,33,0.07025,0.4925,39.540792131416296,0.3775,400,0.275,800,0.20583333333333334,1200
branin,randomized_straddle,3,34,0.06975,0.42725,39.540792131416296,0.38,400,0.275,800,0.20416666666666666,1200
branin,randomized_straddle,3,35,0.06975,0.51225,39.540792131416296,0.395,400,0.27875,800,0.20666666666666667,1200
branin,randomized_straddle,3,36,0.07625,0.64125,39.540792131416296,0.4025,400,0.3,800,0.2275,1200
branin,randomized_straddle,3,37,0.07875,0.79125,39.540792131416296,0.385,400,0.30125,800,0.23333333333333334,1200
branin,randomized_straddle,3,38,0.07425,0.78525,39.540792131416296,0.3725,400,0.29125,800,0.22666666666666666,1200
branin,randomized_straddle,3,39,0.07225,0.77925,39.540792131416296,0.3725,400,0.29125,800,0.22666666666666666,1200
branin,randomized_straddle,3,40,0.06925,0.7685,39.540792131416296,0.3675,400,0.285,800,0.2175,1200
branin,randomized_straddle,3,41,0.072,0.76125,39.540792131416296,0.38,400,0.29375,800,0.22166666666666668,1200
branin,randomized_straddle,3,42,0.06625,0.75675,39.540792131416296,0.35,400,0.27,800,0.20333333333333334,1200
branin,randomized_straddle,3,43,0.067,0.744,39.540792131416296,0.36,400,0.28,800,0.2075,1200
branin,randomized_straddle,3,44,0.06675,0.736,39.540792131416296,0.36,400,0.28,800,0.2075,1200
branin,randomized_straddle,3,45,0.067,0.723,39.540792131416296,0.3625,400,0.28125,800,0.20833333333333334,1200
branin,randomized_straddle,3,46,0.06375,0.7105,39.540792131416296,0.35,400,0.26875,800,0.1975,1200
branin,randomized_straddle,3,47,0.058,0.70075,39.540792131416296,0.3425,400,0.24125,800,0.17833333333333334,1200
branin,randomized_straddle,3,48,0.057,0.69525,39.540792131416296,0.32,400,0.23125,800,0.17416666666666666,1200
branin,randomized_straddle,3,49,0.057,0.68375,39.540792131416296,0.32,400,0.23125,800,0.17416666666666666,1200
branin,randomized_straddle,3,50,0.05575,0.66475,39.540792131416296,0.3225,400,0.23125,800,0.17083333333333334,1200
branin,randomized_straddle,4,6,0.3315,0.48,38.72809299129944,0.4375,400,0.395,800,0.35,1200
branin,randomized_straddle,4,7,0.331,0.1445,38.72809299129944,0.435,400,0.38875,800,0.3491666666666667,1200
branin,randomized_straddle,4,8,0.275,0.52575,38.72809299129944,0.45,400,0.4025,800,0.36,1200
branin,randomized_straddle,4,9,0.29,0.6325,38.72809299129944,0.4625,400,0.405,800,0.36083333333333334,1200
branin,randomized_straddle,4,10,0.2575,0.54725,38.72809299129944,0.4575,400,0.39125,800,0.3466666666666667,1200
branin,randomized_straddle,4,11,0.2315,0.57025,38.72809299129944,0.4425,400,0.3625,800,0.3258333333333333,1200
branin,randomized_straddle,4,12,0.19575,0.4075,38.72809299129944,0.4625,400,0.36875,800,0.325,1200
branin,randomized_straddle,4,13,0.2055,0.47175,38.72809299129944,0.4525,400,0.3725,800,0.3425,1200
branin,randomized_straddle,4,14,0.195,0.7535,38.72809299129944,0.4575,400,0.3725,800,0.3408333333333333,1200
branin,randomized_straddle,4,15,0.187,0.3645,38.72809299129944,0.49,400,0.40875,800,0.35583333333333333,1200
branin,randomized_straddle,4,16,0.1965,0.491,38.72809299129944,0.4875,400,0.41375,800,0.36333333333333334,1200
branin,randomized_straddle,4,17,0.19425,0.47125,38.72809299129944,0.48,400,0.4125,800,0.36083333333333334,1200
branin,randomized_straddle,4,18,0.19525,0.37975,38.72809299129944,0.48,400,0.4125,800,0.36083333333333334,1200
branin,randomized_straddle,4,19,0.1745,0.3525,38.72809299129944,0.4425,400,0.35875,800,0.31333333333333335,1200
branin,randomized_straddle,4,20,0.16825,0.45575,38.72809299129944,0.4025,400,0.32875,800,0.2925,1200
branin,randomized_straddle,4,21,0.16925,0.37525,38.72809299129944,0.4025,400,0.33,800,0.29333333333333333,1200
branin,randomized_straddle,4,22,0.15475,0.3745,38.72809299129944,0.345,400,0.2875,800,0.2525,1200
branin,randomized_straddle,4,23,0.15125,0.48825,38.72809299129944,0.365,400,0.29875,800,0.255,1200
branin,randomized_straddle,4,24,0.13375,0.82825,38.72809299129944,0.4175,400,0.3175,800,0.25916666666666666,1200
branin,randomized_straddle,4,25,0.118,0.87975,38.72809299129944,0.4,400,0.31,800,0.25833333333333336,1200
branin,randomized_straddle,4,26,0.09325,0.57775,38.72809299129944,0.34,400,0.26625,800,0.215,1200
branin,randomized_straddle,4,27,0.087,0.552,38.72809299129944,0.3625,400,0.27,800,0.21083333333333334,1200
branin,randomized_straddle,4,28,0.10875,0.525,38.72809299129944,0.3775,400,0.32125,800,0.25666666666666665,1200
branin,randomized_straddle,4,29,0.09725,0.8645,38.72809299129944,0.4075,400,0.31875,800,0.2525,1200
branin,randomized_straddle,4,30,0.094,0.6335,38.72809299129944,0.3825,400,0.31375,800,0.24666666666666667,1200
branin,randomized_straddle,4,31,0.09125,0.55175,38.72809299129944,0.3775,400,0.30875,800,0.24333333333333335,1200
branin,randomized_straddle,4,32,0.07975,0.618,38.72809299129944,0.335,400,0.27625,800,0.21833333333333332,1200
branin,randomized_straddle,4,33,0.077,0.62175,38.72809299129944,0.3575,400,0.2775,800,0.21,1200
branin,randomized_straddle,4,34,0.07175,0.53825,38.72809299129944,0.345,400,0.26625,800,0.205,1200
branin,randomized_straddle,4,35,0.0785,0.682,38.72809299129944,0.3675,400,0.27625,800,0.2125,1200
branin,randomized_straddle,4,36,0.07475,0.61075,38.72809299129944,0.3575,400,0.26625,800,0.20416666666666666,1200
branin,randomized_straddle,4,37,0.077,0.6005,38.72809299129944,0.35,400,0.265,800,0.205,1200
branin,randomized_straddle,4,38,0.06975,0.6395,38.72809299129944,0.3675,400,0.26875,800,0.2025,1200
branin,randomized_straddle,4,39,0.06725,0.7205,38.72809299129944,0.3675,400,0.265,800,0.195,1200
branin,randomized_straddle,4,40,0.06825,0.77175,38.72809299129944,0.39,400,0.2775,800,0.20333333333333334,1200
branin,randomized_straddle,4,41,0.0655,0.76025,38.72809299129944,0.405,400,0.28,800,0.20333333333333334,1200
branin,randomized_straddle,4,42,0.0685,0.7475,38.72809299129944,0.4,400,0.28625,800,0.21333333333333335,1200
branin,randomized_straddle,4,43,0.0665,0.68575,38.72809299129944,0.3975,400,0.27875,800,0.20666666666666667,1200
branin,randomized_straddle,4,44,0.06425,0.7275,38.72809299129944,0.3825,400,0.27125,800,0.20166666666666666,1200
branin,randomized_straddle,4,45,0.0635,0.70225,38.72809299129944,0.38,400,0.2675,800,0.19916666666666666,1200
branin,randomized_straddle,4,46,0.06175,0.6485,38.72809299129944,0.3775,400,0.265,800,0.19333333333333333,1200
branin,randomized_straddle,4,47,0.062,0.61225,38.72809299129944,0.3775,400,0.2675,800,0.19416666666666665,1200
branin,randomized_straddle,4,48,0.05875,0.6425,38.72809299129944,0.375,400,0.25125,800,0.18333333333333332,1200
branin,randomized_straddle,4,49,0.05725,0.6895,38.72809299129944,0.37,400,0.25125,800,0.18416666666666667,1200
branin,randomized_straddle,4,50,0.057,0.63725,38.72809299129944,0.3725,400,0.25,800,0.18333333333333332,1200
branin,expected_feasibility,0,6,0.251,0.971,37.89289019425876,0.4875,400,0.41375,800,0.3625,1200
branin,expected_feasibility,0,7,0.227,0.96625,37.89289019425876,0.4875,400,0.41375,800,0.3625,1200
branin,expected_feasibility,0,8,0.2425,0.96425,37.89289019425876,0.4875,400,0.42625,800,0.38666666666666666,1200
branin,expected_feasibility,0,9,0.21975,0.96,37.89289019425876,0.485,400,0.4225,800,0.36583333333333334,1200
branin,expected_feasibility,0,10,0.21975,0.9565,37.89289019425876,0.485,400,0.4225,800,0.36583333333333334,1200
branin,expected_feasibility,0,11,0.2015,0.9525,37.89289019425876,0.48,400,0.41375,800,0.3525,1200
branin,expected_feasibility,0,12,0.209,0.94875,37.89289019425876,0.4875,400,0.4225,800,0.3625,1200
branin,expected_feasibility,0,13,0.209,0.94625,37.89289019425876,0.4875,400,0.4225,800,0.3625,1200
branin,expected_feasibility,0,14,0.1935,0.94275,37.89289019425876,0.47,400,0.3925,800,0.3491666666666667,1200
branin,expected_feasibility,0,15,0.178,0.8575,37.89289019425876,0.4575,400,0.385,800,0.33916666666666667,1200
branin,expected_feasibility,0,16,0.13325,0.8365,37.89289019425876,0.4475,400,0.3725,800,0.3225,1200
branin,expected_feasibility,0,17,0.12275,0.79,37.89289019425876,0.4475,400,0.36625,800,0.31416666666666665,1200
branin,expected_feasibility,0,18,0.1165,0.66425,37.89289019425876,0.45,400,0.365,800,0.31083333333333335,1200
branin,expected_feasibility,0,19,0.124,0.62975,37.89289019425876,0.465,400,0.3675,800,0.31666666666666665,1200
branin,expected_feasibility,0,20,0.116,0.45675,37.89289019425876,0.4475,400,0.3575,800,0.30416666666666664,1200
branin,expected_feasibility,0,21,0.09725,0.329,37.89289019425876,0.445,400,0.33375,800,0.2683333333333333,1200
branin,expected_feasibility,0,22,0.094,0.288,37.89289019425876,0.4225,400,0.32375,800,0.26,1200
branin,expected_feasibility,0,23,0.08425,0.215,37.89289019425876,0.4025,400,0.2925,800,0.23583333333333334,1200
branin,expected_feasibility,0,24,0.074,0.14775,37.89289019425876,0.385,400,0.27,800,0.21333333333333335,1200
branin,expected_feasibility,0,25,0.07925,0.1895,37.89289019425876,0.3925,400,0.28,800,0.22916666666666666,1200
branin,expected_feasibility,0,26,0.08725,0.2455,37.89289019425876,0.41,400,0.2875,800,0.2375,1200
branin,expected_feasibility,0,27,0.08975,0.28175,37.89289019425876,0.4225,400,0.31,800,0.25083333333333335,1200
branin,expected_feasibility,0,28,0.08625,0.24,37.89289019425876,0.4175,400,0.305,800,0.245,1200
branin,expected_feasibility,0,29,0.08625,0.183,37.89289019425876,0.4175,400,0.30375,800,0.24416666666666667,1200
branin,expected_feasibility,0,30,0.0865,0.16575,37.89289019425876,0.4175,400,0.30375,800,0.245,1200
branin,expected_feasibility,0,31,0.08525,0.1615,37.89289019425876,0.41,400,0.30125,800,0.2425,1200
branin,expected_feasibility,0,32,0.07825,0.21175,37.89289019425876,0.405,400,0.285,800,0.22333333333333333,1200
branin,expected_feasibility,0,33,0.07025,0.17875,37.89289019425876,0.395,400,0.27375,800,0.20833333333333334,1200
branin,expected_feasibility,0,34,0.07125,0.163,37.89289019425876,0.3975,400,0.275,800,0.20916666666666667,1200
branin,expected_feasibility,0,35,0.0715,0.158,37.89289019425876,0.4,400,0.27625,800,0.21,1200
branin,expected_feasibility,0,36,0.07625,0.19525,37.89289019425876,0.3975,400,0.2925,800,0.22583333333333333,1200
branin,expected_feasibility,0,37,0.076,0.16975,37.89289019425876,0.3975,400,0.2925,800,0.22583333333333333,1200
branin,expected_feasibility,0,38,0.07575,0.15425,37.89289019425876,0.4,400,0.2925,800,0.225,1200
branin,expected_feasibility,0,39,0.06575,0.18375,37.89289019425876,0.3975,400,0.29375,800,0.21666666666666667,1200
branin,expected_feasibility,0,40,0.065,0.17625,37.89289019425876,0.385,400,0.29,800,0.21416666666666667,1200
branin,expected_feasibility,0,41,0.06525,0.1575,37.89289019425876,0.3875,400,0.29125,800,0.215,1200
branin,expected_feasibility,0,42,0.065,0.14475,37.89289019425876,0.3875,400,0.29125,800,0.215,1200
branin,expected_feasibility,0,43,0.06425,0.123,37.89289019425876,0.3875,400,0.29,800,0.21333333333333335,1200
branin,expected_feasibility,0,44,0.06475,0.11825,37.89289019425876,0.3875,400,0.29,800,0.215,1200
branin,expected_feasibility,0,45,0.06125,0.10725,37.89289019425876,0.37,400,0.27375,800,0.20083333333333334,1200
branin,expected_feasibility,0,46,0.0545,0.1275,37.89289019425876,0.34,400,0.2475,800,0.17916666666666667,1200
branin,expected_feasibility,0,47,0.0505,0.1525,37.89289019425876,0.3225,400,0.225,800,0.16583333333333333,1200
branin,expected_feasibility,0,48,0.05025,0.144,37.89289019425876,0.32,400,0.22625,800,0.165,1200
branin,expected_feasibility,0,49,0.054,0.165,37.89289019425876,0.34,400,0.245,800,0.1775,1200
branin,expected_feasibility,0,50,0.05525,0.162,37.89289019425876,0.3425,400,0.25,800,0.18083333333333335,1200
branin,expected_feasibility,1,6,0.3635,0.97425,40.072198386339714,0.4625,400,0.40875,800,0.37666666666666665,1200
branin,expected_feasibility,1,7,0.363,0.9715,40.072198386339714,0.4625,400,0.40875,800,0.37666666666666665,1200
branin,expected_feasibility,1,8,0.30375,0.9695,40.072198386339714,0.4525,400,0.39875,800,0.355,1200
branin,expected_feasibility,1,9,0.27325,0.96775,40.072198386339714,0.4425,400,0.39,800,0.3475,1200
branin,expected_feasibility,1,10,0.26125,0.966,40.072198386339714,0.4425,400,0.39,800,0.3475,1200
branin,expected_feasibility,1,11,0.258,0.9625,40.072198386339714,0.435,400,0.38,800,0.34,1200
branin,expected_feasibility,1,12,0.23525,0.9595,40.072198386339714,0.435,400,0.37625,800,0.3275,1200
branin,expected_feasibility,1,13,0.1835,0.95525,40.072198386339714,0.445,400,0.37,800,0.30416666666666664,1200
branin,expected_feasibility,1,14,0.1835,0.953,40.072198386339714,0.445,400,0.37,800,0.30416666666666664,1200
branin,expected_feasibility,1,15,0.1855,0.86975,40.072198386339714,0.4225,400,0.35875,800,0.30583333333333335,1200
branin,expected_feasibility,1,16,0.1845,0.94825,40.072198386339714,0.44,400,0.3675,800,0.30666666666666664,1200
branin,expected_feasibility,1,17,0.18125,0.85575,40.072198386339714,0.4275,400,0.3575,800,0.30666666666666664,1200
branin,expected_feasibility,1,18,0.16075,0.8155,40.072198386339714,0.4175,400,0.3525,800,0.3016666666666667,1200
branin,expected_feasibility,1,19,0.14,0.848,40.072198386339714,0.43,400,0.36,800,0.3025,1200
branin,expected_feasibility,1,20,0.12575,0.75825,40.072198386339714,0.355,400,0.3,800,0.2608333333333333,1200
branin,expected_feasibility,1,21,0.1005,0.72075,40.072198386339714,0.3375,400,0.29125,800,0.2475,1200
branin,expected_feasibility,1,22,0.097,0.646,40.072198386339714,0.3475,400,0.28375,800,0.2425,1200
branin,expected_feasibility,1,23,0.0935,0.61,40.072198386339714,0.36,400,0.28625,800,0.23833333333333334,1200
branin,expected_feasibility,1,24,0.092,0.5245,40.072198386339714,0.36,400,0.28375,800,0.2375,1200
branin,expected_feasibility,1,25,0.09125,0.4435,40.072198386339714,0.355,400,0.28125,800,0.23583333333333334,1200
branin,expected_feasibility,1,26,0.08825,0.37625,40.072198386339714,0.345,400,0.2825,800,0.23833333333333334,1200
branin,expected_feasibility,1,27,0.095,0.45975,40.072198386339714,0.4075,400,0.32625,800,0.2625,1200
branin,expected_feasibility,1,28,0.0885,0.3565,40.072198386339714,0.37,400,0.30375,800,0.24416666666666667,1200
branin,expected_feasibility,1,29,0.08875,0.31675,40.072198386339714,0.3675,400,0.30125,800,0.24333333333333335,1200
branin,expected_feasibility,1,30,0.08975,0.3825,40.072198386339714,0.39,400,0.31625,800,0.255,1200
branin,expected_feasibility,1,31,0.08525,0.41525,40.072198386339714,0.4075,400,0.30875,800,0.24,1200
branin,expected_feasibility,1,32,0.08525,0.375,40.072198386339714,0.4075,400,0.31,800,0.24083333333333334,1200
branin,expected_feasibility,1,33,0.08525,0.30125,40.072198386339714,0.4075,400,0.31125,800,0.24166666666666667,1200
branin,expected_feasibility,1,34,0.0815,0.3085,40.072198386339714,0.3875,400,0.31,800,0.235,1200
branin,expected_feasibility,1,35,0.07775,0.26475,40.072198386339714,0.3475,400,0.28375,800,0.2175,1200
branin,expected_feasibility,1,36,0.06775,0.208,40.072198386339714,0.34,400,0.265,800,0.19583333333333333,1200
branin,expected_feasibility,1,37,0.058,0.2835,40.072198386339714,0.3175,400,0.24125,800,0.17083333333333334,1200
branin,expected_feasibility,1,38,0.058,0.257,40.072198386339714,0.3175,400,0.24125,800,0.17083333333333334,1200
branin,expected_feasibility,1,39,0.0635,0.241,40.072198386339714,0.3475,400,0.25875,800,0.1875,1200
branin,expected_feasibility,1,40,0.06275,0.21225,40.072198386339714,0.3375,400,0.25375,800,0.18416666666666667,1200
branin,expected_feasibility,1,41,0.05975,0.194,40.072198386339714,0.33,400,0.24125,800,0.175,1200
branin,expected_feasibility,1,42,0.05275,0.1965,40.072198386339714,0.2975,400,0.20625,800,0.15166666666666667,1200
branin,expected_feasibility,1,43,0.05275,0.18675,40.072198386339714,0.2975,400,0.20625,800,0.15166666666666667,1200
branin,expected_feasibility,1,44,0.063,0.2565,40.072198386339714,0.3325,400,0.2475,800,0.18,1200
branin,expected_feasibility,1,45,0.06275,0.214,40.072198386339714,0.3325,400,0.2475,800,0.17916666666666667,1200
branin,expected_feasibility,1,46,0.06275,0.187,40.072198386339714,0.3325,400,0.2475,800,0.17916666666666667,1200
branin,expected_feasibility,1,47,0.06875,0.22375,40.072198386339714,0.3575,400,0.26625,800,0.19916666666666666,1200
branin,expected_feasibility,1,48,0.061,0.24875,40.072198386339714,0.355,400,0.265,800,0.19666666666666666,1200
branin,expected_feasibility,1,49,0.06075,0.23075,40.072198386339714,0.355,400,0.265,800,0.19583333333333333,1200
branin,expected_feasibility,1,50,0.059,0.199,40.072198386339714,0.3375,400,0.25625,800,0.19,1200
branin,expected_feasibility,2,6,0.396,0.75775,38.38582212377317,0.455,400,0.4,800,0.36083333333333334,1200
branin,expected_feasibility,2,7,0.3095,0.74325,38.38582212377317,0.4725,400,0.4075,800,0.36583333333333334,1200
branin,expected_feasibility,2,8,0.22525,0.74625,38.38582212377317,0.4725,400,0.3925,800,0.3425,1200
branin,expected_feasibility,2,9,0.225,0.7195,38.38582212377317,0.4575,400,0.38625,800,0.3383333333333333,1200
branin,expected_feasibility,2,10,0.22875,0.56725,38.38582212377317,0.4675,400,0.3925,800,0.34,1200
branin,expected_feasibility,2,11,0.252,0.4435,38.38582212377317,0.4375,400,0.375,800,0.3258333333333333,1200
branin,expected_feasibility,2,12,0.21975,0.6065,38.38582212377317,0.4725,400,0.37875,800,0.32083333333333336,1200
branin,expected_feasibility,2,13,0.20475,0.39,38.38582212377317,0.47,400,0.37625,800,0.31583333333333335,1200
branin,expected_feasibility,2,14,0.17375,0.44225,38.38582212377317,0.445,400,0.35875,800,0.3016666666666667,1200
branin,expected_feasibility,2,15,0.1815,0.422,38.38582212377317,0.4825,400,0.39,800,0.3325,1200
branin,expected_feasibility,2,16,0.19675,0.38025,38.38582212377317,0.485,400,0.3975,800,0.3525,1200
branin,expected_feasibility,2,17,0.23175,0.84375,38.38582212377317,0.49,400,0.40625,800,0.36083333333333334,1200
branin,expected_feasibility,2,18,0.2255,0.623,38.38582212377317,0.48,400,0.405,800,0.3591666666666667,1200
branin,expected_feasibility,2,19,0.21175,0.7,38.38582212377317,0.485,400,0.405,800,0.35833333333333334,1200
branin,expected_feasibility,2,20,0.2075,0.56225,38.38582212377317,0.4825,400,0.405,800,0.35333333333333333,1200
branin,expected_feasibility,2,21,0.199,0.42525,38.38582212377317,0.4875,400,0.40625,800,0.3541666666666667,1200
branin,expected_feasibility,2,22,0.1995,0.3785,38.38582212377317,0.4875,400,0.40875,800,0.355,1200
branin,expected_feasibility,2,23,0.173,0.414,38.38582212377317,0.4775,400,0.39125,800,0.3325,1200
branin,expected_feasibility,2,24,0.1585,0.42525,38.38582212377317,0.465,400,0.3525,800,0.2966666666666667,1200
branin,expected_feasibility,2,25,0.13875,0.37975,38.38582212377317,0.455,400,0.365,800,0.3016666666666667,1200
branin,expected_feasibility,2,26,0.12825,0.286,38.38582212377317,0.4575,400,0.36125,800,0.29,1200
branin,expected_feasibility,2,27,0.12525,0.26275,38.38582212377317,0.46,400,0.36125,800,0.2875,1200
branin,expected_feasibility,2,28,0.09525,0.26075,38.38582212377317,0.4725,400,0.3575,800,0.2758333333333333,1200
branin,expected_feasibility,2,29,0.094,0.21075,38.38582212377317,0.4625,400,0.34875,800,0.27,1200
branin,expected_feasibility,2,30,0.09325,0.17425,38.38582212377317,0.4625,400,0.34625,800,0.2683333333333333,1200
branin,expected_feasibility,2,31,0.08225,0.27425,38.38582212377317,0.4675,400,0.33,800,0.25083333333333335,1200
branin,expected_feasibility,2,32,0.08175,0.228,38.38582212377317,0.4675,400,0.33125,800,0.25,1200
branin,expected_feasibility,2,33,0.08475,0.193,38.38582212377317,0.4575,400,0.33,800,0.25333333333333335,1200
branin,expected_feasibility,2,34,0.085,0.16725,38.38582212377317,0.4575,400,0.33,800,0.25333333333333335,1200
branin,expected_feasibility,2,35,0.0915,0.285,38.38582212377317,0.4825,400,0.34875,800,0.2758333333333333,1200
branin,expected_feasibility,2,36,0.084,0.23225,38.38582212377317,0.4675,400,0.325,800,0.25083333333333335,1200
branin,expected_feasibility,2,37,0.07925,0.281,38.38582212377317,0.465,400,0.325,800,0.24916666666666668,1200
branin,expected_feasibility,2,38,0.07775,0.2485,38.38582212377317,0.465,400,0.3225,800,0.24416666666666667,1200
branin,expected_feasibility,2,39,0.0775,0.231,38.38582212377317,0.4625,400,0.32125,800,0.24333333333333335,1200
branin,expected_feasibility,2,40,0.08775,0.29625,38.38582212377317,0.475,400,0.3375,800,0.2683333333333333,1200
branin,expected_feasibility,2,41,0.0875,0.25775,38.38582212377317,0.475,400,0.3375,800,0.2675,1200
branin,expected_feasibility,2,42,0.0885,0.27425,38.38582212377317,0.4675,400,0.33125,800,0.2658333333333333,1200
branin,expected_feasibility,2,43,0.0825,0.28875,38.38582212377317,0.4475,400,0.3175,800,0.25166666666666665,1200
branin,expected_feasibility,2,44,0.0825,0.26725,38.38582212377317,0.4475,400,0.3175,800,0.25166666666666665,1200
branin,expected_feasibility,2,45,0.083,0.22925,38.38582212377317,0.45,400,0.32,800,0.2525,1200
branin,expected_feasibility,2,46,0.0845,0.24025,38.38582212377317,0.4425,400,0.325,800,0.25583333333333336,1200
branin,expected_feasibility,2,47,0.0845,0.22625,38.38582212377317,0.4425,400,0.325,800,0.25583333333333336,1200
branin,expected_feasibility,2,48,0.0875,0.20875,38.38582212377317,0.4525,400,0.33375,800,0.25916666666666666,1200
branin,expected_feasibility,2,49,0.08825,0.18175,38.38582212377317,0.4525,400,0.33375,800,0.26,1200
branin,expected_feasibility,2,50,0.08475,0.18975,38.38582212377317,0.45,400,0.3325,800,0.26,1200
branin,expected_feasibility,3,6,0.4175,0.9765,39.540792131416296,0.575,400,0.63875,800,0.6566666666666666,1200
branin,expected_feasibility,3,7,0.28075,0.97125,39.540792131416296,0.535,400,0.53375,800,0.5133333333333333,1200
branin,expected_feasibility,3,8,0.25975,0.96725,39.540792131416296,0.5225,400,0.51,800,0.49416666666666664,1200
branin,expected_feasibility,3,9,0.25975,0.96475,39.540792131416296,0.5225,400,0.51,800,0.49416666666666664,1200
branin,expected_feasibility,3,10,0.25625,0.96175,39.540792131416296,0.5225,400,0.51,800,0.49416666666666664,1200
branin,expected_feasibility,3,11,0.25625,0.95575,39.540792131416296,0.515,400,0.5075,800,0.49083333333333334,1200
branin,expected_feasibility,3,12,0.27675,0.9505,39.540792131416296,0.555,400,0.55125,800,0.5291666666666667,1200
branin,expected_feasibility,3,13,0.22625,0.946,39.540792131416296,0.53,400,0.485,800,0.4216666666666667,1200
branin,expected_feasibility,3,14,0.2265,0.944,39.540792131416296,0.53,400,0.48625,800,0.4225,1200
branin,expected_feasibility,3,15,0.18525,0.9415,39.540792131416296,0.4775,400,0.4225,800,0.35333333333333333,1200
branin,expected_feasibility,3,16,0.18525,0.938,39.540792131416296,0.4775,400,0.4225,800,0.35333333333333333,1200
branin,expected_feasibility,3,17,0.16725,0.9335,39.540792131416296,0.4775,400,0.415,800,0.34,1200
branin,expected_feasibility,3,18,0.15725,0.93025,39.540792131416296,0.4775,400,0.415,800,0.34,1200
branin,expected_feasibility,3,19,0.14075,0.92675,39.540792131416296,0.4475,400,0.37875,800,0.30583333333333335,1200
branin,expected_feasibility,3,20,0.12825,0.924,39.540792131416296,0.445,400,0.3775,800,0.3,1200
branin,expected_feasibility,3,21,0.12825,0.921,39.540792131416296,0.445,400,0.3775,800,0.3,1200
branin,expected_feasibility,3,22,0.12975,0.764,39.540792131416296,0.4275,400,0.36,800,0.2916666666666667,1200
branin,expected_feasibility,3,23,0.136,0.9135,39.540792131416296,0.45,400,0.385,800,0.305,1200
branin,expected_feasibility,3,24,0.1375,0.74425,39.540792131416296,0.4325,400,0.3675,800,0.2966666666666667,1200
branin,expected_feasibility,3,25,0.138,0.6575,39.540792131416296,0.4275,400,0.3675,800,0.2975,1200
branin,expected_feasibility,3,26,0.1225,0.69925,39.540792131416296,0.405,400,0.3375,800,0.26416666666666666,1200
branin,expected_feasibility,3,27,0.114,0.762,39.540792131416296,0.405,400,0.31625,800,0.23916666666666667,1200
branin,expected_feasibility,3,28,0.112,0.6645,39.540792131416296,0.4,400,0.31,800,0.23083333333333333,1200
branin,expected_feasibility,3,29,0.11075,0.605,39.540792131416296,0.3925,400,0.3025,800,0.22583333333333333,1200
branin,expected_feasibility,3,30,0.1105,0.51675,39.540792131416296,0.395,400,0.3,800,0.225,1200
branin,expected_feasibility,3,31,0.11625,0.44725,39.540792131416296,0.4475,400,0.33,800,0.24333333333333335,1200
branin,expected_feasibility,3,32,0.116,0.3595,39.540792131416296,0.44,400,0.33375,800,0.2475,1200
branin,expected_feasibility,3,33,0.09025,0.46425,39.540792131416296,0.4525,400,0.3375,800,0.245,1200
branin,expected_feasibility,3,34,0.0805,0.53,39.540792131416296,0.3775,400,0.28625,800,0.20916666666666667,1200
branin,expected_feasibility,3,35,0.08125,0.43675,39.540792131416296,0.39,400,0.29,800,0.21166666666666667,1200
branin,expected_feasibility,3,36,0.08875,0.53375,39.540792131416296,0.4125,400,0.32,800,0.23666666666666666,1200
branin,expected_feasibility,3,37,0.08775,0.48975,39.540792131416296,0.4125,400,0.31625,800,0.23416666666666666,1200
branin,expected_feasibility,3,38,0.08575,0.5,39.540792131416296,0.385,400,0.30625,800,0.22583333333333333,1200
branin,expected_feasibility,3,39,0.08475,0.4535,39.540792131416296,0.385,400,0.30375,800,0.22333333333333333,1200
branin,expected_feasibility,3,40,0.07925,0.4065,39.540792131416296,0.3625,400,0.2825,800,0.20833333333333334,1200
branin,expected_feasibility,3,41,0.0685,0.3505,39.540792131416296,0.3625,400,0.27375,800,0.205,1200
branin,expected_feasibility,3,42,0.06725,0.295,39.540792131416296,0.3675,400,0.26625,800,0.2,1200
branin,expected_feasibility,3,43,0.0675,0.271,39.540792131416296,0.37,400,0.2675,800,0.20083333333333334,1200
branin,expected_feasibility,3,44,0.0685,0.28725,39.540792131416296,0.385,400,0.275,800,0.20333333333333334,1200
branin,expected_feasibility,3,45,0.07575,0.376,39.540792131416296,0.4375,400,0.30875,800,0.22583333333333333,1200
branin,expected_feasibility,3,46,0.07575,0.32575,39.540792131416296,0.44,400,0.31,800,0.22666666666666666,1200
branin,expected_feasibility,3,47,0.07575,0.302,39.540792131416296,0.4325,400,0.31,800,0.22666666666666666,1200
branin,expected_feasibility,3,48,0.0715,0.25525,39.540792131416296,0.4375,400,0.31,800,0.22416666666666665,1200
branin,expected_feasibility,3,49,0.07125,0.2175,39.540792131416296,0.435,400,0.30875,800,0.22333333333333333,1200
branin,expected_feasibility,3,50,0.06825,0.2,39.540792131416296,0.41,400,0.29375,800,0.21333333333333335,1200
branin,expected_feasibility,4,6,0.3315,0.48,38.72809299129944,0.4375,400,0.395,800,0.35,1200
branin,expected_feasibility,4,7,0.264,0.60175,38.72809299129944,0.44,400,0.3975,800,0.35083333333333333,1200
branin,expected_feasibility,4,8,0.20675,0.6685,38.72809299129944,0.415,400,0.36875,800,0.31583333333333335,1200
branin,expected_feasibility,4,9,0.21725,0.46075,38.72809299129944,0.41,400,0.36375,800,0.31333333333333335,1200
branin,expected_feasibility,4,10,0.21375,0.36075,38.72809299129944,0.42,400,0.3675,800,0.31416666666666665,1200
branin,expected_feasibility,4,11,0.17475,0.50575,38.72809299129944,0.43,400,0.36375,800,0.30833333333333335,1200
branin,expected_feasibility,4,12,0.235,0.63125,38.72809299129944,0.49,400,0.4,800,0.3516666666666667,1200
branin,expected_feasibility,4,13,0.202,0.7015,38.72809299129944,0.4425,400,0.33125,800,0.29333333333333333,1200
branin,expected_feasibility,4,14,0.16725,0.51325,38.72809299129944,0.4275,400,0.325,800,0.285,1200
branin,expected_feasibility,4,15,0.16775,0.4605,38.72809299129944,0.455,400,0.34375,800,0.29833333333333334,1200
branin,expected_feasibility,4,16,0.168,0.37875,38.72809299129944,0.4625,400,0.34625,800,0.3025,1200
branin,expected_feasibility,4,17,0.1845,0.43,38.72809299129944,0.47,400,0.355,800,0.31166666666666665,1200
branin,expected_feasibility,4,18,0.1645,0.48025,38.72809299129944,0.48,400,0.3625,800,0.31416666666666665,1200
branin,expected_feasibility,4,19,0.164,0.3875,38.72809299129944,0.4825,400,0.36375,800,0.31416666666666665,1200
branin,expected_feasibility,4,20,0.16525,0.27875,38.72809299129944,0.49,400,0.37,800,0.32166666666666666,1200
branin,expected_feasibility,4,21,0.159,0.27,38.72809299129944,0.475,400,0.355,800,0.30583333333333335,1200
branin,expected_feasibility,4,22,0.1535,0.29825,38.72809299129944,0.47,400,0.34625,800,0.2975,1200
branin,expected_feasibility,4,23,0.12825,0.435,38.72809299129944,0.4525,400,0.33875,800,0.2833333333333333,1200
branin,expected_feasibility,4,24,0.1285,0.35675,38.72809299129944,0.4525,400,0.33875,800,0.2841666666666667,1200
branin,expected_feasibility,4,25,0.1215,0.3065,38.72809299129944,0.4325,400,0.325,800,0.2758333333333333,1200
branin,expected_feasibility,4,26,0.105,0.3325,38.72809299129944,0.4325,400,0.32625,800,0.275,1200
branin,expected_feasibility,4,27,0.10525,0.25375,38.72809299129944,0.435,400,0.32875,800,0.2758333333333333,1200
branin,expected_feasibility,4,28,0.106,0.2175,38.72809299129944,0.4475,400,0.335,800,0.2816666666666667,1200
branin,expected_feasibility,4,29,0.09175,0.24,38.72809299129944,0.4275,400,0.315,800,0.255,1200
branin,expected_feasibility,4,30,0.1005,0.26725,38.72809299129944,0.45,400,0.35625,800,0.28833333333333333,1200
branin,expected_feasibility,4,31,0.10075,0.237,38.72809299129944,0.45,400,0.35625,800,0.2891666666666667,1200
branin,expected_feasibility,4,32,0.09675,0.2525,38.72809299129944,0.4475,400,0.35,800,0.2791666666666667,1200
branin,expected_feasibility,4,33,0.089,0.41475,38.72809299129944,0.4275,400,0.3075,800,0.2425,1200
branin,expected_feasibility,4,34,0.0855,0.44025,38.72809299129944,0.4475,400,0.3225,800,0.24333333333333335,1200
branin,expected_feasibility,4,35,0.0855,0.36525,38.72809299129944,0.4475,400,0.32,800,0.24166666666666667,1200
branin,expected_feasibility,4,36,0.09025,0.38675,38.72809299129944,0.4575,400,0.3375,800,0.25916666666666666,1200
branin,expected_feasibility,4,37,0.0765,0.544,38.72809299129944,0.4425,400,0.32125,800,0.23666666666666666,1200
branin,expected_feasibility,4,38,0.07625,0.47975,38.72809299129944,0.4425,400,0.32,800,0.23583333333333334,1200
branin,expected_feasibility,4,39,0.07675,0.44325,38.72809299129944,0.43,400,0.31,800,0.23666666666666666,1200
branin,expected_feasibility,4,40,0.07275,0.3825,38.72809299129944,0.42,400,0.29375,800,0.22583333333333333,1200
branin,expected_feasibility,4,41,0.0725,0.356,38.72809299129944,0.4175,400,0.2925,800,0.225,1200
branin,expected_feasibility,4,42,0.07425,0.36875,38.72809299129944,0.4175,400,0.2975,800,0.22916666666666666,1200
branin,expected_feasibility,4,43,0.066,0.35225,38.72809299129944,0.4,400,0.28375,800,0.2175,1200
branin,expected_feasibility,4,44,0.067,0.314,38.72809299129944,0.4075,400,0.2875,800,0.22,1200
branin,expected_feasibility,4,45,0.06675,0.2875,38.72809299129944,0.4075,400,0.28625,800,0.21916666666666668,1200
branin,expected_feasibility,4,46,0.0665,0.2415,38.72809299129944,0.4075,400,0.28625,800,0.21833333333333332,1200
branin,expected_feasibility,4,47,0.068,0.26225,38.72809299129944,0.42,400,0.29125,800,0.22166666666666668,1200
branin,expected_feasibility,4,48,0.06825,0.226,38.72809299129944,0.425,400,0.2925,800,0.2225,1200
branin,expected_feasibility,4,49,0.0655,0.20325,38.72809299129944,0.425,400,0.28625,800,0.21583333333333332,1200
branin,expected_feasibility,4,50,0.0645,0.1745,38.72809299129944,0.4075,400,0.27875,800,0.2125,1200
