analysis_label,phase,phase3_config_fingerprint,run_fingerprint,target,target_label,target_definition,gp_configuration,gp_configuration_label,kernel_family,matern_nu,learned_nugget,fold_index,heldout_simulation_id,heldout_numeric_simulation_id,observed_target_um,predicted_mean_um,residual_um,absolute_error_um,squared_error_um2,latent_predictive_std_um,latent_predictive_variance_um2,total_predictive_std_um,total_predictive_variance_um2,evaluation_predictive_std_um,evaluation_variance_definition,latent_nlpd,total_nlpd,evaluation_nlpd,latent_interval_lower_um,latent_interval_upper_um,total_interval_lower_um,total_interval_upper_um,latent_interval_contains_observed,total_interval_contains_observed,optimized_kernel,optimized_signal_variance_normalized,optimized_length_scale,optimized_noise_variance_normalized,optimized_noise_std_normalized,optimized_noise_variance_um2,optimized_noise_std_um,noise_std_fraction_training_target_std,noise_std_fraction_dataset_target_median,dataset_target_median_um_reporting_only,dataset_target_median_used_for_fitting,numerical_alpha_normalized,numerical_alpha_interpretation,training_size,population_size,heldout_excluded_from_training,heldout_target_used_for_scaling,heldout_target_used_for_fitting,heldout_target_used_for_tuning,x_scaler_fit_on_training_only,y_scaler_fit_on_training_only,normalize_y,feature_columns,training_y_mean_um,training_y_std_um,x_training_mean,x_training_scale,outer_training_simulation_ids_sha256,heldout_P,heldout_VX,heldout_LS,heldout_ST,fold_random_seed,optimizer,n_restarts_optimizer,log_marginal_likelihood,runtime_seconds,warning_count,convergence_warning_count,warnings,convergence_status,failed_fold,constant_bound_hit,constant_bound_side,length_scale_bound_hit,length_scale_bound_side,noise_bound_hit,noise_bound_side,any_hyperparameter_bound_hit
phase4_new_response_compact,Phase 3B,F7F71204D643D1027D0FF4736F24213619BF6A09C2361C3C11F169797AC98A9C,944FFDF12B36D558FD8E5E53911BBA42AFDAA7B3B4676E82EAF7F6253420B58A,total_height,T0 total vertical melt-pool height,T0,matern52_learned_nugget,Matérn 5/2 + learned nugget,Matern,2.5,True,0,sim_00001,1,74.86579499999999,79.10506948297842,-4.239274482978431,4.239274482978431,17.971448142032038,2.6692643533930607,7.124972188294874,7.195771175773333,51.77912281409034,7.195771175773333,total predictive variance including learned WhiteKernel nugget,3.16190062296603,3.065971569048621,3.065971569048621,73.87331135032802,84.33682761562882,65.00135797846269,93.20878098749415,True,True,"1.58**2 * Matern(length_scale=3.13, nu=2.5) + WhiteKernel(noise_level=0.133)",2.495843682005029,3.133543933228197,0.1334057829379097,0.3652475639041412,44.65415062579546,6.682376121245755,0.3652475639041412,0.08341897846272114,80.106185,False,1e-08,numerical jitter only; separate from WhiteKernel nugget,240,241,True,False,False,False,True,True,False,"[""P"",""VX"",""LS"",""ST""]",79.76299868749584,18.2954707481623,"[158.41685668854458,0.6174309603939917,64.7653018087296,348.6835952922249]","[52.94868432117492,0.24073330218794772,13.358446857885196,32.34583139550507]",C1A71F1D3A2422A611F80239EE2F839B1B41D0A7D4B834310A9FD22BAB071E75,101.127472137,0.52394730996,45.0,300.0,2575149806,fmin_l_bfgs_b,1,-161.86338115264596,0.7654603000264615,0,0,,completed_without_convergence_warning,False,False,,False,,False,,False
phase4_new_response_compact,Phase 3B,F7F71204D643D1027D0FF4736F24213619BF6A09C2361C3C11F169797AC98A9C,944FFDF12B36D558FD8E5E53911BBA42AFDAA7B3B4676E82EAF7F6253420B58A,total_height,T0 total vertical melt-pool height,T0,matern52_learned_nugget,Matérn 5/2 + learned nugget,Matern,2.5,True,1,sim_00002,2,92.05557,52.53483037132953,39.520739628670476,39.520739628670476,1561.888860797165,5.481482698205073,30.04665257072157,8.37775262757967,70.18673908891805,8.37775262757967,total predictive variance including learned WhiteKernel nugget,28.611376846554485,14.171184612513462,14.171184612513462,41.79112428284758,63.27853645981147,36.114435221273375,68.95522552138567,False,False,"1.67**2 * Matern(length_scale=3.27, nu=2.5) + WhiteKernel(noise_level=0.12)",2.8026476708287738,3.2737093829846775,0.12011177637690765,0.3465714592647635,40.1400865181965,6.33562045250475,0.3465714592647635,0.07909027814150368,80.106185,False,1e-08,numerical jitter only; separate from WhiteKernel nugget,240,241,True,False,False,False,True,True,False,"[""P"",""VX"",""LS"",""ST""]",79.69137462499585,18.28084882103534,"[158.40446473227792,0.6157952004352666,64.58493395760752,348.28789357284154]","[52.961741081080795,0.24002814447852902,13.331834273979297,32.35808136104498]",FA446B729C2F19C80593618A398F5542870501B1F85B0093CCF7085D009B5698,104.101541641,0.916529700054,88.2882842693,394.968412652,2917747886,fmin_l_bfgs_b,1,-151.43450250137573,0.7739059999585152,0,0,,completed_without_convergence_warning,False,False,,False,,False,,False
phase4_new_response_compact,Phase 3B,F7F71204D643D1027D0FF4736F24213619BF6A09C2361C3C11F169797AC98A9C,944FFDF12B36D558FD8E5E53911BBA42AFDAA7B3B4676E82EAF7F6253420B58A,total_height,T0 total vertical melt-pool height,T0,matern52_learned_nugget,Matérn 5/2 + learned nugget,Matern,2.5,True,2,sim_00003,3,62.37197500000001,62.075603885271704,0.29637111472830924,0.29637111472830924,0.08783583764530063,2.942653103406344,8.659207286986987,7.312024118660372,53.465696711871,7.312024118660372,total predictive variance including learned WhiteKernel nugget,2.0033219412204875,2.9092800882159073,2.9092800882159073,56.30800380259527,67.84320396794814,47.74403661269737,76.40717115784604,True,True,"1.57**2 * Matern(length_scale=3.12, nu=2.5) + WhiteKernel(noise_level=0.134)",2.4588687154337374,3.117726305548896,0.1343276142523925,0.36650731814302495,44.806489424884,6.693764966361158,0.36650731814302495,0.08356115032018012,80.106185,False,1e-08,numerical jitter only; separate from WhiteKernel nugget,240,241,True,False,False,False,True,True,False,"[""P"",""VX"",""LS"",""ST""]",79.81505627082917,18.263659782501257,"[158.3995699254654,0.6169514116475291,64.63348166584211,348.40255952951645]","[52.96670509691898,0.2408044033443286,13.39668928150322,32.47432872676716]",5673D08E997648C3B4BFBAB58729D083D268FAAD12401130F9A80580C9D9FD19,105.276295276,0.639039009111,76.636834293,367.44858305,2223252066,fmin_l_bfgs_b,1,-162.36315900266447,1.8478456001030281,0,0,,completed_without_convergence_warning,False,False,,False,,False,,False
phase4_new_response_compact,Phase 3B,F7F71204D643D1027D0FF4736F24213619BF6A09C2361C3C11F169797AC98A9C,944FFDF12B36D558FD8E5E53911BBA42AFDAA7B3B4676E82EAF7F6253420B58A,total_height,T0 total vertical melt-pool height,T0,matern52_learned_nugget,Matérn 5/2 + learned nugget,Matern,2.5,True,3,sim_00004,4,72.460095,68.11938102731855,4.340713972681442,4.340713972681442,18.84179779263191,5.044203706011392,25.443991027739063,8.369120570025917,70.04217911563093,8.369120570025917,total predictive variance including learned WhiteKernel nugget,2.9074386027032055,3.1779905667408093,3.1779905667408093,58.232741763536225,78.00602029110088,51.71590471006776,84.52285734456935,True,True,"1.57**2 * Matern(length_scale=3.12, nu=2.5) + WhiteKernel(noise_level=0.133)",2.4635979289599828,3.118328321021349,0.13328732923110717,0.3650853725241634,44.598188087891884,6.678187485230695,0.3650853725241634,0.08336668991577487,80.106185,False,1e-08,numerical jitter only; separate from WhiteKernel nugget,240,241,True,False,False,False,True,True,False,"[""P"",""VX"",""LS"",""ST""]",79.77302243749584,18.29212558985418,"[158.39165382346957,0.6182776072410958,64.58809252473627,348.2925134424874]","[52.9745014621117,0.24004473767101805,13.337358734301949,32.36466594117993]",3D71E35401DFDC45453821EF0A53158C5CD45C9E9B63F8790644DC88758BBBA6,107.176159755,0.320752066655,87.53022815839999,393.859643937,3018391100,fmin_l_bfgs_b,1,-161.7448798666848,0.9278071000007913,0,0,,completed_without_convergence_warning,False,False,,False,,False,,False
phase4_new_response_compact,Phase 3B,F7F71204D643D1027D0FF4736F24213619BF6A09C2361C3C11F169797AC98A9C,944FFDF12B36D558FD8E5E53911BBA42AFDAA7B3B4676E82EAF7F6253420B58A,total_height,T0 total vertical melt-pool height,T0,matern52_learned_nugget,Matérn 5/2 + learned nugget,Matern,2.5,True,4,sim_00005,5,84.0996,96.50537532906972,-12.405775329069726,12.405775329069726,153.90326151535507,3.0613698575265227,9.371985404571962,7.259858938600421,52.70555180837643,7.259858938600421,total predictive variance including learned WhiteKernel nugget,10.248615205851976,4.361327868469394,4.361327868469394,90.50509040831774,102.5056602498217,82.27605180941289,110.73469884872655,False,True,"1.58**2 * Matern(length_scale=3.08, nu=2.5) + WhiteKernel(noise_level=0.129)",2.4876041175757444,3.07728299918056,0.12945272388115628,0.3597953916897162,43.33356640380447,6.5828235889931355,0.3597953916897162,0.08217622133663131,80.106185,False,1e-08,numerical jitter only; separate from WhiteKernel nugget,240,241,True,False,False,False,True,True,False,"[""P"",""VX"",""LS"",""ST""]",79.72452449999582,18.29601974077004,"[158.3808880455779,0.6186060484485084,64.7653018087296,348.6835952922249]","[52.98464515358333,0.2395830529147136,13.358446857885196,32.34583139550507]",02334BC0EC5436E61A7F9210AA2228227887F252488785F8869DBE76D699F9AA,109.759946449,0.241926176876,45.0,300.0,3901522157,fmin_l_bfgs_b,1,-160.5033803196808,1.3835802000248805,0,0,,completed_without_convergence_warning,False,False,,False,,False,,False
phase4_new_response_compact,Phase 3B,F7F71204D643D1027D0FF4736F24213619BF6A09C2361C3C11F169797AC98A9C,944FFDF12B36D558FD8E5E53911BBA42AFDAA7B3B4676E82EAF7F6253420B58A,total_height,T0 total vertical melt-pool height,T0,matern52_learned_nugget,Matérn 5/2 + learned nugget,Matern,2.5,True,5,sim_00006,6,53.52373000000001,54.91352430504621,-1.3897943050462018,1.3897943050462018,1.9315282103388551,2.97321032094355,8.839979612565246,7.327985564703243,53.69937243649911,7.327985564703243,total predictive variance including learned WhiteKernel nugget,2.1178304035157702,2.9286238348576448,2.9286238348576448,49.086032075996854,60.741016534095564,40.550672598227855,69.27637601186457,True,True,"1.58**2 * Matern(length_scale=3.14, nu=2.5) + WhiteKernel(noise_level=0.135)",2.502798043209871,3.139728991941642,0.13514001377291757,0.36761394665180697,44.85939282393386,6.697715492907553,0.36761394665180697,0.08361046644410232,80.106185,False,1e-08,numerical jitter only; separate from WhiteKernel nugget,240,241,True,False,False,False,True,True,False,"[""P"",""VX"",""LS"",""ST""]",79.85192395832915,18.219427075359114,"[158.37891002264456,0.6160032861109832,64.61589345980377,348.4795091247081]","[52.986451341788005,0.24026700149970834,13.378135022634574,32.49747951712133]",EC508C39681D1A517DE8CF818879044CE7DDA531EA9FB37276409A41A2CC6C01,110.234671953,0.866589137882,80.8580037422,348.980680204,3538258284,fmin_l_bfgs_b,1,-162.88529061510724,1.282799799926579,0,0,,completed_without_convergence_warning,False,False,,False,,False,,False
phase4_new_response_compact,Phase 3B,F7F71204D643D1027D0FF4736F24213619BF6A09C2361C3C11F169797AC98A9C,944FFDF12B36D558FD8E5E53911BBA42AFDAA7B3B4676E82EAF7F6253420B58A,total_height,T0 total vertical melt-pool height,T0,matern52_learned_nugget,Matérn 5/2 + learned nugget,Matern,2.5,True,6,sim_00007,7,69.703175,69.83242626978014,-0.12925126978014134,0.12925126978014134,0.016705890739778878,3.471422836140835,12.050776507280077,7.538759981097038,56.832902052590214,7.538759981097038,total predictive variance including learned WhiteKernel nugget,2.164196228174504,2.9391432167203875,2.9391432167203875,63.02843751094411,76.63641502861618,55.05645670682995,84.60839583273034,True,True,"1.57**2 * Matern(length_scale=3.13, nu=2.5) + WhiteKernel(noise_level=0.134)",2.464778943597834,3.1269163891863427,0.1339170194646595,0.36594674402795213,44.78212554531013,6.691944825333674,0.36594674402795213,0.08353842871600581,80.106185,False,1e-08,numerical jitter only; separate from WhiteKernel nugget,240,241,True,False,False,False,True,True,False,"[""P"",""VX"",""LS"",""ST""]",79.78450960416252,18.28666311298707,"[158.37721145453625,0.6184717627793292,64.6416493082921,348.43937469980403]","[52.987988101203044,0.2397850262103685,13.403405712270075,32.490887191220146]",47E5D61FE025540C84720EF3B6946A1054A8253A357677BB0CACF477630B612D,110.642328299,0.274154737479,74.67660010499999,358.612942181,2922589021,fmin_l_bfgs_b,1,-161.93374632543888,1.3954957999521866,0,0,,completed_without_convergence_warning,False,False,,False,,False,,False
phase4_new_response_compact,Phase 3B,F7F71204D643D1027D0FF4736F24213619BF6A09C2361C3C11F169797AC98A9C,944FFDF12B36D558FD8E5E53911BBA42AFDAA7B3B4676E82EAF7F6253420B58A,total_height,T0 total vertical melt-pool height,T0,matern52_learned_nugget,Matérn 5/2 + learned nugget,Matern,2.5,True,7,sim_00008,8,63.44792,65.60852917234523,-2.160609172345225,2.160609172345225,4.668231995622319,3.5058656585541472,12.291094015829305,7.553357468179949,57.05320904210981,7.553357468179949,total predictive variance including learned WhiteKernel nugget,2.363279031564822,2.9818419085705474,2.9818419085705474,58.7370324815791,72.48002586311135,50.80394853471253,80.41310980997793,True,True,"1.57**2 * Matern(length_scale=3.11, nu=2.5) + WhiteKernel(noise_level=0.134)",2.4530404026931376,3.11322420370328,0.13413363797752778,0.36624259443370016,44.762115026280505,6.6904495384301725,0.36624259443370016,0.083519762405739,80.106185,False,1e-08,numerical jitter only; separate from WhiteKernel nugget,240,241,True,False,False,False,True,True,False,"[""P"",""VX"",""LS"",""ST""]",79.81057316666251,18.267808387430275,"[158.3697702161654,0.6166771339720416,64.68989039510294,348.6450890727332]","[52.994565302894024,0.24074159257097874,13.41859242844436,32.39822083701424]",D68F4A8001756D53C04EA03737D32DFF0E97B392C3BD792D97F6C9182A9593E9,112.428225508,0.704865651228,63.0987392704,309.241492678,2168113568,fmin_l_bfgs_b,1,-162.25318045006082,1.222636100021191,0,0,,completed_without_convergence_warning,False,False,,False,,False,,False
phase4_new_response_compact,Phase 3B,F7F71204D643D1027D0FF4736F24213619BF6A09C2361C3C11F169797AC98A9C,944FFDF12B36D558FD8E5E53911BBA42AFDAA7B3B4676E82EAF7F6253420B58A,total_height,T0 total vertical melt-pool height,T0,matern52_learned_nugget,Matérn 5/2 + learned nugget,Matern,2.5,True,8,sim_00009,9,73.34996,80.27785713191098,-6.927897131910981,6.927897131910981,47.9957586703404,3.571779482226056,12.757608669651031,7.567330768615286,57.26449496163162,7.567330768615286,total predictive variance including learned WhiteKernel nugget,4.0730665329428355,3.36184976023983,3.36184976023983,73.27716934674791,87.27854491707404,65.44588882542502,95.10982543839694,True,True,"1.57**2 * Matern(length_scale=3.12, nu=2.5) + WhiteKernel(noise_level=0.133)",2.4711882897504456,3.118813442893166,0.1329942246115284,0.36468373230996803,44.50688629198059,6.671348161502336,0.36468373230996803,0.08328131169275302,80.106185,False,1e-08,numerical jitter only; separate from WhiteKernel nugget,240,241,True,False,False,False,True,True,False,"[""P"",""VX"",""LS"",""ST""]",79.7693146666625,18.293517287554604,"[158.36778409537374,0.6173736856002167,64.75985666105919,348.5912237646123]","[52.99627809469381,0.24075390073481917,13.366233832592892,32.45289559521182]",F9B11A3FCE1E562647087FCED6CD5B92226595E705D76E955F6B492586AFA8CF,112.904894498,0.537693260466,46.3068354409,322.169166627,2604898917,fmin_l_bfgs_b,1,-161.54334913183482,1.4106014999561012,0,0,,completed_without_convergence_warning,False,False,,False,,False,,False
phase4_new_response_compact,Phase 3B,F7F71204D643D1027D0FF4736F24213619BF6A09C2361C3C11F169797AC98A9C,944FFDF12B36D558FD8E5E53911BBA42AFDAA7B3B4676E82EAF7F6253420B58A,total_height,T0 total vertical melt-pool height,T0,matern52_learned_nugget,Matérn 5/2 + learned nugget,Matern,2.5,True,9,sim_00010,10,67.953605,75.11379220151744,-7.160187201517445,7.160187201517445,51.26828076077422,3.467263549650899,12.021916522737753,7.525330207582639,56.63059473315577,7.525330207582639,total predictive variance including learned WhiteKernel nugget,4.294588224428699,3.389868551340501,3.389868551340501,68.31795564420167,81.90962875883321,60.36414499465547,89.8634394083794,False,True,"1.57**2 * Matern(length_scale=3.12, nu=2.5) + WhiteKernel(noise_level=0.133)",2.4645391134624597,3.123220310924012,0.13346211393697982,0.3653246692149051,44.60867821041801,6.678972840970235,0.3653246692149051,0.08337649384963515,80.106185,False,1e-08,numerical jitter only; separate from WhiteKernel nugget,240,241,True,False,False,False,True,True,False,"[""P"",""VX"",""LS"",""ST""]",79.7917994791625,18.28229354268238,"[158.36619331605706,0.6172487292997,64.71096775599376,348.6746412483623]","[52.99763697439272,0.2407874391839439,13.412102099912547,32.35900673090017]",10B9323F0E9890207C54E75E7EFB7A8E7062030760479D8B38D8D8A42E49C650,113.286681534,0.56768277259,58.0401726566,302.148970527,1673008113,fmin_l_bfgs_b,1,-161.6795422083154,1.221160399960354,0,0,,completed_without_convergence_warning,False,False,,False,,False,,False
phase4_new_response_compact,Phase 3B,F7F71204D643D1027D0FF4736F24213619BF6A09C2361C3C11F169797AC98A9C,944FFDF12B36D558FD8E5E53911BBA42AFDAA7B3B4676E82EAF7F6253420B58A,total_height,T0 total vertical melt-pool height,T0,matern52_learned_nugget,Matérn 5/2 + learned nugget,Matern,2.5,True,10,sim_00011,11,56.364230000000006,57.27147643203966,-0.9072464320396563,0.9072464320396563,0.8230960884486866,3.536893140352265,12.509613086270907,7.5678415245897686,57.272225341305194,7.5678415245897686,total predictive variance including learned WhiteKernel nugget,2.2150857740424876,2.9500322470161184,2.9500322470161184,50.339165876949224,64.2037869871301,42.438507043843714,72.10444582023561,True,True,"1.58**2 * Matern(length_scale=3.13, nu=2.5) + WhiteKernel(noise_level=0.135)",2.4822673851432824,3.125844696078512,0.13460942892083344,0.3668915765193219,44.76261225503428,6.690486697919239,0.3668915765193219,0.08352022628364138,80.106185,False,1e-08,numerical jitter only; separate from WhiteKernel nugget,240,241,True,False,False,False,True,True,False,"[""P"",""VX"",""LS"",""ST""]",79.8400885416625,18.23559636171394,"[158.35980358251538,0.6156632841288999,64.70125772929877,348.4604284791165]","[53.00297894732937,0.23985406544869675,13.416083904866714,32.495835248697766]",9BA3E0C8047B39646CD2366F44B4D478189AEA1C20FECA99FBC6EAE827F18B71,114.820217584,0.948189613582,60.3705790634,353.560035146,850488639,fmin_l_bfgs_b,1,-162.59251376642536,2.3816643999889493,0,0,,completed_without_convergence_warning,False,False,,False,,False,,False
phase4_new_response_compact,Phase 3B,F7F71204D643D1027D0FF4736F24213619BF6A09C2361C3C11F169797AC98A9C,944FFDF12B36D558FD8E5E53911BBA42AFDAA7B3B4676E82EAF7F6253420B58A,total_height,T0 total vertical melt-pool height,T0,matern52_learned_nugget,Matérn 5/2 + learned nugget,Matern,2.5,True,11,sim_00012,12,80.9538,75.30720173580465,5.646598264195347,5.646598264195347,31.88407195721391,3.1258196812389496,9.770748679620768,7.384158717840344,54.52579997025755,7.384158717840344,total predictive variance including learned WhiteKernel nugget,3.690243516701775,3.210651537596753,3.210651537596753,69.18059516057632,81.43380831103299,60.83425064883758,89.78015282277173,True,True,"1.56**2 * Matern(length_scale=3.12, nu=2.5) + WhiteKernel(noise_level=0.134)",2.4280904781022303,3.1171868031620726,0.13366993811411665,0.3656089962160623,44.755051290636786,6.689921620664683,0.3656089962160623,0.0835131721809581,80.106185,False,1e-08,numerical jitter only; separate from WhiteKernel nugget,240,241,True,False,False,False,True,True,False,"[""P"",""VX"",""LS"",""ST""]",79.73763199999583,18.298022449948608,"[158.3578817085154,0.6178456030195166,64.7274433951796,348.46420921269146]","[53.004549260701374,0.2404860981421402,13.401464578945532,32.49637555447874]",128B75EE035221C8B0AB5937784B34FD1F99969E5DF8FA95F4BA2635C579F476,115.281467344,0.424433079834,54.086019252,352.652659088,3040193570,fmin_l_bfgs_b,1,-161.56977545207687,1.268305700039491,0,0,,completed_without_convergence_warning,False,False,,False,,False,,False
phase4_new_response_compact,Phase 3B,F7F71204D643D1027D0FF4736F24213619BF6A09C2361C3C11F169797AC98A9C,944FFDF12B36D558FD8E5E53911BBA42AFDAA7B3B4676E82EAF7F6253420B58A,total_height,T0 total vertical melt-pool height,T0,matern52_learned_nugget,Matérn 5/2 + learned nugget,Matern,2.5,True,12,sim_00013,13,67.60227,67.9652110187414,-0.3629410187413953,0.3629410187413953,0.13172618308504183,2.9768806437492623,8.861818367129022,7.326632682833809,53.67954646916854,7.326632682833809,total predictive variance including learned WhiteKernel nugget,2.0172467538083985,2.9116815232330455,2.9116815232330455,62.13052495699284,73.79989708048996,53.60501096038713,82.32541107709567,True,True,"1.57**2 * Matern(length_scale=3.12, nu=2.5) + WhiteKernel(noise_level=0.134)",2.46053461042779,3.1203147850852373,0.13410167125802286,0.36619895037810096,44.81772810203952,6.6946044022062665,0.36619895037810096,0.08357162935928439,80.106185,False,1e-08,numerical jitter only; separate from WhiteKernel nugget,240,241,True,False,False,False,True,True,False,"[""P"",""VX"",""LS"",""ST""]",79.79326337499583,18.28133148741709,"[158.3530527447446,0.6170264221488834,64.64732261184835,348.5709529567457]","[53.00842057037782,0.24080846801739864,13.407363290962406,32.4678702279507]",7F0A396E35F7C57501124C7A7DAB33A88F4CDE64246BC9E777DA4B1874A4312C,116.440418649,0.621036488786,73.3150072515,327.034160515,3128611255,fmin_l_bfgs_b,1,-162.12684784668338,2.860455199959688,0,0,,completed_without_convergence_warning,False,False,,False,,False,,False
phase4_new_response_compact,Phase 3B,F7F71204D643D1027D0FF4736F24213619BF6A09C2361C3C11F169797AC98A9C,944FFDF12B36D558FD8E5E53911BBA42AFDAA7B3B4676E82EAF7F6253420B58A,total_height,T0 total vertical melt-pool height,T0,matern52_learned_nugget,Matérn 5/2 + learned nugget,Matern,2.5,True,13,sim_00014,14,65.46867999999999,71.17227728929498,-5.70359728929499,5.70359728929499,32.53102203845316,6.197053042270645,38.40346640871586,9.11256947630534,83.03892246049179,9.11256947630534,total predictive variance including learned WhiteKernel nugget,3.166555178964207,3.324471410934041,3.324471410934041,59.02605332644452,83.31850125214544,53.31164111573651,89.03291346285346,True,True,"1.55**2 * Matern(length_scale=3.1, nu=2.5) + WhiteKernel(noise_level=0.134)",2.4024778785311787,3.0976672424935714,0.1336505825053444,0.3655825248905429,44.635456051775954,6.680977177911623,0.3655825248905429,0.083401514850715,80.106185,False,1e-08,numerical jitter only; separate from WhiteKernel nugget,240,241,True,False,False,False,True,True,False,"[""P"",""VX"",""LS"",""ST""]",79.80215333332917,18.274881109024395,"[158.3519987794154,0.6186515558361501,64.60750575368378,348.6119330496082]","[53.00925138670884,0.23951045220989403,13.36731361819733,32.434437099168925]",7A06422EB93744E4AAFE39E242228B2F4A12E0BBF5E83666A6EB649FA16BB3B6,116.693370328,0.231004403842,82.871053211,317.198938228,90599424,fmin_l_bfgs_b,1,-161.73246253000866,1.6289683000650257,0,0,,completed_without_convergence_warning,False,False,,False,,False,,False
phase4_new_response_compact,Phase 3B,F7F71204D643D1027D0FF4736F24213619BF6A09C2361C3C11F169797AC98A9C,944FFDF12B36D558FD8E5E53911BBA42AFDAA7B3B4676E82EAF7F6253420B58A,total_height,T0 total vertical melt-pool height,T0,matern52_learned_nugget,Matérn 5/2 + learned nugget,Matern,2.5,True,14,sim_00015,15,71.31503000000001,74.23453263549005,-2.9195026354900477,2.9195026354900477,8.523495638633335,4.1432516891751705,17.166534559852902,7.8671052451752574,61.89134493866405,7.8671052451752574,total predictive variance including learned WhiteKernel nugget,2.588678509930882,3.050487249237128,3.050487249237128,66.11375932470672,82.35530594627339,58.81500635494655,89.65405891603356,True,True,"1.57**2 * Matern(length_scale=3.12, nu=2.5) + WhiteKernel(noise_level=0.134)",2.4652746692345913,3.1198454404990703,0.13369583036054059,0.3656444042516453,44.72481037881114,6.687661054420383,0.3656444042516453,0.08348495255916111,80.106185,False,1e-08,numerical jitter only; separate from WhiteKernel nugget,240,241,True,False,False,False,True,True,False,"[""P"",""VX"",""LS"",""ST""]",79.7777935416625,18.290068100748982,"[158.34451259494875,0.6173844334427584,64.75284015805418,348.3277112325249]","[53.015006880890596,0.24075028576165886,13.375473579595637,32.40957813550829]",E15D742E6A9148F72FF7D5557C433C7EF00FA07AEF36013E6E0DAFCC632944E4,118.4900546,0.535113778256,47.9907961621,385.412174328,1148534991,fmin_l_bfgs_b,1,-161.91554596942396,0.7077315000351518,0,0,,completed_without_convergence_warning,False,False,,False,,False,,False
phase4_new_response_compact,Phase 3B,F7F71204D643D1027D0FF4736F24213619BF6A09C2361C3C11F169797AC98A9C,944FFDF12B36D558FD8E5E53911BBA42AFDAA7B3B4676E82EAF7F6253420B58A,total_height,T0 total vertical melt-pool height,T0,matern52_learned_nugget,Matérn 5/2 + learned nugget,Matern,2.5,True,15,sim_00016,16,75.39228,73.60549497047592,1.7867850295240828,1.7867850295240828,3.1926007417313773,4.058949795209723,16.475073440033054,7.828154634452203,61.280004980895505,7.828154634452203,total predictive variance including learned WhiteKernel nugget,2.416754653827461,3.0027146224803145,3.0027146224803145,65.64995337186485,81.56103656908698,58.2623118869496,88.94867805400223,True,True,"1.58**2 * Matern(length_scale=3.14, nu=2.5) + WhiteKernel(noise_level=0.134)",2.482425701211022,3.1375421821331764,0.13384811809322822,0.36585259066081277,44.804931540862455,6.6936485970554545,0.36585259066081277,0.08355969763202997,80.106185,False,1e-08,numerical jitter only; separate from WhiteKernel nugget,240,241,True,False,False,False,True,True,False,"[""P"",""VX"",""LS"",""ST""]",79.76080499999583,18.296026235498857,"[158.33964409674041,0.6183404361363334,64.74001310586836,348.29472905309564]","[53.018612817079,0.23996486897297997,13.39005810992174,32.3677669366823]",21310EF52409DF63A071F3166021A8B8B4638DA5722F79E3A8E8DA6A998A1F13,119.65849417,0.305673131798,51.0692886867,393.327897391,3787859018,fmin_l_bfgs_b,1,-161.82879033638886,1.2311096000485122,0,0,,completed_without_convergence_warning,False,False,,False,,False,,False
phase4_new_response_compact,Phase 3B,F7F71204D643D1027D0FF4736F24213619BF6A09C2361C3C11F169797AC98A9C,944FFDF12B36D558FD8E5E53911BBA42AFDAA7B3B4676E82EAF7F6253420B58A,total_height,T0 total vertical melt-pool height,T0,matern52_learned_nugget,Matérn 5/2 + learned nugget,Matern,2.5,True,16,sim_00017,17,75.41208,72.55714910306142,2.8549308969385834,2.8549308969385834,8.150630426294544,2.5522009175985465,6.513729523790863,7.1633590202082145,51.31371245239839,7.1633590202082145,total predictive variance including learned WhiteKernel nugget,2.4815446767282783,2.9673371546245595,2.9673371546245595,67.55483530456827,77.55946290155457,58.51696542345332,86.59733278266953,True,True,"1.57**2 * Matern(length_scale=3.12, nu=2.5) + WhiteKernel(noise_level=0.134)",2.4496970942577643,3.1222504402260602,0.13383304731736972,0.3658319932938749,44.79998292860753,6.69327893700894,0.3658319932938749,0.08355508300649869,80.106185,False,1e-08,numerical jitter only; separate from WhiteKernel nugget,240,241,True,False,False,False,True,True,False,"[""P"",""VX"",""LS"",""ST""]",79.76072249999582,18.29604588910897,"[158.3292693192904,0.6164101016198417,64.7653018087296,348.6835952922249]","[53.02593687445433,0.24060804476663916,13.358446857885196,32.34583139550507]",F8CB5EA1B8A225B73595E15A8B961749C49D61ED4048B21D121F413CC914030B,122.148440758,0.768953415756,45.0,300.0,922057270,fmin_l_bfgs_b,1,-161.9491912544741,1.47576649999246,0,0,,completed_without_convergence_warning,False,False,,False,,False,,False
phase4_new_response_compact,Phase 3B,F7F71204D643D1027D0FF4736F24213619BF6A09C2361C3C11F169797AC98A9C,944FFDF12B36D558FD8E5E53911BBA42AFDAA7B3B4676E82EAF7F6253420B58A,total_height,T0 total vertical melt-pool height,T0,matern52_learned_nugget,Matérn 5/2 + learned nugget,Matern,2.5,True,17,sim_00018,18,57.02544,68.77870713693854,-11.753267136938533,11.753267136938533,138.13928839223928,4.021259104181429,16.170524782962033,7.736191013114077,59.84865139138701,7.736191013114077,total predictive variance including learned WhiteKernel nugget,6.581863384980309,4.11891983860451,4.11891983860451,60.89703929274293,76.66037498113414,53.61577275123494,83.94164152264213,False,True,"1.57**2 * Matern(length_scale=3.07, nu=2.5) + WhiteKernel(noise_level=0.131)",2.4550051896420335,3.072499603411423,0.1312978291744074,0.36235042317404215,43.67812660842498,6.608942926703557,0.36235042317404215,0.08250228027590575,80.106185,False,1e-08,numerical jitter only; separate from WhiteKernel nugget,240,241,True,False,False,False,True,True,False,"[""P"",""VX"",""LS"",""ST""]",79.83733349999584,18.239092613199976,"[158.3282218305654,0.6156213144302249,64.58737163502295,348.36346796159154]","[53.026649102130804,0.23979498773279057,13.336113949158618,32.44571873291249]",9A4BC5080E1946D772D12516B1B5CA70EB8E10D146FF787AAC63B7AA745C910E,122.399838052,0.958262341264,87.70324168959999,376.830559352,486115453,fmin_l_bfgs_b,1,-161.4684224145039,1.4518358999630436,0,0,,completed_without_convergence_warning,False,False,,False,,False,,False
phase4_new_response_compact,Phase 3B,F7F71204D643D1027D0FF4736F24213619BF6A09C2361C3C11F169797AC98A9C,944FFDF12B36D558FD8E5E53911BBA42AFDAA7B3B4676E82EAF7F6253420B58A,total_height,T0 total vertical melt-pool height,T0,matern52_learned_nugget,Matérn 5/2 + learned nugget,Matern,2.5,True,18,sim_00019,19,82.15323,77.28642814010486,4.8668018598951335,4.8668018598951335,23.68576034347873,2.7535515343284462,7.58204605220254,7.24115394114971,52.43431039942798,7.24115394114971,total predictive variance including learned WhiteKernel nugget,3.49379370831799,3.124580385489033,3.124580385489033,71.88946713282111,82.68338914738861,63.09376641545143,91.4790898647583,True,True,"1.57**2 * Matern(length_scale=3.13, nu=2.5) + WhiteKernel(noise_level=0.134)",2.456989709223216,3.1348836345013833,0.1339675566787961,0.3660157874720653,44.852264347225436,6.697183314440887,0.3660157874720653,0.08360382303115406,80.106185,False,1e-08,numerical jitter only; separate from WhiteKernel nugget,240,241,True,False,False,False,True,True,False,"[""P"",""VX"",""LS"",""ST""]",79.73263437499584,18.297525799900157,"[158.32331050989458,0.6178892381499167,64.7277508809017,348.34715373772906]","[53.02992186917029,0.24045004755325144,13.401219567741528,32.43041294837297]",828B99CBBD55357CE4A2DA5E304765692A3B5C97DCCEF6DBB98E516C755D1040,123.578555013,0.413960648538,54.0122226787,380.745973079,441109695,fmin_l_bfgs_b,1,-161.69205224171978,1.5382579999277368,0,0,,completed_without_convergence_warning,False,False,,False,,False,,False
phase4_new_response_compact,Phase 3B,F7F71204D643D1027D0FF4736F24213619BF6A09C2361C3C11F169797AC98A9C,944FFDF12B36D558FD8E5E53911BBA42AFDAA7B3B4676E82EAF7F6253420B58A,total_height,T0 total vertical melt-pool height,T0,matern52_learned_nugget,Matérn 5/2 + learned nugget,Matern,2.5,True,19,sim_00020,20,63.481910000000006,63.05315241936667,0.4287575806333379,0.4287575806333379,0.18383306295055327,4.93286527825736,24.33315985343706,8.312560955356433,69.09866963651626,8.312560955356433,total predictive variance including learned WhiteKernel nugget,2.5186359634115583,3.0380364935698942,3.0380364935698942,53.384736473982244,72.72156836475109,46.76053294686806,79.34577189186527,True,True,"1.58**2 * Matern(length_scale=3.13, nu=2.5) + WhiteKernel(noise_level=0.134)",2.483850967485824,3.1297823702226806,0.13414194959893905,0.3662539414107909,44.76550978307919,6.690703235316837,0.3662539414107909,0.0835229294132137,80.106185,False,1e-08,numerical jitter only; separate from WhiteKernel nugget,240,241,True,False,False,False,True,True,False,"[""P"",""VX"",""LS"",""ST""]",79.8104315416625,18.2679351095707,"[158.3176385259779,0.6158825533468916,64.75309981035669,348.2839940665123]","[53.033564876701114,0.2401337361807569,13.375147573906213,32.352398716737454]",EBC90B981E56010E8A2BCE56A7DBA205AFBAC72295F00DE73AB53AD97B02C6A0,124.939831153,0.895565001264,47.9284796095,395.904294171,3549907074,fmin_l_bfgs_b,1,-162.19626925637388,1.6407412000698969,0,0,,completed_without_convergence_warning,False,False,,False,,False,,False
phase4_new_response_compact,Phase 3B,F7F71204D643D1027D0FF4736F24213619BF6A09C2361C3C11F169797AC98A9C,944FFDF12B36D558FD8E5E53911BBA42AFDAA7B3B4676E82EAF7F6253420B58A,total_height,T0 total vertical melt-pool height,T0,matern52_learned_nugget,Matérn 5/2 + learned nugget,Matern,2.5,True,20,sim_00021,21,93.98097,106.08561062390564,-12.104640623905638,12.104640623905638,146.52232463390666,3.404890043082282,11.593276205480866,7.406517446381542,54.85650068355417,7.406517446381542,total predictive variance including learned WhiteKernel nugget,8.463431512212749,4.256804453676082,4.256804453676082,99.41202613946436,112.75919510834692,91.56883642899781,120.60238481881346,False,True,"1.56**2 * Matern(length_scale=3.05, nu=2.5) + WhiteKernel(noise_level=0.13)",2.446583443625235,3.0486373041295782,0.1295400991911482,0.3599167948167301,43.263224478073305,6.5774785805864315,0.3599167948167301,0.08210949729520176,80.106185,False,1e-08,numerical jitter only; separate from WhiteKernel nugget,240,241,True,False,False,False,True,True,False,"[""P"",""VX"",""LS"",""ST""]",79.68335212499584,18.274997653098374,"[158.31227112142372,0.6187737206743209,64.7653018087296,348.6835952922249]","[53.036877405681054,0.23930513214495497,13.358446857885196,32.34583139550507]",818A2BC02D91CA870A37287B45A94BF1DB32B5797D5BB86CAB7A612F2E8A983C,126.228008246,0.201684842681,45.0,300.0,995724023,fmin_l_bfgs_b,1,-160.87025391242182,1.298072800040245,0,0,,completed_without_convergence_warning,False,False,,False,,False,,False
phase4_new_response_compact,Phase 3B,F7F71204D643D1027D0FF4736F24213619BF6A09C2361C3C11F169797AC98A9C,944FFDF12B36D558FD8E5E53911BBA42AFDAA7B3B4676E82EAF7F6253420B58A,total_height,T0 total vertical melt-pool height,T0,matern52_learned_nugget,Matérn 5/2 + learned nugget,Matern,2.5,True,21,sim_00022,22,80.106185,75.63220455171646,4.473980448283541,4.473980448283541,20.016501051623393,3.5436120273186873,12.557186200157657,7.570560074057051,57.3133798349067,7.570560074057051,total predictive variance including learned WhiteKernel nugget,2.9810988737200717,3.117828866559427,3.117828866559427,68.68672497817182,82.57768412526109,60.793906806564635,90.47050229686828,True,True,"1.56**2 * Matern(length_scale=3.12, nu=2.5) + WhiteKernel(noise_level=0.134)",2.4447280933204447,3.1218064436605935,0.13367112048962748,0.3656106132070395,44.75619363474903,6.690006998109122,0.3656106132070395,0.08351423798435942,80.106185,False,1e-08,numerical jitter only; separate from WhiteKernel nugget,240,241,True,False,False,False,True,True,False,"[""P"",""VX"",""LS"",""ST""]",79.74116372916251,18.298175043186387,"[158.3114332546529,0.6180232762903375,64.59671988994002,348.5316343551957]","[53.03738266952572,0.24032733321604594,13.351519029611392,32.488207333204784]",41AA397489E828B3BF2D106B12EAFA06C29986EC27E86AA6B5453CF7DB5A229A,126.429096271,0.381791494837,85.4596605095,336.470624887,99812216,fmin_l_bfgs_b,1,-161.68572569735184,3.762313299928792,0,0,,completed_without_convergence_warning,False,False,,False,,False,,False
phase4_new_response_compact,Phase 3B,F7F71204D643D1027D0FF4736F24213619BF6A09C2361C3C11F169797AC98A9C,944FFDF12B36D558FD8E5E53911BBA42AFDAA7B3B4676E82EAF7F6253420B58A,total_height,T0 total vertical melt-pool height,T0,matern52_learned_nugget,Matérn 5/2 + learned nugget,Matern,2.5,True,22,sim_00023,23,65.331135,65.29512989789082,0.03600510210918628,0.03600510210918628,0.0012963673778929304,4.372939796756885,19.122602466060147,7.994683355840692,63.91496196015619,7.994683355840692,total predictive variance including learned WhiteKernel nugget,2.394407934712768,2.997725414778213,2.997725414778213,56.72416789624732,73.86609189953431,49.625550520443056,80.96470927533858,True,True,"1.57**2 * Matern(length_scale=3.13, nu=2.5) + WhiteKernel(noise_level=0.134)",2.4723514425566053,3.1252795297616496,0.1341270236293639,0.36623356431294485,44.792359494096054,6.692709428482313,0.36623356431294485,0.0835479735863381,80.106185,False,1e-08,numerical jitter only; separate from WhiteKernel nugget,240,241,True,False,False,False,True,True,False,"[""P"",""VX"",""LS"",""ST""]",79.80272643749582,18.27442943695741,"[158.29721725511956,0.6164865554586209,64.58423147396418,348.60365505431236]","[53.04546855481787,0.24065358414047325,13.33058077307995,32.442198886820144]",1CBCC2070069FA96AB352F8C376B37E0981029A74F3BFA8ECC8BF97728C494E2,129.840936159,0.750604494449,88.4568803437,319.185657099,1276047371,fmin_l_bfgs_b,1,-162.18318354810467,2.479907299974002,0,0,,completed_without_convergence_warning,False,False,,False,,False,,False
phase4_new_response_compact,Phase 3B,F7F71204D643D1027D0FF4736F24213619BF6A09C2361C3C11F169797AC98A9C,944FFDF12B36D558FD8E5E53911BBA42AFDAA7B3B4676E82EAF7F6253420B58A,total_height,T0 total vertical melt-pool height,T0,matern52_learned_nugget,Matérn 5/2 + learned nugget,Matern,2.5,True,23,sim_00024,24,80.16863,80.07306946571128,0.09556053428870825,0.09556053428870825,0.009131815713543386,2.733970152694513,7.474592795824457,7.235085180264476,52.34645756568265,7.235085180264476,total predictive variance including learned WhiteKernel nugget,1.9253042114339092,2.897967891352073,2.897967891352073,74.71448796643004,85.43165096499253,65.89230251239292,94.25383641902965,True,True,"1.57**2 * Matern(length_scale=3.13, nu=2.5) + WhiteKernel(noise_level=0.134)",2.4713895733385582,3.1334592003383044,0.13401667233421866,0.36608287631930925,44.87186476985819,6.6986464879002385,0.36608287631930925,0.08362208845546994,80.106185,False,1e-08,numerical jitter only; separate from WhiteKernel nugget,240,241,True,False,False,False,True,True,False,"[""P"",""VX"",""LS"",""ST""]",79.74090354166249,18.298169407021003,"[158.28403961691956,0.6165463889641124,64.7653018087296,348.6835952922249]","[53.05214281881532,0.24068513510575304,13.358446857885196,32.34583139550507]",C5B92F4A61F4370C16869A206A6328E20C3A6E907D5245F9356186BE00A4F4D7,133.003569327,0.736244453131,45.0,300.0,686664172,fmin_l_bfgs_b,1,-161.99851927029485,1.8937720999820158,0,0,,completed_without_convergence_warning,False,False,,False,,False,,False
phase4_new_response_compact,Phase 3B,F7F71204D643D1027D0FF4736F24213619BF6A09C2361C3C11F169797AC98A9C,944FFDF12B36D558FD8E5E53911BBA42AFDAA7B3B4676E82EAF7F6253420B58A,total_height,T0 total vertical melt-pool height,T0,matern52_learned_nugget,Matérn 5/2 + learned nugget,Matern,2.5,True,24,sim_00025,25,67.79281,68.13441056660814,-0.3416005666081361,0.3416005666081361,0.11669094710699962,3.4221122172572516,11.710852027501343,7.517015075875789,56.50551565094389,7.517015075875789,total predictive variance including learned WhiteKernel nugget,2.1541786725525465,2.937140223416583,2.937140223416583,61.42707062078392,74.84175051243236,53.40106101789159,82.86776011532469,True,True,"1.57**2 * Matern(length_scale=3.12, nu=2.5) + WhiteKernel(noise_level=0.134)",2.466714742340991,3.123537289416735,0.13402495691552488,0.3660941913162853,44.794663623442545,6.692881563530207,0.3660941913162853,0.08355012242226,80.106185,False,1e-08,numerical jitter only; separate from WhiteKernel nugget,240,241,True,False,False,False,True,True,False,"[""P"",""VX"",""LS"",""ST""]",79.79246945832917,18.281856752400437,"[158.28381100981957,0.6162119771939083,64.75339043207877,348.4236668690331]","[53.05225163612784,0.24046273318519476,13.374781234415735,32.48505314381646]",A9D5BF99B50EE6D5951EFC8AA1ADD01F4ECBE63F2D1F92ADBEB0CC1039679974,133.058435031,0.81650327798,47.8587303962,362.382821566,3626532444,fmin_l_bfgs_b,1,-162.0815696364753,1.7258980000624433,0,0,,completed_without_convergence_warning,False,False,,False,,False,,False
phase4_new_response_compact,Phase 3B,F7F71204D643D1027D0FF4736F24213619BF6A09C2361C3C11F169797AC98A9C,944FFDF12B36D558FD8E5E53911BBA42AFDAA7B3B4676E82EAF7F6253420B58A,total_height,T0 total vertical melt-pool height,T0,matern52_learned_nugget,Matérn 5/2 + learned nugget,Matern,2.5,True,25,sim_00026,26,87.94537,88.00868137233823,-0.0633113723382337,0.0633113723382337,0.004008329867350463,3.1142818182326226,9.69875124337429,7.385454390933712,54.54493656056205,7.385454390933712,total predictive variance including learned WhiteKernel nugget,2.055143744461591,2.9184877195688808,2.9184877195688808,81.90468900860229,94.11267373607417,73.53319076610815,102.48417197856831,True,True,"1.57**2 * Matern(length_scale=3.13, nu=2.5) + WhiteKernel(noise_level=0.134)",2.466082613717478,3.1274944468136927,0.1340523838725289,0.36613164828040873,44.846185317187754,6.696729449304919,0.36613164828040873,0.08359815723723354,80.106185,False,1e-08,numerical jitter only; separate from WhiteKernel nugget,240,241,True,False,False,False,True,True,False,"[""P"",""VX"",""LS"",""ST""]",79.70850045832915,18.290496002618447,"[158.28089699925707,0.6169258931099832,64.7653018087296,348.6835952922249]","[53.05361789026125,0.2408017367991145,13.358446857885196,32.34583139550507]",610463685B999281BF56CDCBAE2D9FF4BF867A49C2C9C7454EC2834EFD0EF0ED,133.757797566,0.645163458122,45.0,300.0,1818651708,fmin_l_bfgs_b,1,-162.08704950229472,1.110270999954082,0,0,,completed_without_convergence_warning,False,False,,False,,False,,False
phase4_new_response_compact,Phase 3B,F7F71204D643D1027D0FF4736F24213619BF6A09C2361C3C11F169797AC98A9C,944FFDF12B36D558FD8E5E53911BBA42AFDAA7B3B4676E82EAF7F6253420B58A,total_height,T0 total vertical melt-pool height,T0,matern52_learned_nugget,Matérn 5/2 + learned nugget,Matern,2.5,True,26,sim_00027,27,76.45266,75.1511940376173,1.301465962382693,1.301465962382693,1.6938136512407092,2.67899579735917,7.177018482268094,7.213392459762937,52.03303077856479,7.213392459762937,total predictive variance including learned WhiteKernel nugget,2.022383152866407,2.911154226185657,2.911154226185657,69.90036227479332,80.40202580044128,61.01294481648195,89.28944325875266,True,True,"1.57**2 * Matern(length_scale=3.13, nu=2.5) + WhiteKernel(noise_level=0.134)",2.468625408938381,3.1326641328862417,0.1339871460935809,0.36604254683517445,44.856012296296704,6.697463123922124,0.36604254683517445,0.08360731601339053,80.106185,False,1e-08,numerical jitter only; separate from WhiteKernel nugget,240,241,True,False,False,False,True,True,False,"[""P"",""VX"",""LS"",""ST""]",79.75638674999583,18.29695258605533,"[158.27804538431124,0.6162542261756916,64.7653018087296,348.6835952922249]","[53.05491751362914,0.24049702717207022,13.358446857885196,32.34583139550507]",11A7FD43E2592A38813F189512A885FDFD02F5986F2E08365A4DC0AB48199A8F,134.442185153,0.806363522352,45.0,300.0,423926093,fmin_l_bfgs_b,1,-161.986210484694,0.7209179999772459,0,0,,completed_without_convergence_warning,False,False,,False,,False,,False
phase4_new_response_compact,Phase 3B,F7F71204D643D1027D0FF4736F24213619BF6A09C2361C3C11F169797AC98A9C,944FFDF12B36D558FD8E5E53911BBA42AFDAA7B3B4676E82EAF7F6253420B58A,total_height,T0 total vertical melt-pool height,T0,matern52_learned_nugget,Matérn 5/2 + learned nugget,Matern,2.5,True,27,sim_00028,28,74.61554,76.2679249857685,-1.6523849857685065,1.6523849857685065,2.730376141193187,2.8349145219449428,8.036740346734323,7.269716119938179,52.848772464489016,7.269716119938179,total predictive variance including learned WhiteKernel nugget,2.130818699863186,2.928487748972586,2.928487748972586,70.71149252275642,81.82435744878059,62.01928139068967,90.51656858084733,True,True,"1.57**2 * Matern(length_scale=3.12, nu=2.5) + WhiteKernel(noise_level=0.134)",2.4636618657661793,3.1226634533390576,0.13388164895463375,0.36589841343552415,44.81203211775469,6.694178972641431,0.36589841343552415,0.0835663185388423,80.106185,False,1e-08,numerical jitter only; separate from WhiteKernel nugget,240,241,True,False,False,False,True,True,False,"[""P"",""VX"",""LS"",""ST""]",79.7640414166625,18.295184474258534,"[158.27500456786123,0.6168964139397125,64.70738453903252,348.42110738216644]","[53.05626263607044,0.24079784503047216,13.413768830750554,32.48392898689824]",C5A7318A28BE94C54188AEAA9BECC5A76401D64A6C0DB567A5AD2116E1AB9B3E,135.171981101,0.652238458987,58.9001447273,362.997098414,3089433252,fmin_l_bfgs_b,1,-161.91761316823806,0.9183811999391764,0,0,,completed_without_convergence_warning,False,False,,False,,False,,False
phase4_new_response_compact,Phase 3B,F7F71204D643D1027D0FF4736F24213619BF6A09C2361C3C11F169797AC98A9C,944FFDF12B36D558FD8E5E53911BBA42AFDAA7B3B4676E82EAF7F6253420B58A,total_height,T0 total vertical melt-pool height,T0,matern52_learned_nugget,Matérn 5/2 + learned nugget,Matern,2.5,True,28,sim_00029,29,139.68542,103.16669178072208,36.51872821927792,36.51872821927792,1333.6175107534852,2.899554806038571,8.407418073221375,7.093585262713416,50.31895187938497,7.093585262713416,total predictive variance including learned WhiteKernel nugget,81.29544973072157,16.129771807416294,16.129771807416294,97.48356436088648,108.84981920055768,89.26326466580377,117.07011889564038,False,False,"1.68**2 * Matern(length_scale=3.48, nu=2.5) + WhiteKernel(noise_level=0.131)",2.8075700881987573,3.4837861069210962,0.131059551992084,0.3620214800147693,41.91153380616359,6.473911785478977,0.3620214800147693,0.08081662839740748,80.106185,False,1e-08,numerical jitter only; separate from WhiteKernel nugget,240,241,True,False,False,False,True,True,False,"[""P"",""VX"",""LS"",""ST""]",79.4929169166625,17.88267310883007,"[158.2748517312279,0.6183815848603541,64.7653018087296,348.6835952922249]","[53.05632913474896,0.23991039692887753,13.358446857885196,32.34583139550507]",42C68E975C31F3F63EDEE01755CCB33070C6597AD5814361DCF3D94E801855AC,135.208661893,0.295797438033,45.0,300.0,3439908769,fmin_l_bfgs_b,1,-155.01077535915675,0.8641891999868676,0,0,,completed_without_convergence_warning,False,False,,False,,False,,False
phase4_new_response_compact,Phase 3B,F7F71204D643D1027D0FF4736F24213619BF6A09C2361C3C11F169797AC98A9C,944FFDF12B36D558FD8E5E53911BBA42AFDAA7B3B4676E82EAF7F6253420B58A,total_height,T0 total vertical melt-pool height,T0,matern52_learned_nugget,Matérn 5/2 + learned nugget,Matern,2.5,True,29,sim_00030,30,68.65836500000002,68.183816109581,0.4745488904190154,0.4745488904190154,0.22519664939791867,2.7192596041655896,7.3943727948468,7.225798233086108,52.21216010527032,7.225798233086108,total predictive variance including learned WhiteKernel nugget,1.9345257414797696,2.8987527968432945,2.8987527968432945,62.85406728541645,73.51356493374556,54.02125157273223,82.34638064642978,True,True,"1.57**2 * Matern(length_scale=3.12, nu=2.5) + WhiteKernel(noise_level=0.134)",2.4647548379040587,3.123503345912938,0.13406068287621753,0.3661429814651887,44.81778731042352,6.694608824302098,0.3661429814651887,0.08357168456221076,80.106185,False,1e-08,numerical jitter only; separate from WhiteKernel nugget,240,241,True,False,False,False,True,True,False,"[""P"",""VX"",""LS"",""ST""]",79.7888629791625,18.28413806407646,"[158.27107492643205,0.6161970197013249,64.6862742531696,348.4231661692082]","[53.05793867615184,0.24045016203258276,13.418903792226647,32.484837057389946]",721E6840A9AF80B3D125518F518D7245EB90ADA5F6F177B360358EB9BEBED448,136.115095044,0.8200930762,63.9666133344,362.502989524,3731097738,fmin_l_bfgs_b,1,-162.0606908430261,1.9214170000050217,0,0,,completed_without_convergence_warning,False,False,,False,,False,,False
phase4_new_response_compact,Phase 3B,F7F71204D643D1027D0FF4736F24213619BF6A09C2361C3C11F169797AC98A9C,944FFDF12B36D558FD8E5E53911BBA42AFDAA7B3B4676E82EAF7F6253420B58A,total_height,T0 total vertical melt-pool height,T0,matern52_learned_nugget,Matérn 5/2 + learned nugget,Matern,2.5,True,30,sim_00031,31,82.71786,82.31294493312649,0.40491506687351375,0.40491506687351375,0.1639562113811821,2.8760164721591837,8.271470748130957,7.2870539914709465,53.10115587461265,7.2870539914709465,total predictive variance including learned WhiteKernel nugget,1.985255647198594,2.9065816913447353,2.9065816913447353,76.67595264769449,87.94993721855849,68.03031910984343,96.59557075640954,True,True,"1.57**2 * Matern(length_scale=3.13, nu=2.5) + WhiteKernel(noise_level=0.134)",2.4655806170586363,3.128813343645843,0.13390520445401607,0.3659306005980042,44.82968512648171,6.695497377079742,0.3659306005980042,0.08358277674913295,80.106185,False,1e-08,numerical jitter only; separate from WhiteKernel nugget,240,241,True,False,False,False,True,True,False,"[""P"",""VX"",""LS"",""ST""]",79.73028174999584,18.297178115571512,"[158.26745303423206,0.6181235582065375,64.73704823812628,348.3791715883456]","[53.05942129575933,0.24022369560848622,13.393005692171885,32.45857830701988]",88B25698199B51B9092B517377A8B0969CB0D01A334C808C7575404C31248592,136.984349172,0.357723834949,51.7808569448,373.061688931,1642097275,fmin_l_bfgs_b,1,-161.88942110835706,0.8014823999255896,0,0,,completed_without_convergence_warning,False,False,,False,,False,,False
phase4_new_response_compact,Phase 3B,F7F71204D643D1027D0FF4736F24213619BF6A09C2361C3C11F169797AC98A9C,944FFDF12B36D558FD8E5E53911BBA42AFDAA7B3B4676E82EAF7F6253420B58A,total_height,T0 total vertical melt-pool height,T0,matern52_learned_nugget,Matérn 5/2 + learned nugget,Matern,2.5,True,31,sim_00032,32,69.379865,70.09604503030025,-0.7161800303002508,0.7161800303002508,0.5129138358008681,2.9692838216222577,8.81664641334768,7.325425011659283,53.66185160144341,7.325425011659283,total predictive variance including learned WhiteKernel nugget,2.0363471274201967,2.915068837619312,2.915068837619312,64.27624873992062,75.91584132067987,55.73821200744805,84.45387805315244,True,True,"1.57**2 * Matern(length_scale=3.13, nu=2.5) + WhiteKernel(noise_level=0.134)",2.4723131548294663,3.129372430417271,0.13411672257425378,0.3662195005379339,44.84520518809573,6.696656269220911,0.3662195005379339,0.08359724369873452,80.106185,False,1e-08,numerical jitter only; separate from WhiteKernel nugget,240,241,True,False,False,False,True,True,False,"[""P"",""VX"",""LS"",""ST""]",79.78585672916252,18.285908476704,"[158.26597085556958,0.6166625831972166,64.59927615269878,348.55302282275403]","[53.06001083230195,0.2407361562901615,13.355453863678816,32.47856883036284]",F2016BFC3BB5C4D748D6BF26904A5F6D551D3EEBE84CC4910534907D1918B2CD,137.340072051,0.708357837186,84.8461574474,331.337392673,928561397,fmin_l_bfgs_b,1,-162.0894870139394,0.970696899923496,0,0,,completed_without_convergence_warning,False,False,,False,,False,,False
phase4_new_response_compact,Phase 3B,F7F71204D643D1027D0FF4736F24213619BF6A09C2361C3C11F169797AC98A9C,944FFDF12B36D558FD8E5E53911BBA42AFDAA7B3B4676E82EAF7F6253420B58A,total_height,T0 total vertical melt-pool height,T0,matern52_learned_nugget,Matérn 5/2 + learned nugget,Matern,2.5,True,32,sim_00033,33,86.98210999999999,81.53460048213913,5.4475095178608655,5.4475095178608655,29.67535994718472,3.077929967408245,9.473652884269722,7.358713942250764,54.15067088387578,7.358713942250764,total predictive variance including learned WhiteKernel nugget,3.6094005474088906,3.188831030294975,3.188831030294975,75.50185774601897,87.56734321825928,67.11152115532762,95.95767980895063,True,True,"1.56**2 * Matern(length_scale=3.11, nu=2.5) + WhiteKernel(noise_level=0.134)",2.4321642879729004,3.1095102321291472,0.13352187612990257,0.36540645332273836,44.67701799960606,6.684086923402931,0.36540645332273836,0.08344033514269755,80.106185,False,1e-08,numerical jitter only; separate from WhiteKernel nugget,240,241,True,False,False,False,True,True,False,"[""P"",""VX"",""LS"",""ST""]",79.7125140416625,18.29219725766402,"[158.2648818540279,0.6176892879543457,64.68247656226211,348.27738659470396]","[53.060437619646,0.2405995454934628,13.418977951861276,32.34250889159797]",62F7F4C24C285B71CEA0DECD132E561AB2E4EBA0FBB80729DDE596AF9E269828,137.601432421,0.461948695475,64.8780591522,397.490087405,322837586,fmin_l_bfgs_b,1,-161.73938394000498,0.8812261000275612,0,0,,completed_without_convergence_warning,False,False,,False,,False,,False
phase4_new_response_compact,Phase 3B,F7F71204D643D1027D0FF4736F24213619BF6A09C2361C3C11F169797AC98A9C,944FFDF12B36D558FD8E5E53911BBA42AFDAA7B3B4676E82EAF7F6253420B58A,total_height,T0 total vertical melt-pool height,T0,matern52_learned_nugget,Matérn 5/2 + learned nugget,Matern,2.5,True,33,sim_00034,34,59.82983,74.16406815862996,-14.334238158629958,14.334238158629958,205.47038358832316,2.912805458745931,8.484435640500093,7.226046762514641,52.215751814048325,7.226046762514641,total predictive variance including learned WhiteKernel nugget,14.09672056803326,4.864144045165722,4.864144045165722,68.45496945948793,79.87316685777199,60.001016504101266,88.32711981315866,False,False,"1.58**2 * Matern(length_scale=3.13, nu=2.5) + WhiteKernel(noise_level=0.131)",2.50811397474638,3.127860055690201,0.1312603508937379,0.3622987039636464,43.73131617354822,6.612965762314835,0.3622987039636464,0.0825524990650202,80.106185,False,1e-08,numerical jitter only; separate from WhiteKernel nugget,240,241,True,False,False,False,True,True,False,"[""P"",""VX"",""LS"",""ST""]",79.82564854166252,18.252799940952563,"[158.2621882387696,0.6159600827907291,64.7653018087296,348.6835952922249]","[53.0614701130961,0.24022100219396322,13.358446857885196,32.34583139550507]",1B9DAFC87E720A759E81497CB29BD148FC548A5899C542DEDB347ED5D7E85E17,138.247900083,0.876957934743,45.0,300.0,2831257344,fmin_l_bfgs_b,1,-160.6056636880314,1.7318158999551088,0,0,,completed_without_convergence_warning,False,False,,False,,False,,False
phase4_new_response_compact,Phase 3B,F7F71204D643D1027D0FF4736F24213619BF6A09C2361C3C11F169797AC98A9C,944FFDF12B36D558FD8E5E53911BBA42AFDAA7B3B4676E82EAF7F6253420B58A,total_height,T0 total vertical melt-pool height,T0,matern52_learned_nugget,Matérn 5/2 + learned nugget,Matern,2.5,True,34,sim_00035,35,74.58906,66.07449009281761,8.514569907182391,8.514569907182391,72.49790070429596,2.9794289698325054,8.876996986277184,7.275252287726907,52.9292958500756,7.275252287726907,total predictive variance including learned WhiteKernel nugget,6.094140134635602,3.5882731096594496,3.5882731096594496,60.2348093119459,71.91417087368933,51.81499560887288,80.33398457676235,False,True,"1.54**2 * Matern(length_scale=3.05, nu=2.5) + WhiteKernel(noise_level=0.132)",2.3782028967780056,3.053170912925264,0.13161229704979174,0.36278409150594204,44.05229886379842,6.637190585164661,0.36278409150594204,0.08285490795953722,80.106185,False,1e-08,numerical jitter only; separate from WhiteKernel nugget,240,241,True,False,False,False,True,True,False,"[""P"",""VX"",""LS"",""ST""]",79.76415174999583,18.295153344826176,"[158.2578958214737,0.6162240409141874,64.60864109965377,348.44680003866654]","[53.06304730722061,0.24047270841784027,13.368853114823548,32.49300766551444]",5CF05867F803260870AB0ADE73F71882224592F1BB343F552CBF9B650980B464,139.278080234,0.813607985113,82.59857017819999,356.830860854,814039675,fmin_l_bfgs_b,1,-161.26590721835126,1.4575556999770924,0,0,,completed_without_convergence_warning,False,False,,False,,False,,False
phase4_new_response_compact,Phase 3B,F7F71204D643D1027D0FF4736F24213619BF6A09C2361C3C11F169797AC98A9C,944FFDF12B36D558FD8E5E53911BBA42AFDAA7B3B4676E82EAF7F6253420B58A,total_height,T0 total vertical melt-pool height,T0,matern52_learned_nugget,Matérn 5/2 + learned nugget,Matern,2.5,True,35,sim_00036,36,105.02062,112.97060634496454,-7.949986344964543,7.949986344964543,63.2022828851227,3.460120663727199,11.972435007551951,7.456940557708016,55.60596248119074,7.456940557708016,total predictive variance including learned WhiteKernel nugget,4.799733579587597,3.4963886593003104,3.4963886593003104,106.18876984405922,119.75244284586985,98.35500285185682,127.58620983807225,False,True,"1.56**2 * Matern(length_scale=3.04, nu=2.5) + WhiteKernel(noise_level=0.131)",2.429595159926502,3.036178450837296,0.13136682571839525,0.3624456176013103,43.633527473638786,6.605567914542911,0.3624456176013103,0.08246014854586961,80.106185,False,1e-08,numerical jitter only; separate from WhiteKernel nugget,240,241,True,False,False,False,True,True,False,"[""P"",""VX"",""LS"",""ST""]",79.63735358332919,18.22499043652123,"[158.25438828996957,0.6186853566869043,64.7653018087296,348.6835952922249]","[53.06427394359831,0.23945516442296244,13.358446857885196,32.34583139550507]",EFF9183E36B8AA24C75F7EFEA1901B4D736BE9C52D03FD0B2812F21CB8639C5F,140.119887795,0.222892199661,45.0,300.0,4285384761,fmin_l_bfgs_b,1,-162.2907554659601,0.8376517000142485,0,0,,completed_without_convergence_warning,False,False,,False,,False,,False
phase4_new_response_compact,Phase 3B,F7F71204D643D1027D0FF4736F24213619BF6A09C2361C3C11F169797AC98A9C,944FFDF12B36D558FD8E5E53911BBA42AFDAA7B3B4676E82EAF7F6253420B58A,total_height,T0 total vertical melt-pool height,T0,matern52_learned_nugget,Matérn 5/2 + learned nugget,Matern,2.5,True,36,sim_00037,37,74.64543499999999,77.04255180650964,-2.3971168065096435,2.3971168065096435,5.746168984050992,3.0958726866029114,9.584427691653929,7.376774949922883,54.416808661809746,7.376774949922883,total predictive variance including learned WhiteKernel nugget,2.348774255655832,2.9700728172211424,2.9700728172211424,70.97464134076793,83.11046227225134,62.584072904660786,91.50103070835848,True,True,"1.57**2 * Matern(length_scale=3.13, nu=2.5) + WhiteKernel(noise_level=0.134)",2.474916237079264,3.1318860531660815,0.13394193197285892,0.36598078087907693,44.832380970155825,6.695698691709165,0.36598078087907693,0.0835852898463354,80.106185,False,1e-08,numerical jitter only; separate from WhiteKernel nugget,240,241,True,False,False,False,True,True,False,"[""P"",""VX"",""LS"",""ST""]",79.7639168541625,18.295219425529012,"[158.25355179944458,0.617062900545225,64.59613259209377,348.479799745079]","[53.064558221144885,0.24080840960854635,13.350598179574922,32.497483685846525]",9955F98A22AC37B5A3AFD05796AF966FE0D481207F9E4776F35C60EF1A100CC7,140.320645521,0.612281673664,85.6006119926,348.910931315,1297311757,fmin_l_bfgs_b,1,-161.91208817604752,1.0437522999709472,0,0,,completed_without_convergence_warning,False,False,,False,,False,,False
phase4_new_response_compact,Phase 3B,F7F71204D643D1027D0FF4736F24213619BF6A09C2361C3C11F169797AC98A9C,944FFDF12B36D558FD8E5E53911BBA42AFDAA7B3B4676E82EAF7F6253420B58A,total_height,T0 total vertical melt-pool height,T0,matern52_learned_nugget,Matérn 5/2 + learned nugget,Matern,2.5,True,37,sim_00038,38,142.5117799999,104.38538157362854,38.126398426271464,38.126398426271464,1453.622256958795,3.044894492929656,9.271382473073347,7.1018287452028686,50.43597152618975,7.1018287452028686,total predictive variance including learned WhiteKernel nugget,80.42536619991904,17.289861454262695,17.289861454262695,98.41738836748641,110.35337477977066,90.46579723303091,118.30496591422616,False,False,"1.66**2 * Matern(length_scale=3.43, nu=2.5) + WhiteKernel(noise_level=0.129)",2.7429518716777386,3.4251797091127574,0.12931060012634427,0.3595978310923806,41.1645890531164,6.415963610644655,0.3595978310923806,0.08009323637924656,80.106185,False,1e-08,numerical jitter only; separate from WhiteKernel nugget,240,241,True,False,False,False,True,True,False,"[""P"",""VX"",""LS"",""ST""]",79.48114041666291,17.842053137957876,"[158.25263838399871,0.6185488294487126,64.7653018087296,348.6835952922249]","[53.06486500990506,0.23967135143267473,13.358446857885196,32.34583139550507]",881EB5455281875545B3DEDEA162803F883F52FFDBC4048D52355A0F20297424,140.539865228,0.255658736827,45.0,300.0,249693003,fmin_l_bfgs_b,1,-154.42716335102278,1.3961894999956712,0,0,,completed_without_convergence_warning,False,False,,False,,False,,False
phase4_new_response_compact,Phase 3B,F7F71204D643D1027D0FF4736F24213619BF6A09C2361C3C11F169797AC98A9C,944FFDF12B36D558FD8E5E53911BBA42AFDAA7B3B4676E82EAF7F6253420B58A,total_height,T0 total vertical melt-pool height,T0,matern52_learned_nugget,Matérn 5/2 + learned nugget,Matern,2.5,True,38,sim_00039,39,78.62362,83.5176365044102,-4.894016504410203,4.894016504410203,23.951397545439463,2.464735987022118,6.074923485721894,7.119882718724297,50.69272992838888,7.119882718724297,total predictive variance including learned WhiteKernel nugget,3.79235649909069,3.1180707383041493,3.1180707383041493,78.68675396984685,88.34851903897356,69.56266637571059,97.47260663310982,False,True,"1.57**2 * Matern(length_scale=3.11, nu=2.5) + WhiteKernel(noise_level=0.133)",2.459286952988472,3.113497606347424,0.13325967160482585,0.36504749225933036,44.61780644266699,6.679656162009164,0.36504749225933036,0.08338502404039294,80.106185,False,1e-08,numerical jitter only; separate from WhiteKernel nugget,240,241,True,False,False,False,True,True,False,"[""P"",""VX"",""LS"",""ST""]",79.74734108332918,18.298046976484706,"[158.25250020333206,0.617317535418675,64.66997184218295,348.35924420264143]","[53.06491109050712,0.24077090568540163,13.417391444226922,32.441946432936575]",0361B5F668132ED2BE756A7D6DFA6310845833C9BE9DD1A4DDD82C6D3EC2BE98,140.573028588,0.551169304036,67.8791919712,377.8442615,3533050065,fmin_l_bfgs_b,1,-161.70441883080855,0.7574374000541866,0,0,,completed_without_convergence_warning,False,False,,False,,False,,False
phase4_new_response_compact,Phase 3B,F7F71204D643D1027D0FF4736F24213619BF6A09C2361C3C11F169797AC98A9C,944FFDF12B36D558FD8E5E53911BBA42AFDAA7B3B4676E82EAF7F6253420B58A,total_height,T0 total vertical melt-pool height,T0,matern52_learned_nugget,Matérn 5/2 + learned nugget,Matern,2.5,True,39,sim_00040,40,69.592685,65.15264276448849,4.440042235511513,4.440042235511513,19.71397505312607,4.687238066509815,21.970200692138672,8.158234817859181,66.55679534332984,8.158234817859181,total predictive variance including learned WhiteKernel nugget,2.9124346375829724,3.1660652476532998,3.1660652476532998,55.96565615412925,74.33962937484773,49.1625025214845,81.14278300749248,True,True,"1.57**2 * Matern(length_scale=3.12, nu=2.5) + WhiteKernel(noise_level=0.133)",2.475639010390156,3.122851269407541,0.13333602300264652,0.3651520546329248,44.58659465119115,6.677319421084418,0.3651520546329248,0.08335585349726014,80.106185,False,1e-08,numerical jitter only; separate from WhiteKernel nugget,240,241,True,False,False,False,True,True,False,"[""P"",""VX"",""LS"",""ST""]",79.78496997916251,18.286407912443227,"[158.25082688246124,0.6155047892653667,64.7653018087296,348.6835952922249]","[53.06546222450574,0.23962160005309666,13.358446857885196,32.34583139550507]",D8F9F84DC8CB74F4B6C2DC631E53EF1B097765E689507656D025FBBE3700D55A,140.974625597,0.98622838083,45.0,300.0,78411231,fmin_l_bfgs_b,1,-161.79767056483814,1.289859600015916,0,0,,completed_without_convergence_warning,False,False,,False,,False,,False
phase4_new_response_compact,Phase 3B,F7F71204D643D1027D0FF4736F24213619BF6A09C2361C3C11F169797AC98A9C,944FFDF12B36D558FD8E5E53911BBA42AFDAA7B3B4676E82EAF7F6253420B58A,total_height,T0 total vertical melt-pool height,T0,matern52_learned_nugget,Matérn 5/2 + learned nugget,Matern,2.5,True,40,sim_00041,41,73.60055,84.22269584809972,-10.62214584809972,10.62214584809972,112.82998241830212,2.990352344273588,8.942207142902543,7.278342508874613,52.9742696764912,7.278342508874613,total predictive variance including learned WhiteKernel nugget,8.323173903167834,3.968792498514306,3.968792498514306,78.36160525332349,90.08378644287595,69.95714453070548,98.48824716549396,False,True,"1.57**2 * Matern(length_scale=3.1, nu=2.5) + WhiteKernel(noise_level=0.132)",2.4573291298220252,3.1005478157708426,0.13157020260097968,0.3627260710246503,44.03206253358865,6.635665944996678,0.3627260710246503,0.08283587521983075,80.106185,False,1e-08,numerical jitter only; separate from WhiteKernel nugget,240,241,True,False,False,False,True,True,False,"[""P"",""VX"",""LS"",""ST""]",79.76827054166252,18.293876495427668,"[158.2387213844654,0.6182129101959709,64.67113207902335,348.2743966932499]","[53.069070448405476,0.2401228131074909,13.417656861629139,32.33792579510291]",18BB1F4E19DE8422A264EAA0542A51CD179483E4AA0B1029472468767BAD57B3,143.879945116,0.336279357485,67.6007351295,398.207663754,1102114939,fmin_l_bfgs_b,1,-160.90908218869234,0.9868774000788108,0,0,,completed_without_convergence_warning,False,False,,False,,False,,False
phase4_new_response_compact,Phase 3B,F7F71204D643D1027D0FF4736F24213619BF6A09C2361C3C11F169797AC98A9C,944FFDF12B36D558FD8E5E53911BBA42AFDAA7B3B4676E82EAF7F6253420B58A,total_height,T0 total vertical melt-pool height,T0,matern52_learned_nugget,Matérn 5/2 + learned nugget,Matern,2.5,True,41,sim_00042,42,69.11158999999999,67.27035353782225,1.841236462177747,1.841236462177747,3.390151709652826,2.800933820910235,7.845230269118808,7.256667318953613,52.65922057796942,7.256667318953613,total predictive variance including learned WhiteKernel nugget,2.164955914915549,2.933048745258888,2.933048745258888,61.780523248838186,72.76018382680631,53.04728559267316,81.49342148297133,True,True,"1.57**2 * Matern(length_scale=3.13, nu=2.5) + WhiteKernel(noise_level=0.134)",2.471131297996057,3.1302227226419705,0.13403281546779092,0.36610492412393325,44.813990308850606,6.694325231780318,0.36610492412393325,0.08356814435465024,80.106185,False,1e-08,numerical jitter only; separate from WhiteKernel nugget,240,241,True,False,False,False,True,True,False,"[""P"",""VX"",""LS"",""ST""]",79.78697454166249,18.28526411601655,"[158.23859831466956,0.6157920179688,64.72353426684752,348.46606666960815]","[53.06910371271516,0.24002415200561472,13.404430888942478,32.49660216734778]",EEDDF515CF85A7FA5BE49044C7B9E7D9E601623A3DDE32D4CE63AB3153ADB626,143.909481867,0.917293492006,55.0242100517,352.206869428,563704024,fmin_l_bfgs_b,1,-161.9805354671833,0.9537105000345036,0,0,,completed_without_convergence_warning,False,False,,False,,False,,False
phase4_new_response_compact,Phase 3B,F7F71204D643D1027D0FF4736F24213619BF6A09C2361C3C11F169797AC98A9C,944FFDF12B36D558FD8E5E53911BBA42AFDAA7B3B4676E82EAF7F6253420B58A,total_height,T0 total vertical melt-pool height,T0,matern52_learned_nugget,Matérn 5/2 + learned nugget,Matern,2.5,True,42,sim_00043,43,72.09173,77.83714332195889,-5.7454133219588925,5.7454133219588925,33.00977424014272,4.689201965968649,21.98861507764424,8.168672562424968,66.72721143211449,8.168672562424968,total predictive variance including learned WhiteKernel nugget,3.21481152482225,3.2665936236076982,3.2665936236076982,68.64630746866034,87.02797917525744,61.82654509960595,93.84774154431183,True,True,"1.56**2 * Matern(length_scale=3.12, nu=2.5) + WhiteKernel(noise_level=0.134)",2.4351688551122397,3.1232470422692655,0.13371615505374176,0.36567219617266744,44.738596354470246,6.688691677336477,0.36567219617266744,0.08349781826879507,80.106185,False,1e-08,numerical jitter only; separate from WhiteKernel nugget,240,241,True,False,False,False,True,True,False,"[""P"",""VX"",""LS"",""ST""]",79.77455729166249,18.29149644775872,"[158.23536763546542,0.6186931569911418,64.60581610427086,348.5276849022957]","[53.069952318063436,0.23944224040708512,13.364979137590055,32.48961565395927]",60B009235D1981E5539EAF7C3E417BC6191DF00EB70D06F4E38E63BBB4936CB3,144.684844876,0.221020126644,83.2765690701,337.418493583,3955147866,fmin_l_bfgs_b,1,-161.54483831657674,1.716399599914439,0,0,,completed_without_convergence_warning,False,False,,False,,False,,False
phase4_new_response_compact,Phase 3B,F7F71204D643D1027D0FF4736F24213619BF6A09C2361C3C11F169797AC98A9C,944FFDF12B36D558FD8E5E53911BBA42AFDAA7B3B4676E82EAF7F6253420B58A,total_height,T0 total vertical melt-pool height,T0,matern52_learned_nugget,Matérn 5/2 + learned nugget,Matern,2.5,True,43,sim_00044,44,80.41339,83.30322764721282,-2.889837647212815,2.889837647212815,8.351161627248498,2.6283359006331204,6.908149606556916,7.186569914984717,51.64678714296344,7.186569914984717,total predictive variance including learned WhiteKernel nugget,2.4897321726255353,2.9720013287760634,2.9720013287760634,78.15168928197191,88.45476601245373,69.21755061384277,97.38890468058287,True,True,"1.57**2 * Matern(length_scale=3.12, nu=2.5) + WhiteKernel(noise_level=0.134)",2.4587864376780804,3.1172409330594615,0.1336192170585923,0.3655396244712635,44.738637536406515,6.688694755810473,0.3655396244712635,0.0834978566987115,80.106185,False,1e-08,numerical jitter only; separate from WhiteKernel nugget,240,241,True,False,False,False,True,True,False,"[""P"",""VX"",""LS"",""ST""]",79.73988370832916,18.29813871884715,"[158.23405467481126,0.6172415237618,64.63938935220794,348.47611594267903]","[53.07028364533539,0.240788896452587,13.401667683827156,32.49738449534682]",8D03F2A0559BDA503DB8BEA45A6F9BF878896ACD147C06876C669448A294E371,144.999955433,0.569412101686,75.2189895652,349.795043891,1995116727,fmin_l_bfgs_b,1,-161.8358190294762,1.862193200038746,0,0,,completed_without_convergence_warning,False,False,,False,,False,,False
phase4_new_response_compact,Phase 3B,F7F71204D643D1027D0FF4736F24213619BF6A09C2361C3C11F169797AC98A9C,944FFDF12B36D558FD8E5E53911BBA42AFDAA7B3B4676E82EAF7F6253420B58A,total_height,T0 total vertical melt-pool height,T0,matern52_learned_nugget,Matérn 5/2 + learned nugget,Matern,2.5,True,44,sim_00045,45,85.2399,84.31240697441942,0.9274930255805884,0.9274930255805884,0.8602433125006341,2.6228259943084504,6.879216196420112,7.192851522637121,51.737113026703156,7.192851522637121,total predictive variance including learned WhiteKernel nugget,1.9457156991920586,2.9003398218246197,2.9003398218246197,79.17166802557486,89.45314592326397,70.21441799005066,98.41039595878817,True,True,"1.57**2 * Matern(length_scale=3.13, nu=2.5) + WhiteKernel(noise_level=0.134)",2.4636231861790088,3.1267159981582053,0.13402526295801684,0.36609460929931326,44.85789683028305,6.697603812579768,0.36609460929931326,0.08360907229048255,80.106185,False,1e-08,numerical jitter only; separate from WhiteKernel nugget,240,241,True,False,False,False,True,True,False,"[""P"",""VX"",""LS"",""ST""]",79.71977324999582,18.29473486484449,"[158.23301651429875,0.6175259920191084,64.63978398877211,348.5786517504499]","[53.07054008289851,0.2406918746084161,13.401977815570046,32.46254300084371]",E3D9C385AF54FD4E7A256D3D4C1E892FED82DAA2A0555577A6759D5F4D79D7D8,145.249113956,0.501139719932,75.1242767898,325.186450026,1498037561,fmin_l_bfgs_b,1,-161.95976030242937,1.796169700101018,0,0,,completed_without_convergence_warning,False,False,,False,,False,,False
phase4_new_response_compact,Phase 3B,F7F71204D643D1027D0FF4736F24213619BF6A09C2361C3C11F169797AC98A9C,944FFDF12B36D558FD8E5E53911BBA42AFDAA7B3B4676E82EAF7F6253420B58A,total_height,T0 total vertical melt-pool height,T0,matern52_learned_nugget,Matérn 5/2 + learned nugget,Matern,2.5,True,45,sim_00046,46,84.49150999999999,82.54754555284926,1.9439644471507336,1.9439644471507336,3.7789977717860572,3.1028180604769346,9.627479916421846,7.378824641762287,54.44705309387834,7.378824641762287,total predictive variance including learned WhiteKernel nugget,2.24751028872035,2.952256315298665,2.952256315298665,76.46602215431446,88.62906895138406,68.08504925499517,97.01004185070335,True,True,"1.57**2 * Matern(length_scale=3.13, nu=2.5) + WhiteKernel(noise_level=0.134)",2.4605550771517812,3.1279144329670965,0.1338979253958687,0.3659206545084176,44.81957317745649,6.694742203958006,0.3659206545084176,0.08357334959788693,80.106185,False,1e-08,numerical jitter only; separate from WhiteKernel nugget,240,241,True,False,False,False,True,True,False,"[""P"",""VX"",""LS"",""ST""]",79.72289154166249,18.295611689238495,"[158.23181820804874,0.618314193011275,64.63787932109835,348.4485013140748]","[53.07082999174481,0.23999871478503687,13.400455071754012,32.49343590340503]",DC735690FECF085E4235573C0E14BED247AC2612A9EE67A8B038A53CFC2C9D78,145.536707456,0.311971481812,75.58139703149999,356.422554756,1964870619,fmin_l_bfgs_b,1,-161.8250059573746,2.5188677000114694,0,0,,completed_without_convergence_warning,False,False,,False,,False,,False
phase4_new_response_compact,Phase 3B,F7F71204D643D1027D0FF4736F24213619BF6A09C2361C3C11F169797AC98A9C,944FFDF12B36D558FD8E5E53911BBA42AFDAA7B3B4676E82EAF7F6253420B58A,total_height,T0 total vertical melt-pool height,T0,matern52_learned_nugget,Matérn 5/2 + learned nugget,Matern,2.5,True,46,sim_00047,47,65.87016,66.62552719912601,-0.7553671991260131,0.7553671991260131,0.5705796055154779,4.657351937723266,21.690927071814663,8.150276825293016,66.4270123289084,8.150276825293016,total predictive variance including learned WhiteKernel nugget,2.4705380607901337,3.02128521217702,3.02128521217702,57.49711740118841,75.75393699706362,50.6509846215517,82.60006977670032,True,True,"1.57**2 * Matern(length_scale=3.13, nu=2.5) + WhiteKernel(noise_level=0.134)",2.476930020761569,3.1278483728089426,0.1339329324542252,0.36596848560255185,44.73608525709376,6.688503962553492,0.36596848560255185,0.0834954749443316,80.106185,False,1e-08,numerical jitter only; separate from WhiteKernel nugget,240,241,True,False,False,False,True,True,False,"[""P"",""VX"",""LS"",""ST""]",79.80048049999583,18.27617465897685,"[158.22810565031958,0.6155367975541791,64.7604077848192,348.35939812587486]","[53.0716867731968,0.23967060052438596,13.365470207589455,32.44208623849676]",600BA3088AABB8B162687993250169DC8FFD02A88D8B86395932334D8C8FF576,146.427721311,0.978546391515,46.1745657385,377.807319924,1282202885,fmin_l_bfgs_b,1,-162.03293854599394,1.4154750000452623,0,0,,completed_without_convergence_warning,False,False,,False,,False,,False
phase4_new_response_compact,Phase 3B,F7F71204D643D1027D0FF4736F24213619BF6A09C2361C3C11F169797AC98A9C,944FFDF12B36D558FD8E5E53911BBA42AFDAA7B3B4676E82EAF7F6253420B58A,total_height,T0 total vertical melt-pool height,T0,matern52_learned_nugget,Matérn 5/2 + learned nugget,Matern,2.5,True,47,sim_00048,48,76.34071,80.70874804425154,-4.368038044251534,4.368038044251534,19.079756356028767,4.493143583541336,20.188339262318678,8.06590324864614,65.05879521652037,8.06590324864614,total predictive variance including learned WhiteKernel nugget,2.894035099620329,3.153218953976036,3.153218953976036,71.90218662051052,89.51530946799255,64.8995776769051,96.51791841159798,True,True,"1.57**2 * Matern(length_scale=3.15, nu=2.5) + WhiteKernel(noise_level=0.134)",2.477420950915213,3.1488671736092813,0.13403154496092984,0.3661031889521448,44.87045595420168,6.698541330334663,0.3661031889521448,0.08362077572829943,80.106185,False,1e-08,numerical jitter only; separate from WhiteKernel nugget,240,241,True,False,False,False,True,True,False,"[""P"",""VX"",""LS"",""ST""]",79.75685320832918,18.296866928439304,"[158.21647960238207,0.6187540545363291,64.7497270057446,348.41226634328734]","[53.07396485903032,0.23933921140786796,13.379287102329092,32.47967165940289]",393A5E56A67372625DA2E38783F1A8D7BB4B88ED69D2EC4B40ECDBB64341342B,149.217972816,0.206404715799,48.7379527164,365.118947745,1314716355,fmin_l_bfgs_b,1,-161.57496273400253,2.3480036999098957,0,0,,completed_without_convergence_warning,False,False,,False,,False,,False
phase4_new_response_compact,Phase 3B,F7F71204D643D1027D0FF4736F24213619BF6A09C2361C3C11F169797AC98A9C,944FFDF12B36D558FD8E5E53911BBA42AFDAA7B3B4676E82EAF7F6253420B58A,total_height,T0 total vertical melt-pool height,T0,matern52_learned_nugget,Matérn 5/2 + learned nugget,Matern,2.5,True,48,sim_00049,49,79.02216,73.27797154605798,5.744188453942016,5.744188453942016,32.995700994400764,3.3249383519797138,11.055215044465575,7.458065947083405,55.62274767104508,7.458065947083405,total predictive variance including learned WhiteKernel nugget,3.6127035138151546,3.2248372379467996,3.2248372379467996,66.76109237617774,79.79485071593822,58.66016228977451,87.89578080234146,True,True,"1.56**2 * Matern(length_scale=3.11, nu=2.5) + WhiteKernel(noise_level=0.133)",2.446194981305965,3.1124006823167067,0.13310829967614293,0.3648401015186556,44.567532626579506,6.675891897460556,0.3648401015186556,0.08333803310519101,80.106185,False,1e-08,numerical jitter only; separate from WhiteKernel nugget,240,241,True,False,False,False,True,True,False,"[""P"",""VX"",""LS"",""ST""]",79.74568049999583,18.29813079667503,"[158.21632806737372,0.6159142524228416,64.7653018087296,348.6835952922249]","[53.073990499124314,0.24017014893211627,13.358446857885196,32.34583139550507]",0B964A6E9E0406ABF9FBBFE6BC8E1D2CA4D1A8593D04F4671011D3D5F01AB086,149.254341218,0.887957223036,45.0,300.0,2402713697,fmin_l_bfgs_b,1,-161.62976536499093,0.999561799922958,0,0,,completed_without_convergence_warning,False,False,,False,,False,,False
phase4_new_response_compact,Phase 3B,F7F71204D643D1027D0FF4736F24213619BF6A09C2361C3C11F169797AC98A9C,944FFDF12B36D558FD8E5E53911BBA42AFDAA7B3B4676E82EAF7F6253420B58A,total_height,T0 total vertical melt-pool height,T0,matern52_learned_nugget,Matérn 5/2 + learned nugget,Matern,2.5,True,49,sim_00050,50,84.75428,87.17362483135388,-2.4193448313538823,2.4193448313538823,5.853229412998745,2.653590527391132,7.0415426870599465,7.198925061554122,51.824522041872015,7.198925061554122,total predictive variance including learned WhiteKernel nugget,2.3104734126105653,2.9493418709020744,2.9493418709020744,81.97258739766725,92.3746622650405,73.0637317107078,101.28351795199995,True,True,"1.57**2 * Matern(length_scale=3.12, nu=2.5) + WhiteKernel(noise_level=0.134)",2.4673604787033265,3.1235680266318733,0.13379289102217598,0.3657771056561304,44.78297935481208,6.6920086188536905,0.3657771056561304,0.08353922507798481,80.106185,False,1e-08,numerical jitter only; separate from WhiteKernel nugget,240,241,True,False,False,False,True,True,False,"[""P"",""VX"",""LS"",""ST""]",79.72179666666248,18.29531842035213,"[158.2143049946154,0.6175112379024459,64.66228687215877,348.5980280878873]","[53.07432281841771,0.2406988998602861,13.415022716508506,32.4471833301835]",043F11B38EEED14DC278AB0749D8B007780A5680E66D7BF093AA2DB06FA9671B,149.73987868,0.504680707931,69.723584777,320.536129041,1566356723,fmin_l_bfgs_b,1,-161.9020411934872,1.163784599979408,0,0,,completed_without_convergence_warning,False,False,,False,,False,,False
phase4_new_response_compact,Phase 3B,F7F71204D643D1027D0FF4736F24213619BF6A09C2361C3C11F169797AC98A9C,944FFDF12B36D558FD8E5E53911BBA42AFDAA7B3B4676E82EAF7F6253420B58A,total_height,T0 total vertical melt-pool height,T0,matern52_learned_nugget,Matérn 5/2 + learned nugget,Matern,2.5,True,50,sim_00051,51,78.973885,81.38653808196874,-2.4126530819687417,2.4126530819687417,5.820894893933268,4.064973235740658,16.52400740728788,7.830866773923665,61.32247443094163,7.830866773923665,total predictive variance including learned WhiteKernel nugget,2.4974801717924926,3.0244730865868057,3.0244730865868057,73.41919053991705,89.35388562402042,66.03803920507835,96.73503695885913,True,True,"1.57**2 * Matern(length_scale=3.14, nu=2.5) + WhiteKernel(noise_level=0.134)",2.47591410804092,3.136664710204086,0.1337981436177662,0.365784285635354,44.79846702365375,6.6931656952187994,0.365784285635354,0.08355366936047197,80.106185,False,1e-08,numerical jitter only; separate from WhiteKernel nugget,240,241,True,False,False,False,True,True,False,"[""P"",""VX"",""LS"",""ST""]",79.74588164582916,18.298122576788707,"[158.21413986554455,0.6185660050931917,64.75074854578503,348.34463294093314]","[53.074349122814546,0.23964519577798124,13.378055110341085,32.42787089692531]",105961F70DC6623E1F1E8698F79C75F28280EB3DE7B4CF1E11B6A6F07C12F6D4,149.779509657,0.251536582152,48.4927831067,381.35096431,2621945890,fmin_l_bfgs_b,1,-161.73589911864264,1.5986635000444949,0,0,,completed_without_convergence_warning,False,False,,False,,False,,False
phase4_new_response_compact,Phase 3B,F7F71204D643D1027D0FF4736F24213619BF6A09C2361C3C11F169797AC98A9C,944FFDF12B36D558FD8E5E53911BBA42AFDAA7B3B4676E82EAF7F6253420B58A,total_height,T0 total vertical melt-pool height,T0,matern52_learned_nugget,Matérn 5/2 + learned nugget,Matern,2.5,True,51,sim_00052,52,68.29890499999999,69.17596476174353,-0.8770597617435385,0.8770597617435385,0.7692338256696325,5.811006414618419,33.76779555073641,8.859351317738222,78.48810577110997,8.859351317738222,total predictive variance including learned WhiteKernel nugget,2.6900823611530487,3.105312401437503,3.105312401437503,57.78639218909143,80.56553733439563,51.81163617897661,86.54029334451045,True,True,"1.57**2 * Matern(length_scale=3.12, nu=2.5) + WhiteKernel(noise_level=0.134)",2.469123361273333,3.120674997722245,0.13378266443904885,0.36576312613363426,44.72031022037356,6.687324593615414,0.36576312613363426,0.0834807523740572,80.106185,False,1e-08,numerical jitter only; separate from WhiteKernel nugget,240,241,True,False,False,False,True,True,False,"[""P"",""VX"",""LS"",""ST""]",79.79036072916251,18.28321149894194,"[158.20937114810707,0.6160348460623458,64.59672442327377,348.6717536433998]","[53.07505533719403,0.24029941514887462,13.351526113162796,32.36312720681544]",05321497B6D501B181A7C8C36B9531B1E7A7CC76130D8BC386D99A4E51B81583,150.924001842,0.859014749555,85.4585725094,302.841995718,1765675279,fmin_l_bfgs_b,1,-161.95483193559747,0.9387113000266254,0,0,,completed_without_convergence_warning,False,False,,False,,False,,False
phase4_new_response_compact,Phase 3B,F7F71204D643D1027D0FF4736F24213619BF6A09C2361C3C11F169797AC98A9C,944FFDF12B36D558FD8E5E53911BBA42AFDAA7B3B4676E82EAF7F6253420B58A,total_height,T0 total vertical melt-pool height,T0,matern52_learned_nugget,Matérn 5/2 + learned nugget,Matern,2.5,True,52,sim_00053,53,66.58751,66.35756674451171,0.22994325548827987,0.22994325548827987,0.052873900744548355,4.886034960415626,23.873337634403725,8.28356874171388,68.61751109869928,8.28356874171388,total predictive variance including learned WhiteKernel nugget,2.506427045163483,3.033597696135454,3.033597696135454,56.78093822209709,75.93419526692634,50.12177201075251,82.59336147827092,True,True,"1.57**2 * Matern(length_scale=3.13, nu=2.5) + WhiteKernel(noise_level=0.134)",2.4773654394349567,3.1281523072292807,0.13392462176902242,0.36595713105365557,44.744173464295564,6.689108570227842,0.36595713105365557,0.08350302252226643,80.106185,False,1e-08,numerical jitter only; separate from WhiteKernel nugget,240,241,True,False,False,False,True,True,False,"[""P"",""VX"",""LS"",""ST""]",79.79749154166251,18.278393840744982,"[158.20694668993622,0.6154661164366374,64.67255978872628,348.6752763168831]","[53.07537478525341,0.23956100875445052,13.41795027782824,32.358092116725196]",C43BF0BB00E5BD5E51CEC7853F6DBC93738E9527EC2377DBAC52EF17B12947CF,151.505871803,0.995509859725,67.25808480079999,301.996554082,660028558,fmin_l_bfgs_b,1,-161.987121726883,1.517210999969393,0,0,,completed_without_convergence_warning,False,False,,False,,False,,False
phase4_new_response_compact,Phase 3B,F7F71204D643D1027D0FF4736F24213619BF6A09C2361C3C11F169797AC98A9C,944FFDF12B36D558FD8E5E53911BBA42AFDAA7B3B4676E82EAF7F6253420B58A,total_height,T0 total vertical melt-pool height,T0,matern52_learned_nugget,Matérn 5/2 + learned nugget,Matern,2.5,True,53,sim_00054,54,82.28788000000002,89.76690534058493,-7.479025340584911,7.479025340584911,55.93582004511125,2.923784647009747,8.548516662089911,7.278321503073031,52.97396390209527,7.278321503073031,total predictive variance including learned WhiteKernel nugget,5.26348561078549,3.4317945783428563,3.4317945783428563,84.03628743244582,95.49752324872404,75.50139519456178,104.03241548660807,False,True,"1.55**2 * Matern(length_scale=3.08, nu=2.5) + WhiteKernel(noise_level=0.133)",2.3936686528775826,3.081197309489065,0.13269381913329273,0.3642716282299415,44.42544724000535,6.665241724049125,0.3642716282299415,0.08320508240467481,80.106185,False,1e-08,numerical jitter only; separate from WhiteKernel nugget,240,241,True,False,False,False,True,True,False,"[""P"",""VX"",""LS"",""ST""]",79.73207333332918,18.297449506119047,"[158.20642811874455,0.6171280333808874,64.72159847430628,348.58740089991653]","[53.07543964730879,0.2408049935476302,13.405797854578475,32.45595363515902]",5D828BF4A57E1AF15F781C199E535D2CFD2E0327C641FDAFD78F2D544D5E57F5,151.630328889,0.596649793105,55.488800261600005,323.086654154,3495605905,fmin_l_bfgs_b,1,-161.4040147575283,1.74144780007191,0,0,,completed_without_convergence_warning,False,False,,False,,False,,False
phase4_new_response_compact,Phase 3B,F7F71204D643D1027D0FF4736F24213619BF6A09C2361C3C11F169797AC98A9C,944FFDF12B36D558FD8E5E53911BBA42AFDAA7B3B4676E82EAF7F6253420B58A,total_height,T0 total vertical melt-pool height,T0,matern52_learned_nugget,Matérn 5/2 + learned nugget,Matern,2.5,True,54,sim_00055,55,82.31964,88.68372609692939,-6.364086096929384,6.364086096929384,40.50159184912988,2.536683787015345,6.434764635306512,7.1321168357456415,50.867090558726424,7.1321168357456415,total predictive variance including learned WhiteKernel nugget,4.9968881063155095,3.2816585514391043,3.2816585514391043,83.71182587437931,93.65562631947947,74.70477709886794,102.66267509499085,False,True,"1.55**2 * Matern(length_scale=3.08, nu=2.5) + WhiteKernel(noise_level=0.133)",2.411835947030105,3.084751791371532,0.13271463480279677,0.36430019874108877,44.4323259234199,6.665757715625427,0.36430019874108877,0.08321152374970081,80.106185,False,1e-08,numerical jitter only; separate from WhiteKernel nugget,240,241,True,False,False,False,True,True,False,"[""P"",""VX"",""LS"",""ST""]",79.73194099999583,18.297430906324696,"[158.1977150049029,0.6171998609594332,64.6405991037242,348.335743092454]","[53.076346841455965,0.24079630342926744,13.402609498875245,32.41852745346964]",90094DD588FB98F6D76A65EB27EDE4E724109FE9F684EF502AB418E027933365,153.721476211,0.579411174254,74.9286492013,383.484527945,3455433650,fmin_l_bfgs_b,1,-161.5733826457707,1.2558461000444368,0,0,,completed_without_convergence_warning,False,False,,False,,False,,False
phase4_new_response_compact,Phase 3B,F7F71204D643D1027D0FF4736F24213619BF6A09C2361C3C11F169797AC98A9C,944FFDF12B36D558FD8E5E53911BBA42AFDAA7B3B4676E82EAF7F6253420B58A,total_height,T0 total vertical melt-pool height,T0,matern52_learned_nugget,Matérn 5/2 + learned nugget,Matern,2.5,True,55,sim_00056,56,70.77014499999999,74.34421736151249,-3.5740723615125063,3.5740723615125063,12.773993245327583,2.7099145110652154,7.3436366572818255,7.206245894535724,51.929979892512975,7.206245894535724,total predictive variance including learned WhiteKernel nugget,2.7855877342701243,3.0168791410079625,3.0168791410079625,69.03278491982466,79.65564980320032,60.219975408222474,88.46845931480252,True,True,"1.56**2 * Matern(length_scale=3.1, nu=2.5) + WhiteKernel(noise_level=0.133)",2.429332808362634,3.09651635411272,0.13329771751596722,0.3650995994464623,44.58634323523115,6.677300594943374,0.3650995994464623,0.08335561848243521,80.106185,False,1e-08,numerical jitter only; separate from WhiteKernel nugget,240,241,True,False,False,False,True,True,False,"[""P"",""VX"",""LS"",""ST""]",79.78006389582917,18.288983622734772,"[158.19003746303207,0.6159362228636,64.69716086005086,348.6204663220624]","[53.07686050809345,0.24019479160724883,13.417255560119282,32.42590090990646]",341E84805911D3A98FECAE44BE20585374673721005F42BD23FFF76578104F18,155.56408626,0.882684317254,61.3538276829,315.150952839,3852950264,fmin_l_bfgs_b,1,-161.88717504606296,1.0943121999735013,0,0,,completed_without_convergence_warning,False,False,,False,,False,,False
phase4_new_response_compact,Phase 3B,F7F71204D643D1027D0FF4736F24213619BF6A09C2361C3C11F169797AC98A9C,944FFDF12B36D558FD8E5E53911BBA42AFDAA7B3B4676E82EAF7F6253420B58A,total_height,T0 total vertical melt-pool height,T0,matern52_learned_nugget,Matérn 5/2 + learned nugget,Matern,2.5,True,56,sim_00057,57,84.50438,90.94619192355222,-6.441811923552223,6.441811923552223,41.496940858419585,3.6370901128791755,13.228424489203453,7.592826189039843,57.651009536969305,7.592826189039843,total predictive variance including learned WhiteKernel nugget,3.778598785553277,3.306040193650834,3.306040193650834,83.81749530230904,98.0748885447954,76.06425259303413,105.82813125407031,True,True,"1.56**2 * Matern(length_scale=3.09, nu=2.5) + WhiteKernel(noise_level=0.133)",2.429984296040654,3.0915705297585796,0.13271213127148682,0.36429676264206196,44.42258504776586,6.665027010280293,0.36429676264206196,0.08320240204024562,80.106185,False,1e-08,numerical jitter only; separate from WhiteKernel nugget,240,241,True,False,False,False,True,True,False,"[""P"",""VX"",""LS"",""ST""]",79.7228379166625,18.29559769332615,"[158.17820324084872,0.6174017377762916,64.60113050914086,348.362035303779]","[53.07712804788169,0.24074422246769622,13.358233755353362,32.44445410604073]",2636D2EA8DA0FA9D07C49291FD1E9B6F88E18055D5947F0DDBA61EA7CC50311F,158.404299584,0.530960738208,84.4011119013,377.174397227,2069387809,fmin_l_bfgs_b,1,-161.5853888148505,2.1542750999797136,0,0,,completed_without_convergence_warning,False,False,,False,,False,,False
phase4_new_response_compact,Phase 3B,F7F71204D643D1027D0FF4736F24213619BF6A09C2361C3C11F169797AC98A9C,944FFDF12B36D558FD8E5E53911BBA42AFDAA7B3B4676E82EAF7F6253420B58A,total_height,T0 total vertical melt-pool height,T0,matern52_learned_nugget,Matérn 5/2 + learned nugget,Matern,2.5,True,57,sim_00058,58,119.21505,75.86344774547126,43.35160225452874,43.35160225452874,1879.3614180348616,2.701042770439236,7.295632047742064,6.447475227394171,41.56993680786152,6.447475227394171,total predictive variance including learned WhiteKernel nugget,130.71302894220895,25.387441618470667,25.387441618470667,70.56940391541036,81.15749157553216,63.226396299778685,88.50049919116384,False,False,"1.62**2 * Matern(length_scale=3, nu=2.5) + WhiteKernel(noise_level=0.104)",2.617659803061806,2.997769764800941,0.10439782993972804,0.32310653032665254,34.274304760119456,5.854426082898259,0.32310653032665254,0.07308332162988737,80.106185,False,1e-08,numerical jitter only; separate from WhiteKernel nugget,240,241,True,False,False,False,True,True,False,"[""P"",""VX"",""LS"",""ST""]",79.57821012499583,18.11918216874039,"[158.17666720099038,0.6164648133479417,64.70334910314003,348.61946099597486]","[53.077116148161195,0.24064123009189184,13.415369510741597,32.426934819608576]",9797B797A182415F1B6A916A219C4C210EA5393B833B5E8832CE52C4A8064AD0,158.77294915,0.755822601012,59.8686493415,315.3922311,1739709237,fmin_l_bfgs_b,1,-144.43099077583963,1.0095081999897957,0,0,,completed_without_convergence_warning,False,False,,False,,False,,False
phase4_new_response_compact,Phase 3B,F7F71204D643D1027D0FF4736F24213619BF6A09C2361C3C11F169797AC98A9C,944FFDF12B36D558FD8E5E53911BBA42AFDAA7B3B4676E82EAF7F6253420B58A,total_height,T0 total vertical melt-pool height,T0,matern52_learned_nugget,Matérn 5/2 + learned nugget,Matern,2.5,True,58,sim_00059,59,94.3093,92.7099676591661,1.5993323408338966,1.5993323408338966,2.5578639364372315,3.0934900905797544,9.569680940515138,7.372422132600519,54.352608101257985,7.372422132600519,total predictive variance including learned WhiteKernel nugget,2.1818826256187718,2.9402151107925625,2.9402151107925625,86.64672708162978,98.77320823670242,78.26002027926909,107.15991503906311,True,True,"1.57**2 * Matern(length_scale=3.12, nu=2.5) + WhiteKernel(noise_level=0.134)",2.458185741347553,3.1166071747094204,0.13410632982802226,0.3662053110319705,44.782927160742844,6.692004719121383,0.3662053110319705,0.08353917639594724,80.106185,False,1e-08,numerical jitter only; separate from WhiteKernel nugget,240,241,True,False,False,False,True,True,False,"[""P"",""VX"",""LS"",""ST""]",79.68198408332916,18.273914980269513,"[158.1742001348279,0.6176737159749833,64.71454541773502,348.5366336435748]","[53.0770746146133,0.24060950361735162,13.41020754212048,32.48625862593653]",79B95B582952D97941394C26257CC8A6192FE67D83DEA2E9AC3EEBDB7EA3A6BC,159.365045029,0.465685970522,57.1815338387,335.270795676,2364096795,fmin_l_bfgs_b,1,-162.16844499849475,1.2167846000520512,0,0,,completed_without_convergence_warning,False,False,,False,,False,,False
phase4_new_response_compact,Phase 3B,F7F71204D643D1027D0FF4736F24213619BF6A09C2361C3C11F169797AC98A9C,944FFDF12B36D558FD8E5E53911BBA42AFDAA7B3B4676E82EAF7F6253420B58A,total_height,T0 total vertical melt-pool height,T0,matern52_learned_nugget,Matérn 5/2 + learned nugget,Matern,2.5,True,59,sim_00060,60,68.50958999999999,70.8433596328228,-2.3337696328228077,2.3337696328228077,5.446480699085902,3.0890040900755453,9.541946268503448,7.3666623461738565,54.26771412253571,7.3666623461738565,total predictive variance including learned WhiteKernel nugget,2.3321840103015083,2.966084859685897,2.966084859685897,64.78891161627473,76.89780764937086,56.404701434322035,85.28201783132356,True,True,"1.57**2 * Matern(length_scale=3.12, nu=2.5) + WhiteKernel(noise_level=0.134)",2.4711003114677226,3.1248026987726583,0.1337909903837923,0.36577450756414437,44.725767854032256,6.6877326392457,0.36577450756414437,0.08348584618335901,80.106185,False,1e-08,numerical jitter only; separate from WhiteKernel nugget,240,241,True,False,False,False,True,True,False,"[""P"",""VX"",""LS"",""ST""]",79.78948287499583,18.283758165057197,"[158.16923664466955,0.6156257805217874,64.72209003826794,348.41779574671233]","[53.07690732153559,0.23980135918544612,13.405457129916224,32.482402291987356]",4ADDB26F110E096DB21E7CD5FF57C9779CA99AA2F8F51991903499E2700B2BAF,160.556282667,0.957190479289,55.3708249108,363.791890923,2841693762,fmin_l_bfgs_b,1,-161.95467888819078,1.8962029999820516,0,0,,completed_without_convergence_warning,False,False,,False,,False,,False
phase4_new_response_compact,Phase 3B,F7F71204D643D1027D0FF4736F24213619BF6A09C2361C3C11F169797AC98A9C,944FFDF12B36D558FD8E5E53911BBA42AFDAA7B3B4676E82EAF7F6253420B58A,total_height,T0 total vertical melt-pool height,T0,matern52_learned_nugget,Matérn 5/2 + learned nugget,Matern,2.5,True,60,sim_00061,61,118.679365,88.3133555053564,30.366009494643606,30.366009494643606,922.0945326287856,2.4535528222516696,6.019921451579133,6.758150515549377,45.67259839082031,6.758150515549377,total predictive variance including learned WhiteKernel nugget,78.40339957513422,12.924302125862237,12.924302125862237,83.50439197374313,93.12231903696967,75.06738049487961,101.55933051583318,False,False,"1.58**2 * Matern(length_scale=3.05, nu=2.5) + WhiteKernel(noise_level=0.121)",2.492969795583402,3.0464892237366805,0.12071546608814747,0.3474413131568373,39.65267693924118,6.2970371556186,0.3474413131568373,0.07860862623302559,80.106185,False,1e-08,numerical jitter only; separate from WhiteKernel nugget,240,241,True,False,False,False,True,True,False,"[""P"",""VX"",""LS"",""ST""]",79.58044214582918,18.124031072770197,"[158.1644664047779,0.6172824373028624,64.6431281263442,348.35496056258313]","[53.07664112633825,0.24077993167746867,13.404493178666309,32.43798482810248]",333AD5CC055AF3189C42EB055B5AF19981757DDF82639F9D18C09EEFD6A0C95F,161.701140241,0.559592851831,74.3216837725,378.872335114,778935183,fmin_l_bfgs_b,1,-154.70873383594423,0.7974852999905124,0,0,,completed_without_convergence_warning,False,False,,False,,False,,False
phase4_new_response_compact,Phase 3B,F7F71204D643D1027D0FF4736F24213619BF6A09C2361C3C11F169797AC98A9C,944FFDF12B36D558FD8E5E53911BBA42AFDAA7B3B4676E82EAF7F6253420B58A,total_height,T0 total vertical melt-pool height,T0,matern52_learned_nugget,Matérn 5/2 + learned nugget,Matern,2.5,True,61,sim_00062,62,94.23255,89.09931777777062,5.133232222229381,5.133232222229381,26.35007304733399,3.5943614629774863,12.919434326537655,7.590782171062718,57.619973968523624,7.590782171062718,total predictive variance including learned WhiteKernel nugget,3.2180892085173465,3.174527154716769,3.174527154716769,82.05436931033475,96.1442662452065,74.2213847224877,103.97725083305355,True,True,"1.56**2 * Matern(length_scale=3.11, nu=2.5) + WhiteKernel(noise_level=0.134)",2.445013469132003,3.1134925058278196,0.1338558731503823,0.36586318911634486,44.70053964198597,6.685846217344965,0.36586318911634486,0.08346229716650425,80.106185,False,1e-08,numerical jitter only; separate from WhiteKernel nugget,240,241,True,False,False,False,True,True,False,"[""P"",""VX"",""LS"",""ST""]",79.68230387499582,18.274170280680682,"[158.15856501914874,0.6177050277203625,64.62933319090003,348.64548668367905]","[53.07616882887162,0.24058923281247338,13.392816914953565,32.39773666015443]",AA71CBE924725BBF95AC18277AD00C80B1F2F27479348E01F8D5382ADEC6DADF,163.117472792,0.458171151631,77.63246827910001,309.146066051,2751999995,fmin_l_bfgs_b,1,-161.98065269913263,1.6848398000001907,0,0,,completed_without_convergence_warning,False,False,,False,,False,,False
phase4_new_response_compact,Phase 3B,F7F71204D643D1027D0FF4736F24213619BF6A09C2361C3C11F169797AC98A9C,944FFDF12B36D558FD8E5E53911BBA42AFDAA7B3B4676E82EAF7F6253420B58A,total_height,T0 total vertical melt-pool height,T0,matern52_learned_nugget,Matérn 5/2 + learned nugget,Matern,2.5,True,62,sim_00063,63,68.79976,73.61582318047058,-4.816063180470579,4.816063180470579,23.194464558284384,3.1562938771874407,9.962191039170927,7.387506061764503,54.57524581260728,7.387506061764503,total predictive variance including learned WhiteKernel nugget,3.232461711122615,3.13122859986058,3.13122859986058,67.4294871811832,79.80215917975796,59.13631129941216,88.09533506152901,True,True,"1.56**2 * Matern(length_scale=3.11, nu=2.5) + WhiteKernel(noise_level=0.133)",2.44316756877963,3.1101117001217466,0.1334430774822162,0.36529861412578096,44.61305477343635,6.679300470366366,0.36529861412578096,0.08338058378845986,80.106185,False,1e-08,numerical jitter only; separate from WhiteKernel nugget,240,241,True,False,False,False,True,True,False,"[""P"",""VX"",""LS"",""ST""]",79.78827383332916,18.28449441657757,"[158.15763091098205,0.6156895985064458,64.7253993645592,348.640753986079]","[53.076079574059456,0.23989019629702218,13.403049979074732,32.403422972062216]",2534FD693271C3F6497F70E3814EAA2A5F7959826E4A94CB4E4AE11647F58531,163.341658752,0.941874162971,54.5765866009,310.281913475,188837338,fmin_l_bfgs_b,1,-161.8251251587061,1.3593736999901012,0,0,,completed_without_convergence_warning,False,False,,False,,False,,False
phase4_new_response_compact,Phase 3B,F7F71204D643D1027D0FF4736F24213619BF6A09C2361C3C11F169797AC98A9C,944FFDF12B36D558FD8E5E53911BBA42AFDAA7B3B4676E82EAF7F6253420B58A,total_height,T0 total vertical melt-pool height,T0,matern52_learned_nugget,Matérn 5/2 + learned nugget,Matern,2.5,True,63,sim_00064,64,85.82342,94.84490324006157,-9.02148324006157,9.02148324006157,81.38715985071181,3.671691154555911,13.48131593444412,7.606384968007773,57.857092281534605,7.606384968007773,total predictive variance including learned WhiteKernel nugget,5.238107789960919,3.651272995854985,3.651272995854985,87.64838857713198,102.04141790299116,79.93638870276634,109.7534177773568,False,True,"1.57**2 * Matern(length_scale=3.12, nu=2.5) + WhiteKernel(noise_level=0.133)",2.4739249087429265,3.117892307396018,0.13259599437874428,0.3641373290102846,44.37577634709049,6.6615145685565,0.3641373290102846,0.08315855471779739,80.106185,False,1e-08,numerical jitter only; separate from WhiteKernel nugget,240,241,True,False,False,False,True,True,False,"[""P"",""VX"",""LS"",""ST""]",79.71734191666249,18.293962298955496,"[158.14587022627376,0.6174698905356125,64.67348427364294,348.6712723905706]","[53.074616851326596,0.24071742535561108,13.418120741742591,32.3638078443994]",C753880186047F4D92EBC52B31AF97AF6A7A477B29FAA21363F0730E80B1E7A6,166.164223082,0.514604075971,67.0362084208,302.957496397,2478184125,fmin_l_bfgs_b,1,-161.255953701297,1.6404847000958398,0,0,,completed_without_convergence_warning,False,False,,False,,False,,False
phase4_new_response_compact,Phase 3B,F7F71204D643D1027D0FF4736F24213619BF6A09C2361C3C11F169797AC98A9C,944FFDF12B36D558FD8E5E53911BBA42AFDAA7B3B4676E82EAF7F6253420B58A,total_height,T0 total vertical melt-pool height,T0,matern52_learned_nugget,Matérn 5/2 + learned nugget,Matern,2.5,True,64,sim_00065,65,73.68124,72.4839599105609,1.1972800894391042,1.1972800894391042,1.4334796125673095,2.88535924225692,8.325297956877428,7.289853302102996,53.14196116618195,7.289853302102996,total predictive variance including learned WhiteKernel nugget,2.0646797364731087,2.9189092226123035,2.9189092226123035,66.82865579573733,78.13926402538446,58.195847438439024,86.77207238268277,True,True,"1.57**2 * Matern(length_scale=3.13, nu=2.5) + WhiteKernel(noise_level=0.134)",2.4710676870203625,3.1310319620454887,0.13391298359235895,0.36594122969728204,44.816663209304515,6.6945248680772345,0.36594122969728204,0.08357063650050536,80.106185,False,1e-08,numerical jitter only; separate from WhiteKernel nugget,240,241,True,False,False,False,True,True,False,"[""P"",""VX"",""LS"",""ST""]",79.76793433332917,18.29398910206197,"[158.14399313247375,0.615731719872275,64.7163119008517,348.41665905261647]","[53.074325265191085,0.23994657191483162,13.40918716461643,32.48185949083532]",803547B1FBFF5762B46954AE5969B75BBC5ECA65B9B8604983C5829472D7135B,166.614725594,0.931765035172,56.7575778907,364.064697506,189289197,fmin_l_bfgs_b,1,-161.87696618823537,1.5839877999387681,0,0,,completed_without_convergence_warning,False,False,,False,,False,,False
phase4_new_response_compact,Phase 3B,F7F71204D643D1027D0FF4736F24213619BF6A09C2361C3C11F169797AC98A9C,944FFDF12B36D558FD8E5E53911BBA42AFDAA7B3B4676E82EAF7F6253420B58A,total_height,T0 total vertical melt-pool height,T0,matern52_learned_nugget,Matérn 5/2 + learned nugget,Matern,2.5,True,65,sim_00066,66,93.693335,92.05336238490324,1.6399726150967666,1.6399726150967666,2.6895101782673274,2.9260673021824424,8.561869856901236,7.308373323691713,53.412320638448655,7.308373323691713,total predictive variance including learned WhiteKernel nugget,2.149661085020679,2.933136125339077,2.933136125339077,86.31827047262566,97.78845429718082,77.72895067046748,106.37777409933899,True,True,"1.57**2 * Matern(length_scale=3.13, nu=2.5) + WhiteKernel(noise_level=0.134)",2.469950775471835,3.127889582445399,0.13427898199055585,0.3664409665833719,44.850450781547416,6.697047915428665,0.3664409665833719,0.08360213278698349,80.106185,False,1e-08,numerical jitter only; separate from WhiteKernel nugget,240,241,True,False,False,False,True,True,False,"[""P"",""VX"",""LS"",""ST""]",79.68455060416251,18.275925800192883,"[158.1408523857404,0.6175936040676457,64.62670879033253,348.5745400837873]","[53.07380159938412,0.24065688971891847,13.39020665131713,32.46544294561761]",5A79EA16A00331B86750CB55D8021475D86BF99EE25A9FB63472355BC135AE11,167.36850481,0.484912828283,78.2623244153,326.173250025,1662698173,fmin_l_bfgs_b,1,-162.1759158199941,1.6475419000489637,0,0,,completed_without_convergence_warning,False,False,,False,,False,,False
phase4_new_response_compact,Phase 3B,F7F71204D643D1027D0FF4736F24213619BF6A09C2361C3C11F169797AC98A9C,944FFDF12B36D558FD8E5E53911BBA42AFDAA7B3B4676E82EAF7F6253420B58A,total_height,T0 total vertical melt-pool height,T0,matern52_learned_nugget,Matérn 5/2 + learned nugget,Matern,2.5,True,66,sim_00067,67,95.021635,92.25548590884826,2.766149091151746,2.766149091151746,7.6515807944796315,2.5988653703819544,6.754101213370533,7.186463336209161,51.6452552826785,7.186463336209161,total predictive variance including learned WhiteKernel nugget,2.440453088098807,2.9652159525748507,2.9652159525748507,87.16170978289962,97.3492620347969,78.1700177698783,106.34095404781822,True,True,"1.57**2 * Matern(length_scale=3.14, nu=2.5) + WhiteKernel(noise_level=0.134)",2.4793217040298843,3.138152075444396,0.1344662432459864,0.36669639110030305,44.89115406930798,6.700086124021689,0.36669639110030305,0.08364006005306193,80.106185,False,1e-08,numerical jitter only; separate from WhiteKernel nugget,240,241,True,False,False,False,True,True,False,"[""P"",""VX"",""LS"",""ST""]",79.67901602082917,18.271480948905776,"[158.1391387767779,0.617986656700275,64.68370471488711,348.28837500021234]","[53.07349699566796,0.24036265378191513,13.41898230748494,32.35877500879813]",0B420939EB884A56BE4001F0FC13E8D9E5CF37B54E8C333B27910AB58173F0AD,167.779770961,0.390580196452,64.5833025222,394.852870083,2289158739,fmin_l_bfgs_b,1,-162.20825479104616,1.4364935000194237,0,0,,completed_without_convergence_warning,False,False,,False,,False,,False
phase4_new_response_compact,Phase 3B,F7F71204D643D1027D0FF4736F24213619BF6A09C2361C3C11F169797AC98A9C,944FFDF12B36D558FD8E5E53911BBA42AFDAA7B3B4676E82EAF7F6253420B58A,total_height,T0 total vertical melt-pool height,T0,matern52_learned_nugget,Matérn 5/2 + learned nugget,Matern,2.5,True,67,sim_00068,68,106.7683149999,70.35018002600088,36.418134973899114,36.418134973899114,1326.2805549771338,3.0795442547276983,9.483592816826375,6.914207807534522,47.80626960577134,6.914207807534522,total predictive variance including learned WhiteKernel nugget,71.96872539821749,16.723925073148692,16.723925073148692,64.31427328673459,76.38608676526718,56.79833272323322,83.90202732876855,False,False,"1.62**2 * Matern(length_scale=3.13, nu=2.5) + WhiteKernel(noise_level=0.116)",2.6328219152111503,3.1261176810787563,0.11551053315393033,0.33986840564243437,38.322676788944975,6.190531220254443,0.33986840564243437,0.07727906678185266,80.106185,False,1e-08,numerical jitter only; separate from WhiteKernel nugget,240,241,True,False,False,False,True,True,False,"[""P"",""VX"",""LS"",""ST""]",79.63007152082959,18.214494544006897,"[158.12472345862372,0.6155741418875916,64.64416613489001,348.32979346531226]","[53.070406609070716,0.2397264552775122,13.405232954170392,32.41194451108173]",B01CF3F5F11F735A3D5360142153FDCC16DDDB8B4A693F81403E6BE76D7D18C3,171.239447318,0.969583751496,74.0725617215,384.912438459,2938137747,fmin_l_bfgs_b,1,-150.0344123687492,1.6042290000477806,0,0,,completed_without_convergence_warning,False,False,,False,,False,,False
phase4_new_response_compact,Phase 3B,F7F71204D643D1027D0FF4736F24213619BF6A09C2361C3C11F169797AC98A9C,944FFDF12B36D558FD8E5E53911BBA42AFDAA7B3B4676E82EAF7F6253420B58A,total_height,T0 total vertical melt-pool height,T0,matern52_learned_nugget,Matérn 5/2 + learned nugget,Matern,2.5,True,68,sim_00069,69,82.81033000000001,81.42781549496206,1.3825145050379462,1.3825145050379462,1.9113463566403173,3.326513593224374,11.065692685906535,7.465821562369735,55.738491601144865,7.465821562369735,total predictive variance including learned WhiteKernel nugget,2.2072269307177628,2.946419672526877,2.946419672526877,74.9078488522423,87.94778213768183,66.79480523271738,96.06082575720674,True,True,"1.57**2 * Matern(length_scale=3.12, nu=2.5) + WhiteKernel(noise_level=0.133)",2.4569793494086514,3.1162992118093906,0.13343752091765335,0.3652910085365548,44.67279891523833,6.683771309316195,0.3652910085365548,0.08343639519615365,80.106185,False,1e-08,numerical jitter only; separate from WhiteKernel nugget,240,241,True,False,False,False,True,True,False,"[""P"",""VX"",""LS"",""ST""]",79.72989645832916,18.297114227073422,"[158.12412723818207,0.6186407161046501,64.6950397197292,348.4536446536874]","[53.07025846412278,0.2395279365385799,13.417743692858112,32.49459998120398]",B60BF786DA9DC7A389E3AAB4F3FF9C9E24937FC8BD417A47F3703102521BCCD1,171.382540224,0.233605939402,61.8629013601,355.188153249,2098828596,fmin_l_bfgs_b,1,-161.7599985948983,2.092345800017938,0,0,,completed_without_convergence_warning,False,False,,False,,False,,False
phase4_new_response_compact,Phase 3B,F7F71204D643D1027D0FF4736F24213619BF6A09C2361C3C11F169797AC98A9C,944FFDF12B36D558FD8E5E53911BBA42AFDAA7B3B4676E82EAF7F6253420B58A,total_height,T0 total vertical melt-pool height,T0,matern52_learned_nugget,Matérn 5/2 + learned nugget,Matern,2.5,True,69,sim_00070,70,71.56308,74.52304544909819,-2.959965449098192,2.959965449098192,8.761395459855061,2.855771004922733,8.155428032557397,7.271439397541825,52.873830912123424,7.271439397541825,total predictive variance including learned WhiteKernel nugget,2.5054315666182063,2.9857447037212195,2.9857447037212195,68.92573427944963,80.12035661874675,60.271024229916215,88.77506666828018,True,True,"1.57**2 * Matern(length_scale=3.12, nu=2.5) + WhiteKernel(noise_level=0.134)",2.470194147750402,3.1240525930257803,0.13366978936669527,0.3656087927918245,44.71840287956603,6.68718198343413,0.3656087927918245,0.0834789721097582,80.106185,False,1e-08,numerical jitter only; separate from WhiteKernel nugget,240,241,True,False,False,False,True,True,False,"[""P"",""VX"",""LS"",""ST""]",79.77675999999583,18.290539273878384,"[158.12207292499457,0.6157936681913416,64.67513969191545,348.52385701007074]","[53.06973565521754,0.2400262235231237,13.418387622762568,32.4908701576498]",2C5AB838B69EF6991AB9DC4D3FC58CA9BAC9608A6FBD41636B23B0B9B21E2916,171.875575389,0.916897438596,66.6389080354,338.337187717,1884770135,fmin_l_bfgs_b,1,-161.8514416233433,1.2550472000148147,0,0,,completed_without_convergence_warning,False,False,,False,,False,,False
phase4_new_response_compact,Phase 3B,F7F71204D643D1027D0FF4736F24213619BF6A09C2361C3C11F169797AC98A9C,944FFDF12B36D558FD8E5E53911BBA42AFDAA7B3B4676E82EAF7F6253420B58A,total_height,T0 total vertical melt-pool height,T0,matern52_learned_nugget,Matérn 5/2 + learned nugget,Matern,2.5,True,70,sim_00071,71,82.53554,81.35491912831708,1.180620871682919,1.180620871682919,1.3938656426533353,3.0340572050178936,9.205503123320993,7.34453810489761,53.942239974292974,7.34453810489761,total predictive variance including learned WhiteKernel nugget,2.1045475500540425,2.925815438163341,2.925815438163341,75.408167006482,87.30167125015215,66.95962444271777,95.75021381391639,True,True,"1.57**2 * Matern(length_scale=3.13, nu=2.5) + WhiteKernel(noise_level=0.134)",2.4709224022075955,3.127795564936804,0.13362581394082185,0.3655486478443353,44.73673685097198,6.688552672362832,0.3655486478443353,0.08349608300985538,80.106185,False,1e-08,numerical jitter only; separate from WhiteKernel nugget,240,241,True,False,False,False,True,True,False,"[""P"",""VX"",""LS"",""ST""]",79.7310414166625,18.297298353599917,"[158.1143838722904,0.6186531674855792,64.69291426369128,348.3356806183248]","[53.06760868378144,0.23950784243775555,13.418151744767801,32.41845970325067]",87A250E2DE9DC47DF9FCE576C64D8D89209760EE7EF1AD95E7A9F6B0842F1F68,173.720948038,0.230617607979,62.3730108092,383.499521736,73851171,fmin_l_bfgs_b,1,-161.81099017498966,2.8033099999884143,0,0,,completed_without_convergence_warning,False,False,,False,,False,,False
phase4_new_response_compact,Phase 3B,F7F71204D643D1027D0FF4736F24213619BF6A09C2361C3C11F169797AC98A9C,944FFDF12B36D558FD8E5E53911BBA42AFDAA7B3B4676E82EAF7F6253420B58A,total_height,T0 total vertical melt-pool height,T0,matern52_learned_nugget,Matérn 5/2 + learned nugget,Matern,2.5,True,71,sim_00072,72,72.52207,75.45406359135801,-2.931993591358008,2.931993591358008,8.596586419764431,3.529966026011524,12.460660144795591,7.5486971215104965,56.982828232300854,7.5486971215104965,total predictive variance including learned WhiteKernel nugget,2.525175856272681,3.015744892079342,3.015744892079342,68.53533018037542,82.37279700234059,60.65861723319743,90.24950994951858,True,True,"1.56**2 * Matern(length_scale=3.09, nu=2.5) + WhiteKernel(noise_level=0.133)",2.4266527975075824,3.0930840267038247,0.1330586383289336,0.3647720361115057,44.522168087505264,6.67249339359023,0.3647720361115057,0.08329560811802772,80.106185,False,1e-08,numerical jitter only; separate from WhiteKernel nugget,240,241,True,False,False,False,True,True,False,"[""P"",""VX"",""LS"",""ST""]",79.77276420832916,18.292228386582085,"[158.11268739494042,0.6154706457892917,64.6442958768396,348.40210663733313]","[53.067103232070096,0.23956818377155417,13.405324054855175,32.47406234569295]",B8518609567E926EB261E0BABA8CA596CAB8733E8F20A58C8C455A7F6B10DC8C,174.128102602,0.994422815088,74.0414236536,367.557277174,1720051519,fmin_l_bfgs_b,1,-161.77888172495693,1.0851245999801904,0,0,,completed_without_convergence_warning,False,False,,False,,False,,False
phase4_new_response_compact,Phase 3B,F7F71204D643D1027D0FF4736F24213619BF6A09C2361C3C11F169797AC98A9C,944FFDF12B36D558FD8E5E53911BBA42AFDAA7B3B4676E82EAF7F6253420B58A,total_height,T0 total vertical melt-pool height,T0,matern52_learned_nugget,Matérn 5/2 + learned nugget,Matern,2.5,True,72,sim_00073,73,88.679415,92.83340781548984,-4.153992815489829,4.153992815489829,17.255656311141117,3.123118054953909,9.753866385179087,7.384187802284151,54.52622949940204,7.384187802284151,total predictive variance including learned WhiteKernel nugget,2.942325092207187,3.076512083818512,3.076512083818512,86.71209642778017,98.9547192031995,78.3603997230129,107.30641590796677,True,True,"1.57**2 * Matern(length_scale=3.13, nu=2.5) + WhiteKernel(noise_level=0.134)",2.4685892688438313,3.1265217236229987,0.1338527790953852,0.36585896066023205,44.77236311422294,6.691215368991118,0.36585896066023205,0.0835293225983876,80.106185,False,1e-08,numerical jitter only; separate from WhiteKernel nugget,240,241,True,False,False,False,True,True,False,"[""P"",""VX"",""LS"",""ST""]",79.70544193749583,18.289056954942684,"[158.1035614869904,0.6172049532872916,64.71079110920377,348.2962736975498]","[53.06415988239191,0.24079549130096103,13.412189678325284,32.36990704229088]",E172EF945B92249EFA67E6271A4F1CD5B6FD60535235A229DB222FE437BA1AD5,176.31832051,0.578189015568,58.0825678862,392.957182722,4222533351,fmin_l_bfgs_b,1,-161.9010944606121,1.63991570007056,0,0,,completed_without_convergence_warning,False,False,,False,,False,,False
phase4_new_response_compact,Phase 3B,F7F71204D643D1027D0FF4736F24213619BF6A09C2361C3C11F169797AC98A9C,944FFDF12B36D558FD8E5E53911BBA42AFDAA7B3B4676E82EAF7F6253420B58A,total_height,T0 total vertical melt-pool height,T0,matern52_learned_nugget,Matérn 5/2 + learned nugget,Matern,2.5,True,73,sim_00074,74,82.12762500000001,82.76668440513873,-0.639059405138724,0.639059405138724,0.4083969232962597,2.6048889638529356,6.78544651400282,7.184501372152746,51.61705996646469,7.184501372152746,total predictive variance including learned WhiteKernel nugget,1.906422175661398,2.894820678468215,2.894820678468215,77.66110203598699,87.87226677429048,68.68506171571936,96.84830709455811,True,True,"1.57**2 * Matern(length_scale=3.12, nu=2.5) + WhiteKernel(noise_level=0.134)",2.4608418377245944,3.1236276821309317,0.13390566981197358,0.3659312364529347,44.83161345246188,6.6956413772290615,0.3659312364529347,0.08358457436500143,80.106185,False,1e-08,numerical jitter only; separate from WhiteKernel nugget,240,241,True,False,False,False,True,True,False,"[""P"",""VX"",""LS"",""ST""]",79.73274106249583,18.297539838718418,"[158.10217977590708,0.6163840172257208,64.67875097034461,348.4335033005873]","[53.063681259934796,0.240591166153765,13.418799009681855,32.48892082307571]",4929B1E71942D1548254592E083BA60C9E175F6761E0E4EE5C53EEBA044090AC,176.64993117,0.775213670345,65.7722012124,360.022077993,3051176833,fmin_l_bfgs_b,1,-161.8968916036196,2.181594099965878,0,0,,completed_without_convergence_warning,False,False,,False,,False,,False
phase4_new_response_compact,Phase 3B,F7F71204D643D1027D0FF4736F24213619BF6A09C2361C3C11F169797AC98A9C,944FFDF12B36D558FD8E5E53911BBA42AFDAA7B3B4676E82EAF7F6253420B58A,total_height,T0 total vertical melt-pool height,T0,matern52_learned_nugget,Matérn 5/2 + learned nugget,Matern,2.5,True,74,sim_00075,75,80.61718,81.14189462977397,-0.5247146297739675,0.5247146297739675,0.2753254426988318,2.797302947508933,7.824903780142163,7.257106866532946,52.66560007227964,7.257106866532946,total predictive variance including learned WhiteKernel nugget,1.965187149521384,2.9035336814612345,2.9035336814612345,75.65918085265646,86.62460840689148,66.9179651713694,95.36582408817854,True,True,"1.57**2 * Matern(length_scale=3.13, nu=2.5) + WhiteKernel(noise_level=0.134)",2.4650662088565163,3.127190098970866,0.13392455913288334,0.36595704547512586,44.84069629213747,6.69631960797403,0.36595704547512586,0.0835930410114279,80.106185,False,1e-08,numerical jitter only; separate from WhiteKernel nugget,240,241,True,False,False,False,True,True,False,"[""P"",""VX"",""LS"",""ST""]",79.73903458332917,18.298102716618363,"[158.09710134359457,0.6163439663060541,64.7290761173171,348.35536217482894]","[53.061847558783064,0.24056392103039265,13.400144082427818,32.43836206005785]",B0CD456EE617916651EC581422CA6C17A3BF21C954F44C52F6C9D94DD77EF556,177.868754925,0.784825891065,53.694165939,378.775948175,2263197625,fmin_l_bfgs_b,1,-161.91408190476562,2.689954400062561,0,0,,completed_without_convergence_warning,False,False,,False,,False,,False
phase4_new_response_compact,Phase 3B,F7F71204D643D1027D0FF4736F24213619BF6A09C2361C3C11F169797AC98A9C,944FFDF12B36D558FD8E5E53911BBA42AFDAA7B3B4676E82EAF7F6253420B58A,total_height,T0 total vertical melt-pool height,T0,matern52_learned_nugget,Matérn 5/2 + learned nugget,Matern,2.5,True,75,sim_00076,76,87.105235,90.95636967132572,-3.851134671325724,3.851134671325724,14.831238256687092,2.765664504738679,7.648900152771443,7.237024348763827,52.37452142460049,7.237024348763827,total predictive variance including learned WhiteKernel nugget,2.9057208301411293,3.039736947389782,3.039736947389782,85.5356672420379,96.37707210061353,76.77180194774861,105.14093739490282,True,True,"1.56**2 * Matern(length_scale=3.11, nu=2.5) + WhiteKernel(noise_level=0.134)",2.440257672296997,3.1099216703121737,0.13367013709758652,0.36560926834201907,44.725621271829034,6.687721680200892,0.36560926834201907,0.08348570937688385,80.106185,False,1e-08,numerical jitter only; separate from WhiteKernel nugget,240,241,True,False,False,False,True,True,False,"[""P"",""VX"",""LS"",""ST""]",79.71200102082918,18.291991640498242,"[158.0896746409154,0.6168478499347833,64.67570348435127,348.5746778223498]","[53.05895492177852,0.24078953689755506,13.418467278547972,32.46534783488296]",B543FE9FF20212E4870C44D2D9CA5CC307AFA35715DC9E976F75BBBB8AA1C247,179.651163568,0.66389382017,66.5035978508,326.14019277,2707021965,fmin_l_bfgs_b,1,-161.85069183177296,0.6355611999752,0,0,,completed_without_convergence_warning,False,False,,False,,False,,False
phase4_new_response_compact,Phase 3B,F7F71204D643D1027D0FF4736F24213619BF6A09C2361C3C11F169797AC98A9C,944FFDF12B36D558FD8E5E53911BBA42AFDAA7B3B4676E82EAF7F6253420B58A,total_height,T0 total vertical melt-pool height,T0,matern52_learned_nugget,Matérn 5/2 + learned nugget,Matern,2.5,True,76,sim_00077,77,86.44223,95.39215442203933,-8.94992442203933,8.94992442203933,80.10114716021604,2.9224753708050755,8.540862292962263,7.2729681480549635,52.896065682622044,7.2729681480549635,total predictive variance including learned WhiteKernel nugget,6.680658751826389,3.6602590162526396,3.6602590162526396,89.66410269526138,101.12020614881727,81.1371368518516,109.64717199222706,False,True,"1.54**2 * Matern(length_scale=3.08, nu=2.5) + WhiteKernel(noise_level=0.133)",2.38404166907808,3.080161632447925,0.13254762720178742,0.364070909579147,44.35520338965978,6.659970224382373,0.364070909579147,0.08313927600449794,80.106185,False,1e-08,numerical jitter only; separate from WhiteKernel nugget,240,241,True,False,False,False,True,True,False,"[""P"",""VX"",""LS"",""ST""]",79.71476354166249,18.293057888313736,"[158.0832307891529,0.6169330595198708,64.72385270601127,348.5976362485249]","[53.05624197224228,0.24080255146542665,13.404199555691767,32.44752163992074]",B22F0DDDA7F885E4B2619D98AE26D1009B161DBE2EEDA2BFC37E6D9729CBD1AE,181.197687991,0.643443519749,54.9477846524,320.630170488,4094740911,fmin_l_bfgs_b,1,-161.23618055027774,1.5875238999724388,0,0,,completed_without_convergence_warning,False,False,,False,,False,,False
phase4_new_response_compact,Phase 3B,F7F71204D643D1027D0FF4736F24213619BF6A09C2361C3C11F169797AC98A9C,944FFDF12B36D558FD8E5E53911BBA42AFDAA7B3B4676E82EAF7F6253420B58A,total_height,T0 total vertical melt-pool height,T0,matern52_learned_nugget,Matérn 5/2 + learned nugget,Matern,2.5,True,77,sim_00078,78,91.2166,89.72206861484479,1.4945313851552129,1.4945313851552129,2.2336240612139595,2.7502556781445704,7.563906295166451,7.236665662755985,52.36932991451152,7.236665662755985,total predictive variance including learned WhiteKernel nugget,2.07828258182255,2.919424778466541,2.919424778466541,84.33156748568143,95.11256974400814,75.53820391584306,103.90593331384652,True,True,"1.57**2 * Matern(length_scale=3.13, nu=2.5) + WhiteKernel(noise_level=0.134)",2.4711296502262172,3.130164233604077,0.13403844389097075,0.36611261094227654,44.80542361934507,6.693685354074022,0.36611261094227654,0.08356015648571982,80.106185,False,1e-08,numerical jitter only; separate from WhiteKernel nugget,240,241,True,False,False,False,True,True,False,"[""P"",""VX"",""LS"",""ST""]",79.69487033332916,18.283132440716138,"[158.08316066636124,0.6183925831522082,64.68625825490835,348.30086489910394]","[53.0562114114035,0.23989554738143604,13.418904647921119,32.37616247064586]",D2E84CB7B06E6A4CB9E60A73890FB0CA17B76CC9D0469A13B68A850714BFE4FC,181.214517461,0.293157847988,63.9704529171,391.855294349,4255237552,fmin_l_bfgs_b,1,-162.05270513784632,1.2231136999325827,0,0,,completed_without_convergence_warning,False,False,,False,,False,,False
phase4_new_response_compact,Phase 3B,F7F71204D643D1027D0FF4736F24213619BF6A09C2361C3C11F169797AC98A9C,944FFDF12B36D558FD8E5E53911BBA42AFDAA7B3B4676E82EAF7F6253420B58A,total_height,T0 total vertical melt-pool height,T0,matern52_learned_nugget,Matérn 5/2 + learned nugget,Matern,2.5,True,78,sim_00079,79,81.8277,81.40638056441985,0.42131943558014484,0.42131943558014484,0.1775100667975718,2.8837861085624787,8.316222319937925,7.29040186818382,53.14995939961813,7.29040186818382,total predictive variance including learned WhiteKernel nugget,1.9887151031434331,2.907167102080281,2.907167102080281,75.75415979163739,87.0586013372023,67.11719290277956,95.69556822606013,True,True,"1.57**2 * Matern(length_scale=3.13, nu=2.5) + WhiteKernel(noise_level=0.134)",2.464997324908454,3.127304343349787,0.13390976922087808,0.3659368377478251,44.83373707968021,6.695799958158861,0.3659368377478251,0.08358655399903092,80.106185,False,1e-08,numerical jitter only; separate from WhiteKernel nugget,240,241,True,False,False,False,True,True,False,"[""P"",""VX"",""LS"",""ST""]",79.73399074999584,18.297693119305688,"[158.0769660072654,0.6163333559161708,64.74154358660294,348.3121180250082]","[53.053423447557975,0.2405564334035301,13.388474375928729,32.39082624397154]",38C728592D2FEFAB19BBD54E937ED498DA8FB6EC28BD14069CD9332EC5132341,182.701235644,0.787372384637,50.7019733104,389.154544132,4066328005,fmin_l_bfgs_b,1,-161.9439063258003,1.579552699928172,0,0,,completed_without_convergence_warning,False,False,,False,,False,,False
phase4_new_response_compact,Phase 3B,F7F71204D643D1027D0FF4736F24213619BF6A09C2361C3C11F169797AC98A9C,944FFDF12B36D558FD8E5E53911BBA42AFDAA7B3B4676E82EAF7F6253420B58A,total_height,T0 total vertical melt-pool height,T0,matern52_learned_nugget,Matérn 5/2 + learned nugget,Matern,2.5,True,79,sim_00080,80,75.77777999999999,75.5102431428226,0.2675368571773902,0.2675368571773902,0.07157596994835527,4.1111285188880204,16.901377698814407,7.854585570187659,61.69451447940019,7.854585570187659,total predictive variance including learned WhiteKernel nugget,2.334753562458155,2.980616127263326,2.980616127263326,67.45243124580209,83.56805503984312,60.11525542525479,90.90523086039042,True,True,"1.57**2 * Matern(length_scale=3.13, nu=2.5) + WhiteKernel(noise_level=0.134)",2.471846188750537,3.1310964311590417,0.13380752176775587,0.36579710464649096,44.793136780585776,6.692767497873041,0.36579710464649096,0.08354869849154646,80.106185,False,1e-08,numerical jitter only; separate from WhiteKernel nugget,240,241,True,False,False,False,True,True,False,"[""P"",""VX"",""LS"",""ST""]",79.75919874999585,18.296392762159726,"[158.0721081151154,0.615748509088325,64.75386533111002,348.2924432385415]","[53.05111504979482,0.23996854240577986,13.374179309423067,32.364567080553684]",38896D78AF14E798D69DA7C271146269516D7AD3F094CBEE1C468F63860E66D7,183.86712976,0.92773562332,47.7447546287,393.876492884,1298989330,fmin_l_bfgs_b,1,-161.86034844593823,1.2737777000293136,0,0,,completed_without_convergence_warning,False,False,,False,,False,,False
phase4_new_response_compact,Phase 3B,F7F71204D643D1027D0FF4736F24213619BF6A09C2361C3C11F169797AC98A9C,944FFDF12B36D558FD8E5E53911BBA42AFDAA7B3B4676E82EAF7F6253420B58A,total_height,T0 total vertical melt-pool height,T0,matern52_learned_nugget,Matérn 5/2 + learned nugget,Matern,2.5,True,80,sim_00081,81,79.90402,81.19384172175644,-1.2898217217564394,1.2898217217564394,1.6636400739147457,2.5052716851248387,6.276386216288249,7.1473823404915455,51.0850743211704,7.1473823404915455,total predictive variance including learned WhiteKernel nugget,1.969867403359111,2.9019677513354263,2.9019677513354263,76.28350921891176,86.10417422460112,67.18497233439301,95.20271110911987,True,True,"1.57**2 * Matern(length_scale=3.12, nu=2.5) + WhiteKernel(noise_level=0.134)",2.458437065596501,3.1236738252076566,0.13382772569417686,0.3658247199058271,44.80868810488215,6.693929197779294,0.3658247199058271,0.08356320049168856,80.106185,False,1e-08,numerical jitter only; separate from WhiteKernel nugget,240,241,True,False,False,False,True,True,False,"[""P"",""VX"",""LS"",""ST""]",79.74200608332917,18.29818717418136,"[158.0692436505154,0.6160483723272666,64.69786224045711,348.6128565142832]","[53.04970360643785,0.24031300016574073,13.417076369782633,32.433539536044634]",181A5C0C53A4B336130E6DD18A6836DDCFADB1FF8ED832E9BDC8D09C2ACC4DCE,184.554601264,0.855768445974,61.18549638540001,316.977306706,813245052,fmin_l_bfgs_b,1,-161.88388815037987,2.3932150000473484,0,0,,completed_without_convergence_warning,False,False,,False,,False,,False
phase4_new_response_compact,Phase 3B,F7F71204D643D1027D0FF4736F24213619BF6A09C2361C3C11F169797AC98A9C,944FFDF12B36D558FD8E5E53911BBA42AFDAA7B3B4676E82EAF7F6253420B58A,total_height,T0 total vertical melt-pool height,T0,matern52_learned_nugget,Matérn 5/2 + learned nugget,Matern,2.5,True,81,sim_00082,82,98.54723,100.69158547336431,-2.144355473364314,2.144355473364314,4.5982603961474915,2.5589506216207347,6.5482282838931445,7.159935297278483,51.264673461214315,7.159935297278483,total predictive variance including learned WhiteKernel nugget,2.2096430095548203,2.932287713915941,2.932287713915941,95.67604225498768,105.70712869174095,86.65811229069848,114.72505865603014,True,True,"1.57**2 * Matern(length_scale=3.11, nu=2.5) + WhiteKernel(noise_level=0.134)",2.451114699651362,3.1075869227612487,0.13414494476108083,0.36625803030251886,44.71644517732117,6.68703560460995,0.36625803030251886,0.0834771447998672,80.106185,False,1e-08,numerical jitter only; separate from WhiteKernel nugget,240,241,True,False,False,False,True,True,False,"[""P"",""VX"",""LS"",""ST""]",79.6643260416625,18.25771737779141,"[158.0631311062904,0.6175979177006833,64.68068965119419,348.31344140512067]","[53.04656692342115,0.24065450216531858,13.418923234366424,32.39248837005812]",890B4D85BC06CC98A22E3A773E44C2D657E74EB2F346A051CC47E6A918843C82,186.021611878,0.483877556354,65.3069178085,388.836932905,2422770514,fmin_l_bfgs_b,1,-162.42786862683363,1.1602365999715403,0,0,,completed_without_convergence_warning,False,False,,False,,False,,False
phase4_new_response_compact,Phase 3B,F7F71204D643D1027D0FF4736F24213619BF6A09C2361C3C11F169797AC98A9C,944FFDF12B36D558FD8E5E53911BBA42AFDAA7B3B4676E82EAF7F6253420B58A,total_height,T0 total vertical melt-pool height,T0,matern52_learned_nugget,Matérn 5/2 + learned nugget,Matern,2.5,True,82,sim_00083,83,81.75859,79.7787142840816,1.9798757159183964,1.9798757159183964,3.9199078504833826,2.9019544041842487,8.421339363964357,7.293573952280432,53.1962209973836,7.293573952280432,total predictive variance including learned WhiteKernel nugget,2.217059579748169,2.9427760695335583,2.9427760695335583,74.09088365188047,85.46654491628273,65.48330933761196,94.07411923055125,True,True,"1.57**2 * Matern(length_scale=3.13, nu=2.5) + WhiteKernel(noise_level=0.134)",2.467507530549897,3.1267831078450383,0.13373350563814054,0.3656959196356182,44.77488163341924,6.6914035622893975,0.3656959196356182,0.08353167189636353,80.106185,False,1e-08,numerical jitter only; separate from WhiteKernel nugget,240,241,True,False,False,False,True,True,False,"[""P"",""VX"",""LS"",""ST""]",79.73427870832917,18.297725522769724,"[158.05967548652788,0.6160908142270125,64.60296761015836,348.45738776537905]","[53.04471846233532,0.24035443054465422,13.360926047022724,32.495323776673864]",A9169F2BAA7133F9DA962B98EE6FFB50AF88786DA8B5E2B1AA8A541A7AAD0237,186.850960621,0.845582390035,83.9602076571,354.289806443,1691747575,fmin_l_bfgs_b,1,-161.8598352394381,3.6160646999487653,0,0,,completed_without_convergence_warning,False,False,,False,,False,,False
phase4_new_response_compact,Phase 3B,F7F71204D643D1027D0FF4736F24213619BF6A09C2361C3C11F169797AC98A9C,944FFDF12B36D558FD8E5E53911BBA42AFDAA7B3B4676E82EAF7F6253420B58A,total_height,T0 total vertical melt-pool height,T0,matern52_learned_nugget,Matérn 5/2 + learned nugget,Matern,2.5,True,83,sim_00084,84,78.72773000000001,79.66810037966934,-0.9403703796693321,0.9403703796693321,0.8842964509594439,2.5694854890934953,6.602255678662039,7.1697543275613,51.40537711758399,7.1697543275613,total predictive variance including learned WhiteKernel nugget,1.929613480596134,2.8974111290452997,2.8974111290452997,74.6319088210461,84.70429193829258,65.6153818976492,93.72081886168948,True,True,"1.57**2 * Matern(length_scale=3.13, nu=2.5) + WhiteKernel(noise_level=0.134)",2.4619042643069795,3.125873645003418,0.13381277901946528,0.36580429059739755,44.80312143892195,6.693513385279957,0.36580429059739755,0.08355800972521606,80.106185,False,1e-08,numerical jitter only; separate from WhiteKernel nugget,240,241,True,False,False,False,True,True,False,"[""P"",""VX"",""LS"",""ST""]",79.7469072916625,18.29807237730518,"[158.05196025831123,0.6158738463441291,64.64554404777795,348.42784972288314]","[53.04039544171588,0.24012355692386556,13.406184990442732,32.48678561145017]",EAE11CCACD8E0DB4B9159B8BD5EFFCEE4E4B6A01DCFF7C4B05ADCF3202B1B6FF,188.702615393,0.897654681927,73.7418626284,361.378936642,508939235,fmin_l_bfgs_b,1,-161.85621018279886,1.838561899960041,0,0,,completed_without_convergence_warning,False,False,,False,,False,,False
phase4_new_response_compact,Phase 3B,F7F71204D643D1027D0FF4736F24213619BF6A09C2361C3C11F169797AC98A9C,944FFDF12B36D558FD8E5E53911BBA42AFDAA7B3B4676E82EAF7F6253420B58A,total_height,T0 total vertical melt-pool height,T0,matern52_learned_nugget,Matérn 5/2 + learned nugget,Matern,2.5,True,84,sim_00085,85,92.23624,98.45917271651977,-6.222932716519779,6.222932716519779,38.724891594332234,2.6714067759366698,7.136414162520352,7.188083954902438,51.66855094272587,7.188083954902438,total predictive variance including learned WhiteKernel nugget,4.614733504793896,3.2661065305192003,3.2661065305192003,93.2232154356839,103.69512999735565,84.370528164911,112.54781726812855,False,True,"1.56**2 * Matern(length_scale=3.1, nu=2.5) + WhiteKernel(noise_level=0.133)",2.4235596936226997,3.095067246527796,0.1332616510560683,0.3650502034735336,44.53213678020552,6.6732403508494675,0.3650502034735336,0.08330493270712452,80.106185,False,1e-08,numerical jitter only; separate from WhiteKernel nugget,240,241,True,False,False,False,True,True,False,"[""P"",""VX"",""LS"",""ST""]",79.69062183332917,18.280335930105245,"[158.04424887185706,0.6172315800559416,64.69402698301545,348.4748823003582]","[53.035803937896816,0.24079082214411265,13.417948242933129,32.49732878401321]",D1D82DC6CFBD83DB06C96D6ECD9E9AE77D4A83FE5E6B79A482A39EC1887C1FAD,190.553348142,0.571798591092,62.1059581714,350.091118048,926144041,fmin_l_bfgs_b,1,-161.76060350896088,2.5761889000423253,0,0,,completed_without_convergence_warning,False,False,,False,,False,,False
phase4_new_response_compact,Phase 3B,F7F71204D643D1027D0FF4736F24213619BF6A09C2361C3C11F169797AC98A9C,944FFDF12B36D558FD8E5E53911BBA42AFDAA7B3B4676E82EAF7F6253420B58A,total_height,T0 total vertical melt-pool height,T0,matern52_learned_nugget,Matérn 5/2 + learned nugget,Matern,2.5,True,85,sim_00086,86,77.42287999999999,78.27977711057488,-0.8568971105748915,0.8568971105748915,0.7342726581115978,3.7075114491283276,13.745641145417633,7.651084197184555,58.53908939240723,7.651084197184555,total predictive variance including learned WhiteKernel nugget,2.2560087073089234,2.9600575401283913,2.9600575401283913,71.01305467028337,85.5464995508664,63.283652084093156,93.27590213705662,True,True,"1.57**2 * Matern(length_scale=3.13, nu=2.5) + WhiteKernel(noise_level=0.134)",2.4659143906904974,3.130063900920926,0.13379116327835094,0.36577474390442943,44.79344824698959,6.692790766712313,0.36577474390442943,0.08354898896648634,80.106185,False,1e-08,numerical jitter only; separate from WhiteKernel nugget,240,241,True,False,False,False,True,True,False,"[""P"",""VX"",""LS"",""ST""]",79.7523441666625,18.297574882482927,"[158.03393698819457,0.6157204629481582,64.59325941178335,348.40884049287484]","[53.02924110826093,0.2399316813354627,13.346002508031873,32.47786590025847]",E497D21510DE7B7A4934B6ED62430388E103C90225308EA881460452DEA7F41A,193.028200221,0.93446669696,86.2901752671,365.941151844,1751346125,fmin_l_bfgs_b,1,-161.82677252773726,2.494624700048007,0,0,,completed_without_convergence_warning,False,False,,False,,False,,False
phase4_new_response_compact,Phase 3B,F7F71204D643D1027D0FF4736F24213619BF6A09C2361C3C11F169797AC98A9C,944FFDF12B36D558FD8E5E53911BBA42AFDAA7B3B4676E82EAF7F6253420B58A,total_height,T0 total vertical melt-pool height,T0,matern52_learned_nugget,Matérn 5/2 + learned nugget,Matern,2.5,True,86,sim_00087,87,96.87154,93.79754052391657,3.0739994760834293,3.0739994760834293,9.449472778961198,2.672752197702723,7.143604310324736,7.204704839245985,51.90777182065452,7.204704839245985,total predictive variance including learned WhiteKernel nugget,2.5634411708239844,2.984694548794379,2.984694548794379,88.55894621641923,99.0361348314139,79.67631903899444,107.9187620088387,True,True,"1.57**2 * Matern(length_scale=3.13, nu=2.5) + WhiteKernel(noise_level=0.134)",2.4746112609918156,3.1286376028187326,0.1341866918404438,0.36631501721939247,44.76416751032978,6.690602925770575,0.36631501721939247,0.08352167720595575,80.106185,False,1e-08,numerical jitter only; separate from WhiteKernel nugget,240,241,True,False,False,False,True,True,False,"[""P"",""VX"",""LS"",""ST""]",79.67130808332917,18.26461545736591,"[158.03221854587372,0.6183486688439833,64.65816157485585,348.4583154610873]","[53.02810037695689,0.23995410771610318,13.41331332708247,32.49548709222804]",34672B73AEC3F46F8CA0B368F1EB5D2293A26D00AA30F5A76F6BB7318B27CD21,193.440626378,0.303697281962,70.7136561297,354.067159473,1009740858,fmin_l_bfgs_b,1,-162.18102697408344,0.9489049999974668,0,0,,completed_without_convergence_warning,False,False,,False,,False,,False
phase4_new_response_compact,Phase 3B,F7F71204D643D1027D0FF4736F24213619BF6A09C2361C3C11F169797AC98A9C,944FFDF12B36D558FD8E5E53911BBA42AFDAA7B3B4676E82EAF7F6253420B58A,total_height,T0 total vertical melt-pool height,T0,matern52_learned_nugget,Matérn 5/2 + learned nugget,Matern,2.5,True,87,sim_00088,88,88.24766999999999,89.94140825400831,-1.6937382540083235,1.6937382540083235,2.868749273091164,2.889287737821006,8.347983631922826,7.293289269327325,53.1920683660851,7.293289269327325,total predictive variance including learned WhiteKernel nugget,2.1517714330480415,2.9328591300244473,2.9328591300244473,84.27840428787914,95.60441222013748,75.64656128612675,104.23625522188986,True,True,"1.57**2 * Matern(length_scale=3.12, nu=2.5) + WhiteKernel(noise_level=0.134)",2.4562951559243635,3.1230794538028586,0.13405457287143124,0.3661346376286068,44.84408473416227,6.696572610982596,0.3661346376286068,0.08359619935692351,80.106185,False,1e-08,numerical jitter only; separate from WhiteKernel nugget,240,241,True,False,False,False,True,True,False,"[""P"",""VX"",""LS"",""ST""]",79.70724087499585,18.289918305340308,"[158.03066292915707,0.6166249891336,64.72367540928835,348.5151241837623]","[53.02705613703249,0.24072112899028045,13.404328580083385,32.49332517956446]",4E70075A13E6872D65C76CE722A1B655DA3ADF8F4A1C1D728D4353A6FC0B1452,193.81397439,0.717380412454,54.9903358659,340.433066031,2524842725,fmin_l_bfgs_b,1,-161.9737192793956,1.3333439000416547,0,0,,completed_without_convergence_warning,False,False,,False,,False,,False
phase4_new_response_compact,Phase 3B,F7F71204D643D1027D0FF4736F24213619BF6A09C2361C3C11F169797AC98A9C,944FFDF12B36D558FD8E5E53911BBA42AFDAA7B3B4676E82EAF7F6253420B58A,total_height,T0 total vertical melt-pool height,T0,matern52_learned_nugget,Matérn 5/2 + learned nugget,Matern,2.5,True,88,sim_00089,89,95.879775,93.61148555190739,2.2682894480926024,2.2682894480926024,5.145137020328242,2.918164520623185,8.515684169423944,7.2996614605610635,53.28505743880048,7.2996614605610635,total predictive variance including learned WhiteKernel nugget,2.2919910522856917,2.9550458657585073,2.9550458657585073,87.89188309148595,99.33108801232883,79.30414908920771,107.91882201460707,True,True,"1.57**2 * Matern(length_scale=3.13, nu=2.5) + WhiteKernel(noise_level=0.134)",2.476133441210719,3.1286667041876806,0.13414678791678036,0.36626054649222095,44.76937326937654,6.690991949582403,0.36626054649222095,0.08352653355770723,80.106185,False,1e-08,numerical jitter only; separate from WhiteKernel nugget,240,241,True,False,False,False,True,True,False,"[""P"",""VX"",""LS"",""ST""]",79.67544043749582,18.268393944321584,"[158.02973568823623,0.6183707490847041,64.65735650565753,348.50139598969986]","[53.026428465932966,0.2399249073286805,13.412944047647363,32.49604076948702]",C5EC3EF4AA629CF5A6AE00AF36F93B56FC870A42559F1A19056E2E60538E94B2,194.036512211,0.298398024189,70.9068727373,343.727832606,3221716643,fmin_l_bfgs_b,1,-162.15872406635847,1.7864051000215113,0,0,,completed_without_convergence_warning,False,False,,False,,False,,False
phase4_new_response_compact,Phase 3B,F7F71204D643D1027D0FF4736F24213619BF6A09C2361C3C11F169797AC98A9C,944FFDF12B36D558FD8E5E53911BBA42AFDAA7B3B4676E82EAF7F6253420B58A,total_height,T0 total vertical melt-pool height,T0,matern52_learned_nugget,Matérn 5/2 + learned nugget,Matern,2.5,True,89,sim_00090,90,106.91783,101.3249967306275,5.592833269372491,5.592833269372491,31.279783978999788,2.7758866614254756,7.705546757079873,7.25578966168576,52.64648361462595,7.25578966168576,total predictive variance including learned WhiteKernel nugget,3.969601445330863,3.1978120772645107,3.1978120772645107,95.88425887423357,106.76573458702144,87.10364899372341,115.5463444675316,False,True,"1.59**2 * Matern(length_scale=3.16, nu=2.5) + WhiteKernel(noise_level=0.135)",2.5180295526934544,3.162315413211605,0.1354728479719204,0.36806636354320726,44.94093685754607,6.703800180311617,0.36806636354320726,0.08368642421695176,80.106185,False,1e-08,numerical jitter only; separate from WhiteKernel nugget,240,241,True,False,False,False,True,True,False,"[""P"",""VX"",""LS"",""ST""]",79.6294485416625,18.2135637600165,"[158.02951505385707,0.6179950447892917,64.63604446375044,348.2871749231248]","[53.026278536734694,0.24035468242797506,13.398926269193108,32.357042680352464]",7F7E6B006B388E937D7049555A886B4154B9D000D4375F5DA1149D9B0F7380FE,194.089464462,0.388567055088,76.021762795,395.140888584,3248004750,fmin_l_bfgs_b,1,-162.74776326802,1.3405885000247508,0,0,,completed_without_convergence_warning,False,False,,False,,False,,False
phase4_new_response_compact,Phase 3B,F7F71204D643D1027D0FF4736F24213619BF6A09C2361C3C11F169797AC98A9C,944FFDF12B36D558FD8E5E53911BBA42AFDAA7B3B4676E82EAF7F6253420B58A,total_height,T0 total vertical melt-pool height,T0,matern52_learned_nugget,Matérn 5/2 + learned nugget,Matern,2.5,True,90,sim_00091,91,81.82847000000001,82.25927872466559,-0.4308087246655816,0.4308087246655816,0.18559615724798492,2.4243639076297225,5.877540356617658,7.121433361022479,50.71481311548392,7.121433361022479,total predictive variance including learned WhiteKernel nugget,1.8202963076875274,2.883877355357497,2.883877355357497,77.50752546571134,87.01103198361984,68.30126933706153,96.21728811226966,True,True,"1.57**2 * Matern(length_scale=3.13, nu=2.5) + WhiteKernel(noise_level=0.134)",2.4636031346294156,3.127502313378538,0.13392033499089245,0.3659512740664971,44.83727275886626,6.696063975117491,0.3659512740664971,0.08358984983640766,80.106185,False,1e-08,numerical jitter only; separate from WhiteKernel nugget,240,241,True,False,False,False,True,True,False,"[""P"",""VX"",""LS"",""ST""]",79.7339875416625,18.297692752125105,"[158.0253844217529,0.6160968201624457,64.69378762950585,348.5518203719874]","[53.02343069544511,0.2403601468888818,13.4179938951329,32.479200832301714]",605A1275949FF13F79E588B6A6B86A22CBB35FAB6E141695A49DDB8C19129132,195.080816167,0.844140965531,62.163403013700005,331.625980857,1718429088,fmin_l_bfgs_b,1,-161.88891492236425,1.0152194999391213,0,0,,completed_without_convergence_warning,False,False,,False,,False,,False
phase4_new_response_compact,Phase 3B,F7F71204D643D1027D0FF4736F24213619BF6A09C2361C3C11F169797AC98A9C,944FFDF12B36D558FD8E5E53911BBA42AFDAA7B3B4676E82EAF7F6253420B58A,total_height,T0 total vertical melt-pool height,T0,matern52_learned_nugget,Matérn 5/2 + learned nugget,Matern,2.5,True,91,sim_00092,92,74.1062,76.5932835031129,-2.487083503112899,2.487083503112899,6.185584351456329,3.729832065415196,13.911647236199387,7.660060154006652,58.67652156300042,7.660060154006652,total predictive variance including learned WhiteKernel nugget,2.457618491375044,3.007667564226679,3.007667564226679,69.28281265489912,83.90375435132668,61.57956560125986,91.60700140496594,True,True,"1.57**2 * Matern(length_scale=3.13, nu=2.5) + WhiteKernel(noise_level=0.134)",2.4610064286130524,3.1269705773237284,0.1337499250668654,0.3657183685117079,44.76487432680103,6.6906557471447465,0.3657183685117079,0.08352233659791372,80.106185,False,1e-08,numerical jitter only; separate from WhiteKernel nugget,240,241,True,False,False,False,True,True,False,"[""P"",""VX"",""LS"",""ST""]",79.76616366666251,18.294557570002272,"[158.01757895059458,0.6155621638308583,64.7089099657667,348.64031232013315]","[53.01783708800837,0.23970869422769972,13.413087505036044,32.403945082072]",6D57A2840B933D3435BE4DE78AE298E48A299965B5D15303D56C5ABACF8BE141,196.954129245,0.972458485112,58.5340423111,310.387913302,5904326,fmin_l_bfgs_b,1,-161.79001407913972,0.9116238000569865,0,0,,completed_without_convergence_warning,False,False,,False,,False,,False
phase4_new_response_compact,Phase 3B,F7F71204D643D1027D0FF4736F24213619BF6A09C2361C3C11F169797AC98A9C,944FFDF12B36D558FD8E5E53911BBA42AFDAA7B3B4676E82EAF7F6253420B58A,total_height,T0 total vertical melt-pool height,T0,matern52_learned_nugget,Matérn 5/2 + learned nugget,Matern,2.5,True,92,sim_00093,93,79.94009,81.38581462946459,-1.4457246294645927,1.4457246294645927,2.090119704240534,2.61327455721016,6.829203911361957,7.186404093190756,51.64440379062885,7.186404093190756,total predictive variance including learned WhiteKernel nugget,2.03257065162191,2.911365138034244,2.911365138034244,76.26379649733268,86.5078327615965,67.30046260681071,95.47116665211847,True,True,"1.57**2 * Matern(length_scale=3.13, nu=2.5) + WhiteKernel(noise_level=0.134)",2.4624959060899765,3.1276724098916864,0.1338471957080286,0.36585133006185533,44.8151998792669,6.69441557413841,0.36585133006185533,0.08356927213720651,80.106185,False,1e-08,numerical jitter only; separate from WhiteKernel nugget,240,241,True,False,False,False,True,True,False,"[""P"",""VX"",""LS"",""ST""]",79.74185579166252,18.298185694737175,"[158.01429567713623,0.6159698356256709,64.63071057132544,348.4715597365206]","[53.0154012797614,0.2402315506123734,13.394137084012844,32.49712260340322]",35B6CD8ABE898B809822B57E44AE23B01D9D5E73760D3F086D469D88C800322B,197.742114875,0.874617254357,77.301896977,350.888533369,2033596776,fmin_l_bfgs_b,1,-161.85107151515507,1.4686561999842525,0,0,,completed_without_convergence_warning,False,False,,False,,False,,False
phase4_new_response_compact,Phase 3B,F7F71204D643D1027D0FF4736F24213619BF6A09C2361C3C11F169797AC98A9C,944FFDF12B36D558FD8E5E53911BBA42AFDAA7B3B4676E82EAF7F6253420B58A,total_height,T0 total vertical melt-pool height,T0,matern52_learned_nugget,Matérn 5/2 + learned nugget,Matern,2.5,True,93,sim_00094,94,80.05037999999999,81.51184839195751,-1.4614683919575242,1.4614683919575242,2.1358898606909116,2.6301585733389254,6.917734120908252,7.194040877172943,51.754224142435255,7.194040877172943,total predictive variance including learned WhiteKernel nugget,2.0403605230513215,2.9128264932479078,2.9128264932479078,76.35673758821322,86.6669591957018,67.41152827269855,95.61216851121648,True,True,"1.57**2 * Matern(length_scale=3.13, nu=2.5) + WhiteKernel(noise_level=0.134)",2.46301427895422,3.1293221322316334,0.13391087507611196,0.36593834873665804,44.836490021527005,6.696005527292148,0.36593834873665804,0.08358912020703706,80.106185,False,1e-08,numerical jitter only; separate from WhiteKernel nugget,240,241,True,False,False,False,True,True,False,"[""P"",""VX"",""LS"",""ST""]",79.74139624999583,18.29817932558587,"[158.01070566526124,0.6159899078003582,64.72100714875418,348.5717775929623]","[53.01268169142268,0.24025295845202072,13.406201961306484,32.46732069658619]",41A544A110E60613F40562AE8BE103E454CFDFAA832BA39A025006B00F8DA8F6,198.603717725,0.869799932432,55.6307183941,326.836247823,2408086629,fmin_l_bfgs_b,1,-161.8572934731635,0.8058761999709532,0,0,,completed_without_convergence_warning,False,False,,False,,False,,False
phase4_new_response_compact,Phase 3B,F7F71204D643D1027D0FF4736F24213619BF6A09C2361C3C11F169797AC98A9C,944FFDF12B36D558FD8E5E53911BBA42AFDAA7B3B4676E82EAF7F6253420B58A,total_height,T0 total vertical melt-pool height,T0,matern52_learned_nugget,Matérn 5/2 + learned nugget,Matern,2.5,True,94,sim_00095,95,92.87828,99.73161270359317,-6.853332703593168,6.853332703593168,46.96816914613964,5.449101760664695,29.692709998079085,8.611761469671745,74.16243561052285,8.611761469671745,total predictive variance including learned WhiteKernel nugget,3.4052933630697364,3.3887248220996615,3.3887248220996615,89.05137325269037,110.41185215449597,82.85256022303655,116.6106651841498,True,True,"1.58**2 * Matern(length_scale=3.12, nu=2.5) + WhiteKernel(noise_level=0.133)",2.5054045421034945,3.1247627185173696,0.1331023092937186,0.36483189182652137,44.469725612443774,6.668562484707163,0.36483189182652137,0.08324653688984394,80.106185,False,1e-08,numerical jitter only; separate from WhiteKernel nugget,240,241,True,False,False,False,True,True,False,"[""P"",""VX"",""LS"",""ST""]",79.68794666666251,18.278452717828966,"[157.9948986662154,0.6173006150682749,64.76438647942669,348.2779758979915]","[53.00000845430659,0.24077541097295446,13.359793563461686,32.34340427539679]",08D16973DD3EA82C51CBFA0068E7E5BA0884109B379BB1D78B765C1F9DB2E366,202.397397496,0.555230188132,45.2196790327,397.348654616,2662949977,fmin_l_bfgs_b,1,-161.7692665889066,2.3794349000090733,0,0,,completed_without_convergence_warning,False,False,,False,,False,,False
phase4_new_response_compact,Phase 3B,F7F71204D643D1027D0FF4736F24213619BF6A09C2361C3C11F169797AC98A9C,944FFDF12B36D558FD8E5E53911BBA42AFDAA7B3B4676E82EAF7F6253420B58A,total_height,T0 total vertical melt-pool height,T0,matern52_learned_nugget,Matérn 5/2 + learned nugget,Matern,2.5,True,95,sim_00096,96,92.30428,94.24509275235499,-1.9408127523549865,1.9408127523549865,3.766754139703738,2.705524722673286,7.319864024996362,7.22203311228775,52.15776227498069,7.22203311228775,total predictive variance including learned WhiteKernel nugget,2.171531138126014,2.932184279319994,2.932184279319994,88.94226429591535,99.54792120879463,80.089907852271,108.40027765243899,True,True,"1.57**2 * Matern(length_scale=3.12, nu=2.5) + WhiteKernel(noise_level=0.134)",2.4572554094438583,3.1225105134723843,0.1341795009854933,0.36630520196346283,44.83789824998432,6.696110680834384,0.36630520196346283,0.08359043288398249,80.106185,False,1e-08,numerical jitter only; separate from WhiteKernel nugget,240,241,True,False,False,False,True,True,False,"[""P"",""VX"",""LS"",""ST""]",79.69033833332918,18.28014083595321,"[157.9928255621029,0.6167232466519791,64.6430793345521,348.460918203354]","[52.998261843105695,0.24075741972772594,13.404457927683167,32.49591121223549]",AC205B8B212B3FF90DF85C6752A44071EBD1B7DDEE391672FBABAB0C71734580,202.894942483,0.693798608043,74.3333938026,353.442501329,1447622013,fmin_l_bfgs_b,1,-162.1018414908675,0.8491923999972641,0,0,,completed_without_convergence_warning,False,False,,False,,False,,False
phase4_new_response_compact,Phase 3B,F7F71204D643D1027D0FF4736F24213619BF6A09C2361C3C11F169797AC98A9C,944FFDF12B36D558FD8E5E53911BBA42AFDAA7B3B4676E82EAF7F6253420B58A,total_height,T0 total vertical melt-pool height,T0,matern52_learned_nugget,Matérn 5/2 + learned nugget,Matern,2.5,True,96,sim_00097,97,86.89607000000001,91.74526278473472,-4.849192784734711,4.849192784734711,23.514670663523184,3.774667893160536,14.248117703657002,7.694808510148486,59.21007800785357,7.694808510148486,total predictive variance including learned WhiteKernel nugget,3.0724360998561013,3.1580542487186394,3.1580542487186394,84.34691371414007,99.14361185532937,76.66343810484369,106.82708746462575,True,True,"1.58**2 * Matern(length_scale=3.16, nu=2.5) + WhiteKernel(noise_level=0.134)",2.4879414473529766,3.1625492732926515,0.1343713748640412,0.36656701278762277,44.961960304196566,6.70536802153294,0.36656701278762277,0.08370599625400885,80.106185,False,1e-08,numerical jitter only; separate from WhiteKernel nugget,240,241,True,False,False,False,True,True,False,"[""P"",""VX"",""LS"",""ST""]",79.7128725416625,18.292338883798624,"[157.99230059427373,0.6186439288959418,64.63797843415628,348.2869539887832]","[52.99781644218202,0.23952276681364984,13.400535924121394,32.356722579175056]",6E6541FFD550C3418E34BDC7D52DCB37BAB8D11C3F955EF7405C08DB1234404A,203.020934762,0.232834869492,75.5576098976,395.193912826,1540156526,fmin_l_bfgs_b,1,-161.68265905466728,0.7991334999678656,0,0,,completed_without_convergence_warning,False,False,,False,,False,,False
phase4_new_response_compact,Phase 3B,F7F71204D643D1027D0FF4736F24213619BF6A09C2361C3C11F169797AC98A9C,944FFDF12B36D558FD8E5E53911BBA42AFDAA7B3B4676E82EAF7F6253420B58A,total_height,T0 total vertical melt-pool height,T0,matern52_learned_nugget,Matérn 5/2 + learned nugget,Matern,2.5,True,97,sim_00098,98,88.26829000000001,92.94178681975878,-4.673496819758768,4.673496819758768,21.841572524295316,3.3842690221823295,11.45327681450294,7.508800060394087,56.38207834697425,7.508800060394087,total predictive variance including learned WhiteKernel nugget,3.0915840503910386,3.1287067170948353,3.1287067170948353,86.30861953628141,99.57495410323614,78.22453870138636,107.65903493813119,True,True,"1.58**2 * Matern(length_scale=3.16, nu=2.5) + WhiteKernel(noise_level=0.134)",2.4873470491041223,3.15848560127999,0.13430841077872402,0.36648111926636007,44.9288015324713,6.702895011297081,0.36648111926636007,0.08367512460238971,80.106185,False,1e-08,numerical jitter only; separate from WhiteKernel nugget,240,241,True,False,False,False,True,True,False,"[""P"",""VX"",""LS"",""ST""]",79.70715495832916,18.289878138102356,"[157.9906319017904,0.61859306651955,64.63783504649294,348.29557973042483]","[52.99639231758744,0.23960337787843156,13.40041889710253,32.368947765690535]",A3F4AAEF019FF29801A9F990EAFFD6F4D2AC6DE037C8EDEF1B15BD976541AFDE,203.421420958,0.245041839826,75.5920229368,393.123734832,3523199272,fmin_l_bfgs_b,1,-161.74432544115234,0.721081200055778,0,0,,completed_without_convergence_warning,False,False,,False,,False,,False
phase4_new_response_compact,Phase 3B,F7F71204D643D1027D0FF4736F24213619BF6A09C2361C3C11F169797AC98A9C,944FFDF12B36D558FD8E5E53911BBA42AFDAA7B3B4676E82EAF7F6253420B58A,total_height,T0 total vertical melt-pool height,T0,matern52_learned_nugget,Matérn 5/2 + learned nugget,Matern,2.5,True,98,sim_00099,99,86.129485,86.82291366439912,-0.6934286643991214,0.6934286643991214,0.48084331261034935,3.8456035051579835,14.788666318883369,7.722478266720429,59.636670579969355,7.722478266720429,total predictive variance including learned WhiteKernel nugget,2.282126238336892,2.9671053046817577,2.9671053046817577,79.28553079428947,94.36029653450878,71.68685626162709,101.95897106717116,True,True,"1.57**2 * Matern(length_scale=3.13, nu=2.5) + WhiteKernel(noise_level=0.134)",2.4691955306371414,3.131372196783167,0.13401341714066733,0.36607843031332415,44.84800426108598,6.696865256303578,0.36607843031332415,0.08359985257447447,80.106185,False,1e-08,numerical jitter only; separate from WhiteKernel nugget,240,241,True,False,False,False,True,True,False,"[""P"",""VX"",""LS"",""ST""]",79.71606664582917,18.293525927140188,"[157.9787535734654,0.6163580556181291,64.7450045718121,348.2703348456999]","[52.98588784953873,0.24057368902220086,13.3847367484712,32.33159176299092]",AA9B7ACCC2F41FEFF258409369B58DBB7E43FFE768D36AAAFC210A464F7E5791,206.272219756,0.781444456167,49.8713368602,399.182507166,318158580,fmin_l_bfgs_b,1,-161.9647717825042,1.8895041999639943,0,0,,completed_without_convergence_warning,False,False,,False,,False,,False
phase4_new_response_compact,Phase 3B,F7F71204D643D1027D0FF4736F24213619BF6A09C2361C3C11F169797AC98A9C,944FFDF12B36D558FD8E5E53911BBA42AFDAA7B3B4676E82EAF7F6253420B58A,total_height,T0 total vertical melt-pool height,T0,matern52_learned_nugget,Matérn 5/2 + learned nugget,Matern,2.5,True,99,sim_00100,100,112.88945,104.77414693044612,8.115303069553875,8.115303069553875,65.85814391071054,2.828384278014272,7.999757624118314,7.27439119826405,52.916767305381484,7.27439119826405,total predictive variance including learned WhiteKernel nugget,6.074902859971011,3.525579149945792,3.525579149945792,99.23051374553815,110.3177801153541,90.51634018184859,119.03195367904365,False,True,"1.59**2 * Matern(length_scale=3.17, nu=2.5) + WhiteKernel(noise_level=0.136)",2.532400932213759,3.174386004881879,0.13601869498423028,0.3688071243675077,44.91700968126317,6.702015344749904,0.3688071243675077,0.08366414334610872,80.106185,False,1e-08,numerical jitter only; separate from WhiteKernel nugget,240,241,True,False,False,False,True,True,False,"[""P"",""VX"",""LS"",""ST""]",79.6045667916625,18.17214175632763,"[157.9728553641404,0.6179098535530334,64.65712359252377,348.2877132963915]","[52.98043258732696,0.24043234974611757,13.412835038223784,32.35782116798158]",33724DEBBDFDF1ACAEDCEA592B8A9B195B95CB394DF4400178954883D156CE05,207.687789994,0.40901295179,70.9627718894,395.011679,521241990,fmin_l_bfgs_b,1,-162.96245286169463,0.8779058000072837,0,0,,completed_without_convergence_warning,False,False,,False,,False,,False
phase4_new_response_compact,Phase 3B,F7F71204D643D1027D0FF4736F24213619BF6A09C2361C3C11F169797AC98A9C,944FFDF12B36D558FD8E5E53911BBA42AFDAA7B3B4676E82EAF7F6253420B58A,total_height,T0 total vertical melt-pool height,T0,matern52_learned_nugget,Matérn 5/2 + learned nugget,Matern,2.5,True,100,sim_00101,101,62.040095,89.5575087654679,-27.5174137654679,27.5174137654679,757.2080603399622,3.2210444228461927,10.375127173948563,7.336614295626281,53.82590932278791,7.336614295626281,total predictive variance including learned WhiteKernel nugget,38.58015160722489,9.945678224153227,9.945678224153227,83.24426169668936,95.87075583424644,75.17774474604039,103.93727278489541,False,False,"1.59**2 * Matern(length_scale=3.31, nu=2.5) + WhiteKernel(noise_level=0.13)",2.519394804967945,3.3137600214228082,0.13028229389593757,0.36094638645640653,43.45078214883935,6.591720727461029,0.36094638645640653,0.0822872881471141,80.106185,False,1e-08,numerical jitter only; separate from WhiteKernel nugget,240,241,True,False,False,False,True,True,False,"[""P"",""VX"",""LS"",""ST""]",79.81643910416251,18.262326414111772,"[157.9698919289904,0.6187737206743209,64.68179170984419,348.3829536120832]","[52.9776317583311,0.239305132144955,13.418963758339048,32.46140105191655]",F29E31E5B77033BBA30DFBAB7D7E99C1E5BAEE7D6DC2DF4384F42D2BA6CD63FF,208.39901443,0.201684842681,65.0424237325,372.154003234,605273408,fmin_l_bfgs_b,1,-155.45651938503815,0.9323026000056416,0,0,,completed_without_convergence_warning,False,False,,False,,False,,False
phase4_new_response_compact,Phase 3B,F7F71204D643D1027D0FF4736F24213619BF6A09C2361C3C11F169797AC98A9C,944FFDF12B36D558FD8E5E53911BBA42AFDAA7B3B4676E82EAF7F6253420B58A,total_height,T0 total vertical melt-pool height,T0,matern52_learned_nugget,Matérn 5/2 + learned nugget,Matern,2.5,True,101,sim_00102,102,104.1562199999,99.46582438193806,4.69039561796194,4.69039561796194,21.99981105299657,4.110795813157497,16.89864221747321,7.849088416341969,61.60818896755368,7.849088416341969,total predictive variance including learned WhiteKernel nugget,2.983489452758231,3.1578820923289137,3.1578820923289137,91.40866458814936,107.52298417572676,84.08161108590781,114.85003767796832,True,True,"1.57**2 * Matern(length_scale=3.12, nu=2.5) + WhiteKernel(noise_level=0.135)",2.4654170780346543,3.120489176995736,0.13453358865757753,0.3667882068136563,44.70954675008047,6.6865197786352555,0.3667882068136563,0.08347070552211737,80.106185,False,1e-08,numerical jitter only; separate from WhiteKernel nugget,240,241,True,False,False,False,True,True,False,"[""P"",""VX"",""LS"",""ST""]",79.64095524999625,18.22992030393247,"[157.96448254335706,0.6181785697277833,64.63792217560128,348.6732997101541]","[52.972415780004404,0.240162537943622,13.400490052439219,32.36092883102487]",BE9D5AD412D03F618F95E71D5570B30537A28AEE97ABA29C14B1684CA123B1EF,209.697266982,0.34452106985,75.5711119508,302.470939697,2927745555,fmin_l_bfgs_b,1,-162.54676753141962,1.4290183000266552,0,0,,completed_without_convergence_warning,False,False,,False,,False,,False
phase4_new_response_compact,Phase 3B,F7F71204D643D1027D0FF4736F24213619BF6A09C2361C3C11F169797AC98A9C,944FFDF12B36D558FD8E5E53911BBA42AFDAA7B3B4676E82EAF7F6253420B58A,total_height,T0 total vertical melt-pool height,T0,matern52_learned_nugget,Matérn 5/2 + learned nugget,Matern,2.5,True,102,sim_00103,103,106.42269,104.07274690177258,2.3499430982274276,2.3499430982274276,5.522232564906721,4.782346288872475,22.87083602669233,8.224641716357919,67.64473136245493,8.224641716357919,total predictive variance including learned WhiteKernel nugget,2.604596327671166,3.066891174531487,3.066891174531487,94.69934817558253,113.44614562796262,87.95244913771106,120.1930446658341,True,True,"1.57**2 * Matern(length_scale=3.12, nu=2.5) + WhiteKernel(noise_level=0.135)",2.4651279628015557,3.117513271831883,0.13492392888939472,0.36731992716077183,44.77389533576258,6.691329863021445,0.36731992716077183,0.08353075187666777,80.106185,False,1e-08,numerical jitter only; separate from WhiteKernel nugget,240,241,True,False,False,False,True,True,False,"[""P"",""VX"",""LS"",""ST""]",79.63151162499584,18.216626347344135,"[157.9636267789904,0.6176230011304208,64.58698421540794,348.3224897296207]","[52.971578369258246,0.24064024902300704,13.33544105042444,32.403501523937216]",BD47092E8C56DC395B21CEF18E5C9F1F70C00F576D41BA3EAAD0158B65BE4996,209.90265043,0.477857533217,87.79622239720001,386.665335025,313153773,fmin_l_bfgs_b,1,-162.87586018170327,1.2906143000582233,0,0,,completed_without_convergence_warning,False,False,,False,,False,,False
phase4_new_response_compact,Phase 3B,F7F71204D643D1027D0FF4736F24213619BF6A09C2361C3C11F169797AC98A9C,944FFDF12B36D558FD8E5E53911BBA42AFDAA7B3B4676E82EAF7F6253420B58A,total_height,T0 total vertical melt-pool height,T0,matern52_learned_nugget,Matérn 5/2 + learned nugget,Matern,2.5,True,103,sim_00104,104,86.28417,85.81747093668639,0.46669906331361233,0.46669906331361233,0.21780801569780311,2.962221761971827,8.774757767099475,7.321984967065104,53.611463857927376,7.321984967065104,total predictive variance including learned WhiteKernel nugget,2.017289170996642,2.911851351510746,2.911851351510746,80.01151628322161,91.62342559015117,71.46638040123878,100.168561472134,True,True,"1.57**2 * Matern(length_scale=3.13, nu=2.5) + WhiteKernel(noise_level=0.134)",2.4608714478365252,3.1272519134007575,0.1339830062535012,0.3660368919296267,44.8367060908279,6.696021661466449,0.3660368919296267,0.08358932161688201,80.106185,False,1e-08,numerical jitter only; separate from WhiteKernel nugget,240,241,True,False,False,False,True,True,False,"[""P"",""VX"",""LS"",""ST""]",79.71542212499584,18.293297230689546,"[157.9628334701862,0.6162281975852958,64.73662693444128,348.3064050064082]","[52.970799086764,0.24047611159969795,13.393411651856727,32.38350030168096]",BA341C913EB27D11269C87579091B049F6107255C11BEAC1611E495E6D13B6B8,210.093044543,0.812610384047,51.8819698292,390.525668596,146352449,fmin_l_bfgs_b,1,-161.9841188730046,3.56767470005434,0,0,,completed_without_convergence_warning,False,False,,False,,False,,False
phase4_new_response_compact,Phase 3B,F7F71204D643D1027D0FF4736F24213619BF6A09C2361C3C11F169797AC98A9C,944FFDF12B36D558FD8E5E53911BBA42AFDAA7B3B4676E82EAF7F6253420B58A,total_height,T0 total vertical melt-pool height,T0,matern52_learned_nugget,Matérn 5/2 + learned nugget,Matern,2.5,True,104,sim_00105,105,101.5217699999,107.68430864152484,-6.162538641624835,6.162538641624835,37.976882509519264,4.293855223997303,18.43719268464893,7.944445091874431,63.11420781780773,7.944445091874431,total predictive variance including learned WhiteKernel nugget,3.406022242091547,3.292269913577355,3.292269913577355,99.26835240249012,116.10026488055955,92.11319626145095,123.25542102159872,True,True,"1.59**2 * Matern(length_scale=3.15, nu=2.5) + WhiteKernel(noise_level=0.134)",2.5419069644434504,3.152473002694372,0.1342300450274118,0.36637418717400355,44.677015133158804,6.68408670897968,0.36637418717400355,0.08344033246595978,80.106185,False,1e-08,numerical jitter only; separate from WhiteKernel nugget,240,241,True,False,False,False,True,True,False,"[""P"",""VX"",""LS"",""ST""]",79.65193212499625,18.243880008405668,"[157.95565231201124,0.6174444455321251,64.75247572370711,348.6058434497957]","[52.963614087131646,0.24072797443761723,13.375929081742068,32.440196639620744]",E39636250E140D9B8969098E696A14CB19670E9B2E8C0D068A7757A5620DF676,211.816522505,0.520710876808,48.0782604054,318.660442183,309208003,fmin_l_bfgs_b,1,-162.25603441277786,1.969858199940063,0,0,,completed_without_convergence_warning,False,False,,False,,False,,False
phase4_new_response_compact,Phase 3B,F7F71204D643D1027D0FF4736F24213619BF6A09C2361C3C11F169797AC98A9C,944FFDF12B36D558FD8E5E53911BBA42AFDAA7B3B4676E82EAF7F6253420B58A,total_height,T0 total vertical melt-pool height,T0,matern52_learned_nugget,Matérn 5/2 + learned nugget,Matern,2.5,True,105,sim_00106,106,88.64631,88.62238901769535,0.023920982304645122,0.023920982304645122,0.000572213394419145,2.7378114366643693,7.495611462730218,7.2331696805345285,52.318743627403975,7.2331696805345285,total predictive variance including learned WhiteKernel nugget,1.9261355585886677,2.8976213485476303,2.8976213485476303,83.25627860183319,93.98849943355752,74.44537644384768,102.79940159154303,True,True,"1.57**2 * Matern(length_scale=3.12, nu=2.5) + WhiteKernel(noise_level=0.134)",2.457617015597714,3.1236791969879443,0.13400356976966998,0.3660649802557874,44.82313216467375,6.695008003331568,0.3660649802557874,0.08357666768591675,80.106185,False,1e-08,numerical jitter only; separate from WhiteKernel nugget,240,241,True,False,False,False,True,True,False,"[""P"",""VX"",""LS"",""ST""]",79.70557987499585,18.289124511865193,"[157.95450224706124,0.6163183924608249,64.62143589548627,348.4846067647874]","[52.9624415167403,0.24054568177580263,13.384585731580716,32.49746177680798]",3BC89149C3DB540FCA7274518F1B2328D34BF25CAFCF096E6902E0D1692FB718,212.092538093,0.79096361392,79.5278191784,347.757246585,1683190501,fmin_l_bfgs_b,1,-162.01117632692672,1.7720343999098986,0,0,,completed_without_convergence_warning,False,False,,False,,False,,False
phase4_new_response_compact,Phase 3B,F7F71204D643D1027D0FF4736F24213619BF6A09C2361C3C11F169797AC98A9C,944FFDF12B36D558FD8E5E53911BBA42AFDAA7B3B4676E82EAF7F6253420B58A,total_height,T0 total vertical melt-pool height,T0,matern52_learned_nugget,Matérn 5/2 + learned nugget,Matern,2.5,True,106,sim_00107,107,96.56809,99.86556876761577,-3.2974787676157717,3.2974787676157717,10.873366222876829,5.467504250477597,29.893602728990587,8.634474188505338,74.55414451196492,8.634474188505338,total predictive variance including learned WhiteKernel nugget,2.7996285624052395,3.1476239640202954,3.1476239640202954,89.14926043667968,110.58187709855186,82.94199935814531,116.78913817708623,True,True,"1.57**2 * Matern(length_scale=3.12, nu=2.5) + WhiteKernel(noise_level=0.134)",2.458439306796928,3.1164319692787337,0.13385876136391509,0.3658671362173912,44.660541782974335,6.682854314061794,0.3658671362173912,0.08342494794954715,80.106185,False,1e-08,numerical jitter only; separate from WhiteKernel nugget,240,241,True,False,False,False,True,True,False,"[""P"",""VX"",""LS"",""ST""]",79.67257245832916,18.26579556489865,"[157.95332210034456,0.6184129756413833,64.60483653811919,348.63026029350823]","[52.96123199201265,0.2398676900732679,13.363601970331265,32.41543357303855]",22D5D1A9FFA8EFBC001F782EAF8BEC2891F7B09FE89C18B5CC2BF0453988DB27,212.375773305,0.288263650586,83.51166494649999,312.800399692,3050055059,fmin_l_bfgs_b,1,-162.06027457348125,1.4518240001052618,0,0,,completed_without_convergence_warning,False,False,,False,,False,,False
phase4_new_response_compact,Phase 3B,F7F71204D643D1027D0FF4736F24213619BF6A09C2361C3C11F169797AC98A9C,944FFDF12B36D558FD8E5E53911BBA42AFDAA7B3B4676E82EAF7F6253420B58A,total_height,T0 total vertical melt-pool height,T0,matern52_learned_nugget,Matérn 5/2 + learned nugget,Matern,2.5,True,107,sim_00108,108,106.7891399999,105.60827915261919,1.1808608472808118,1.1808608472808118,1.3944323406407566,4.059025083773848,16.475684630705295,7.825057933724269,61.23153166614112,7.825057933724269,total predictive variance including learned WhiteKernel nugget,2.3621992384329737,2.987656227739781,2.987656227739781,97.65258998842245,113.56396831681593,90.27116560251963,120.94539270271875,True,True,"1.57**2 * Matern(length_scale=3.11, nu=2.5) + WhiteKernel(noise_level=0.135)",2.4513073360398776,3.108461628278744,0.1349030287784282,0.36729147659376493,44.75584703543582,6.689981093802569,0.36729147659376493,0.08351391460974666,80.106185,False,1e-08,numerical jitter only; separate from WhiteKernel nugget,240,241,True,False,False,False,True,True,False,"[""P"",""VX"",""LS"",""ST""]",79.62998474999625,18.214365211643294,"[157.92932183366958,0.617898316674225,64.71414616188127,348.65264534899984]","[52.935252604883566,0.24044230651846712,13.410430384742376,32.38881695943016]",512A33FF34D2AD82E782453B6976F951B354D167B4FD3CF9BA856BC36521564F,218.135837307,0.411781802704,57.2773552436,307.427986374,40966523,fmin_l_bfgs_b,1,-162.92387115260132,1.4644362999824807,0,0,,completed_without_convergence_warning,False,False,,False,,False,,False
phase4_new_response_compact,Phase 3B,F7F71204D643D1027D0FF4736F24213619BF6A09C2361C3C11F169797AC98A9C,944FFDF12B36D558FD8E5E53911BBA42AFDAA7B3B4676E82EAF7F6253420B58A,total_height,T0 total vertical melt-pool height,T0,matern52_learned_nugget,Matérn 5/2 + learned nugget,Matern,2.5,True,108,sim_00109,109,85.858975,86.94906226858846,-1.0900872685884622,1.0900872685884622,1.188290253138654,3.7954571465037055,14.40549495094605,7.697593330047104,59.25294307478566,7.697593330047104,total predictive variance including learned WhiteKernel nugget,2.2939877366583357,2.9698735264429628,2.9698735264429628,79.5099662614412,94.38815827573572,71.86177934169613,102.03634519548079,True,True,"1.57**2 * Matern(length_scale=3.13, nu=2.5) + WhiteKernel(noise_level=0.134)",2.465850488400621,3.1332657581534056,0.1340060886715564,0.3660684207515808,44.8474481238396,6.696823733968186,0.3660684207515808,0.08359933423328282,80.106185,False,1e-08,numerical jitter only; separate from WhiteKernel nugget,240,241,True,False,False,False,True,True,False,"[""P"",""VX"",""LS"",""ST""]",79.71719377082917,18.29391270686183,"[157.92917826072375,0.6160471773949833,64.59914182520461,348.3715573463707]","[52.93508926337503,0.2403118074627926,13.35525005870805,32.45257240980531]",65D92F30EA7A2462C730D3D25B627046A098F657E13EBD7CD8D6884FE2CBB512,218.170294814,0.856055229722,84.878396046,374.889107005,755280633,fmin_l_bfgs_b,1,-161.89507855815478,1.41054129996337,0,0,,completed_without_convergence_warning,False,False,,False,,False,,False
phase4_new_response_compact,Phase 3B,F7F71204D643D1027D0FF4736F24213619BF6A09C2361C3C11F169797AC98A9C,944FFDF12B36D558FD8E5E53911BBA42AFDAA7B3B4676E82EAF7F6253420B58A,total_height,T0 total vertical melt-pool height,T0,matern52_learned_nugget,Matérn 5/2 + learned nugget,Matern,2.5,True,109,sim_00110,110,94.12826,95.0034410398218,-0.875181039821797,0.875181039821797,0.7659418524635617,3.1776768313586756,10.097630044553712,7.41179429329538,54.93469464612597,7.41179429329538,total predictive variance including learned WhiteKernel nugget,2.1130157198131223,2.9289824734085177,2.9289824734085177,88.7751944503588,101.23168762928479,80.47632422496285,109.53055785468074,True,True,"1.57**2 * Matern(length_scale=3.12, nu=2.5) + WhiteKernel(noise_level=0.134)",2.4603166888366803,3.1245338322445986,0.13425963180788186,0.3664145627672048,44.837064601572244,6.696048431841891,0.3664145627672048,0.08358965580300562,80.106185,False,1e-08,numerical jitter only; separate from WhiteKernel nugget,240,241,True,False,False,False,True,True,False,"[""P"",""VX"",""LS"",""ST""]",79.6827384166625,18.27451502274518,"[157.92857284622374,0.6166842499028665,64.60942043279543,348.60398916240814]","[52.93439945156295,0.24074417392119427,13.369896317018561,32.441895507615364]",913D89FC9DE6C551D8C47F20C3684A492BEE7FEFAB483F6721A023F19E2DADF7,218.315594294,0.70315782783,82.4115302242,319.105471156,948445679,fmin_l_bfgs_b,1,-162.22068249921261,1.321484399959445,0,0,,completed_without_convergence_warning,False,False,,False,,False,,False
phase4_new_response_compact,Phase 3B,F7F71204D643D1027D0FF4736F24213619BF6A09C2361C3C11F169797AC98A9C,944FFDF12B36D558FD8E5E53911BBA42AFDAA7B3B4676E82EAF7F6253420B58A,total_height,T0 total vertical melt-pool height,T0,matern52_learned_nugget,Matérn 5/2 + learned nugget,Matern,2.5,True,110,sim_00111,111,91.433695,92.10632723881277,-0.672632238812767,0.672632238812767,0.4524341286902752,3.99484211157593,15.958763496420435,7.796128117183954,60.77961361954622,7.796128117183954,total predictive variance including learned WhiteKernel nugget,2.3181176898775413,2.976287671792409,2.976287671792409,84.27643670012394,99.9362177775016,76.82591612913222,107.38673834849331,True,True,"1.57**2 * Matern(length_scale=3.12, nu=2.5) + WhiteKernel(noise_level=0.134)",2.458282575523604,3.1227235375436573,0.13409303405676168,0.3661871571433953,44.82085012312579,6.694837572572301,0.3661871571433953,0.08357454012536362,80.106185,False,1e-08,numerical jitter only; separate from WhiteKernel nugget,240,241,True,False,False,False,True,True,False,"[""P"",""VX"",""LS"",""ST""]",79.69396577082917,18.28255699844402,"[157.92838105874873,0.6164996125532666,64.65540475128793,348.683526860504]","[52.93418057818907,0.24066077547735382,13.412000407542466,32.34593437423421]",F709F8DEE2F233920541FDD2D6D003E8C6105016380208D4D3B6E481528DF6F2,218.361623288,0.747470791734,71.375293786,300.016423613,3195439848,fmin_l_bfgs_b,1,-162.07806716575845,0.9932005000300705,0,0,,completed_without_convergence_warning,False,False,,False,,False,,False
phase4_new_response_compact,Phase 3B,F7F71204D643D1027D0FF4736F24213619BF6A09C2361C3C11F169797AC98A9C,944FFDF12B36D558FD8E5E53911BBA42AFDAA7B3B4676E82EAF7F6253420B58A,total_height,T0 total vertical melt-pool height,T0,matern52_learned_nugget,Matérn 5/2 + learned nugget,Matern,2.5,True,111,sim_00112,112,81.72946999999999,81.90635145695846,-0.17688145695846913,0.17688145695846913,0.03128704981575077,4.704775227929544,22.134909945339494,8.179453681253964,66.90346252377903,8.179453681253964,total predictive variance including learned WhiteKernel nugget,2.4682232674998352,3.0207977168073583,3.0207977168073583,72.68499201021655,91.12771090370038,65.87462224170069,97.93808067221623,True,True,"1.57**2 * Matern(length_scale=3.12, nu=2.5) + WhiteKernel(noise_level=0.134)",2.4571902108993755,3.1237652925895416,0.13371440726183054,0.36566980633056173,44.768552578439525,6.690930621254379,0.36566980633056173,0.08352576796978135,80.106185,False,1e-08,numerical jitter only; separate from WhiteKernel nugget,240,241,True,False,False,False,True,True,False,"[""P"",""VX"",""LS"",""ST""]",79.7344000416625,18.297738849145908,"[157.92771295629873,0.6157805304692958,64.65632441590002,348.6799134988665]","[52.93341680561501,0.24000965552858491,13.412453585623377,32.35132188399561]",F59453BE12C55E4F4B201FA6F04B35D8654F4F5B95D0851044AE6BBF9E8E05DA,218.521967876,0.920050491887,71.1545742791,300.883630406,1905685565,fmin_l_bfgs_b,1,-161.77836742479536,1.2650053999386728,0,0,,completed_without_convergence_warning,False,False,,False,,False,,False
phase4_new_response_compact,Phase 3B,F7F71204D643D1027D0FF4736F24213619BF6A09C2361C3C11F169797AC98A9C,944FFDF12B36D558FD8E5E53911BBA42AFDAA7B3B4676E82EAF7F6253420B58A,total_height,T0 total vertical melt-pool height,T0,matern52_learned_nugget,Matérn 5/2 + learned nugget,Matern,2.5,True,112,sim_00113,113,82.847825,82.82119318335634,0.026631816643657658,0.026631816643657658,0.000709253657741401,2.584568708438066,6.679995408637213,7.177304605378063,51.51370139838115,7.177304605378063,total predictive variance including learned WhiteKernel nugget,1.8685502711990747,2.8898693267590594,2.8898693267590594,77.75543851481774,87.88694785189494,68.75367615681535,96.88871020989734,True,True,"1.57**2 * Matern(length_scale=3.13, nu=2.5) + WhiteKernel(noise_level=0.134)",2.459924373084122,3.1284371697694624,0.13391853725253502,0.36594881780453264,44.83370598974394,6.695797636558615,0.36594881780453264,0.08358652501749542,80.106185,False,1e-08,numerical jitter only; separate from WhiteKernel nugget,240,241,True,False,False,False,True,True,False,"[""P"",""VX"",""LS"",""ST""]",79.7297402291625,18.297087764155858,"[157.92636265139876,0.6159578268390999,64.71869099400877,348.54985261156645]","[52.931866903193466,0.2402185485583657,13.407724161697413,32.480211907061566]",A64A57A8A77F30399882AE39C8F4AB25A88BDCD669FA29A6C34FA44CBEAC7D44,218.846041052,0.877499363134,56.186595533,332.098243358,1761892053,fmin_l_bfgs_b,1,-161.87896800773467,1.8039452999364585,0,0,,completed_without_convergence_warning,False,False,,False,,False,,False
phase4_new_response_compact,Phase 3B,F7F71204D643D1027D0FF4736F24213619BF6A09C2361C3C11F169797AC98A9C,944FFDF12B36D558FD8E5E53911BBA42AFDAA7B3B4676E82EAF7F6253420B58A,total_height,T0 total vertical melt-pool height,T0,matern52_learned_nugget,Matérn 5/2 + learned nugget,Matern,2.5,True,113,sim_00114,114,79.16712000000001,82.53244450968394,-3.36532450968393,3.36532450968393,11.325409055479383,4.8422490549399955,23.44737591006728,8.253120197611363,68.11399299622062,8.253120197611363,total predictive variance including learned WhiteKernel nugget,2.737824788981144,3.1126655684108044,3.1126655684108044,73.04163636200155,92.02325265736633,66.35632892236566,98.70856009700222,True,True,"1.57**2 * Matern(length_scale=3.12, nu=2.5) + WhiteKernel(noise_level=0.133)",2.4541937055126266,3.1199842564789493,0.13340391858056738,0.3652450117120936,44.666617086153344,6.683308842643242,0.3652450117120936,0.08343062202554324,80.106185,False,1e-08,numerical jitter only; separate from WhiteKernel nugget,240,241,True,False,False,False,True,True,False,"[""P"",""VX"",""LS"",""ST""]",79.74507649999583,18.298152276782897,"[157.9226857095029,0.6154827317857,64.68210689593586,348.2959070749874]","[52.927604133622864,0.2395872273338665,13.418971336824766,32.36940070714032]",A80F929B1D9C1A12C1AE5C8B7A428CCEDC7A948484B5BF10CCB7D4FBF74A628F,219.728507107,0.99152217595,64.9667790705,393.045172137,1318334460,fmin_l_bfgs_b,1,-161.63286949301892,1.4878675999352708,0,0,,completed_without_convergence_warning,False,False,,False,,False,,False
phase4_new_response_compact,Phase 3B,F7F71204D643D1027D0FF4736F24213619BF6A09C2361C3C11F169797AC98A9C,944FFDF12B36D558FD8E5E53911BBA42AFDAA7B3B4676E82EAF7F6253420B58A,total_height,T0 total vertical melt-pool height,T0,matern52_learned_nugget,Matérn 5/2 + learned nugget,Matern,2.5,True,114,sim_00115,115,114.232455,108.59892872259542,5.6335262774045844,5.6335262774045844,31.736618318207956,2.6998611558468997,7.289250260850957,7.231559638406827,52.29545480383467,7.231559638406827,total predictive variance including learned WhiteKernel nugget,4.089085561688649,3.2008289871368714,3.2008289871368714,103.3072008571355,113.89065658805534,94.42507183131804,122.7727856138728,False,True,"1.59**2 * Matern(length_scale=3.17, nu=2.5) + WhiteKernel(noise_level=0.136)",2.5356053090255357,3.169629799871801,0.13644583374786345,0.3693857519556804,45.00620454298372,6.708666375889005,0.3693857519556804,0.08374717103166261,80.106185,False,1e-08,numerical jitter only; separate from WhiteKernel nugget,240,241,True,False,False,False,True,True,False,"[""P"",""VX"",""LS"",""ST""]",79.59897093749584,18.1616814952135,"[157.92125354972788,0.6178419297967959,64.6509759650846,348.34292476258736]","[52.925927043295964,0.24048904557686648,13.409604991152642,32.426121357620914]",CB322BAFFECFA2002A09A47AD987A3F2CA202891A4A06B7001EF56FBB762F2B1,220.072225453,0.425314653287,72.43820247480001,381.760927113,3299330195,fmin_l_bfgs_b,1,-163.396247308914,0.9816217999905348,0,0,,completed_without_convergence_warning,False,False,,False,,False,,False
phase4_new_response_compact,Phase 3B,F7F71204D643D1027D0FF4736F24213619BF6A09C2361C3C11F169797AC98A9C,944FFDF12B36D558FD8E5E53911BBA42AFDAA7B3B4676E82EAF7F6253420B58A,total_height,T0 total vertical melt-pool height,T0,matern52_learned_nugget,Matérn 5/2 + learned nugget,Matern,2.5,True,115,sim_00116,116,90.409285,92.86234420603009,-2.4530592060300904,2.4530592060300904,6.017499468288977,2.6671194674013394,7.113526253391204,7.2088063897962735,51.966889565567584,7.2088063897962735,total predictive variance including learned WhiteKernel nugget,2.3228993531927236,2.952139358905321,2.952139358905321,87.63479004992347,98.08989836213671,78.73308368202939,106.99160473003079,True,True,"1.57**2 * Matern(length_scale=3.13, nu=2.5) + WhiteKernel(noise_level=0.134)",2.459802455378684,3.127797394413423,0.13415184491132168,0.36626744997518096,44.85336331217638,6.6972653607406345,0.36626744997518096,0.08360484725044183,80.106185,False,1e-08,numerical jitter only; separate from WhiteKernel nugget,240,241,True,False,False,False,True,True,False,"[""P"",""VX"",""LS"",""ST""]",79.69823414582916,18.285177569545027,"[157.92048679610292,0.6165463889641124,64.70842021292961,348.43877003966657]","[52.92502529748757,0.24068513510575304,13.413310811649724,32.49069650312566]",BB5D0C1C6EB654532D4A066F73EE8A51AF88F4872E2AA7BE1BCB66887301FAF2,220.256246323,0.736244453131,58.651582992,358.758060614,775685042,fmin_l_bfgs_b,1,-162.00201305525366,2.011711600003764,0,0,,completed_without_convergence_warning,False,False,,False,,False,,False
phase4_new_response_compact,Phase 3B,F7F71204D643D1027D0FF4736F24213619BF6A09C2361C3C11F169797AC98A9C,944FFDF12B36D558FD8E5E53911BBA42AFDAA7B3B4676E82EAF7F6253420B58A,total_height,T0 total vertical melt-pool height,T0,matern52_learned_nugget,Matérn 5/2 + learned nugget,Matern,2.5,True,116,sim_00117,117,80.9245,81.70085462988237,-0.7763546298823769,0.7763546298823769,0.6027265113398025,4.383548374492554,19.215496351516308,7.9989217389086145,63.98274898518481,7.9989217389086145,total predictive variance including learned WhiteKernel nugget,2.412480405622691,3.002955353619795,3.002955353619795,73.10909981587696,90.29260944388778,66.0229680216215,97.37874123814325,True,True,"1.57**2 * Matern(length_scale=3.13, nu=2.5) + WhiteKernel(noise_level=0.134)",2.457199115262302,3.126038351347882,0.13370626272370362,0.36565866969580196,44.767252633668505,6.690833478249814,0.36565866969580196,0.0835245552918269,80.106185,False,1e-08,numerical jitter only; separate from WhiteKernel nugget,240,241,True,False,False,False,True,True,False,"[""P"",""VX"",""LS"",""ST""]",79.73775408332916,18.29803046599726,"[157.91962654034876,0.6156692736766832,64.60988300960044,348.62539267002074]","[52.92401038279717,0.23986235100813175,13.370510298617479,32.42072540944036]",098B4631A80DACE6567C1DF5FCA08E5056B286905B0C8665F4B1777E13390CF9,220.462707704,0.946752122114,82.30051179099999,313.968629329,3143355205,fmin_l_bfgs_b,1,-161.77469801234773,1.1201967999804765,0,0,,completed_without_convergence_warning,False,False,,False,,False,,False
phase4_new_response_compact,Phase 3B,F7F71204D643D1027D0FF4736F24213619BF6A09C2361C3C11F169797AC98A9C,944FFDF12B36D558FD8E5E53911BBA42AFDAA7B3B4676E82EAF7F6253420B58A,total_height,T0 total vertical melt-pool height,T0,matern52_learned_nugget,Matérn 5/2 + learned nugget,Matern,2.5,True,117,sim_00118,118,92.934445,100.30557086787894,-7.371125867878945,7.371125867878945,54.33349656011413,2.7559536446070476,7.595280491222869,7.22085747918976,52.1407827347707,7.22085747918976,total predictive variance including learned WhiteKernel nugget,5.509495354218087,3.4169391029860314,3.4169391029860314,94.90390172444913,105.70724001130876,86.15269020866701,114.45845152709087,False,True,"1.56**2 * Matern(length_scale=3.11, nu=2.5) + WhiteKernel(noise_level=0.133)",2.4367744995774676,3.109882599486986,0.13333158528814626,0.3651459780528142,44.54550224354784,6.674241698016924,0.3651459780528142,0.08331743295498249,80.106185,False,1e-08,numerical jitter only; separate from WhiteKernel nugget,240,241,True,False,False,False,True,True,False,"[""P"",""VX"",""LS"",""ST""]",79.68771264582917,18.27828347886546,"[157.91498721519457,0.6169258931099832,64.6448716156796,348.6061343481041]","[52.91847855423157,0.2408017367991145,13.405724661988398,32.43992779724178]",C2CFE36097E873F153E3DF62681F4A7533DAEEDACA458AC0B240228287FACE7A,221.576145741,0.645163458122,73.90324633200001,318.590626589,735382070,fmin_l_bfgs_b,1,-161.66363961286436,1.3114680000580847,0,0,,completed_without_convergence_warning,False,False,,False,,False,,False
phase4_new_response_compact,Phase 3B,F7F71204D643D1027D0FF4736F24213619BF6A09C2361C3C11F169797AC98A9C,944FFDF12B36D558FD8E5E53911BBA42AFDAA7B3B4676E82EAF7F6253420B58A,total_height,T0 total vertical melt-pool height,T0,matern52_learned_nugget,Matérn 5/2 + learned nugget,Matern,2.5,True,118,sim_00119,119,106.4643349999,105.64017920669596,0.8241557932040422,0.8241557932040422,0.679232771471784,3.061700956645646,9.374012747924864,7.364897976076163,54.24172219801076,7.364897976076163,total predictive variance including learned WhiteKernel nugget,2.074138725950689,2.921924895730637,2.921924895730637,99.6392453316705,111.64111308172143,91.20497917358668,120.07537923980524,True,True,"1.57**2 * Matern(length_scale=3.13, nu=2.5) + WhiteKernel(noise_level=0.135)",2.4761913137961975,3.1279561860072356,0.13521042438922568,0.3677097012443725,44.867709450085904,6.698336319571145,0.3677097012443725,0.08361821649066355,80.106185,False,1e-08,numerical jitter only; separate from WhiteKernel nugget,240,241,True,False,False,False,True,True,False,"[""P"",""VX"",""LS"",""ST""]",79.63133810416292,18.21637094942884,"[157.90827958068624,0.617538552724825,64.61359644947294,348.62882198405816]","[52.91030615832992,0.24068572182868914,13.375298445859393,32.41701565562989]",1B82BF6FD6B459339D4CA24FEE8DC52329735E78455CA6F58FBB6C6747859486,223.185978023,0.49812515056,81.4092862216,313.14559396,3780444684,fmin_l_bfgs_b,1,-162.99213110915258,1.085237400024198,0,0,,completed_without_convergence_warning,False,False,,False,,False,,False
phase4_new_response_compact,Phase 3B,F7F71204D643D1027D0FF4736F24213619BF6A09C2361C3C11F169797AC98A9C,944FFDF12B36D558FD8E5E53911BBA42AFDAA7B3B4676E82EAF7F6253420B58A,total_height,T0 total vertical melt-pool height,T0,matern52_learned_nugget,Matérn 5/2 + learned nugget,Matern,2.5,True,119,sim_00120,120,85.86453,85.82464579709693,0.03988420290306749,0.03988420290306749,0.001590749641213057,2.632176364463375,6.9283524136396295,7.194234793444828,51.75701426321214,7.194234793444828,total predictive variance including learned WhiteKernel nugget,1.8868643521923962,2.8922338828228416,2.8922338828228416,80.66558012274872,90.98371147144515,71.72394560194508,99.9253459922488,True,True,"1.57**2 * Matern(length_scale=3.13, nu=2.5) + WhiteKernel(noise_level=0.134)",2.4550974938712367,3.1255356432922117,0.13395006833007025,0.3659918965360712,44.82866184957251,6.695420961341603,0.3659918965360712,0.08358182281857017,80.106185,False,1e-08,numerical jitter only; separate from WhiteKernel nugget,240,241,True,False,False,False,True,True,False,"[""P"",""VX"",""LS"",""ST""]",79.71717062499583,18.29390493262388,"[157.89890638150706,0.6160085852386167,64.6759142921271,348.41580891664154]","[52.89854064646153,0.2402725140648063,13.418495596158836,32.4814472566002]",8B3276AA7DB0F49286BE8BE7A8E0B00BC42BC98C882B0E7B400334488DE6EC3B,225.435545826,0.86531734725,66.4530039846,364.26873014,1367629718,fmin_l_bfgs_b,1,-161.91260093183544,1.0892875000135973,0,0,,completed_without_convergence_warning,False,False,,False,,False,,False
phase4_new_response_compact,Phase 3B,F7F71204D643D1027D0FF4736F24213619BF6A09C2361C3C11F169797AC98A9C,944FFDF12B36D558FD8E5E53911BBA42AFDAA7B3B4676E82EAF7F6253420B58A,total_height,T0 total vertical melt-pool height,T0,matern52_learned_nugget,Matérn 5/2 + learned nugget,Matern,2.5,True,120,sim_00121,121,80.85569000000001,79.70396086516801,1.1517291348319958,1.1517291348319958,1.3264800000208576,3.3797318792435456,11.422587575575108,7.497805500143914,56.21708731798833,7.497805500143914,total predictive variance including learned WhiteKernel nugget,2.194798815398442,2.945346747367268,2.945346747367268,73.07968638185066,86.32823534848536,65.00826208488594,94.39965964545009,True,True,"1.57**2 * Matern(length_scale=3.13, nu=2.5) + WhiteKernel(noise_level=0.134)",2.4637724881737753,3.130722580887916,0.1337873776083078,0.36576956900254537,44.79449974241323,6.6928693205839025,0.36576956900254537,0.08354996958828963,80.106185,False,1e-08,numerical jitter only; separate from WhiteKernel nugget,240,241,True,False,False,False,True,True,False,"[""P"",""VX"",""LS"",""ST""]",79.73804079166251,18.29804851955119,"[157.89496935620292,0.6156771961821332,64.7327739080346,348.5611668858332]","[52.89347861568465,0.23987325469060142,13.39697564757926,32.47400557990732]",14144643245EEFDB8124FE74720CDC4E71956A893849DCF8E1A01E6B768B00A4,226.380431899,0.944850720806,52.8066961668,329.382817534,410927393,fmin_l_bfgs_b,1,-161.78929679235728,1.3651671999832615,0,0,,completed_without_convergence_warning,False,False,,False,,False,,False
phase4_new_response_compact,Phase 3B,F7F71204D643D1027D0FF4736F24213619BF6A09C2361C3C11F169797AC98A9C,944FFDF12B36D558FD8E5E53911BBA42AFDAA7B3B4676E82EAF7F6253420B58A,total_height,T0 total vertical melt-pool height,T0,matern52_learned_nugget,Matérn 5/2 + learned nugget,Matern,2.5,True,121,sim_00122,122,101.56347,101.95215584322467,-0.38868584322467825,0.38868584322467825,0.15107668472327915,3.4776282236681473,12.093898062053274,7.5419147283595755,56.88047776984709,7.5419147283595755,total predictive variance including learned WhiteKernel nugget,2.1715350377267324,2.9407426445139553,2.9407426445139553,95.1360045248351,108.76830716161425,87.1700029756399,116.73430871080944,True,True,"1.57**2 * Matern(length_scale=3.12, nu=2.5) + WhiteKernel(noise_level=0.135)",2.463414195922428,3.1226638149352075,0.13456230219560458,0.3668273465754763,44.78657970779382,6.69227761735822,0.3668273465754763,0.08354258310214399,80.106185,False,1e-08,numerical jitter only; separate from WhiteKernel nugget,240,241,True,False,False,False,True,True,False,"[""P"",""VX"",""LS"",""ST""]",79.65175837499584,18.243671525130573,"[157.8891103660654,0.6183439308124082,64.64700321586294,348.4366805563332]","[52.88581374789672,0.23996030933479026,13.407155887180835,32.49001666812753]",6CC53C349B32F9E1F0A3CCA59479183CA4C289173D35BF73A8EDA5019AF12F53,227.786589532,0.30483440954,73.39166228799999,359.259536614,2708042715,fmin_l_bfgs_b,1,-162.49749605264236,0.8479398000054061,0,0,,completed_without_convergence_warning,False,False,,False,,False,,False
phase4_new_response_compact,Phase 3B,F7F71204D643D1027D0FF4736F24213619BF6A09C2361C3C11F169797AC98A9C,944FFDF12B36D558FD8E5E53911BBA42AFDAA7B3B4676E82EAF7F6253420B58A,total_height,T0 total vertical melt-pool height,T0,matern52_learned_nugget,Matérn 5/2 + learned nugget,Matern,2.5,True,122,sim_00123,123,106.86444,110.3042207890608,-3.439780789060805,3.439780789060805,11.832091876791774,4.1268301921935295,17.030727435200085,7.855650439654802,61.71124383004869,7.855650439654802,total predictive variance including learned WhiteKernel nugget,2.683822961138199,3.0760381880232246,3.0760381880232246,102.21563361236149,118.39280796576013,94.9071459273374,125.70129565078422,True,True,"1.58**2 * Matern(length_scale=3.12, nu=2.5) + WhiteKernel(noise_level=0.135)",2.485713960420042,3.1206325214241866,0.13468289540719747,0.3669916830218329,44.68051639484861,6.684348614102095,0.3669916830218329,0.08344360194037571,80.106185,False,1e-08,numerical jitter only; separate from WhiteKernel nugget,240,241,True,False,False,False,True,True,False,"[""P"",""VX"",""LS"",""ST""]",79.62967099999584,18.213896726658064,"[157.88810479896955,0.61750901064385,64.60001171371377,348.33103937082495]","[52.884482401514994,0.2406999414290819,13.356564047123541,32.413344935812276]",A63846E081B32A935ADADA851B72F5DA9818B8586DF467F9A395FE4CC4746F06,228.027925635,0.505215249994,84.6696228038,384.613421136,1074211905,fmin_l_bfgs_b,1,-162.88328131308754,0.7839989999774843,0,0,,completed_without_convergence_warning,False,False,,False,,False,,False
phase4_new_response_compact,Phase 3B,F7F71204D643D1027D0FF4736F24213619BF6A09C2361C3C11F169797AC98A9C,944FFDF12B36D558FD8E5E53911BBA42AFDAA7B3B4676E82EAF7F6253420B58A,total_height,T0 total vertical melt-pool height,T0,matern52_learned_nugget,Matérn 5/2 + learned nugget,Matern,2.5,True,123,sim_00124,124,115.42208,104.97700212130444,10.445077878695557,10.445077878695557,109.09965189201527,2.8691603079106214,8.232080872489771,7.268660770321676,52.83342939401331,7.268660770321676,total predictive variance including learned WhiteKernel nugget,8.599450904320618,3.934997536536975,3.934997536536975,99.35344791779961,110.60055632480926,90.73042701147395,119.22357723113493,False,True,"1.6**2 * Matern(length_scale=3.18, nu=2.5) + WhiteKernel(noise_level=0.135)",2.5685980021628194,3.1761706846960065,0.13536175631362668,0.36791542005415684,44.601348521523526,6.678424104646509,0.36791542005415684,0.0833696437378276,80.106185,False,1e-08,numerical jitter only; separate from WhiteKernel nugget,240,241,True,False,False,False,True,True,False,"[""P"",""VX"",""LS"",""ST""]",79.5940141666625,18.15206360109465,"[157.88422322531957,0.6176123895144708,64.69948248863794,348.5331124847124]","[52.87929975010478,0.24064635585574798,13.416628631276966,32.48765047990072]",63FA027DD7977E38D59C05D6525D78FE01A61AF084DA0692109EFD7EF0790462,228.959503311,0.480404321045,60.796636822,336.115873803,18516319,fmin_l_bfgs_b,1,-162.7653587585233,2.430789800011553,0,0,,completed_without_convergence_warning,False,False,,False,,False,,False
phase4_new_response_compact,Phase 3B,F7F71204D643D1027D0FF4736F24213619BF6A09C2361C3C11F169797AC98A9C,944FFDF12B36D558FD8E5E53911BBA42AFDAA7B3B4676E82EAF7F6253420B58A,total_height,T0 total vertical melt-pool height,T0,matern52_learned_nugget,Matérn 5/2 + learned nugget,Matern,2.5,True,124,sim_00125,125,108.13374,103.46051489518094,4.673225104819068,4.673225104819068,21.839032880311187,3.354683159348041,11.253899099613355,7.48704244175156,56.05580452458917,7.48704244175156,total predictive variance including learned WhiteKernel nugget,3.099583255751216,3.126909632883783,3.126909632883783,96.88533590285877,110.0356938875031,88.78591170934787,118.135118081014,True,True,"1.58**2 * Matern(length_scale=3.14, nu=2.5) + WhiteKernel(noise_level=0.135)",2.489963029989681,3.1362768559451637,0.13516892712260464,0.36765327024603583,44.801905424975814,6.693422549411909,0.36765327024603583,0.08355687578196251,80.106185,False,1e-08,numerical jitter only; separate from WhiteKernel nugget,240,241,True,False,False,False,True,True,False,"[""P"",""VX"",""LS"",""ST""]",79.62438224999583,18.205801746119732,"[157.8824524662154,0.6180534639829874,64.7186798554446,348.49190580735404]","[52.87691246646483,0.24029720115595446,13.407731248680728,32.497100860659444]",7A7012B1861E6DA48351405F2FCF946649E95E745ED04A32B547EFFF4BD7B6B7,229.384485496,0.374546448601,56.1892687884,346.005476369,839876758,fmin_l_bfgs_b,1,-162.83296141489186,1.2750812000595033,0,0,,completed_without_convergence_warning,False,False,,False,,False,,False
phase4_new_response_compact,Phase 3B,F7F71204D643D1027D0FF4736F24213619BF6A09C2361C3C11F169797AC98A9C,944FFDF12B36D558FD8E5E53911BBA42AFDAA7B3B4676E82EAF7F6253420B58A,total_height,T0 total vertical melt-pool height,T0,matern52_learned_nugget,Matérn 5/2 + learned nugget,Matern,2.5,True,125,sim_00126,126,113.44244,104.99535899430225,8.447081005697754,8.447081005697754,71.35317751681978,3.361114750713339,11.297092367462792,7.48395685637572,56.009610228093145,7.48395685637572,total predictive variance including learned WhiteKernel nugget,5.289244068995021,3.5686728072852834,3.5686728072852834,98.4075740829041,111.5831439057004,90.32680355580584,119.66391443279866,False,True,"1.59**2 * Matern(length_scale=3.15, nu=2.5) + WhiteKernel(noise_level=0.135)",2.5162733019077446,3.1506338301927332,0.13546289348226798,0.3680528406116002,44.71251786063035,6.686741946615732,0.3680528406116002,0.0834734789406802,80.106185,False,1e-08,numerical jitter only; separate from WhiteKernel nugget,240,241,True,False,False,False,True,True,False,"[""P"",""VX"",""LS"",""ST""]",79.6022626666625,18.16788571854044,"[157.88240314778207,0.6176204729910417,64.67231846692377,348.62692111633737]","[52.87684577074829,0.24064171417830416,13.417903254094183,32.419082822591946]",3517C712130A23A0DF044AD35DA63F4ED2AAACDFEF8CD32D0B3AAC81C9A56C43,229.39632192,0.478464286668,67.3160020334,313.601802213,3939091259,fmin_l_bfgs_b,1,-162.94967479447945,1.4567328999983147,0,0,,completed_without_convergence_warning,False,False,,False,,False,,False
phase4_new_response_compact,Phase 3B,F7F71204D643D1027D0FF4736F24213619BF6A09C2361C3C11F169797AC98A9C,944FFDF12B36D558FD8E5E53911BBA42AFDAA7B3B4676E82EAF7F6253420B58A,total_height,T0 total vertical melt-pool height,T0,matern52_learned_nugget,Matérn 5/2 + learned nugget,Matern,2.5,True,126,sim_00127,127,82.58046,86.01144070900422,-3.430980709004217,3.430980709004217,11.77162862555908,2.6787294570953346,7.175591504310266,7.209674554981165,51.979407188742854,7.209674554981165,total predictive variance including learned WhiteKernel nugget,2.7245360629358655,3.0075959245254866,3.0075959245254866,80.76113097309737,91.26175044491107,71.88047858124114,100.1424028367673,True,True,"1.57**2 * Matern(length_scale=3.13, nu=2.5) + WhiteKernel(noise_level=0.134)",2.463656659463471,3.132609545967448,0.13382659720939585,0.3658231775180406,44.80381568443259,6.693565244653449,0.3658231775180406,0.08355865710810531,80.106185,False,1e-08,numerical jitter only; separate from WhiteKernel nugget,240,241,True,False,False,False,True,True,False,"[""P"",""VX"",""LS"",""ST""]",79.73085424999584,18.297269435103946,"[157.88224688434042,0.615960082790729,64.67056109237086,348.43817768473315]","[52.876634374329726,0.24022100219396322,13.417529264202777,32.49050706482941]",80691B2A0FD129BC2ECD9C39EE5B4DB756657893EA4DBD4A796A98985FD6CF43,229.433825146,0.876957934743,67.73777192610001,358.900225798,1513908833,fmin_l_bfgs_b,1,-161.74409139182737,1.811929100076668,0,0,,completed_without_convergence_warning,False,False,,False,,False,,False
phase4_new_response_compact,Phase 3B,F7F71204D643D1027D0FF4736F24213619BF6A09C2361C3C11F169797AC98A9C,944FFDF12B36D558FD8E5E53911BBA42AFDAA7B3B4676E82EAF7F6253420B58A,total_height,T0 total vertical melt-pool height,T0,matern52_learned_nugget,Matérn 5/2 + learned nugget,Matern,2.5,True,127,sim_00128,128,90.24194,87.94847429458756,2.2934657054124443,2.2934657054124443,5.259984941903001,2.675293160377106,7.157193493960524,7.204598172077538,51.906234821103,7.204598172077538,total predictive variance including learned WhiteKernel nugget,2.2704589183183854,2.9443261322880545,2.9443261322880545,82.70489970024843,93.19204888892668,73.82746187731559,102.06948671185953,True,True,"1.56**2 * Matern(length_scale=3.11, nu=2.5) + WhiteKernel(noise_level=0.134)",2.4424227242816228,3.1144593642854312,0.13383389633434037,0.36583315368394426,44.749041327142464,6.689472425172442,0.36583315368394426,0.08350756468021092,80.106185,False,1e-08,numerical jitter only; separate from WhiteKernel nugget,240,241,True,False,False,False,True,True,False,"[""P"",""VX"",""LS"",""ST""]",79.69893141666249,18.285582806832497,"[157.87042019278624,0.6161581808971249,64.66605036146753,348.52625478344993]","[52.86030946789225,0.24041646933261626,13.41631533906637,32.49009706613558]",83DE6AD261DEC9A671526694242B5CF25CE768AD2C690F9BF54D57D734C94B07,232.272231119,0.829414389208,68.8203473429,337.761722106,1619055960,fmin_l_bfgs_b,1,-161.97557079350673,2.2278567000757903,0,0,,completed_without_convergence_warning,False,False,,False,,False,,False
phase4_new_response_compact,Phase 3B,F7F71204D643D1027D0FF4736F24213619BF6A09C2361C3C11F169797AC98A9C,944FFDF12B36D558FD8E5E53911BBA42AFDAA7B3B4676E82EAF7F6253420B58A,total_height,T0 total vertical melt-pool height,T0,matern52_learned_nugget,Matérn 5/2 + learned nugget,Matern,2.5,True,128,sim_00129,129,98.02914,99.98530857101093,-1.9561685710109344,1.9561685710109344,3.8265954782109612,3.464504828266734,12.002793705083512,7.537795639951471,56.81836310967141,7.537795639951471,total predictive variance including learned WhiteKernel nugget,2.3209126164554084,2.972542249800073,2.972542249800073,93.19487910760813,106.77573803441373,85.21122911670605,114.75938802531581,True,True,"1.57**2 * Matern(length_scale=3.12, nu=2.5) + WhiteKernel(noise_level=0.134)",2.4629586774190817,3.1231508864477253,0.1344098881788035,0.3666195414579036,44.815569404587905,6.694443173602111,0.3666195414579036,0.08356961667319585,80.106185,False,1e-08,numerical jitter only; separate from WhiteKernel nugget,240,241,True,False,False,False,True,True,False,"[""P"",""VX"",""LS"",""ST""]",79.66648474999583,18.259919116643125,"[157.8626932272904,0.6167512585689999,64.6956682284217,348.3560911085541]","[52.8492963760602,0.24076599449744004,13.417607482688313,32.43904367066864]",01ACC1551073B253CCACFAFE08E68075319A7D071BED47B20C2796A753A060BF,234.126702838,0.687075747958,61.7120592739,378.601004081,2917404693,fmin_l_bfgs_b,1,-162.33458399595847,1.22925660002511,0,0,,completed_without_convergence_warning,False,False,,False,,False,,False
phase4_new_response_compact,Phase 3B,F7F71204D643D1027D0FF4736F24213619BF6A09C2361C3C11F169797AC98A9C,944FFDF12B36D558FD8E5E53911BBA42AFDAA7B3B4676E82EAF7F6253420B58A,total_height,T0 total vertical melt-pool height,T0,matern52_learned_nugget,Matérn 5/2 + learned nugget,Matern,2.5,True,129,sim_00130,130,91.66143,91.06259774457054,0.598832255429457,0.598832255429457,0.3586000701427304,2.611599858248279,6.820453819602432,7.18614282331061,51.64064867701859,7.18614282331061,total predictive variance including learned WhiteKernel nugget,1.9051901176735813,2.894565168620123,2.894565168620123,85.9438620224039,96.18133346673717,76.97775781088174,105.14743767825934,True,True,"1.56**2 * Matern(length_scale=3.12, nu=2.5) + WhiteKernel(noise_level=0.134)",2.4479467835477453,3.120171827836937,0.13410009916229795,0.3661968038668524,44.82019485741615,6.694788634259946,0.3661968038668524,0.08357392920733832,80.106185,False,1e-08,numerical jitter only; separate from WhiteKernel nugget,240,241,True,False,False,False,True,True,False,"[""P"",""VX"",""LS"",""ST""]",79.69301687499583,18.281941741616464,"[157.8517051147779,0.6162799428811542,64.67008606033336,348.4502857359123]","[52.83316226009509,0.2405170236450215,13.417418646146299,32.493861998476135]",9929CD9EBA2AC858483589FA71675B8972A7F8DEF02932FCB05FE01F792B01A5,236.763849841,0.800191513041,67.8517796151,355.994293515,3127531596,fmin_l_bfgs_b,1,-162.07746953043323,1.2440969999879599,0,0,,completed_without_convergence_warning,False,False,,False,,False,,False
phase4_new_response_compact,Phase 3B,F7F71204D643D1027D0FF4736F24213619BF6A09C2361C3C11F169797AC98A9C,944FFDF12B36D558FD8E5E53911BBA42AFDAA7B3B4676E82EAF7F6253420B58A,total_height,T0 total vertical melt-pool height,T0,matern52_learned_nugget,Matérn 5/2 + learned nugget,Matern,2.5,True,130,sim_00131,131,82.99588,82.8254725304205,0.17040746957950148,0.17040746957950148,0.029038705688488722,5.24070367074871,27.464974964599,8.496582198282768,72.19190905217563,8.496582198282768,total predictive variance including learned WhiteKernel nugget,2.5759229606078997,3.058803643127825,3.058803643127825,72.55369333575302,93.09725172508797,66.17217142178627,99.47877363905472,True,True,"1.57**2 * Matern(length_scale=3.12, nu=2.5) + WhiteKernel(noise_level=0.134)",2.452670991075079,3.1215804746493028,0.13360118080751,0.36551495291917946,44.72693408757665,6.6878198306755126,0.36551495291917946,0.0834869346315208,80.106185,False,1e-08,numerical jitter only; separate from WhiteKernel nugget,240,241,True,False,False,False,True,True,False,"[""P"",""VX"",""LS"",""ST""]",79.72912333332917,18.29698012971383,"[157.8504653620279,0.6157070432067457,64.75518212734627,348.385585241029]","[52.83130701478844,0.23991376226225328,13.372488895197451,32.463302394848796]",235F7400628AF04EAB633EA94F23975C93BA3188E6DE3276F97BB092E219EB45,237.061390501,0.937687434899,47.428723532,371.522412287,1432667632,fmin_l_bfgs_b,1,-161.70957663996734,1.869291799957864,0,0,,completed_without_convergence_warning,False,False,,False,,False,,False
phase4_new_response_compact,Phase 3B,F7F71204D643D1027D0FF4736F24213619BF6A09C2361C3C11F169797AC98A9C,944FFDF12B36D558FD8E5E53911BBA42AFDAA7B3B4676E82EAF7F6253420B58A,total_height,T0 total vertical melt-pool height,T0,matern52_learned_nugget,Matérn 5/2 + learned nugget,Matern,2.5,True,131,sim_00132,132,87.064925,86.63548247073714,0.4294425292628574,0.4294425292628574,0.18442088593968015,3.6195798828861623,13.101358528594204,7.609113044128294,57.89860131832335,7.609113044128294,total predictive variance including learned WhiteKernel nugget,2.212334733071906,2.949877766448417,2.949877766448417,79.54110590028027,93.72985904119402,71.7216209042457,101.5493440372286,True,True,"1.56**2 * Matern(length_scale=3.12, nu=2.5) + WhiteKernel(noise_level=0.134)",2.4473378970111836,3.121595056364395,0.133883199189291,0.3659005318242801,44.79724278972914,6.693074240566075,0.3659005318242801,0.08355252769266287,80.106185,False,1e-08,numerical jitter only; separate from WhiteKernel nugget,240,241,True,False,False,False,True,True,False,"[""P"",""VX"",""LS"",""ST""]",79.7121689791625,18.29205933972338,"[157.84932652856122,0.6159541787505541,64.70967408206253,348.34069488901656]","[52.82959655555723,0.24021456993854817,13.412730485258777,32.42380471390868]",D80DD5D734A97984E78C8FB7256B1EF6CB4EF9B3029058C927937BABAC4A15B8,237.334710533,0.878374904385,58.3506544001,382.29609677,247321667,fmin_l_bfgs_b,1,-161.899699047345,1.4965931000187993,0,0,,completed_without_convergence_warning,False,False,,False,,False,,False
phase4_new_response_compact,Phase 3B,F7F71204D643D1027D0FF4736F24213619BF6A09C2361C3C11F169797AC98A9C,944FFDF12B36D558FD8E5E53911BBA42AFDAA7B3B4676E82EAF7F6253420B58A,total_height,T0 total vertical melt-pool height,T0,matern52_learned_nugget,Matérn 5/2 + learned nugget,Matern,2.5,True,132,sim_00133,133,97.22317,97.77055231188896,-0.5473823118889669,0.5473823118889669,0.29962739536891025,5.048089001068384,25.483202562707593,8.38044342624065,70.23183202042011,8.38044342624065,total predictive variance including learned WhiteKernel nugget,2.5438272087923774,3.046972492119094,3.046972492119094,87.87629786979493,107.664806753983,81.34488319645729,114.19622142732064,True,True,"1.57**2 * Matern(length_scale=3.12, nu=2.5) + WhiteKernel(noise_level=0.134)",2.4592440742707766,3.1231969586282973,0.1341605919542799,0.3662793905672006,44.748629457712525,6.689441640205295,0.3662793905672006,0.08350718037821045,80.106185,False,1e-08,numerical jitter only; separate from WhiteKernel nugget,240,241,True,False,False,False,True,True,False,"[""P"",""VX"",""LS"",""ST""]",79.66984295832917,18.2632214983387,"[157.84522414451123,0.6185559064246375,64.70608444312627,348.333058551954]","[52.823385513966436,0.23966061065290242,13.414316487698125,32.41558990285128]",4E762C49C3A40E44144B18E4A397F966EACE37ACD2431CEA65D210B4DE788A99,238.319282705,0.253960262605,59.2121677448,384.128817665,39454878,fmin_l_bfgs_b,1,-162.13519453680922,0.9146974999457598,0,0,,completed_without_convergence_warning,False,False,,False,,False,,False
phase4_new_response_compact,Phase 3B,F7F71204D643D1027D0FF4736F24213619BF6A09C2361C3C11F169797AC98A9C,944FFDF12B36D558FD8E5E53911BBA42AFDAA7B3B4676E82EAF7F6253420B58A,total_height,T0 total vertical melt-pool height,T0,matern52_learned_nugget,Matérn 5/2 + learned nugget,Matern,2.5,True,133,sim_00134,134,98.83859,97.710579865301,1.1280101346989966,1.1280101346989966,1.2724068639836483,2.9599342798576616,8.761210941076493,7.318908977538371,53.56642862149176,7.318908977538371,total predictive variance including learned WhiteKernel nugget,2.076721523016663,2.9212767091822402,2.9212767091822402,91.90910867677998,103.51205105382202,83.36551826932579,112.05564146127621,True,True,"1.56**2 * Matern(length_scale=3.12, nu=2.5) + WhiteKernel(noise_level=0.134)",2.4485241049665643,3.115299468906498,0.13442988608572426,0.36664681382186354,44.805217680415254,6.693669970981185,0.36664681382186354,0.08355996445194819,80.106185,False,1e-08,numerical jitter only; separate from WhiteKernel nugget,240,241,True,False,False,False,True,True,False,"[""P"",""VX"",""LS"",""ST""]",79.6631120416625,18.256452036791256,"[157.84418423904876,0.6167293726961791,64.70065188299336,348.50072410332484]","[52.82179877392225,0.24075936211027185,13.416276172424833,32.496137793307305]",CCA14BD8FF4E8EB56BC6A5296F427A05D6475A57C15BBD15D5A76D25B2F17774,238.568860016,0.692328357435,60.5159821767,343.889085336,526292112,fmin_l_bfgs_b,1,-162.4035941187102,1.204700000002049,0,0,,completed_without_convergence_warning,False,False,,False,,False,,False
phase4_new_response_compact,Phase 3B,F7F71204D643D1027D0FF4736F24213619BF6A09C2361C3C11F169797AC98A9C,944FFDF12B36D558FD8E5E53911BBA42AFDAA7B3B4676E82EAF7F6253420B58A,total_height,T0 total vertical melt-pool height,T0,matern52_learned_nugget,Matérn 5/2 + learned nugget,Matern,2.5,True,134,sim_00135,135,114.23849,107.80209509434174,6.436394905658261,6.436394905658261,41.42717938158362,3.6408339870268516,13.255672121089841,7.6265280312893635,58.16392981204241,7.6265280312893635,total predictive variance including learned WhiteKernel nugget,3.773772159969568,3.306695548662027,3.306695548662027,100.66606047976911,114.93812970891436,92.85410015301458,122.75009003566889,True,True,"1.58**2 * Matern(length_scale=3.15, nu=2.5) + WhiteKernel(noise_level=0.136)",2.486482792396825,3.145224793898091,0.13614960614667349,0.3689845608513634,44.90825769095258,6.7013623757376815,0.3689845608513634,0.08365599205276948,80.106185,False,1e-08,numerical jitter only; separate from WhiteKernel nugget,240,241,True,False,False,False,True,True,False,"[""P"",""VX"",""LS"",""ST""]",79.5989457916625,18.161633539017274,"[157.8375928094029,0.6176790026441333,64.62497623996586,348.633418333404]","[52.81162535802992,0.2406061501239327,13.388415214884821,32.41190562007332]",ED53AE6B77D8E785D7BEDB85B4C5E2A8A612B4B6362C799150175897C53C0428,240.150803131,0.464417169926,78.67813650330001,312.042470117,3116906437,fmin_l_bfgs_b,1,-163.3109061004093,0.8550430999603122,0,0,,completed_without_convergence_warning,False,False,,False,,False,,False
phase4_new_response_compact,Phase 3B,F7F71204D643D1027D0FF4736F24213619BF6A09C2361C3C11F169797AC98A9C,944FFDF12B36D558FD8E5E53911BBA42AFDAA7B3B4676E82EAF7F6253420B58A,total_height,T0 total vertical melt-pool height,T0,matern52_learned_nugget,Matérn 5/2 + learned nugget,Matern,2.5,True,135,sim_00137,137,105.01098,108.62998235008186,-3.619002350081857,3.619002350081857,13.097178009898004,3.7593799737391915,14.132937786951285,7.6575588792936475,58.638207989848986,7.6575588792936475,total predictive variance including learned WhiteKernel nugget,2.7065491059322104,3.0663096321511625,3.0663096321511625,101.26159760155305,115.99836709861067,93.6211669466663,123.63879775349741,True,True,"1.56**2 * Matern(length_scale=3.08, nu=2.5) + WhiteKernel(noise_level=0.134)",2.4258397871632384,3.082339252999753,0.13399054642592562,0.36604719152853177,44.505270202897705,6.671227038776128,0.36604719152853177,0.08327979966560795,80.106185,False,1e-08,numerical jitter only; separate from WhiteKernel nugget,240,241,True,False,False,False,True,True,False,"[""P"",""VX"",""LS"",""ST""]",79.63739374999584,18.225046368798967,"[157.82181743302374,0.6173410896704999,64.71570059460878,348.43325173402076]","[52.78646373216179,0.2407641567445189,13.409546629275486,32.48883085616228]",E2B112F6FFA52709C4FF18E1FBDF4D5A41881D44A84AE3E339E58B5BBFB3208C,243.936893462,0.545516283598,56.904291389,360.082453969,1959643704,fmin_l_bfgs_b,1,-162.67835694458824,1.369596700067632,0,0,,completed_without_convergence_warning,False,False,,False,,False,,False
phase4_new_response_compact,Phase 3B,F7F71204D643D1027D0FF4736F24213619BF6A09C2361C3C11F169797AC98A9C,944FFDF12B36D558FD8E5E53911BBA42AFDAA7B3B4676E82EAF7F6253420B58A,total_height,T0 total vertical melt-pool height,T0,matern52_learned_nugget,Matérn 5/2 + learned nugget,Matern,2.5,True,136,sim_00138,138,99.61412,99.98010935426348,-0.36598935426347623,0.36598935426347623,0.1339482074341963,3.684980126880438,13.57907853550377,7.64196434822311,58.39961909951306,7.64196434822311,total predictive variance including learned WhiteKernel nugget,2.228135819648556,2.95374004130119,2.95374004130119,92.75754830557781,107.20267040294914,85.00185923174618,114.95835947678077,True,True,"1.57**2 * Matern(length_scale=3.12, nu=2.5) + WhiteKernel(noise_level=0.135)",2.455449600356907,3.1206134602272435,0.13452689487535457,0.36677908183994706,44.82054056400928,6.694814453292136,0.36677908183994706,0.08357425151743447,80.106185,False,1e-08,numerical jitter only; separate from WhiteKernel nugget,240,241,True,False,False,False,True,True,False,"[""P"",""VX"",""LS"",""ST""]",79.6598806666625,18.25298874654357,"[157.82010928987376,0.6167295017403999,64.62474168979419,348.6302739147749]","[52.78367035754422,0.24075940262211132,13.388168521703536,32.41541851630467]",E2B03A61A9D031D8088053FE7082468F89453CCA8E880C404963EB35BE9ED12C,244.346847818,0.692297386822,78.73442854449999,312.797130588,2894423794,fmin_l_bfgs_b,1,-162.46955065851913,1.5308749000541866,0,0,,completed_without_convergence_warning,False,False,,False,,False,,False
phase4_new_response_compact,Phase 3B,F7F71204D643D1027D0FF4736F24213619BF6A09C2361C3C11F169797AC98A9C,944FFDF12B36D558FD8E5E53911BBA42AFDAA7B3B4676E82EAF7F6253420B58A,total_height,T0 total vertical melt-pool height,T0,matern52_learned_nugget,Matérn 5/2 + learned nugget,Matern,2.5,True,137,sim_00139,139,111.09399,108.91430021889263,2.1796897811073705,2.1796897811073705,4.751047541863897,5.157387407487885,26.598644870914608,8.445959599447669,71.33423355550222,8.445959599447669,total predictive variance including learned WhiteKernel nugget,2.6486786228897343,3.085928021156231,3.085928021156231,98.80582090021637,119.0227795375689,92.36021940397521,125.46838103381006,True,True,"1.56**2 * Matern(length_scale=3.1, nu=2.5) + WhiteKernel(noise_level=0.135)",2.444223119776976,3.1044446433937822,0.13527083538080673,0.36779183702307305,44.735588684587626,6.688466841106983,0.36779183702307305,0.08349501154133084,80.106185,False,1e-08,numerical jitter only; separate from WhiteKernel nugget,240,241,True,False,False,False,True,True,False,"[""P"",""VX"",""LS"",""ST""]",79.61204787499582,18.18546843030502,"[157.81956906362376,0.6175504495757834,64.5886449257517,348.53191508414574]","[52.782784106642495,0.24067974841135045,13.338306151273542,32.48810282216162]",7192BEEF801210F9D85E60D8195F539818643E1CAB02C7D84892AD3EE0CBC41E,244.476502118,0.49526990633,87.3976519147,336.403249939,1153333871,fmin_l_bfgs_b,1,-163.21719155808356,1.4191640999633819,0,0,,completed_without_convergence_warning,False,False,,False,,False,,False
phase4_new_response_compact,Phase 3B,F7F71204D643D1027D0FF4736F24213619BF6A09C2361C3C11F169797AC98A9C,944FFDF12B36D558FD8E5E53911BBA42AFDAA7B3B4676E82EAF7F6253420B58A,total_height,T0 total vertical melt-pool height,T0,matern52_learned_nugget,Matérn 5/2 + learned nugget,Matern,2.5,True,138,sim_00140,140,98.985895,101.31378841633386,-2.3278934163338647,2.3278934163338647,5.419087757810552,4.09589667314012,16.776369557040304,7.848033508641485,61.59162995275958,7.848033508641485,total predictive variance including learned WhiteKernel nugget,2.490433743213791,3.023193604622422,3.023193604622422,93.28583093697922,109.3417458956885,85.93164273939655,116.69593409327118,True,True,"1.57**2 * Matern(length_scale=3.13, nu=2.5) + WhiteKernel(noise_level=0.134)",2.470033314894202,3.128207550487747,0.13446955077048073,0.36670090096764246,44.815260395719285,6.694420094057384,0.36670090096764246,0.08356932856130128,80.106185,False,1e-08,numerical jitter only; separate from WhiteKernel nugget,240,241,True,False,False,False,True,True,False,"[""P"",""VX"",""LS"",""ST""]",79.66249827082916,18.255804870924212,"[157.81175638674458,0.6166519940923375,64.63255855129003,348.3967824512915]","[52.769816587469016,0.24073206678985454,13.395854485635493,32.47081647005691]",E01DE1656344FCCEB260D019D0DBE31E21F3F0BC82A8D58A973A5EE6A1735446,246.351544569,0.710899222357,76.8583817855,368.835081824,656565390,fmin_l_bfgs_b,1,-162.3293608035369,2.033308899961412,0,0,,completed_without_convergence_warning,False,False,,False,,False,,False
phase4_new_response_compact,Phase 3B,F7F71204D643D1027D0FF4736F24213619BF6A09C2361C3C11F169797AC98A9C,944FFDF12B36D558FD8E5E53911BBA42AFDAA7B3B4676E82EAF7F6253420B58A,total_height,T0 total vertical melt-pool height,T0,matern52_learned_nugget,Matérn 5/2 + learned nugget,Matern,2.5,True,139,sim_00141,141,86.108165,83.38693849531772,2.721226504682278,2.721226504682278,7.405073689785327,5.22756279429274,27.327412768273717,8.489933951541957,72.07897850154482,8.489933951541957,total predictive variance including learned WhiteKernel nugget,2.708371710330877,3.1091875302563525,3.1091875302563525,73.14091541850395,93.63296157213149,66.74666795029549,100.02720904033995,True,True,"1.57**2 * Matern(length_scale=3.13, nu=2.5) + WhiteKernel(noise_level=0.134)",2.4675891693155187,3.1341054776325374,0.13372478796336545,0.36568400014680086,44.751565733271114,6.689661107505455,0.36568400014680086,0.08350992008301801,80.106185,False,1e-08,numerical jitter only; separate from WhiteKernel nugget,240,241,True,False,False,False,True,True,False,"[""P"",""VX"",""LS"",""ST""]",79.7161554791625,18.293557018682648,"[157.80770171521957,0.6155391665590833,64.61343659059419,348.5022857377957]","[52.762975475537125,0.23967418581524402,13.375097475413686,32.495907132533596]",33FDC38E7CE28704D56B7BD1C20557C76BA1A8A439C90769D71B74266B09AEDD,247.324665735,0.977977830338,81.4476523525,343.514293063,1388126858,fmin_l_bfgs_b,1,-161.6620800950723,1.598622899968177,0,0,,completed_without_convergence_warning,False,False,,False,,False,,False
phase4_new_response_compact,Phase 3B,F7F71204D643D1027D0FF4736F24213619BF6A09C2361C3C11F169797AC98A9C,944FFDF12B36D558FD8E5E53911BBA42AFDAA7B3B4676E82EAF7F6253420B58A,total_height,T0 total vertical melt-pool height,T0,matern52_learned_nugget,Matérn 5/2 + learned nugget,Matern,2.5,True,140,sim_00142,142,84.24943,85.75069957509918,-1.5012695750991725,1.5012695750991725,2.2538103371184497,4.343906677052143,18.86952521893819,7.9778794020934845,63.64655975434749,7.9778794020934845,total predictive variance including learned WhiteKernel nugget,2.4474335398370144,3.0133168431707906,3.0133168431707906,77.23664248807698,94.26475666212137,70.11405594699595,101.3873432032024,True,True,"1.56**2 * Matern(length_scale=3.12, nu=2.5) + WhiteKernel(noise_level=0.134)",2.4423651449357284,3.1210790199476195,0.13376709533678413,0.3657418424746943,44.77703453540931,6.6915644310885405,0.3657418424746943,0.08353368009085117,80.106185,False,1e-08,numerical jitter only; separate from WhiteKernel nugget,240,241,True,False,False,False,True,True,False,"[""P"",""VX"",""LS"",""ST""]",79.72390020832917,18.295867888158106,"[157.8019915844029,0.6159142524228416,64.74263494126586,348.5449722983249]","[52.75321237549676,0.24017014893211627,13.387319177851577,32.48259539404725]",E98884AB106675C65E88BA824ECCD8B9FC8A49F7B4FA6FD660AD322C66D3BA37,248.695097131,0.887957223036,50.4400481913,333.269518536,1414885252,fmin_l_bfgs_b,1,-161.76740277108578,1.5520183999324217,0,0,,completed_without_convergence_warning,False,False,,False,,False,,False
phase4_new_response_compact,Phase 3B,F7F71204D643D1027D0FF4736F24213619BF6A09C2361C3C11F169797AC98A9C,944FFDF12B36D558FD8E5E53911BBA42AFDAA7B3B4676E82EAF7F6253420B58A,total_height,T0 total vertical melt-pool height,T0,matern52_learned_nugget,Matérn 5/2 + learned nugget,Matern,2.5,True,141,sim_00143,143,41.9842,43.987594500006885,-2.003394500006884,2.003394500006884,4.013589522657833,3.9185088158811063,15.35471134013795,7.757032396936987,60.17155160712998,7.757032396936987,total predictive variance including learned WhiteKernel nugget,2.4153454114629667,3.0008895929429196,3.0008895929429196,36.307317220879916,51.667871779133854,28.783811002010392,59.191377998003375,True,True,"1.56**2 * Matern(length_scale=3.11, nu=2.5) + WhiteKernel(noise_level=0.136)",2.4466558299640373,3.107668479974012,0.13627997736912403,0.36916118074511034,44.816840266992024,6.694538092130929,0.36916118074511034,0.08357080158206173,80.106185,False,1e-08,numerical jitter only; separate from WhiteKernel nugget,240,241,True,False,False,False,True,True,False,"[""P"",""VX"",""LS"",""ST""]",79.90000533332916,18.134458446087848,"[158.61928538036832,0.6169760326095124,64.7653018087296,348.6835952922249]","[52.63547846806576,0.2408063583329907,13.358446857885196,32.34583139550507]",2379C70074348138FD30D39C7FF759434870ED86FBA60E6D8FBEE75F293876BE,52.5445860993,0.633129978235,45.0,300.0,524285034,fmin_l_bfgs_b,1,-164.04249698738218,2.375807899981737,0,0,,completed_without_convergence_warning,False,False,,False,,False,,False
phase4_new_response_compact,Phase 3B,F7F71204D643D1027D0FF4736F24213619BF6A09C2361C3C11F169797AC98A9C,944FFDF12B36D558FD8E5E53911BBA42AFDAA7B3B4676E82EAF7F6253420B58A,total_height,T0 total vertical melt-pool height,T0,matern52_learned_nugget,Matérn 5/2 + learned nugget,Matern,2.5,True,142,sim_00144,144,50.10976,51.441174174025676,-1.3314141740256744,1.3314141740256744,1.772663702796469,3.8667508325990965,14.951762001405806,7.732726521786409,59.79505946073894,7.732726521786409,total predictive variance including learned WhiteKernel nugget,2.330632534277412,2.9792228806140573,2.9792228806140573,43.862342542131444,59.02000580591991,36.28503019132431,66.59731815672704,True,True,"1.57**2 * Matern(length_scale=3.12, nu=2.5) + WhiteKernel(noise_level=0.135)",2.460747079847904,3.1249766561876786,0.13541698462533808,0.36799046811750175,44.84329745933313,6.696513828801754,0.36799046811750175,0.08359546555364925,80.106185,False,1e-08,numerical jitter only; separate from WhiteKernel nugget,240,241,True,False,False,False,True,True,False,"[""P"",""VX"",""LS"",""ST""]",79.86614883332916,18.197519797342995,"[158.6155020598858,0.6179716076070166,64.7653018087296,348.6835952922249]","[52.6430695644764,0.24037677773573574,13.358446857885196,32.34583139550507]",EFEF0AA06E1E9DCD88134055C17618A6631DA03F86E31B2F7C1212D495B897D6,53.4525830151,0.394191978834,45.0,300.0,3282475164,fmin_l_bfgs_b,1,-163.19351152431943,1.6898357999743894,0,0,,completed_without_convergence_warning,False,False,,False,,False,,False
phase4_new_response_compact,Phase 3B,F7F71204D643D1027D0FF4736F24213619BF6A09C2361C3C11F169797AC98A9C,944FFDF12B36D558FD8E5E53911BBA42AFDAA7B3B4676E82EAF7F6253420B58A,total_height,T0 total vertical melt-pool height,T0,matern52_learned_nugget,Matérn 5/2 + learned nugget,Matern,2.5,True,143,sim_00145,145,54.73256,54.8068752627436,-0.07431526274360323,0.07431526274360323,0.005522758276650782,4.069545836743688,16.561203317357887,7.836618532333146,61.41259002130731,7.836618532333146,total predictive variance including learned WhiteKernel nugget,2.322636676241219,2.9777909292565337,2.9777909292565337,46.830565422725975,62.78318510276123,39.44710293937064,70.16664758611657,True,True,"1.58**2 * Matern(length_scale=3.14, nu=2.5) + WhiteKernel(noise_level=0.135)",2.484093822378774,3.1427595169595857,0.1350105112134647,0.36743776508881704,44.85138670394942,6.697117790807432,0.36743776508881704,0.08360300507142404,80.106185,False,1e-08,numerical jitter only; separate from WhiteKernel nugget,240,241,True,False,False,False,True,True,False,"[""P"",""VX"",""LS"",""ST""]",79.8468871666625,18.22653637463913,"[158.60806965626082,0.61856277415835,64.7653018087296,348.6835952922249]","[52.657788471426045,0.23965013882738187,13.358446857885196,32.34583139550507]",35BA8C2F97B250C0A0BDAC44B5F1BFB1A0D42BE3A4D9605D13516CC7EEF3771F,55.2363598851,0.252312006514,45.0,300.0,58042482,fmin_l_bfgs_b,1,-162.7514065049343,1.7533448000904173,0,0,,completed_without_convergence_warning,False,False,,False,,False,,False
phase4_new_response_compact,Phase 3B,F7F71204D643D1027D0FF4736F24213619BF6A09C2361C3C11F169797AC98A9C,944FFDF12B36D558FD8E5E53911BBA42AFDAA7B3B4676E82EAF7F6253420B58A,total_height,T0 total vertical melt-pool height,T0,matern52_learned_nugget,Matérn 5/2 + learned nugget,Matern,2.5,True,144,sim_00146,146,54.08393,59.0236742090571,-4.939744209057096,4.939744209057096,24.401072850913117,4.119205231592207,16.967851739976606,7.872347484891716,61.97385492288092,7.872347484891716,total predictive variance including learned WhiteKernel nugget,3.0536371411148755,3.179160696742998,3.179160696742998,50.950031955136375,67.09731646297783,43.59387313866934,74.45347527944486,True,True,"1.57**2 * Matern(length_scale=3.15, nu=2.5) + WhiteKernel(noise_level=0.136)",2.4555837695648264,3.151832418363554,0.13553203429537927,0.36814675646456435,45.00600318290432,6.708651368412605,0.36814675646456435,0.08374698368687268,80.106185,False,1e-08,numerical jitter only; separate from WhiteKernel nugget,240,241,True,False,False,False,True,True,False,"[""P"",""VX"",""LS"",""ST""]",79.8495897916625,18.22276375008166,"[158.59077966129288,0.61868624926375,64.7653018087296,348.6835952922249]","[52.691035612320455,0.23945368868574463,13.358446857885196,32.34583139550507]",61652DF9CD4DE9DD99532F2B4AA4F8CA3B9B5D33A095327DF2CE8457DB35AA54,59.3859586774,0.222677981218,45.0,300.0,3115924410,fmin_l_bfgs_b,1,-162.58925712592523,0.986556600080803,0,0,,completed_without_convergence_warning,False,False,,False,,False,,False
phase4_new_response_compact,Phase 3B,F7F71204D643D1027D0FF4736F24213619BF6A09C2361C3C11F169797AC98A9C,944FFDF12B36D558FD8E5E53911BBA42AFDAA7B3B4676E82EAF7F6253420B58A,total_height,T0 total vertical melt-pool height,T0,matern52_learned_nugget,Matérn 5/2 + learned nugget,Matern,2.5,True,145,sim_00147,147,41.27405,43.984859763299085,-2.710809763299082,2.710809763299082,7.348489572797625,4.341813573299398,18.85134510528689,7.976143372360945,63.61886309645743,7.976143372360945,total predictive variance including learned WhiteKernel nugget,2.5821369076919423,3.053147556376061,3.053147556376061,35.474905159632264,52.494814366965905,28.351618753471634,59.618100773126535,True,True,"1.56**2 * Matern(length_scale=3.11, nu=2.5) + WhiteKernel(noise_level=0.136)",2.448123249634815,3.1068524664041868,0.13622381771507364,0.3690851090400067,44.767517991170536,6.690853308149158,0.3690851090400067,0.0835248028369989,80.106185,False,1e-08,numerical jitter only; separate from WhiteKernel nugget,240,241,True,False,False,False,True,True,False,"[""P"",""VX"",""LS"",""ST""]",79.9029642916625,18.12821255658924,"[158.57390272073542,0.6159559617290333,64.7653018087296,348.6835952922249]","[52.7221503481393,0.24021651613832115,13.358446857885196,32.34583139550507]",5FA3ED1537B663911FDFE7CF7D5EBD9FAAA70E4EC8DB1DD6473B21BCD493BCB7,63.4364244112,0.87794698955,45.0,300.0,644690152,fmin_l_bfgs_b,1,-164.0288938564992,2.1560596999479458,0,0,,completed_without_convergence_warning,False,False,,False,,False,,False
phase4_new_response_compact,Phase 3B,F7F71204D643D1027D0FF4736F24213619BF6A09C2361C3C11F169797AC98A9C,944FFDF12B36D558FD8E5E53911BBA42AFDAA7B3B4676E82EAF7F6253420B58A,total_height,T0 total vertical melt-pool height,T0,matern52_learned_nugget,Matérn 5/2 + learned nugget,Matern,2.5,True,146,sim_00148,148,52.46750000000001,50.5510364273452,1.9164635726548056,1.9164635726548056,3.672832625312821,2.7338437643476015,7.4739017278622635,7.232042409715948,52.30243741593006,7.232042409715948,total predictive variance including learned WhiteKernel nugget,2.1703576487982668,2.932571506711961,2.932571506711961,45.192702649223904,55.9093702054665,36.37623330430195,64.72583955038846,True,True,"1.58**2 * Matern(length_scale=3.13, nu=2.5) + WhiteKernel(noise_level=0.135)",2.481963311611054,3.1304044010755567,0.13514330224616158,0.3676184193510461,44.8285356880678,6.695411539858308,0.3676184193510461,0.08358170520613743,80.106185,False,1e-08,numerical jitter only; separate from WhiteKernel nugget,240,241,True,False,False,False,True,True,False,"[""P"",""VX"",""LS"",""ST""]",79.8563249166625,18.21293816473523,"[158.55780140512417,0.6169514116475291,64.7653018087296,348.6835952922249]","[52.750605064221055,0.2408044033443286,13.358446857885196,32.34583139550507]",660147E0BB218F26E79C1C005700D183B2848C394732B0A9D9B1D0717F11348E,67.3007401579,0.639039009111,45.0,300.0,1175910781,fmin_l_bfgs_b,1,-163.07921253953236,2.610035799909383,0,0,,completed_without_convergence_warning,False,False,,False,,False,,False
phase4_new_response_compact,Phase 3B,F7F71204D643D1027D0FF4736F24213619BF6A09C2361C3C11F169797AC98A9C,944FFDF12B36D558FD8E5E53911BBA42AFDAA7B3B4676E82EAF7F6253420B58A,total_height,T0 total vertical melt-pool height,T0,matern52_learned_nugget,Matérn 5/2 + learned nugget,Matern,2.5,True,147,sim_00149,149,56.49142,57.852861269310644,-1.361441269310646,1.361441269310646,1.8535223297821828,2.615226660535648,6.839410485976436,7.192766330023595,51.7358874783211,7.192766330023595,total predictive variance including learned WhiteKernel nugget,2.015792380913808,2.9099276911857905,2.9099276911857905,52.727017014660774,62.978705523960514,43.7550392624644,71.9506832761569,True,True,"1.58**2 * Matern(length_scale=3.14, nu=2.5) + WhiteKernel(noise_level=0.135)",2.483950914719474,3.1386609669091032,0.13500191067844422,0.3674260615123051,44.89647699234466,6.7004833402035,0.3674260615123051,0.08364501867369542,80.106185,False,1e-08,numerical jitter only; separate from WhiteKernel nugget,240,241,True,False,False,False,True,True,False,"[""P"",""VX"",""LS"",""ST""]",79.83955858332916,18.236276742658607,"[158.53963807364417,0.6173736856002167,64.7653018087296,348.6835952922249]","[52.78126458938771,0.24075390073481917,13.358446857885196,32.34583139550507]",BCCC21D431BBA4B3282DEC9AF928B63D90182874F537525B945F9767F1D3B99B,71.6599397131,0.537693260466,45.0,300.0,2327154921,fmin_l_bfgs_b,1,-162.79207516933758,2.1534157000714913,0,0,,completed_without_convergence_warning,False,False,,False,,False,,False
phase4_new_response_compact,Phase 3B,F7F71204D643D1027D0FF4736F24213619BF6A09C2361C3C11F169797AC98A9C,944FFDF12B36D558FD8E5E53911BBA42AFDAA7B3B4676E82EAF7F6253420B58A,total_height,T0 total vertical melt-pool height,T0,matern52_learned_nugget,Matérn 5/2 + learned nugget,Matern,2.5,True,148,sim_00150,150,56.66978,56.44248459126892,0.22729540873108078,0.22729540873108078,0.05166320283022907,2.5333394020476034,6.417808525966909,7.162657953260471,51.30366895540548,7.162657953260471,total predictive variance including learned WhiteKernel nugget,1.8525018752326896,2.8883231717918023,2.8883231717918023,51.47713936325562,61.40782981928223,42.4036750028784,70.48129417965944,True,True,"1.57**2 * Matern(length_scale=3.13, nu=2.5) + WhiteKernel(noise_level=0.135)",2.4746427246139175,3.13305817739931,0.13495595833922405,0.367363523419547,44.885860429438566,6.69969106970154,0.367363523419547,0.08363512841987844,80.106185,False,1e-08,numerical jitter only; separate from WhiteKernel nugget,240,241,True,False,False,False,True,True,False,"[""P"",""VX"",""LS"",""ST""]",79.8388154166625,18.237224554410012,"[158.5387290568912,0.6172487292996999,64.7653018087296,348.6835952922249]","[52.782758953246145,0.240787439183944,13.358446857885196,32.34583139550507]",C02729DE8D9F1884621A78E7BD77E1296AEC3655BE7F018CC45966A19A345590,71.8781037338,0.56768277259,45.0,300.0,3276753670,fmin_l_bfgs_b,1,-162.80400586160437,3.3350344999926165,0,0,,completed_without_convergence_warning,False,False,,False,,False,,False
phase4_new_response_compact,Phase 3B,F7F71204D643D1027D0FF4736F24213619BF6A09C2361C3C11F169797AC98A9C,944FFDF12B36D558FD8E5E53911BBA42AFDAA7B3B4676E82EAF7F6253420B58A,total_height,T0 total vertical melt-pool height,T0,matern52_learned_nugget,Matérn 5/2 + learned nugget,Matern,2.5,True,149,sim_00151,151,46.629175,45.09607927650001,1.53309572349999,1.53309572349999,2.3503824974139578,5.242589954725581,27.48474943338957,8.502061640376668,72.2850521367644,8.502061640376668,total predictive variance including learned WhiteKernel nugget,2.6185121149249326,3.0755049485861767,3.0755049485861767,34.82060296523787,55.371555587762145,28.432038461361735,61.76012009163828,True,True,"1.59**2 * Matern(length_scale=3.15, nu=2.5) + WhiteKernel(noise_level=0.136)",2.5370317795460537,3.151330486109841,0.13566149131312522,0.3683225370692448,44.80030270337483,6.693302824717766,0.3683225370692448,0.08355538120705369,80.106185,False,1e-08,numerical jitter only; separate from WhiteKernel nugget,240,241,True,False,False,False,True,True,False,"[""P"",""VX"",""LS"",""ST""]",79.88065127082918,18.172395525879597,"[158.5345702302529,0.6156298385336458,64.7653018087296,348.6835952922249]","[52.78954714196234,0.23980713093176642,13.358446857885196,32.34583139550507]",38ED045BFF67BF12D79FB7DD2A5F13FEED153E42D3DC8303557C79AD237ED392,72.876222127,0.956216556443,45.0,300.0,3846688993,fmin_l_bfgs_b,1,-163.39072972108124,1.151532500050962,0,0,,completed_without_convergence_warning,False,False,,False,,False,,False
phase4_new_response_compact,Phase 3B,F7F71204D643D1027D0FF4736F24213619BF6A09C2361C3C11F169797AC98A9C,944FFDF12B36D558FD8E5E53911BBA42AFDAA7B3B4676E82EAF7F6253420B58A,total_height,T0 total vertical melt-pool height,T0,matern52_learned_nugget,Matérn 5/2 + learned nugget,Matern,2.5,True,150,sim_00152,152,65.82406,68.41672400415321,-2.5926640041532067,2.5926640041532067,6.721906638431739,3.8155508951381987,14.558428633389909,7.714538514258297,59.51410448797462,7.714538514258297,total predictive variance including learned WhiteKernel nugget,2.4888832110869683,3.0185184239605776,3.0185184239605776,60.93824424968234,75.89520375862408,53.296228516206945,83.53721949209947,True,True,"1.58**2 * Matern(length_scale=3.17, nu=2.5) + WhiteKernel(noise_level=0.135)",2.5004042355276765,3.166034337451962,0.13459251279228432,0.36686852248766766,44.95567585458471,6.704899391831671,0.36686852248766766,0.08370014614766227,80.106185,False,1e-08,numerical jitter only; separate from WhiteKernel nugget,240,241,True,False,False,False,True,True,False,"[""P"",""VX"",""LS"",""ST""]",79.80067258332916,18.276028006891917,"[158.52773642556625,0.6187765644682084,64.7653018087296,348.6835952922249]","[52.80052819225635,0.23930017152585648,13.358446857885196,32.34583139550507]",CC67CEC6541F00532A82C607AB7DE84320E1DF1C15ED639F210821024FA7116E,74.5163352518,0.201002332148,45.0,300.0,2343511952,fmin_l_bfgs_b,1,-162.03959819162264,1.5674247000133619,0,0,,completed_without_convergence_warning,False,False,,False,,False,,False
phase4_new_response_compact,Phase 3B,F7F71204D643D1027D0FF4736F24213619BF6A09C2361C3C11F169797AC98A9C,944FFDF12B36D558FD8E5E53911BBA42AFDAA7B3B4676E82EAF7F6253420B58A,total_height,T0 total vertical melt-pool height,T0,matern52_learned_nugget,Matérn 5/2 + learned nugget,Matern,2.5,True,151,sim_00153,153,49.12424,47.74610173612015,1.3781382638798476,1.3781382638798476,1.8992650743697606,3.4926731651082705,12.198765838267425,7.5495779765873126,56.99612762457218,7.5495779765873126,total predictive variance including learned WhiteKernel nugget,2.2474525336979156,2.9570915496256096,2.9570915496256096,40.90046233250794,54.59174113973236,32.94892890200902,62.54327457023128,True,True,"1.58**2 * Matern(length_scale=3.12, nu=2.5) + WhiteKernel(noise_level=0.135)",2.4810435279036347,3.1208670816586976,0.13537983679141938,0.36793999074770245,44.797361786304755,6.693083130090702,0.36793999074770245,0.08355263866442651,80.106185,False,1e-08,numerical jitter only; separate from WhiteKernel nugget,240,241,True,False,False,False,True,True,False,"[""P"",""VX"",""LS"",""ST""]",79.8702551666625,18.19069222807088,"[158.52035986708916,0.6167259820897583,64.70374909568127,348.46355861524154]","[52.81213964352372,0.24075829169594928,13.415223921481356,32.496290129464626]",E8CC386701C8F8821F68439515B6D21A49F3E62E5D6DC7F10CE7BA281539DB25,76.2867092863,0.693142102976,59.7726511316,352.808802476,1495274401,fmin_l_bfgs_b,1,-163.242259521508,1.2510349000804126,0,0,,completed_without_convergence_warning,False,False,,False,,False,,False
phase4_new_response_compact,Phase 3B,F7F71204D643D1027D0FF4736F24213619BF6A09C2361C3C11F169797AC98A9C,944FFDF12B36D558FD8E5E53911BBA42AFDAA7B3B4676E82EAF7F6253420B58A,total_height,T0 total vertical melt-pool height,T0,matern52_learned_nugget,Matérn 5/2 + learned nugget,Matern,2.5,True,152,sim_00154,154,52.27109,44.11601701274277,8.155072987257228,8.155072987257228,66.50521542749252,5.870757578340829,34.465794543646275,8.889003088079905,79.01437589989409,8.889003088079905,total predictive variance including learned WhiteKernel nugget,3.653722483193286,3.5245959407049274,3.5245959407049274,32.60933215919475,55.6227018662908,26.69357096010616,61.53846306537939,True,True,"1.62**2 * Matern(length_scale=3.19, nu=2.5) + WhiteKernel(noise_level=0.134)",2.6287530187084998,3.1869456175879862,0.1343175494669828,0.3664935872112673,44.548581356247794,6.674472365381986,0.3664935872112673,0.08332031247502282,80.106185,False,1e-08,numerical jitter only; separate from WhiteKernel nugget,240,241,True,False,False,False,True,True,False,"[""P"",""VX"",""LS"",""ST""]",79.85714329166248,18.211703010056894,"[158.51679945610496,0.6156006860659833,64.59511019410378,348.4872998957165]","[52.81765433895932,0.23976529636577876,13.348980109382723,32.4973746050468]",36B75473FAA89623A2AD1D2592E12CC44414CD18B51AB03792256A9280574B2E,77.1412079225,0.963213148682,85.8459875102,347.110895162,2171945204,fmin_l_bfgs_b,1,-162.35953907329036,1.138314999989234,0,0,,completed_without_convergence_warning,False,False,,False,,False,,False
phase4_new_response_compact,Phase 3B,F7F71204D643D1027D0FF4736F24213619BF6A09C2361C3C11F169797AC98A9C,944FFDF12B36D558FD8E5E53911BBA42AFDAA7B3B4676E82EAF7F6253420B58A,total_height,T0 total vertical melt-pool height,T0,matern52_learned_nugget,Matérn 5/2 + learned nugget,Matern,2.5,True,153,sim_00155,155,45.97525,47.30969210174442,-1.3344421017444148,1.3344421017444148,1.7807357229080512,3.9089266991446734,15.279707939286071,7.749422956301071,60.053556155646035,7.749422956301071,total predictive variance including learned WhiteKernel nugget,2.3404726298152054,2.9813831469722034,2.9813831469722034,39.64819577142086,54.971188432067976,32.120823107394315,62.49856109609452,True,True,"1.57**2 * Matern(length_scale=3.12, nu=2.5) + WhiteKernel(noise_level=0.136)",2.473546269776505,3.1167440383701823,0.13565655290565468,0.3683158330911864,44.773848216359966,6.691326342090928,0.3683158330911864,0.08353070792337607,80.106185,False,1e-08,numerical jitter only; separate from WhiteKernel nugget,240,241,True,False,False,False,True,True,False,"[""P"",""VX"",""LS"",""ST""]",79.88337595832917,18.167360023413146,"[158.51649355477457,0.616051139848804,64.73719691338752,348.39452970507074]","[52.818125422259065,0.24031575700259766,13.392861666318861,32.46937964584759]",1501CB1DA27D28F6534DBF227A04DCB713CA5E88CBE9711BB801B500773E8754,77.2146242418,0.855104240805,51.7451748821,369.375740917,2347660156,fmin_l_bfgs_b,1,-163.51672032879418,0.9011935000307858,0,0,,completed_without_convergence_warning,False,False,,False,,False,,False
phase4_new_response_compact,Phase 3B,F7F71204D643D1027D0FF4736F24213619BF6A09C2361C3C11F169797AC98A9C,944FFDF12B36D558FD8E5E53911BBA42AFDAA7B3B4676E82EAF7F6253420B58A,total_height,T0 total vertical melt-pool height,T0,matern52_learned_nugget,Matérn 5/2 + learned nugget,Matern,2.5,True,154,sim_00156,156,59.695185,57.54324630410761,2.1519386958923903,2.1519386958923903,4.630840150879042,3.6100550795480686,13.032497677370811,7.610056369428463,57.91295794587872,7.610056369428463,total predictive variance including learned WhiteKernel nugget,2.380326668476322,2.9883901486614914,2.9883901486614914,50.4675383481934,64.61895426002182,42.62753582002782,72.4589567881874,True,True,"1.58**2 * Matern(length_scale=3.14, nu=2.5) + WhiteKernel(noise_level=0.135)",2.4952827525920522,3.1435132694585834,0.13471863101898363,0.3670403670156508,44.880460268507896,6.699288041912208,0.3670403670156508,0.08363009725044587,80.106185,False,1e-08,numerical jitter only; separate from WhiteKernel nugget,240,241,True,False,False,False,True,True,False,"[""P"",""VX"",""LS"",""ST""]",79.82620956249583,18.252183258160667,"[158.514857943725,0.61780885008325,64.6407886105396,348.4993956187374]","[52.820636922174856,0.24051497836586094,13.402754643563762,32.49631977824076]",0DAB7C107CA8232447E269B1C921A6E881D2F58D4B5A89A580DF6C27733AB1FA,77.6071708937,0.433253784538,74.88316756559999,344.207921637,323703721,fmin_l_bfgs_b,1,-162.38814840138022,1.0254909000359476,0,0,,completed_without_convergence_warning,False,False,,False,,False,,False
phase4_new_response_compact,Phase 3B,F7F71204D643D1027D0FF4736F24213619BF6A09C2361C3C11F169797AC98A9C,944FFDF12B36D558FD8E5E53911BBA42AFDAA7B3B4676E82EAF7F6253420B58A,total_height,T0 total vertical melt-pool height,T0,matern52_learned_nugget,Matérn 5/2 + learned nugget,Matern,2.5,True,155,sim_00157,157,52.41812,50.100017507137395,2.3181024928626073,2.3181024928626073,5.3735991674158345,2.9847758226154433,8.908886711269696,7.3285470419595296,53.70760174621377,7.3285470419595296,total predictive variance including learned WhiteKernel nugget,2.314049633448655,2.9607422387961573,2.9607422387961573,44.249856894811124,55.950178119463665,35.73606530489672,64.46396970937808,True,True,"1.58**2 * Matern(length_scale=3.13, nu=2.5) + WhiteKernel(noise_level=0.135)",2.4827609500047445,3.12951727894579,0.13505799577775363,0.36750237520015244,44.798715034944074,6.6931842223969955,0.36750237520015244,0.08355390064321495,80.106185,False,1e-08,numerical jitter only; separate from WhiteKernel nugget,240,241,True,False,False,False,True,True,False,"[""P"",""VX"",""LS"",""ST""]",79.85653066666251,18.212628472813797,"[158.51245538728207,0.6162613935049667,64.7653018087296,348.6835952922249]","[52.82430372768733,0.24050266703330866,13.358446857885196,32.34583139550507]",4CF36073511DE238C8BAD61C691F31B7A397E9EA0F52F7C25BDA0ECAF7BE31A3,78.18378444,0.804643363326,45.0,300.0,2587910366,fmin_l_bfgs_b,1,-163.03433438308033,2.125912200077437,0,0,,completed_without_convergence_warning,False,False,,False,,False,,False
phase4_new_response_compact,Phase 3B,F7F71204D643D1027D0FF4736F24213619BF6A09C2361C3C11F169797AC98A9C,944FFDF12B36D558FD8E5E53911BBA42AFDAA7B3B4676E82EAF7F6253420B58A,total_height,T0 total vertical melt-pool height,T0,matern52_learned_nugget,Matérn 5/2 + learned nugget,Matern,2.5,True,156,sim_00158,158,42.166405,50.57426684221413,-8.407861842214132,8.407861842214132,70.69214075776041,4.1143905276023265,16.92820941362375,7.841275383495709,61.48559963981578,7.841275383495709,total predictive variance including learned WhiteKernel nugget,4.421427422442665,3.553207488970963,3.553207488970963,42.51006140811357,58.63847227631469,35.20536709056254,65.94316659386573,False,True,"1.57**2 * Matern(length_scale=3.11, nu=2.5) + WhiteKernel(noise_level=0.135)",2.458854531230395,3.111099656788915,0.13546737842790313,0.36805893336244827,44.557390226192034,6.6751322253714225,0.36805893336244827,0.0833285497913978,80.106185,False,1e-08,numerical jitter only; separate from WhiteKernel nugget,240,241,True,False,False,False,True,True,False,"[""P"",""VX"",""LS"",""ST""]",79.89924614582917,18.13604186805064,"[158.51192539749835,0.6161980870226957,64.60170984870378,348.4362289855957]","[52.825109023745156,0.2404510665232974,13.359089415073157,32.489865487275154]",B220A5F4055480B54D9ACB1873ACDC9999EAF66EB85F974FCF2611D4EE7127BA,78.3109819881,0.819836919071,84.2620704062,359.367913591,1522976342,fmin_l_bfgs_b,1,-163.3832964321031,2.5776615999639034,0,0,,completed_without_convergence_warning,False,False,,False,,False,,False
phase4_new_response_compact,Phase 3B,F7F71204D643D1027D0FF4736F24213619BF6A09C2361C3C11F169797AC98A9C,944FFDF12B36D558FD8E5E53911BBA42AFDAA7B3B4676E82EAF7F6253420B58A,total_height,T0 total vertical melt-pool height,T0,matern52_learned_nugget,Matérn 5/2 + learned nugget,Matern,2.5,True,157,sim_00159,159,49.70415,52.457649559115154,-2.7534995591151556,2.7534995591151556,7.581759822047356,4.484591022242176,20.111556636775127,8.05224288001285,64.83861539871764,8.05224288001285,total predictive variance including learned WhiteKernel nugget,2.6080784520911084,3.063355596561793,3.063355596561793,43.66785115552049,61.24744796270982,36.67525351428997,68.24004560394035,True,True,"1.56**2 * Matern(length_scale=3.1, nu=2.5) + WhiteKernel(noise_level=0.135)",2.4469174986802353,3.1048729709937817,0.13510728565300983,0.36756942970411705,44.727058761942516,6.6878291516711545,0.36756942970411705,0.0834870509895229,80.106185,False,1e-08,numerical jitter only; separate from WhiteKernel nugget,240,241,True,False,False,False,True,True,False,"[""P"",""VX"",""LS"",""ST""]",79.86783887499584,18.194737133212268,"[158.5085062155304,0.6165384238127916,64.76070756186044,348.3892282075291]","[52.8302732259214,0.2406811420626274,13.365052524951542,32.465849401959254]",722CFDFF357766572042EA2590E96355D080EC539E6F70E62163FC21C85FF5A8,79.1315856604,0.738156089448,46.1026192486,370.648100327,1729678884,fmin_l_bfgs_b,1,-163.12408028188025,1.1891191999893636,0,0,,completed_without_convergence_warning,False,False,,False,,False,,False
phase4_new_response_compact,Phase 3B,F7F71204D643D1027D0FF4736F24213619BF6A09C2361C3C11F169797AC98A9C,944FFDF12B36D558FD8E5E53911BBA42AFDAA7B3B4676E82EAF7F6253420B58A,total_height,T0 total vertical melt-pool height,T0,matern52_learned_nugget,Matérn 5/2 + learned nugget,Matern,2.5,True,158,sim_00160,160,55.32046,56.287622261858,-0.9671622618580002,0.9671622618580002,0.9354028407622831,3.2767097295915057,10.736826651999639,7.452821236756399,55.544544387047175,7.452821236756399,total predictive variance including learned WhiteKernel nugget,2.1493388100093216,2.9359514778867988,2.9359514778867988,49.865271191858646,62.70997333185735,41.680092637815456,70.89515188590053,True,True,"1.57**2 * Matern(length_scale=3.12, nu=2.5) + WhiteKernel(noise_level=0.135)",2.464279377018298,3.118001094345142,0.1348297100648728,0.3671916530435745,44.80771773504753,6.693856716052975,0.3671916530435745,0.08356229567108926,80.106185,False,1e-08,numerical jitter only; separate from WhiteKernel nugget,240,241,True,False,False,False,True,True,False,"[""P"",""VX"",""LS"",""ST""]",79.84443758332917,18.229871677553135,"[158.49395450356,0.6172499738088124,64.69045321143962,348.39935883388324]","[52.85164970922019,0.24078718222723242,13.418522846025677,32.47241346577807]",EF97F853B38E07C501D74EB5D5C8266EA082D47F93C96A375689020D9A6CA7C7,82.6239965333,0.567384090403,62.9636633496,368.216750002,932604224,fmin_l_bfgs_b,1,-162.75987822072992,0.9866981999948621,0,0,,completed_without_convergence_warning,False,False,,False,,False,,False
phase4_new_response_compact,Phase 3B,F7F71204D643D1027D0FF4736F24213619BF6A09C2361C3C11F169797AC98A9C,944FFDF12B36D558FD8E5E53911BBA42AFDAA7B3B4676E82EAF7F6253420B58A,total_height,T0 total vertical melt-pool height,T0,matern52_learned_nugget,Matérn 5/2 + learned nugget,Matern,2.5,True,159,sim_00161,161,63.33304,61.32659110379963,2.006448896200368,2.006448896200368,4.025837173063675,4.33362505679758,18.780306132903824,7.973070660961469,63.56985576468456,7.973070660961469,total predictive variance including learned WhiteKernel nugget,2.4925253366374314,3.0266729005036885,3.0266729005036885,52.83268599247637,69.82049621512289,45.69937260831515,76.95380959928411,True,True,"1.58**2 * Matern(length_scale=3.14, nu=2.5) + WhiteKernel(noise_level=0.134)",2.4883465523605284,3.137363971190929,0.1342221708115857,0.3663634408774785,44.78954963178074,6.692499505549533,0.3663634408774785,0.08354535302797822,80.106185,False,1e-08,numerical jitter only; separate from WhiteKernel nugget,240,241,True,False,False,False,True,True,False,"[""P"",""VX"",""LS"",""ST""]",79.81105183332917,18.267378124630287,"[158.4906668152208,0.6182703534487292,64.63017719195211,348.38659107112903]","[52.85634442141015,0.24005370186631128,13.393629924835622,32.46401549400839]",F2AB502426C2EAC7BA0FF458B58F7A76340B05460B38C34795D42CAA32AA328A,83.4130417347,0.322492976823,77.4299080266,371.281013063,1341132243,fmin_l_bfgs_b,1,-162.13303781730434,1.421932699973695,0,0,,completed_without_convergence_warning,False,False,,False,,False,,False
phase4_new_response_compact,Phase 3B,F7F71204D643D1027D0FF4736F24213619BF6A09C2361C3C11F169797AC98A9C,944FFDF12B36D558FD8E5E53911BBA42AFDAA7B3B4676E82EAF7F6253420B58A,total_height,T0 total vertical melt-pool height,T0,matern52_learned_nugget,Matérn 5/2 + learned nugget,Matern,2.5,True,160,sim_00162,162,63.364265,59.2146781609725,4.149586839027506,4.149586839027506,17.21907093463029,4.461933089616489,19.908846896214545,8.04665699049425,64.74868872267,8.04665699049425,total predictive variance including learned WhiteKernel nugget,2.846968354464227,3.137163749217736,3.137163749217736,50.46928930532418,67.96006701662081,43.44323045960377,74.98612586234123,True,True,"1.59**2 * Matern(length_scale=3.16, nu=2.5) + WhiteKernel(noise_level=0.134)",2.5232009861728257,3.1563209966847694,0.13437115801267366,0.36656671700070326,44.83984182645544,6.696255806527663,0.36656671700070326,0.08359224455050086,80.106185,False,1e-08,numerical jitter only; separate from WhiteKernel nugget,240,241,True,False,False,False,True,True,False,"[""P"",""VX"",""LS"",""ST""]",79.8109217291625,18.267495372513093,"[158.4802331801646,0.6177924446141667,64.64036294905794,348.5996524045874]","[52.870914265201044,0.24052743165920865,13.402427720265141,32.44576871310779]",791314122386F5F18621058104AC3D03213D0D300711247C660A49D91D80E6B5,85.9171141482,0.437191097118,74.9853263212,320.146293033,3275508998,fmin_l_bfgs_b,1,-162.0652550585041,1.39814349997323,0,0,,completed_without_convergence_warning,False,False,,False,,False,,False
phase4_new_response_compact,Phase 3B,F7F71204D643D1027D0FF4736F24213619BF6A09C2361C3C11F169797AC98A9C,944FFDF12B36D558FD8E5E53911BBA42AFDAA7B3B4676E82EAF7F6253420B58A,total_height,T0 total vertical melt-pool height,T0,matern52_learned_nugget,Matérn 5/2 + learned nugget,Matern,2.5,True,161,sim_00163,163,60.791030000000006,62.59461040772283,-1.8035804077228264,1.8035804077228264,3.2529022871216364,3.447064126774347,11.882251094094592,7.532999144892513,56.746076116951336,7.532999144892513,total predictive variance including learned WhiteKernel nugget,2.2933421491443386,2.9668937023581794,2.9668937023581794,55.838364719245114,69.35085609620056,47.82993208373351,77.35928873171216,True,True,"1.57**2 * Matern(length_scale=3.13, nu=2.5) + WhiteKernel(noise_level=0.135)",2.4721097950914075,3.1306210831847547,0.13459645249453875,0.36687389181371133,44.86382502285674,6.698046358667335,0.36687389181371133,0.08361459678384803,80.106185,False,1e-08,numerical jitter only; separate from WhiteKernel nugget,240,241,True,False,False,False,True,True,False,"[""P"",""VX"",""LS"",""ST""]",79.8216435416625,18.257080997381035,"[158.4693201373554,0.617524950571125,64.72038525810127,348.655645771554]","[52.88561848283193,0.24069237765583332,13.406620161408746,32.38496428324818]",F8DCA325D9A8DCD0453579C18AC0B34A95CDD7C8930184A192E318EE72A4B568,88.5362444224,0.501389667448,55.7799721508,306.707884961,1195203607,fmin_l_bfgs_b,1,-162.41257268720443,0.8117635999806225,0,0,,completed_without_convergence_warning,False,False,,False,,False,,False
phase4_new_response_compact,Phase 3B,F7F71204D643D1027D0FF4736F24213619BF6A09C2361C3C11F169797AC98A9C,944FFDF12B36D558FD8E5E53911BBA42AFDAA7B3B4676E82EAF7F6253420B58A,total_height,T0 total vertical melt-pool height,T0,matern52_learned_nugget,Matérn 5/2 + learned nugget,Matern,2.5,True,162,sim_00164,164,62.06518,65.05503286754268,-2.9898528675426803,2.9898528675426803,8.939220169553188,5.8282716464282265,33.96875038455919,8.865255891685473,78.59276202506399,8.865255891685473,total predictive variance including learned WhiteKernel nugget,2.8132390872298005,3.157948842947196,3.157948842947196,53.63162044054336,76.478445294542,47.67913131983915,82.43093441524621,True,True,"1.55**2 * Matern(length_scale=3.09, nu=2.5) + WhiteKernel(noise_level=0.134)",2.4124318865000935,3.0947556821713063,0.1337986011303471,0.36578491102059846,44.624011640504804,6.680120630685108,0.36578491102059846,0.08339082220286871,80.106185,False,1e-08,numerical jitter only; separate from WhiteKernel nugget,240,241,True,False,False,False,True,True,False,"[""P"",""VX"",""LS"",""ST""]",79.81633458332917,18.26242808115431,"[158.46359962686498,0.6185523146762334,64.74961651653335,348.34888885198325]","[52.89310788331746,0.23966606823058528,13.37941922061933,32.43213514014666]",D7A086D11CBD5107442FB28A42D668EB1D78246A79B396FD3E8BCDECF1C7704B,89.9091669401,0.254822282222,48.7644701271,380.329545658,4136049271,fmin_l_bfgs_b,1,-162.0620729886431,1.3585231000324711,0,0,,completed_without_convergence_warning,False,False,,False,,False,,False
phase4_new_response_compact,Phase 3B,F7F71204D643D1027D0FF4736F24213619BF6A09C2361C3C11F169797AC98A9C,944FFDF12B36D558FD8E5E53911BBA42AFDAA7B3B4676E82EAF7F6253420B58A,total_height,T0 total vertical melt-pool height,T0,matern52_learned_nugget,Matérn 5/2 + learned nugget,Matern,2.5,True,163,sim_00165,165,53.53029,53.550431486151,-0.020141486150997423,0.020141486150997423,0.000405679464370821,3.2509884020099538,10.568925590003232,7.443478589971644,55.40537351936625,7.443478589971644,total predictive variance including learned WhiteKernel nugget,2.0979167990917675,2.9262804862085514,2.9262804862085514,47.17849421821149,59.922368754090506,38.96121344980658,68.13964952249542,True,True,"1.57**2 * Matern(length_scale=3.13, nu=2.5) + WhiteKernel(noise_level=0.135)",2.479182822785478,3.1264794954262065,0.13507030614772952,0.36751912351295346,44.83644792936302,6.696002384211271,0.36751912351295346,0.08358908097060509,80.106185,False,1e-08,numerical jitter only; separate from WhiteKernel nugget,240,241,True,False,False,False,True,True,False,"[""P"",""VX"",""LS"",""ST""]",79.85189662499583,18.21946656872473,"[158.46290374052376,0.6163757782827416,64.72777072329045,348.33016352378735]","[52.89400870643865,0.2405856930392869,13.401203698346624,32.41236167609124]",AB5625EA9F914489B51CFDEE02661B23206A5DA75B74874FB52828EC7AFCAD19,90.076179662,0.77719101666,54.0074605054,384.823624425,594765204,fmin_l_bfgs_b,1,-162.93174371785508,2.6159670000197366,0,0,,completed_without_convergence_warning,False,False,,False,,False,,False
phase4_new_response_compact,Phase 3B,F7F71204D643D1027D0FF4736F24213619BF6A09C2361C3C11F169797AC98A9C,944FFDF12B36D558FD8E5E53911BBA42AFDAA7B3B4676E82EAF7F6253420B58A,total_height,T0 total vertical melt-pool height,T0,matern52_learned_nugget,Matérn 5/2 + learned nugget,Matern,2.5,True,164,sim_00166,166,54.453065,56.847329457094844,-2.3942644570948417,2.3942644570948417,5.732502290507657,3.010139115796082,9.06093749644562,7.3417827011593975,53.90177323104338,7.3417827011593975,total predictive variance including learned WhiteKernel nugget,2.3372553570820265,2.9656956729753166,2.9656956729753166,50.947456790134524,62.747202124055164,42.45743536282242,71.23722355136726,True,True,"1.57**2 * Matern(length_scale=3.13, nu=2.5) + WhiteKernel(noise_level=0.135)",2.479877924475917,3.1282862102674076,0.13500265482580354,0.36742707416003456,44.84083573459775,6.696330019839058,0.36742707416003456,0.08359317098722226,80.106185,False,1e-08,numerical jitter only; separate from WhiteKernel nugget,240,241,True,False,False,False,True,True,False,"[""P"",""VX"",""LS"",""ST""]",79.8480517291625,18.224922687440394,"[158.46173051493997,0.6170864694595832,64.62793664565169,348.49583352181236]","[52.89552241370643,0.2408076636811133,13.391443385715169,32.496743136588556]",C2181C481EA86A5962F5CF86D63A42AC3619785287D6DB9D37F7534E4F63C4BC,90.3577538021,0.606625134218,77.9676391387,345.062824899,4159435234,fmin_l_bfgs_b,1,-162.80651181221822,1.9693694999441504,0,0,,completed_without_convergence_warning,False,False,,False,,False,,False
phase4_new_response_compact,Phase 3B,F7F71204D643D1027D0FF4736F24213619BF6A09C2361C3C11F169797AC98A9C,944FFDF12B36D558FD8E5E53911BBA42AFDAA7B3B4676E82EAF7F6253420B58A,total_height,T0 total vertical melt-pool height,T0,matern52_learned_nugget,Matérn 5/2 + learned nugget,Matern,2.5,True,165,sim_00167,167,54.80689,58.470258617852465,-3.6633686178524627,3.6633686178524627,13.420269630266263,2.5821744792160337,6.6676250411145945,7.179404273282098,51.54384571922125,7.179404273282098,total predictive variance including learned WhiteKernel nugget,2.8739459481434535,3.020337988078492,3.020337988078492,53.40919663858904,63.531320597115894,44.39862624221955,72.54189099348538,True,True,"1.58**2 * Matern(length_scale=3.15, nu=2.5) + WhiteKernel(noise_level=0.135)",2.5047760058437176,3.1463562089549937,0.13507894987540228,0.3675308828865981,44.87622067810666,6.698971613472224,0.3675308828865981,0.08362614713797972,80.106185,False,1e-08,numerical jitter only; separate from WhiteKernel nugget,240,241,True,False,False,False,True,True,False,"[""P"",""VX"",""LS"",""ST""]",79.84657745832916,18.22696248233158,"[158.45789160420625,0.6166232175571249,64.75268890480253,348.6603595543999]","[52.90043128292588,0.2407203859130037,13.375662921600945,32.378775322688796]",FD82E14550A4844CE15E0514FA71D1A6B58072264EC70F21A04A545CD0F54DD6,91.2790923782,0.717805590808,48.0270969425,305.576577078,4037383343,fmin_l_bfgs_b,1,-162.7829775285574,1.026880000019446,0,0,,completed_without_convergence_warning,False,False,,False,,False,,False
phase4_new_response_compact,Phase 3B,F7F71204D643D1027D0FF4736F24213619BF6A09C2361C3C11F169797AC98A9C,944FFDF12B36D558FD8E5E53911BBA42AFDAA7B3B4676E82EAF7F6253420B58A,total_height,T0 total vertical melt-pool height,T0,matern52_learned_nugget,Matérn 5/2 + learned nugget,Matern,2.5,True,166,sim_00168,168,57.08377,56.189695527508604,0.8940744724913969,0.8940744724913969,0.7993691623607697,2.9807872221036296,8.885092463456273,7.3274819436521685,53.691991634548565,7.3274819436521685,total predictive variance including learned WhiteKernel nugget,2.0561096951635247,2.9180144886051083,2.9180144886051083,50.34735257218549,62.032038482831716,41.82783091795035,70.55156013706686,True,True,"1.57**2 * Matern(length_scale=3.12, nu=2.5) + WhiteKernel(noise_level=0.135)",2.460474398906564,3.116275158489421,0.13468647152669694,0.36699655519731644,44.80689917109228,6.693795572848956,0.36699655519731644,0.08356153239414606,80.106185,False,1e-08,numerical jitter only; separate from WhiteKernel nugget,240,241,True,False,False,False,True,True,False,"[""P"",""VX"",""LS"",""ST""]",79.83709045832917,18.23939619610332,"[158.4547601732579,0.6169649636999582,64.66702081063961,348.48087960403734]","[52.90438543494566,0.24080555448944224,13.41660737215059,32.497493688059286]",A25943337C7C7F56681C84CB9BF0984D418ECA3C5159D6ECF6854693910677ED,92.0306358058,0.635786516528,68.5874395416,348.651765165,1778535551,fmin_l_bfgs_b,1,-162.64683892408706,1.8643472000258043,0,0,,completed_without_convergence_warning,False,False,,False,,False,,False
phase4_new_response_compact,Phase 3B,F7F71204D643D1027D0FF4736F24213619BF6A09C2361C3C11F169797AC98A9C,944FFDF12B36D558FD8E5E53911BBA42AFDAA7B3B4676E82EAF7F6253420B58A,total_height,T0 total vertical melt-pool height,T0,matern52_learned_nugget,Matérn 5/2 + learned nugget,Matern,2.5,True,167,sim_00169,169,65.81945999999999,64.97909240835828,0.8403675916417086,0.8403675916417086,0.7062176890816855,4.004571512714584,16.036593000445173,7.799496229602252,60.83214143557975,7.799496229602252,total predictive variance including learned WhiteKernel nugget,2.328394063997006,2.9788023215468176,2.9788023215468176,57.1301322434377,72.82805257327887,49.69207979833787,80.2661050183787,True,True,"1.57**2 * Matern(length_scale=3.13, nu=2.5) + WhiteKernel(noise_level=0.134)",2.464454818101428,3.126271847442159,0.13411332348539212,0.36621485972771795,44.79554843513457,6.6929476641562475,0.36621485972771795,0.0835509475848369,80.106185,False,1e-08,numerical jitter only; separate from WhiteKernel nugget,240,241,True,False,False,False,True,True,False,"[""P"",""VX"",""LS"",""ST""]",79.80069174999583,18.276013346734423,"[158.44974223374624,0.61828850713135,64.68709302046044,348.37940525538744]","[52.91062799111242,0.24003116768335325,13.418853861408692,32.45875579155631]",A726D80FABABB421843C8EF1AC7E7C3921BFE4704DBB23C6C7A180B0DD9F01FB,93.2349412886,0.318136092994,63.7701091846,373.005608841,2552157123,fmin_l_bfgs_b,1,-162.05488360892252,2.161091799964197,0,0,,completed_without_convergence_warning,False,False,,False,,False,,False
phase4_new_response_compact,Phase 3B,F7F71204D643D1027D0FF4736F24213619BF6A09C2361C3C11F169797AC98A9C,944FFDF12B36D558FD8E5E53911BBA42AFDAA7B3B4676E82EAF7F6253420B58A,total_height,T0 total vertical melt-pool height,T0,matern52_learned_nugget,Matérn 5/2 + learned nugget,Matern,2.5,True,168,sim_00170,170,69.94644,68.78108875733608,1.1653512426639168,1.1653512426639168,1.358043518778335,2.3017066603073975,5.297853550103433,7.082955787991492,50.16826269464217,7.082955787991492,total predictive variance including learned WhiteKernel nugget,1.8807586276099588,2.8901647248247158,2.8901647248247158,64.26974370313359,73.29243381153857,54.898495412872755,82.6636821017994,True,True,"1.57**2 * Matern(length_scale=3.13, nu=2.5) + WhiteKernel(noise_level=0.134)",2.4552301033187502,3.1274516726436454,0.13417292320042637,0.3662962232953356,44.87040914453875,6.698537836314634,0.3662962232953356,0.08362073211094292,80.106185,False,1e-08,numerical jitter only; separate from WhiteKernel nugget,240,241,True,False,False,False,True,True,False,"[""P"",""VX"",""LS"",""ST""]",79.78349599999584,18.287215128925226,"[158.44743465842748,0.6171280333808874,64.7653018087296,348.6835952922249]","[52.91345998176852,0.2408049935476302,13.358446857885196,32.34583139550507]",18B3E9C503DD3D8DBAC71E834EC6CD5D62C6603E6F5642E11E1516C13E99121D,93.7887593651,0.596649793105,45.0,300.0,2762447850,fmin_l_bfgs_b,1,-162.1527830130358,0.6981438000220805,0,0,,completed_without_convergence_warning,False,False,,False,,False,,False
phase4_new_response_compact,Phase 3B,F7F71204D643D1027D0FF4736F24213619BF6A09C2361C3C11F169797AC98A9C,944FFDF12B36D558FD8E5E53911BBA42AFDAA7B3B4676E82EAF7F6253420B58A,total_height,T0 total vertical melt-pool height,T0,matern52_learned_nugget,Matérn 5/2 + learned nugget,Matern,2.5,True,169,sim_00171,171,55.22341,54.98640963284202,0.23700036715798234,0.23700036715798234,0.05616917403301843,2.928572203671811,8.576535152119167,7.308908574984262,53.42014455747847,7.308908574984262,total predictive variance including learned WhiteKernel nugget,1.9967281192223483,2.908558220341344,2.908558220341344,49.24640811364527,60.726411152038764,40.660948825872865,69.31187043981117,True,True,"1.58**2 * Matern(length_scale=3.13, nu=2.5) + WhiteKernel(noise_level=0.135)",2.4824623332774394,3.1301126892969156,0.13494578047038983,0.3673496705734059,44.8436094053593,6.696537120434659,0.3673496705734059,0.08359575631313186,80.106185,False,1e-08,numerical jitter only; separate from WhiteKernel nugget,240,241,True,False,False,False,True,True,False,"[""P"",""VX"",""LS"",""ST""]",79.84484195832917,18.22932659768513,"[158.44106961122958,0.616259333036975,64.75055454649127,348.40736422693743]","[52.921145059892524,0.24050105096843993,13.378290531033457,32.47706088150582]",158CE73AAD04EC43E22B5B06ECE9661FD20D0B795A7FB05E2A507B53A0DB8815,95.3163706926,0.805137875644,48.5393429372,366.295455669,1836691014,fmin_l_bfgs_b,1,-162.7991564232406,1.3128614999586716,0,0,,completed_without_convergence_warning,False,False,,False,,False,,False
phase4_new_response_compact,Phase 3B,F7F71204D643D1027D0FF4736F24213619BF6A09C2361C3C11F169797AC98A9C,944FFDF12B36D558FD8E5E53911BBA42AFDAA7B3B4676E82EAF7F6253420B58A,total_height,T0 total vertical melt-pool height,T0,matern52_learned_nugget,Matérn 5/2 + learned nugget,Matern,2.5,True,170,sim_00172,172,56.62314,54.23462663103018,2.388513368969818,2.388513368969818,5.70499611374755,2.4891811847034035,6.196022970281439,7.141924310936443,51.00708286314499,7.141924310936443,total predictive variance including learned WhiteKernel nugget,2.2912679907755806,2.9408443523820376,2.9408443523820376,49.35583150901151,59.113421753048854,40.236454981594754,68.23279828046562,True,True,"1.57**2 * Matern(length_scale=3.13, nu=2.5) + WhiteKernel(noise_level=0.135)",2.474781972072465,3.1263985071124365,0.13473471111914198,0.3670622714460613,44.81105989286356,6.694106355060663,0.3670622714460613,0.08356541202231342,80.106185,False,1e-08,numerical jitter only; separate from WhiteKernel nugget,240,241,True,False,False,False,True,True,False,"[""P"",""VX"",""LS"",""ST""]",79.83900974999582,18.23697741718013,"[158.43695082567498,0.6162690383967208,64.72507641340044,348.386637909229]","[52.92601912317999,0.24050862580077415,13.403293578355035,32.46404851722846]",47E14DD5499F96EFCB0E5319BA36ABD63DBCF317785251F526863F0E5AC22A45,96.3048792257,0.802808589305,54.654094879,371.269771919,727500326,fmin_l_bfgs_b,1,-162.6562980036794,1.4420884000137448,0,0,,completed_without_convergence_warning,False,False,,False,,False,,False
phase4_new_response_compact,Phase 3B,F7F71204D643D1027D0FF4736F24213619BF6A09C2361C3C11F169797AC98A9C,944FFDF12B36D558FD8E5E53911BBA42AFDAA7B3B4676E82EAF7F6253420B58A,total_height,T0 total vertical melt-pool height,T0,matern52_learned_nugget,Matérn 5/2 + learned nugget,Matern,2.5,True,171,sim_00173,173,67.83247999999999,66.82768268542749,1.0047973145724995,1.0047973145724995,1.0096176433721067,2.330578445766197,5.431595891869982,7.091799972181459,50.29362684543294,7.091799972181459,total predictive variance including learned WhiteKernel nugget,1.8579943486640844,2.887914948722625,2.887914948722625,62.259748931725746,71.39561643912924,52.92775473995183,80.72761063090314,True,True,"1.57**2 * Matern(length_scale=3.13, nu=2.5) + WhiteKernel(noise_level=0.134)",2.459468309604497,3.127580991165705,0.1342249284960753,0.36636720444940934,44.86203095356296,6.697912432509323,0.36636720444940934,0.08361292492595077,80.106185,False,1e-08,numerical jitter only; separate from WhiteKernel nugget,240,241,True,False,False,False,True,True,False,"[""P"",""VX"",""LS"",""ST""]",79.7923041666625,18.281965064463677,"[158.4313057582187,0.6168361340539749,64.7653018087296,348.6835952922249]","[52.93257314548768,0.24078717912146083,13.358446857885196,32.34583139550507]",C3840D2AD6EFA855B245A8E50E6AF9DFECC87909B86425CC8711B166D7E83182,97.6596954152,0.666705631564,45.0,300.0,3483259549,fmin_l_bfgs_b,1,-162.2239945706567,1.6440725000575185,0,0,,completed_without_convergence_warning,False,False,,False,,False,,False
phase4_new_response_compact,Phase 3B,F7F71204D643D1027D0FF4736F24213619BF6A09C2361C3C11F169797AC98A9C,944FFDF12B36D558FD8E5E53911BBA42AFDAA7B3B4676E82EAF7F6253420B58A,total_height,T0 total vertical melt-pool height,T0,matern52_learned_nugget,Matérn 5/2 + learned nugget,Matern,2.5,True,172,sim_00174,174,69.823015,66.73477084247222,3.0882441575277824,3.0882441575277824,9.537251976504482,3.741996176595761,14.002535385657294,7.660953129397678,58.69020285082807,7.660953129397678,total predictive variance including learned WhiteKernel nugget,2.5791122072546044,3.0363257395696843,3.0363257395696843,59.40045833634453,74.0690833485999,51.719302708852766,81.75023897609167,True,True,"1.56**2 * Matern(length_scale=3.11, nu=2.5) + WhiteKernel(noise_level=0.134)",2.4459996310931005,3.1110874760651255,0.13363055163632465,0.3655551280399779,44.68766746517078,6.684883504233322,0.3655551280399779,0.0834502792042003,80.106185,False,1e-08,numerical jitter only; separate from WhiteKernel nugget,240,241,True,False,False,False,True,True,False,"[""P"",""VX"",""LS"",""ST""]",79.78401027082917,18.286936747614845,"[158.42875430237459,0.6179302900829666,64.69412581658378,348.63354094207904]","[52.93548755863829,0.24041438371028157,13.41792909206837,32.41176714661293]",FD2C0732B0FA5D2804363DA341FF52F88BC4B17788128108BCF3EEAEEFF7C4B2,98.2720448178,0.404108184606,62.082238115,312.013044035,3075994401,fmin_l_bfgs_b,1,-161.90913269897186,1.5673270999686792,0,0,,completed_without_convergence_warning,False,False,,False,,False,,False
phase4_new_response_compact,Phase 3B,F7F71204D643D1027D0FF4736F24213619BF6A09C2361C3C11F169797AC98A9C,944FFDF12B36D558FD8E5E53911BBA42AFDAA7B3B4676E82EAF7F6253420B58A,total_height,T0 total vertical melt-pool height,T0,matern52_learned_nugget,Matérn 5/2 + learned nugget,Matern,2.5,True,173,sim_00175,175,47.89237,50.495579035091396,-2.603209035091396,2.603209035091396,6.776697280381478,3.579336970089517,12.811653145449602,7.590792089035931,57.62012453897047,7.590792089035931,total predictive variance including learned WhiteKernel nugget,2.4585900724752863,3.0046794304191975,3.0046794304191975,43.48007857371594,57.51107949646685,35.61762654058097,65.37353152960182,True,True,"1.58**2 * Matern(length_scale=3.13, nu=2.5) + WhiteKernel(noise_level=0.136)",2.4870773721400643,3.127450846724395,0.13554529947056607,0.3681647721748593,44.80847139352086,6.6939130106030555,0.3681647721748593,0.08356299842019758,80.106185,False,1e-08,numerical jitter only; separate from WhiteKernel nugget,240,241,True,False,False,False,True,True,False,"[""P"",""VX"",""LS"",""ST""]",79.87538795832916,18.181840079538603,"[158.4277472277833,0.6159559617290333,64.62209406767168,348.57731653149983]","[52.93662969283148,0.24021651613832115,13.385314816649533,32.463498515202446]",3365E9896BE719F7279BF40A80D36FA82D580051184403114A7C2655C56E9235,98.5137427197,0.87794698955,79.3698578539,325.506902574,4008327826,fmin_l_bfgs_b,1,-163.3088597267007,1.3323944000294432,0,0,,completed_without_convergence_warning,False,False,,False,,False,,False
phase4_new_response_compact,Phase 3B,F7F71204D643D1027D0FF4736F24213619BF6A09C2361C3C11F169797AC98A9C,944FFDF12B36D558FD8E5E53911BBA42AFDAA7B3B4676E82EAF7F6253420B58A,total_height,T0 total vertical melt-pool height,T0,matern52_learned_nugget,Matérn 5/2 + learned nugget,Matern,2.5,True,174,sim_00176,176,51.670105,49.684774455467,1.9853305445329994,1.9853305445329994,3.941537371055696,3.6359299369801414,13.219986506628416,7.614589175761738,57.981968315627824,7.614589175761738,total predictive variance including learned WhiteKernel nugget,2.3588783793394508,2.9829939061775903,2.9829939061775903,42.55835177898592,56.81119713194808,34.760179670974,64.60936923996,True,True,"1.58**2 * Matern(length_scale=3.13, nu=2.5) + WhiteKernel(noise_level=0.135)",2.488005784796943,3.1254803546960273,0.13501782631363685,0.3674477191569392,44.761981808999415,6.690439582643237,0.3674477191569392,0.08351963812336385,80.106185,False,1e-08,numerical jitter only; separate from WhiteKernel nugget,240,241,True,False,False,False,True,True,False,"[""P"",""VX"",""LS"",""ST""]",79.85964739582917,18.207868041727345,"[158.42720848251417,0.6159756022972541,64.63352729259294,348.587282009779]","[52.9372387838612,0.2402377425899809,13.39673014400859,32.45604699490784]",64E3DDE951AD6D8555EB57AA06A2F010869C4FCA194547119EA30F7E4CD4B160,98.6430415843,0.873233253177,76.6258838728,323.115187787,1391357789,fmin_l_bfgs_b,1,-162.98417378480548,0.840731899952516,0,0,,completed_without_convergence_warning,False,False,,False,,False,,False
phase4_new_response_compact,Phase 3B,F7F71204D643D1027D0FF4736F24213619BF6A09C2361C3C11F169797AC98A9C,944FFDF12B36D558FD8E5E53911BBA42AFDAA7B3B4676E82EAF7F6253420B58A,total_height,T0 total vertical melt-pool height,T0,matern52_learned_nugget,Matérn 5/2 + learned nugget,Matern,2.5,True,175,sim_00177,177,70.236715,71.2415069492361,-1.0047919492360933,1.0047919492360933,1.0096068612496678,3.996487692631598,15.971913877355833,7.793862370709266,60.744290653557854,7.793862370709266,total predictive variance including learned WhiteKernel nugget,2.335960126249477,2.98058538410346,2.98058538410346,63.40839107167817,79.07462282679403,55.965536702645934,86.51747719582626,True,True,"1.57**2 * Matern(length_scale=3.13, nu=2.5) + WhiteKernel(noise_level=0.134)",2.4613346044862383,3.125629163504686,0.133870399428498,0.3658830406407189,44.77237677620202,6.691216389880245,0.3658830406407189,0.08352933534258616,80.106185,False,1e-08,numerical jitter only; separate from WhiteKernel nugget,240,241,True,False,False,False,True,True,False,"[""P"",""VX"",""LS"",""ST""]",79.78228652082916,18.287856081448513,"[158.4253311337096,0.6183622430171541,64.74640356858836,348.5167757062332]","[52.93935088512487,0.2399362147296287,13.38316441340571,32.492904279084335]",60F4B3B2EA8E8F27CEC68B89918B798C06B8CF80E9F571DC81353D5BE5536F44,99.0936052974,0.300439480401,49.5355776339,340.036700638,1846056850,fmin_l_bfgs_b,1,-161.89817069624812,1.1254584999987856,0,0,,completed_without_convergence_warning,False,False,,False,,False,,False
phase4_new_response_compact,Phase 3B,F7F71204D643D1027D0FF4736F24213619BF6A09C2361C3C11F169797AC98A9C,944FFDF12B36D558FD8E5E53911BBA42AFDAA7B3B4676E82EAF7F6253420B58A,total_height,T0 total vertical melt-pool height,T0,matern52_learned_nugget,Matérn 5/2 + learned nugget,Matern,2.5,True,176,sim_00178,178,74.85208,75.08584603783386,-0.23376603783385974,0.23376603783385974,0.054646560444541546,2.4750961457027203,6.126100930472462,7.141698864989918,51.00386267819828,7.141698864989918,total predictive variance including learned WhiteKernel nugget,1.829677917246487,2.8854249275454835,2.8854249275454835,70.23465759225653,79.9370344834112,61.088116262453624,89.0835758132141,True,True,"1.57**2 * Matern(length_scale=3.13, nu=2.5) + WhiteKernel(noise_level=0.134)",2.4686986976486307,3.1338311008690987,0.1340740532232243,0.3661612393785343,44.87776174772581,6.699086635335134,0.3661612393785343,0.0836275830054213,80.106185,False,1e-08,numerical jitter only; separate from WhiteKernel nugget,240,241,True,False,False,False,True,True,False,"[""P"",""VX"",""LS"",""ST""]",79.76305583332918,18.29545543025016,"[158.4234565361604,0.6172824373028624,64.7653018087296,348.6835952922249]","[52.9414437983335,0.24077993167746867,13.358446857885196,32.34583139550507]",D12063CC427197693B2EFA96E5AA55D235F7DFEA1A1851676A383474DE35C724,99.5435087092,0.559592851831,45.0,300.0,2290798456,fmin_l_bfgs_b,1,-162.04828698003456,1.5567283999407664,0,0,,completed_without_convergence_warning,False,False,,False,,False,,False
phase4_new_response_compact,Phase 3B,F7F71204D643D1027D0FF4736F24213619BF6A09C2361C3C11F169797AC98A9C,944FFDF12B36D558FD8E5E53911BBA42AFDAA7B3B4676E82EAF7F6253420B58A,total_height,T0 total vertical melt-pool height,T0,matern52_learned_nugget,Matérn 5/2 + learned nugget,Matern,2.5,True,177,sim_00179,179,62.28245999999999,62.50665774310027,-0.22419774310027663,0.22419774310027663,0.05026462801125763,3.089188128063293,9.543083290567191,7.372856731163363,54.35901637826091,7.372856731163363,total predictive variance including learned WhiteKernel nugget,2.0494804111732536,2.91720611985228,2.91720611985228,56.45184901209622,68.56146647410432,48.055858550020076,76.95745693618046,True,True,"1.57**2 * Matern(length_scale=3.12, nu=2.5) + WhiteKernel(noise_level=0.134)",2.460349983098399,3.118973688581397,0.1343611806490379,0.366553107542465,44.81593308769372,6.694470336605707,0.366553107542465,0.08356995576066575,80.106185,False,1e-08,numerical jitter only; separate from WhiteKernel nugget,240,241,True,False,False,False,True,True,False,"[""P"",""VX"",""LS"",""ST""]",79.81542924999583,18.263302639795942,"[158.42256279370875,0.6170425357182374,64.71486070249003,348.5262490722332]","[52.94243596553752,0.24080860642199844,13.410029540565743,32.49009895823966]",C172C7C47CD4AA76E3E4C3E16C7AE19E5BEC9AA5F824515AC6E75C9BDD54BFD3,99.7580068976,0.617169232141,57.1058654975,337.763092798,1244978503,fmin_l_bfgs_b,1,-162.34279930347304,2.689068799954839,0,0,,completed_without_convergence_warning,False,False,,False,,False,,False
phase4_new_response_compact,Phase 3B,F7F71204D643D1027D0FF4736F24213619BF6A09C2361C3C11F169797AC98A9C,944FFDF12B36D558FD8E5E53911BBA42AFDAA7B3B4676E82EAF7F6253420B58A,total_height,T0 total vertical melt-pool height,T0,matern52_learned_nugget,Matérn 5/2 + learned nugget,Matern,2.5,True,178,sim_00180,180,63.685435000000005,64.32277730631255,-0.6373423063125401,0.6373423063125401,0.40620521541578763,2.9629548325422856,8.779101339685685,7.322593674303106,53.62037811894386,7.322593674303106,total predictive variance including learned WhiteKernel nugget,2.028260341227012,2.913690913190805,2.913690913190805,58.51538583452967,70.13016877809542,49.97049370467846,78.67506090794663,True,True,"1.57**2 * Matern(length_scale=3.12, nu=2.5) + WhiteKernel(noise_level=0.134)",2.4671778616408067,3.1247997943793964,0.1343579089179574,0.36654864468165393,44.84127677925817,6.696362951577384,0.36654864468165393,0.08359358208829173,80.106185,False,1e-08,numerical jitter only; separate from WhiteKernel nugget,240,241,True,False,False,False,True,True,False,"[""P"",""VX"",""LS"",""ST""]",79.80958352082916,18.268688341197247,"[158.41985062784872,0.6172611811765581,64.68667398831252,348.34345604273324]","[52.945424440815565,0.24078479836467395,13.418880919382287,32.426667835551065]",77F899C739673D6437AB70DCC23B5A5A17D89E69FFB7BFFA0D8711E3DC15A6B8,100.408926704,0.564694322144,63.8706769001,381.633419878,1318938675,fmin_l_bfgs_b,1,-162.29706226178055,1.5915953000076115,0,0,,completed_without_convergence_warning,False,False,,False,,False,,False
phase4_new_response_compact,Phase 3B,F7F71204D643D1027D0FF4736F24213619BF6A09C2361C3C11F169797AC98A9C,944FFDF12B36D558FD8E5E53911BBA42AFDAA7B3B4676E82EAF7F6253420B58A,total_height,T0 total vertical melt-pool height,T0,matern52_learned_nugget,Matérn 5/2 + learned nugget,Matern,2.5,True,179,sim_00181,181,70.06358499999999,68.22741071753549,1.8361742824644978,1.8361742824644978,3.371535995584013,2.6812721454586046,7.189220318012189,7.214597528974322,52.050417505082386,7.214597528974322,total predictive variance including learned WhiteKernel nugget,2.1397154069416,2.9274321550900058,2.9274321550900058,62.97211731243662,73.48270412263436,54.08679956074582,82.36802187432517,True,True,"1.57**2 * Matern(length_scale=3.13, nu=2.5) + WhiteKernel(noise_level=0.134)",2.459931163980928,3.129352557524971,0.13414154843609946,0.3662533937536954,44.861197187070196,6.697850191447268,0.3662533937536954,0.08361214794397297,80.106185,False,1e-08,numerical jitter only; separate from WhiteKernel nugget,240,241,True,False,False,False,True,True,False,"[""P"",""VX"",""LS"",""ST""]",79.78300789582917,18.28747611810952,"[158.41311501097374,0.6178472850600625,64.62166234233294,348.4576030767624]","[52.952700725434966,0.2404847439285228,13.384837460909772,32.495362249875214]",2A7A4FA7AD549EB840C458E0561D74859415640C9C4EDBB6C50B7FC3C764FBDF,102.025474754,0.424029390103,79.4734719352,354.238131711,724288218,fmin_l_bfgs_b,1,-162.0015621724214,1.4203164000064135,0,0,,completed_without_convergence_warning,False,False,,False,,False,,False
phase4_new_response_compact,Phase 3B,F7F71204D643D1027D0FF4736F24213619BF6A09C2361C3C11F169797AC98A9C,944FFDF12B36D558FD8E5E53911BBA42AFDAA7B3B4676E82EAF7F6253420B58A,total_height,T0 total vertical melt-pool height,T0,matern52_learned_nugget,Matérn 5/2 + learned nugget,Matern,2.5,True,180,sim_00182,182,54.92101,52.955175825488126,1.9658341745118761,1.9658341745118761,3.8645040016787897,3.7303302674679726,13.915363904387675,7.659957296100293,58.674945778080115,7.659957296100293,total predictive variance including learned WhiteKernel nugget,2.3742927603247432,2.9878764083420575,2.9878764083420575,45.6437285012509,60.266623149725355,37.941659525131556,67.9686921258447,True,True,"1.57**2 * Matern(length_scale=3.12, nu=2.5) + WhiteKernel(noise_level=0.135)",2.4724303989918806,3.1217908576862254,0.13471822898414879,0.36703981934409896,44.75958187369243,6.690260224661851,0.36703981934409896,0.08351739912045308,80.106185,False,1e-08,numerical jitter only; separate from WhiteKernel nugget,240,241,True,False,False,False,True,True,False,"[""P"",""VX"",""LS"",""ST""]",79.84610195832917,18.227614204413467,"[158.4113482010154,0.6157855849315916,64.72302193179794,348.51913232477483]","[52.954575008174174,0.24001605036346324,13.404799245215294,32.49226864125644]",C258594ED9ECA99FDA7BB5159CD537D648E46D52377F7739355D57444AEB195B,102.449509144,0.918837420936,55.1471704636,339.471112188,1064154297,fmin_l_bfgs_b,1,-162.67930631157486,1.257588499924168,0,0,,completed_without_convergence_warning,False,False,,False,,False,,False
phase4_new_response_compact,Phase 3B,F7F71204D643D1027D0FF4736F24213619BF6A09C2361C3C11F169797AC98A9C,944FFDF12B36D558FD8E5E53911BBA42AFDAA7B3B4676E82EAF7F6253420B58A,total_height,T0 total vertical melt-pool height,T0,matern52_learned_nugget,Matérn 5/2 + learned nugget,Matern,2.5,True,181,sim_00183,183,71.42119000000001,69.96930274541296,1.4518872545870494,1.4518872545870494,2.1079766000323197,3.7858629179392227,14.332758033427286,7.688991364189564,59.1205881985817,7.688991364189564,total predictive variance including learned WhiteKernel nugget,2.3237493967264955,2.976555916984295,2.976555916984295,62.549011426252086,77.38959406457384,54.898879671601414,85.0397258192245,True,True,"1.57**2 * Matern(length_scale=3.12, nu=2.5) + WhiteKernel(noise_level=0.134)",2.455157214349624,3.121228031327888,0.1338812379454865,0.36589785179129775,44.78783016515441,6.692371042101177,0.36589785179129775,0.08354374936343777,80.106185,False,1e-08,numerical jitter only; separate from WhiteKernel nugget,240,241,True,False,False,False,True,True,False,"[""P"",""VX"",""LS"",""ST""]",79.77735120832918,18.290271476965103,"[158.37942575588622,0.6177321940085125,64.59088870478378,348.4753869781749]","[52.98598213231839,0.24057084860610486,13.342097076665409,32.497352939436226]",1CDDFB2B6055AE9BB150BF8403DCDF8B64AD49B42EB9A0EE1B87D2A09AAE456A,110.110895975,0.451651242475,86.859144947,349.969995372,2679535298,fmin_l_bfgs_b,1,-161.95149205966638,1.103555400040932,0,0,,completed_without_convergence_warning,False,False,,False,,False,,False
phase4_new_response_compact,Phase 3B,F7F71204D643D1027D0FF4736F24213619BF6A09C2361C3C11F169797AC98A9C,944FFDF12B36D558FD8E5E53911BBA42AFDAA7B3B4676E82EAF7F6253420B58A,total_height,T0 total vertical melt-pool height,T0,matern52_learned_nugget,Matérn 5/2 + learned nugget,Matern,2.5,True,182,sim_00184,184,68.70544000000001,73.3191448077427,-4.6137048077426925,4.6137048077426925,21.286272052988036,4.3608390220490225,19.016916976225474,7.993469222959268,63.89555021839705,7.993469222959268,total predictive variance including learned WhiteKernel nugget,2.951269753432041,3.1641342430375756,3.1641342430375756,64.77190032452663,81.86638929095878,57.65194513074254,88.98634448474287,True,True,"1.56**2 * Matern(length_scale=3.13, nu=2.5) + WhiteKernel(noise_level=0.134)",2.4430928848282054,3.134231368430014,0.1342409379682262,0.3663890527406983,44.87863324217156,6.699151680785527,0.3663890527406983,0.08362839499578625,80.106185,False,1e-08,numerical jitter only; separate from WhiteKernel nugget,240,241,True,False,False,False,True,True,False,"[""P"",""VX"",""LS"",""ST""]",79.78866683332917,18.2842572142205,"[158.3793379580529,0.6186758821641792,64.71808834281002,348.5748757424373]","[52.98606209573695,0.239470779089231,13.408104393345793,32.46521092075195]",F45A120071FEBE54379C8201882B09A9FB064C2ECB4AD7A2CC6A108C44C56966,110.131967455,0.225166085115,56.3312318207,326.092691949,3029546192,fmin_l_bfgs_b,1,-161.72433814102425,1.413487400044687,0,0,,completed_without_convergence_warning,False,False,,False,,False,,False
phase4_new_response_compact,Phase 3B,F7F71204D643D1027D0FF4736F24213619BF6A09C2361C3C11F169797AC98A9C,944FFDF12B36D558FD8E5E53911BBA42AFDAA7B3B4676E82EAF7F6253420B58A,total_height,T0 total vertical melt-pool height,T0,matern52_learned_nugget,Matérn 5/2 + learned nugget,Matern,2.5,True,183,sim_00185,185,63.212845,61.52101996961885,1.6918250303811533,1.6918250303811533,2.86227193342419,2.532676693447569,6.414451233532512,7.1585369923738895,51.24465187118541,7.1585369923738895,total predictive variance including learned WhiteKernel nugget,2.0713264667967706,2.915171681194177,2.915171681194177,56.556973650461615,66.48506628877608,47.49028746456602,75.55175247467167,True,True,"1.57**2 * Matern(length_scale=3.13, nu=2.5) + WhiteKernel(noise_level=0.134)",2.473776400795073,3.1298696126779695,0.13435066025790873,0.36653875682921816,44.8302006376529,6.695535873823162,0.36653875682921816,0.08358325732055724,80.106185,False,1e-08,numerical jitter only; separate from WhiteKernel nugget,240,241,True,False,False,False,True,True,False,"[""P"",""VX"",""LS"",""ST""]",79.81155264582917,18.2669247087091,"[158.34597161264458,0.6160834582699583,64.74074587565211,348.3797893687749]","[53.01390520266704,0.24034737981005339,13.389305127384446,32.45904666632963]",4BBFE30CE408EA59B93DBFD77740A370A3AC68EDD94B75A22B010A1DDD74B839,118.139890353,0.847347819728,50.8934239386,372.913421628,4123317628,fmin_l_bfgs_b,1,-162.29085888672242,1.500074400100857,0,0,,completed_without_convergence_warning,False,False,,False,,False,,False
phase4_new_response_compact,Phase 3B,F7F71204D643D1027D0FF4736F24213619BF6A09C2361C3C11F169797AC98A9C,944FFDF12B36D558FD8E5E53911BBA42AFDAA7B3B4676E82EAF7F6253420B58A,total_height,T0 total vertical melt-pool height,T0,matern52_learned_nugget,Matérn 5/2 + learned nugget,Matern,2.5,True,184,sim_00186,186,74.6245,72.89498428132725,1.7295157186727437,1.7295157186727437,2.991224621136097,3.4896175048849667,12.17743033039958,7.545554647792366,56.93539494282097,7.545554647792366,total predictive variance including learned WhiteKernel nugget,2.2915490496396362,2.966165720550486,2.966165720550486,66.05533397175272,79.73463459090179,58.105697171654214,87.6842713910003,True,True,"1.57**2 * Matern(length_scale=3.12, nu=2.5) + WhiteKernel(noise_level=0.134)",2.459886292769617,3.123754457116006,0.13371996195730157,0.3656774014856559,44.75796461242138,6.690139356726539,0.3656774014856559,0.08351589027397248,80.106185,False,1e-08,numerical jitter only; separate from WhiteKernel nugget,240,241,True,False,False,False,True,True,False,"[""P"",""VX"",""LS"",""ST""]",79.76400408332917,18.295194971158114,"[158.33129667241124,0.6184405678233833,64.65420554669544,348.5568077698748]","[53.02454420580621,0.2398293271899555,13.411386628840713,32.47650936054128]",F2D892051EC8FC39CD724D39BD02FC5BD57B3A237248D1B1C4F9AED6BF46338F,121.661876009,0.281641526906,71.6631028882,330.429005364,1661143319,fmin_l_bfgs_b,1,-161.80135653035364,1.4924277000827715,0,0,,completed_without_convergence_warning,False,False,,False,,False,,False
phase4_new_response_compact,Phase 3B,F7F71204D643D1027D0FF4736F24213619BF6A09C2361C3C11F169797AC98A9C,944FFDF12B36D558FD8E5E53911BBA42AFDAA7B3B4676E82EAF7F6253420B58A,total_height,T0 total vertical melt-pool height,T0,matern52_learned_nugget,Matérn 5/2 + learned nugget,Matern,2.5,True,185,sim_00187,187,72.68523,76.18373961766812,-3.4985096176681196,3.4985096176681196,12.239569544916332,2.8085830699556187,7.888138860841328,7.262015496522657,52.73686907173521,7.262015496522657,total predictive variance including learned WhiteKernel nugget,2.727439769731798,3.017639703806729,3.017639703806729,70.67891680055511,81.68856243478113,61.95018924448372,90.41728999085254,True,True,"1.58**2 * Matern(length_scale=3.14, nu=2.5) + WhiteKernel(noise_level=0.134)",2.49577121360732,3.143383483104717,0.1340306952465994,0.36610202846556233,44.848730210893876,6.696919456802051,0.36610202846556233,0.08360052918263491,80.106185,False,1e-08,numerical jitter only; separate from WhiteKernel nugget,240,241,True,False,False,False,True,True,False,"[""P"",""VX"",""LS"",""ST""]",79.77208437499583,18.292494813182937,"[158.31108711769042,0.6172292046706166,64.64240995765627,348.3221858966124]","[53.03759047006063,0.2407912675134139,13.40396998676225,32.4031416550917]",E9CDA0818860F951E9A1D57A91937516998C7E1A25D325B7C60DA67D4704CB65,126.512169142,0.57236868357,74.4940442576,386.738254947,1163712146,fmin_l_bfgs_b,1,-161.90620967727347,3.338774499949068,0,0,,completed_without_convergence_warning,False,False,,False,,False,,False
phase4_new_response_compact,Phase 3B,F7F71204D643D1027D0FF4736F24213619BF6A09C2361C3C11F169797AC98A9C,944FFDF12B36D558FD8E5E53911BBA42AFDAA7B3B4676E82EAF7F6253420B58A,total_height,T0 total vertical melt-pool height,T0,matern52_learned_nugget,Matérn 5/2 + learned nugget,Matern,2.5,True,186,sim_00188,188,73.40027999999998,77.01699517861927,-3.6167151786192875,3.6167151786192875,13.080628683255144,3.8624598671343793,14.918596225223727,7.730286984596195,59.757336864217336,7.730286984596195,total predictive variance including learned WhiteKernel nugget,2.7086429027268903,3.073532409685455,3.073532409685455,69.44657383903589,84.58741651820264,61.86563268881073,92.16835766842782,True,True,"1.58**2 * Matern(length_scale=3.15, nu=2.5) + WhiteKernel(noise_level=0.134)",2.500093935290447,3.145035535050736,0.1339847889356249,0.3660393270341657,44.83874063899361,6.696173581904341,0.3660393270341657,0.0835912181051231,80.106185,False,1e-08,numerical jitter only; separate from WhiteKernel nugget,240,241,True,False,False,False,True,True,False,"[""P"",""VX"",""LS"",""ST""]",79.76910499999583,18.29359057170195,"[158.3020451931404,0.6171060517284791,64.61602200635461,348.2905854792873]","[53.04282558849771,0.2408066210864441,13.37829093853232,32.361937552865705]",92D45C0725C07D6A198F42B4986F81B972E311F15E56AEED0F87A011EE222932,128.682231034,0.601925389683,80.82715257,394.322355105,1596088223,fmin_l_bfgs_b,1,-161.87311709732984,1.4214474000036716,0,0,,completed_without_convergence_warning,False,False,,False,,False,,False
phase4_new_response_compact,Phase 3B,F7F71204D643D1027D0FF4736F24213619BF6A09C2361C3C11F169797AC98A9C,944FFDF12B36D558FD8E5E53911BBA42AFDAA7B3B4676E82EAF7F6253420B58A,total_height,T0 total vertical melt-pool height,T0,matern52_learned_nugget,Matérn 5/2 + learned nugget,Matern,2.5,True,187,sim_00189,189,78.43571,75.00828891916035,3.4274210808396504,3.4274210808396504,11.747215265384037,3.3238947959518983,11.048276614556112,7.470464983898945,55.80784707566027,7.470464983898945,total predictive variance including learned WhiteKernel nugget,2.651706876425922,3.0351427620491025,3.0351427620491025,68.49345511909463,81.52312271922607,60.36617755071842,89.65040028760228,True,True,"1.57**2 * Matern(length_scale=3.14, nu=2.5) + WhiteKernel(noise_level=0.134)",2.47981332738929,3.135360528847684,0.1336838387166801,0.36562800592498396,44.759570461104154,6.690259371736207,0.36562800592498396,0.083517388473015,80.106185,False,1e-08,numerical jitter only; separate from WhiteKernel nugget,240,241,True,False,False,False,True,True,False,"[""P"",""VX"",""LS"",""ST""]",79.7481240416625,18.297994856304445,"[158.29834762871124,0.6184175977368167,64.68114353422128,348.29317031409147]","[53.044859258993434,0.23986131749209239,13.418942566019128,32.36558914967606]",E831110A1F558E15785CEAD3F72DA3341A4E8686491F23F0E5538617F82EB3E9,129.569646497,0.287154347682,65.197985882,393.701994752,1287164157,fmin_l_bfgs_b,1,-161.74499434737496,1.5523579999571666,0,0,,completed_without_convergence_warning,False,False,,False,,False,,False
phase4_new_response_compact,Phase 3B,F7F71204D643D1027D0FF4736F24213619BF6A09C2361C3C11F169797AC98A9C,944FFDF12B36D558FD8E5E53911BBA42AFDAA7B3B4676E82EAF7F6253420B58A,total_height,T0 total vertical melt-pool height,T0,matern52_learned_nugget,Matérn 5/2 + learned nugget,Matern,2.5,True,188,sim_00190,190,68.96104,67.74565748799135,1.2153825120086452,1.2153825120086452,1.4771546504964446,3.156655180878883,9.964471930969495,7.400317646044472,54.7647012623572,7.400317646044472,total predictive variance including learned WhiteKernel nugget,2.142572583522108,2.9339478331324704,2.9339478331324704,61.55861333346874,73.93270164251396,53.241034901744186,82.25028007423852,True,True,"1.57**2 * Matern(length_scale=3.12, nu=2.5) + WhiteKernel(noise_level=0.134)",2.461908243281159,3.1218252774492523,0.13399706372688486,0.3660560936890477,44.80022933138771,6.693297343715406,0.3660560936890477,0.08355531278534119,80.106185,False,1e-08,numerical jitter only; separate from WhiteKernel nugget,240,241,True,False,False,False,True,True,False,"[""P"",""VX"",""LS"",""ST""]",79.78760183332916,18.284895290941765,"[158.29218024277372,0.6163632557621624,64.73161638001503,348.3096667778291]","[53.04811296312684,0.24057724389241641,13.397993996535119,32.387712900541715]",539A7FA289095C899C06EBE1CA10322BF49C51D9152139B9462BD25E22DB49E1,131.049819122,0.780196421599,53.0845028915,389.742843455,3554610549,fmin_l_bfgs_b,1,-162.08377488101678,0.8164405999705195,0,0,,completed_without_convergence_warning,False,False,,False,,False,,False
phase4_new_response_compact,Phase 3B,F7F71204D643D1027D0FF4736F24213619BF6A09C2361C3C11F169797AC98A9C,944FFDF12B36D558FD8E5E53911BBA42AFDAA7B3B4676E82EAF7F6253420B58A,total_height,T0 total vertical melt-pool height,T0,matern52_learned_nugget,Matérn 5/2 + learned nugget,Matern,2.5,True,189,sim_00191,191,68.34182,68.34078900858204,0.0010309914179629232,0.0010309914179629232,1.0629433039131988e-06,3.041295609743373,9.249478985844314,7.352889778622218,54.064988096567085,7.352889778622218,total predictive variance including learned WhiteKernel nugget,2.031222202705956,2.9140319461491857,2.9140319461491857,62.37984961348502,74.30172840367905,53.92912504248249,82.75245297468157,True,True,"1.57**2 * Matern(length_scale=3.12, nu=2.5) + WhiteKernel(noise_level=0.134)",2.4633835773130435,3.122281094613587,0.13406581073879176,0.3661499839393575,44.81550911072277,6.694438670323507,0.3661499839393575,0.08356956045682998,80.106185,False,1e-08,numerical jitter only; separate from WhiteKernel nugget,240,241,True,False,False,False,True,True,False,"[""P"",""VX"",""LS"",""ST""]",79.7901819166625,18.283323675994627,"[158.28771420357373,0.6163299571637499,64.68505307818545,348.340082505854]","[53.05036110138195,0.24055401104385135,13.41895589281023,32.423162003647086]",A07770E792D0A6E8FACE86D32B395FD37FBEFA90B2AA2E3234A9163489417D26,132.12166853,0.788188085218,64.25969533060001,382.443068729,2106013583,fmin_l_bfgs_b,1,-162.0927219574582,1.015608600107953,0,0,,completed_without_convergence_warning,False,False,,False,,False,,False
phase4_new_response_compact,Phase 3B,F7F71204D643D1027D0FF4736F24213619BF6A09C2361C3C11F169797AC98A9C,944FFDF12B36D558FD8E5E53911BBA42AFDAA7B3B4676E82EAF7F6253420B58A,total_height,T0 total vertical melt-pool height,T0,matern52_learned_nugget,Matérn 5/2 + learned nugget,Matern,2.5,True,190,sim_00192,192,83.30944999999998,79.7051771551001,3.6042728448998815,3.6042728448998815,12.990782740482686,2.6644166443763124,7.099116054829529,7.208713758978733,51.96555405888929,7.208713758978733,total predictive variance including learned WhiteKernel nugget,2.8138814382762143,3.0192232431606847,3.0192232431606847,74.48292053212253,84.92743377807767,65.57609818750178,93.83425612269842,True,True,"1.57**2 * Matern(length_scale=3.14, nu=2.5) + WhiteKernel(noise_level=0.134)",2.4759440812045606,3.141180362121305,0.13402146672371068,0.36608942449039783,44.866438004059766,6.6982414113004145,0.36608942449039783,0.0836170317098538,80.106185,False,1e-08,numerical jitter only; separate from WhiteKernel nugget,240,241,True,False,False,False,True,True,False,"[""P"",""VX"",""LS"",""ST""]",79.72781679166249,18.296735614869156,"[158.27598554207373,0.6181836631158292,64.70524783344212,348.31094639795816]","[53.05583328956745,0.24015672110452704,13.414652834876433,32.3893437686167]",0372FCB8CE6ACEF46F6E24708468C46652119BD2466AD2A075A0D58BDC105677,134.93654729,0.343298656719,59.412954069,389.435734624,855296960,fmin_l_bfgs_b,1,-161.79483772490008,2.170172000071034,0,0,,completed_without_convergence_warning,False,False,,False,,False,,False
phase4_new_response_compact,Phase 3B,F7F71204D643D1027D0FF4736F24213619BF6A09C2361C3C11F169797AC98A9C,944FFDF12B36D558FD8E5E53911BBA42AFDAA7B3B4676E82EAF7F6253420B58A,total_height,T0 total vertical melt-pool height,T0,matern52_learned_nugget,Matérn 5/2 + learned nugget,Matern,2.5,True,191,sim_00193,193,67.58841,68.6525663686779,-1.0641563686778994,1.0641563686778994,1.1324287769977335,2.6574412968929026,7.061994246431833,7.201257290407069,51.85810656264096,7.201257290407069,total predictive variance including learned WhiteKernel nugget,1.9764799650250908,2.9041126995054474,2.9041126995054474,63.443981426767806,73.86115131058799,54.53810207948004,82.76703065787575,True,True,"1.57**2 * Matern(length_scale=3.12, nu=2.5) + WhiteKernel(noise_level=0.134)",2.467040365959175,3.1232237775683025,0.13403755847756482,0.3661114017311737,44.79611231620913,6.692989789041153,0.3661114017311737,0.08355147344791358,80.106185,False,1e-08,numerical jitter only; separate from WhiteKernel nugget,240,241,True,False,False,False,True,True,False,"[""P"",""VX"",""LS"",""ST""]",79.79332112499584,18.28129295452985,"[158.2671514220696,0.6161079998389916,64.70158247822711,348.5044619264915]","[53.05954207117787,0.24037069083102922,13.415978129066945,32.4955555332197]",CF5C64E38876AC5BF3DC9450BE5206313BA0B4E73AC4E6EAC4EB7BF183C39526,137.056736091,0.84145784316,60.2926393206,342.992007776,3580463057,fmin_l_bfgs_b,1,-162.08314660732913,1.3100437999237329,0,0,,completed_without_convergence_warning,False,False,,False,,False,,False
phase4_new_response_compact,Phase 3B,F7F71204D643D1027D0FF4736F24213619BF6A09C2361C3C11F169797AC98A9C,944FFDF12B36D558FD8E5E53911BBA42AFDAA7B3B4676E82EAF7F6253420B58A,total_height,T0 total vertical melt-pool height,T0,matern52_learned_nugget,Matérn 5/2 + learned nugget,Matern,2.5,True,192,sim_00194,194,61.6542,68.07344868029097,-6.419248680290963,6.419248680290963,41.20675361941726,3.138255230071507,9.848645889071168,7.377253058461853,54.42386268858476,7.377253058461853,total predictive variance including learned WhiteKernel nugget,4.15460649522163,3.295912370809357,3.295912370809357,61.922468429350815,74.22442893123112,53.61403268570574,82.5328646748762,False,True,"1.58**2 * Matern(length_scale=3.13, nu=2.5) + WhiteKernel(noise_level=0.134)",2.4882538634624405,3.1303137027177277,0.13367694735281718,0.36561858179367357,44.5752167995136,6.676467389234639,0.36561858179367357,0.0833452172168059,80.106185,False,1e-08,numerical jitter only; separate from WhiteKernel nugget,240,241,True,False,False,False,True,True,False,"[""P"",""VX"",""LS"",""ST""]",79.81804699999584,18.26074417903167,"[158.2582798833904,0.61572761468895,64.60851619430252,348.38713610935406]","[53.062909599184934,0.2399411564588857,13.368684893024504,32.46439876345165]",302353792A3772D06EE57D01A5EAF4D9F78C62392596132487042BA8976C946C,139.185905374,0.93275027917,82.6285474625,371.150203889,2219545109,fmin_l_bfgs_b,1,-161.97050730791568,0.8316545999841765,0,0,,completed_without_convergence_warning,False,False,,False,,False,,False
phase4_new_response_compact,Phase 3B,F7F71204D643D1027D0FF4736F24213619BF6A09C2361C3C11F169797AC98A9C,944FFDF12B36D558FD8E5E53911BBA42AFDAA7B3B4676E82EAF7F6253420B58A,total_height,T0 total vertical melt-pool height,T0,matern52_learned_nugget,Matérn 5/2 + learned nugget,Matern,2.5,True,193,sim_00195,195,75.98671999999999,78.14859474948634,-2.161874749486344,2.161874749486344,4.673702432466643,2.6416970581523955,6.978563347051021,7.197533674384256,51.80449099389533,7.197533674384256,total predictive variance including learned WhiteKernel nugget,2.2252214293260764,2.9377860022657947,2.9377860022657947,72.97086851550765,83.32632098346502,64.04142874769319,92.25576075127948,True,True,"1.57**2 * Matern(length_scale=3.13, nu=2.5) + WhiteKernel(noise_level=0.134)",2.473023281889988,3.129756616319553,0.13390277586090568,0.36592728220358983,44.82592764684431,6.695216773700782,0.36592728220358983,0.08357927385632935,80.106185,False,1e-08,numerical jitter only; separate from WhiteKernel nugget,240,241,True,False,False,False,True,True,False,"[""P"",""VX"",""LS"",""ST""]",79.7583281666625,18.296577214419845,"[158.2535766699529,0.6171299225188458,64.61114623446628,348.50640508662906]","[53.06454981487373,0.24080483110797668,13.372167197471846,32.49521189752801]",98BA4194379B45AF77BF9F497523BDF893A734C3FA44533F08669A6CFFEE90D8,140.314676599,0.596196399995,81.9973378232,342.525649343,112598667,fmin_l_bfgs_b,1,-161.91290545934538,1.2504372000694275,0,0,,completed_without_convergence_warning,False,False,,False,,False,,False
phase4_new_response_compact,Phase 3B,F7F71204D643D1027D0FF4736F24213619BF6A09C2361C3C11F169797AC98A9C,944FFDF12B36D558FD8E5E53911BBA42AFDAA7B3B4676E82EAF7F6253420B58A,total_height,T0 total vertical melt-pool height,T0,matern52_learned_nugget,Matérn 5/2 + learned nugget,Matern,2.5,True,194,sim_00196,196,88.04434,83.19717558690475,4.847164413095257,4.847164413095257,23.495002847577087,3.1804976759807775,10.115565466919128,7.395599252757275,54.69488830738397,7.395599252757275,total predictive variance including learned WhiteKernel nugget,3.2373054070323493,3.1346060983363917,3.1346060983363917,76.96340014198242,89.43095103182708,68.7018010515005,97.692550122309,True,True,"1.55**2 * Matern(length_scale=3.09, nu=2.5) + WhiteKernel(noise_level=0.133)",2.4172048966285495,3.0940952998927345,0.13325741177292794,0.3650443969888155,44.57932284046483,6.676774883165138,0.3650443969888155,0.08334905579594308,80.106185,False,1e-08,numerical jitter only; separate from WhiteKernel nugget,240,241,True,False,False,False,True,True,False,"[""P"",""VX"",""LS"",""ST""]",79.70808808332916,18.29030917400906,"[158.2488392138904,0.6180379254948458,64.6672232635596,348.6204871721165]","[53.06610036243413,0.24031282561897355,13.41666616194102,32.42587938718032]",01ADCFA95AF64FBDE0110384253B27C41D3C27069CC3F2EFA3149125261ED796,141.451666054,0.378275685755,68.5388508408,315.145948826,1339602567,fmin_l_bfgs_b,1,-161.7582915694383,1.7153684000950307,0,0,,completed_without_convergence_warning,False,False,,False,,False,,False
phase4_new_response_compact,Phase 3B,F7F71204D643D1027D0FF4736F24213619BF6A09C2361C3C11F169797AC98A9C,944FFDF12B36D558FD8E5E53911BBA42AFDAA7B3B4676E82EAF7F6253420B58A,total_height,T0 total vertical melt-pool height,T0,matern52_learned_nugget,Matérn 5/2 + learned nugget,Matern,2.5,True,195,sim_00197,197,76.48575,78.5217212726335,-2.0359712726335033,2.0359712726335033,4.145179022988887,4.288299077204967,18.38950897555697,7.950465711301305,63.20990502657777,7.950465711301305,total predictive variance including learned WhiteKernel nugget,2.487533696716292,3.0249580391738937,3.0249580391738937,70.11665508131176,86.92678746395524,62.93880847848294,94.10463406678406,True,True,"1.57**2 * Matern(length_scale=3.14, nu=2.5) + WhiteKernel(noise_level=0.134)",2.470154774623817,3.135279423153608,0.1338803961078182,0.3658967014169685,44.8203960510208,6.694803660378756,0.3658967014169685,0.08357411678484947,80.106185,False,1e-08,numerical jitter only; separate from WhiteKernel nugget,240,241,True,False,False,False,True,True,False,"[""P"",""VX"",""LS"",""ST""]",79.75624887499583,18.296977355774228,"[158.23322122844456,0.6185590796746501,64.62982851286294,348.2723735801999]","[53.0704899036526,0.23965577807661187,13.393295608863088,32.33478648501358]",A838C9F546A271738D99720EC2A4E92C688BBBF7333AE141416AC7FB4E5DD221,145.199982561,0.253198682602,77.513591008,398.693210886,2473027615,fmin_l_bfgs_b,1,-161.78472277679697,1.6136793999467045,0,0,,completed_without_convergence_warning,False,False,,False,,False,,False
phase4_new_response_compact,Phase 3B,F7F71204D643D1027D0FF4736F24213619BF6A09C2361C3C11F169797AC98A9C,944FFDF12B36D558FD8E5E53911BBA42AFDAA7B3B4676E82EAF7F6253420B58A,total_height,T0 total vertical melt-pool height,T0,matern52_learned_nugget,Matérn 5/2 + learned nugget,Matern,2.5,True,196,sim_00198,198,82.72711,82.40357914936384,0.3235308506361605,0.3235308506361605,0.10467221131335759,3.2770013436568157,10.738737806328576,7.4525161801726405,55.539997415735,7.4525161801726405,total predictive variance including learned WhiteKernel nugget,2.1107408936795498,2.9284325646726157,2.9284325646726157,75.98065651579648,88.82650178293119,67.79664743622546,97.01051086250222,True,True,"1.57**2 * Matern(length_scale=3.13, nu=2.5) + WhiteKernel(noise_level=0.134)",2.4672917212476175,3.129362006640415,0.13382039030504345,0.3658146939435914,44.80125960940643,6.6933743066861595,0.3658146939435914,0.08355627354724432,80.106185,False,1e-08,numerical jitter only; separate from WhiteKernel nugget,240,241,True,False,False,False,True,True,False,"[""P"",""VX"",""LS"",""ST""]",79.73024320832916,18.29717181267267,"[158.21580014254457,0.6183963239275416,64.62799784682919,348.33174445915824]","[53.074079010794655,0.23989046879957462,13.39150431658554,32.41413232963489]",039500331B1564D7457D32D795515BAF67FF6621242020306C3A16E9B7439934,149.381043177,0.292260061908,77.95295085609999,384.444199936,2119212321,fmin_l_bfgs_b,1,-161.86199821746726,1.2131432000314817,0,0,,completed_without_convergence_warning,False,False,,False,,False,,False
phase4_new_response_compact,Phase 3B,F7F71204D643D1027D0FF4736F24213619BF6A09C2361C3C11F169797AC98A9C,944FFDF12B36D558FD8E5E53911BBA42AFDAA7B3B4676E82EAF7F6253420B58A,total_height,T0 total vertical melt-pool height,T0,matern52_learned_nugget,Matérn 5/2 + learned nugget,Matern,2.5,True,197,sim_00199,199,81.85788,87.30869098466171,-5.4508109846617145,5.4508109846617145,29.71134039050881,2.576799068090463,6.639893437311878,7.152230735986498,51.15440450078996,7.152230735986498,total predictive variance including learned WhiteKernel nugget,4.1028221248859245,3.176771260277137,3.176771260277137,82.25816481120441,92.35921715811901,73.29031874212818,101.32706322719524,False,True,"1.56**2 * Matern(length_scale=3.1, nu=2.5) + WhiteKernel(noise_level=0.133)",2.4350716524620535,3.0965225967116297,0.1329565129905297,0.36463202408802453,44.514511063478075,6.6719195936010856,0.36463202408802453,0.08328844512569268,80.106185,False,1e-08,numerical jitter only; separate from WhiteKernel nugget,240,241,True,False,False,False,True,True,False,"[""P"",""VX"",""LS"",""ST""]",79.73386499999583,18.297678626248256,"[158.21007377425707,0.6172548409711083,64.66576818206752,348.41177301385403]","[53.07495776999273,0.24078616240374268,13.416227248132458,32.479416999911855]",591531B595DEA8857C8D48E5438C2B1CBE874C7486D0AEAEEAD146E1B32C4D54,150.755371566,0.566215971452,68.8880703989,365.237346809,572758296,fmin_l_bfgs_b,1,-161.63614652179234,1.4596691000042483,0,0,,completed_without_convergence_warning,False,False,,False,,False,,False
phase4_new_response_compact,Phase 3B,F7F71204D643D1027D0FF4736F24213619BF6A09C2361C3C11F169797AC98A9C,944FFDF12B36D558FD8E5E53911BBA42AFDAA7B3B4676E82EAF7F6253420B58A,total_height,T0 total vertical melt-pool height,T0,matern52_learned_nugget,Matérn 5/2 + learned nugget,Matern,2.5,True,198,sim_00200,200,68.03981499999999,67.66907307342339,0.3707419265765992,0.3707419265765992,0.13744957612172848,3.512086667565159,12.334752760488945,7.557782940119958,57.12008296996828,7.557782940119958,total predictive variance including learned WhiteKernel nugget,2.180720525106212,2.94271958180697,2.94271958180697,60.78538320499568,74.5527629418511,52.855818510788275,82.48232763605851,True,True,"1.57**2 * Matern(length_scale=3.13, nu=2.5) + WhiteKernel(noise_level=0.134)",2.4709397222273877,3.127800406848051,0.13398723197057513,0.36604266413981734,44.78533020947933,6.692184262965219,0.36604266413981734,0.08354141771905901,80.106185,False,1e-08,numerical jitter only; separate from WhiteKernel nugget,240,241,True,False,False,False,True,True,False,"[""P"",""VX"",""LS"",""ST""]",79.79144027082916,18.282525286202716,"[158.1920153232404,0.6155831188575083,64.66561758016961,348.5894288825832]","[53.07675377311099,0.23973967090560763,13.41617964749922,32.454344933441774]",5DAC0F1EA9C7B5A0627953946D252C9E8BBD916A13AD7B168F56997E9E514FFC,155.08939981,0.967429278716,68.92421485439999,322.599938314,356293523,fmin_l_bfgs_b,1,-161.99541043215956,0.8932065000990406,0,0,,completed_without_convergence_warning,False,False,,False,,False,,False
phase4_new_response_compact,Phase 3B,F7F71204D643D1027D0FF4736F24213619BF6A09C2361C3C11F169797AC98A9C,944FFDF12B36D558FD8E5E53911BBA42AFDAA7B3B4676E82EAF7F6253420B58A,total_height,T0 total vertical melt-pool height,T0,matern52_learned_nugget,Matérn 5/2 + learned nugget,Matern,2.5,True,199,sim_00201,201,66.92872,79.91450819524671,-12.985788195246712,12.985788195246712,168.63069505180886,4.8983060488020085,23.993402147730343,8.242380846561813,67.93684201976903,8.242380846561813,total predictive variance including learned WhiteKernel nugget,6.0219335190234915,4.269312065774186,4.269312065774186,70.31382833959478,89.51518805089864,63.75944173598556,96.06957465450786,False,True,"1.6**2 * Matern(length_scale=3.15, nu=2.5) + WhiteKernel(noise_level=0.132)",2.5663810058661514,3.148281346353313,0.13151333732357903,0.3626476765727019,43.94343987203868,6.6289848296732945,0.3626476765727019,0.08275247198045063,80.106185,False,1e-08,numerical jitter only; separate from WhiteKernel nugget,240,241,True,False,False,False,True,True,False,"[""P"",""VX"",""LS"",""ST""]",79.79606983332916,18.27940797062944,"[158.18598712804456,0.6154796102171584,64.59924861557336,348.2691872754707]","[53.07702365151251,0.23958232298602775,13.3554121104624,32.329779738889165]",51E298746F28071336545754E888BF3837F9A601442E12CA8D6E33D64B10F6B7,156.536166657,0.9922713524,84.8527663575,399.457924021,4092989660,fmin_l_bfgs_b,1,-160.80226486565624,1.4065012999344617,0,0,,completed_without_convergence_warning,False,False,,False,,False,,False
phase4_new_response_compact,Phase 3B,F7F71204D643D1027D0FF4736F24213619BF6A09C2361C3C11F169797AC98A9C,944FFDF12B36D558FD8E5E53911BBA42AFDAA7B3B4676E82EAF7F6253420B58A,total_height,T0 total vertical melt-pool height,T0,matern52_learned_nugget,Matérn 5/2 + learned nugget,Matern,2.5,True,200,sim_00202,202,71.97217,78.68099341724523,-6.7088234172452275,6.7088234172452275,45.00831164377793,3.898730820473934,15.200102010513357,7.745071909775161,59.98613888758826,7.745071909775161,total predictive variance including learned WhiteKernel nugget,3.7601162338211047,3.341151223375009,3.341151223375009,71.03948100911632,86.32250582537415,63.50065247408592,93.86133436040456,True,True,"1.59**2 * Matern(length_scale=3.17, nu=2.5) + WhiteKernel(noise_level=0.134)",2.527684503514509,3.1676004423667687,0.1338610332792998,0.3658702410408638,44.7860368770749,6.69223706073499,0.3658702410408638,0.08354207681635308,80.106185,False,1e-08,numerical jitter only; separate from WhiteKernel nugget,240,241,True,False,False,False,True,True,False,"[""P"",""VX"",""LS"",""ST""]",79.77505545832916,18.291285570797594,"[158.1623832111321,0.6158289622811667,64.59600909267793,348.28685066069573]","[53.076492463561486,0.2400698692853228,13.350403739020042,32.356572746196726]",C6BBA4CBFF10224487D9E854729A59F2F62E26E24BA66C87609FC66B765C5215,162.201106716,0.908426857038,85.6302518524,395.218711567,149979154,fmin_l_bfgs_b,1,-161.59750325921698,1.6239898999920115,0,0,,completed_without_convergence_warning,False,False,,False,,False,,False
phase4_new_response_compact,Phase 3B,F7F71204D643D1027D0FF4736F24213619BF6A09C2361C3C11F169797AC98A9C,944FFDF12B36D558FD8E5E53911BBA42AFDAA7B3B4676E82EAF7F6253420B58A,total_height,T0 total vertical melt-pool height,T0,matern52_learned_nugget,Matérn 5/2 + learned nugget,Matern,2.5,True,201,sim_00203,203,84.63663,104.35990212347906,-19.723272123479063,19.723272123479063,389.0074632568063,3.9203766047911492,15.36935272339378,7.656934825962738,58.62865092904102,7.656934825962738,total predictive variance including learned WhiteKernel nugget,14.940423789619746,6.272104560333407,6.272104560333407,96.6759639780884,112.04384026886972,89.35230986459209,119.36749438236603,False,False,"1.55**2 * Matern(length_scale=3.1, nu=2.5) + WhiteKernel(noise_level=0.129)",2.388630233632209,3.096182029550683,0.12923888364518057,0.3594980996405691,43.25929820564724,6.577180110476467,0.3594980996405691,0.08210577136430186,80.106185,False,1e-08,numerical jitter only; separate from WhiteKernel nugget,240,241,True,False,False,False,True,True,False,"[""P"",""VX"",""LS"",""ST""]",79.72228687499583,18.295451678471785,"[158.1467146763779,0.6185224782908458,64.7247265055321,348.6525877958957]","[53.074742809144134,0.23971089774846277,13.403555389223241,32.38889020092193]",98DE4B439DF29F78A9B74FE33E965B4F354FBD8A68D13004880AF886B35AA1B0,165.961555057,0.261983014715,54.7380727674,307.441799119,2352136321,fmin_l_bfgs_b,1,-158.56444405724633,2.4877375999931246,0,0,,completed_without_convergence_warning,False,False,,False,,False,,False
phase4_new_response_compact,Phase 3B,F7F71204D643D1027D0FF4736F24213619BF6A09C2361C3C11F169797AC98A9C,944FFDF12B36D558FD8E5E53911BBA42AFDAA7B3B4676E82EAF7F6253420B58A,total_height,T0 total vertical melt-pool height,T0,matern52_learned_nugget,Matérn 5/2 + learned nugget,Matern,2.5,True,202,sim_00204,204,79.8505,83.32311587051345,-3.472615870513451,3.472615870513451,12.059060984141892,3.0216166240859503,9.130167022952575,7.341502589897703,53.897660277474685,7.341502589897703,total predictive variance including learned WhiteKernel nugget,2.6851270433128653,3.0243520532408557,3.0243520532408557,77.40074728730498,89.24548445372191,68.93377079431394,97.71246094671295,True,True,"1.56**2 * Matern(length_scale=3.12, nu=2.5) + WhiteKernel(noise_level=0.134)",2.448499989389523,3.1189439102742287,0.13370466715653914,0.3656564879180173,44.7674932545221,6.690851459606774,0.3656564879180173,0.08352477976084836,80.106185,False,1e-08,numerical jitter only; separate from WhiteKernel nugget,240,241,True,False,False,False,True,True,False,"[""P"",""VX"",""LS"",""ST""]",79.74222908332916,18.29818882116187,"[158.1224133278779,0.6162687715307082,64.63767511206127,348.31214065608737]","[53.06982361053026,0.2405084187825474,13.40028792786368,32.390854778163536]",4529EF670D8A1FBBC4FE67A465E0B81F00295BD40473F03713AE2EFDAE2071DA,171.793878697,0.802872637148,75.6304072004,389.149112673,3461475380,fmin_l_bfgs_b,1,-161.80951566082626,1.8239435000577942,0,0,,completed_without_convergence_warning,False,False,,False,,False,,False
phase4_new_response_compact,Phase 3B,F7F71204D643D1027D0FF4736F24213619BF6A09C2361C3C11F169797AC98A9C,944FFDF12B36D558FD8E5E53911BBA42AFDAA7B3B4676E82EAF7F6253420B58A,total_height,T0 total vertical melt-pool height,T0,matern52_learned_nugget,Matérn 5/2 + learned nugget,Matern,2.5,True,203,sim_00205,205,86.6728,89.89404565670729,-3.2212456567072962,3.2212456567072962,10.37642358085562,2.94062943586194,8.64730147905771,7.315636323945454,53.51853482423016,7.315636323945454,total predictive variance including learned WhiteKernel nugget,2.5975426305836318,3.005894888911312,3.005894888911312,84.1304119624179,95.65767935099669,75.5553984617742,104.23269285164038,True,True,"1.57**2 * Matern(length_scale=3.14, nu=2.5) + WhiteKernel(noise_level=0.134)",2.4759876949560606,3.1357197873680636,0.13409495976933253,0.3661897865442625,44.87123334517244,6.6985993569680256,0.3661897865442625,0.08362150009974917,80.106185,False,1e-08,numerical jitter only; separate from WhiteKernel nugget,240,241,True,False,False,False,True,True,False,"[""P"",""VX"",""LS"",""ST""]",79.71380283332915,18.292698494359414,"[158.09580810580707,0.6168042229966499,64.68623012887002,348.2973380253874]","[53.06136187838237,0.24078006030074034,13.418906141146037,32.37137125023753]",CE66DBFF951E45A11158D60547EEB9FA80FF52B5FC541171EF340A41209C1BDB,178.179131994,0.674364285322,63.9772031663,392.701744041,2775140045,fmin_l_bfgs_b,1,-161.91859258694257,1.6766253999667242,0,0,,completed_without_convergence_warning,False,False,,False,,False,,False
phase4_new_response_compact,Phase 3B,F7F71204D643D1027D0FF4736F24213619BF6A09C2361C3C11F169797AC98A9C,944FFDF12B36D558FD8E5E53911BBA42AFDAA7B3B4676E82EAF7F6253420B58A,total_height,T0 total vertical melt-pool height,T0,matern52_learned_nugget,Matérn 5/2 + learned nugget,Matern,2.5,True,204,sim_00206,206,78.07490499999999,76.11382011840212,1.9610848815978699,1.9610848815978699,3.845853912831731,4.4337068603303,19.65775652333997,8.023214451646334,64.37197013710659,8.023214451646334,total predictive variance including learned WhiteKernel nugget,2.50599479562827,3.031149795185679,3.031149795185679,67.42375467215473,84.8038855646495,60.3883197931753,91.83932044362894,True,True,"1.57**2 * Matern(length_scale=3.12, nu=2.5) + WhiteKernel(noise_level=0.134)",2.4621305613063513,3.120451434100432,0.1335501622253992,0.365445156248375,44.71421361376663,6.686868745067951,0.365445156248375,0.08347506182035695,80.106185,False,1e-08,numerical jitter only; separate from WhiteKernel nugget,240,241,True,False,False,False,True,True,False,"[""P"",""VX"",""LS"",""ST""]",79.74962739582917,18.297872145070155,"[158.0864579191154,0.6160582285707707,64.58112304039044,348.54850518648317]","[53.05762423129488,0.24032278318008576,13.324925592007615,32.480887651062794]",61ABA87B525A74EA871BD0D3A846917CD649E617F7AD6FC81A2E94A0123092DD,180.4231768,0.853402947533,89.2029044014,332.421625378,384149961,fmin_l_bfgs_b,1,-161.79864718377928,1.2129312000470236,0,0,,completed_without_convergence_warning,False,False,,False,,False,,False
phase4_new_response_compact,Phase 3B,F7F71204D643D1027D0FF4736F24213619BF6A09C2361C3C11F169797AC98A9C,944FFDF12B36D558FD8E5E53911BBA42AFDAA7B3B4676E82EAF7F6253420B58A,total_height,T0 total vertical melt-pool height,T0,matern52_learned_nugget,Matérn 5/2 + learned nugget,Matern,2.5,True,205,sim_00207,207,75.96119,80.91255324605788,-4.9513632460578805,4.9513632460578805,24.51599799441283,4.309209919548659,18.569290130736558,7.940306133263919,63.0484614899486,7.940306133263919,total predictive variance including learned WhiteKernel nugget,3.03981521798914,3.1853122210759124,3.1853122210759124,72.46650180374252,89.35860468837325,65.3495532248606,96.47555326725517,True,True,"1.55**2 * Matern(length_scale=3.09, nu=2.5) + WhiteKernel(noise_level=0.133)",2.4167921625038247,3.0893558580116536,0.13286727459028644,0.36450963579895446,44.479171359212046,6.669270676709114,0.36450963579895446,0.08325537755554223,80.106185,False,1e-08,numerical jitter only; separate from WhiteKernel nugget,240,241,True,False,False,False,True,True,False,"[""P"",""VX"",""LS"",""ST""]",79.75843454166251,18.296555212020664,"[158.0814358275029,0.6156435065472167,64.66458536005294,348.26958462322904]","[53.055452656760934,0.23982644831455277,13.415842423572762,32.33040827726028]",F5CF566C6E263EF70A533366703DB5B78575363972EF3B6D5866F42ED258BEB2,181.628478787,0.952936233186,69.17194768239999,399.362560559,2399108990,fmin_l_bfgs_b,1,-161.63261215008237,0.8848819999257103,0,0,,completed_without_convergence_warning,False,False,,False,,False,,False
phase4_new_response_compact,Phase 3B,F7F71204D643D1027D0FF4736F24213619BF6A09C2361C3C11F169797AC98A9C,944FFDF12B36D558FD8E5E53911BBA42AFDAA7B3B4676E82EAF7F6253420B58A,total_height,T0 total vertical melt-pool height,T0,matern52_learned_nugget,Matérn 5/2 + learned nugget,Matern,2.5,True,206,sim_00208,208,87.96503999999999,86.31269744222122,1.6523425577787663,1.6523425577787663,2.7302359282468753,2.8851122690371263,8.323872804948556,7.282333878367214,53.03238671601487,7.282333878367214,total predictive variance including learned WhiteKernel nugget,2.1425026864304098,2.93013114475716,2.93013114475716,80.65787739490845,91.96751748953399,72.03932304062148,100.58607184382096,True,True,"1.57**2 * Matern(length_scale=3.12, nu=2.5) + WhiteKernel(noise_level=0.134)",2.4603384216049156,3.120209913969035,0.13364140213574513,0.3655699688647101,44.70851391106631,6.686442545260245,0.3655699688647101,0.08346974138464147,80.106185,False,1e-08,numerical jitter only; separate from WhiteKernel nugget,240,241,True,False,False,False,True,True,False,"[""P"",""VX"",""LS"",""ST""]",79.70841849999583,18.290459049536313,"[158.05229115773625,0.6185580307547042,64.70340053586044,348.3753401301415]","[53.04058641072666,0.23965737661913497,13.415350951379908,32.45561011209701]",92F35DFDF9B9775BF1E6B5F3C6B63A8288CA7CADF690E9E08839AC8454DE32E1,188.623199531,0.253450423389,59.8563054886,373.9812389,2090105285,fmin_l_bfgs_b,1,-161.89089807696024,2.6485657999292016,0,0,,completed_without_convergence_warning,False,False,,False,,False,,False
phase4_new_response_compact,Phase 3B,F7F71204D643D1027D0FF4736F24213619BF6A09C2361C3C11F169797AC98A9C,944FFDF12B36D558FD8E5E53911BBA42AFDAA7B3B4676E82EAF7F6253420B58A,total_height,T0 total vertical melt-pool height,T0,matern52_learned_nugget,Matérn 5/2 + learned nugget,Matern,2.5,True,207,sim_00209,209,91.884225,96.29345063606608,-4.409225636066083,4.409225636066083,19.44127070974235,2.7822211140131143,7.740754327260375,7.244077730534614,52.47666216602752,7.244077730534614,total predictive variance including learned WhiteKernel nugget,3.197961758894739,3.084360106211831,3.084360106211831,90.84029725260038,101.74660401953179,82.09505828421824,110.49184298791393,True,True,"1.57**2 * Matern(length_scale=3.12, nu=2.5) + WhiteKernel(noise_level=0.134)",2.450504892181984,3.116285471891821,0.13385689851830523,0.3658645904133184,44.735907838767154,6.688490699609827,0.3658645904133184,0.08349530937729499,80.106185,False,1e-08,numerical jitter only; separate from WhiteKernel nugget,240,241,True,False,False,False,True,True,False,"[""P"",""VX"",""LS"",""ST""]",79.69208856249584,18.281328324377654,"[158.04669242741122,0.6169287895845875,64.67161684713712,348.31638620097493]","[53.03728816518557,0.24080207225512962,13.417760594737226,32.39613988910762]",FA67A57668F3773F536D68B42CD906D5ADECE8EABF57CA7F91774EF2398A03A2,189.966894809,0.644468304217,67.4843907822,388.1301819,631959792,fmin_l_bfgs_b,1,-161.9770769049121,1.414418499916792,0,0,,completed_without_convergence_warning,False,False,,False,,False,,False
phase4_new_response_compact,Phase 3B,F7F71204D643D1027D0FF4736F24213619BF6A09C2361C3C11F169797AC98A9C,944FFDF12B36D558FD8E5E53911BBA42AFDAA7B3B4676E82EAF7F6253420B58A,total_height,T0 total vertical melt-pool height,T0,matern52_learned_nugget,Matérn 5/2 + learned nugget,Matern,2.5,True,208,sim_00210,210,104.9197699999,100.50188648977004,4.417883510129954,4.417883510129954,19.517694709078164,2.434053532685247,5.924616599977531,7.13375203614171,50.890418113156,7.13375203614171,total predictive variance including learned WhiteKernel nugget,3.455665952347698,3.0755378417748704,3.0755378417748704,95.73114156570696,105.27263141383312,86.51973249893229,114.4840404806078,True,True,"1.59**2 * Matern(length_scale=3.16, nu=2.5) + WhiteKernel(noise_level=0.135)",2.5173180550867937,3.1595986464297487,0.13536920695421883,0.36792554539501443,44.96580151317848,6.7056544433171075,0.36792554539501443,0.08370957178046998,80.106185,False,1e-08,numerical jitter only; separate from WhiteKernel nugget,240,241,True,False,False,False,True,True,False,"[""P"",""VX"",""LS"",""ST""]",79.63777379166292,18.225574514315777,"[158.04061499141542,0.6179155634725959,64.67420370941586,348.3649019407915]","[53.03354644517964,0.24042737235610426,13.418242774590924,32.44696921072484]",DC3D358750CBC4F68DA1333CCE31F95CA89B894D24AE76CCDE7B7BD06585CEC5,191.425479448,0.407642571095,66.86354383529999,376.486404344,2432311314,fmin_l_bfgs_b,1,-162.66485551533623,1.6915648999856785,0,0,,completed_without_convergence_warning,False,False,,False,,False,,False
phase4_new_response_compact,Phase 3B,F7F71204D643D1027D0FF4736F24213619BF6A09C2361C3C11F169797AC98A9C,944FFDF12B36D558FD8E5E53911BBA42AFDAA7B3B4676E82EAF7F6253420B58A,total_height,T0 total vertical melt-pool height,T0,matern52_learned_nugget,Matérn 5/2 + learned nugget,Matern,2.5,True,209,sim_00211,211,83.92326,87.55007151231207,-3.6268115123120737,3.6268115123120737,13.153761745839391,2.728972717940698,7.4472920952646415,7.226582702595319,52.22349755744987,7.226582702595319,total predictive variance including learned WhiteKernel nugget,2.8059875748418763,3.0226419988789077,3.0226419988789077,82.2012849851483,92.89885803947584,73.38596941522525,101.7141736093989,True,True,"1.56**2 * Matern(length_scale=3.12, nu=2.5) + WhiteKernel(noise_level=0.134)",2.449150077100872,3.120787364771145,0.13375988110720805,0.36573197988036,44.776205462185224,6.691502481669212,0.36573197988036,0.0835329067495751,80.106185,False,1e-08,numerical jitter only; separate from WhiteKernel nugget,240,241,True,False,False,False,True,True,False,"[""P"",""VX"",""LS"",""ST""]",79.72525924999583,18.296191883078336,"[158.02864025345292,0.6162534573090959,64.6466580730421,348.342149546554]","[53.02568189573128,0.2404964190975826,13.406929699293187,32.42532018539485]",F9BC6308A2710AB42926FA795AAA791AB5121887E188EBA7F6FF441A907E8E25,194.299416559,0.806548050335,73.474496565,381.946978961,2297729964,fmin_l_bfgs_b,1,-161.81254070414644,1.050553600070998,0,0,,completed_without_convergence_warning,False,False,,False,,False,,False
phase4_new_response_compact,Phase 3B,F7F71204D643D1027D0FF4736F24213619BF6A09C2361C3C11F169797AC98A9C,944FFDF12B36D558FD8E5E53911BBA42AFDAA7B3B4676E82EAF7F6253420B58A,total_height,T0 total vertical melt-pool height,T0,matern52_learned_nugget,Matérn 5/2 + learned nugget,Matern,2.5,True,210,sim_00212,212,101.63498,98.86782302571595,2.767156974284049,2.767156974284049,7.657157720328852,2.511341376562046,6.306835509632551,7.153792228799937,51.17674325283838,7.153792228799937,total predictive variance including learned WhiteKernel nugget,2.446807834109069,2.9613920434317476,2.9613920434317476,93.94559392765434,103.79005212377756,84.84639025726807,112.88925579416383,True,True,"1.58**2 * Matern(length_scale=3.14, nu=2.5) + WhiteKernel(noise_level=0.135)",2.486011994197346,3.136856979624302,0.13481796098934112,0.3671756541348311,44.86990774320583,6.698500410032519,0.3671756541348311,0.08362026490254804,80.106185,False,1e-08,numerical jitter only; separate from WhiteKernel nugget,240,241,True,False,False,False,True,True,False,"[""P"",""VX"",""LS"",""ST""]",79.6514604166625,18.243313069914905,"[158.01947497428625,0.618056965543246,64.68235768386211,348.46275635342903]","[53.01922134812948,0.2402936466482771,13.418976092296258,32.4961804681492]",B129E18DB32255584108BDA45BC3F65E2706CF5A64816C0703BACDC6FA5F8ACE,196.499083559,0.373706074139,64.90658996820001,353.001345311,4279868571,fmin_l_bfgs_b,1,-162.50842980605444,1.9191909999353811,0,0,,completed_without_convergence_warning,False,False,,False,,False,,False
phase4_new_response_compact,Phase 3B,F7F71204D643D1027D0FF4736F24213619BF6A09C2361C3C11F169797AC98A9C,944FFDF12B36D558FD8E5E53911BBA42AFDAA7B3B4676E82EAF7F6253420B58A,total_height,T0 total vertical melt-pool height,T0,matern52_learned_nugget,Matérn 5/2 + learned nugget,Matern,2.5,True,211,sim_00213,213,96.43847,96.94569149019392,-0.5072214901939276,0.5072214901939276,0.25727364011454856,2.9512791176920166,8.710048430524967,7.3168163563749635,53.5358015929162,7.3168163563749635,total predictive variance including learned WhiteKernel nugget,2.015945992355879,2.911516661182712,2.911516661182712,91.16118441951757,102.73019856087028,82.604731431699,111.28665154868885,True,True,"1.57**2 * Matern(length_scale=3.13, nu=2.5) + WhiteKernel(noise_level=0.134)",2.4694946225365397,3.128189492388891,0.1343466205795773,0.3665332462131877,44.825753162391216,6.695203743157576,0.3665332462131877,0.08357911119044772,80.106185,False,1e-08,numerical jitter only; separate from WhiteKernel nugget,240,241,True,False,False,False,True,True,False,"[""P"",""VX"",""LS"",""ST""]",79.67311254166249,18.266293200763094,"[158.0086688308696,0.6182952999155584,64.70566506064003,348.55646108167485]","[53.01111258778405,0.24002265017717442,13.4144866673882,32.476702429114525]",246E811E88C0C3AA4DAB55C584C9EB215E4047597B11A00A02B56C56335F24A9,199.092557979,0.316505824784,59.312819541500005,330.512210532,3489195016,fmin_l_bfgs_b,1,-162.24525256907637,1.0480210999958217,0,0,,completed_without_convergence_warning,False,False,,False,,False,,False
phase4_new_response_compact,Phase 3B,F7F71204D643D1027D0FF4736F24213619BF6A09C2361C3C11F169797AC98A9C,944FFDF12B36D558FD8E5E53911BBA42AFDAA7B3B4676E82EAF7F6253420B58A,total_height,T0 total vertical melt-pool height,T0,matern52_learned_nugget,Matérn 5/2 + learned nugget,Matern,2.5,True,212,sim_00214,214,108.77828,101.206622191034,7.571657808965995,7.571657808965995,57.33000197607573,2.8311897067977037,8.015635155877268,7.2611339934417884,52.724066870715895,7.2611339934417884,total predictive variance including learned WhiteKernel nugget,5.535771490755904,3.445154173867374,3.445154173867374,95.6574903657105,106.7557540163575,86.9747995638881,115.4384448181799,False,True,"1.59**2 * Matern(length_scale=3.15, nu=2.5) + WhiteKernel(noise_level=0.135)",2.529122147217956,3.153474900309663,0.13494996743394527,0.36735536940943886,44.70843171483862,6.686436398773163,0.36735536940943886,0.08346966465539662,80.106185,False,1e-08,numerical jitter only; separate from WhiteKernel nugget,240,241,True,False,False,False,True,True,False,"[""P"",""VX"",""LS"",""ST""]",79.6216966666625,18.201548025614244,"[157.99395721130708,0.6176428867727418,64.71555023415586,348.4541213268541]","[52.99921769845609,0.24062850100705796,13.409634014699037,32.494697929018606]",A701C1A134E33A8DE789D1711A65C416617BD61CEAEE0674512D323A48D0202F,202.623346674,0.47308497906,56.9403778977,355.073751689,3343210063,fmin_l_bfgs_b,1,-162.6068554974927,2.1159606999717653,0,0,,completed_without_convergence_warning,False,False,,False,,False,,False
phase4_new_response_compact,Phase 3B,F7F71204D643D1027D0FF4736F24213619BF6A09C2361C3C11F169797AC98A9C,944FFDF12B36D558FD8E5E53911BBA42AFDAA7B3B4676E82EAF7F6253420B58A,total_height,T0 total vertical melt-pool height,T0,matern52_learned_nugget,Matérn 5/2 + learned nugget,Matern,2.5,True,213,sim_00215,215,95.194095,106.39252974919373,-11.198434749193723,11.198434749193723,125.40494083194947,4.944598152553148,24.449050890232005,8.303860689520501,68.9541023509639,8.303860689520501,total predictive variance including learned WhiteKernel nugget,5.081852003359719,3.9449954138401604,3.9449954138401604,96.70111737018956,116.08394212819789,90.11696279773355,122.6680967006539,False,True,"1.62**2 * Matern(length_scale=3.2, nu=2.5) + WhiteKernel(noise_level=0.133)",2.618918391671796,3.2007540756772803,0.13331857279135692,0.3651281594061966,44.505051460731885,6.671210644308264,0.3651281594061966,0.08327959500640636,80.106185,False,1e-08,numerical jitter only; separate from WhiteKernel nugget,240,241,True,False,False,False,True,True,False,"[""P"",""VX"",""LS"",""ST""]",79.67829743749583,18.27087413678959,"[157.98194198419458,0.6183501727676126,64.75250730637669,348.5434998390332]","[52.988770697368196,0.23995213447983615,13.375889702256753,32.483279790996605]",274C6B834C56C54BB191459EEDD4F1D04F4A5FA57C6759229569F04AEEA60CF8,205.507001181,0.303336340291,48.0706805647,333.622908766,124148695,fmin_l_bfgs_b,1,-161.17109465068978,1.2291181000182405,0,0,,completed_without_convergence_warning,False,False,,False,,False,,False
phase4_new_response_compact,Phase 3B,F7F71204D643D1027D0FF4736F24213619BF6A09C2361C3C11F169797AC98A9C,944FFDF12B36D558FD8E5E53911BBA42AFDAA7B3B4676E82EAF7F6253420B58A,total_height,T0 total vertical melt-pool height,T0,matern52_learned_nugget,Matérn 5/2 + learned nugget,Matern,2.5,True,214,sim_00216,216,98.083825,100.42429310764018,-2.340468107640177,2.340468107640177,5.477790962880792,2.753715482963149,7.5829489611109695,7.2345570785092805,52.33881612220873,7.2345570785092805,total predictive variance including learned WhiteKernel nugget,2.2930809557285343,2.95013777213193,2.95013777213193,95.02701076103241,105.82157545424795,86.244561233762,114.60402498151836,True,True,"1.57**2 * Matern(length_scale=3.12, nu=2.5) + WhiteKernel(noise_level=0.134)",2.4618462503192977,3.1213693117419776,0.13423420443504466,0.3663798635774688,44.75586716109777,6.689982597966737,0.3663798635774688,0.08351393338687566,80.106185,False,1e-08,numerical jitter only; separate from WhiteKernel nugget,240,241,True,False,False,False,True,True,False,"[""P"",""VX"",""LS"",""ST""]",79.66625689582916,18.259689636442534,"[157.97180192706125,0.6182871522367585,64.64069790318378,348.38781352775]","[52.97944154655076,0.24003286101445784,13.40268525089056,32.46487204225917]",7A3F3E49A0154EC0AD0650BAB2B62FECE1C85109196024BB27E29F78A4DAC474,207.940614893,0.318461267696,74.904937331,370.987623474,1922658850,fmin_l_bfgs_b,1,-162.3045430953139,0.9572020000778139,0,0,,completed_without_convergence_warning,False,False,,False,,False,,False
phase4_new_response_compact,Phase 3B,F7F71204D643D1027D0FF4736F24213619BF6A09C2361C3C11F169797AC98A9C,944FFDF12B36D558FD8E5E53911BBA42AFDAA7B3B4676E82EAF7F6253420B58A,total_height,T0 total vertical melt-pool height,T0,matern52_learned_nugget,Matérn 5/2 + learned nugget,Matern,2.5,True,215,sim_00217,217,88.58294,98.63849331888929,-10.055553318889295,10.055553318889295,101.11415254902552,5.054416894488147,25.54713014328721,8.406746890986824,70.67339328911663,8.406746890986824,total predictive variance including learned WhiteKernel nugget,4.518173850394685,3.7633353486693624,3.7633353486693624,88.73183620569252,108.54515043208606,82.16126941255511,115.11571722522346,False,True,"1.6**2 * Matern(length_scale=3.23, nu=2.5) + WhiteKernel(noise_level=0.135)",2.5716549786517438,3.231358015722664,0.13490791492182647,0.3672981281218657,45.12626314582942,6.717608439454432,0.3672981281218657,0.08385879866148203,80.106185,False,1e-08,numerical jitter only; separate from WhiteKernel nugget,240,241,True,False,False,False,True,True,False,"[""P"",""VX"",""LS"",""ST""]",79.70584391666249,18.28925313015916,"[157.96128474687376,0.6186261008120959,64.68354454241377,348.6583569967999]","[52.969269461593406,0.23955132163068302,13.418983275532486,32.38142492914923]",C3B7D693A75DA0805EAF72001EF1BFA691F5D71489E4856B9A3CB69B7F944A53,210.464738138,0.237113609615,64.62174391580001,306.057190902,2917902569,fmin_l_bfgs_b,1,-161.1117445653636,1.3479197999695316,0,0,,completed_without_convergence_warning,False,False,,False,,False,,False
phase4_new_response_compact,Phase 3B,F7F71204D643D1027D0FF4736F24213619BF6A09C2361C3C11F169797AC98A9C,944FFDF12B36D558FD8E5E53911BBA42AFDAA7B3B4676E82EAF7F6253420B58A,total_height,T0 total vertical melt-pool height,T0,matern52_learned_nugget,Matérn 5/2 + learned nugget,Matern,2.5,True,216,sim_00218,218,102.15166,102.27983942282819,-0.1281794228281825,0.1281794228281825,0.016429964436565997,2.5629705543528627,6.568818062479821,7.170496973670354,51.41602684941571,7.170496973670354,total predictive variance including learned WhiteKernel nugget,1.861356094571469,2.889073273076896,2.889073273076896,97.25641713629658,107.3032617093598,88.2256653544343,116.33401349122208,True,True,"1.57**2 * Matern(length_scale=3.13, nu=2.5) + WhiteKernel(noise_level=0.135)",2.478427097649833,3.131802343791701,0.13478854505216203,0.3671355949130539,44.847208786935894,6.6968058645100275,0.3671355949130539,0.08359911116114227,80.106185,False,1e-08,numerical jitter only; separate from WhiteKernel nugget,240,241,True,False,False,False,True,True,False,"[""P"",""VX"",""LS"",""ST""]",79.64930758332916,18.240688065388984,"[157.94708627228206,0.618239212600246,64.65531404747252,348.30855984239986]","[52.95473524244019,0.2400915816648333,13.411954887711909,32.38629222258617]",26A2F9823C0A10B04F8E48042BBB2DB503E2C0BEECED43B3C74A3FB46449A4B3,213.87237204,0.329966780459,71.3970627017,390.008507958,1379607513,fmin_l_bfgs_b,1,-162.64880568494377,0.6665857000043616,0,0,,completed_without_convergence_warning,False,False,,False,,False,,False
phase4_new_response_compact,Phase 3B,F7F71204D643D1027D0FF4736F24213619BF6A09C2361C3C11F169797AC98A9C,944FFDF12B36D558FD8E5E53911BBA42AFDAA7B3B4676E82EAF7F6253420B58A,total_height,T0 total vertical melt-pool height,T0,matern52_learned_nugget,Matérn 5/2 + learned nugget,Matern,2.5,True,217,sim_00219,219,94.448755,98.25380239238606,-3.805047392386058,3.805047392386058,14.478385658303939,3.610263852298146,13.03400508321065,7.603500148114834,57.813214502382294,7.603500148114834,total predictive variance including learned WhiteKernel nugget,2.7581275558754417,3.0727641432902177,3.0727641432902177,91.1776852418817,105.32991954289042,83.35094210208099,113.15666268269113,True,True,"1.57**2 * Matern(length_scale=3.12, nu=2.5) + WhiteKernel(noise_level=0.134)",2.456087842865027,3.120991454827438,0.1341020557757386,0.36619947538976433,44.779209419171636,6.691726938479456,0.36619947538976433,0.08353570874058547,80.106185,False,1e-08,numerical jitter only; separate from WhiteKernel nugget,240,241,True,False,False,False,True,True,False,"[""P"",""VX"",""LS"",""ST""]",79.68140302082917,18.273447637676483,"[157.9284199985529,0.6168532708895,64.70425644186169,348.65212612184985]","[52.934225031033904,0.24079058134669784,13.415035120439143,32.38947682478081]",542765996F939E4F2DFCF31C2961D433520A7BC53FA2E07FD2E79C6F3FC187FE,218.352277735,0.662592791038,59.6508880483,307.55260089,2416314856,fmin_l_bfgs_b,1,-162.08904615412166,0.8847983999876305,0,0,,completed_without_convergence_warning,False,False,,False,,False,,False
phase4_new_response_compact,Phase 3B,F7F71204D643D1027D0FF4736F24213619BF6A09C2361C3C11F169797AC98A9C,944FFDF12B36D558FD8E5E53911BBA42AFDAA7B3B4676E82EAF7F6253420B58A,total_height,T0 total vertical melt-pool height,T0,matern52_learned_nugget,Matérn 5/2 + learned nugget,Matern,2.5,True,218,sim_00220,220,84.68413,86.7174288193369,-2.033298819336906,2.033298819336906,4.134304088716856,3.673580842441232,13.495196205951233,7.638733843155491,58.35025472656906,7.638733843155491,total predictive variance including learned WhiteKernel nugget,2.3732823055619625,2.9875970109131096,2.9875970109131096,79.51721036815209,93.91764727052171,71.74551048675214,101.68934715192167,True,True,"1.57**2 * Matern(length_scale=3.14, nu=2.5) + WhiteKernel(noise_level=0.134)",2.467563136609455,3.1359115850546466,0.13400706397970377,0.36606975288830373,44.85505852061783,6.697391919293497,0.36606975288830373,0.08360642713535163,80.106185,False,1e-08,numerical jitter only; separate from WhiteKernel nugget,240,241,True,False,False,False,True,True,False,"[""P"",""VX"",""LS"",""ST""]",79.72208895832917,18.295398257984523,"[157.92729052238624,0.6159537388220417,64.6140466714821,348.3460684776916]","[52.932932826115504,0.24021408924415802,13.375861962637469,32.429324351071145]",7F7874A18B79EEC4A70C78AC3A0AE5BF9F06EDCCA4F6BF2E1901A7019BBC707F,218.623352015,0.878480487228,81.3012329394,381.006435488,4251016155,fmin_l_bfgs_b,1,-161.84702000749564,1.8152543999021873,0,0,,completed_without_convergence_warning,False,False,,False,,False,,False
phase4_new_response_compact,Phase 3B,F7F71204D643D1027D0FF4736F24213619BF6A09C2361C3C11F169797AC98A9C,944FFDF12B36D558FD8E5E53911BBA42AFDAA7B3B4676E82EAF7F6253420B58A,total_height,T0 total vertical melt-pool height,T0,matern52_learned_nugget,Matérn 5/2 + learned nugget,Matern,2.5,True,219,sim_00221,221,79.17250500000002,79.06251590811901,0.1099890918810047,0.1099890918810047,0.012097600332808094,4.219256516872787,17.802125555173482,7.910985588279814,62.58369297797092,7.910985588279814,total predictive variance including learned WhiteKernel nugget,2.358937244554981,2.9872875588884793,2.9872875588884793,70.79277313504835,87.33225868118967,63.556984155090575,94.56804766114745,True,True,"1.57**2 * Matern(length_scale=3.13, nu=2.5) + WhiteKernel(noise_level=0.134)",2.464479747495772,3.1315040418290723,0.13374722563533548,0.3657146779052428,44.78156742279744,6.691903124134227,0.3657146779052428,0.08353790814197715,80.106185,False,1e-08,numerical jitter only; separate from WhiteKernel nugget,240,241,True,False,False,False,True,True,False,"[""P"",""VX"",""LS"",""ST""]",79.74505406249584,18.29815298216745,"[157.91300300144457,0.6154559865211751,64.73213535618086,348.3339137266208]","[52.9160825171363,0.23954488632239,13.397540411304963,32.41653151948179]",2D5EA8D6A5D8BD522191913AE5E187F59766EC4D006F07AC1B0487ABAE8868A5,222.052357041,0.997941039436,52.9599486117,383.923575745,977168163,fmin_l_bfgs_b,1,-161.74626658170507,1.60681010002736,0,0,,completed_without_convergence_warning,False,False,,False,,False,,False
phase4_new_response_compact,Phase 3B,F7F71204D643D1027D0FF4736F24213619BF6A09C2361C3C11F169797AC98A9C,944FFDF12B36D558FD8E5E53911BBA42AFDAA7B3B4676E82EAF7F6253420B58A,total_height,T0 total vertical melt-pool height,T0,matern52_learned_nugget,Matérn 5/2 + learned nugget,Matern,2.5,True,220,sim_00222,222,108.60903,100.36254138595741,8.24648861404259,8.24648861404259,68.00457446153408,4.201369475241404,17.65150546749023,7.888082886381454,62.221851622423976,7.888082886381454,total predictive variance including learned WhiteKernel nugget,4.280659962230786,3.530760243656825,3.530760243656825,92.12785721448427,108.59722555743056,84.90189892864976,115.82318384326507,False,True,"1.57**2 * Matern(length_scale=3.12, nu=2.5) + WhiteKernel(noise_level=0.135)",2.479313030304394,3.123126703199203,0.13451651517665805,0.3667649317705525,44.570346154933745,6.676102617166227,0.3667649317705525,0.08334066361000998,80.106185,False,1e-08,numerical jitter only; separate from WhiteKernel nugget,240,241,True,False,False,False,True,True,False,"[""P"",""VX"",""LS"",""ST""]",79.62240187499583,18.202674353127044,"[157.90838242877373,0.6172038536013041,64.74995441968002,348.4373411884624]","[52.910433022154095,0.24079566887713666,13.379014474224954,32.490235114066174]",A72E3FFCB399167A86905997F6A61411F586D9F4698B909E7A4B6DED08400606,223.161294482,0.578452940205,48.6833733719,359.100984903,2240664445,fmin_l_bfgs_b,1,-162.5350297826908,1.0876740999519825,0,0,,completed_without_convergence_warning,False,False,,False,,False,,False
phase4_new_response_compact,Phase 3B,F7F71204D643D1027D0FF4736F24213619BF6A09C2361C3C11F169797AC98A9C,944FFDF12B36D558FD8E5E53911BBA42AFDAA7B3B4676E82EAF7F6253420B58A,total_height,T0 total vertical melt-pool height,T0,matern52_learned_nugget,Matérn 5/2 + learned nugget,Matern,2.5,True,221,sim_00223,223,92.5095,93.49422306964355,-0.9847230696435503,0.9847230696435503,0.9696795238882163,3.969427151081213,15.756351907740715,7.782271168336221,60.56374453751721,7.782271168336221,total predictive variance including learned WhiteKernel nugget,2.328331390163219,2.978792198339461,2.978792198339461,85.71414585352437,101.27430028576273,78.24097157970456,108.74747455958254,True,True,"1.57**2 * Matern(length_scale=3.13, nu=2.5) + WhiteKernel(noise_level=0.134)",2.454856753365752,3.1269137928058677,0.1340969388406313,0.36619248878237703,44.8073926297765,6.693832432155477,0.36619248878237703,0.08356199252474047,80.106185,False,1e-08,numerical jitter only; separate from WhiteKernel nugget,240,241,True,False,False,False,True,True,False,"[""P"",""VX"",""LS"",""ST""]",79.68948324999583,18.279545968878477,"[157.89859051719458,0.6186018948860376,64.6868262016071,348.5137020156457]","[52.89813714727894,0.23958957450803042,13.418871455291983,32.493671412727146]",CEF7687237E8B3B64BD20C1449B3B020589E77669F8A26FC5959C001F47DC989,225.511353261,0.242923031869,63.834145709400005,340.774386379,1422251948,fmin_l_bfgs_b,1,-161.95015505581833,1.4487043999833986,0,0,,completed_without_convergence_warning,False,False,,False,,False,,False
phase4_new_response_compact,Phase 3B,F7F71204D643D1027D0FF4736F24213619BF6A09C2361C3C11F169797AC98A9C,944FFDF12B36D558FD8E5E53911BBA42AFDAA7B3B4676E82EAF7F6253420B58A,total_height,T0 total vertical melt-pool height,T0,matern52_learned_nugget,Matérn 5/2 + learned nugget,Matern,2.5,True,222,sim_00224,224,101.1139699999,105.44396570610478,-4.329995706204784,4.329995706204784,18.748862815751863,2.7283377729762583,7.443827003449049,7.216539853469102,52.07844745670784,7.216539853469102,total predictive variance including learned WhiteKernel nugget,3.1819875135718805,3.075320095743904,3.075320095743904,100.0964236710713,110.79150774113825,91.29954759330533,119.58838381890422,True,True,"1.56**2 * Matern(length_scale=3.1, nu=2.5) + WhiteKernel(noise_level=0.134)",2.430931851198352,3.097810763932092,0.1340730147318646,0.3661598212964724,44.63462045325879,6.680914641967729,0.3661598212964724,0.08340073418760025,80.106185,False,1e-08,numerical jitter only; separate from WhiteKernel nugget,240,241,True,False,False,False,True,True,False,"[""P"",""VX"",""LS"",""ST""]",79.6536312916629,18.245897702026472,"[157.89385248899458,0.6172073952577167,64.6637184698417,348.50587295029567]","[52.89202965581499,0.24079509264560042,13.415544418562048,32.495308787213624]",DD5A6582E93990F7BF3726B7278D8C63DDB1C9B704A07D179DB61B41D9840406,226.648480029,0.577602942666,69.3800013331,342.653362063,1519098510,fmin_l_bfgs_b,1,-162.3960157428557,1.2774355000583455,0,0,,completed_without_convergence_warning,False,False,,False,,False,,False
phase4_new_response_compact,Phase 3B,F7F71204D643D1027D0FF4736F24213619BF6A09C2361C3C11F169797AC98A9C,944FFDF12B36D558FD8E5E53911BBA42AFDAA7B3B4676E82EAF7F6253420B58A,total_height,T0 total vertical melt-pool height,T0,matern52_learned_nugget,Matérn 5/2 + learned nugget,Matern,2.5,True,223,sim_00225,225,115.66905,107.64028015182119,8.028769848178811,8.028769848178811,64.46114527502522,3.6728805880191326,13.490051813847769,7.632000680209466,58.247434382717756,7.632000680209466,total predictive variance including learned WhiteKernel nugget,4.609125229337536,3.504627479968781,3.504627479968781,100.44143419930369,114.83912610433869,92.68155881861064,122.59900148503174,False,True,"1.57**2 * Matern(length_scale=3.13, nu=2.5) + WhiteKernel(noise_level=0.136)",2.4576533482982263,3.1275835257828595,0.1358658181711735,0.3685998076114168,44.757382568869986,6.69009585647844,0.3685998076114168,0.08351534724164482,80.106185,False,1e-08,numerical jitter only; separate from WhiteKernel nugget,240,241,True,False,False,False,True,True,False,"[""P"",""VX"",""LS"",""ST""]",79.59298512499582,18.15002536173658,"[157.88951272331542,0.6179793688419125,64.62243884941545,348.3004769339332]","[52.886345158995454,0.2403695220801231,13.385693617123627,32.375639991322835]",0E34D648CAC9EC840A003A4D9C652D21EB2027F6A39F912DD3F76CDDE066F657,227.690023792,0.392329282459,79.28711023540001,391.94840599,616618507,fmin_l_bfgs_b,1,-163.26823608606873,0.9411600000457838,0,0,,completed_without_convergence_warning,False,False,,False,,False,,False
phase4_new_response_compact,Phase 3B,F7F71204D643D1027D0FF4736F24213619BF6A09C2361C3C11F169797AC98A9C,944FFDF12B36D558FD8E5E53911BBA42AFDAA7B3B4676E82EAF7F6253420B58A,total_height,T0 total vertical melt-pool height,T0,matern52_learned_nugget,Matérn 5/2 + learned nugget,Matern,2.5,True,224,sim_00226,226,112.966005,108.11496146320877,4.851043536791224,4.851043536791224,23.532623395843906,3.4117061857754263,11.639739098058307,7.518834981901108,56.53287948505984,7.518834981901108,total predictive variance including learned WhiteKernel nugget,3.157025225535448,3.144481920949995,3.144481920949995,101.42801733908894,114.8019055873286,93.3780448986826,122.85187802773494,True,True,"1.59**2 * Matern(length_scale=3.15, nu=2.5) + WhiteKernel(noise_level=0.136)",2.5198115000184154,3.152559159950013,0.13595516579024153,0.3687209863707808,44.89314038700153,6.700234353140309,0.3687209863707808,0.08364191046097513,80.106185,False,1e-08,numerical jitter only; separate from WhiteKernel nugget,240,241,True,False,False,False,True,True,False,"[""P"",""VX"",""LS"",""ST""]",79.60424781249584,18.171556816141308,"[157.88444100606543,0.6178864145250709,64.62116958689086,348.5158615146416]","[52.87959236119533,0.24045243829615678,13.38428850250397,32.49313976674977]",FC488EAD9DD9FA15EE5FFBD8CA8B46775F96F27BF65E0347202F32581432912B,228.907235932,0.414638318501,79.59173324129999,340.25610662,850964750,fmin_l_bfgs_b,1,-163.29827391466333,1.4678653000155464,0,0,,completed_without_convergence_warning,False,False,,False,,False,,False
phase4_new_response_compact,Phase 3B,F7F71204D643D1027D0FF4736F24213619BF6A09C2361C3C11F169797AC98A9C,944FFDF12B36D558FD8E5E53911BBA42AFDAA7B3B4676E82EAF7F6253420B58A,total_height,T0 total vertical melt-pool height,T0,matern52_learned_nugget,Matérn 5/2 + learned nugget,Matern,2.5,True,225,sim_00227,227,86.9659,85.96853401438062,0.997365985619382,0.997365985619382,0.9947389092705212,3.002852053353635,9.017120454330144,7.335812307456587,53.81414221023154,7.335812307456587,total predictive variance including learned WhiteKernel nugget,2.073659401230041,2.920949038595157,2.920949038595157,80.0829439898075,91.85412403895374,71.59034189176572,100.34672613699553,True,True,"1.56**2 * Matern(length_scale=3.12, nu=2.5) + WhiteKernel(noise_level=0.134)",2.4480526690106372,3.12135879597509,0.13388012725925996,0.36589633403364397,44.79702175590139,6.69305772841542,0.36589633403364397,0.08355232156437634,80.106185,False,1e-08,numerical jitter only; separate from WhiteKernel nugget,240,241,True,False,False,False,True,True,False,"[""P"",""VX"",""LS"",""ST""]",79.71258158332917,18.292224069673235,"[157.86177954221543,0.615980357854521,64.66089415568753,348.5453346659832]","[52.84797596576663,0.2402428236626824,13.41447983041696,32.482424497361244]",B7EAF56E9DABFD7FA28A34AF371C4F9EA49ABF4E2208BDD810AC44AF7A65EC59,234.345987256,0.872091919433,70.0578367301,333.182550298,3338218354,fmin_l_bfgs_b,1,-161.90192535648163,1.136343799997121,0,0,,completed_without_convergence_warning,False,False,,False,,False,,False
phase4_new_response_compact,Phase 3B,F7F71204D643D1027D0FF4736F24213619BF6A09C2361C3C11F169797AC98A9C,944FFDF12B36D558FD8E5E53911BBA42AFDAA7B3B4676E82EAF7F6253420B58A,total_height,T0 total vertical melt-pool height,T0,matern52_learned_nugget,Matérn 5/2 + learned nugget,Matern,2.5,True,226,sim_00228,228,101.141775,104.13951800428387,-2.997743004283876,2.997743004283876,8.98646311973292,2.8732109106960895,8.255340937343052,7.282713498937732,53.037915907609865,7.282713498937732,total predictive variance including learned WhiteKernel nugget,2.518650489702715,2.989159406972622,2.989159406972622,98.50802461931954,109.7710113892482,89.86539954636592,118.41363646220182,True,True,"1.57**2 * Matern(length_scale=3.12, nu=2.5) + WhiteKernel(noise_level=0.135)",2.457495702629046,3.1183583649594615,0.13451944954304873,0.36676893208537814,44.7825749702668,6.691978404796806,0.36676893208537814,0.08353884790290295,80.106185,False,1e-08,numerical jitter only; separate from WhiteKernel nugget,240,241,True,False,False,False,True,True,False,"[""P"",""VX"",""LS"",""ST""]",79.65351543749583,18.24576134828949,"[157.85534325234042,0.6169952006150334,64.65708699370627,348.47700434460404]","[52.8385657544794,0.24080746031848257,13.412817820325758,32.497417625151265]",280665B0F36192BD8EFA45F921A136D42E001A74FD3742C801A5B19635A85818,235.890696826,0.62852965691,70.9715556056,349.581827429,4150120647,fmin_l_bfgs_b,1,-162.48238151907952,0.8880908999126405,0,0,,completed_without_convergence_warning,False,False,,False,,False,,False
phase4_new_response_compact,Phase 3B,F7F71204D643D1027D0FF4736F24213619BF6A09C2361C3C11F169797AC98A9C,944FFDF12B36D558FD8E5E53911BBA42AFDAA7B3B4676E82EAF7F6253420B58A,total_height,T0 total vertical melt-pool height,T0,matern52_learned_nugget,Matérn 5/2 + learned nugget,Matern,2.5,True,227,sim_00229,229,102.6469099999,105.71083941095809,-3.0639294110580835,3.0639294110580835,9.387663435946735,3.4045292276917523,11.590819262207399,7.507243426980743,56.35870387194557,7.507243426980743,total predictive variance including learned WhiteKernel nugget,2.5490063731159416,3.0180918258762595,3.0180918258762595,99.03796212468225,112.38371669723392,90.99664229407583,120.42503652784035,True,True,"1.57**2 * Matern(length_scale=3.13, nu=2.5) + WhiteKernel(noise_level=0.135)",2.4790665022669813,3.1273065098067394,0.13458811693617914,0.3668625313876836,44.767884609738175,6.690880705089441,0.3668625313876836,0.0835251448448012,80.106185,False,1e-08,numerical jitter only; separate from WhiteKernel nugget,240,241,True,False,False,False,True,True,False,"[""P"",""VX"",""LS"",""ST""]",79.6472440416629,18.238114096254826,"[157.85402915561124,0.6171801303086376,64.60139418693753,348.60088894933324]","[52.83662103895139,0.240799204971704,13.358623953754961,32.44467862656493]",783E1B244BBB65F8180799D54779CFF6A0891969EB837BEFAB1C8D98B2D90087,236.206080041,0.584146530445,84.3378292301,319.849522294,3809943374,fmin_l_bfgs_b,1,-162.6124875088367,0.9489687000168487,0,0,,completed_without_convergence_warning,False,False,,False,,False,,False
phase4_new_response_compact,Phase 3B,F7F71204D643D1027D0FF4736F24213619BF6A09C2361C3C11F169797AC98A9C,944FFDF12B36D558FD8E5E53911BBA42AFDAA7B3B4676E82EAF7F6253420B58A,total_height,T0 total vertical melt-pool height,T0,matern52_learned_nugget,Matérn 5/2 + learned nugget,Matern,2.5,True,228,sim_00230,230,115.5033299999,97.92324419748986,17.58008580241014,17.58008580241014,309.0594168201025,7.227073451005733,52.23059066623192,9.84358957361377,96.89625569375771,9.84358957361377,total predictive variance including learned WhiteKernel nugget,5.855378124564419,4.800554429116854,4.800554429116854,83.75818023351863,112.0883081614611,78.62980863320688,117.21667976177285,False,True,"1.55**2 * Matern(length_scale=3.14, nu=2.5) + WhiteKernel(noise_level=0.136)",2.404108410846895,3.1409694629780036,0.13556694430678265,0.3681941665844024,44.66566502752578,6.683237615671449,0.3681941665844024,0.08342973286858499,80.106185,False,1e-08,numerical jitter only; separate from WhiteKernel nugget,240,241,True,False,False,False,True,True,False,"[""P"",""VX"",""LS"",""ST""]",79.59367562499625,18.15139462330245,"[157.8368924565779,0.618109828792821,64.75050615120585,348.27312443331243]","[52.81053264424694,0.24023848312694243,13.378349153042688,32.335955196121745]",C425BB404F8C1E0DC61C563FC26EE72525C4ADA69994406169A625A5594C8BB7,240.318887809,0.361018894241,48.5509578057,398.513006139,3182647957,fmin_l_bfgs_b,1,-161.97571840633157,1.075396400061436,0,0,,completed_without_convergence_warning,False,False,,False,,False,,False
phase4_new_response_compact,Phase 3B,F7F71204D643D1027D0FF4736F24213619BF6A09C2361C3C11F169797AC98A9C,944FFDF12B36D558FD8E5E53911BBA42AFDAA7B3B4676E82EAF7F6253420B58A,total_height,T0 total vertical melt-pool height,T0,matern52_learned_nugget,Matérn 5/2 + learned nugget,Matern,2.5,True,229,sim_00231,231,81.77637,78.76479093353687,3.0115790664631277,3.0115790664631277,9.069608473558924,4.492168935365557,20.17958174386332,8.058649657156295,64.94183429678526,8.058649657156295,total predictive variance including learned WhiteKernel nugget,2.645996587152577,3.075513245086048,3.075513245086048,69.96013982022038,87.56944204685337,62.969837605510534,94.55974426156321,True,True,"1.57**2 * Matern(length_scale=3.14, nu=2.5) + WhiteKernel(noise_level=0.134)",2.47600488903388,3.1389742258153435,0.13369590543095622,0.36564450690658024,44.762252552921936,6.690459816254928,0.36564450690658024,0.08351989070825092,80.106185,False,1e-08,numerical jitter only; separate from WhiteKernel nugget,240,241,True,False,False,False,True,True,False,"[""P"",""VX"",""LS"",""ST""]",79.73420462499583,18.297717290647817,"[157.82436666426958,0.615454401880146,64.71523495478294,348.5287779879916]","[52.79060751378189,0.2395423548248178,13.409815925486441,32.48923746089142]",EF6D7B1414C8784666BBCDD48FA3D6B3C9208801FE58584F15359961C05F706F,243.325077963,0.998321353283,57.0160449472,337.156153016,375857060,fmin_l_bfgs_b,1,-161.61325512086867,1.18860729993321,0,0,,completed_without_convergence_warning,False,False,,False,,False,,False
phase4_new_response_compact,Phase 3B,F7F71204D643D1027D0FF4736F24213619BF6A09C2361C3C11F169797AC98A9C,944FFDF12B36D558FD8E5E53911BBA42AFDAA7B3B4676E82EAF7F6253420B58A,total_height,T0 total vertical melt-pool height,T0,matern52_learned_nugget,Matérn 5/2 + learned nugget,Matern,2.5,True,230,sim_00232,232,94.311225,96.81903969860223,-2.507814698602232,2.507814698602232,6.289134562525403,6.0964017004360995,37.16611369308016,9.052360998854805,81.94523965358756,9.052360998854805,total predictive variance including learned WhiteKernel nugget,2.8112456954054794,3.160338148734245,3.160338148734245,84.87009236574747,108.76798703145698,79.0764121408468,114.56166725635765,True,True,"1.58**2 * Matern(length_scale=3.14, nu=2.5) + WhiteKernel(noise_level=0.134)",2.4922237820757753,3.1370895574771036,0.13409504103743344,0.3661898975087017,44.779125960507415,6.691720702517957,0.3661898975087017,0.08353563089439295,80.106185,False,1e-08,numerical jitter only; separate from WhiteKernel nugget,240,241,True,False,False,False,True,True,False,"[""P"",""VX"",""LS"",""ST""]",79.68197606249583,18.27390855958538,"[157.81197857196958,0.6166204077982209,64.74948870477961,348.63456040324576]","[52.77018926670025,0.24071920092781016,13.379571776530351,32.410611421966394]",C277B27BD15B1BFB618F04CE9DCA2C06B7ECDD53CB472E93D6875255CA2FE183,246.298220115,0.718479932945,48.795144948,311.768373355,3140445381,fmin_l_bfgs_b,1,-161.9924709638165,0.9885519999079406,0,0,,completed_without_convergence_warning,False,False,,False,,False,,False
phase4_new_response_compact,Phase 3B,F7F71204D643D1027D0FF4736F24213619BF6A09C2361C3C11F169797AC98A9C,944FFDF12B36D558FD8E5E53911BBA42AFDAA7B3B4676E82EAF7F6253420B58A,total_height,T0 total vertical melt-pool height,T0,matern52_learned_nugget,Matérn 5/2 + learned nugget,Matern,2.5,True,231,sim_00233,233,89.22604000000001,87.18513603062073,2.0409039693792863,2.0409039693792863,4.1652890122281265,5.120062629055014,26.215041325445743,8.42498192319646,70.98032040618713,8.42498192319646,total predictive variance including learned WhiteKernel nugget,2.631549843862754,3.079481017743107,3.079481017743107,77.1498132776729,97.22045878356855,70.67217146115567,103.69810060008578,True,True,"1.57**2 * Matern(length_scale=3.13, nu=2.5) + WhiteKernel(noise_level=0.134)",2.456287548020799,3.1273735578074886,0.13384845848656812,0.36585305586610606,44.765279080741394,6.690685994779712,0.36585305586610606,0.08352271419216521,80.106185,False,1e-08,numerical jitter only; separate from WhiteKernel nugget,240,241,True,False,False,False,True,True,False,"[""P"",""VX"",""LS"",""ST""]",79.70316433332916,18.287905178051464,"[157.80954508784873,0.6158134693145,64.59740823824794,348.5923324006916]","[52.766095064457005,0.2400508651767281,13.352590315979322,32.45198840464536]",D3D5315D57DD3D7F06C00C4F1DE6E10BA3221E53759DFEF4E998F1B42786D70B,246.882256304,0.912145169038,85.2944569156,321.903093968,2919785273,fmin_l_bfgs_b,1,-161.83223422167654,0.8392869000090286,0,0,,completed_without_convergence_warning,False,False,,False,,False,,False
phase4_new_response_compact,Phase 3B,F7F71204D643D1027D0FF4736F24213619BF6A09C2361C3C11F169797AC98A9C,944FFDF12B36D558FD8E5E53911BBA42AFDAA7B3B4676E82EAF7F6253420B58A,total_height,T0 total vertical melt-pool height,T0,matern52_learned_nugget,Matérn 5/2 + learned nugget,Matern,2.5,True,232,sim_00234,234,50.59026,50.3547040149392,0.2355559850607989,0.2355559850607989,0.05548662209796331,4.4087623557312785,19.437185509313213,8.014669368973411,64.23492509396065,8.014669368973411,total predictive variance including learned WhiteKernel nugget,2.4039598700170237,3.000643970727337,3.000643970727337,41.713529797705895,58.99587823217251,34.645952051751316,66.06345597812708,True,True,"1.57**2 * Matern(length_scale=3.12, nu=2.5) + WhiteKernel(noise_level=0.135)",2.4761693855475575,3.1197324084598956,0.13523114733123748,0.36773787856466117,44.79773958464745,6.693111353073954,0.36773787856466117,0.08355299098407888,80.106185,False,1e-08,numerical jitter only; separate from WhiteKernel nugget,240,241,True,False,False,False,True,True,False,"[""P"",""VX"",""LS"",""ST""]",79.86414674999583,18.20076675048603,"[158.51864360260166,0.6167548555953125,64.68591809488377,348.2954323278749]","[52.81480524658323,0.2407670386623065,13.41892175403414,32.368743544551194]",9425A3C43AC6C42B862919C6540C2F9F9D8E19E941047CB6D1F6222A4ED10D84,76.6986127633,0.686212461643,64.052091323,393.159111444,3392634094,fmin_l_bfgs_b,1,-163.12298652950608,1.0115055000642315,0,0,,completed_without_convergence_warning,False,False,,False,,False,,False
phase4_new_response_compact,Phase 3B,F7F71204D643D1027D0FF4736F24213619BF6A09C2361C3C11F169797AC98A9C,944FFDF12B36D558FD8E5E53911BBA42AFDAA7B3B4676E82EAF7F6253420B58A,total_height,T0 total vertical melt-pool height,T0,matern52_learned_nugget,Matérn 5/2 + learned nugget,Matern,2.5,True,233,sim_00235,235,46.484825,53.39209915005525,-6.907274150055251,6.907274150055251,47.71043618402149,4.743602884042518,22.5017683214965,8.209603201623347,67.3975847281043,8.209603201623347,total predictive variance including learned WhiteKernel nugget,3.5358840782305325,3.3781907946012666,3.3781907946012666,44.09463749733192,62.68956080277859,37.301276874873494,69.48292142523701,True,True,"1.58**2 * Matern(length_scale=3.15, nu=2.5) + WhiteKernel(noise_level=0.136)",2.499062900366287,3.149075834128559,0.13596722445351977,0.36873733802467,44.895816406607814,6.700434046135206,0.36873733802467,0.08364440331461555,80.106185,False,1e-08,numerical jitter only; separate from WhiteKernel nugget,240,241,True,False,False,False,True,True,False,"[""P"",""VX"",""LS"",""ST""]",79.8812527291625,18.171292557541108,"[158.51059130663083,0.616452011171575,64.65103979229461,348.2843310481374]","[52.827130388953265,0.24063373403435953,13.409642020233674,32.352894301620616]",FB06B7EC22224B2698365C33B1807CFBB7D5E42E5EA67C4F8E4E3AC6BB40A6C8,78.6311637963,0.75889512334,72.4228839444,395.823418581,1124555012,fmin_l_bfgs_b,1,-163.13976822534184,1.3876802999293432,0,0,,completed_without_convergence_warning,False,False,,False,,False,,False
phase4_new_response_compact,Phase 3B,F7F71204D643D1027D0FF4736F24213619BF6A09C2361C3C11F169797AC98A9C,944FFDF12B36D558FD8E5E53911BBA42AFDAA7B3B4676E82EAF7F6253420B58A,total_height,T0 total vertical melt-pool height,T0,matern52_learned_nugget,Matérn 5/2 + learned nugget,Matern,2.5,True,234,sim_00236,236,59.769775,67.4883252819262,-7.718550281926191,7.718550281926191,59.57601845462289,7.1785791196905535,51.5319981776572,9.800393046524599,96.04770386636771,9.800393046524599,total predictive variance including learned WhiteKernel nugget,3.4680887931558653,3.5114986755138062,3.5114986755138062,53.41831020733271,81.55834035651968,48.279554910737986,86.6970956531144,True,True,"1.56**2 * Matern(length_scale=3.11, nu=2.5) + WhiteKernel(noise_level=0.134)",2.4451275576539264,3.106718621284147,0.13361872994950533,0.3655389581829895,44.51570568871052,6.6720091193515705,0.3655389581829895,0.08328956271418457,80.106185,False,1e-08,numerical jitter only; separate from WhiteKernel nugget,240,241,True,False,False,False,True,True,False,"[""P"",""VX"",""LS"",""ST""]",79.82589877082916,18.252525401168185,"[158.50249565956167,0.6179338674462209,64.57903519995628,348.2767709148374]","[52.83922086308654,0.24041119560433158,13.321027692841334,32.341570640757055]",0303524D730BF449180710B5C692728287698208BBB6AAC7B5008C698F408A39,80.5741190929,0.403249617425,89.7039861056,397.637850573,3365199813,fmin_l_bfgs_b,1,-161.97725223634365,0.8594771000789478,0,0,,completed_without_convergence_warning,False,False,,False,,False,,False
phase4_new_response_compact,Phase 3B,F7F71204D643D1027D0FF4736F24213619BF6A09C2361C3C11F169797AC98A9C,944FFDF12B36D558FD8E5E53911BBA42AFDAA7B3B4676E82EAF7F6253420B58A,total_height,T0 total vertical melt-pool height,T0,matern52_learned_nugget,Matérn 5/2 + learned nugget,Matern,2.5,True,235,sim_00237,237,63.77413,62.6263265234351,1.1478034765649028,1.1478034765649028,1.3174528208144773,2.737722737010744,7.495125784745601,7.2354956859162485,52.35239782091264,7.2354956859162485,total predictive variance including learned WhiteKernel nugget,2.013952295762463,2.9105199483331883,2.9105199483331883,57.26038995889404,67.99226308797616,48.444754979039246,76.80789806783095,True,True,"1.57**2 * Matern(length_scale=3.13, nu=2.5) + WhiteKernel(noise_level=0.134)",2.465885746271162,3.1282379655241894,0.13440104940611824,0.36660748683860545,44.85727203616704,6.697557169309348,0.36660748683860545,0.08360849002245392,80.106185,False,1e-08,numerical jitter only; separate from WhiteKernel nugget,240,241,True,False,False,False,True,True,False,"[""P"",""VX"",""LS"",""ST""]",79.80921395832917,18.26901361743839,"[158.45701358603415,0.617626062146375,64.62905292752127,348.4710503751332]","[52.90154451943562,0.24063846646592962,13.392544096711275,32.49708375758231]",90BB51C2781A70D46D74320CA2F471F04549838186B7973CA6174E9ACC4FEF25,91.4898167395,0.477122889388,77.69973149,351.010780102,2806171122,fmin_l_bfgs_b,1,-162.2656569830594,1.9862302000401542,0,0,,completed_without_convergence_warning,False,False,,False,,False,,False
phase4_new_response_compact,Phase 3B,F7F71204D643D1027D0FF4736F24213619BF6A09C2361C3C11F169797AC98A9C,944FFDF12B36D558FD8E5E53911BBA42AFDAA7B3B4676E82EAF7F6253420B58A,total_height,T0 total vertical melt-pool height,T0,matern52_learned_nugget,Matérn 5/2 + learned nugget,Matern,2.5,True,236,sim_00238,238,69.83881499999998,66.25101789860312,3.587797101396859,3.587797101396859,12.872288040791704,4.603177171279362,21.189240070187466,8.117706703530832,65.89716212454941,8.117706703530832,total predictive variance including learned WhiteKernel nugget,2.7494311511151017,3.110655739179589,3.110655739179589,57.228790642895575,75.27324515431067,50.34031275968269,82.16172303752356,True,True,"1.56**2 * Matern(length_scale=3.11, nu=2.5) + WhiteKernel(noise_level=0.134)",2.437324280390459,3.111277012850651,0.13369059549278217,0.3656372457679635,44.70792205436192,6.686398287146969,0.3656372457679635,0.0834691888915565,80.106185,False,1e-08,numerical jitter only; separate from WhiteKernel nugget,240,241,True,False,False,False,True,True,False,"[""P"",""VX"",""LS"",""ST""]",79.78394443749583,18.28697257880072,"[158.45367054881999,0.617840816041496,64.76401373217212,348.4478110022999]","[52.905750791504964,0.24048993658794285,13.360337609721272,32.49326472976987]",87192CE85D5E234944A7B82C8E40EEF7195765DFC3F4ABBE6CF22C65B14DFE5D,92.2921456709,0.425581954559,45.3091383738,356.588229582,3423600344,fmin_l_bfgs_b,1,-161.83860047376567,1.5737629000796005,0,0,,completed_without_convergence_warning,False,False,,False,,False,,False
phase4_new_response_compact,Phase 3B,F7F71204D643D1027D0FF4736F24213619BF6A09C2361C3C11F169797AC98A9C,944FFDF12B36D558FD8E5E53911BBA42AFDAA7B3B4676E82EAF7F6253420B58A,total_height,T0 total vertical melt-pool height,T0,matern52_learned_nugget,Matérn 5/2 + learned nugget,Matern,2.5,True,237,sim_00239,239,47.62273999999999,49.87964604859448,-2.2569060485944874,2.2569060485944874,5.093624912182383,5.014494526480404,25.145155356101935,8.35685503165859,69.8370260201575,8.35685503165859,total predictive variance including learned WhiteKernel nugget,2.632555576417895,3.078488636871644,3.078488636871644,40.05123677669289,59.70805532049607,33.50021018654364,66.25908191064532,True,True,"1.57**2 * Matern(length_scale=3.11, nu=2.5) + WhiteKernel(noise_level=0.135)",2.4618545883015592,3.106911874841441,0.13522210287302067,0.3677255809336912,44.69187066405554,6.6851978777038115,0.3677255809336912,0.0834542036635974,80.106185,False,1e-08,numerical jitter only; separate from WhiteKernel nugget,240,241,True,False,False,False,True,True,False,"[""P"",""VX"",""LS"",""ST""]",79.8765114166625,18.17985537130553,"[158.45089686620793,0.6158239914197751,64.68305741524753,348.64398118880405]","[52.909201797666,0.2400637983048146,13.418983388132117,32.39956368257601]",B9331600953FC776FEA3A6B0527ED69A848FE5E51F75047B0E7A9D4BA6B883C4,92.9578294978,0.909619863772,64.7386544357,309.507384821,3720026985,fmin_l_bfgs_b,1,-163.25457787868243,1.349200600059703,0,0,,completed_without_convergence_warning,False,False,,False,,False,,False
phase4_new_response_compact,Phase 3B,F7F71204D643D1027D0FF4736F24213619BF6A09C2361C3C11F169797AC98A9C,944FFDF12B36D558FD8E5E53911BBA42AFDAA7B3B4676E82EAF7F6253420B58A,total_height,T0 total vertical melt-pool height,T0,matern52_learned_nugget,Matérn 5/2 + learned nugget,Matern,2.5,True,238,sim_00240,240,55.37614,53.741699440219776,1.6344405597802236,1.6344405597802236,2.671395943454691,2.813096163199082,7.913510023405396,7.261473332542767,52.72899495922976,7.261473332542767,total predictive variance including learned WhiteKernel nugget,2.1220112923217798,2.9268526553317935,2.9268526553317935,48.22803096034958,59.255367920089974,39.509211708435956,67.9741871720036,True,True,"1.57**2 * Matern(length_scale=3.12, nu=2.5) + WhiteKernel(noise_level=0.135)",2.4711036776899635,3.1224003051298985,0.13484847010959916,0.3672171974589414,44.81548493582437,6.694436864727635,0.3672171974589414,0.08356953791679925,80.106185,False,1e-08,numerical jitter only; separate from WhiteKernel nugget,240,241,True,False,False,False,True,True,False,"[""P"",""VX"",""LS"",""ST""]",79.84420558332916,18.23018342019818,"[158.44764099373833,0.6164355620867834,64.71817644964544,348.47543493644156]","[52.91320774859611,0.24062386130579963,13.408049212068322,32.497355136589846]",7645D5835C25FAF023652B858F0219B215341963CBBB8760D2179A29047DF6DB,93.7392388905,0.76284290369,56.3100861802,349.958485388,1670812953,fmin_l_bfgs_b,1,-162.75046479640088,1.5595262000570074,0,0,,completed_without_convergence_warning,False,False,,False,,False,,False
phase4_new_response_compact,Phase 3B,F7F71204D643D1027D0FF4736F24213619BF6A09C2361C3C11F169797AC98A9C,944FFDF12B36D558FD8E5E53911BBA42AFDAA7B3B4676E82EAF7F6253420B58A,total_height,T0 total vertical melt-pool height,T0,matern52_learned_nugget,Matérn 5/2 + learned nugget,Matern,2.5,True,239,sim_00241,241,49.11556,54.25723776998395,-5.14167776998395,5.14167776998395,26.436850290347124,3.6315696592702014,13.188298190131887,7.616558157470952,58.011958166137305,7.616558157470952,total predictive variance including learned WhiteKernel nugget,3.21088787121474,3.1771200188442883,3.1771200188442883,47.139361237814356,61.37511430215355,39.32878378134089,69.18569175862702,True,True,"1.58**2 * Matern(length_scale=3.14, nu=2.5) + WhiteKernel(noise_level=0.135)",2.5051063807294787,3.143337355536223,0.13546022176441125,0.3680492110634273,44.82365997600542,6.695047421490413,0.3680492110634273,0.08357715975976653,80.106185,False,1e-08,numerical jitter only; separate from WhiteKernel nugget,240,241,True,False,False,False,True,True,False,"[""P"",""VX"",""LS"",""ST""]",79.87029133332916,18.190631090190355,"[158.43170163525332,0.6162781809601917,64.58850915942335,348.49587678100403]","[52.932118282413704,0.2405156748314055,13.338073817182401,32.49673855967799]",3EDC7163695D59A3C6A2A64210A9F1092E8C2DD5B42EDDD25E902F0D41D63CB2,97.5646849269,0.800614374072,87.43023583349999,345.052442693,2521656560,fmin_l_bfgs_b,1,-163.06082728212033,0.8276747999479994,0,0,,completed_without_convergence_warning,False,False,,False,,False,,False
phase4_new_response_compact,Phase 3B,F7F71204D643D1027D0FF4736F24213619BF6A09C2361C3C11F169797AC98A9C,944FFDF12B36D558FD8E5E53911BBA42AFDAA7B3B4676E82EAF7F6253420B58A,total_height,T0 total vertical melt-pool height,T0,matern52_learned_nugget,Matérn 5/2 + learned nugget,Matern,2.5,True,240,sim_00242,242,49.57964,60.71670123724131,-11.137061237241312,11.137061237241312,124.03413300206299,4.725538760748538,22.33071657933683,8.147801950130921,66.38667661855723,8.147801950130921,total predictive variance including learned WhiteKernel nugget,5.249129086031543,3.9508661363029765,3.9508661363029765,51.454645266174175,69.97875720830845,44.7470094149847,76.68639305949792,False,True,"1.57**2 * Matern(length_scale=3.09, nu=2.5) + WhiteKernel(noise_level=0.133)",2.4670234708325904,3.0933084600911824,0.1330927025208246,0.36481872556219563,44.0559600392204,6.637466387050137,0.36481872556219563,0.0828583509132302,80.106185,False,1e-08,numerical jitter only; separate from WhiteKernel nugget,240,241,True,False,False,False,True,True,False,"[""P"",""VX"",""LS"",""ST""]",79.86835766666249,18.193875264548495,"[158.43013559788167,0.6158087918710167,64.64078875030752,348.3052237016916]","[52.933913466351264,0.2400450800367028,13.402754750374159,32.38195497260267]",8AFC6138EB18B1AD7CF6774F5C1F7C2327135783AC05827F5D83E317671023E7,97.9405338961,0.913267755474,74.88313402130001,390.809181728,3442468198,fmin_l_bfgs_b,1,-162.22065709444652,1.0303443999728188,0,0,,completed_without_convergence_warning,False,False,,False,,False,,False
